2026/06/15 15:21:45 - mmengine - INFO - 
------------------------------------------------------------
System environment:
    sys.platform: linux
    Python: 3.12.13 | packaged by Anaconda, Inc. | (main, Mar 19 2026, 20:20:58) [GCC 14.3.0]
    CUDA available: True
    MUSA available: False
    numpy_random_seed: 1079928607
    GPU 0: NVIDIA A40
    CUDA_HOME: /home/users_model/miniconda3/envs/mmseg_dino
    NVCC: Cuda compilation tools, release 12.9, V12.9.86
    GCC: gcc (Ubuntu 9.4.0-1ubuntu1~20.04.2) 9.4.0
    PyTorch: 2.7.1
    PyTorch compiling details: PyTorch built with:
  - GCC 14.3
  - C++ Version: 201703
  - Intel(R) oneAPI Math Kernel Library Version 2024.2.2-Product Build 20240823 for Intel(R) 64 architecture applications
  - Intel(R) MKL-DNN v3.7.1 (Git Hash d21fc6dbb4db827872fc8cf05e70f6771bd4937b)
  - OpenMP 201511 (a.k.a. OpenMP 4.5)
  - LAPACK is enabled (usually provided by MKL)
  - NNPACK is enabled
  - CPU capability usage: AVX512
  - CUDA Runtime 12.9
  - NVCC architecture flags: -gencode;arch=compute_50,code=sm_50;-gencode;arch=compute_60,code=sm_60;-gencode;arch=compute_70,code=sm_70;-gencode;arch=compute_75,code=sm_75;-gencode;arch=compute_80,code=sm_80;-gencode;arch=compute_86,code=sm_86;-gencode;arch=compute_90,code=sm_90;-gencode;arch=compute_100,code=sm_100;-gencode;arch=compute_120,code=sm_120;-gencode;arch=compute_120,code=compute_120
  - CuDNN 91.0.2
    - Built with CuDNN 91.0.1
  - Magma 2.9.0
  - Build settings: BLAS_INFO=mkl, BUILD_TYPE=Release, COMMIT_SHA=Unknown, CUDA_VERSION=12.9, CUDNN_VERSION=9.10.1, CXX_COMPILER=/home/conda/feedstock_root/build_artifacts/libtorch_1753846581042/_build_env/bin/x86_64-conda-linux-gnu-c++, CXX_FLAGS=-fmessage-length=0 -march=nocona -mtune=haswell -ftree-vectorize -fPIC -fstack-protector-strong -fno-plt -O2 -ffunction-sections -pipe -isystem /home/conda/feedstock_root/build_artifacts/libtorch_1753846581042/_h_env_placehold_placehold_placehold_placehold_placehold_placehold_placehold_placehold_placehold_placehold_placehold_placehold_placehold_placehold_placehold_placehold_placehold_placehold_pl/include -fdebug-prefix-map=/home/conda/feedstock_root/build_artifacts/libtorch_1753846581042/work=/usr/local/src/conda/libtorch-2.7.1 -fdebug-prefix-map=/home/conda/feedstock_root/build_artifacts/libtorch_1753846581042/_h_env_placehold_placehold_placehold_placehold_placehold_placehold_placehold_placehold_placehold_placehold_placehold_placehold_placehold_placehold_placehold_placehold_placehold_placehold_pl=/usr/local/src/conda-prefix -I/home/conda/feedstock_root/build_artifacts/libtorch_1753846581042/_h_env_placehold_placehold_placehold_placehold_placehold_placehold_placehold_placehold_placehold_placehold_placehold_placehold_placehold_placehold_placehold_placehold_placehold_placehold_pl/targets/x86_64-linux/include -I/home/conda/feedstock_root/build_artifacts/libtorch_1753846581042/_build_env/targets/x86_64-linux/include -w -Wno-deprecated-declarations -Wno-error=maybe-uninitialized -D_GLIBCXX_USE_CXX11_ABI=1 -fvisibility-inlines-hidden -DUSE_PTHREADPOOL -DNDEBUG -DUSE_KINETO -DLIBKINETO_NOROCTRACER -DLIBKINETO_NOXPUPTI=ON -DUSE_FBGEMM -DUSE_PYTORCH_QNNPACK -DUSE_XNNPACK -DSYMBOLICATE_MOBILE_DEBUG_HANDLE -O2 -fPIC -Wall -Wextra -Werror=return-type -Werror=non-virtual-dtor -Werror=range-loop-construct -Werror=bool-operation -Wnarrowing -Wno-missing-field-initializers -Wno-unknown-pragmas -Wno-unused-parameter -Wno-strict-overflow -Wno-strict-aliasing -Wno-stringop-overflow -Wsuggest-override -Wno-psabi -Wno-error=old-style-cast -fdiagnostics-color=always -faligned-new -Wno-maybe-uninitialized -fno-math-errno -fno-trapping-math -Werror=format -Wno-dangling-reference -Wno-error=dangling-reference -Wno-error=redundant-move -Wno-stringop-overflow, LAPACK_INFO=mkl, PERF_WITH_AVX=1, PERF_WITH_AVX2=1, TORCH_VERSION=2.7.1, USE_CUDA=1, USE_CUDNN=ON, USE_CUSPARSELT=OFF, USE_GFLAGS=OFF, USE_GLOG=OFF, USE_GLOO=ON, USE_MKL=ON, USE_MKLDNN=1, USE_MPI=OFF, USE_NCCL=ON, USE_NNPACK=ON, USE_OPENMP=ON, USE_ROCM=OFF, USE_ROCM_KERNEL_ASSERT=OFF, 

    TorchVision: 0.22.1
    OpenCV: 4.13.0
    MMEngine: 0.10.7

Runtime environment:
    cudnn_benchmark: True
    mp_cfg: {'mp_start_method': 'fork', 'opencv_num_threads': 0}
    dist_cfg: {'backend': 'nccl'}
    seed: 1079928607
    Distributed launcher: none
    Distributed training: False
    GPU number: 1
------------------------------------------------------------

2026/06/15 15:21:45 - mmengine - INFO - Config:
DINO_CKPT = '/mnt/ht2_nas2/00-model/00-fb/mmseg_data/weights/dinov3_vitl16_pretrain_sat493m-eadcf0ff.pth'
PASTIS_ROOT = '/mnt/ht2_nas2/00-model/00-fb/mmseg_data/PASTIS-R'
auto_scale_lr = dict(base_batch_size=16, enable=False)
crop_size = (
    512,
    512,
)
custom_imports = dict(
    allow_failed_imports=False,
    imports=[
        'custom_models.dinov3_backbone_v2',
        'custom_datasets.pastis',
    ])
data_preprocessor = dict(
    bgr_to_rgb=False,
    mean=None,
    pad_val=0,
    seg_pad_val=255,
    size=(
        256,
        256,
    ),
    std=None,
    test_cfg=dict(size_divisor=32),
    type='SegDataPreProcessor')
data_root = 'data/ade/ADEChallengeData2016'
dataset_type = 'ADE20KDataset'
default_hooks = dict(
    checkpoint=dict(
        by_epoch=False,
        interval=1000,
        max_keep_ckpts=3,
        save_best='mIoU',
        type='CheckpointHook'),
    logger=dict(interval=50, log_metric_by_epoch=False, type='LoggerHook'),
    param_scheduler=dict(type='ParamSchedulerHook'),
    sampler_seed=dict(type='DistSamplerSeedHook'),
    timer=dict(type='IterTimerHook'),
    visualization=dict(type='SegVisualizationHook'))
default_scope = 'mmseg'
embed_multi = dict(decay_mult=0.0, lr_mult=1.0)
env_cfg = dict(
    cudnn_benchmark=True,
    dist_cfg=dict(backend='nccl'),
    mp_cfg=dict(mp_start_method='fork', opencv_num_threads=0))
img_ratios = [
    0.5,
    0.75,
    1.0,
    1.25,
    1.5,
    1.75,
]
img_size = 256
in_bands = 10
launcher = 'none'
load_from = None
log_level = 'INFO'
log_processor = dict(by_epoch=False)
model = dict(
    backbone=dict(
        arch='vit_large',
        checkpoint=
        '/mnt/ht2_nas2/00-model/00-fb/mmseg_data/weights/dinov3_vitl16_pretrain_sat493m-eadcf0ff.pth',
        freeze_backbone=False,
        in_bands=10,
        interaction_indexes=[
            5,
            11,
            17,
            23,
        ],
        patch_size=16,
        type='DINOv3BackboneMmseg_v2'),
    data_preprocessor=dict(
        bgr_to_rgb=False,
        mean=None,
        pad_val=0,
        seg_pad_val=255,
        size=(
            256,
            256,
        ),
        std=None,
        test_cfg=dict(size_divisor=32),
        type='SegDataPreProcessor'),
    decode_head=dict(
        align_corners=False,
        enforce_decoder_input_project=False,
        feat_channels=256,
        in_channels=[
            1024,
            1024,
            1024,
            1024,
        ],
        loss_cls=dict(
            class_weight=[
                1.0,
                1.0,
                1.0,
                1.0,
                1.0,
                1.0,
                1.0,
                1.0,
                1.0,
                1.0,
                1.0,
                1.0,
                1.0,
                1.0,
                1.0,
                1.0,
                1.0,
                1.0,
                1.0,
                0.1,
            ],
            loss_weight=2.0,
            reduction='mean',
            type='mmdet.CrossEntropyLoss',
            use_sigmoid=False),
        loss_dice=dict(
            activate=True,
            eps=1.0,
            loss_weight=5.0,
            naive_dice=True,
            reduction='mean',
            type='mmdet.DiceLoss',
            use_sigmoid=True),
        loss_mask=dict(
            loss_weight=5.0,
            reduction='mean',
            type='mmdet.CrossEntropyLoss',
            use_sigmoid=True),
        num_classes=19,
        num_queries=100,
        num_transformer_feat_level=3,
        out_channels=256,
        pixel_decoder=dict(
            act_cfg=dict(type='ReLU'),
            encoder=dict(
                init_cfg=None,
                layer_cfg=dict(
                    ffn_cfg=dict(
                        act_cfg=dict(inplace=True, type='ReLU'),
                        embed_dims=256,
                        feedforward_channels=1024,
                        ffn_drop=0.0,
                        num_fcs=2),
                    self_attn_cfg=dict(
                        batch_first=True,
                        dropout=0.0,
                        embed_dims=256,
                        im2col_step=64,
                        init_cfg=None,
                        norm_cfg=None,
                        num_heads=8,
                        num_levels=3,
                        num_points=4)),
                num_layers=6),
            init_cfg=None,
            norm_cfg=dict(num_groups=32, type='GN'),
            num_outs=3,
            positional_encoding=dict(normalize=True, num_feats=128),
            type='mmdet.MSDeformAttnPixelDecoder'),
        positional_encoding=dict(normalize=True, num_feats=128),
        strides=[
            4,
            8,
            16,
            32,
        ],
        train_cfg=dict(
            assigner=dict(
                match_costs=[
                    dict(type='mmdet.ClassificationCost', weight=2.0),
                    dict(
                        type='mmdet.CrossEntropyLossCost',
                        use_sigmoid=True,
                        weight=5.0),
                    dict(
                        eps=1.0,
                        pred_act=True,
                        type='mmdet.DiceCost',
                        weight=5.0),
                ],
                type='mmdet.HungarianAssigner'),
            importance_sample_ratio=0.75,
            num_points=12544,
            oversample_ratio=3.0,
            sampler=dict(type='mmdet.MaskPseudoSampler')),
        transformer_decoder=dict(
            init_cfg=None,
            layer_cfg=dict(
                cross_attn_cfg=dict(
                    attn_drop=0.0,
                    batch_first=True,
                    dropout_layer=None,
                    embed_dims=256,
                    num_heads=8,
                    proj_drop=0.0),
                ffn_cfg=dict(
                    act_cfg=dict(inplace=True, type='ReLU'),
                    add_identity=True,
                    dropout_layer=None,
                    embed_dims=256,
                    feedforward_channels=2048,
                    ffn_drop=0.0,
                    num_fcs=2),
                self_attn_cfg=dict(
                    attn_drop=0.0,
                    batch_first=True,
                    dropout_layer=None,
                    embed_dims=256,
                    num_heads=8,
                    proj_drop=0.0)),
            num_layers=9,
            return_intermediate=True),
        type='Mask2FormerHead'),
    test_cfg=dict(mode='whole'),
    train_cfg=dict(),
    type='EncoderDecoder')
num_classes = 19
optim_wrapper = dict(
    clip_grad=dict(max_norm=0.01, norm_type=2),
    optimizer=dict(
        betas=(
            0.9,
            0.999,
        ),
        eps=1e-08,
        lr=0.0001,
        type='AdamW',
        weight_decay=0.05),
    paramwise_cfg=dict(
        custom_keys=dict({
            'backbone.adapter.backbone':
            dict(decay_mult=1.0, lr_mult=0.1),
            'level_embed':
            dict(decay_mult=0.0, lr_mult=1.0),
            'query_embed':
            dict(decay_mult=0.0, lr_mult=1.0),
            'query_feat':
            dict(decay_mult=0.0, lr_mult=1.0)
        }),
        norm_decay_mult=0.0),
    type='OptimWrapper')
optimizer = dict(
    betas=(
        0.9,
        0.999,
    ),
    eps=1e-08,
    lr=0.0001,
    type='AdamW',
    weight_decay=0.05)
param_scheduler = [
    dict(
        begin=0, by_epoch=False, end=1500, start_factor=0.001,
        type='LinearLR'),
    dict(
        begin=1500,
        by_epoch=False,
        end=20000,
        eta_min=0,
        power=0.9,
        type='PolyLR'),
]
resume = False
test_cfg = dict(type='TestLoop')
test_dataloader = dict(
    batch_size=4,
    dataset=dict(
        data_root='/mnt/ht2_nas2/00-model/00-fb/mmseg_data/PASTIS-R',
        pipeline=[
            dict(img_size=256, num_classes=19, type='LoadPASTISRaster'),
            dict(type='PackSegInputs'),
        ],
        split='val',
        type='PASTISRasterDataset'),
    num_workers=4,
    persistent_workers=True,
    sampler=dict(shuffle=False, type='DefaultSampler'))
test_evaluator = dict(
    iou_metrics=[
        'mIoU',
    ], type='IoUMetric')
test_pipeline = [
    dict(type='LoadImageFromFile'),
    dict(keep_ratio=True, scale=(
        2048,
        512,
    ), type='Resize'),
    dict(reduce_zero_label=True, type='LoadAnnotations'),
    dict(type='PackSegInputs'),
]
train_cfg = dict(max_iters=20000, type='IterBasedTrainLoop', val_interval=1000)
train_dataloader = dict(
    batch_size=4,
    dataset=dict(
        data_root='/mnt/ht2_nas2/00-model/00-fb/mmseg_data/PASTIS-R',
        pipeline=[
            dict(img_size=256, num_classes=19, type='LoadPASTISRaster'),
            dict(
                direction=[
                    'horizontal',
                    'vertical',
                ],
                prob=0.5,
                type='RandomFlip'),
            dict(prob=0.75, type='PASTISRandomRotate90'),
            dict(type='PackSegInputs'),
        ],
        split='train',
        type='PASTISRasterDataset'),
    num_workers=4,
    persistent_workers=True,
    sampler=dict(shuffle=True, type='InfiniteSampler'))
train_pipeline = [
    dict(img_size=256, num_classes=19, type='LoadPASTISRaster'),
    dict(direction=[
        'horizontal',
        'vertical',
    ], prob=0.5, type='RandomFlip'),
    dict(prob=0.75, type='PASTISRandomRotate90'),
    dict(type='PackSegInputs'),
]
tta_model = dict(type='SegTTAModel')
tta_pipeline = [
    dict(backend_args=None, type='LoadImageFromFile'),
    dict(
        transforms=[
            [
                dict(keep_ratio=True, scale_factor=0.5, type='Resize'),
                dict(keep_ratio=True, scale_factor=0.75, type='Resize'),
                dict(keep_ratio=True, scale_factor=1.0, type='Resize'),
                dict(keep_ratio=True, scale_factor=1.25, type='Resize'),
                dict(keep_ratio=True, scale_factor=1.5, type='Resize'),
                dict(keep_ratio=True, scale_factor=1.75, type='Resize'),
            ],
            [
                dict(direction='horizontal', prob=0.0, type='RandomFlip'),
                dict(direction='horizontal', prob=1.0, type='RandomFlip'),
            ],
            [
                dict(type='LoadAnnotations'),
            ],
            [
                dict(type='PackSegInputs'),
            ],
        ],
        type='TestTimeAug'),
]
val_cfg = dict(type='ValLoop')
val_dataloader = dict(
    batch_size=4,
    dataset=dict(
        data_root='/mnt/ht2_nas2/00-model/00-fb/mmseg_data/PASTIS-R',
        pipeline=[
            dict(img_size=256, num_classes=19, type='LoadPASTISRaster'),
            dict(type='PackSegInputs'),
        ],
        split='val',
        type='PASTISRasterDataset'),
    num_workers=4,
    persistent_workers=True,
    sampler=dict(shuffle=False, type='DefaultSampler'))
val_evaluator = dict(
    iou_metrics=[
        'mIoU',
    ], type='IoUMetric')
val_pipeline = [
    dict(img_size=256, num_classes=19, type='LoadPASTISRaster'),
    dict(type='PackSegInputs'),
]
vis_backends = [
    dict(type='LocalVisBackend'),
]
visualizer = dict(
    name='visualizer',
    type='SegLocalVisualizer',
    vis_backends=[
        dict(type='LocalVisBackend'),
    ])
work_dir = './work_dirs/dinov3l_m2f_pastis_v2'

2026/06/15 15:21:52 - mmengine - INFO - Distributed training is not used, all SyncBatchNorm (SyncBN) layers in the model will be automatically reverted to BatchNormXd layers if they are used.
2026/06/15 15:21:52 - mmengine - INFO - Hooks will be executed in the following order:
before_run:
(VERY_HIGH   ) RuntimeInfoHook                    
(BELOW_NORMAL) LoggerHook                         
 -------------------- 
before_train:
(VERY_HIGH   ) RuntimeInfoHook                    
(NORMAL      ) IterTimerHook                      
(VERY_LOW    ) CheckpointHook                     
 -------------------- 
before_train_epoch:
(VERY_HIGH   ) RuntimeInfoHook                    
(NORMAL      ) IterTimerHook                      
(NORMAL      ) DistSamplerSeedHook                
 -------------------- 
before_train_iter:
(VERY_HIGH   ) RuntimeInfoHook                    
(NORMAL      ) IterTimerHook                      
 -------------------- 
after_train_iter:
(VERY_HIGH   ) RuntimeInfoHook                    
(NORMAL      ) IterTimerHook                      
(BELOW_NORMAL) LoggerHook                         
(LOW         ) ParamSchedulerHook                 
(VERY_LOW    ) CheckpointHook                     
 -------------------- 
after_train_epoch:
(NORMAL      ) IterTimerHook                      
(LOW         ) ParamSchedulerHook                 
(VERY_LOW    ) CheckpointHook                     
 -------------------- 
before_val:
(VERY_HIGH   ) RuntimeInfoHook                    
 -------------------- 
before_val_epoch:
(NORMAL      ) IterTimerHook                      
 -------------------- 
before_val_iter:
(NORMAL      ) IterTimerHook                      
 -------------------- 
after_val_iter:
(NORMAL      ) IterTimerHook                      
(NORMAL      ) SegVisualizationHook               
(BELOW_NORMAL) LoggerHook                         
 -------------------- 
after_val_epoch:
(VERY_HIGH   ) RuntimeInfoHook                    
(NORMAL      ) IterTimerHook                      
(BELOW_NORMAL) LoggerHook                         
(LOW         ) ParamSchedulerHook                 
(VERY_LOW    ) CheckpointHook                     
 -------------------- 
after_val:
(VERY_HIGH   ) RuntimeInfoHook                    
 -------------------- 
after_train:
(VERY_HIGH   ) RuntimeInfoHook                    
(VERY_LOW    ) CheckpointHook                     
 -------------------- 
before_test:
(VERY_HIGH   ) RuntimeInfoHook                    
 -------------------- 
before_test_epoch:
(NORMAL      ) IterTimerHook                      
 -------------------- 
before_test_iter:
(NORMAL      ) IterTimerHook                      
 -------------------- 
after_test_iter:
(NORMAL      ) IterTimerHook                      
(NORMAL      ) SegVisualizationHook               
(BELOW_NORMAL) LoggerHook                         
 -------------------- 
after_test_epoch:
(VERY_HIGH   ) RuntimeInfoHook                    
(NORMAL      ) IterTimerHook                      
(BELOW_NORMAL) LoggerHook                         
 -------------------- 
after_test:
(VERY_HIGH   ) RuntimeInfoHook                    
 -------------------- 
after_run:
(BELOW_NORMAL) LoggerHook                         
 -------------------- 
2026/06/15 15:21:56 - mmengine - INFO - paramwise_options -- backbone.adapter.level_embed:lr=0.0001
2026/06/15 15:21:56 - mmengine - INFO - paramwise_options -- backbone.adapter.level_embed:weight_decay=0.0
2026/06/15 15:21:56 - mmengine - INFO - paramwise_options -- backbone.adapter.level_embed:lr_mult=1.0
2026/06/15 15:21:56 - mmengine - INFO - paramwise_options -- backbone.adapter.level_embed:decay_mult=0.0
2026/06/15 15:21:56 - mmengine - INFO - paramwise_options -- backbone.adapter.backbone.cls_token:lr=1e-05
2026/06/15 15:21:56 - mmengine - INFO - paramwise_options -- backbone.adapter.backbone.cls_token:weight_decay=0.05
2026/06/15 15:21:56 - mmengine - INFO - paramwise_options -- backbone.adapter.backbone.cls_token:lr_mult=0.1
2026/06/15 15:21:56 - mmengine - INFO - paramwise_options -- backbone.adapter.backbone.cls_token:decay_mult=1.0
2026/06/15 15:21:56 - mmengine - INFO - paramwise_options -- backbone.adapter.backbone.mask_token:lr=1e-05
2026/06/15 15:21:56 - mmengine - INFO - paramwise_options -- backbone.adapter.backbone.mask_token:weight_decay=0.05
2026/06/15 15:21:56 - mmengine - INFO - paramwise_options -- backbone.adapter.backbone.mask_token:lr_mult=0.1
2026/06/15 15:21:56 - mmengine - INFO - paramwise_options -- backbone.adapter.backbone.mask_token:decay_mult=1.0
2026/06/15 15:21:56 - mmengine - INFO - paramwise_options -- backbone.adapter.backbone.patch_embed.proj.weight:lr=1e-05
2026/06/15 15:21:56 - mmengine - INFO - paramwise_options -- backbone.adapter.backbone.patch_embed.proj.weight:weight_decay=0.05
2026/06/15 15:21:56 - mmengine - INFO - paramwise_options -- backbone.adapter.backbone.patch_embed.proj.weight:lr_mult=0.1
2026/06/15 15:21:56 - mmengine - INFO - paramwise_options -- backbone.adapter.backbone.patch_embed.proj.weight:decay_mult=1.0
2026/06/15 15:21:56 - mmengine - INFO - paramwise_options -- backbone.adapter.backbone.patch_embed.proj.bias:lr=1e-05
2026/06/15 15:21:56 - mmengine - INFO - paramwise_options -- backbone.adapter.backbone.patch_embed.proj.bias:weight_decay=0.05
2026/06/15 15:21:56 - mmengine - INFO - paramwise_options -- backbone.adapter.backbone.patch_embed.proj.bias:lr_mult=0.1
2026/06/15 15:21:56 - mmengine - INFO - paramwise_options -- backbone.adapter.backbone.patch_embed.proj.bias:decay_mult=1.0
2026/06/15 15:21:56 - mmengine - INFO - paramwise_options -- backbone.adapter.backbone.blocks.0.norm1.weight:lr=1e-05
2026/06/15 15:21:56 - mmengine - INFO - paramwise_options -- backbone.adapter.backbone.blocks.0.norm1.weight:weight_decay=0.05
2026/06/15 15:21:56 - mmengine - INFO - paramwise_options -- backbone.adapter.backbone.blocks.0.norm1.weight:lr_mult=0.1
2026/06/15 15:21:56 - mmengine - INFO - paramwise_options -- backbone.adapter.backbone.blocks.0.norm1.weight:decay_mult=1.0
2026/06/15 15:21:56 - mmengine - INFO - paramwise_options -- backbone.adapter.backbone.blocks.0.norm1.bias:lr=1e-05
2026/06/15 15:21:56 - mmengine - INFO - paramwise_options -- backbone.adapter.backbone.blocks.0.norm1.bias:weight_decay=0.05
2026/06/15 15:21:56 - mmengine - INFO - paramwise_options -- backbone.adapter.backbone.blocks.0.norm1.bias:lr_mult=0.1
2026/06/15 15:21:56 - mmengine - INFO - paramwise_options -- backbone.adapter.backbone.blocks.0.norm1.bias:decay_mult=1.0
2026/06/15 15:21:56 - mmengine - INFO - paramwise_options -- backbone.adapter.backbone.blocks.0.attn.qkv.weight:lr=1e-05
2026/06/15 15:21:56 - mmengine - INFO - paramwise_options -- backbone.adapter.backbone.blocks.0.attn.qkv.weight:weight_decay=0.05
2026/06/15 15:21:56 - mmengine - INFO - paramwise_options -- backbone.adapter.backbone.blocks.0.attn.qkv.weight:lr_mult=0.1
2026/06/15 15:21:56 - mmengine - INFO - paramwise_options -- backbone.adapter.backbone.blocks.0.attn.qkv.weight:decay_mult=1.0
2026/06/15 15:21:56 - mmengine - INFO - paramwise_options -- backbone.adapter.backbone.blocks.0.attn.qkv.bias:lr=1e-05
2026/06/15 15:21:56 - mmengine - INFO - paramwise_options -- backbone.adapter.backbone.blocks.0.attn.qkv.bias:weight_decay=0.05
2026/06/15 15:21:56 - mmengine - INFO - paramwise_options -- backbone.adapter.backbone.blocks.0.attn.qkv.bias:lr_mult=0.1
2026/06/15 15:21:56 - mmengine - INFO - paramwise_options -- backbone.adapter.backbone.blocks.0.attn.qkv.bias:decay_mult=1.0
2026/06/15 15:21:56 - mmengine - INFO - paramwise_options -- backbone.adapter.backbone.blocks.0.attn.proj.weight:lr=1e-05
2026/06/15 15:21:56 - mmengine - INFO - paramwise_options -- backbone.adapter.backbone.blocks.0.attn.proj.weight:weight_decay=0.05
2026/06/15 15:21:56 - mmengine - INFO - paramwise_options -- backbone.adapter.backbone.blocks.0.attn.proj.weight:lr_mult=0.1
2026/06/15 15:21:56 - mmengine - INFO - paramwise_options -- backbone.adapter.backbone.blocks.0.attn.proj.weight:decay_mult=1.0
2026/06/15 15:21:56 - mmengine - INFO - paramwise_options -- backbone.adapter.backbone.blocks.0.attn.proj.bias:lr=1e-05
2026/06/15 15:21:56 - mmengine - INFO - paramwise_options -- backbone.adapter.backbone.blocks.0.attn.proj.bias:weight_decay=0.05
2026/06/15 15:21:56 - mmengine - INFO - paramwise_options -- backbone.adapter.backbone.blocks.0.attn.proj.bias:lr_mult=0.1
2026/06/15 15:21:56 - mmengine - INFO - paramwise_options -- backbone.adapter.backbone.blocks.0.attn.proj.bias:decay_mult=1.0
2026/06/15 15:21:56 - mmengine - INFO - paramwise_options -- backbone.adapter.backbone.blocks.0.ls1.gamma:lr=1e-05
2026/06/15 15:21:56 - mmengine - INFO - paramwise_options -- backbone.adapter.backbone.blocks.0.ls1.gamma:weight_decay=0.05
2026/06/15 15:21:56 - mmengine - INFO - paramwise_options -- backbone.adapter.backbone.blocks.0.ls1.gamma:lr_mult=0.1
2026/06/15 15:21:56 - mmengine - INFO - paramwise_options -- backbone.adapter.backbone.blocks.0.ls1.gamma:decay_mult=1.0
2026/06/15 15:21:56 - mmengine - INFO - paramwise_options -- backbone.adapter.backbone.blocks.0.norm2.weight:lr=1e-05
2026/06/15 15:21:56 - mmengine - INFO - paramwise_options -- backbone.adapter.backbone.blocks.0.norm2.weight:weight_decay=0.05
2026/06/15 15:21:56 - mmengine - INFO - paramwise_options -- backbone.adapter.backbone.blocks.0.norm2.weight:lr_mult=0.1
2026/06/15 15:21:56 - mmengine - INFO - paramwise_options -- backbone.adapter.backbone.blocks.0.norm2.weight:decay_mult=1.0
2026/06/15 15:21:56 - mmengine - INFO - paramwise_options -- backbone.adapter.backbone.blocks.0.norm2.bias:lr=1e-05
2026/06/15 15:21:56 - mmengine - INFO - paramwise_options -- backbone.adapter.backbone.blocks.0.norm2.bias:weight_decay=0.05
2026/06/15 15:21:56 - mmengine - INFO - paramwise_options -- backbone.adapter.backbone.blocks.0.norm2.bias:lr_mult=0.1
2026/06/15 15:21:56 - mmengine - INFO - paramwise_options -- backbone.adapter.backbone.blocks.0.norm2.bias:decay_mult=1.0
2026/06/15 15:21:56 - mmengine - INFO - paramwise_options -- backbone.adapter.backbone.blocks.0.mlp.fc1.weight:lr=1e-05
2026/06/15 15:21:56 - mmengine - INFO - paramwise_options -- backbone.adapter.backbone.blocks.0.mlp.fc1.weight:weight_decay=0.05
2026/06/15 15:21:56 - mmengine - INFO - paramwise_options -- backbone.adapter.backbone.blocks.0.mlp.fc1.weight:lr_mult=0.1
2026/06/15 15:21:56 - mmengine - INFO - paramwise_options -- backbone.adapter.backbone.blocks.0.mlp.fc1.weight:decay_mult=1.0
2026/06/15 15:21:56 - mmengine - INFO - paramwise_options -- backbone.adapter.backbone.blocks.0.mlp.fc1.bias:lr=1e-05
2026/06/15 15:21:56 - mmengine - INFO - paramwise_options -- backbone.adapter.backbone.blocks.0.mlp.fc1.bias:weight_decay=0.05
2026/06/15 15:21:56 - mmengine - INFO - paramwise_options -- backbone.adapter.backbone.blocks.0.mlp.fc1.bias:lr_mult=0.1
2026/06/15 15:21:56 - mmengine - INFO - paramwise_options -- backbone.adapter.backbone.blocks.0.mlp.fc1.bias:decay_mult=1.0
2026/06/15 15:21:56 - mmengine - INFO - paramwise_options -- backbone.adapter.backbone.blocks.0.mlp.fc2.weight:lr=1e-05
2026/06/15 15:21:56 - mmengine - INFO - paramwise_options -- backbone.adapter.backbone.blocks.0.mlp.fc2.weight:weight_decay=0.05
2026/06/15 15:21:56 - mmengine - INFO - paramwise_options -- backbone.adapter.backbone.blocks.0.mlp.fc2.weight:lr_mult=0.1
2026/06/15 15:21:56 - mmengine - INFO - paramwise_options -- backbone.adapter.backbone.blocks.0.mlp.fc2.weight:decay_mult=1.0
2026/06/15 15:21:56 - mmengine - INFO - paramwise_options -- backbone.adapter.backbone.blocks.0.mlp.fc2.bias:lr=1e-05
2026/06/15 15:21:56 - mmengine - INFO - paramwise_options -- backbone.adapter.backbone.blocks.0.mlp.fc2.bias:weight_decay=0.05
2026/06/15 15:21:56 - mmengine - INFO - paramwise_options -- backbone.adapter.backbone.blocks.0.mlp.fc2.bias:lr_mult=0.1
2026/06/15 15:21:56 - mmengine - INFO - paramwise_options -- backbone.adapter.backbone.blocks.0.mlp.fc2.bias:decay_mult=1.0
2026/06/15 15:21:56 - mmengine - INFO - paramwise_options -- backbone.adapter.backbone.blocks.0.ls2.gamma:lr=1e-05
2026/06/15 15:21:56 - mmengine - INFO - paramwise_options -- backbone.adapter.backbone.blocks.0.ls2.gamma:weight_decay=0.05
2026/06/15 15:21:56 - mmengine - INFO - paramwise_options -- backbone.adapter.backbone.blocks.0.ls2.gamma:lr_mult=0.1
2026/06/15 15:21:56 - mmengine - INFO - paramwise_options -- backbone.adapter.backbone.blocks.0.ls2.gamma:decay_mult=1.0
2026/06/15 15:21:56 - mmengine - INFO - paramwise_options -- backbone.adapter.backbone.blocks.1.norm1.weight:lr=1e-05
2026/06/15 15:21:56 - mmengine - INFO - paramwise_options -- backbone.adapter.backbone.blocks.1.norm1.weight:weight_decay=0.05
2026/06/15 15:21:56 - mmengine - INFO - paramwise_options -- backbone.adapter.backbone.blocks.1.norm1.weight:lr_mult=0.1
2026/06/15 15:21:56 - mmengine - INFO - paramwise_options -- backbone.adapter.backbone.blocks.1.norm1.weight:decay_mult=1.0
2026/06/15 15:21:56 - mmengine - INFO - paramwise_options -- backbone.adapter.backbone.blocks.1.norm1.bias:lr=1e-05
2026/06/15 15:21:56 - mmengine - INFO - paramwise_options -- backbone.adapter.backbone.blocks.1.norm1.bias:weight_decay=0.05
2026/06/15 15:21:56 - mmengine - INFO - paramwise_options -- backbone.adapter.backbone.blocks.1.norm1.bias:lr_mult=0.1
2026/06/15 15:21:56 - mmengine - INFO - paramwise_options -- backbone.adapter.backbone.blocks.1.norm1.bias:decay_mult=1.0
2026/06/15 15:21:56 - mmengine - INFO - paramwise_options -- backbone.adapter.backbone.blocks.1.attn.qkv.weight:lr=1e-05
2026/06/15 15:21:56 - mmengine - INFO - paramwise_options -- backbone.adapter.backbone.blocks.1.attn.qkv.weight:weight_decay=0.05
2026/06/15 15:21:56 - mmengine - INFO - paramwise_options -- backbone.adapter.backbone.blocks.1.attn.qkv.weight:lr_mult=0.1
2026/06/15 15:21:56 - mmengine - INFO - paramwise_options -- backbone.adapter.backbone.blocks.1.attn.qkv.weight:decay_mult=1.0
2026/06/15 15:21:56 - mmengine - INFO - paramwise_options -- backbone.adapter.backbone.blocks.1.attn.qkv.bias:lr=1e-05
2026/06/15 15:21:56 - mmengine - INFO - paramwise_options -- backbone.adapter.backbone.blocks.1.attn.qkv.bias:weight_decay=0.05
2026/06/15 15:21:56 - mmengine - INFO - paramwise_options -- backbone.adapter.backbone.blocks.1.attn.qkv.bias:lr_mult=0.1
2026/06/15 15:21:56 - mmengine - INFO - paramwise_options -- backbone.adapter.backbone.blocks.1.attn.qkv.bias:decay_mult=1.0
2026/06/15 15:21:56 - mmengine - INFO - paramwise_options -- backbone.adapter.backbone.blocks.1.attn.proj.weight:lr=1e-05
2026/06/15 15:21:56 - mmengine - INFO - paramwise_options -- backbone.adapter.backbone.blocks.1.attn.proj.weight:weight_decay=0.05
2026/06/15 15:21:56 - mmengine - INFO - paramwise_options -- backbone.adapter.backbone.blocks.1.attn.proj.weight:lr_mult=0.1
2026/06/15 15:21:56 - mmengine - INFO - paramwise_options -- backbone.adapter.backbone.blocks.1.attn.proj.weight:decay_mult=1.0
2026/06/15 15:21:56 - mmengine - INFO - paramwise_options -- backbone.adapter.backbone.blocks.1.attn.proj.bias:lr=1e-05
2026/06/15 15:21:56 - mmengine - INFO - paramwise_options -- backbone.adapter.backbone.blocks.1.attn.proj.bias:weight_decay=0.05
2026/06/15 15:21:56 - mmengine - INFO - paramwise_options -- backbone.adapter.backbone.blocks.1.attn.proj.bias:lr_mult=0.1
2026/06/15 15:21:56 - mmengine - INFO - paramwise_options -- backbone.adapter.backbone.blocks.1.attn.proj.bias:decay_mult=1.0
2026/06/15 15:21:56 - mmengine - INFO - paramwise_options -- backbone.adapter.backbone.blocks.1.ls1.gamma:lr=1e-05
2026/06/15 15:21:56 - mmengine - INFO - paramwise_options -- backbone.adapter.backbone.blocks.1.ls1.gamma:weight_decay=0.05
2026/06/15 15:21:56 - mmengine - INFO - paramwise_options -- backbone.adapter.backbone.blocks.1.ls1.gamma:lr_mult=0.1
2026/06/15 15:21:56 - mmengine - INFO - paramwise_options -- backbone.adapter.backbone.blocks.1.ls1.gamma:decay_mult=1.0
2026/06/15 15:21:56 - mmengine - INFO - paramwise_options -- backbone.adapter.backbone.blocks.1.norm2.weight:lr=1e-05
2026/06/15 15:21:56 - mmengine - INFO - paramwise_options -- backbone.adapter.backbone.blocks.1.norm2.weight:weight_decay=0.05
2026/06/15 15:21:56 - mmengine - INFO - paramwise_options -- backbone.adapter.backbone.blocks.1.norm2.weight:lr_mult=0.1
2026/06/15 15:21:56 - mmengine - INFO - paramwise_options -- backbone.adapter.backbone.blocks.1.norm2.weight:decay_mult=1.0
2026/06/15 15:21:56 - mmengine - INFO - paramwise_options -- backbone.adapter.backbone.blocks.1.norm2.bias:lr=1e-05
2026/06/15 15:21:56 - mmengine - INFO - paramwise_options -- backbone.adapter.backbone.blocks.1.norm2.bias:weight_decay=0.05
2026/06/15 15:21:56 - mmengine - INFO - paramwise_options -- backbone.adapter.backbone.blocks.1.norm2.bias:lr_mult=0.1
2026/06/15 15:21:56 - mmengine - INFO - paramwise_options -- backbone.adapter.backbone.blocks.1.norm2.bias:decay_mult=1.0
2026/06/15 15:21:56 - mmengine - INFO - paramwise_options -- backbone.adapter.backbone.blocks.1.mlp.fc1.weight:lr=1e-05
2026/06/15 15:21:56 - mmengine - INFO - paramwise_options -- backbone.adapter.backbone.blocks.1.mlp.fc1.weight:weight_decay=0.05
2026/06/15 15:21:56 - mmengine - INFO - paramwise_options -- backbone.adapter.backbone.blocks.1.mlp.fc1.weight:lr_mult=0.1
2026/06/15 15:21:56 - mmengine - INFO - paramwise_options -- backbone.adapter.backbone.blocks.1.mlp.fc1.weight:decay_mult=1.0
2026/06/15 15:21:56 - mmengine - INFO - paramwise_options -- backbone.adapter.backbone.blocks.1.mlp.fc1.bias:lr=1e-05
2026/06/15 15:21:56 - mmengine - INFO - paramwise_options -- backbone.adapter.backbone.blocks.1.mlp.fc1.bias:weight_decay=0.05
2026/06/15 15:21:56 - mmengine - INFO - paramwise_options -- backbone.adapter.backbone.blocks.1.mlp.fc1.bias:lr_mult=0.1
2026/06/15 15:21:56 - mmengine - INFO - paramwise_options -- backbone.adapter.backbone.blocks.1.mlp.fc1.bias:decay_mult=1.0
2026/06/15 15:21:56 - mmengine - INFO - paramwise_options -- backbone.adapter.backbone.blocks.1.mlp.fc2.weight:lr=1e-05
2026/06/15 15:21:56 - mmengine - INFO - paramwise_options -- backbone.adapter.backbone.blocks.1.mlp.fc2.weight:weight_decay=0.05
2026/06/15 15:21:56 - mmengine - INFO - paramwise_options -- backbone.adapter.backbone.blocks.1.mlp.fc2.weight:lr_mult=0.1
2026/06/15 15:21:56 - mmengine - INFO - paramwise_options -- backbone.adapter.backbone.blocks.1.mlp.fc2.weight:decay_mult=1.0
2026/06/15 15:21:56 - mmengine - INFO - paramwise_options -- backbone.adapter.backbone.blocks.1.mlp.fc2.bias:lr=1e-05
2026/06/15 15:21:56 - mmengine - INFO - paramwise_options -- backbone.adapter.backbone.blocks.1.mlp.fc2.bias:weight_decay=0.05
2026/06/15 15:21:56 - mmengine - INFO - paramwise_options -- backbone.adapter.backbone.blocks.1.mlp.fc2.bias:lr_mult=0.1
2026/06/15 15:21:56 - mmengine - INFO - paramwise_options -- backbone.adapter.backbone.blocks.1.mlp.fc2.bias:decay_mult=1.0
2026/06/15 15:21:56 - mmengine - INFO - paramwise_options -- backbone.adapter.backbone.blocks.1.ls2.gamma:lr=1e-05
2026/06/15 15:21:56 - mmengine - INFO - paramwise_options -- backbone.adapter.backbone.blocks.1.ls2.gamma:weight_decay=0.05
2026/06/15 15:21:56 - mmengine - INFO - paramwise_options -- backbone.adapter.backbone.blocks.1.ls2.gamma:lr_mult=0.1
2026/06/15 15:21:56 - mmengine - INFO - paramwise_options -- backbone.adapter.backbone.blocks.1.ls2.gamma:decay_mult=1.0
2026/06/15 15:21:56 - mmengine - INFO - paramwise_options -- backbone.adapter.backbone.blocks.2.norm1.weight:lr=1e-05
2026/06/15 15:21:56 - mmengine - INFO - paramwise_options -- backbone.adapter.backbone.blocks.2.norm1.weight:weight_decay=0.05
2026/06/15 15:21:56 - mmengine - INFO - paramwise_options -- backbone.adapter.backbone.blocks.2.norm1.weight:lr_mult=0.1
2026/06/15 15:21:56 - mmengine - INFO - paramwise_options -- backbone.adapter.backbone.blocks.2.norm1.weight:decay_mult=1.0
2026/06/15 15:21:56 - mmengine - INFO - paramwise_options -- backbone.adapter.backbone.blocks.2.norm1.bias:lr=1e-05
2026/06/15 15:21:56 - mmengine - INFO - paramwise_options -- backbone.adapter.backbone.blocks.2.norm1.bias:weight_decay=0.05
2026/06/15 15:21:56 - mmengine - INFO - paramwise_options -- backbone.adapter.backbone.blocks.2.norm1.bias:lr_mult=0.1
2026/06/15 15:21:56 - mmengine - INFO - paramwise_options -- backbone.adapter.backbone.blocks.2.norm1.bias:decay_mult=1.0
2026/06/15 15:21:56 - mmengine - INFO - paramwise_options -- backbone.adapter.backbone.blocks.2.attn.qkv.weight:lr=1e-05
2026/06/15 15:21:56 - mmengine - INFO - paramwise_options -- backbone.adapter.backbone.blocks.2.attn.qkv.weight:weight_decay=0.05
2026/06/15 15:21:56 - mmengine - INFO - paramwise_options -- backbone.adapter.backbone.blocks.2.attn.qkv.weight:lr_mult=0.1
2026/06/15 15:21:56 - mmengine - INFO - paramwise_options -- backbone.adapter.backbone.blocks.2.attn.qkv.weight:decay_mult=1.0
2026/06/15 15:21:56 - mmengine - INFO - paramwise_options -- backbone.adapter.backbone.blocks.2.attn.qkv.bias:lr=1e-05
2026/06/15 15:21:56 - mmengine - INFO - paramwise_options -- backbone.adapter.backbone.blocks.2.attn.qkv.bias:weight_decay=0.05
2026/06/15 15:21:56 - mmengine - INFO - paramwise_options -- backbone.adapter.backbone.blocks.2.attn.qkv.bias:lr_mult=0.1
2026/06/15 15:21:56 - mmengine - INFO - paramwise_options -- backbone.adapter.backbone.blocks.2.attn.qkv.bias:decay_mult=1.0
2026/06/15 15:21:56 - mmengine - INFO - paramwise_options -- backbone.adapter.backbone.blocks.2.attn.proj.weight:lr=1e-05
2026/06/15 15:21:56 - mmengine - INFO - paramwise_options -- backbone.adapter.backbone.blocks.2.attn.proj.weight:weight_decay=0.05
2026/06/15 15:21:56 - mmengine - INFO - paramwise_options -- backbone.adapter.backbone.blocks.2.attn.proj.weight:lr_mult=0.1
2026/06/15 15:21:56 - mmengine - INFO - paramwise_options -- backbone.adapter.backbone.blocks.2.attn.proj.weight:decay_mult=1.0
2026/06/15 15:21:56 - mmengine - INFO - paramwise_options -- backbone.adapter.backbone.blocks.2.attn.proj.bias:lr=1e-05
2026/06/15 15:21:56 - mmengine - INFO - paramwise_options -- backbone.adapter.backbone.blocks.2.attn.proj.bias:weight_decay=0.05
2026/06/15 15:21:56 - mmengine - INFO - paramwise_options -- backbone.adapter.backbone.blocks.2.attn.proj.bias:lr_mult=0.1
2026/06/15 15:21:56 - mmengine - INFO - paramwise_options -- backbone.adapter.backbone.blocks.2.attn.proj.bias:decay_mult=1.0
2026/06/15 15:21:56 - mmengine - INFO - paramwise_options -- backbone.adapter.backbone.blocks.2.ls1.gamma:lr=1e-05
2026/06/15 15:21:56 - mmengine - INFO - paramwise_options -- backbone.adapter.backbone.blocks.2.ls1.gamma:weight_decay=0.05
2026/06/15 15:21:56 - mmengine - INFO - paramwise_options -- backbone.adapter.backbone.blocks.2.ls1.gamma:lr_mult=0.1
2026/06/15 15:21:56 - mmengine - INFO - paramwise_options -- backbone.adapter.backbone.blocks.2.ls1.gamma:decay_mult=1.0
2026/06/15 15:21:56 - mmengine - INFO - paramwise_options -- backbone.adapter.backbone.blocks.2.norm2.weight:lr=1e-05
2026/06/15 15:21:56 - mmengine - INFO - paramwise_options -- backbone.adapter.backbone.blocks.2.norm2.weight:weight_decay=0.05
2026/06/15 15:21:56 - mmengine - INFO - paramwise_options -- backbone.adapter.backbone.blocks.2.norm2.weight:lr_mult=0.1
2026/06/15 15:21:56 - mmengine - INFO - paramwise_options -- backbone.adapter.backbone.blocks.2.norm2.weight:decay_mult=1.0
2026/06/15 15:21:56 - mmengine - INFO - paramwise_options -- backbone.adapter.backbone.blocks.2.norm2.bias:lr=1e-05
2026/06/15 15:21:56 - mmengine - INFO - paramwise_options -- backbone.adapter.backbone.blocks.2.norm2.bias:weight_decay=0.05
2026/06/15 15:21:56 - mmengine - INFO - paramwise_options -- backbone.adapter.backbone.blocks.2.norm2.bias:lr_mult=0.1
2026/06/15 15:21:56 - mmengine - INFO - paramwise_options -- backbone.adapter.backbone.blocks.2.norm2.bias:decay_mult=1.0
2026/06/15 15:21:56 - mmengine - INFO - paramwise_options -- backbone.adapter.backbone.blocks.2.mlp.fc1.weight:lr=1e-05
2026/06/15 15:21:56 - mmengine - INFO - paramwise_options -- backbone.adapter.backbone.blocks.2.mlp.fc1.weight:weight_decay=0.05
2026/06/15 15:21:56 - mmengine - INFO - paramwise_options -- backbone.adapter.backbone.blocks.2.mlp.fc1.weight:lr_mult=0.1
2026/06/15 15:21:56 - mmengine - INFO - paramwise_options -- backbone.adapter.backbone.blocks.2.mlp.fc1.weight:decay_mult=1.0
2026/06/15 15:21:56 - mmengine - INFO - paramwise_options -- backbone.adapter.backbone.blocks.2.mlp.fc1.bias:lr=1e-05
2026/06/15 15:21:56 - mmengine - INFO - paramwise_options -- backbone.adapter.backbone.blocks.2.mlp.fc1.bias:weight_decay=0.05
2026/06/15 15:21:56 - mmengine - INFO - paramwise_options -- backbone.adapter.backbone.blocks.2.mlp.fc1.bias:lr_mult=0.1
2026/06/15 15:21:56 - mmengine - INFO - paramwise_options -- backbone.adapter.backbone.blocks.2.mlp.fc1.bias:decay_mult=1.0
2026/06/15 15:21:56 - mmengine - INFO - paramwise_options -- backbone.adapter.backbone.blocks.2.mlp.fc2.weight:lr=1e-05
2026/06/15 15:21:56 - mmengine - INFO - paramwise_options -- backbone.adapter.backbone.blocks.2.mlp.fc2.weight:weight_decay=0.05
2026/06/15 15:21:56 - mmengine - INFO - paramwise_options -- backbone.adapter.backbone.blocks.2.mlp.fc2.weight:lr_mult=0.1
2026/06/15 15:21:56 - mmengine - INFO - paramwise_options -- backbone.adapter.backbone.blocks.2.mlp.fc2.weight:decay_mult=1.0
2026/06/15 15:21:56 - mmengine - INFO - paramwise_options -- backbone.adapter.backbone.blocks.2.mlp.fc2.bias:lr=1e-05
2026/06/15 15:21:56 - mmengine - INFO - paramwise_options -- backbone.adapter.backbone.blocks.2.mlp.fc2.bias:weight_decay=0.05
2026/06/15 15:21:56 - mmengine - INFO - paramwise_options -- backbone.adapter.backbone.blocks.2.mlp.fc2.bias:lr_mult=0.1
2026/06/15 15:21:56 - mmengine - INFO - paramwise_options -- backbone.adapter.backbone.blocks.2.mlp.fc2.bias:decay_mult=1.0
2026/06/15 15:21:56 - mmengine - INFO - paramwise_options -- backbone.adapter.backbone.blocks.2.ls2.gamma:lr=1e-05
2026/06/15 15:21:56 - mmengine - INFO - paramwise_options -- backbone.adapter.backbone.blocks.2.ls2.gamma:weight_decay=0.05
2026/06/15 15:21:56 - mmengine - INFO - paramwise_options -- backbone.adapter.backbone.blocks.2.ls2.gamma:lr_mult=0.1
2026/06/15 15:21:56 - mmengine - INFO - paramwise_options -- backbone.adapter.backbone.blocks.2.ls2.gamma:decay_mult=1.0
2026/06/15 15:21:56 - mmengine - INFO - paramwise_options -- backbone.adapter.backbone.blocks.3.norm1.weight:lr=1e-05
2026/06/15 15:21:56 - mmengine - INFO - paramwise_options -- backbone.adapter.backbone.blocks.3.norm1.weight:weight_decay=0.05
2026/06/15 15:21:56 - mmengine - INFO - paramwise_options -- backbone.adapter.backbone.blocks.3.norm1.weight:lr_mult=0.1
2026/06/15 15:21:56 - mmengine - INFO - paramwise_options -- backbone.adapter.backbone.blocks.3.norm1.weight:decay_mult=1.0
2026/06/15 15:21:56 - mmengine - INFO - paramwise_options -- backbone.adapter.backbone.blocks.3.norm1.bias:lr=1e-05
2026/06/15 15:21:56 - mmengine - INFO - paramwise_options -- backbone.adapter.backbone.blocks.3.norm1.bias:weight_decay=0.05
2026/06/15 15:21:56 - mmengine - INFO - paramwise_options -- backbone.adapter.backbone.blocks.3.norm1.bias:lr_mult=0.1
2026/06/15 15:21:56 - mmengine - INFO - paramwise_options -- backbone.adapter.backbone.blocks.3.norm1.bias:decay_mult=1.0
2026/06/15 15:21:56 - mmengine - INFO - paramwise_options -- backbone.adapter.backbone.blocks.3.attn.qkv.weight:lr=1e-05
2026/06/15 15:21:56 - mmengine - INFO - paramwise_options -- backbone.adapter.backbone.blocks.3.attn.qkv.weight:weight_decay=0.05
2026/06/15 15:21:56 - mmengine - INFO - paramwise_options -- backbone.adapter.backbone.blocks.3.attn.qkv.weight:lr_mult=0.1
2026/06/15 15:21:56 - mmengine - INFO - paramwise_options -- backbone.adapter.backbone.blocks.3.attn.qkv.weight:decay_mult=1.0
2026/06/15 15:21:56 - mmengine - INFO - paramwise_options -- backbone.adapter.backbone.blocks.3.attn.qkv.bias:lr=1e-05
2026/06/15 15:21:56 - mmengine - INFO - paramwise_options -- backbone.adapter.backbone.blocks.3.attn.qkv.bias:weight_decay=0.05
2026/06/15 15:21:56 - mmengine - INFO - paramwise_options -- backbone.adapter.backbone.blocks.3.attn.qkv.bias:lr_mult=0.1
2026/06/15 15:21:56 - mmengine - INFO - paramwise_options -- backbone.adapter.backbone.blocks.3.attn.qkv.bias:decay_mult=1.0
2026/06/15 15:21:56 - mmengine - INFO - paramwise_options -- backbone.adapter.backbone.blocks.3.attn.proj.weight:lr=1e-05
2026/06/15 15:21:56 - mmengine - INFO - paramwise_options -- backbone.adapter.backbone.blocks.3.attn.proj.weight:weight_decay=0.05
2026/06/15 15:21:56 - mmengine - INFO - paramwise_options -- backbone.adapter.backbone.blocks.3.attn.proj.weight:lr_mult=0.1
2026/06/15 15:21:56 - mmengine - INFO - paramwise_options -- backbone.adapter.backbone.blocks.3.attn.proj.weight:decay_mult=1.0
2026/06/15 15:21:56 - mmengine - INFO - paramwise_options -- backbone.adapter.backbone.blocks.3.attn.proj.bias:lr=1e-05
2026/06/15 15:21:56 - mmengine - INFO - paramwise_options -- backbone.adapter.backbone.blocks.3.attn.proj.bias:weight_decay=0.05
2026/06/15 15:21:56 - mmengine - INFO - paramwise_options -- backbone.adapter.backbone.blocks.3.attn.proj.bias:lr_mult=0.1
2026/06/15 15:21:56 - mmengine - INFO - paramwise_options -- backbone.adapter.backbone.blocks.3.attn.proj.bias:decay_mult=1.0
2026/06/15 15:21:56 - mmengine - INFO - paramwise_options -- backbone.adapter.backbone.blocks.3.ls1.gamma:lr=1e-05
2026/06/15 15:21:56 - mmengine - INFO - paramwise_options -- backbone.adapter.backbone.blocks.3.ls1.gamma:weight_decay=0.05
2026/06/15 15:21:56 - mmengine - INFO - paramwise_options -- backbone.adapter.backbone.blocks.3.ls1.gamma:lr_mult=0.1
2026/06/15 15:21:56 - mmengine - INFO - paramwise_options -- backbone.adapter.backbone.blocks.3.ls1.gamma:decay_mult=1.0
2026/06/15 15:21:56 - mmengine - INFO - paramwise_options -- backbone.adapter.backbone.blocks.3.norm2.weight:lr=1e-05
2026/06/15 15:21:56 - mmengine - INFO - paramwise_options -- backbone.adapter.backbone.blocks.3.norm2.weight:weight_decay=0.05
2026/06/15 15:21:56 - mmengine - INFO - paramwise_options -- backbone.adapter.backbone.blocks.3.norm2.weight:lr_mult=0.1
2026/06/15 15:21:56 - mmengine - INFO - paramwise_options -- backbone.adapter.backbone.blocks.3.norm2.weight:decay_mult=1.0
2026/06/15 15:21:56 - mmengine - INFO - paramwise_options -- backbone.adapter.backbone.blocks.3.norm2.bias:lr=1e-05
2026/06/15 15:21:56 - mmengine - INFO - paramwise_options -- backbone.adapter.backbone.blocks.3.norm2.bias:weight_decay=0.05
2026/06/15 15:21:56 - mmengine - INFO - paramwise_options -- backbone.adapter.backbone.blocks.3.norm2.bias:lr_mult=0.1
2026/06/15 15:21:56 - mmengine - INFO - paramwise_options -- backbone.adapter.backbone.blocks.3.norm2.bias:decay_mult=1.0
2026/06/15 15:21:56 - mmengine - INFO - paramwise_options -- backbone.adapter.backbone.blocks.3.mlp.fc1.weight:lr=1e-05
2026/06/15 15:21:56 - mmengine - INFO - paramwise_options -- backbone.adapter.backbone.blocks.3.mlp.fc1.weight:weight_decay=0.05
2026/06/15 15:21:56 - mmengine - INFO - paramwise_options -- backbone.adapter.backbone.blocks.3.mlp.fc1.weight:lr_mult=0.1
2026/06/15 15:21:56 - mmengine - INFO - paramwise_options -- backbone.adapter.backbone.blocks.3.mlp.fc1.weight:decay_mult=1.0
2026/06/15 15:21:56 - mmengine - INFO - paramwise_options -- backbone.adapter.backbone.blocks.3.mlp.fc1.bias:lr=1e-05
2026/06/15 15:21:56 - mmengine - INFO - paramwise_options -- backbone.adapter.backbone.blocks.3.mlp.fc1.bias:weight_decay=0.05
2026/06/15 15:21:56 - mmengine - INFO - paramwise_options -- backbone.adapter.backbone.blocks.3.mlp.fc1.bias:lr_mult=0.1
2026/06/15 15:21:56 - mmengine - INFO - paramwise_options -- backbone.adapter.backbone.blocks.3.mlp.fc1.bias:decay_mult=1.0
2026/06/15 15:21:56 - mmengine - INFO - paramwise_options -- backbone.adapter.backbone.blocks.3.mlp.fc2.weight:lr=1e-05
2026/06/15 15:21:56 - mmengine - INFO - paramwise_options -- backbone.adapter.backbone.blocks.3.mlp.fc2.weight:weight_decay=0.05
2026/06/15 15:21:56 - mmengine - INFO - paramwise_options -- backbone.adapter.backbone.blocks.3.mlp.fc2.weight:lr_mult=0.1
2026/06/15 15:21:56 - mmengine - INFO - paramwise_options -- backbone.adapter.backbone.blocks.3.mlp.fc2.weight:decay_mult=1.0
2026/06/15 15:21:56 - mmengine - INFO - paramwise_options -- backbone.adapter.backbone.blocks.3.mlp.fc2.bias:lr=1e-05
2026/06/15 15:21:56 - mmengine - INFO - paramwise_options -- backbone.adapter.backbone.blocks.3.mlp.fc2.bias:weight_decay=0.05
2026/06/15 15:21:56 - mmengine - INFO - paramwise_options -- backbone.adapter.backbone.blocks.3.mlp.fc2.bias:lr_mult=0.1
2026/06/15 15:21:57 - mmengine - INFO - paramwise_options -- backbone.adapter.backbone.blocks.3.mlp.fc2.bias:decay_mult=1.0
2026/06/15 15:21:57 - mmengine - INFO - paramwise_options -- backbone.adapter.backbone.blocks.3.ls2.gamma:lr=1e-05
2026/06/15 15:21:57 - mmengine - INFO - paramwise_options -- backbone.adapter.backbone.blocks.3.ls2.gamma:weight_decay=0.05
2026/06/15 15:21:57 - mmengine - INFO - paramwise_options -- backbone.adapter.backbone.blocks.3.ls2.gamma:lr_mult=0.1
2026/06/15 15:21:57 - mmengine - INFO - paramwise_options -- backbone.adapter.backbone.blocks.3.ls2.gamma:decay_mult=1.0
2026/06/15 15:21:57 - mmengine - INFO - paramwise_options -- backbone.adapter.backbone.blocks.4.norm1.weight:lr=1e-05
2026/06/15 15:21:57 - mmengine - INFO - paramwise_options -- backbone.adapter.backbone.blocks.4.norm1.weight:weight_decay=0.05
2026/06/15 15:21:57 - mmengine - INFO - paramwise_options -- backbone.adapter.backbone.blocks.4.norm1.weight:lr_mult=0.1
2026/06/15 15:21:57 - mmengine - INFO - paramwise_options -- backbone.adapter.backbone.blocks.4.norm1.weight:decay_mult=1.0
2026/06/15 15:21:57 - mmengine - INFO - paramwise_options -- backbone.adapter.backbone.blocks.4.norm1.bias:lr=1e-05
2026/06/15 15:21:57 - mmengine - INFO - paramwise_options -- backbone.adapter.backbone.blocks.4.norm1.bias:weight_decay=0.05
2026/06/15 15:21:57 - mmengine - INFO - paramwise_options -- backbone.adapter.backbone.blocks.4.norm1.bias:lr_mult=0.1
2026/06/15 15:21:57 - mmengine - INFO - paramwise_options -- backbone.adapter.backbone.blocks.4.norm1.bias:decay_mult=1.0
2026/06/15 15:21:57 - mmengine - INFO - paramwise_options -- backbone.adapter.backbone.blocks.4.attn.qkv.weight:lr=1e-05
2026/06/15 15:21:57 - mmengine - INFO - paramwise_options -- backbone.adapter.backbone.blocks.4.attn.qkv.weight:weight_decay=0.05
2026/06/15 15:21:57 - mmengine - INFO - paramwise_options -- backbone.adapter.backbone.blocks.4.attn.qkv.weight:lr_mult=0.1
2026/06/15 15:21:57 - mmengine - INFO - paramwise_options -- backbone.adapter.backbone.blocks.4.attn.qkv.weight:decay_mult=1.0
2026/06/15 15:21:57 - mmengine - INFO - paramwise_options -- backbone.adapter.backbone.blocks.4.attn.qkv.bias:lr=1e-05
2026/06/15 15:21:57 - mmengine - INFO - paramwise_options -- backbone.adapter.backbone.blocks.4.attn.qkv.bias:weight_decay=0.05
2026/06/15 15:21:57 - mmengine - INFO - paramwise_options -- backbone.adapter.backbone.blocks.4.attn.qkv.bias:lr_mult=0.1
2026/06/15 15:21:57 - mmengine - INFO - paramwise_options -- backbone.adapter.backbone.blocks.4.attn.qkv.bias:decay_mult=1.0
2026/06/15 15:21:57 - mmengine - INFO - paramwise_options -- backbone.adapter.backbone.blocks.4.attn.proj.weight:lr=1e-05
2026/06/15 15:21:57 - mmengine - INFO - paramwise_options -- backbone.adapter.backbone.blocks.4.attn.proj.weight:weight_decay=0.05
2026/06/15 15:21:57 - mmengine - INFO - paramwise_options -- backbone.adapter.backbone.blocks.4.attn.proj.weight:lr_mult=0.1
2026/06/15 15:21:57 - mmengine - INFO - paramwise_options -- backbone.adapter.backbone.blocks.4.attn.proj.weight:decay_mult=1.0
2026/06/15 15:21:57 - mmengine - INFO - paramwise_options -- backbone.adapter.backbone.blocks.4.attn.proj.bias:lr=1e-05
2026/06/15 15:21:57 - mmengine - INFO - paramwise_options -- backbone.adapter.backbone.blocks.4.attn.proj.bias:weight_decay=0.05
2026/06/15 15:21:57 - mmengine - INFO - paramwise_options -- backbone.adapter.backbone.blocks.4.attn.proj.bias:lr_mult=0.1
2026/06/15 15:21:57 - mmengine - INFO - paramwise_options -- backbone.adapter.backbone.blocks.4.attn.proj.bias:decay_mult=1.0
2026/06/15 15:21:57 - mmengine - INFO - paramwise_options -- backbone.adapter.backbone.blocks.4.ls1.gamma:lr=1e-05
2026/06/15 15:21:57 - mmengine - INFO - paramwise_options -- backbone.adapter.backbone.blocks.4.ls1.gamma:weight_decay=0.05
2026/06/15 15:21:57 - mmengine - INFO - paramwise_options -- backbone.adapter.backbone.blocks.4.ls1.gamma:lr_mult=0.1
2026/06/15 15:21:57 - mmengine - INFO - paramwise_options -- backbone.adapter.backbone.blocks.4.ls1.gamma:decay_mult=1.0
2026/06/15 15:21:57 - mmengine - INFO - paramwise_options -- backbone.adapter.backbone.blocks.4.norm2.weight:lr=1e-05
2026/06/15 15:21:57 - mmengine - INFO - paramwise_options -- backbone.adapter.backbone.blocks.4.norm2.weight:weight_decay=0.05
2026/06/15 15:21:57 - mmengine - INFO - paramwise_options -- backbone.adapter.backbone.blocks.4.norm2.weight:lr_mult=0.1
2026/06/15 15:21:57 - mmengine - INFO - paramwise_options -- backbone.adapter.backbone.blocks.4.norm2.weight:decay_mult=1.0
2026/06/15 15:21:57 - mmengine - INFO - paramwise_options -- backbone.adapter.backbone.blocks.4.norm2.bias:lr=1e-05
2026/06/15 15:21:57 - mmengine - INFO - paramwise_options -- backbone.adapter.backbone.blocks.4.norm2.bias:weight_decay=0.05
2026/06/15 15:21:57 - mmengine - INFO - paramwise_options -- backbone.adapter.backbone.blocks.4.norm2.bias:lr_mult=0.1
2026/06/15 15:21:57 - mmengine - INFO - paramwise_options -- backbone.adapter.backbone.blocks.4.norm2.bias:decay_mult=1.0
2026/06/15 15:21:57 - mmengine - INFO - paramwise_options -- backbone.adapter.backbone.blocks.4.mlp.fc1.weight:lr=1e-05
2026/06/15 15:21:57 - mmengine - INFO - paramwise_options -- backbone.adapter.backbone.blocks.4.mlp.fc1.weight:weight_decay=0.05
2026/06/15 15:21:57 - mmengine - INFO - paramwise_options -- backbone.adapter.backbone.blocks.4.mlp.fc1.weight:lr_mult=0.1
2026/06/15 15:21:57 - mmengine - INFO - paramwise_options -- backbone.adapter.backbone.blocks.4.mlp.fc1.weight:decay_mult=1.0
2026/06/15 15:21:57 - mmengine - INFO - paramwise_options -- backbone.adapter.backbone.blocks.4.mlp.fc1.bias:lr=1e-05
2026/06/15 15:21:57 - mmengine - INFO - paramwise_options -- backbone.adapter.backbone.blocks.4.mlp.fc1.bias:weight_decay=0.05
2026/06/15 15:21:57 - mmengine - INFO - paramwise_options -- backbone.adapter.backbone.blocks.4.mlp.fc1.bias:lr_mult=0.1
2026/06/15 15:21:57 - mmengine - INFO - paramwise_options -- backbone.adapter.backbone.blocks.4.mlp.fc1.bias:decay_mult=1.0
2026/06/15 15:21:57 - mmengine - INFO - paramwise_options -- backbone.adapter.backbone.blocks.4.mlp.fc2.weight:lr=1e-05
2026/06/15 15:21:57 - mmengine - INFO - paramwise_options -- backbone.adapter.backbone.blocks.4.mlp.fc2.weight:weight_decay=0.05
2026/06/15 15:21:57 - mmengine - INFO - paramwise_options -- backbone.adapter.backbone.blocks.4.mlp.fc2.weight:lr_mult=0.1
2026/06/15 15:21:57 - mmengine - INFO - paramwise_options -- backbone.adapter.backbone.blocks.4.mlp.fc2.weight:decay_mult=1.0
2026/06/15 15:21:57 - mmengine - INFO - paramwise_options -- backbone.adapter.backbone.blocks.4.mlp.fc2.bias:lr=1e-05
2026/06/15 15:21:57 - mmengine - INFO - paramwise_options -- backbone.adapter.backbone.blocks.4.mlp.fc2.bias:weight_decay=0.05
2026/06/15 15:21:57 - mmengine - INFO - paramwise_options -- backbone.adapter.backbone.blocks.4.mlp.fc2.bias:lr_mult=0.1
2026/06/15 15:21:57 - mmengine - INFO - paramwise_options -- backbone.adapter.backbone.blocks.4.mlp.fc2.bias:decay_mult=1.0
2026/06/15 15:21:57 - mmengine - INFO - paramwise_options -- backbone.adapter.backbone.blocks.4.ls2.gamma:lr=1e-05
2026/06/15 15:21:57 - mmengine - INFO - paramwise_options -- backbone.adapter.backbone.blocks.4.ls2.gamma:weight_decay=0.05
2026/06/15 15:21:57 - mmengine - INFO - paramwise_options -- backbone.adapter.backbone.blocks.4.ls2.gamma:lr_mult=0.1
2026/06/15 15:21:57 - mmengine - INFO - paramwise_options -- backbone.adapter.backbone.blocks.4.ls2.gamma:decay_mult=1.0
2026/06/15 15:21:57 - mmengine - INFO - paramwise_options -- backbone.adapter.backbone.blocks.5.norm1.weight:lr=1e-05
2026/06/15 15:21:57 - mmengine - INFO - paramwise_options -- backbone.adapter.backbone.blocks.5.norm1.weight:weight_decay=0.05
2026/06/15 15:21:57 - mmengine - INFO - paramwise_options -- backbone.adapter.backbone.blocks.5.norm1.weight:lr_mult=0.1
2026/06/15 15:21:57 - mmengine - INFO - paramwise_options -- backbone.adapter.backbone.blocks.5.norm1.weight:decay_mult=1.0
2026/06/15 15:21:57 - mmengine - INFO - paramwise_options -- backbone.adapter.backbone.blocks.5.norm1.bias:lr=1e-05
2026/06/15 15:21:57 - mmengine - INFO - paramwise_options -- backbone.adapter.backbone.blocks.5.norm1.bias:weight_decay=0.05
2026/06/15 15:21:57 - mmengine - INFO - paramwise_options -- backbone.adapter.backbone.blocks.5.norm1.bias:lr_mult=0.1
2026/06/15 15:21:57 - mmengine - INFO - paramwise_options -- backbone.adapter.backbone.blocks.5.norm1.bias:decay_mult=1.0
2026/06/15 15:21:57 - mmengine - INFO - paramwise_options -- backbone.adapter.backbone.blocks.5.attn.qkv.weight:lr=1e-05
2026/06/15 15:21:57 - mmengine - INFO - paramwise_options -- backbone.adapter.backbone.blocks.5.attn.qkv.weight:weight_decay=0.05
2026/06/15 15:21:57 - mmengine - INFO - paramwise_options -- backbone.adapter.backbone.blocks.5.attn.qkv.weight:lr_mult=0.1
2026/06/15 15:21:57 - mmengine - INFO - paramwise_options -- backbone.adapter.backbone.blocks.5.attn.qkv.weight:decay_mult=1.0
2026/06/15 15:21:57 - mmengine - INFO - paramwise_options -- backbone.adapter.backbone.blocks.5.attn.qkv.bias:lr=1e-05
2026/06/15 15:21:57 - mmengine - INFO - paramwise_options -- backbone.adapter.backbone.blocks.5.attn.qkv.bias:weight_decay=0.05
2026/06/15 15:21:57 - mmengine - INFO - paramwise_options -- backbone.adapter.backbone.blocks.5.attn.qkv.bias:lr_mult=0.1
2026/06/15 15:21:57 - mmengine - INFO - paramwise_options -- backbone.adapter.backbone.blocks.5.attn.qkv.bias:decay_mult=1.0
2026/06/15 15:21:57 - mmengine - INFO - paramwise_options -- backbone.adapter.backbone.blocks.5.attn.proj.weight:lr=1e-05
2026/06/15 15:21:57 - mmengine - INFO - paramwise_options -- backbone.adapter.backbone.blocks.5.attn.proj.weight:weight_decay=0.05
2026/06/15 15:21:57 - mmengine - INFO - paramwise_options -- backbone.adapter.backbone.blocks.5.attn.proj.weight:lr_mult=0.1
2026/06/15 15:21:57 - mmengine - INFO - paramwise_options -- backbone.adapter.backbone.blocks.5.attn.proj.weight:decay_mult=1.0
2026/06/15 15:21:57 - mmengine - INFO - paramwise_options -- backbone.adapter.backbone.blocks.5.attn.proj.bias:lr=1e-05
2026/06/15 15:21:57 - mmengine - INFO - paramwise_options -- backbone.adapter.backbone.blocks.5.attn.proj.bias:weight_decay=0.05
2026/06/15 15:21:57 - mmengine - INFO - paramwise_options -- backbone.adapter.backbone.blocks.5.attn.proj.bias:lr_mult=0.1
2026/06/15 15:21:57 - mmengine - INFO - paramwise_options -- backbone.adapter.backbone.blocks.5.attn.proj.bias:decay_mult=1.0
2026/06/15 15:21:57 - mmengine - INFO - paramwise_options -- backbone.adapter.backbone.blocks.5.ls1.gamma:lr=1e-05
2026/06/15 15:21:57 - mmengine - INFO - paramwise_options -- backbone.adapter.backbone.blocks.5.ls1.gamma:weight_decay=0.05
2026/06/15 15:21:57 - mmengine - INFO - paramwise_options -- backbone.adapter.backbone.blocks.5.ls1.gamma:lr_mult=0.1
2026/06/15 15:21:57 - mmengine - INFO - paramwise_options -- backbone.adapter.backbone.blocks.5.ls1.gamma:decay_mult=1.0
2026/06/15 15:21:57 - mmengine - INFO - paramwise_options -- backbone.adapter.backbone.blocks.5.norm2.weight:lr=1e-05
2026/06/15 15:21:57 - mmengine - INFO - paramwise_options -- backbone.adapter.backbone.blocks.5.norm2.weight:weight_decay=0.05
2026/06/15 15:21:57 - mmengine - INFO - paramwise_options -- backbone.adapter.backbone.blocks.5.norm2.weight:lr_mult=0.1
2026/06/15 15:21:57 - mmengine - INFO - paramwise_options -- backbone.adapter.backbone.blocks.5.norm2.weight:decay_mult=1.0
2026/06/15 15:21:57 - mmengine - INFO - paramwise_options -- backbone.adapter.backbone.blocks.5.norm2.bias:lr=1e-05
2026/06/15 15:21:57 - mmengine - INFO - paramwise_options -- backbone.adapter.backbone.blocks.5.norm2.bias:weight_decay=0.05
2026/06/15 15:21:57 - mmengine - INFO - paramwise_options -- backbone.adapter.backbone.blocks.5.norm2.bias:lr_mult=0.1
2026/06/15 15:21:57 - mmengine - INFO - paramwise_options -- backbone.adapter.backbone.blocks.5.norm2.bias:decay_mult=1.0
2026/06/15 15:21:57 - mmengine - INFO - paramwise_options -- backbone.adapter.backbone.blocks.5.mlp.fc1.weight:lr=1e-05
2026/06/15 15:21:57 - mmengine - INFO - paramwise_options -- backbone.adapter.backbone.blocks.5.mlp.fc1.weight:weight_decay=0.05
2026/06/15 15:21:57 - mmengine - INFO - paramwise_options -- backbone.adapter.backbone.blocks.5.mlp.fc1.weight:lr_mult=0.1
2026/06/15 15:21:57 - mmengine - INFO - paramwise_options -- backbone.adapter.backbone.blocks.5.mlp.fc1.weight:decay_mult=1.0
2026/06/15 15:21:57 - mmengine - INFO - paramwise_options -- backbone.adapter.backbone.blocks.5.mlp.fc1.bias:lr=1e-05
2026/06/15 15:21:57 - mmengine - INFO - paramwise_options -- backbone.adapter.backbone.blocks.5.mlp.fc1.bias:weight_decay=0.05
2026/06/15 15:21:57 - mmengine - INFO - paramwise_options -- backbone.adapter.backbone.blocks.5.mlp.fc1.bias:lr_mult=0.1
2026/06/15 15:21:57 - mmengine - INFO - paramwise_options -- backbone.adapter.backbone.blocks.5.mlp.fc1.bias:decay_mult=1.0
2026/06/15 15:21:57 - mmengine - INFO - paramwise_options -- backbone.adapter.backbone.blocks.5.mlp.fc2.weight:lr=1e-05
2026/06/15 15:21:57 - mmengine - INFO - paramwise_options -- backbone.adapter.backbone.blocks.5.mlp.fc2.weight:weight_decay=0.05
2026/06/15 15:21:57 - mmengine - INFO - paramwise_options -- backbone.adapter.backbone.blocks.5.mlp.fc2.weight:lr_mult=0.1
2026/06/15 15:21:57 - mmengine - INFO - paramwise_options -- backbone.adapter.backbone.blocks.5.mlp.fc2.weight:decay_mult=1.0
2026/06/15 15:21:57 - mmengine - INFO - paramwise_options -- backbone.adapter.backbone.blocks.5.mlp.fc2.bias:lr=1e-05
2026/06/15 15:21:57 - mmengine - INFO - paramwise_options -- backbone.adapter.backbone.blocks.5.mlp.fc2.bias:weight_decay=0.05
2026/06/15 15:21:57 - mmengine - INFO - paramwise_options -- backbone.adapter.backbone.blocks.5.mlp.fc2.bias:lr_mult=0.1
2026/06/15 15:21:57 - mmengine - INFO - paramwise_options -- backbone.adapter.backbone.blocks.5.mlp.fc2.bias:decay_mult=1.0
2026/06/15 15:21:57 - mmengine - INFO - paramwise_options -- backbone.adapter.backbone.blocks.5.ls2.gamma:lr=1e-05
2026/06/15 15:21:57 - mmengine - INFO - paramwise_options -- backbone.adapter.backbone.blocks.5.ls2.gamma:weight_decay=0.05
2026/06/15 15:21:57 - mmengine - INFO - paramwise_options -- backbone.adapter.backbone.blocks.5.ls2.gamma:lr_mult=0.1
2026/06/15 15:21:57 - mmengine - INFO - paramwise_options -- backbone.adapter.backbone.blocks.5.ls2.gamma:decay_mult=1.0
2026/06/15 15:21:57 - mmengine - INFO - paramwise_options -- backbone.adapter.backbone.blocks.6.norm1.weight:lr=1e-05
2026/06/15 15:21:57 - mmengine - INFO - paramwise_options -- backbone.adapter.backbone.blocks.6.norm1.weight:weight_decay=0.05
2026/06/15 15:21:57 - mmengine - INFO - paramwise_options -- backbone.adapter.backbone.blocks.6.norm1.weight:lr_mult=0.1
2026/06/15 15:21:57 - mmengine - INFO - paramwise_options -- backbone.adapter.backbone.blocks.6.norm1.weight:decay_mult=1.0
2026/06/15 15:21:57 - mmengine - INFO - paramwise_options -- backbone.adapter.backbone.blocks.6.norm1.bias:lr=1e-05
2026/06/15 15:21:57 - mmengine - INFO - paramwise_options -- backbone.adapter.backbone.blocks.6.norm1.bias:weight_decay=0.05
2026/06/15 15:21:57 - mmengine - INFO - paramwise_options -- backbone.adapter.backbone.blocks.6.norm1.bias:lr_mult=0.1
2026/06/15 15:21:57 - mmengine - INFO - paramwise_options -- backbone.adapter.backbone.blocks.6.norm1.bias:decay_mult=1.0
2026/06/15 15:21:57 - mmengine - INFO - paramwise_options -- backbone.adapter.backbone.blocks.6.attn.qkv.weight:lr=1e-05
2026/06/15 15:21:57 - mmengine - INFO - paramwise_options -- backbone.adapter.backbone.blocks.6.attn.qkv.weight:weight_decay=0.05
2026/06/15 15:21:57 - mmengine - INFO - paramwise_options -- backbone.adapter.backbone.blocks.6.attn.qkv.weight:lr_mult=0.1
2026/06/15 15:21:57 - mmengine - INFO - paramwise_options -- backbone.adapter.backbone.blocks.6.attn.qkv.weight:decay_mult=1.0
2026/06/15 15:21:57 - mmengine - INFO - paramwise_options -- backbone.adapter.backbone.blocks.6.attn.qkv.bias:lr=1e-05
2026/06/15 15:21:57 - mmengine - INFO - paramwise_options -- backbone.adapter.backbone.blocks.6.attn.qkv.bias:weight_decay=0.05
2026/06/15 15:21:57 - mmengine - INFO - paramwise_options -- backbone.adapter.backbone.blocks.6.attn.qkv.bias:lr_mult=0.1
2026/06/15 15:21:57 - mmengine - INFO - paramwise_options -- backbone.adapter.backbone.blocks.6.attn.qkv.bias:decay_mult=1.0
2026/06/15 15:21:57 - mmengine - INFO - paramwise_options -- backbone.adapter.backbone.blocks.6.attn.proj.weight:lr=1e-05
2026/06/15 15:21:57 - mmengine - INFO - paramwise_options -- backbone.adapter.backbone.blocks.6.attn.proj.weight:weight_decay=0.05
2026/06/15 15:21:57 - mmengine - INFO - paramwise_options -- backbone.adapter.backbone.blocks.6.attn.proj.weight:lr_mult=0.1
2026/06/15 15:21:57 - mmengine - INFO - paramwise_options -- backbone.adapter.backbone.blocks.6.attn.proj.weight:decay_mult=1.0
2026/06/15 15:21:57 - mmengine - INFO - paramwise_options -- backbone.adapter.backbone.blocks.6.attn.proj.bias:lr=1e-05
2026/06/15 15:21:57 - mmengine - INFO - paramwise_options -- backbone.adapter.backbone.blocks.6.attn.proj.bias:weight_decay=0.05
2026/06/15 15:21:57 - mmengine - INFO - paramwise_options -- backbone.adapter.backbone.blocks.6.attn.proj.bias:lr_mult=0.1
2026/06/15 15:21:57 - mmengine - INFO - paramwise_options -- backbone.adapter.backbone.blocks.6.attn.proj.bias:decay_mult=1.0
2026/06/15 15:21:57 - mmengine - INFO - paramwise_options -- backbone.adapter.backbone.blocks.6.ls1.gamma:lr=1e-05
2026/06/15 15:21:57 - mmengine - INFO - paramwise_options -- backbone.adapter.backbone.blocks.6.ls1.gamma:weight_decay=0.05
2026/06/15 15:21:57 - mmengine - INFO - paramwise_options -- backbone.adapter.backbone.blocks.6.ls1.gamma:lr_mult=0.1
2026/06/15 15:21:57 - mmengine - INFO - paramwise_options -- backbone.adapter.backbone.blocks.6.ls1.gamma:decay_mult=1.0
2026/06/15 15:21:57 - mmengine - INFO - paramwise_options -- backbone.adapter.backbone.blocks.6.norm2.weight:lr=1e-05
2026/06/15 15:21:57 - mmengine - INFO - paramwise_options -- backbone.adapter.backbone.blocks.6.norm2.weight:weight_decay=0.05
2026/06/15 15:21:57 - mmengine - INFO - paramwise_options -- backbone.adapter.backbone.blocks.6.norm2.weight:lr_mult=0.1
2026/06/15 15:21:57 - mmengine - INFO - paramwise_options -- backbone.adapter.backbone.blocks.6.norm2.weight:decay_mult=1.0
2026/06/15 15:21:57 - mmengine - INFO - paramwise_options -- backbone.adapter.backbone.blocks.6.norm2.bias:lr=1e-05
2026/06/15 15:21:57 - mmengine - INFO - paramwise_options -- backbone.adapter.backbone.blocks.6.norm2.bias:weight_decay=0.05
2026/06/15 15:21:57 - mmengine - INFO - paramwise_options -- backbone.adapter.backbone.blocks.6.norm2.bias:lr_mult=0.1
2026/06/15 15:21:57 - mmengine - INFO - paramwise_options -- backbone.adapter.backbone.blocks.6.norm2.bias:decay_mult=1.0
2026/06/15 15:21:57 - mmengine - INFO - paramwise_options -- backbone.adapter.backbone.blocks.6.mlp.fc1.weight:lr=1e-05
2026/06/15 15:21:57 - mmengine - INFO - paramwise_options -- backbone.adapter.backbone.blocks.6.mlp.fc1.weight:weight_decay=0.05
2026/06/15 15:21:57 - mmengine - INFO - paramwise_options -- backbone.adapter.backbone.blocks.6.mlp.fc1.weight:lr_mult=0.1
2026/06/15 15:21:57 - mmengine - INFO - paramwise_options -- backbone.adapter.backbone.blocks.6.mlp.fc1.weight:decay_mult=1.0
2026/06/15 15:21:57 - mmengine - INFO - paramwise_options -- backbone.adapter.backbone.blocks.6.mlp.fc1.bias:lr=1e-05
2026/06/15 15:21:57 - mmengine - INFO - paramwise_options -- backbone.adapter.backbone.blocks.6.mlp.fc1.bias:weight_decay=0.05
2026/06/15 15:21:57 - mmengine - INFO - paramwise_options -- backbone.adapter.backbone.blocks.6.mlp.fc1.bias:lr_mult=0.1
2026/06/15 15:21:57 - mmengine - INFO - paramwise_options -- backbone.adapter.backbone.blocks.6.mlp.fc1.bias:decay_mult=1.0
2026/06/15 15:21:57 - mmengine - INFO - paramwise_options -- backbone.adapter.backbone.blocks.6.mlp.fc2.weight:lr=1e-05
2026/06/15 15:21:57 - mmengine - INFO - paramwise_options -- backbone.adapter.backbone.blocks.6.mlp.fc2.weight:weight_decay=0.05
2026/06/15 15:21:57 - mmengine - INFO - paramwise_options -- backbone.adapter.backbone.blocks.6.mlp.fc2.weight:lr_mult=0.1
2026/06/15 15:21:57 - mmengine - INFO - paramwise_options -- backbone.adapter.backbone.blocks.6.mlp.fc2.weight:decay_mult=1.0
2026/06/15 15:21:57 - mmengine - INFO - paramwise_options -- backbone.adapter.backbone.blocks.6.mlp.fc2.bias:lr=1e-05
2026/06/15 15:21:57 - mmengine - INFO - paramwise_options -- backbone.adapter.backbone.blocks.6.mlp.fc2.bias:weight_decay=0.05
2026/06/15 15:21:57 - mmengine - INFO - paramwise_options -- backbone.adapter.backbone.blocks.6.mlp.fc2.bias:lr_mult=0.1
2026/06/15 15:21:57 - mmengine - INFO - paramwise_options -- backbone.adapter.backbone.blocks.6.mlp.fc2.bias:decay_mult=1.0
2026/06/15 15:21:57 - mmengine - INFO - paramwise_options -- backbone.adapter.backbone.blocks.6.ls2.gamma:lr=1e-05
2026/06/15 15:21:57 - mmengine - INFO - paramwise_options -- backbone.adapter.backbone.blocks.6.ls2.gamma:weight_decay=0.05
2026/06/15 15:21:57 - mmengine - INFO - paramwise_options -- backbone.adapter.backbone.blocks.6.ls2.gamma:lr_mult=0.1
2026/06/15 15:21:57 - mmengine - INFO - paramwise_options -- backbone.adapter.backbone.blocks.6.ls2.gamma:decay_mult=1.0
2026/06/15 15:21:57 - mmengine - INFO - paramwise_options -- backbone.adapter.backbone.blocks.7.norm1.weight:lr=1e-05
2026/06/15 15:21:57 - mmengine - INFO - paramwise_options -- backbone.adapter.backbone.blocks.7.norm1.weight:weight_decay=0.05
2026/06/15 15:21:57 - mmengine - INFO - paramwise_options -- backbone.adapter.backbone.blocks.7.norm1.weight:lr_mult=0.1
2026/06/15 15:21:57 - mmengine - INFO - paramwise_options -- backbone.adapter.backbone.blocks.7.norm1.weight:decay_mult=1.0
2026/06/15 15:21:57 - mmengine - INFO - paramwise_options -- backbone.adapter.backbone.blocks.7.norm1.bias:lr=1e-05
2026/06/15 15:21:57 - mmengine - INFO - paramwise_options -- backbone.adapter.backbone.blocks.7.norm1.bias:weight_decay=0.05
2026/06/15 15:21:57 - mmengine - INFO - paramwise_options -- backbone.adapter.backbone.blocks.7.norm1.bias:lr_mult=0.1
2026/06/15 15:21:57 - mmengine - INFO - paramwise_options -- backbone.adapter.backbone.blocks.7.norm1.bias:decay_mult=1.0
2026/06/15 15:21:57 - mmengine - INFO - paramwise_options -- backbone.adapter.backbone.blocks.7.attn.qkv.weight:lr=1e-05
2026/06/15 15:21:57 - mmengine - INFO - paramwise_options -- backbone.adapter.backbone.blocks.7.attn.qkv.weight:weight_decay=0.05
2026/06/15 15:21:57 - mmengine - INFO - paramwise_options -- backbone.adapter.backbone.blocks.7.attn.qkv.weight:lr_mult=0.1
2026/06/15 15:21:57 - mmengine - INFO - paramwise_options -- backbone.adapter.backbone.blocks.7.attn.qkv.weight:decay_mult=1.0
2026/06/15 15:21:57 - mmengine - INFO - paramwise_options -- backbone.adapter.backbone.blocks.7.attn.qkv.bias:lr=1e-05
2026/06/15 15:21:57 - mmengine - INFO - paramwise_options -- backbone.adapter.backbone.blocks.7.attn.qkv.bias:weight_decay=0.05
2026/06/15 15:21:57 - mmengine - INFO - paramwise_options -- backbone.adapter.backbone.blocks.7.attn.qkv.bias:lr_mult=0.1
2026/06/15 15:21:57 - mmengine - INFO - paramwise_options -- backbone.adapter.backbone.blocks.7.attn.qkv.bias:decay_mult=1.0
2026/06/15 15:21:57 - mmengine - INFO - paramwise_options -- backbone.adapter.backbone.blocks.7.attn.proj.weight:lr=1e-05
2026/06/15 15:21:57 - mmengine - INFO - paramwise_options -- backbone.adapter.backbone.blocks.7.attn.proj.weight:weight_decay=0.05
2026/06/15 15:21:57 - mmengine - INFO - paramwise_options -- backbone.adapter.backbone.blocks.7.attn.proj.weight:lr_mult=0.1
2026/06/15 15:21:57 - mmengine - INFO - paramwise_options -- backbone.adapter.backbone.blocks.7.attn.proj.weight:decay_mult=1.0
2026/06/15 15:21:57 - mmengine - INFO - paramwise_options -- backbone.adapter.backbone.blocks.7.attn.proj.bias:lr=1e-05
2026/06/15 15:21:57 - mmengine - INFO - paramwise_options -- backbone.adapter.backbone.blocks.7.attn.proj.bias:weight_decay=0.05
2026/06/15 15:21:57 - mmengine - INFO - paramwise_options -- backbone.adapter.backbone.blocks.7.attn.proj.bias:lr_mult=0.1
2026/06/15 15:21:57 - mmengine - INFO - paramwise_options -- backbone.adapter.backbone.blocks.7.attn.proj.bias:decay_mult=1.0
2026/06/15 15:21:57 - mmengine - INFO - paramwise_options -- backbone.adapter.backbone.blocks.7.ls1.gamma:lr=1e-05
2026/06/15 15:21:57 - mmengine - INFO - paramwise_options -- backbone.adapter.backbone.blocks.7.ls1.gamma:weight_decay=0.05
2026/06/15 15:21:57 - mmengine - INFO - paramwise_options -- backbone.adapter.backbone.blocks.7.ls1.gamma:lr_mult=0.1
2026/06/15 15:21:57 - mmengine - INFO - paramwise_options -- backbone.adapter.backbone.blocks.7.ls1.gamma:decay_mult=1.0
2026/06/15 15:21:57 - mmengine - INFO - paramwise_options -- backbone.adapter.backbone.blocks.7.norm2.weight:lr=1e-05
2026/06/15 15:21:57 - mmengine - INFO - paramwise_options -- backbone.adapter.backbone.blocks.7.norm2.weight:weight_decay=0.05
2026/06/15 15:21:57 - mmengine - INFO - paramwise_options -- backbone.adapter.backbone.blocks.7.norm2.weight:lr_mult=0.1
2026/06/15 15:21:57 - mmengine - INFO - paramwise_options -- backbone.adapter.backbone.blocks.7.norm2.weight:decay_mult=1.0
2026/06/15 15:21:57 - mmengine - INFO - paramwise_options -- backbone.adapter.backbone.blocks.7.norm2.bias:lr=1e-05
2026/06/15 15:21:57 - mmengine - INFO - paramwise_options -- backbone.adapter.backbone.blocks.7.norm2.bias:weight_decay=0.05
2026/06/15 15:21:57 - mmengine - INFO - paramwise_options -- backbone.adapter.backbone.blocks.7.norm2.bias:lr_mult=0.1
2026/06/15 15:21:57 - mmengine - INFO - paramwise_options -- backbone.adapter.backbone.blocks.7.norm2.bias:decay_mult=1.0
2026/06/15 15:21:57 - mmengine - INFO - paramwise_options -- backbone.adapter.backbone.blocks.7.mlp.fc1.weight:lr=1e-05
2026/06/15 15:21:57 - mmengine - INFO - paramwise_options -- backbone.adapter.backbone.blocks.7.mlp.fc1.weight:weight_decay=0.05
2026/06/15 15:21:57 - mmengine - INFO - paramwise_options -- backbone.adapter.backbone.blocks.7.mlp.fc1.weight:lr_mult=0.1
2026/06/15 15:21:57 - mmengine - INFO - paramwise_options -- backbone.adapter.backbone.blocks.7.mlp.fc1.weight:decay_mult=1.0
2026/06/15 15:21:57 - mmengine - INFO - paramwise_options -- backbone.adapter.backbone.blocks.7.mlp.fc1.bias:lr=1e-05
2026/06/15 15:21:57 - mmengine - INFO - paramwise_options -- backbone.adapter.backbone.blocks.7.mlp.fc1.bias:weight_decay=0.05
2026/06/15 15:21:57 - mmengine - INFO - paramwise_options -- backbone.adapter.backbone.blocks.7.mlp.fc1.bias:lr_mult=0.1
2026/06/15 15:21:57 - mmengine - INFO - paramwise_options -- backbone.adapter.backbone.blocks.7.mlp.fc1.bias:decay_mult=1.0
2026/06/15 15:21:57 - mmengine - INFO - paramwise_options -- backbone.adapter.backbone.blocks.7.mlp.fc2.weight:lr=1e-05
2026/06/15 15:21:57 - mmengine - INFO - paramwise_options -- backbone.adapter.backbone.blocks.7.mlp.fc2.weight:weight_decay=0.05
2026/06/15 15:21:57 - mmengine - INFO - paramwise_options -- backbone.adapter.backbone.blocks.7.mlp.fc2.weight:lr_mult=0.1
2026/06/15 15:21:57 - mmengine - INFO - paramwise_options -- backbone.adapter.backbone.blocks.7.mlp.fc2.weight:decay_mult=1.0
2026/06/15 15:21:57 - mmengine - INFO - paramwise_options -- backbone.adapter.backbone.blocks.7.mlp.fc2.bias:lr=1e-05
2026/06/15 15:21:57 - mmengine - INFO - paramwise_options -- backbone.adapter.backbone.blocks.7.mlp.fc2.bias:weight_decay=0.05
2026/06/15 15:21:57 - mmengine - INFO - paramwise_options -- backbone.adapter.backbone.blocks.7.mlp.fc2.bias:lr_mult=0.1
2026/06/15 15:21:57 - mmengine - INFO - paramwise_options -- backbone.adapter.backbone.blocks.7.mlp.fc2.bias:decay_mult=1.0
2026/06/15 15:21:57 - mmengine - INFO - paramwise_options -- backbone.adapter.backbone.blocks.7.ls2.gamma:lr=1e-05
2026/06/15 15:21:57 - mmengine - INFO - paramwise_options -- backbone.adapter.backbone.blocks.7.ls2.gamma:weight_decay=0.05
2026/06/15 15:21:57 - mmengine - INFO - paramwise_options -- backbone.adapter.backbone.blocks.7.ls2.gamma:lr_mult=0.1
2026/06/15 15:21:57 - mmengine - INFO - paramwise_options -- backbone.adapter.backbone.blocks.7.ls2.gamma:decay_mult=1.0
2026/06/15 15:21:57 - mmengine - INFO - paramwise_options -- backbone.adapter.backbone.blocks.8.norm1.weight:lr=1e-05
2026/06/15 15:21:57 - mmengine - INFO - paramwise_options -- backbone.adapter.backbone.blocks.8.norm1.weight:weight_decay=0.05
2026/06/15 15:21:57 - mmengine - INFO - paramwise_options -- backbone.adapter.backbone.blocks.8.norm1.weight:lr_mult=0.1
2026/06/15 15:21:57 - mmengine - INFO - paramwise_options -- backbone.adapter.backbone.blocks.8.norm1.weight:decay_mult=1.0
2026/06/15 15:21:57 - mmengine - INFO - paramwise_options -- backbone.adapter.backbone.blocks.8.norm1.bias:lr=1e-05
2026/06/15 15:21:57 - mmengine - INFO - paramwise_options -- backbone.adapter.backbone.blocks.8.norm1.bias:weight_decay=0.05
2026/06/15 15:21:57 - mmengine - INFO - paramwise_options -- backbone.adapter.backbone.blocks.8.norm1.bias:lr_mult=0.1
2026/06/15 15:21:57 - mmengine - INFO - paramwise_options -- backbone.adapter.backbone.blocks.8.norm1.bias:decay_mult=1.0
2026/06/15 15:21:57 - mmengine - INFO - paramwise_options -- backbone.adapter.backbone.blocks.8.attn.qkv.weight:lr=1e-05
2026/06/15 15:21:57 - mmengine - INFO - paramwise_options -- backbone.adapter.backbone.blocks.8.attn.qkv.weight:weight_decay=0.05
2026/06/15 15:21:57 - mmengine - INFO - paramwise_options -- backbone.adapter.backbone.blocks.8.attn.qkv.weight:lr_mult=0.1
2026/06/15 15:21:57 - mmengine - INFO - paramwise_options -- backbone.adapter.backbone.blocks.8.attn.qkv.weight:decay_mult=1.0
2026/06/15 15:21:57 - mmengine - INFO - paramwise_options -- backbone.adapter.backbone.blocks.8.attn.qkv.bias:lr=1e-05
2026/06/15 15:21:57 - mmengine - INFO - paramwise_options -- backbone.adapter.backbone.blocks.8.attn.qkv.bias:weight_decay=0.05
2026/06/15 15:21:57 - mmengine - INFO - paramwise_options -- backbone.adapter.backbone.blocks.8.attn.qkv.bias:lr_mult=0.1
2026/06/15 15:21:57 - mmengine - INFO - paramwise_options -- backbone.adapter.backbone.blocks.8.attn.qkv.bias:decay_mult=1.0
2026/06/15 15:21:57 - mmengine - INFO - paramwise_options -- backbone.adapter.backbone.blocks.8.attn.proj.weight:lr=1e-05
2026/06/15 15:21:57 - mmengine - INFO - paramwise_options -- backbone.adapter.backbone.blocks.8.attn.proj.weight:weight_decay=0.05
2026/06/15 15:21:57 - mmengine - INFO - paramwise_options -- backbone.adapter.backbone.blocks.8.attn.proj.weight:lr_mult=0.1
2026/06/15 15:21:57 - mmengine - INFO - paramwise_options -- backbone.adapter.backbone.blocks.8.attn.proj.weight:decay_mult=1.0
2026/06/15 15:21:57 - mmengine - INFO - paramwise_options -- backbone.adapter.backbone.blocks.8.attn.proj.bias:lr=1e-05
2026/06/15 15:21:57 - mmengine - INFO - paramwise_options -- backbone.adapter.backbone.blocks.8.attn.proj.bias:weight_decay=0.05
2026/06/15 15:21:57 - mmengine - INFO - paramwise_options -- backbone.adapter.backbone.blocks.8.attn.proj.bias:lr_mult=0.1
2026/06/15 15:21:57 - mmengine - INFO - paramwise_options -- backbone.adapter.backbone.blocks.8.attn.proj.bias:decay_mult=1.0
2026/06/15 15:21:57 - mmengine - INFO - paramwise_options -- backbone.adapter.backbone.blocks.8.ls1.gamma:lr=1e-05
2026/06/15 15:21:57 - mmengine - INFO - paramwise_options -- backbone.adapter.backbone.blocks.8.ls1.gamma:weight_decay=0.05
2026/06/15 15:21:57 - mmengine - INFO - paramwise_options -- backbone.adapter.backbone.blocks.8.ls1.gamma:lr_mult=0.1
2026/06/15 15:21:57 - mmengine - INFO - paramwise_options -- backbone.adapter.backbone.blocks.8.ls1.gamma:decay_mult=1.0
2026/06/15 15:21:57 - mmengine - INFO - paramwise_options -- backbone.adapter.backbone.blocks.8.norm2.weight:lr=1e-05
2026/06/15 15:21:57 - mmengine - INFO - paramwise_options -- backbone.adapter.backbone.blocks.8.norm2.weight:weight_decay=0.05
2026/06/15 15:21:57 - mmengine - INFO - paramwise_options -- backbone.adapter.backbone.blocks.8.norm2.weight:lr_mult=0.1
2026/06/15 15:21:57 - mmengine - INFO - paramwise_options -- backbone.adapter.backbone.blocks.8.norm2.weight:decay_mult=1.0
2026/06/15 15:21:57 - mmengine - INFO - paramwise_options -- backbone.adapter.backbone.blocks.8.norm2.bias:lr=1e-05
2026/06/15 15:21:57 - mmengine - INFO - paramwise_options -- backbone.adapter.backbone.blocks.8.norm2.bias:weight_decay=0.05
2026/06/15 15:21:57 - mmengine - INFO - paramwise_options -- backbone.adapter.backbone.blocks.8.norm2.bias:lr_mult=0.1
2026/06/15 15:21:57 - mmengine - INFO - paramwise_options -- backbone.adapter.backbone.blocks.8.norm2.bias:decay_mult=1.0
2026/06/15 15:21:57 - mmengine - INFO - paramwise_options -- backbone.adapter.backbone.blocks.8.mlp.fc1.weight:lr=1e-05
2026/06/15 15:21:57 - mmengine - INFO - paramwise_options -- backbone.adapter.backbone.blocks.8.mlp.fc1.weight:weight_decay=0.05
2026/06/15 15:21:57 - mmengine - INFO - paramwise_options -- backbone.adapter.backbone.blocks.8.mlp.fc1.weight:lr_mult=0.1
2026/06/15 15:21:57 - mmengine - INFO - paramwise_options -- backbone.adapter.backbone.blocks.8.mlp.fc1.weight:decay_mult=1.0
2026/06/15 15:21:57 - mmengine - INFO - paramwise_options -- backbone.adapter.backbone.blocks.8.mlp.fc1.bias:lr=1e-05
2026/06/15 15:21:57 - mmengine - INFO - paramwise_options -- backbone.adapter.backbone.blocks.8.mlp.fc1.bias:weight_decay=0.05
2026/06/15 15:21:57 - mmengine - INFO - paramwise_options -- backbone.adapter.backbone.blocks.8.mlp.fc1.bias:lr_mult=0.1
2026/06/15 15:21:57 - mmengine - INFO - paramwise_options -- backbone.adapter.backbone.blocks.8.mlp.fc1.bias:decay_mult=1.0
2026/06/15 15:21:57 - mmengine - INFO - paramwise_options -- backbone.adapter.backbone.blocks.8.mlp.fc2.weight:lr=1e-05
2026/06/15 15:21:57 - mmengine - INFO - paramwise_options -- backbone.adapter.backbone.blocks.8.mlp.fc2.weight:weight_decay=0.05
2026/06/15 15:21:57 - mmengine - INFO - paramwise_options -- backbone.adapter.backbone.blocks.8.mlp.fc2.weight:lr_mult=0.1
2026/06/15 15:21:57 - mmengine - INFO - paramwise_options -- backbone.adapter.backbone.blocks.8.mlp.fc2.weight:decay_mult=1.0
2026/06/15 15:21:57 - mmengine - INFO - paramwise_options -- backbone.adapter.backbone.blocks.8.mlp.fc2.bias:lr=1e-05
2026/06/15 15:21:57 - mmengine - INFO - paramwise_options -- backbone.adapter.backbone.blocks.8.mlp.fc2.bias:weight_decay=0.05
2026/06/15 15:21:57 - mmengine - INFO - paramwise_options -- backbone.adapter.backbone.blocks.8.mlp.fc2.bias:lr_mult=0.1
2026/06/15 15:21:57 - mmengine - INFO - paramwise_options -- backbone.adapter.backbone.blocks.8.mlp.fc2.bias:decay_mult=1.0
2026/06/15 15:21:57 - mmengine - INFO - paramwise_options -- backbone.adapter.backbone.blocks.8.ls2.gamma:lr=1e-05
2026/06/15 15:21:57 - mmengine - INFO - paramwise_options -- backbone.adapter.backbone.blocks.8.ls2.gamma:weight_decay=0.05
2026/06/15 15:21:57 - mmengine - INFO - paramwise_options -- backbone.adapter.backbone.blocks.8.ls2.gamma:lr_mult=0.1
2026/06/15 15:21:57 - mmengine - INFO - paramwise_options -- backbone.adapter.backbone.blocks.8.ls2.gamma:decay_mult=1.0
2026/06/15 15:21:57 - mmengine - INFO - paramwise_options -- backbone.adapter.backbone.blocks.9.norm1.weight:lr=1e-05
2026/06/15 15:21:57 - mmengine - INFO - paramwise_options -- backbone.adapter.backbone.blocks.9.norm1.weight:weight_decay=0.05
2026/06/15 15:21:57 - mmengine - INFO - paramwise_options -- backbone.adapter.backbone.blocks.9.norm1.weight:lr_mult=0.1
2026/06/15 15:21:57 - mmengine - INFO - paramwise_options -- backbone.adapter.backbone.blocks.9.norm1.weight:decay_mult=1.0
2026/06/15 15:21:57 - mmengine - INFO - paramwise_options -- backbone.adapter.backbone.blocks.9.norm1.bias:lr=1e-05
2026/06/15 15:21:57 - mmengine - INFO - paramwise_options -- backbone.adapter.backbone.blocks.9.norm1.bias:weight_decay=0.05
2026/06/15 15:21:57 - mmengine - INFO - paramwise_options -- backbone.adapter.backbone.blocks.9.norm1.bias:lr_mult=0.1
2026/06/15 15:21:57 - mmengine - INFO - paramwise_options -- backbone.adapter.backbone.blocks.9.norm1.bias:decay_mult=1.0
2026/06/15 15:21:57 - mmengine - INFO - paramwise_options -- backbone.adapter.backbone.blocks.9.attn.qkv.weight:lr=1e-05
2026/06/15 15:21:57 - mmengine - INFO - paramwise_options -- backbone.adapter.backbone.blocks.9.attn.qkv.weight:weight_decay=0.05
2026/06/15 15:21:57 - mmengine - INFO - paramwise_options -- backbone.adapter.backbone.blocks.9.attn.qkv.weight:lr_mult=0.1
2026/06/15 15:21:57 - mmengine - INFO - paramwise_options -- backbone.adapter.backbone.blocks.9.attn.qkv.weight:decay_mult=1.0
2026/06/15 15:21:57 - mmengine - INFO - paramwise_options -- backbone.adapter.backbone.blocks.9.attn.qkv.bias:lr=1e-05
2026/06/15 15:21:57 - mmengine - INFO - paramwise_options -- backbone.adapter.backbone.blocks.9.attn.qkv.bias:weight_decay=0.05
2026/06/15 15:21:57 - mmengine - INFO - paramwise_options -- backbone.adapter.backbone.blocks.9.attn.qkv.bias:lr_mult=0.1
2026/06/15 15:21:57 - mmengine - INFO - paramwise_options -- backbone.adapter.backbone.blocks.9.attn.qkv.bias:decay_mult=1.0
2026/06/15 15:21:57 - mmengine - INFO - paramwise_options -- backbone.adapter.backbone.blocks.9.attn.proj.weight:lr=1e-05
2026/06/15 15:21:57 - mmengine - INFO - paramwise_options -- backbone.adapter.backbone.blocks.9.attn.proj.weight:weight_decay=0.05
2026/06/15 15:21:57 - mmengine - INFO - paramwise_options -- backbone.adapter.backbone.blocks.9.attn.proj.weight:lr_mult=0.1
2026/06/15 15:21:57 - mmengine - INFO - paramwise_options -- backbone.adapter.backbone.blocks.9.attn.proj.weight:decay_mult=1.0
2026/06/15 15:21:57 - mmengine - INFO - paramwise_options -- backbone.adapter.backbone.blocks.9.attn.proj.bias:lr=1e-05
2026/06/15 15:21:57 - mmengine - INFO - paramwise_options -- backbone.adapter.backbone.blocks.9.attn.proj.bias:weight_decay=0.05
2026/06/15 15:21:57 - mmengine - INFO - paramwise_options -- backbone.adapter.backbone.blocks.9.attn.proj.bias:lr_mult=0.1
2026/06/15 15:21:57 - mmengine - INFO - paramwise_options -- backbone.adapter.backbone.blocks.9.attn.proj.bias:decay_mult=1.0
2026/06/15 15:21:57 - mmengine - INFO - paramwise_options -- backbone.adapter.backbone.blocks.9.ls1.gamma:lr=1e-05
2026/06/15 15:21:57 - mmengine - INFO - paramwise_options -- backbone.adapter.backbone.blocks.9.ls1.gamma:weight_decay=0.05
2026/06/15 15:21:57 - mmengine - INFO - paramwise_options -- backbone.adapter.backbone.blocks.9.ls1.gamma:lr_mult=0.1
2026/06/15 15:21:57 - mmengine - INFO - paramwise_options -- backbone.adapter.backbone.blocks.9.ls1.gamma:decay_mult=1.0
2026/06/15 15:21:57 - mmengine - INFO - paramwise_options -- backbone.adapter.backbone.blocks.9.norm2.weight:lr=1e-05
2026/06/15 15:21:57 - mmengine - INFO - paramwise_options -- backbone.adapter.backbone.blocks.9.norm2.weight:weight_decay=0.05
2026/06/15 15:21:57 - mmengine - INFO - paramwise_options -- backbone.adapter.backbone.blocks.9.norm2.weight:lr_mult=0.1
2026/06/15 15:21:57 - mmengine - INFO - paramwise_options -- backbone.adapter.backbone.blocks.9.norm2.weight:decay_mult=1.0
2026/06/15 15:21:57 - mmengine - INFO - paramwise_options -- backbone.adapter.backbone.blocks.9.norm2.bias:lr=1e-05
2026/06/15 15:21:57 - mmengine - INFO - paramwise_options -- backbone.adapter.backbone.blocks.9.norm2.bias:weight_decay=0.05
2026/06/15 15:21:57 - mmengine - INFO - paramwise_options -- backbone.adapter.backbone.blocks.9.norm2.bias:lr_mult=0.1
2026/06/15 15:21:57 - mmengine - INFO - paramwise_options -- backbone.adapter.backbone.blocks.9.norm2.bias:decay_mult=1.0
2026/06/15 15:21:57 - mmengine - INFO - paramwise_options -- backbone.adapter.backbone.blocks.9.mlp.fc1.weight:lr=1e-05
2026/06/15 15:21:57 - mmengine - INFO - paramwise_options -- backbone.adapter.backbone.blocks.9.mlp.fc1.weight:weight_decay=0.05
2026/06/15 15:21:57 - mmengine - INFO - paramwise_options -- backbone.adapter.backbone.blocks.9.mlp.fc1.weight:lr_mult=0.1
2026/06/15 15:21:57 - mmengine - INFO - paramwise_options -- backbone.adapter.backbone.blocks.9.mlp.fc1.weight:decay_mult=1.0
2026/06/15 15:21:57 - mmengine - INFO - paramwise_options -- backbone.adapter.backbone.blocks.9.mlp.fc1.bias:lr=1e-05
2026/06/15 15:21:57 - mmengine - INFO - paramwise_options -- backbone.adapter.backbone.blocks.9.mlp.fc1.bias:weight_decay=0.05
2026/06/15 15:21:57 - mmengine - INFO - paramwise_options -- backbone.adapter.backbone.blocks.9.mlp.fc1.bias:lr_mult=0.1
2026/06/15 15:21:57 - mmengine - INFO - paramwise_options -- backbone.adapter.backbone.blocks.9.mlp.fc1.bias:decay_mult=1.0
2026/06/15 15:21:57 - mmengine - INFO - paramwise_options -- backbone.adapter.backbone.blocks.9.mlp.fc2.weight:lr=1e-05
2026/06/15 15:21:57 - mmengine - INFO - paramwise_options -- backbone.adapter.backbone.blocks.9.mlp.fc2.weight:weight_decay=0.05
2026/06/15 15:21:57 - mmengine - INFO - paramwise_options -- backbone.adapter.backbone.blocks.9.mlp.fc2.weight:lr_mult=0.1
2026/06/15 15:21:57 - mmengine - INFO - paramwise_options -- backbone.adapter.backbone.blocks.9.mlp.fc2.weight:decay_mult=1.0
2026/06/15 15:21:57 - mmengine - INFO - paramwise_options -- backbone.adapter.backbone.blocks.9.mlp.fc2.bias:lr=1e-05
2026/06/15 15:21:57 - mmengine - INFO - paramwise_options -- backbone.adapter.backbone.blocks.9.mlp.fc2.bias:weight_decay=0.05
2026/06/15 15:21:57 - mmengine - INFO - paramwise_options -- backbone.adapter.backbone.blocks.9.mlp.fc2.bias:lr_mult=0.1
2026/06/15 15:21:57 - mmengine - INFO - paramwise_options -- backbone.adapter.backbone.blocks.9.mlp.fc2.bias:decay_mult=1.0
2026/06/15 15:21:57 - mmengine - INFO - paramwise_options -- backbone.adapter.backbone.blocks.9.ls2.gamma:lr=1e-05
2026/06/15 15:21:57 - mmengine - INFO - paramwise_options -- backbone.adapter.backbone.blocks.9.ls2.gamma:weight_decay=0.05
2026/06/15 15:21:57 - mmengine - INFO - paramwise_options -- backbone.adapter.backbone.blocks.9.ls2.gamma:lr_mult=0.1
2026/06/15 15:21:57 - mmengine - INFO - paramwise_options -- backbone.adapter.backbone.blocks.9.ls2.gamma:decay_mult=1.0
2026/06/15 15:21:57 - mmengine - INFO - paramwise_options -- backbone.adapter.backbone.blocks.10.norm1.weight:lr=1e-05
2026/06/15 15:21:57 - mmengine - INFO - paramwise_options -- backbone.adapter.backbone.blocks.10.norm1.weight:weight_decay=0.05
2026/06/15 15:21:57 - mmengine - INFO - paramwise_options -- backbone.adapter.backbone.blocks.10.norm1.weight:lr_mult=0.1
2026/06/15 15:21:57 - mmengine - INFO - paramwise_options -- backbone.adapter.backbone.blocks.10.norm1.weight:decay_mult=1.0
2026/06/15 15:21:57 - mmengine - INFO - paramwise_options -- backbone.adapter.backbone.blocks.10.norm1.bias:lr=1e-05
2026/06/15 15:21:57 - mmengine - INFO - paramwise_options -- backbone.adapter.backbone.blocks.10.norm1.bias:weight_decay=0.05
2026/06/15 15:21:57 - mmengine - INFO - paramwise_options -- backbone.adapter.backbone.blocks.10.norm1.bias:lr_mult=0.1
2026/06/15 15:21:57 - mmengine - INFO - paramwise_options -- backbone.adapter.backbone.blocks.10.norm1.bias:decay_mult=1.0
2026/06/15 15:21:57 - mmengine - INFO - paramwise_options -- backbone.adapter.backbone.blocks.10.attn.qkv.weight:lr=1e-05
2026/06/15 15:21:57 - mmengine - INFO - paramwise_options -- backbone.adapter.backbone.blocks.10.attn.qkv.weight:weight_decay=0.05
2026/06/15 15:21:57 - mmengine - INFO - paramwise_options -- backbone.adapter.backbone.blocks.10.attn.qkv.weight:lr_mult=0.1
2026/06/15 15:21:57 - mmengine - INFO - paramwise_options -- backbone.adapter.backbone.blocks.10.attn.qkv.weight:decay_mult=1.0
2026/06/15 15:21:57 - mmengine - INFO - paramwise_options -- backbone.adapter.backbone.blocks.10.attn.qkv.bias:lr=1e-05
2026/06/15 15:21:57 - mmengine - INFO - paramwise_options -- backbone.adapter.backbone.blocks.10.attn.qkv.bias:weight_decay=0.05
2026/06/15 15:21:57 - mmengine - INFO - paramwise_options -- backbone.adapter.backbone.blocks.10.attn.qkv.bias:lr_mult=0.1
2026/06/15 15:21:57 - mmengine - INFO - paramwise_options -- backbone.adapter.backbone.blocks.10.attn.qkv.bias:decay_mult=1.0
2026/06/15 15:21:57 - mmengine - INFO - paramwise_options -- backbone.adapter.backbone.blocks.10.attn.proj.weight:lr=1e-05
2026/06/15 15:21:57 - mmengine - INFO - paramwise_options -- backbone.adapter.backbone.blocks.10.attn.proj.weight:weight_decay=0.05
2026/06/15 15:21:57 - mmengine - INFO - paramwise_options -- backbone.adapter.backbone.blocks.10.attn.proj.weight:lr_mult=0.1
2026/06/15 15:21:57 - mmengine - INFO - paramwise_options -- backbone.adapter.backbone.blocks.10.attn.proj.weight:decay_mult=1.0
2026/06/15 15:21:57 - mmengine - INFO - paramwise_options -- backbone.adapter.backbone.blocks.10.attn.proj.bias:lr=1e-05
2026/06/15 15:21:57 - mmengine - INFO - paramwise_options -- backbone.adapter.backbone.blocks.10.attn.proj.bias:weight_decay=0.05
2026/06/15 15:21:57 - mmengine - INFO - paramwise_options -- backbone.adapter.backbone.blocks.10.attn.proj.bias:lr_mult=0.1
2026/06/15 15:21:57 - mmengine - INFO - paramwise_options -- backbone.adapter.backbone.blocks.10.attn.proj.bias:decay_mult=1.0
2026/06/15 15:21:57 - mmengine - INFO - paramwise_options -- backbone.adapter.backbone.blocks.10.ls1.gamma:lr=1e-05
2026/06/15 15:21:57 - mmengine - INFO - paramwise_options -- backbone.adapter.backbone.blocks.10.ls1.gamma:weight_decay=0.05
2026/06/15 15:21:57 - mmengine - INFO - paramwise_options -- backbone.adapter.backbone.blocks.10.ls1.gamma:lr_mult=0.1
2026/06/15 15:21:57 - mmengine - INFO - paramwise_options -- backbone.adapter.backbone.blocks.10.ls1.gamma:decay_mult=1.0
2026/06/15 15:21:57 - mmengine - INFO - paramwise_options -- backbone.adapter.backbone.blocks.10.norm2.weight:lr=1e-05
2026/06/15 15:21:57 - mmengine - INFO - paramwise_options -- backbone.adapter.backbone.blocks.10.norm2.weight:weight_decay=0.05
2026/06/15 15:21:57 - mmengine - INFO - paramwise_options -- backbone.adapter.backbone.blocks.10.norm2.weight:lr_mult=0.1
2026/06/15 15:21:57 - mmengine - INFO - paramwise_options -- backbone.adapter.backbone.blocks.10.norm2.weight:decay_mult=1.0
2026/06/15 15:21:57 - mmengine - INFO - paramwise_options -- backbone.adapter.backbone.blocks.10.norm2.bias:lr=1e-05
2026/06/15 15:21:57 - mmengine - INFO - paramwise_options -- backbone.adapter.backbone.blocks.10.norm2.bias:weight_decay=0.05
2026/06/15 15:21:57 - mmengine - INFO - paramwise_options -- backbone.adapter.backbone.blocks.10.norm2.bias:lr_mult=0.1
2026/06/15 15:21:57 - mmengine - INFO - paramwise_options -- backbone.adapter.backbone.blocks.10.norm2.bias:decay_mult=1.0
2026/06/15 15:21:57 - mmengine - INFO - paramwise_options -- backbone.adapter.backbone.blocks.10.mlp.fc1.weight:lr=1e-05
2026/06/15 15:21:57 - mmengine - INFO - paramwise_options -- backbone.adapter.backbone.blocks.10.mlp.fc1.weight:weight_decay=0.05
2026/06/15 15:21:57 - mmengine - INFO - paramwise_options -- backbone.adapter.backbone.blocks.10.mlp.fc1.weight:lr_mult=0.1
2026/06/15 15:21:57 - mmengine - INFO - paramwise_options -- backbone.adapter.backbone.blocks.10.mlp.fc1.weight:decay_mult=1.0
2026/06/15 15:21:57 - mmengine - INFO - paramwise_options -- backbone.adapter.backbone.blocks.10.mlp.fc1.bias:lr=1e-05
2026/06/15 15:21:57 - mmengine - INFO - paramwise_options -- backbone.adapter.backbone.blocks.10.mlp.fc1.bias:weight_decay=0.05
2026/06/15 15:21:57 - mmengine - INFO - paramwise_options -- backbone.adapter.backbone.blocks.10.mlp.fc1.bias:lr_mult=0.1
2026/06/15 15:21:57 - mmengine - INFO - paramwise_options -- backbone.adapter.backbone.blocks.10.mlp.fc1.bias:decay_mult=1.0
2026/06/15 15:21:57 - mmengine - INFO - paramwise_options -- backbone.adapter.backbone.blocks.10.mlp.fc2.weight:lr=1e-05
2026/06/15 15:21:57 - mmengine - INFO - paramwise_options -- backbone.adapter.backbone.blocks.10.mlp.fc2.weight:weight_decay=0.05
2026/06/15 15:21:57 - mmengine - INFO - paramwise_options -- backbone.adapter.backbone.blocks.10.mlp.fc2.weight:lr_mult=0.1
2026/06/15 15:21:57 - mmengine - INFO - paramwise_options -- backbone.adapter.backbone.blocks.10.mlp.fc2.weight:decay_mult=1.0
2026/06/15 15:21:57 - mmengine - INFO - paramwise_options -- backbone.adapter.backbone.blocks.10.mlp.fc2.bias:lr=1e-05
2026/06/15 15:21:57 - mmengine - INFO - paramwise_options -- backbone.adapter.backbone.blocks.10.mlp.fc2.bias:weight_decay=0.05
2026/06/15 15:21:57 - mmengine - INFO - paramwise_options -- backbone.adapter.backbone.blocks.10.mlp.fc2.bias:lr_mult=0.1
2026/06/15 15:21:57 - mmengine - INFO - paramwise_options -- backbone.adapter.backbone.blocks.10.mlp.fc2.bias:decay_mult=1.0
2026/06/15 15:21:57 - mmengine - INFO - paramwise_options -- backbone.adapter.backbone.blocks.10.ls2.gamma:lr=1e-05
2026/06/15 15:21:57 - mmengine - INFO - paramwise_options -- backbone.adapter.backbone.blocks.10.ls2.gamma:weight_decay=0.05
2026/06/15 15:21:57 - mmengine - INFO - paramwise_options -- backbone.adapter.backbone.blocks.10.ls2.gamma:lr_mult=0.1
2026/06/15 15:21:57 - mmengine - INFO - paramwise_options -- backbone.adapter.backbone.blocks.10.ls2.gamma:decay_mult=1.0
2026/06/15 15:21:57 - mmengine - INFO - paramwise_options -- backbone.adapter.backbone.blocks.11.norm1.weight:lr=1e-05
2026/06/15 15:21:57 - mmengine - INFO - paramwise_options -- backbone.adapter.backbone.blocks.11.norm1.weight:weight_decay=0.05
2026/06/15 15:21:57 - mmengine - INFO - paramwise_options -- backbone.adapter.backbone.blocks.11.norm1.weight:lr_mult=0.1
2026/06/15 15:21:57 - mmengine - INFO - paramwise_options -- backbone.adapter.backbone.blocks.11.norm1.weight:decay_mult=1.0
2026/06/15 15:21:57 - mmengine - INFO - paramwise_options -- backbone.adapter.backbone.blocks.11.norm1.bias:lr=1e-05
2026/06/15 15:21:57 - mmengine - INFO - paramwise_options -- backbone.adapter.backbone.blocks.11.norm1.bias:weight_decay=0.05
2026/06/15 15:21:57 - mmengine - INFO - paramwise_options -- backbone.adapter.backbone.blocks.11.norm1.bias:lr_mult=0.1
2026/06/15 15:21:57 - mmengine - INFO - paramwise_options -- backbone.adapter.backbone.blocks.11.norm1.bias:decay_mult=1.0
2026/06/15 15:21:57 - mmengine - INFO - paramwise_options -- backbone.adapter.backbone.blocks.11.attn.qkv.weight:lr=1e-05
2026/06/15 15:21:57 - mmengine - INFO - paramwise_options -- backbone.adapter.backbone.blocks.11.attn.qkv.weight:weight_decay=0.05
2026/06/15 15:21:57 - mmengine - INFO - paramwise_options -- backbone.adapter.backbone.blocks.11.attn.qkv.weight:lr_mult=0.1
2026/06/15 15:21:57 - mmengine - INFO - paramwise_options -- backbone.adapter.backbone.blocks.11.attn.qkv.weight:decay_mult=1.0
2026/06/15 15:21:57 - mmengine - INFO - paramwise_options -- backbone.adapter.backbone.blocks.11.attn.qkv.bias:lr=1e-05
2026/06/15 15:21:57 - mmengine - INFO - paramwise_options -- backbone.adapter.backbone.blocks.11.attn.qkv.bias:weight_decay=0.05
2026/06/15 15:21:57 - mmengine - INFO - paramwise_options -- backbone.adapter.backbone.blocks.11.attn.qkv.bias:lr_mult=0.1
2026/06/15 15:21:57 - mmengine - INFO - paramwise_options -- backbone.adapter.backbone.blocks.11.attn.qkv.bias:decay_mult=1.0
2026/06/15 15:21:57 - mmengine - INFO - paramwise_options -- backbone.adapter.backbone.blocks.11.attn.proj.weight:lr=1e-05
2026/06/15 15:21:57 - mmengine - INFO - paramwise_options -- backbone.adapter.backbone.blocks.11.attn.proj.weight:weight_decay=0.05
2026/06/15 15:21:57 - mmengine - INFO - paramwise_options -- backbone.adapter.backbone.blocks.11.attn.proj.weight:lr_mult=0.1
2026/06/15 15:21:57 - mmengine - INFO - paramwise_options -- backbone.adapter.backbone.blocks.11.attn.proj.weight:decay_mult=1.0
2026/06/15 15:21:57 - mmengine - INFO - paramwise_options -- backbone.adapter.backbone.blocks.11.attn.proj.bias:lr=1e-05
2026/06/15 15:21:57 - mmengine - INFO - paramwise_options -- backbone.adapter.backbone.blocks.11.attn.proj.bias:weight_decay=0.05
2026/06/15 15:21:57 - mmengine - INFO - paramwise_options -- backbone.adapter.backbone.blocks.11.attn.proj.bias:lr_mult=0.1
2026/06/15 15:21:57 - mmengine - INFO - paramwise_options -- backbone.adapter.backbone.blocks.11.attn.proj.bias:decay_mult=1.0
2026/06/15 15:21:57 - mmengine - INFO - paramwise_options -- backbone.adapter.backbone.blocks.11.ls1.gamma:lr=1e-05
2026/06/15 15:21:57 - mmengine - INFO - paramwise_options -- backbone.adapter.backbone.blocks.11.ls1.gamma:weight_decay=0.05
2026/06/15 15:21:57 - mmengine - INFO - paramwise_options -- backbone.adapter.backbone.blocks.11.ls1.gamma:lr_mult=0.1
2026/06/15 15:21:57 - mmengine - INFO - paramwise_options -- backbone.adapter.backbone.blocks.11.ls1.gamma:decay_mult=1.0
2026/06/15 15:21:57 - mmengine - INFO - paramwise_options -- backbone.adapter.backbone.blocks.11.norm2.weight:lr=1e-05
2026/06/15 15:21:57 - mmengine - INFO - paramwise_options -- backbone.adapter.backbone.blocks.11.norm2.weight:weight_decay=0.05
2026/06/15 15:21:57 - mmengine - INFO - paramwise_options -- backbone.adapter.backbone.blocks.11.norm2.weight:lr_mult=0.1
2026/06/15 15:21:57 - mmengine - INFO - paramwise_options -- backbone.adapter.backbone.blocks.11.norm2.weight:decay_mult=1.0
2026/06/15 15:21:57 - mmengine - INFO - paramwise_options -- backbone.adapter.backbone.blocks.11.norm2.bias:lr=1e-05
2026/06/15 15:21:57 - mmengine - INFO - paramwise_options -- backbone.adapter.backbone.blocks.11.norm2.bias:weight_decay=0.05
2026/06/15 15:21:57 - mmengine - INFO - paramwise_options -- backbone.adapter.backbone.blocks.11.norm2.bias:lr_mult=0.1
2026/06/15 15:21:57 - mmengine - INFO - paramwise_options -- backbone.adapter.backbone.blocks.11.norm2.bias:decay_mult=1.0
2026/06/15 15:21:57 - mmengine - INFO - paramwise_options -- backbone.adapter.backbone.blocks.11.mlp.fc1.weight:lr=1e-05
2026/06/15 15:21:57 - mmengine - INFO - paramwise_options -- backbone.adapter.backbone.blocks.11.mlp.fc1.weight:weight_decay=0.05
2026/06/15 15:21:57 - mmengine - INFO - paramwise_options -- backbone.adapter.backbone.blocks.11.mlp.fc1.weight:lr_mult=0.1
2026/06/15 15:21:57 - mmengine - INFO - paramwise_options -- backbone.adapter.backbone.blocks.11.mlp.fc1.weight:decay_mult=1.0
2026/06/15 15:21:57 - mmengine - INFO - paramwise_options -- backbone.adapter.backbone.blocks.11.mlp.fc1.bias:lr=1e-05
2026/06/15 15:21:57 - mmengine - INFO - paramwise_options -- backbone.adapter.backbone.blocks.11.mlp.fc1.bias:weight_decay=0.05
2026/06/15 15:21:57 - mmengine - INFO - paramwise_options -- backbone.adapter.backbone.blocks.11.mlp.fc1.bias:lr_mult=0.1
2026/06/15 15:21:57 - mmengine - INFO - paramwise_options -- backbone.adapter.backbone.blocks.11.mlp.fc1.bias:decay_mult=1.0
2026/06/15 15:21:57 - mmengine - INFO - paramwise_options -- backbone.adapter.backbone.blocks.11.mlp.fc2.weight:lr=1e-05
2026/06/15 15:21:57 - mmengine - INFO - paramwise_options -- backbone.adapter.backbone.blocks.11.mlp.fc2.weight:weight_decay=0.05
2026/06/15 15:21:57 - mmengine - INFO - paramwise_options -- backbone.adapter.backbone.blocks.11.mlp.fc2.weight:lr_mult=0.1
2026/06/15 15:21:57 - mmengine - INFO - paramwise_options -- backbone.adapter.backbone.blocks.11.mlp.fc2.weight:decay_mult=1.0
2026/06/15 15:21:57 - mmengine - INFO - paramwise_options -- backbone.adapter.backbone.blocks.11.mlp.fc2.bias:lr=1e-05
2026/06/15 15:21:57 - mmengine - INFO - paramwise_options -- backbone.adapter.backbone.blocks.11.mlp.fc2.bias:weight_decay=0.05
2026/06/15 15:21:57 - mmengine - INFO - paramwise_options -- backbone.adapter.backbone.blocks.11.mlp.fc2.bias:lr_mult=0.1
2026/06/15 15:21:57 - mmengine - INFO - paramwise_options -- backbone.adapter.backbone.blocks.11.mlp.fc2.bias:decay_mult=1.0
2026/06/15 15:21:57 - mmengine - INFO - paramwise_options -- backbone.adapter.backbone.blocks.11.ls2.gamma:lr=1e-05
2026/06/15 15:21:57 - mmengine - INFO - paramwise_options -- backbone.adapter.backbone.blocks.11.ls2.gamma:weight_decay=0.05
2026/06/15 15:21:57 - mmengine - INFO - paramwise_options -- backbone.adapter.backbone.blocks.11.ls2.gamma:lr_mult=0.1
2026/06/15 15:21:57 - mmengine - INFO - paramwise_options -- backbone.adapter.backbone.blocks.11.ls2.gamma:decay_mult=1.0
2026/06/15 15:21:57 - mmengine - INFO - paramwise_options -- backbone.adapter.backbone.blocks.12.norm1.weight:lr=1e-05
2026/06/15 15:21:57 - mmengine - INFO - paramwise_options -- backbone.adapter.backbone.blocks.12.norm1.weight:weight_decay=0.05
2026/06/15 15:21:57 - mmengine - INFO - paramwise_options -- backbone.adapter.backbone.blocks.12.norm1.weight:lr_mult=0.1
2026/06/15 15:21:57 - mmengine - INFO - paramwise_options -- backbone.adapter.backbone.blocks.12.norm1.weight:decay_mult=1.0
2026/06/15 15:21:57 - mmengine - INFO - paramwise_options -- backbone.adapter.backbone.blocks.12.norm1.bias:lr=1e-05
2026/06/15 15:21:57 - mmengine - INFO - paramwise_options -- backbone.adapter.backbone.blocks.12.norm1.bias:weight_decay=0.05
2026/06/15 15:21:57 - mmengine - INFO - paramwise_options -- backbone.adapter.backbone.blocks.12.norm1.bias:lr_mult=0.1
2026/06/15 15:21:57 - mmengine - INFO - paramwise_options -- backbone.adapter.backbone.blocks.12.norm1.bias:decay_mult=1.0
2026/06/15 15:21:57 - mmengine - INFO - paramwise_options -- backbone.adapter.backbone.blocks.12.attn.qkv.weight:lr=1e-05
2026/06/15 15:21:57 - mmengine - INFO - paramwise_options -- backbone.adapter.backbone.blocks.12.attn.qkv.weight:weight_decay=0.05
2026/06/15 15:21:57 - mmengine - INFO - paramwise_options -- backbone.adapter.backbone.blocks.12.attn.qkv.weight:lr_mult=0.1
2026/06/15 15:21:57 - mmengine - INFO - paramwise_options -- backbone.adapter.backbone.blocks.12.attn.qkv.weight:decay_mult=1.0
2026/06/15 15:21:57 - mmengine - INFO - paramwise_options -- backbone.adapter.backbone.blocks.12.attn.qkv.bias:lr=1e-05
2026/06/15 15:21:57 - mmengine - INFO - paramwise_options -- backbone.adapter.backbone.blocks.12.attn.qkv.bias:weight_decay=0.05
2026/06/15 15:21:57 - mmengine - INFO - paramwise_options -- backbone.adapter.backbone.blocks.12.attn.qkv.bias:lr_mult=0.1
2026/06/15 15:21:57 - mmengine - INFO - paramwise_options -- backbone.adapter.backbone.blocks.12.attn.qkv.bias:decay_mult=1.0
2026/06/15 15:21:57 - mmengine - INFO - paramwise_options -- backbone.adapter.backbone.blocks.12.attn.proj.weight:lr=1e-05
2026/06/15 15:21:57 - mmengine - INFO - paramwise_options -- backbone.adapter.backbone.blocks.12.attn.proj.weight:weight_decay=0.05
2026/06/15 15:21:58 - mmengine - INFO - paramwise_options -- backbone.adapter.backbone.blocks.12.attn.proj.weight:lr_mult=0.1
2026/06/15 15:21:58 - mmengine - INFO - paramwise_options -- backbone.adapter.backbone.blocks.12.attn.proj.weight:decay_mult=1.0
2026/06/15 15:21:58 - mmengine - INFO - paramwise_options -- backbone.adapter.backbone.blocks.12.attn.proj.bias:lr=1e-05
2026/06/15 15:21:58 - mmengine - INFO - paramwise_options -- backbone.adapter.backbone.blocks.12.attn.proj.bias:weight_decay=0.05
2026/06/15 15:21:58 - mmengine - INFO - paramwise_options -- backbone.adapter.backbone.blocks.12.attn.proj.bias:lr_mult=0.1
2026/06/15 15:21:58 - mmengine - INFO - paramwise_options -- backbone.adapter.backbone.blocks.12.attn.proj.bias:decay_mult=1.0
2026/06/15 15:21:58 - mmengine - INFO - paramwise_options -- backbone.adapter.backbone.blocks.12.ls1.gamma:lr=1e-05
2026/06/15 15:21:58 - mmengine - INFO - paramwise_options -- backbone.adapter.backbone.blocks.12.ls1.gamma:weight_decay=0.05
2026/06/15 15:21:58 - mmengine - INFO - paramwise_options -- backbone.adapter.backbone.blocks.12.ls1.gamma:lr_mult=0.1
2026/06/15 15:21:58 - mmengine - INFO - paramwise_options -- backbone.adapter.backbone.blocks.12.ls1.gamma:decay_mult=1.0
2026/06/15 15:21:58 - mmengine - INFO - paramwise_options -- backbone.adapter.backbone.blocks.12.norm2.weight:lr=1e-05
2026/06/15 15:21:58 - mmengine - INFO - paramwise_options -- backbone.adapter.backbone.blocks.12.norm2.weight:weight_decay=0.05
2026/06/15 15:21:58 - mmengine - INFO - paramwise_options -- backbone.adapter.backbone.blocks.12.norm2.weight:lr_mult=0.1
2026/06/15 15:21:58 - mmengine - INFO - paramwise_options -- backbone.adapter.backbone.blocks.12.norm2.weight:decay_mult=1.0
2026/06/15 15:21:58 - mmengine - INFO - paramwise_options -- backbone.adapter.backbone.blocks.12.norm2.bias:lr=1e-05
2026/06/15 15:21:58 - mmengine - INFO - paramwise_options -- backbone.adapter.backbone.blocks.12.norm2.bias:weight_decay=0.05
2026/06/15 15:21:58 - mmengine - INFO - paramwise_options -- backbone.adapter.backbone.blocks.12.norm2.bias:lr_mult=0.1
2026/06/15 15:21:58 - mmengine - INFO - paramwise_options -- backbone.adapter.backbone.blocks.12.norm2.bias:decay_mult=1.0
2026/06/15 15:21:58 - mmengine - INFO - paramwise_options -- backbone.adapter.backbone.blocks.12.mlp.fc1.weight:lr=1e-05
2026/06/15 15:21:58 - mmengine - INFO - paramwise_options -- backbone.adapter.backbone.blocks.12.mlp.fc1.weight:weight_decay=0.05
2026/06/15 15:21:58 - mmengine - INFO - paramwise_options -- backbone.adapter.backbone.blocks.12.mlp.fc1.weight:lr_mult=0.1
2026/06/15 15:21:58 - mmengine - INFO - paramwise_options -- backbone.adapter.backbone.blocks.12.mlp.fc1.weight:decay_mult=1.0
2026/06/15 15:21:58 - mmengine - INFO - paramwise_options -- backbone.adapter.backbone.blocks.12.mlp.fc1.bias:lr=1e-05
2026/06/15 15:21:58 - mmengine - INFO - paramwise_options -- backbone.adapter.backbone.blocks.12.mlp.fc1.bias:weight_decay=0.05
2026/06/15 15:21:58 - mmengine - INFO - paramwise_options -- backbone.adapter.backbone.blocks.12.mlp.fc1.bias:lr_mult=0.1
2026/06/15 15:21:58 - mmengine - INFO - paramwise_options -- backbone.adapter.backbone.blocks.12.mlp.fc1.bias:decay_mult=1.0
2026/06/15 15:21:58 - mmengine - INFO - paramwise_options -- backbone.adapter.backbone.blocks.12.mlp.fc2.weight:lr=1e-05
2026/06/15 15:21:58 - mmengine - INFO - paramwise_options -- backbone.adapter.backbone.blocks.12.mlp.fc2.weight:weight_decay=0.05
2026/06/15 15:21:58 - mmengine - INFO - paramwise_options -- backbone.adapter.backbone.blocks.12.mlp.fc2.weight:lr_mult=0.1
2026/06/15 15:21:58 - mmengine - INFO - paramwise_options -- backbone.adapter.backbone.blocks.12.mlp.fc2.weight:decay_mult=1.0
2026/06/15 15:21:58 - mmengine - INFO - paramwise_options -- backbone.adapter.backbone.blocks.12.mlp.fc2.bias:lr=1e-05
2026/06/15 15:21:58 - mmengine - INFO - paramwise_options -- backbone.adapter.backbone.blocks.12.mlp.fc2.bias:weight_decay=0.05
2026/06/15 15:21:58 - mmengine - INFO - paramwise_options -- backbone.adapter.backbone.blocks.12.mlp.fc2.bias:lr_mult=0.1
2026/06/15 15:21:58 - mmengine - INFO - paramwise_options -- backbone.adapter.backbone.blocks.12.mlp.fc2.bias:decay_mult=1.0
2026/06/15 15:21:58 - mmengine - INFO - paramwise_options -- backbone.adapter.backbone.blocks.12.ls2.gamma:lr=1e-05
2026/06/15 15:21:58 - mmengine - INFO - paramwise_options -- backbone.adapter.backbone.blocks.12.ls2.gamma:weight_decay=0.05
2026/06/15 15:21:58 - mmengine - INFO - paramwise_options -- backbone.adapter.backbone.blocks.12.ls2.gamma:lr_mult=0.1
2026/06/15 15:21:58 - mmengine - INFO - paramwise_options -- backbone.adapter.backbone.blocks.12.ls2.gamma:decay_mult=1.0
2026/06/15 15:21:58 - mmengine - INFO - paramwise_options -- backbone.adapter.backbone.blocks.13.norm1.weight:lr=1e-05
2026/06/15 15:21:58 - mmengine - INFO - paramwise_options -- backbone.adapter.backbone.blocks.13.norm1.weight:weight_decay=0.05
2026/06/15 15:21:58 - mmengine - INFO - paramwise_options -- backbone.adapter.backbone.blocks.13.norm1.weight:lr_mult=0.1
2026/06/15 15:21:58 - mmengine - INFO - paramwise_options -- backbone.adapter.backbone.blocks.13.norm1.weight:decay_mult=1.0
2026/06/15 15:21:58 - mmengine - INFO - paramwise_options -- backbone.adapter.backbone.blocks.13.norm1.bias:lr=1e-05
2026/06/15 15:21:58 - mmengine - INFO - paramwise_options -- backbone.adapter.backbone.blocks.13.norm1.bias:weight_decay=0.05
2026/06/15 15:21:58 - mmengine - INFO - paramwise_options -- backbone.adapter.backbone.blocks.13.norm1.bias:lr_mult=0.1
2026/06/15 15:21:58 - mmengine - INFO - paramwise_options -- backbone.adapter.backbone.blocks.13.norm1.bias:decay_mult=1.0
2026/06/15 15:21:58 - mmengine - INFO - paramwise_options -- backbone.adapter.backbone.blocks.13.attn.qkv.weight:lr=1e-05
2026/06/15 15:21:58 - mmengine - INFO - paramwise_options -- backbone.adapter.backbone.blocks.13.attn.qkv.weight:weight_decay=0.05
2026/06/15 15:21:58 - mmengine - INFO - paramwise_options -- backbone.adapter.backbone.blocks.13.attn.qkv.weight:lr_mult=0.1
2026/06/15 15:21:58 - mmengine - INFO - paramwise_options -- backbone.adapter.backbone.blocks.13.attn.qkv.weight:decay_mult=1.0
2026/06/15 15:21:58 - mmengine - INFO - paramwise_options -- backbone.adapter.backbone.blocks.13.attn.qkv.bias:lr=1e-05
2026/06/15 15:21:58 - mmengine - INFO - paramwise_options -- backbone.adapter.backbone.blocks.13.attn.qkv.bias:weight_decay=0.05
2026/06/15 15:21:58 - mmengine - INFO - paramwise_options -- backbone.adapter.backbone.blocks.13.attn.qkv.bias:lr_mult=0.1
2026/06/15 15:21:58 - mmengine - INFO - paramwise_options -- backbone.adapter.backbone.blocks.13.attn.qkv.bias:decay_mult=1.0
2026/06/15 15:21:58 - mmengine - INFO - paramwise_options -- backbone.adapter.backbone.blocks.13.attn.proj.weight:lr=1e-05
2026/06/15 15:21:58 - mmengine - INFO - paramwise_options -- backbone.adapter.backbone.blocks.13.attn.proj.weight:weight_decay=0.05
2026/06/15 15:21:58 - mmengine - INFO - paramwise_options -- backbone.adapter.backbone.blocks.13.attn.proj.weight:lr_mult=0.1
2026/06/15 15:21:58 - mmengine - INFO - paramwise_options -- backbone.adapter.backbone.blocks.13.attn.proj.weight:decay_mult=1.0
2026/06/15 15:21:58 - mmengine - INFO - paramwise_options -- backbone.adapter.backbone.blocks.13.attn.proj.bias:lr=1e-05
2026/06/15 15:21:58 - mmengine - INFO - paramwise_options -- backbone.adapter.backbone.blocks.13.attn.proj.bias:weight_decay=0.05
2026/06/15 15:21:58 - mmengine - INFO - paramwise_options -- backbone.adapter.backbone.blocks.13.attn.proj.bias:lr_mult=0.1
2026/06/15 15:21:58 - mmengine - INFO - paramwise_options -- backbone.adapter.backbone.blocks.13.attn.proj.bias:decay_mult=1.0
2026/06/15 15:21:58 - mmengine - INFO - paramwise_options -- backbone.adapter.backbone.blocks.13.ls1.gamma:lr=1e-05
2026/06/15 15:21:58 - mmengine - INFO - paramwise_options -- backbone.adapter.backbone.blocks.13.ls1.gamma:weight_decay=0.05
2026/06/15 15:21:58 - mmengine - INFO - paramwise_options -- backbone.adapter.backbone.blocks.13.ls1.gamma:lr_mult=0.1
2026/06/15 15:21:58 - mmengine - INFO - paramwise_options -- backbone.adapter.backbone.blocks.13.ls1.gamma:decay_mult=1.0
2026/06/15 15:21:58 - mmengine - INFO - paramwise_options -- backbone.adapter.backbone.blocks.13.norm2.weight:lr=1e-05
2026/06/15 15:21:58 - mmengine - INFO - paramwise_options -- backbone.adapter.backbone.blocks.13.norm2.weight:weight_decay=0.05
2026/06/15 15:21:58 - mmengine - INFO - paramwise_options -- backbone.adapter.backbone.blocks.13.norm2.weight:lr_mult=0.1
2026/06/15 15:21:58 - mmengine - INFO - paramwise_options -- backbone.adapter.backbone.blocks.13.norm2.weight:decay_mult=1.0
2026/06/15 15:21:58 - mmengine - INFO - paramwise_options -- backbone.adapter.backbone.blocks.13.norm2.bias:lr=1e-05
2026/06/15 15:21:58 - mmengine - INFO - paramwise_options -- backbone.adapter.backbone.blocks.13.norm2.bias:weight_decay=0.05
2026/06/15 15:21:58 - mmengine - INFO - paramwise_options -- backbone.adapter.backbone.blocks.13.norm2.bias:lr_mult=0.1
2026/06/15 15:21:58 - mmengine - INFO - paramwise_options -- backbone.adapter.backbone.blocks.13.norm2.bias:decay_mult=1.0
2026/06/15 15:21:58 - mmengine - INFO - paramwise_options -- backbone.adapter.backbone.blocks.13.mlp.fc1.weight:lr=1e-05
2026/06/15 15:21:58 - mmengine - INFO - paramwise_options -- backbone.adapter.backbone.blocks.13.mlp.fc1.weight:weight_decay=0.05
2026/06/15 15:21:58 - mmengine - INFO - paramwise_options -- backbone.adapter.backbone.blocks.13.mlp.fc1.weight:lr_mult=0.1
2026/06/15 15:21:58 - mmengine - INFO - paramwise_options -- backbone.adapter.backbone.blocks.13.mlp.fc1.weight:decay_mult=1.0
2026/06/15 15:21:58 - mmengine - INFO - paramwise_options -- backbone.adapter.backbone.blocks.13.mlp.fc1.bias:lr=1e-05
2026/06/15 15:21:58 - mmengine - INFO - paramwise_options -- backbone.adapter.backbone.blocks.13.mlp.fc1.bias:weight_decay=0.05
2026/06/15 15:21:58 - mmengine - INFO - paramwise_options -- backbone.adapter.backbone.blocks.13.mlp.fc1.bias:lr_mult=0.1
2026/06/15 15:21:58 - mmengine - INFO - paramwise_options -- backbone.adapter.backbone.blocks.13.mlp.fc1.bias:decay_mult=1.0
2026/06/15 15:21:58 - mmengine - INFO - paramwise_options -- backbone.adapter.backbone.blocks.13.mlp.fc2.weight:lr=1e-05
2026/06/15 15:21:58 - mmengine - INFO - paramwise_options -- backbone.adapter.backbone.blocks.13.mlp.fc2.weight:weight_decay=0.05
2026/06/15 15:21:58 - mmengine - INFO - paramwise_options -- backbone.adapter.backbone.blocks.13.mlp.fc2.weight:lr_mult=0.1
2026/06/15 15:21:58 - mmengine - INFO - paramwise_options -- backbone.adapter.backbone.blocks.13.mlp.fc2.weight:decay_mult=1.0
2026/06/15 15:21:58 - mmengine - INFO - paramwise_options -- backbone.adapter.backbone.blocks.13.mlp.fc2.bias:lr=1e-05
2026/06/15 15:21:58 - mmengine - INFO - paramwise_options -- backbone.adapter.backbone.blocks.13.mlp.fc2.bias:weight_decay=0.05
2026/06/15 15:21:58 - mmengine - INFO - paramwise_options -- backbone.adapter.backbone.blocks.13.mlp.fc2.bias:lr_mult=0.1
2026/06/15 15:21:58 - mmengine - INFO - paramwise_options -- backbone.adapter.backbone.blocks.13.mlp.fc2.bias:decay_mult=1.0
2026/06/15 15:21:58 - mmengine - INFO - paramwise_options -- backbone.adapter.backbone.blocks.13.ls2.gamma:lr=1e-05
2026/06/15 15:21:58 - mmengine - INFO - paramwise_options -- backbone.adapter.backbone.blocks.13.ls2.gamma:weight_decay=0.05
2026/06/15 15:21:58 - mmengine - INFO - paramwise_options -- backbone.adapter.backbone.blocks.13.ls2.gamma:lr_mult=0.1
2026/06/15 15:21:58 - mmengine - INFO - paramwise_options -- backbone.adapter.backbone.blocks.13.ls2.gamma:decay_mult=1.0
2026/06/15 15:21:58 - mmengine - INFO - paramwise_options -- backbone.adapter.backbone.blocks.14.norm1.weight:lr=1e-05
2026/06/15 15:21:58 - mmengine - INFO - paramwise_options -- backbone.adapter.backbone.blocks.14.norm1.weight:weight_decay=0.05
2026/06/15 15:21:58 - mmengine - INFO - paramwise_options -- backbone.adapter.backbone.blocks.14.norm1.weight:lr_mult=0.1
2026/06/15 15:21:58 - mmengine - INFO - paramwise_options -- backbone.adapter.backbone.blocks.14.norm1.weight:decay_mult=1.0
2026/06/15 15:21:58 - mmengine - INFO - paramwise_options -- backbone.adapter.backbone.blocks.14.norm1.bias:lr=1e-05
2026/06/15 15:21:58 - mmengine - INFO - paramwise_options -- backbone.adapter.backbone.blocks.14.norm1.bias:weight_decay=0.05
2026/06/15 15:21:58 - mmengine - INFO - paramwise_options -- backbone.adapter.backbone.blocks.14.norm1.bias:lr_mult=0.1
2026/06/15 15:21:58 - mmengine - INFO - paramwise_options -- backbone.adapter.backbone.blocks.14.norm1.bias:decay_mult=1.0
2026/06/15 15:21:58 - mmengine - INFO - paramwise_options -- backbone.adapter.backbone.blocks.14.attn.qkv.weight:lr=1e-05
2026/06/15 15:21:58 - mmengine - INFO - paramwise_options -- backbone.adapter.backbone.blocks.14.attn.qkv.weight:weight_decay=0.05
2026/06/15 15:21:58 - mmengine - INFO - paramwise_options -- backbone.adapter.backbone.blocks.14.attn.qkv.weight:lr_mult=0.1
2026/06/15 15:21:58 - mmengine - INFO - paramwise_options -- backbone.adapter.backbone.blocks.14.attn.qkv.weight:decay_mult=1.0
2026/06/15 15:21:58 - mmengine - INFO - paramwise_options -- backbone.adapter.backbone.blocks.14.attn.qkv.bias:lr=1e-05
2026/06/15 15:21:58 - mmengine - INFO - paramwise_options -- backbone.adapter.backbone.blocks.14.attn.qkv.bias:weight_decay=0.05
2026/06/15 15:21:58 - mmengine - INFO - paramwise_options -- backbone.adapter.backbone.blocks.14.attn.qkv.bias:lr_mult=0.1
2026/06/15 15:21:58 - mmengine - INFO - paramwise_options -- backbone.adapter.backbone.blocks.14.attn.qkv.bias:decay_mult=1.0
2026/06/15 15:21:58 - mmengine - INFO - paramwise_options -- backbone.adapter.backbone.blocks.14.attn.proj.weight:lr=1e-05
2026/06/15 15:21:58 - mmengine - INFO - paramwise_options -- backbone.adapter.backbone.blocks.14.attn.proj.weight:weight_decay=0.05
2026/06/15 15:21:58 - mmengine - INFO - paramwise_options -- backbone.adapter.backbone.blocks.14.attn.proj.weight:lr_mult=0.1
2026/06/15 15:21:58 - mmengine - INFO - paramwise_options -- backbone.adapter.backbone.blocks.14.attn.proj.weight:decay_mult=1.0
2026/06/15 15:21:58 - mmengine - INFO - paramwise_options -- backbone.adapter.backbone.blocks.14.attn.proj.bias:lr=1e-05
2026/06/15 15:21:58 - mmengine - INFO - paramwise_options -- backbone.adapter.backbone.blocks.14.attn.proj.bias:weight_decay=0.05
2026/06/15 15:21:58 - mmengine - INFO - paramwise_options -- backbone.adapter.backbone.blocks.14.attn.proj.bias:lr_mult=0.1
2026/06/15 15:21:58 - mmengine - INFO - paramwise_options -- backbone.adapter.backbone.blocks.14.attn.proj.bias:decay_mult=1.0
2026/06/15 15:21:58 - mmengine - INFO - paramwise_options -- backbone.adapter.backbone.blocks.14.ls1.gamma:lr=1e-05
2026/06/15 15:21:58 - mmengine - INFO - paramwise_options -- backbone.adapter.backbone.blocks.14.ls1.gamma:weight_decay=0.05
2026/06/15 15:21:58 - mmengine - INFO - paramwise_options -- backbone.adapter.backbone.blocks.14.ls1.gamma:lr_mult=0.1
2026/06/15 15:21:58 - mmengine - INFO - paramwise_options -- backbone.adapter.backbone.blocks.14.ls1.gamma:decay_mult=1.0
2026/06/15 15:21:58 - mmengine - INFO - paramwise_options -- backbone.adapter.backbone.blocks.14.norm2.weight:lr=1e-05
2026/06/15 15:21:58 - mmengine - INFO - paramwise_options -- backbone.adapter.backbone.blocks.14.norm2.weight:weight_decay=0.05
2026/06/15 15:21:58 - mmengine - INFO - paramwise_options -- backbone.adapter.backbone.blocks.14.norm2.weight:lr_mult=0.1
2026/06/15 15:21:58 - mmengine - INFO - paramwise_options -- backbone.adapter.backbone.blocks.14.norm2.weight:decay_mult=1.0
2026/06/15 15:21:58 - mmengine - INFO - paramwise_options -- backbone.adapter.backbone.blocks.14.norm2.bias:lr=1e-05
2026/06/15 15:21:58 - mmengine - INFO - paramwise_options -- backbone.adapter.backbone.blocks.14.norm2.bias:weight_decay=0.05
2026/06/15 15:21:58 - mmengine - INFO - paramwise_options -- backbone.adapter.backbone.blocks.14.norm2.bias:lr_mult=0.1
2026/06/15 15:21:58 - mmengine - INFO - paramwise_options -- backbone.adapter.backbone.blocks.14.norm2.bias:decay_mult=1.0
2026/06/15 15:21:58 - mmengine - INFO - paramwise_options -- backbone.adapter.backbone.blocks.14.mlp.fc1.weight:lr=1e-05
2026/06/15 15:21:58 - mmengine - INFO - paramwise_options -- backbone.adapter.backbone.blocks.14.mlp.fc1.weight:weight_decay=0.05
2026/06/15 15:21:58 - mmengine - INFO - paramwise_options -- backbone.adapter.backbone.blocks.14.mlp.fc1.weight:lr_mult=0.1
2026/06/15 15:21:58 - mmengine - INFO - paramwise_options -- backbone.adapter.backbone.blocks.14.mlp.fc1.weight:decay_mult=1.0
2026/06/15 15:21:58 - mmengine - INFO - paramwise_options -- backbone.adapter.backbone.blocks.14.mlp.fc1.bias:lr=1e-05
2026/06/15 15:21:58 - mmengine - INFO - paramwise_options -- backbone.adapter.backbone.blocks.14.mlp.fc1.bias:weight_decay=0.05
2026/06/15 15:21:58 - mmengine - INFO - paramwise_options -- backbone.adapter.backbone.blocks.14.mlp.fc1.bias:lr_mult=0.1
2026/06/15 15:21:58 - mmengine - INFO - paramwise_options -- backbone.adapter.backbone.blocks.14.mlp.fc1.bias:decay_mult=1.0
2026/06/15 15:21:58 - mmengine - INFO - paramwise_options -- backbone.adapter.backbone.blocks.14.mlp.fc2.weight:lr=1e-05
2026/06/15 15:21:58 - mmengine - INFO - paramwise_options -- backbone.adapter.backbone.blocks.14.mlp.fc2.weight:weight_decay=0.05
2026/06/15 15:21:58 - mmengine - INFO - paramwise_options -- backbone.adapter.backbone.blocks.14.mlp.fc2.weight:lr_mult=0.1
2026/06/15 15:21:58 - mmengine - INFO - paramwise_options -- backbone.adapter.backbone.blocks.14.mlp.fc2.weight:decay_mult=1.0
2026/06/15 15:21:58 - mmengine - INFO - paramwise_options -- backbone.adapter.backbone.blocks.14.mlp.fc2.bias:lr=1e-05
2026/06/15 15:21:58 - mmengine - INFO - paramwise_options -- backbone.adapter.backbone.blocks.14.mlp.fc2.bias:weight_decay=0.05
2026/06/15 15:21:58 - mmengine - INFO - paramwise_options -- backbone.adapter.backbone.blocks.14.mlp.fc2.bias:lr_mult=0.1
2026/06/15 15:21:58 - mmengine - INFO - paramwise_options -- backbone.adapter.backbone.blocks.14.mlp.fc2.bias:decay_mult=1.0
2026/06/15 15:21:58 - mmengine - INFO - paramwise_options -- backbone.adapter.backbone.blocks.14.ls2.gamma:lr=1e-05
2026/06/15 15:21:58 - mmengine - INFO - paramwise_options -- backbone.adapter.backbone.blocks.14.ls2.gamma:weight_decay=0.05
2026/06/15 15:21:58 - mmengine - INFO - paramwise_options -- backbone.adapter.backbone.blocks.14.ls2.gamma:lr_mult=0.1
2026/06/15 15:21:58 - mmengine - INFO - paramwise_options -- backbone.adapter.backbone.blocks.14.ls2.gamma:decay_mult=1.0
2026/06/15 15:21:58 - mmengine - INFO - paramwise_options -- backbone.adapter.backbone.blocks.15.norm1.weight:lr=1e-05
2026/06/15 15:21:58 - mmengine - INFO - paramwise_options -- backbone.adapter.backbone.blocks.15.norm1.weight:weight_decay=0.05
2026/06/15 15:21:58 - mmengine - INFO - paramwise_options -- backbone.adapter.backbone.blocks.15.norm1.weight:lr_mult=0.1
2026/06/15 15:21:58 - mmengine - INFO - paramwise_options -- backbone.adapter.backbone.blocks.15.norm1.weight:decay_mult=1.0
2026/06/15 15:21:58 - mmengine - INFO - paramwise_options -- backbone.adapter.backbone.blocks.15.norm1.bias:lr=1e-05
2026/06/15 15:21:58 - mmengine - INFO - paramwise_options -- backbone.adapter.backbone.blocks.15.norm1.bias:weight_decay=0.05
2026/06/15 15:21:58 - mmengine - INFO - paramwise_options -- backbone.adapter.backbone.blocks.15.norm1.bias:lr_mult=0.1
2026/06/15 15:21:58 - mmengine - INFO - paramwise_options -- backbone.adapter.backbone.blocks.15.norm1.bias:decay_mult=1.0
2026/06/15 15:21:58 - mmengine - INFO - paramwise_options -- backbone.adapter.backbone.blocks.15.attn.qkv.weight:lr=1e-05
2026/06/15 15:21:58 - mmengine - INFO - paramwise_options -- backbone.adapter.backbone.blocks.15.attn.qkv.weight:weight_decay=0.05
2026/06/15 15:21:58 - mmengine - INFO - paramwise_options -- backbone.adapter.backbone.blocks.15.attn.qkv.weight:lr_mult=0.1
2026/06/15 15:21:58 - mmengine - INFO - paramwise_options -- backbone.adapter.backbone.blocks.15.attn.qkv.weight:decay_mult=1.0
2026/06/15 15:21:58 - mmengine - INFO - paramwise_options -- backbone.adapter.backbone.blocks.15.attn.qkv.bias:lr=1e-05
2026/06/15 15:21:58 - mmengine - INFO - paramwise_options -- backbone.adapter.backbone.blocks.15.attn.qkv.bias:weight_decay=0.05
2026/06/15 15:21:58 - mmengine - INFO - paramwise_options -- backbone.adapter.backbone.blocks.15.attn.qkv.bias:lr_mult=0.1
2026/06/15 15:21:58 - mmengine - INFO - paramwise_options -- backbone.adapter.backbone.blocks.15.attn.qkv.bias:decay_mult=1.0
2026/06/15 15:21:58 - mmengine - INFO - paramwise_options -- backbone.adapter.backbone.blocks.15.attn.proj.weight:lr=1e-05
2026/06/15 15:21:58 - mmengine - INFO - paramwise_options -- backbone.adapter.backbone.blocks.15.attn.proj.weight:weight_decay=0.05
2026/06/15 15:21:58 - mmengine - INFO - paramwise_options -- backbone.adapter.backbone.blocks.15.attn.proj.weight:lr_mult=0.1
2026/06/15 15:21:58 - mmengine - INFO - paramwise_options -- backbone.adapter.backbone.blocks.15.attn.proj.weight:decay_mult=1.0
2026/06/15 15:21:58 - mmengine - INFO - paramwise_options -- backbone.adapter.backbone.blocks.15.attn.proj.bias:lr=1e-05
2026/06/15 15:21:58 - mmengine - INFO - paramwise_options -- backbone.adapter.backbone.blocks.15.attn.proj.bias:weight_decay=0.05
2026/06/15 15:21:58 - mmengine - INFO - paramwise_options -- backbone.adapter.backbone.blocks.15.attn.proj.bias:lr_mult=0.1
2026/06/15 15:21:58 - mmengine - INFO - paramwise_options -- backbone.adapter.backbone.blocks.15.attn.proj.bias:decay_mult=1.0
2026/06/15 15:21:58 - mmengine - INFO - paramwise_options -- backbone.adapter.backbone.blocks.15.ls1.gamma:lr=1e-05
2026/06/15 15:21:58 - mmengine - INFO - paramwise_options -- backbone.adapter.backbone.blocks.15.ls1.gamma:weight_decay=0.05
2026/06/15 15:21:58 - mmengine - INFO - paramwise_options -- backbone.adapter.backbone.blocks.15.ls1.gamma:lr_mult=0.1
2026/06/15 15:21:58 - mmengine - INFO - paramwise_options -- backbone.adapter.backbone.blocks.15.ls1.gamma:decay_mult=1.0
2026/06/15 15:21:58 - mmengine - INFO - paramwise_options -- backbone.adapter.backbone.blocks.15.norm2.weight:lr=1e-05
2026/06/15 15:21:58 - mmengine - INFO - paramwise_options -- backbone.adapter.backbone.blocks.15.norm2.weight:weight_decay=0.05
2026/06/15 15:21:58 - mmengine - INFO - paramwise_options -- backbone.adapter.backbone.blocks.15.norm2.weight:lr_mult=0.1
2026/06/15 15:21:58 - mmengine - INFO - paramwise_options -- backbone.adapter.backbone.blocks.15.norm2.weight:decay_mult=1.0
2026/06/15 15:21:58 - mmengine - INFO - paramwise_options -- backbone.adapter.backbone.blocks.15.norm2.bias:lr=1e-05
2026/06/15 15:21:58 - mmengine - INFO - paramwise_options -- backbone.adapter.backbone.blocks.15.norm2.bias:weight_decay=0.05
2026/06/15 15:21:58 - mmengine - INFO - paramwise_options -- backbone.adapter.backbone.blocks.15.norm2.bias:lr_mult=0.1
2026/06/15 15:21:58 - mmengine - INFO - paramwise_options -- backbone.adapter.backbone.blocks.15.norm2.bias:decay_mult=1.0
2026/06/15 15:21:58 - mmengine - INFO - paramwise_options -- backbone.adapter.backbone.blocks.15.mlp.fc1.weight:lr=1e-05
2026/06/15 15:21:58 - mmengine - INFO - paramwise_options -- backbone.adapter.backbone.blocks.15.mlp.fc1.weight:weight_decay=0.05
2026/06/15 15:21:58 - mmengine - INFO - paramwise_options -- backbone.adapter.backbone.blocks.15.mlp.fc1.weight:lr_mult=0.1
2026/06/15 15:21:58 - mmengine - INFO - paramwise_options -- backbone.adapter.backbone.blocks.15.mlp.fc1.weight:decay_mult=1.0
2026/06/15 15:21:58 - mmengine - INFO - paramwise_options -- backbone.adapter.backbone.blocks.15.mlp.fc1.bias:lr=1e-05
2026/06/15 15:21:58 - mmengine - INFO - paramwise_options -- backbone.adapter.backbone.blocks.15.mlp.fc1.bias:weight_decay=0.05
2026/06/15 15:21:58 - mmengine - INFO - paramwise_options -- backbone.adapter.backbone.blocks.15.mlp.fc1.bias:lr_mult=0.1
2026/06/15 15:21:58 - mmengine - INFO - paramwise_options -- backbone.adapter.backbone.blocks.15.mlp.fc1.bias:decay_mult=1.0
2026/06/15 15:21:58 - mmengine - INFO - paramwise_options -- backbone.adapter.backbone.blocks.15.mlp.fc2.weight:lr=1e-05
2026/06/15 15:21:58 - mmengine - INFO - paramwise_options -- backbone.adapter.backbone.blocks.15.mlp.fc2.weight:weight_decay=0.05
2026/06/15 15:21:58 - mmengine - INFO - paramwise_options -- backbone.adapter.backbone.blocks.15.mlp.fc2.weight:lr_mult=0.1
2026/06/15 15:21:58 - mmengine - INFO - paramwise_options -- backbone.adapter.backbone.blocks.15.mlp.fc2.weight:decay_mult=1.0
2026/06/15 15:21:58 - mmengine - INFO - paramwise_options -- backbone.adapter.backbone.blocks.15.mlp.fc2.bias:lr=1e-05
2026/06/15 15:21:58 - mmengine - INFO - paramwise_options -- backbone.adapter.backbone.blocks.15.mlp.fc2.bias:weight_decay=0.05
2026/06/15 15:21:58 - mmengine - INFO - paramwise_options -- backbone.adapter.backbone.blocks.15.mlp.fc2.bias:lr_mult=0.1
2026/06/15 15:21:58 - mmengine - INFO - paramwise_options -- backbone.adapter.backbone.blocks.15.mlp.fc2.bias:decay_mult=1.0
2026/06/15 15:21:58 - mmengine - INFO - paramwise_options -- backbone.adapter.backbone.blocks.15.ls2.gamma:lr=1e-05
2026/06/15 15:21:58 - mmengine - INFO - paramwise_options -- backbone.adapter.backbone.blocks.15.ls2.gamma:weight_decay=0.05
2026/06/15 15:21:58 - mmengine - INFO - paramwise_options -- backbone.adapter.backbone.blocks.15.ls2.gamma:lr_mult=0.1
2026/06/15 15:21:58 - mmengine - INFO - paramwise_options -- backbone.adapter.backbone.blocks.15.ls2.gamma:decay_mult=1.0
2026/06/15 15:21:58 - mmengine - INFO - paramwise_options -- backbone.adapter.backbone.blocks.16.norm1.weight:lr=1e-05
2026/06/15 15:21:58 - mmengine - INFO - paramwise_options -- backbone.adapter.backbone.blocks.16.norm1.weight:weight_decay=0.05
2026/06/15 15:21:58 - mmengine - INFO - paramwise_options -- backbone.adapter.backbone.blocks.16.norm1.weight:lr_mult=0.1
2026/06/15 15:21:58 - mmengine - INFO - paramwise_options -- backbone.adapter.backbone.blocks.16.norm1.weight:decay_mult=1.0
2026/06/15 15:21:58 - mmengine - INFO - paramwise_options -- backbone.adapter.backbone.blocks.16.norm1.bias:lr=1e-05
2026/06/15 15:21:58 - mmengine - INFO - paramwise_options -- backbone.adapter.backbone.blocks.16.norm1.bias:weight_decay=0.05
2026/06/15 15:21:58 - mmengine - INFO - paramwise_options -- backbone.adapter.backbone.blocks.16.norm1.bias:lr_mult=0.1
2026/06/15 15:21:58 - mmengine - INFO - paramwise_options -- backbone.adapter.backbone.blocks.16.norm1.bias:decay_mult=1.0
2026/06/15 15:21:58 - mmengine - INFO - paramwise_options -- backbone.adapter.backbone.blocks.16.attn.qkv.weight:lr=1e-05
2026/06/15 15:21:58 - mmengine - INFO - paramwise_options -- backbone.adapter.backbone.blocks.16.attn.qkv.weight:weight_decay=0.05
2026/06/15 15:21:58 - mmengine - INFO - paramwise_options -- backbone.adapter.backbone.blocks.16.attn.qkv.weight:lr_mult=0.1
2026/06/15 15:21:58 - mmengine - INFO - paramwise_options -- backbone.adapter.backbone.blocks.16.attn.qkv.weight:decay_mult=1.0
2026/06/15 15:21:58 - mmengine - INFO - paramwise_options -- backbone.adapter.backbone.blocks.16.attn.qkv.bias:lr=1e-05
2026/06/15 15:21:58 - mmengine - INFO - paramwise_options -- backbone.adapter.backbone.blocks.16.attn.qkv.bias:weight_decay=0.05
2026/06/15 15:21:58 - mmengine - INFO - paramwise_options -- backbone.adapter.backbone.blocks.16.attn.qkv.bias:lr_mult=0.1
2026/06/15 15:21:58 - mmengine - INFO - paramwise_options -- backbone.adapter.backbone.blocks.16.attn.qkv.bias:decay_mult=1.0
2026/06/15 15:21:58 - mmengine - INFO - paramwise_options -- backbone.adapter.backbone.blocks.16.attn.proj.weight:lr=1e-05
2026/06/15 15:21:58 - mmengine - INFO - paramwise_options -- backbone.adapter.backbone.blocks.16.attn.proj.weight:weight_decay=0.05
2026/06/15 15:21:58 - mmengine - INFO - paramwise_options -- backbone.adapter.backbone.blocks.16.attn.proj.weight:lr_mult=0.1
2026/06/15 15:21:58 - mmengine - INFO - paramwise_options -- backbone.adapter.backbone.blocks.16.attn.proj.weight:decay_mult=1.0
2026/06/15 15:21:58 - mmengine - INFO - paramwise_options -- backbone.adapter.backbone.blocks.16.attn.proj.bias:lr=1e-05
2026/06/15 15:21:58 - mmengine - INFO - paramwise_options -- backbone.adapter.backbone.blocks.16.attn.proj.bias:weight_decay=0.05
2026/06/15 15:21:58 - mmengine - INFO - paramwise_options -- backbone.adapter.backbone.blocks.16.attn.proj.bias:lr_mult=0.1
2026/06/15 15:21:58 - mmengine - INFO - paramwise_options -- backbone.adapter.backbone.blocks.16.attn.proj.bias:decay_mult=1.0
2026/06/15 15:21:58 - mmengine - INFO - paramwise_options -- backbone.adapter.backbone.blocks.16.ls1.gamma:lr=1e-05
2026/06/15 15:21:58 - mmengine - INFO - paramwise_options -- backbone.adapter.backbone.blocks.16.ls1.gamma:weight_decay=0.05
2026/06/15 15:21:58 - mmengine - INFO - paramwise_options -- backbone.adapter.backbone.blocks.16.ls1.gamma:lr_mult=0.1
2026/06/15 15:21:58 - mmengine - INFO - paramwise_options -- backbone.adapter.backbone.blocks.16.ls1.gamma:decay_mult=1.0
2026/06/15 15:21:58 - mmengine - INFO - paramwise_options -- backbone.adapter.backbone.blocks.16.norm2.weight:lr=1e-05
2026/06/15 15:21:58 - mmengine - INFO - paramwise_options -- backbone.adapter.backbone.blocks.16.norm2.weight:weight_decay=0.05
2026/06/15 15:21:58 - mmengine - INFO - paramwise_options -- backbone.adapter.backbone.blocks.16.norm2.weight:lr_mult=0.1
2026/06/15 15:21:58 - mmengine - INFO - paramwise_options -- backbone.adapter.backbone.blocks.16.norm2.weight:decay_mult=1.0
2026/06/15 15:21:58 - mmengine - INFO - paramwise_options -- backbone.adapter.backbone.blocks.16.norm2.bias:lr=1e-05
2026/06/15 15:21:58 - mmengine - INFO - paramwise_options -- backbone.adapter.backbone.blocks.16.norm2.bias:weight_decay=0.05
2026/06/15 15:21:58 - mmengine - INFO - paramwise_options -- backbone.adapter.backbone.blocks.16.norm2.bias:lr_mult=0.1
2026/06/15 15:21:58 - mmengine - INFO - paramwise_options -- backbone.adapter.backbone.blocks.16.norm2.bias:decay_mult=1.0
2026/06/15 15:21:58 - mmengine - INFO - paramwise_options -- backbone.adapter.backbone.blocks.16.mlp.fc1.weight:lr=1e-05
2026/06/15 15:21:58 - mmengine - INFO - paramwise_options -- backbone.adapter.backbone.blocks.16.mlp.fc1.weight:weight_decay=0.05
2026/06/15 15:21:58 - mmengine - INFO - paramwise_options -- backbone.adapter.backbone.blocks.16.mlp.fc1.weight:lr_mult=0.1
2026/06/15 15:21:58 - mmengine - INFO - paramwise_options -- backbone.adapter.backbone.blocks.16.mlp.fc1.weight:decay_mult=1.0
2026/06/15 15:21:58 - mmengine - INFO - paramwise_options -- backbone.adapter.backbone.blocks.16.mlp.fc1.bias:lr=1e-05
2026/06/15 15:21:58 - mmengine - INFO - paramwise_options -- backbone.adapter.backbone.blocks.16.mlp.fc1.bias:weight_decay=0.05
2026/06/15 15:21:58 - mmengine - INFO - paramwise_options -- backbone.adapter.backbone.blocks.16.mlp.fc1.bias:lr_mult=0.1
2026/06/15 15:21:58 - mmengine - INFO - paramwise_options -- backbone.adapter.backbone.blocks.16.mlp.fc1.bias:decay_mult=1.0
2026/06/15 15:21:58 - mmengine - INFO - paramwise_options -- backbone.adapter.backbone.blocks.16.mlp.fc2.weight:lr=1e-05
2026/06/15 15:21:58 - mmengine - INFO - paramwise_options -- backbone.adapter.backbone.blocks.16.mlp.fc2.weight:weight_decay=0.05
2026/06/15 15:21:58 - mmengine - INFO - paramwise_options -- backbone.adapter.backbone.blocks.16.mlp.fc2.weight:lr_mult=0.1
2026/06/15 15:21:58 - mmengine - INFO - paramwise_options -- backbone.adapter.backbone.blocks.16.mlp.fc2.weight:decay_mult=1.0
2026/06/15 15:21:58 - mmengine - INFO - paramwise_options -- backbone.adapter.backbone.blocks.16.mlp.fc2.bias:lr=1e-05
2026/06/15 15:21:58 - mmengine - INFO - paramwise_options -- backbone.adapter.backbone.blocks.16.mlp.fc2.bias:weight_decay=0.05
2026/06/15 15:21:58 - mmengine - INFO - paramwise_options -- backbone.adapter.backbone.blocks.16.mlp.fc2.bias:lr_mult=0.1
2026/06/15 15:21:58 - mmengine - INFO - paramwise_options -- backbone.adapter.backbone.blocks.16.mlp.fc2.bias:decay_mult=1.0
2026/06/15 15:21:58 - mmengine - INFO - paramwise_options -- backbone.adapter.backbone.blocks.16.ls2.gamma:lr=1e-05
2026/06/15 15:21:58 - mmengine - INFO - paramwise_options -- backbone.adapter.backbone.blocks.16.ls2.gamma:weight_decay=0.05
2026/06/15 15:21:58 - mmengine - INFO - paramwise_options -- backbone.adapter.backbone.blocks.16.ls2.gamma:lr_mult=0.1
2026/06/15 15:21:58 - mmengine - INFO - paramwise_options -- backbone.adapter.backbone.blocks.16.ls2.gamma:decay_mult=1.0
2026/06/15 15:21:58 - mmengine - INFO - paramwise_options -- backbone.adapter.backbone.blocks.17.norm1.weight:lr=1e-05
2026/06/15 15:21:58 - mmengine - INFO - paramwise_options -- backbone.adapter.backbone.blocks.17.norm1.weight:weight_decay=0.05
2026/06/15 15:21:58 - mmengine - INFO - paramwise_options -- backbone.adapter.backbone.blocks.17.norm1.weight:lr_mult=0.1
2026/06/15 15:21:58 - mmengine - INFO - paramwise_options -- backbone.adapter.backbone.blocks.17.norm1.weight:decay_mult=1.0
2026/06/15 15:21:58 - mmengine - INFO - paramwise_options -- backbone.adapter.backbone.blocks.17.norm1.bias:lr=1e-05
2026/06/15 15:21:58 - mmengine - INFO - paramwise_options -- backbone.adapter.backbone.blocks.17.norm1.bias:weight_decay=0.05
2026/06/15 15:21:58 - mmengine - INFO - paramwise_options -- backbone.adapter.backbone.blocks.17.norm1.bias:lr_mult=0.1
2026/06/15 15:21:58 - mmengine - INFO - paramwise_options -- backbone.adapter.backbone.blocks.17.norm1.bias:decay_mult=1.0
2026/06/15 15:21:58 - mmengine - INFO - paramwise_options -- backbone.adapter.backbone.blocks.17.attn.qkv.weight:lr=1e-05
2026/06/15 15:21:58 - mmengine - INFO - paramwise_options -- backbone.adapter.backbone.blocks.17.attn.qkv.weight:weight_decay=0.05
2026/06/15 15:21:58 - mmengine - INFO - paramwise_options -- backbone.adapter.backbone.blocks.17.attn.qkv.weight:lr_mult=0.1
2026/06/15 15:21:58 - mmengine - INFO - paramwise_options -- backbone.adapter.backbone.blocks.17.attn.qkv.weight:decay_mult=1.0
2026/06/15 15:21:58 - mmengine - INFO - paramwise_options -- backbone.adapter.backbone.blocks.17.attn.qkv.bias:lr=1e-05
2026/06/15 15:21:58 - mmengine - INFO - paramwise_options -- backbone.adapter.backbone.blocks.17.attn.qkv.bias:weight_decay=0.05
2026/06/15 15:21:58 - mmengine - INFO - paramwise_options -- backbone.adapter.backbone.blocks.17.attn.qkv.bias:lr_mult=0.1
2026/06/15 15:21:58 - mmengine - INFO - paramwise_options -- backbone.adapter.backbone.blocks.17.attn.qkv.bias:decay_mult=1.0
2026/06/15 15:21:58 - mmengine - INFO - paramwise_options -- backbone.adapter.backbone.blocks.17.attn.proj.weight:lr=1e-05
2026/06/15 15:21:58 - mmengine - INFO - paramwise_options -- backbone.adapter.backbone.blocks.17.attn.proj.weight:weight_decay=0.05
2026/06/15 15:21:58 - mmengine - INFO - paramwise_options -- backbone.adapter.backbone.blocks.17.attn.proj.weight:lr_mult=0.1
2026/06/15 15:21:58 - mmengine - INFO - paramwise_options -- backbone.adapter.backbone.blocks.17.attn.proj.weight:decay_mult=1.0
2026/06/15 15:21:58 - mmengine - INFO - paramwise_options -- backbone.adapter.backbone.blocks.17.attn.proj.bias:lr=1e-05
2026/06/15 15:21:58 - mmengine - INFO - paramwise_options -- backbone.adapter.backbone.blocks.17.attn.proj.bias:weight_decay=0.05
2026/06/15 15:21:58 - mmengine - INFO - paramwise_options -- backbone.adapter.backbone.blocks.17.attn.proj.bias:lr_mult=0.1
2026/06/15 15:21:58 - mmengine - INFO - paramwise_options -- backbone.adapter.backbone.blocks.17.attn.proj.bias:decay_mult=1.0
2026/06/15 15:21:58 - mmengine - INFO - paramwise_options -- backbone.adapter.backbone.blocks.17.ls1.gamma:lr=1e-05
2026/06/15 15:21:58 - mmengine - INFO - paramwise_options -- backbone.adapter.backbone.blocks.17.ls1.gamma:weight_decay=0.05
2026/06/15 15:21:58 - mmengine - INFO - paramwise_options -- backbone.adapter.backbone.blocks.17.ls1.gamma:lr_mult=0.1
2026/06/15 15:21:58 - mmengine - INFO - paramwise_options -- backbone.adapter.backbone.blocks.17.ls1.gamma:decay_mult=1.0
2026/06/15 15:21:58 - mmengine - INFO - paramwise_options -- backbone.adapter.backbone.blocks.17.norm2.weight:lr=1e-05
2026/06/15 15:21:58 - mmengine - INFO - paramwise_options -- backbone.adapter.backbone.blocks.17.norm2.weight:weight_decay=0.05
2026/06/15 15:21:58 - mmengine - INFO - paramwise_options -- backbone.adapter.backbone.blocks.17.norm2.weight:lr_mult=0.1
2026/06/15 15:21:58 - mmengine - INFO - paramwise_options -- backbone.adapter.backbone.blocks.17.norm2.weight:decay_mult=1.0
2026/06/15 15:21:58 - mmengine - INFO - paramwise_options -- backbone.adapter.backbone.blocks.17.norm2.bias:lr=1e-05
2026/06/15 15:21:58 - mmengine - INFO - paramwise_options -- backbone.adapter.backbone.blocks.17.norm2.bias:weight_decay=0.05
2026/06/15 15:21:58 - mmengine - INFO - paramwise_options -- backbone.adapter.backbone.blocks.17.norm2.bias:lr_mult=0.1
2026/06/15 15:21:58 - mmengine - INFO - paramwise_options -- backbone.adapter.backbone.blocks.17.norm2.bias:decay_mult=1.0
2026/06/15 15:21:58 - mmengine - INFO - paramwise_options -- backbone.adapter.backbone.blocks.17.mlp.fc1.weight:lr=1e-05
2026/06/15 15:21:58 - mmengine - INFO - paramwise_options -- backbone.adapter.backbone.blocks.17.mlp.fc1.weight:weight_decay=0.05
2026/06/15 15:21:58 - mmengine - INFO - paramwise_options -- backbone.adapter.backbone.blocks.17.mlp.fc1.weight:lr_mult=0.1
2026/06/15 15:21:58 - mmengine - INFO - paramwise_options -- backbone.adapter.backbone.blocks.17.mlp.fc1.weight:decay_mult=1.0
2026/06/15 15:21:58 - mmengine - INFO - paramwise_options -- backbone.adapter.backbone.blocks.17.mlp.fc1.bias:lr=1e-05
2026/06/15 15:21:58 - mmengine - INFO - paramwise_options -- backbone.adapter.backbone.blocks.17.mlp.fc1.bias:weight_decay=0.05
2026/06/15 15:21:58 - mmengine - INFO - paramwise_options -- backbone.adapter.backbone.blocks.17.mlp.fc1.bias:lr_mult=0.1
2026/06/15 15:21:58 - mmengine - INFO - paramwise_options -- backbone.adapter.backbone.blocks.17.mlp.fc1.bias:decay_mult=1.0
2026/06/15 15:21:58 - mmengine - INFO - paramwise_options -- backbone.adapter.backbone.blocks.17.mlp.fc2.weight:lr=1e-05
2026/06/15 15:21:58 - mmengine - INFO - paramwise_options -- backbone.adapter.backbone.blocks.17.mlp.fc2.weight:weight_decay=0.05
2026/06/15 15:21:58 - mmengine - INFO - paramwise_options -- backbone.adapter.backbone.blocks.17.mlp.fc2.weight:lr_mult=0.1
2026/06/15 15:21:58 - mmengine - INFO - paramwise_options -- backbone.adapter.backbone.blocks.17.mlp.fc2.weight:decay_mult=1.0
2026/06/15 15:21:58 - mmengine - INFO - paramwise_options -- backbone.adapter.backbone.blocks.17.mlp.fc2.bias:lr=1e-05
2026/06/15 15:21:58 - mmengine - INFO - paramwise_options -- backbone.adapter.backbone.blocks.17.mlp.fc2.bias:weight_decay=0.05
2026/06/15 15:21:58 - mmengine - INFO - paramwise_options -- backbone.adapter.backbone.blocks.17.mlp.fc2.bias:lr_mult=0.1
2026/06/15 15:21:58 - mmengine - INFO - paramwise_options -- backbone.adapter.backbone.blocks.17.mlp.fc2.bias:decay_mult=1.0
2026/06/15 15:21:58 - mmengine - INFO - paramwise_options -- backbone.adapter.backbone.blocks.17.ls2.gamma:lr=1e-05
2026/06/15 15:21:58 - mmengine - INFO - paramwise_options -- backbone.adapter.backbone.blocks.17.ls2.gamma:weight_decay=0.05
2026/06/15 15:21:58 - mmengine - INFO - paramwise_options -- backbone.adapter.backbone.blocks.17.ls2.gamma:lr_mult=0.1
2026/06/15 15:21:58 - mmengine - INFO - paramwise_options -- backbone.adapter.backbone.blocks.17.ls2.gamma:decay_mult=1.0
2026/06/15 15:21:58 - mmengine - INFO - paramwise_options -- backbone.adapter.backbone.blocks.18.norm1.weight:lr=1e-05
2026/06/15 15:21:58 - mmengine - INFO - paramwise_options -- backbone.adapter.backbone.blocks.18.norm1.weight:weight_decay=0.05
2026/06/15 15:21:58 - mmengine - INFO - paramwise_options -- backbone.adapter.backbone.blocks.18.norm1.weight:lr_mult=0.1
2026/06/15 15:21:58 - mmengine - INFO - paramwise_options -- backbone.adapter.backbone.blocks.18.norm1.weight:decay_mult=1.0
2026/06/15 15:21:58 - mmengine - INFO - paramwise_options -- backbone.adapter.backbone.blocks.18.norm1.bias:lr=1e-05
2026/06/15 15:21:58 - mmengine - INFO - paramwise_options -- backbone.adapter.backbone.blocks.18.norm1.bias:weight_decay=0.05
2026/06/15 15:21:58 - mmengine - INFO - paramwise_options -- backbone.adapter.backbone.blocks.18.norm1.bias:lr_mult=0.1
2026/06/15 15:21:58 - mmengine - INFO - paramwise_options -- backbone.adapter.backbone.blocks.18.norm1.bias:decay_mult=1.0
2026/06/15 15:21:58 - mmengine - INFO - paramwise_options -- backbone.adapter.backbone.blocks.18.attn.qkv.weight:lr=1e-05
2026/06/15 15:21:58 - mmengine - INFO - paramwise_options -- backbone.adapter.backbone.blocks.18.attn.qkv.weight:weight_decay=0.05
2026/06/15 15:21:58 - mmengine - INFO - paramwise_options -- backbone.adapter.backbone.blocks.18.attn.qkv.weight:lr_mult=0.1
2026/06/15 15:21:58 - mmengine - INFO - paramwise_options -- backbone.adapter.backbone.blocks.18.attn.qkv.weight:decay_mult=1.0
2026/06/15 15:21:58 - mmengine - INFO - paramwise_options -- backbone.adapter.backbone.blocks.18.attn.qkv.bias:lr=1e-05
2026/06/15 15:21:58 - mmengine - INFO - paramwise_options -- backbone.adapter.backbone.blocks.18.attn.qkv.bias:weight_decay=0.05
2026/06/15 15:21:58 - mmengine - INFO - paramwise_options -- backbone.adapter.backbone.blocks.18.attn.qkv.bias:lr_mult=0.1
2026/06/15 15:21:58 - mmengine - INFO - paramwise_options -- backbone.adapter.backbone.blocks.18.attn.qkv.bias:decay_mult=1.0
2026/06/15 15:21:58 - mmengine - INFO - paramwise_options -- backbone.adapter.backbone.blocks.18.attn.proj.weight:lr=1e-05
2026/06/15 15:21:58 - mmengine - INFO - paramwise_options -- backbone.adapter.backbone.blocks.18.attn.proj.weight:weight_decay=0.05
2026/06/15 15:21:58 - mmengine - INFO - paramwise_options -- backbone.adapter.backbone.blocks.18.attn.proj.weight:lr_mult=0.1
2026/06/15 15:21:58 - mmengine - INFO - paramwise_options -- backbone.adapter.backbone.blocks.18.attn.proj.weight:decay_mult=1.0
2026/06/15 15:21:58 - mmengine - INFO - paramwise_options -- backbone.adapter.backbone.blocks.18.attn.proj.bias:lr=1e-05
2026/06/15 15:21:58 - mmengine - INFO - paramwise_options -- backbone.adapter.backbone.blocks.18.attn.proj.bias:weight_decay=0.05
2026/06/15 15:21:58 - mmengine - INFO - paramwise_options -- backbone.adapter.backbone.blocks.18.attn.proj.bias:lr_mult=0.1
2026/06/15 15:21:58 - mmengine - INFO - paramwise_options -- backbone.adapter.backbone.blocks.18.attn.proj.bias:decay_mult=1.0
2026/06/15 15:21:58 - mmengine - INFO - paramwise_options -- backbone.adapter.backbone.blocks.18.ls1.gamma:lr=1e-05
2026/06/15 15:21:58 - mmengine - INFO - paramwise_options -- backbone.adapter.backbone.blocks.18.ls1.gamma:weight_decay=0.05
2026/06/15 15:21:58 - mmengine - INFO - paramwise_options -- backbone.adapter.backbone.blocks.18.ls1.gamma:lr_mult=0.1
2026/06/15 15:21:58 - mmengine - INFO - paramwise_options -- backbone.adapter.backbone.blocks.18.ls1.gamma:decay_mult=1.0
2026/06/15 15:21:58 - mmengine - INFO - paramwise_options -- backbone.adapter.backbone.blocks.18.norm2.weight:lr=1e-05
2026/06/15 15:21:58 - mmengine - INFO - paramwise_options -- backbone.adapter.backbone.blocks.18.norm2.weight:weight_decay=0.05
2026/06/15 15:21:58 - mmengine - INFO - paramwise_options -- backbone.adapter.backbone.blocks.18.norm2.weight:lr_mult=0.1
2026/06/15 15:21:58 - mmengine - INFO - paramwise_options -- backbone.adapter.backbone.blocks.18.norm2.weight:decay_mult=1.0
2026/06/15 15:21:58 - mmengine - INFO - paramwise_options -- backbone.adapter.backbone.blocks.18.norm2.bias:lr=1e-05
2026/06/15 15:21:58 - mmengine - INFO - paramwise_options -- backbone.adapter.backbone.blocks.18.norm2.bias:weight_decay=0.05
2026/06/15 15:21:58 - mmengine - INFO - paramwise_options -- backbone.adapter.backbone.blocks.18.norm2.bias:lr_mult=0.1
2026/06/15 15:21:58 - mmengine - INFO - paramwise_options -- backbone.adapter.backbone.blocks.18.norm2.bias:decay_mult=1.0
2026/06/15 15:21:58 - mmengine - INFO - paramwise_options -- backbone.adapter.backbone.blocks.18.mlp.fc1.weight:lr=1e-05
2026/06/15 15:21:58 - mmengine - INFO - paramwise_options -- backbone.adapter.backbone.blocks.18.mlp.fc1.weight:weight_decay=0.05
2026/06/15 15:21:58 - mmengine - INFO - paramwise_options -- backbone.adapter.backbone.blocks.18.mlp.fc1.weight:lr_mult=0.1
2026/06/15 15:21:58 - mmengine - INFO - paramwise_options -- backbone.adapter.backbone.blocks.18.mlp.fc1.weight:decay_mult=1.0
2026/06/15 15:21:58 - mmengine - INFO - paramwise_options -- backbone.adapter.backbone.blocks.18.mlp.fc1.bias:lr=1e-05
2026/06/15 15:21:58 - mmengine - INFO - paramwise_options -- backbone.adapter.backbone.blocks.18.mlp.fc1.bias:weight_decay=0.05
2026/06/15 15:21:58 - mmengine - INFO - paramwise_options -- backbone.adapter.backbone.blocks.18.mlp.fc1.bias:lr_mult=0.1
2026/06/15 15:21:58 - mmengine - INFO - paramwise_options -- backbone.adapter.backbone.blocks.18.mlp.fc1.bias:decay_mult=1.0
2026/06/15 15:21:58 - mmengine - INFO - paramwise_options -- backbone.adapter.backbone.blocks.18.mlp.fc2.weight:lr=1e-05
2026/06/15 15:21:58 - mmengine - INFO - paramwise_options -- backbone.adapter.backbone.blocks.18.mlp.fc2.weight:weight_decay=0.05
2026/06/15 15:21:58 - mmengine - INFO - paramwise_options -- backbone.adapter.backbone.blocks.18.mlp.fc2.weight:lr_mult=0.1
2026/06/15 15:21:58 - mmengine - INFO - paramwise_options -- backbone.adapter.backbone.blocks.18.mlp.fc2.weight:decay_mult=1.0
2026/06/15 15:21:58 - mmengine - INFO - paramwise_options -- backbone.adapter.backbone.blocks.18.mlp.fc2.bias:lr=1e-05
2026/06/15 15:21:58 - mmengine - INFO - paramwise_options -- backbone.adapter.backbone.blocks.18.mlp.fc2.bias:weight_decay=0.05
2026/06/15 15:21:58 - mmengine - INFO - paramwise_options -- backbone.adapter.backbone.blocks.18.mlp.fc2.bias:lr_mult=0.1
2026/06/15 15:21:58 - mmengine - INFO - paramwise_options -- backbone.adapter.backbone.blocks.18.mlp.fc2.bias:decay_mult=1.0
2026/06/15 15:21:58 - mmengine - INFO - paramwise_options -- backbone.adapter.backbone.blocks.18.ls2.gamma:lr=1e-05
2026/06/15 15:21:58 - mmengine - INFO - paramwise_options -- backbone.adapter.backbone.blocks.18.ls2.gamma:weight_decay=0.05
2026/06/15 15:21:58 - mmengine - INFO - paramwise_options -- backbone.adapter.backbone.blocks.18.ls2.gamma:lr_mult=0.1
2026/06/15 15:21:58 - mmengine - INFO - paramwise_options -- backbone.adapter.backbone.blocks.18.ls2.gamma:decay_mult=1.0
2026/06/15 15:21:58 - mmengine - INFO - paramwise_options -- backbone.adapter.backbone.blocks.19.norm1.weight:lr=1e-05
2026/06/15 15:21:58 - mmengine - INFO - paramwise_options -- backbone.adapter.backbone.blocks.19.norm1.weight:weight_decay=0.05
2026/06/15 15:21:58 - mmengine - INFO - paramwise_options -- backbone.adapter.backbone.blocks.19.norm1.weight:lr_mult=0.1
2026/06/15 15:21:58 - mmengine - INFO - paramwise_options -- backbone.adapter.backbone.blocks.19.norm1.weight:decay_mult=1.0
2026/06/15 15:21:58 - mmengine - INFO - paramwise_options -- backbone.adapter.backbone.blocks.19.norm1.bias:lr=1e-05
2026/06/15 15:21:58 - mmengine - INFO - paramwise_options -- backbone.adapter.backbone.blocks.19.norm1.bias:weight_decay=0.05
2026/06/15 15:21:58 - mmengine - INFO - paramwise_options -- backbone.adapter.backbone.blocks.19.norm1.bias:lr_mult=0.1
2026/06/15 15:21:58 - mmengine - INFO - paramwise_options -- backbone.adapter.backbone.blocks.19.norm1.bias:decay_mult=1.0
2026/06/15 15:21:58 - mmengine - INFO - paramwise_options -- backbone.adapter.backbone.blocks.19.attn.qkv.weight:lr=1e-05
2026/06/15 15:21:58 - mmengine - INFO - paramwise_options -- backbone.adapter.backbone.blocks.19.attn.qkv.weight:weight_decay=0.05
2026/06/15 15:21:58 - mmengine - INFO - paramwise_options -- backbone.adapter.backbone.blocks.19.attn.qkv.weight:lr_mult=0.1
2026/06/15 15:21:58 - mmengine - INFO - paramwise_options -- backbone.adapter.backbone.blocks.19.attn.qkv.weight:decay_mult=1.0
2026/06/15 15:21:58 - mmengine - INFO - paramwise_options -- backbone.adapter.backbone.blocks.19.attn.qkv.bias:lr=1e-05
2026/06/15 15:21:58 - mmengine - INFO - paramwise_options -- backbone.adapter.backbone.blocks.19.attn.qkv.bias:weight_decay=0.05
2026/06/15 15:21:58 - mmengine - INFO - paramwise_options -- backbone.adapter.backbone.blocks.19.attn.qkv.bias:lr_mult=0.1
2026/06/15 15:21:58 - mmengine - INFO - paramwise_options -- backbone.adapter.backbone.blocks.19.attn.qkv.bias:decay_mult=1.0
2026/06/15 15:21:58 - mmengine - INFO - paramwise_options -- backbone.adapter.backbone.blocks.19.attn.proj.weight:lr=1e-05
2026/06/15 15:21:58 - mmengine - INFO - paramwise_options -- backbone.adapter.backbone.blocks.19.attn.proj.weight:weight_decay=0.05
2026/06/15 15:21:58 - mmengine - INFO - paramwise_options -- backbone.adapter.backbone.blocks.19.attn.proj.weight:lr_mult=0.1
2026/06/15 15:21:58 - mmengine - INFO - paramwise_options -- backbone.adapter.backbone.blocks.19.attn.proj.weight:decay_mult=1.0
2026/06/15 15:21:58 - mmengine - INFO - paramwise_options -- backbone.adapter.backbone.blocks.19.attn.proj.bias:lr=1e-05
2026/06/15 15:21:58 - mmengine - INFO - paramwise_options -- backbone.adapter.backbone.blocks.19.attn.proj.bias:weight_decay=0.05
2026/06/15 15:21:58 - mmengine - INFO - paramwise_options -- backbone.adapter.backbone.blocks.19.attn.proj.bias:lr_mult=0.1
2026/06/15 15:21:58 - mmengine - INFO - paramwise_options -- backbone.adapter.backbone.blocks.19.attn.proj.bias:decay_mult=1.0
2026/06/15 15:21:58 - mmengine - INFO - paramwise_options -- backbone.adapter.backbone.blocks.19.ls1.gamma:lr=1e-05
2026/06/15 15:21:58 - mmengine - INFO - paramwise_options -- backbone.adapter.backbone.blocks.19.ls1.gamma:weight_decay=0.05
2026/06/15 15:21:58 - mmengine - INFO - paramwise_options -- backbone.adapter.backbone.blocks.19.ls1.gamma:lr_mult=0.1
2026/06/15 15:21:58 - mmengine - INFO - paramwise_options -- backbone.adapter.backbone.blocks.19.ls1.gamma:decay_mult=1.0
2026/06/15 15:21:58 - mmengine - INFO - paramwise_options -- backbone.adapter.backbone.blocks.19.norm2.weight:lr=1e-05
2026/06/15 15:21:58 - mmengine - INFO - paramwise_options -- backbone.adapter.backbone.blocks.19.norm2.weight:weight_decay=0.05
2026/06/15 15:21:58 - mmengine - INFO - paramwise_options -- backbone.adapter.backbone.blocks.19.norm2.weight:lr_mult=0.1
2026/06/15 15:21:58 - mmengine - INFO - paramwise_options -- backbone.adapter.backbone.blocks.19.norm2.weight:decay_mult=1.0
2026/06/15 15:21:58 - mmengine - INFO - paramwise_options -- backbone.adapter.backbone.blocks.19.norm2.bias:lr=1e-05
2026/06/15 15:21:58 - mmengine - INFO - paramwise_options -- backbone.adapter.backbone.blocks.19.norm2.bias:weight_decay=0.05
2026/06/15 15:21:58 - mmengine - INFO - paramwise_options -- backbone.adapter.backbone.blocks.19.norm2.bias:lr_mult=0.1
2026/06/15 15:21:58 - mmengine - INFO - paramwise_options -- backbone.adapter.backbone.blocks.19.norm2.bias:decay_mult=1.0
2026/06/15 15:21:58 - mmengine - INFO - paramwise_options -- backbone.adapter.backbone.blocks.19.mlp.fc1.weight:lr=1e-05
2026/06/15 15:21:58 - mmengine - INFO - paramwise_options -- backbone.adapter.backbone.blocks.19.mlp.fc1.weight:weight_decay=0.05
2026/06/15 15:21:58 - mmengine - INFO - paramwise_options -- backbone.adapter.backbone.blocks.19.mlp.fc1.weight:lr_mult=0.1
2026/06/15 15:21:58 - mmengine - INFO - paramwise_options -- backbone.adapter.backbone.blocks.19.mlp.fc1.weight:decay_mult=1.0
2026/06/15 15:21:58 - mmengine - INFO - paramwise_options -- backbone.adapter.backbone.blocks.19.mlp.fc1.bias:lr=1e-05
2026/06/15 15:21:58 - mmengine - INFO - paramwise_options -- backbone.adapter.backbone.blocks.19.mlp.fc1.bias:weight_decay=0.05
2026/06/15 15:21:58 - mmengine - INFO - paramwise_options -- backbone.adapter.backbone.blocks.19.mlp.fc1.bias:lr_mult=0.1
2026/06/15 15:21:58 - mmengine - INFO - paramwise_options -- backbone.adapter.backbone.blocks.19.mlp.fc1.bias:decay_mult=1.0
2026/06/15 15:21:58 - mmengine - INFO - paramwise_options -- backbone.adapter.backbone.blocks.19.mlp.fc2.weight:lr=1e-05
2026/06/15 15:21:58 - mmengine - INFO - paramwise_options -- backbone.adapter.backbone.blocks.19.mlp.fc2.weight:weight_decay=0.05
2026/06/15 15:21:58 - mmengine - INFO - paramwise_options -- backbone.adapter.backbone.blocks.19.mlp.fc2.weight:lr_mult=0.1
2026/06/15 15:21:58 - mmengine - INFO - paramwise_options -- backbone.adapter.backbone.blocks.19.mlp.fc2.weight:decay_mult=1.0
2026/06/15 15:21:58 - mmengine - INFO - paramwise_options -- backbone.adapter.backbone.blocks.19.mlp.fc2.bias:lr=1e-05
2026/06/15 15:21:58 - mmengine - INFO - paramwise_options -- backbone.adapter.backbone.blocks.19.mlp.fc2.bias:weight_decay=0.05
2026/06/15 15:21:58 - mmengine - INFO - paramwise_options -- backbone.adapter.backbone.blocks.19.mlp.fc2.bias:lr_mult=0.1
2026/06/15 15:21:58 - mmengine - INFO - paramwise_options -- backbone.adapter.backbone.blocks.19.mlp.fc2.bias:decay_mult=1.0
2026/06/15 15:21:58 - mmengine - INFO - paramwise_options -- backbone.adapter.backbone.blocks.19.ls2.gamma:lr=1e-05
2026/06/15 15:21:58 - mmengine - INFO - paramwise_options -- backbone.adapter.backbone.blocks.19.ls2.gamma:weight_decay=0.05
2026/06/15 15:21:58 - mmengine - INFO - paramwise_options -- backbone.adapter.backbone.blocks.19.ls2.gamma:lr_mult=0.1
2026/06/15 15:21:58 - mmengine - INFO - paramwise_options -- backbone.adapter.backbone.blocks.19.ls2.gamma:decay_mult=1.0
2026/06/15 15:21:58 - mmengine - INFO - paramwise_options -- backbone.adapter.backbone.blocks.20.norm1.weight:lr=1e-05
2026/06/15 15:21:58 - mmengine - INFO - paramwise_options -- backbone.adapter.backbone.blocks.20.norm1.weight:weight_decay=0.05
2026/06/15 15:21:58 - mmengine - INFO - paramwise_options -- backbone.adapter.backbone.blocks.20.norm1.weight:lr_mult=0.1
2026/06/15 15:21:58 - mmengine - INFO - paramwise_options -- backbone.adapter.backbone.blocks.20.norm1.weight:decay_mult=1.0
2026/06/15 15:21:58 - mmengine - INFO - paramwise_options -- backbone.adapter.backbone.blocks.20.norm1.bias:lr=1e-05
2026/06/15 15:21:58 - mmengine - INFO - paramwise_options -- backbone.adapter.backbone.blocks.20.norm1.bias:weight_decay=0.05
2026/06/15 15:21:58 - mmengine - INFO - paramwise_options -- backbone.adapter.backbone.blocks.20.norm1.bias:lr_mult=0.1
2026/06/15 15:21:58 - mmengine - INFO - paramwise_options -- backbone.adapter.backbone.blocks.20.norm1.bias:decay_mult=1.0
2026/06/15 15:21:58 - mmengine - INFO - paramwise_options -- backbone.adapter.backbone.blocks.20.attn.qkv.weight:lr=1e-05
2026/06/15 15:21:58 - mmengine - INFO - paramwise_options -- backbone.adapter.backbone.blocks.20.attn.qkv.weight:weight_decay=0.05
2026/06/15 15:21:58 - mmengine - INFO - paramwise_options -- backbone.adapter.backbone.blocks.20.attn.qkv.weight:lr_mult=0.1
2026/06/15 15:21:58 - mmengine - INFO - paramwise_options -- backbone.adapter.backbone.blocks.20.attn.qkv.weight:decay_mult=1.0
2026/06/15 15:21:58 - mmengine - INFO - paramwise_options -- backbone.adapter.backbone.blocks.20.attn.qkv.bias:lr=1e-05
2026/06/15 15:21:58 - mmengine - INFO - paramwise_options -- backbone.adapter.backbone.blocks.20.attn.qkv.bias:weight_decay=0.05
2026/06/15 15:21:58 - mmengine - INFO - paramwise_options -- backbone.adapter.backbone.blocks.20.attn.qkv.bias:lr_mult=0.1
2026/06/15 15:21:58 - mmengine - INFO - paramwise_options -- backbone.adapter.backbone.blocks.20.attn.qkv.bias:decay_mult=1.0
2026/06/15 15:21:58 - mmengine - INFO - paramwise_options -- backbone.adapter.backbone.blocks.20.attn.proj.weight:lr=1e-05
2026/06/15 15:21:58 - mmengine - INFO - paramwise_options -- backbone.adapter.backbone.blocks.20.attn.proj.weight:weight_decay=0.05
2026/06/15 15:21:58 - mmengine - INFO - paramwise_options -- backbone.adapter.backbone.blocks.20.attn.proj.weight:lr_mult=0.1
2026/06/15 15:21:58 - mmengine - INFO - paramwise_options -- backbone.adapter.backbone.blocks.20.attn.proj.weight:decay_mult=1.0
2026/06/15 15:21:58 - mmengine - INFO - paramwise_options -- backbone.adapter.backbone.blocks.20.attn.proj.bias:lr=1e-05
2026/06/15 15:21:58 - mmengine - INFO - paramwise_options -- backbone.adapter.backbone.blocks.20.attn.proj.bias:weight_decay=0.05
2026/06/15 15:21:58 - mmengine - INFO - paramwise_options -- backbone.adapter.backbone.blocks.20.attn.proj.bias:lr_mult=0.1
2026/06/15 15:21:58 - mmengine - INFO - paramwise_options -- backbone.adapter.backbone.blocks.20.attn.proj.bias:decay_mult=1.0
2026/06/15 15:21:58 - mmengine - INFO - paramwise_options -- backbone.adapter.backbone.blocks.20.ls1.gamma:lr=1e-05
2026/06/15 15:21:58 - mmengine - INFO - paramwise_options -- backbone.adapter.backbone.blocks.20.ls1.gamma:weight_decay=0.05
2026/06/15 15:21:58 - mmengine - INFO - paramwise_options -- backbone.adapter.backbone.blocks.20.ls1.gamma:lr_mult=0.1
2026/06/15 15:21:58 - mmengine - INFO - paramwise_options -- backbone.adapter.backbone.blocks.20.ls1.gamma:decay_mult=1.0
2026/06/15 15:21:58 - mmengine - INFO - paramwise_options -- backbone.adapter.backbone.blocks.20.norm2.weight:lr=1e-05
2026/06/15 15:21:58 - mmengine - INFO - paramwise_options -- backbone.adapter.backbone.blocks.20.norm2.weight:weight_decay=0.05
2026/06/15 15:21:58 - mmengine - INFO - paramwise_options -- backbone.adapter.backbone.blocks.20.norm2.weight:lr_mult=0.1
2026/06/15 15:21:58 - mmengine - INFO - paramwise_options -- backbone.adapter.backbone.blocks.20.norm2.weight:decay_mult=1.0
2026/06/15 15:21:58 - mmengine - INFO - paramwise_options -- backbone.adapter.backbone.blocks.20.norm2.bias:lr=1e-05
2026/06/15 15:21:58 - mmengine - INFO - paramwise_options -- backbone.adapter.backbone.blocks.20.norm2.bias:weight_decay=0.05
2026/06/15 15:21:58 - mmengine - INFO - paramwise_options -- backbone.adapter.backbone.blocks.20.norm2.bias:lr_mult=0.1
2026/06/15 15:21:58 - mmengine - INFO - paramwise_options -- backbone.adapter.backbone.blocks.20.norm2.bias:decay_mult=1.0
2026/06/15 15:21:58 - mmengine - INFO - paramwise_options -- backbone.adapter.backbone.blocks.20.mlp.fc1.weight:lr=1e-05
2026/06/15 15:21:58 - mmengine - INFO - paramwise_options -- backbone.adapter.backbone.blocks.20.mlp.fc1.weight:weight_decay=0.05
2026/06/15 15:21:58 - mmengine - INFO - paramwise_options -- backbone.adapter.backbone.blocks.20.mlp.fc1.weight:lr_mult=0.1
2026/06/15 15:21:58 - mmengine - INFO - paramwise_options -- backbone.adapter.backbone.blocks.20.mlp.fc1.weight:decay_mult=1.0
2026/06/15 15:21:58 - mmengine - INFO - paramwise_options -- backbone.adapter.backbone.blocks.20.mlp.fc1.bias:lr=1e-05
2026/06/15 15:21:58 - mmengine - INFO - paramwise_options -- backbone.adapter.backbone.blocks.20.mlp.fc1.bias:weight_decay=0.05
2026/06/15 15:21:58 - mmengine - INFO - paramwise_options -- backbone.adapter.backbone.blocks.20.mlp.fc1.bias:lr_mult=0.1
2026/06/15 15:21:58 - mmengine - INFO - paramwise_options -- backbone.adapter.backbone.blocks.20.mlp.fc1.bias:decay_mult=1.0
2026/06/15 15:21:58 - mmengine - INFO - paramwise_options -- backbone.adapter.backbone.blocks.20.mlp.fc2.weight:lr=1e-05
2026/06/15 15:21:58 - mmengine - INFO - paramwise_options -- backbone.adapter.backbone.blocks.20.mlp.fc2.weight:weight_decay=0.05
2026/06/15 15:21:58 - mmengine - INFO - paramwise_options -- backbone.adapter.backbone.blocks.20.mlp.fc2.weight:lr_mult=0.1
2026/06/15 15:21:59 - mmengine - INFO - paramwise_options -- backbone.adapter.backbone.blocks.20.mlp.fc2.weight:decay_mult=1.0
2026/06/15 15:21:59 - mmengine - INFO - paramwise_options -- backbone.adapter.backbone.blocks.20.mlp.fc2.bias:lr=1e-05
2026/06/15 15:21:59 - mmengine - INFO - paramwise_options -- backbone.adapter.backbone.blocks.20.mlp.fc2.bias:weight_decay=0.05
2026/06/15 15:21:59 - mmengine - INFO - paramwise_options -- backbone.adapter.backbone.blocks.20.mlp.fc2.bias:lr_mult=0.1
2026/06/15 15:21:59 - mmengine - INFO - paramwise_options -- backbone.adapter.backbone.blocks.20.mlp.fc2.bias:decay_mult=1.0
2026/06/15 15:21:59 - mmengine - INFO - paramwise_options -- backbone.adapter.backbone.blocks.20.ls2.gamma:lr=1e-05
2026/06/15 15:21:59 - mmengine - INFO - paramwise_options -- backbone.adapter.backbone.blocks.20.ls2.gamma:weight_decay=0.05
2026/06/15 15:21:59 - mmengine - INFO - paramwise_options -- backbone.adapter.backbone.blocks.20.ls2.gamma:lr_mult=0.1
2026/06/15 15:21:59 - mmengine - INFO - paramwise_options -- backbone.adapter.backbone.blocks.20.ls2.gamma:decay_mult=1.0
2026/06/15 15:21:59 - mmengine - INFO - paramwise_options -- backbone.adapter.backbone.blocks.21.norm1.weight:lr=1e-05
2026/06/15 15:21:59 - mmengine - INFO - paramwise_options -- backbone.adapter.backbone.blocks.21.norm1.weight:weight_decay=0.05
2026/06/15 15:21:59 - mmengine - INFO - paramwise_options -- backbone.adapter.backbone.blocks.21.norm1.weight:lr_mult=0.1
2026/06/15 15:21:59 - mmengine - INFO - paramwise_options -- backbone.adapter.backbone.blocks.21.norm1.weight:decay_mult=1.0
2026/06/15 15:21:59 - mmengine - INFO - paramwise_options -- backbone.adapter.backbone.blocks.21.norm1.bias:lr=1e-05
2026/06/15 15:21:59 - mmengine - INFO - paramwise_options -- backbone.adapter.backbone.blocks.21.norm1.bias:weight_decay=0.05
2026/06/15 15:21:59 - mmengine - INFO - paramwise_options -- backbone.adapter.backbone.blocks.21.norm1.bias:lr_mult=0.1
2026/06/15 15:21:59 - mmengine - INFO - paramwise_options -- backbone.adapter.backbone.blocks.21.norm1.bias:decay_mult=1.0
2026/06/15 15:21:59 - mmengine - INFO - paramwise_options -- backbone.adapter.backbone.blocks.21.attn.qkv.weight:lr=1e-05
2026/06/15 15:21:59 - mmengine - INFO - paramwise_options -- backbone.adapter.backbone.blocks.21.attn.qkv.weight:weight_decay=0.05
2026/06/15 15:21:59 - mmengine - INFO - paramwise_options -- backbone.adapter.backbone.blocks.21.attn.qkv.weight:lr_mult=0.1
2026/06/15 15:21:59 - mmengine - INFO - paramwise_options -- backbone.adapter.backbone.blocks.21.attn.qkv.weight:decay_mult=1.0
2026/06/15 15:21:59 - mmengine - INFO - paramwise_options -- backbone.adapter.backbone.blocks.21.attn.qkv.bias:lr=1e-05
2026/06/15 15:21:59 - mmengine - INFO - paramwise_options -- backbone.adapter.backbone.blocks.21.attn.qkv.bias:weight_decay=0.05
2026/06/15 15:21:59 - mmengine - INFO - paramwise_options -- backbone.adapter.backbone.blocks.21.attn.qkv.bias:lr_mult=0.1
2026/06/15 15:21:59 - mmengine - INFO - paramwise_options -- backbone.adapter.backbone.blocks.21.attn.qkv.bias:decay_mult=1.0
2026/06/15 15:21:59 - mmengine - INFO - paramwise_options -- backbone.adapter.backbone.blocks.21.attn.proj.weight:lr=1e-05
2026/06/15 15:21:59 - mmengine - INFO - paramwise_options -- backbone.adapter.backbone.blocks.21.attn.proj.weight:weight_decay=0.05
2026/06/15 15:21:59 - mmengine - INFO - paramwise_options -- backbone.adapter.backbone.blocks.21.attn.proj.weight:lr_mult=0.1
2026/06/15 15:21:59 - mmengine - INFO - paramwise_options -- backbone.adapter.backbone.blocks.21.attn.proj.weight:decay_mult=1.0
2026/06/15 15:21:59 - mmengine - INFO - paramwise_options -- backbone.adapter.backbone.blocks.21.attn.proj.bias:lr=1e-05
2026/06/15 15:21:59 - mmengine - INFO - paramwise_options -- backbone.adapter.backbone.blocks.21.attn.proj.bias:weight_decay=0.05
2026/06/15 15:21:59 - mmengine - INFO - paramwise_options -- backbone.adapter.backbone.blocks.21.attn.proj.bias:lr_mult=0.1
2026/06/15 15:21:59 - mmengine - INFO - paramwise_options -- backbone.adapter.backbone.blocks.21.attn.proj.bias:decay_mult=1.0
2026/06/15 15:21:59 - mmengine - INFO - paramwise_options -- backbone.adapter.backbone.blocks.21.ls1.gamma:lr=1e-05
2026/06/15 15:21:59 - mmengine - INFO - paramwise_options -- backbone.adapter.backbone.blocks.21.ls1.gamma:weight_decay=0.05
2026/06/15 15:21:59 - mmengine - INFO - paramwise_options -- backbone.adapter.backbone.blocks.21.ls1.gamma:lr_mult=0.1
2026/06/15 15:21:59 - mmengine - INFO - paramwise_options -- backbone.adapter.backbone.blocks.21.ls1.gamma:decay_mult=1.0
2026/06/15 15:21:59 - mmengine - INFO - paramwise_options -- backbone.adapter.backbone.blocks.21.norm2.weight:lr=1e-05
2026/06/15 15:21:59 - mmengine - INFO - paramwise_options -- backbone.adapter.backbone.blocks.21.norm2.weight:weight_decay=0.05
2026/06/15 15:21:59 - mmengine - INFO - paramwise_options -- backbone.adapter.backbone.blocks.21.norm2.weight:lr_mult=0.1
2026/06/15 15:21:59 - mmengine - INFO - paramwise_options -- backbone.adapter.backbone.blocks.21.norm2.weight:decay_mult=1.0
2026/06/15 15:21:59 - mmengine - INFO - paramwise_options -- backbone.adapter.backbone.blocks.21.norm2.bias:lr=1e-05
2026/06/15 15:21:59 - mmengine - INFO - paramwise_options -- backbone.adapter.backbone.blocks.21.norm2.bias:weight_decay=0.05
2026/06/15 15:21:59 - mmengine - INFO - paramwise_options -- backbone.adapter.backbone.blocks.21.norm2.bias:lr_mult=0.1
2026/06/15 15:21:59 - mmengine - INFO - paramwise_options -- backbone.adapter.backbone.blocks.21.norm2.bias:decay_mult=1.0
2026/06/15 15:21:59 - mmengine - INFO - paramwise_options -- backbone.adapter.backbone.blocks.21.mlp.fc1.weight:lr=1e-05
2026/06/15 15:21:59 - mmengine - INFO - paramwise_options -- backbone.adapter.backbone.blocks.21.mlp.fc1.weight:weight_decay=0.05
2026/06/15 15:21:59 - mmengine - INFO - paramwise_options -- backbone.adapter.backbone.blocks.21.mlp.fc1.weight:lr_mult=0.1
2026/06/15 15:21:59 - mmengine - INFO - paramwise_options -- backbone.adapter.backbone.blocks.21.mlp.fc1.weight:decay_mult=1.0
2026/06/15 15:21:59 - mmengine - INFO - paramwise_options -- backbone.adapter.backbone.blocks.21.mlp.fc1.bias:lr=1e-05
2026/06/15 15:21:59 - mmengine - INFO - paramwise_options -- backbone.adapter.backbone.blocks.21.mlp.fc1.bias:weight_decay=0.05
2026/06/15 15:21:59 - mmengine - INFO - paramwise_options -- backbone.adapter.backbone.blocks.21.mlp.fc1.bias:lr_mult=0.1
2026/06/15 15:21:59 - mmengine - INFO - paramwise_options -- backbone.adapter.backbone.blocks.21.mlp.fc1.bias:decay_mult=1.0
2026/06/15 15:21:59 - mmengine - INFO - paramwise_options -- backbone.adapter.backbone.blocks.21.mlp.fc2.weight:lr=1e-05
2026/06/15 15:21:59 - mmengine - INFO - paramwise_options -- backbone.adapter.backbone.blocks.21.mlp.fc2.weight:weight_decay=0.05
2026/06/15 15:21:59 - mmengine - INFO - paramwise_options -- backbone.adapter.backbone.blocks.21.mlp.fc2.weight:lr_mult=0.1
2026/06/15 15:21:59 - mmengine - INFO - paramwise_options -- backbone.adapter.backbone.blocks.21.mlp.fc2.weight:decay_mult=1.0
2026/06/15 15:21:59 - mmengine - INFO - paramwise_options -- backbone.adapter.backbone.blocks.21.mlp.fc2.bias:lr=1e-05
2026/06/15 15:21:59 - mmengine - INFO - paramwise_options -- backbone.adapter.backbone.blocks.21.mlp.fc2.bias:weight_decay=0.05
2026/06/15 15:21:59 - mmengine - INFO - paramwise_options -- backbone.adapter.backbone.blocks.21.mlp.fc2.bias:lr_mult=0.1
2026/06/15 15:21:59 - mmengine - INFO - paramwise_options -- backbone.adapter.backbone.blocks.21.mlp.fc2.bias:decay_mult=1.0
2026/06/15 15:21:59 - mmengine - INFO - paramwise_options -- backbone.adapter.backbone.blocks.21.ls2.gamma:lr=1e-05
2026/06/15 15:21:59 - mmengine - INFO - paramwise_options -- backbone.adapter.backbone.blocks.21.ls2.gamma:weight_decay=0.05
2026/06/15 15:21:59 - mmengine - INFO - paramwise_options -- backbone.adapter.backbone.blocks.21.ls2.gamma:lr_mult=0.1
2026/06/15 15:21:59 - mmengine - INFO - paramwise_options -- backbone.adapter.backbone.blocks.21.ls2.gamma:decay_mult=1.0
2026/06/15 15:21:59 - mmengine - INFO - paramwise_options -- backbone.adapter.backbone.blocks.22.norm1.weight:lr=1e-05
2026/06/15 15:21:59 - mmengine - INFO - paramwise_options -- backbone.adapter.backbone.blocks.22.norm1.weight:weight_decay=0.05
2026/06/15 15:21:59 - mmengine - INFO - paramwise_options -- backbone.adapter.backbone.blocks.22.norm1.weight:lr_mult=0.1
2026/06/15 15:21:59 - mmengine - INFO - paramwise_options -- backbone.adapter.backbone.blocks.22.norm1.weight:decay_mult=1.0
2026/06/15 15:21:59 - mmengine - INFO - paramwise_options -- backbone.adapter.backbone.blocks.22.norm1.bias:lr=1e-05
2026/06/15 15:21:59 - mmengine - INFO - paramwise_options -- backbone.adapter.backbone.blocks.22.norm1.bias:weight_decay=0.05
2026/06/15 15:21:59 - mmengine - INFO - paramwise_options -- backbone.adapter.backbone.blocks.22.norm1.bias:lr_mult=0.1
2026/06/15 15:21:59 - mmengine - INFO - paramwise_options -- backbone.adapter.backbone.blocks.22.norm1.bias:decay_mult=1.0
2026/06/15 15:21:59 - mmengine - INFO - paramwise_options -- backbone.adapter.backbone.blocks.22.attn.qkv.weight:lr=1e-05
2026/06/15 15:21:59 - mmengine - INFO - paramwise_options -- backbone.adapter.backbone.blocks.22.attn.qkv.weight:weight_decay=0.05
2026/06/15 15:21:59 - mmengine - INFO - paramwise_options -- backbone.adapter.backbone.blocks.22.attn.qkv.weight:lr_mult=0.1
2026/06/15 15:21:59 - mmengine - INFO - paramwise_options -- backbone.adapter.backbone.blocks.22.attn.qkv.weight:decay_mult=1.0
2026/06/15 15:21:59 - mmengine - INFO - paramwise_options -- backbone.adapter.backbone.blocks.22.attn.qkv.bias:lr=1e-05
2026/06/15 15:21:59 - mmengine - INFO - paramwise_options -- backbone.adapter.backbone.blocks.22.attn.qkv.bias:weight_decay=0.05
2026/06/15 15:21:59 - mmengine - INFO - paramwise_options -- backbone.adapter.backbone.blocks.22.attn.qkv.bias:lr_mult=0.1
2026/06/15 15:21:59 - mmengine - INFO - paramwise_options -- backbone.adapter.backbone.blocks.22.attn.qkv.bias:decay_mult=1.0
2026/06/15 15:21:59 - mmengine - INFO - paramwise_options -- backbone.adapter.backbone.blocks.22.attn.proj.weight:lr=1e-05
2026/06/15 15:21:59 - mmengine - INFO - paramwise_options -- backbone.adapter.backbone.blocks.22.attn.proj.weight:weight_decay=0.05
2026/06/15 15:21:59 - mmengine - INFO - paramwise_options -- backbone.adapter.backbone.blocks.22.attn.proj.weight:lr_mult=0.1
2026/06/15 15:21:59 - mmengine - INFO - paramwise_options -- backbone.adapter.backbone.blocks.22.attn.proj.weight:decay_mult=1.0
2026/06/15 15:21:59 - mmengine - INFO - paramwise_options -- backbone.adapter.backbone.blocks.22.attn.proj.bias:lr=1e-05
2026/06/15 15:21:59 - mmengine - INFO - paramwise_options -- backbone.adapter.backbone.blocks.22.attn.proj.bias:weight_decay=0.05
2026/06/15 15:21:59 - mmengine - INFO - paramwise_options -- backbone.adapter.backbone.blocks.22.attn.proj.bias:lr_mult=0.1
2026/06/15 15:21:59 - mmengine - INFO - paramwise_options -- backbone.adapter.backbone.blocks.22.attn.proj.bias:decay_mult=1.0
2026/06/15 15:21:59 - mmengine - INFO - paramwise_options -- backbone.adapter.backbone.blocks.22.ls1.gamma:lr=1e-05
2026/06/15 15:21:59 - mmengine - INFO - paramwise_options -- backbone.adapter.backbone.blocks.22.ls1.gamma:weight_decay=0.05
2026/06/15 15:21:59 - mmengine - INFO - paramwise_options -- backbone.adapter.backbone.blocks.22.ls1.gamma:lr_mult=0.1
2026/06/15 15:21:59 - mmengine - INFO - paramwise_options -- backbone.adapter.backbone.blocks.22.ls1.gamma:decay_mult=1.0
2026/06/15 15:21:59 - mmengine - INFO - paramwise_options -- backbone.adapter.backbone.blocks.22.norm2.weight:lr=1e-05
2026/06/15 15:21:59 - mmengine - INFO - paramwise_options -- backbone.adapter.backbone.blocks.22.norm2.weight:weight_decay=0.05
2026/06/15 15:21:59 - mmengine - INFO - paramwise_options -- backbone.adapter.backbone.blocks.22.norm2.weight:lr_mult=0.1
2026/06/15 15:21:59 - mmengine - INFO - paramwise_options -- backbone.adapter.backbone.blocks.22.norm2.weight:decay_mult=1.0
2026/06/15 15:21:59 - mmengine - INFO - paramwise_options -- backbone.adapter.backbone.blocks.22.norm2.bias:lr=1e-05
2026/06/15 15:21:59 - mmengine - INFO - paramwise_options -- backbone.adapter.backbone.blocks.22.norm2.bias:weight_decay=0.05
2026/06/15 15:21:59 - mmengine - INFO - paramwise_options -- backbone.adapter.backbone.blocks.22.norm2.bias:lr_mult=0.1
2026/06/15 15:21:59 - mmengine - INFO - paramwise_options -- backbone.adapter.backbone.blocks.22.norm2.bias:decay_mult=1.0
2026/06/15 15:21:59 - mmengine - INFO - paramwise_options -- backbone.adapter.backbone.blocks.22.mlp.fc1.weight:lr=1e-05
2026/06/15 15:21:59 - mmengine - INFO - paramwise_options -- backbone.adapter.backbone.blocks.22.mlp.fc1.weight:weight_decay=0.05
2026/06/15 15:21:59 - mmengine - INFO - paramwise_options -- backbone.adapter.backbone.blocks.22.mlp.fc1.weight:lr_mult=0.1
2026/06/15 15:21:59 - mmengine - INFO - paramwise_options -- backbone.adapter.backbone.blocks.22.mlp.fc1.weight:decay_mult=1.0
2026/06/15 15:21:59 - mmengine - INFO - paramwise_options -- backbone.adapter.backbone.blocks.22.mlp.fc1.bias:lr=1e-05
2026/06/15 15:21:59 - mmengine - INFO - paramwise_options -- backbone.adapter.backbone.blocks.22.mlp.fc1.bias:weight_decay=0.05
2026/06/15 15:21:59 - mmengine - INFO - paramwise_options -- backbone.adapter.backbone.blocks.22.mlp.fc1.bias:lr_mult=0.1
2026/06/15 15:21:59 - mmengine - INFO - paramwise_options -- backbone.adapter.backbone.blocks.22.mlp.fc1.bias:decay_mult=1.0
2026/06/15 15:21:59 - mmengine - INFO - paramwise_options -- backbone.adapter.backbone.blocks.22.mlp.fc2.weight:lr=1e-05
2026/06/15 15:21:59 - mmengine - INFO - paramwise_options -- backbone.adapter.backbone.blocks.22.mlp.fc2.weight:weight_decay=0.05
2026/06/15 15:21:59 - mmengine - INFO - paramwise_options -- backbone.adapter.backbone.blocks.22.mlp.fc2.weight:lr_mult=0.1
2026/06/15 15:21:59 - mmengine - INFO - paramwise_options -- backbone.adapter.backbone.blocks.22.mlp.fc2.weight:decay_mult=1.0
2026/06/15 15:21:59 - mmengine - INFO - paramwise_options -- backbone.adapter.backbone.blocks.22.mlp.fc2.bias:lr=1e-05
2026/06/15 15:21:59 - mmengine - INFO - paramwise_options -- backbone.adapter.backbone.blocks.22.mlp.fc2.bias:weight_decay=0.05
2026/06/15 15:21:59 - mmengine - INFO - paramwise_options -- backbone.adapter.backbone.blocks.22.mlp.fc2.bias:lr_mult=0.1
2026/06/15 15:21:59 - mmengine - INFO - paramwise_options -- backbone.adapter.backbone.blocks.22.mlp.fc2.bias:decay_mult=1.0
2026/06/15 15:21:59 - mmengine - INFO - paramwise_options -- backbone.adapter.backbone.blocks.22.ls2.gamma:lr=1e-05
2026/06/15 15:21:59 - mmengine - INFO - paramwise_options -- backbone.adapter.backbone.blocks.22.ls2.gamma:weight_decay=0.05
2026/06/15 15:21:59 - mmengine - INFO - paramwise_options -- backbone.adapter.backbone.blocks.22.ls2.gamma:lr_mult=0.1
2026/06/15 15:21:59 - mmengine - INFO - paramwise_options -- backbone.adapter.backbone.blocks.22.ls2.gamma:decay_mult=1.0
2026/06/15 15:21:59 - mmengine - INFO - paramwise_options -- backbone.adapter.backbone.blocks.23.norm1.weight:lr=1e-05
2026/06/15 15:21:59 - mmengine - INFO - paramwise_options -- backbone.adapter.backbone.blocks.23.norm1.weight:weight_decay=0.05
2026/06/15 15:21:59 - mmengine - INFO - paramwise_options -- backbone.adapter.backbone.blocks.23.norm1.weight:lr_mult=0.1
2026/06/15 15:21:59 - mmengine - INFO - paramwise_options -- backbone.adapter.backbone.blocks.23.norm1.weight:decay_mult=1.0
2026/06/15 15:21:59 - mmengine - INFO - paramwise_options -- backbone.adapter.backbone.blocks.23.norm1.bias:lr=1e-05
2026/06/15 15:21:59 - mmengine - INFO - paramwise_options -- backbone.adapter.backbone.blocks.23.norm1.bias:weight_decay=0.05
2026/06/15 15:21:59 - mmengine - INFO - paramwise_options -- backbone.adapter.backbone.blocks.23.norm1.bias:lr_mult=0.1
2026/06/15 15:21:59 - mmengine - INFO - paramwise_options -- backbone.adapter.backbone.blocks.23.norm1.bias:decay_mult=1.0
2026/06/15 15:21:59 - mmengine - INFO - paramwise_options -- backbone.adapter.backbone.blocks.23.attn.qkv.weight:lr=1e-05
2026/06/15 15:21:59 - mmengine - INFO - paramwise_options -- backbone.adapter.backbone.blocks.23.attn.qkv.weight:weight_decay=0.05
2026/06/15 15:21:59 - mmengine - INFO - paramwise_options -- backbone.adapter.backbone.blocks.23.attn.qkv.weight:lr_mult=0.1
2026/06/15 15:21:59 - mmengine - INFO - paramwise_options -- backbone.adapter.backbone.blocks.23.attn.qkv.weight:decay_mult=1.0
2026/06/15 15:21:59 - mmengine - INFO - paramwise_options -- backbone.adapter.backbone.blocks.23.attn.qkv.bias:lr=1e-05
2026/06/15 15:21:59 - mmengine - INFO - paramwise_options -- backbone.adapter.backbone.blocks.23.attn.qkv.bias:weight_decay=0.05
2026/06/15 15:21:59 - mmengine - INFO - paramwise_options -- backbone.adapter.backbone.blocks.23.attn.qkv.bias:lr_mult=0.1
2026/06/15 15:21:59 - mmengine - INFO - paramwise_options -- backbone.adapter.backbone.blocks.23.attn.qkv.bias:decay_mult=1.0
2026/06/15 15:21:59 - mmengine - INFO - paramwise_options -- backbone.adapter.backbone.blocks.23.attn.proj.weight:lr=1e-05
2026/06/15 15:21:59 - mmengine - INFO - paramwise_options -- backbone.adapter.backbone.blocks.23.attn.proj.weight:weight_decay=0.05
2026/06/15 15:21:59 - mmengine - INFO - paramwise_options -- backbone.adapter.backbone.blocks.23.attn.proj.weight:lr_mult=0.1
2026/06/15 15:21:59 - mmengine - INFO - paramwise_options -- backbone.adapter.backbone.blocks.23.attn.proj.weight:decay_mult=1.0
2026/06/15 15:21:59 - mmengine - INFO - paramwise_options -- backbone.adapter.backbone.blocks.23.attn.proj.bias:lr=1e-05
2026/06/15 15:21:59 - mmengine - INFO - paramwise_options -- backbone.adapter.backbone.blocks.23.attn.proj.bias:weight_decay=0.05
2026/06/15 15:21:59 - mmengine - INFO - paramwise_options -- backbone.adapter.backbone.blocks.23.attn.proj.bias:lr_mult=0.1
2026/06/15 15:21:59 - mmengine - INFO - paramwise_options -- backbone.adapter.backbone.blocks.23.attn.proj.bias:decay_mult=1.0
2026/06/15 15:21:59 - mmengine - INFO - paramwise_options -- backbone.adapter.backbone.blocks.23.ls1.gamma:lr=1e-05
2026/06/15 15:21:59 - mmengine - INFO - paramwise_options -- backbone.adapter.backbone.blocks.23.ls1.gamma:weight_decay=0.05
2026/06/15 15:21:59 - mmengine - INFO - paramwise_options -- backbone.adapter.backbone.blocks.23.ls1.gamma:lr_mult=0.1
2026/06/15 15:21:59 - mmengine - INFO - paramwise_options -- backbone.adapter.backbone.blocks.23.ls1.gamma:decay_mult=1.0
2026/06/15 15:21:59 - mmengine - INFO - paramwise_options -- backbone.adapter.backbone.blocks.23.norm2.weight:lr=1e-05
2026/06/15 15:21:59 - mmengine - INFO - paramwise_options -- backbone.adapter.backbone.blocks.23.norm2.weight:weight_decay=0.05
2026/06/15 15:21:59 - mmengine - INFO - paramwise_options -- backbone.adapter.backbone.blocks.23.norm2.weight:lr_mult=0.1
2026/06/15 15:21:59 - mmengine - INFO - paramwise_options -- backbone.adapter.backbone.blocks.23.norm2.weight:decay_mult=1.0
2026/06/15 15:21:59 - mmengine - INFO - paramwise_options -- backbone.adapter.backbone.blocks.23.norm2.bias:lr=1e-05
2026/06/15 15:21:59 - mmengine - INFO - paramwise_options -- backbone.adapter.backbone.blocks.23.norm2.bias:weight_decay=0.05
2026/06/15 15:21:59 - mmengine - INFO - paramwise_options -- backbone.adapter.backbone.blocks.23.norm2.bias:lr_mult=0.1
2026/06/15 15:21:59 - mmengine - INFO - paramwise_options -- backbone.adapter.backbone.blocks.23.norm2.bias:decay_mult=1.0
2026/06/15 15:21:59 - mmengine - INFO - paramwise_options -- backbone.adapter.backbone.blocks.23.mlp.fc1.weight:lr=1e-05
2026/06/15 15:21:59 - mmengine - INFO - paramwise_options -- backbone.adapter.backbone.blocks.23.mlp.fc1.weight:weight_decay=0.05
2026/06/15 15:21:59 - mmengine - INFO - paramwise_options -- backbone.adapter.backbone.blocks.23.mlp.fc1.weight:lr_mult=0.1
2026/06/15 15:21:59 - mmengine - INFO - paramwise_options -- backbone.adapter.backbone.blocks.23.mlp.fc1.weight:decay_mult=1.0
2026/06/15 15:21:59 - mmengine - INFO - paramwise_options -- backbone.adapter.backbone.blocks.23.mlp.fc1.bias:lr=1e-05
2026/06/15 15:21:59 - mmengine - INFO - paramwise_options -- backbone.adapter.backbone.blocks.23.mlp.fc1.bias:weight_decay=0.05
2026/06/15 15:21:59 - mmengine - INFO - paramwise_options -- backbone.adapter.backbone.blocks.23.mlp.fc1.bias:lr_mult=0.1
2026/06/15 15:21:59 - mmengine - INFO - paramwise_options -- backbone.adapter.backbone.blocks.23.mlp.fc1.bias:decay_mult=1.0
2026/06/15 15:21:59 - mmengine - INFO - paramwise_options -- backbone.adapter.backbone.blocks.23.mlp.fc2.weight:lr=1e-05
2026/06/15 15:21:59 - mmengine - INFO - paramwise_options -- backbone.adapter.backbone.blocks.23.mlp.fc2.weight:weight_decay=0.05
2026/06/15 15:21:59 - mmengine - INFO - paramwise_options -- backbone.adapter.backbone.blocks.23.mlp.fc2.weight:lr_mult=0.1
2026/06/15 15:21:59 - mmengine - INFO - paramwise_options -- backbone.adapter.backbone.blocks.23.mlp.fc2.weight:decay_mult=1.0
2026/06/15 15:21:59 - mmengine - INFO - paramwise_options -- backbone.adapter.backbone.blocks.23.mlp.fc2.bias:lr=1e-05
2026/06/15 15:21:59 - mmengine - INFO - paramwise_options -- backbone.adapter.backbone.blocks.23.mlp.fc2.bias:weight_decay=0.05
2026/06/15 15:21:59 - mmengine - INFO - paramwise_options -- backbone.adapter.backbone.blocks.23.mlp.fc2.bias:lr_mult=0.1
2026/06/15 15:21:59 - mmengine - INFO - paramwise_options -- backbone.adapter.backbone.blocks.23.mlp.fc2.bias:decay_mult=1.0
2026/06/15 15:21:59 - mmengine - INFO - paramwise_options -- backbone.adapter.backbone.blocks.23.ls2.gamma:lr=1e-05
2026/06/15 15:21:59 - mmengine - INFO - paramwise_options -- backbone.adapter.backbone.blocks.23.ls2.gamma:weight_decay=0.05
2026/06/15 15:21:59 - mmengine - INFO - paramwise_options -- backbone.adapter.backbone.blocks.23.ls2.gamma:lr_mult=0.1
2026/06/15 15:21:59 - mmengine - INFO - paramwise_options -- backbone.adapter.backbone.blocks.23.ls2.gamma:decay_mult=1.0
2026/06/15 15:21:59 - mmengine - INFO - paramwise_options -- backbone.adapter.backbone.norm.weight:lr=1e-05
2026/06/15 15:21:59 - mmengine - INFO - paramwise_options -- backbone.adapter.backbone.norm.weight:weight_decay=0.05
2026/06/15 15:21:59 - mmengine - INFO - paramwise_options -- backbone.adapter.backbone.norm.weight:lr_mult=0.1
2026/06/15 15:21:59 - mmengine - INFO - paramwise_options -- backbone.adapter.backbone.norm.weight:decay_mult=1.0
2026/06/15 15:21:59 - mmengine - INFO - paramwise_options -- backbone.adapter.backbone.norm.bias:lr=1e-05
2026/06/15 15:21:59 - mmengine - INFO - paramwise_options -- backbone.adapter.backbone.norm.bias:weight_decay=0.05
2026/06/15 15:21:59 - mmengine - INFO - paramwise_options -- backbone.adapter.backbone.norm.bias:lr_mult=0.1
2026/06/15 15:21:59 - mmengine - INFO - paramwise_options -- backbone.adapter.backbone.norm.bias:decay_mult=1.0
2026/06/15 15:21:59 - mmengine - INFO - paramwise_options -- backbone.adapter.spm.stem.1.weight:weight_decay=0.0
2026/06/15 15:21:59 - mmengine - INFO - paramwise_options -- backbone.adapter.spm.stem.1.bias:weight_decay=0.0
2026/06/15 15:21:59 - mmengine - INFO - paramwise_options -- backbone.adapter.spm.stem.4.weight:weight_decay=0.0
2026/06/15 15:21:59 - mmengine - INFO - paramwise_options -- backbone.adapter.spm.stem.4.bias:weight_decay=0.0
2026/06/15 15:21:59 - mmengine - INFO - paramwise_options -- backbone.adapter.spm.stem.7.weight:weight_decay=0.0
2026/06/15 15:21:59 - mmengine - INFO - paramwise_options -- backbone.adapter.spm.stem.7.bias:weight_decay=0.0
2026/06/15 15:21:59 - mmengine - INFO - paramwise_options -- backbone.adapter.spm.conv2.1.weight:weight_decay=0.0
2026/06/15 15:21:59 - mmengine - INFO - paramwise_options -- backbone.adapter.spm.conv2.1.bias:weight_decay=0.0
2026/06/15 15:21:59 - mmengine - INFO - paramwise_options -- backbone.adapter.spm.conv3.1.weight:weight_decay=0.0
2026/06/15 15:21:59 - mmengine - INFO - paramwise_options -- backbone.adapter.spm.conv3.1.bias:weight_decay=0.0
2026/06/15 15:21:59 - mmengine - INFO - paramwise_options -- backbone.adapter.spm.conv4.1.weight:weight_decay=0.0
2026/06/15 15:21:59 - mmengine - INFO - paramwise_options -- backbone.adapter.spm.conv4.1.bias:weight_decay=0.0
2026/06/15 15:21:59 - mmengine - INFO - paramwise_options -- backbone.adapter.interactions.0.extractor.query_norm.weight:weight_decay=0.0
2026/06/15 15:21:59 - mmengine - INFO - paramwise_options -- backbone.adapter.interactions.0.extractor.query_norm.bias:weight_decay=0.0
2026/06/15 15:21:59 - mmengine - INFO - paramwise_options -- backbone.adapter.interactions.0.extractor.feat_norm.weight:weight_decay=0.0
2026/06/15 15:21:59 - mmengine - INFO - paramwise_options -- backbone.adapter.interactions.0.extractor.feat_norm.bias:weight_decay=0.0
2026/06/15 15:21:59 - mmengine - INFO - paramwise_options -- backbone.adapter.interactions.0.extractor.ffn_norm.weight:weight_decay=0.0
2026/06/15 15:21:59 - mmengine - INFO - paramwise_options -- backbone.adapter.interactions.0.extractor.ffn_norm.bias:weight_decay=0.0
2026/06/15 15:21:59 - mmengine - INFO - paramwise_options -- backbone.adapter.interactions.1.extractor.query_norm.weight:weight_decay=0.0
2026/06/15 15:21:59 - mmengine - INFO - paramwise_options -- backbone.adapter.interactions.1.extractor.query_norm.bias:weight_decay=0.0
2026/06/15 15:21:59 - mmengine - INFO - paramwise_options -- backbone.adapter.interactions.1.extractor.feat_norm.weight:weight_decay=0.0
2026/06/15 15:21:59 - mmengine - INFO - paramwise_options -- backbone.adapter.interactions.1.extractor.feat_norm.bias:weight_decay=0.0
2026/06/15 15:21:59 - mmengine - INFO - paramwise_options -- backbone.adapter.interactions.1.extractor.ffn_norm.weight:weight_decay=0.0
2026/06/15 15:21:59 - mmengine - INFO - paramwise_options -- backbone.adapter.interactions.1.extractor.ffn_norm.bias:weight_decay=0.0
2026/06/15 15:21:59 - mmengine - INFO - paramwise_options -- backbone.adapter.interactions.2.extractor.query_norm.weight:weight_decay=0.0
2026/06/15 15:21:59 - mmengine - INFO - paramwise_options -- backbone.adapter.interactions.2.extractor.query_norm.bias:weight_decay=0.0
2026/06/15 15:21:59 - mmengine - INFO - paramwise_options -- backbone.adapter.interactions.2.extractor.feat_norm.weight:weight_decay=0.0
2026/06/15 15:21:59 - mmengine - INFO - paramwise_options -- backbone.adapter.interactions.2.extractor.feat_norm.bias:weight_decay=0.0
2026/06/15 15:21:59 - mmengine - INFO - paramwise_options -- backbone.adapter.interactions.2.extractor.ffn_norm.weight:weight_decay=0.0
2026/06/15 15:21:59 - mmengine - INFO - paramwise_options -- backbone.adapter.interactions.2.extractor.ffn_norm.bias:weight_decay=0.0
2026/06/15 15:21:59 - mmengine - INFO - paramwise_options -- backbone.adapter.interactions.3.extractor.query_norm.weight:weight_decay=0.0
2026/06/15 15:21:59 - mmengine - INFO - paramwise_options -- backbone.adapter.interactions.3.extractor.query_norm.bias:weight_decay=0.0
2026/06/15 15:21:59 - mmengine - INFO - paramwise_options -- backbone.adapter.interactions.3.extractor.feat_norm.weight:weight_decay=0.0
2026/06/15 15:21:59 - mmengine - INFO - paramwise_options -- backbone.adapter.interactions.3.extractor.feat_norm.bias:weight_decay=0.0
2026/06/15 15:21:59 - mmengine - INFO - paramwise_options -- backbone.adapter.interactions.3.extractor.ffn_norm.weight:weight_decay=0.0
2026/06/15 15:21:59 - mmengine - INFO - paramwise_options -- backbone.adapter.interactions.3.extractor.ffn_norm.bias:weight_decay=0.0
2026/06/15 15:21:59 - mmengine - INFO - paramwise_options -- backbone.adapter.interactions.3.extra_extractors.0.query_norm.weight:weight_decay=0.0
2026/06/15 15:21:59 - mmengine - INFO - paramwise_options -- backbone.adapter.interactions.3.extra_extractors.0.query_norm.bias:weight_decay=0.0
2026/06/15 15:21:59 - mmengine - INFO - paramwise_options -- backbone.adapter.interactions.3.extra_extractors.0.feat_norm.weight:weight_decay=0.0
2026/06/15 15:21:59 - mmengine - INFO - paramwise_options -- backbone.adapter.interactions.3.extra_extractors.0.feat_norm.bias:weight_decay=0.0
2026/06/15 15:21:59 - mmengine - INFO - paramwise_options -- backbone.adapter.interactions.3.extra_extractors.0.ffn_norm.weight:weight_decay=0.0
2026/06/15 15:21:59 - mmengine - INFO - paramwise_options -- backbone.adapter.interactions.3.extra_extractors.0.ffn_norm.bias:weight_decay=0.0
2026/06/15 15:21:59 - mmengine - INFO - paramwise_options -- backbone.adapter.interactions.3.extra_extractors.1.query_norm.weight:weight_decay=0.0
2026/06/15 15:21:59 - mmengine - INFO - paramwise_options -- backbone.adapter.interactions.3.extra_extractors.1.query_norm.bias:weight_decay=0.0
2026/06/15 15:21:59 - mmengine - INFO - paramwise_options -- backbone.adapter.interactions.3.extra_extractors.1.feat_norm.weight:weight_decay=0.0
2026/06/15 15:21:59 - mmengine - INFO - paramwise_options -- backbone.adapter.interactions.3.extra_extractors.1.feat_norm.bias:weight_decay=0.0
2026/06/15 15:21:59 - mmengine - INFO - paramwise_options -- backbone.adapter.interactions.3.extra_extractors.1.ffn_norm.weight:weight_decay=0.0
2026/06/15 15:21:59 - mmengine - INFO - paramwise_options -- backbone.adapter.interactions.3.extra_extractors.1.ffn_norm.bias:weight_decay=0.0
2026/06/15 15:21:59 - mmengine - INFO - paramwise_options -- backbone.adapter.norm1.weight:weight_decay=0.0
2026/06/15 15:21:59 - mmengine - INFO - paramwise_options -- backbone.adapter.norm1.bias:weight_decay=0.0
2026/06/15 15:21:59 - mmengine - INFO - paramwise_options -- backbone.adapter.norm2.weight:weight_decay=0.0
2026/06/15 15:21:59 - mmengine - INFO - paramwise_options -- backbone.adapter.norm2.bias:weight_decay=0.0
2026/06/15 15:21:59 - mmengine - INFO - paramwise_options -- backbone.adapter.norm3.weight:weight_decay=0.0
2026/06/15 15:21:59 - mmengine - INFO - paramwise_options -- backbone.adapter.norm3.bias:weight_decay=0.0
2026/06/15 15:21:59 - mmengine - INFO - paramwise_options -- backbone.adapter.norm4.weight:weight_decay=0.0
2026/06/15 15:21:59 - mmengine - INFO - paramwise_options -- backbone.adapter.norm4.bias:weight_decay=0.0
2026/06/15 15:21:59 - mmengine - INFO - paramwise_options -- decode_head.pixel_decoder.input_convs.0.gn.weight:weight_decay=0.0
2026/06/15 15:21:59 - mmengine - INFO - paramwise_options -- decode_head.pixel_decoder.input_convs.0.gn.bias:weight_decay=0.0
2026/06/15 15:21:59 - mmengine - INFO - paramwise_options -- decode_head.pixel_decoder.input_convs.1.gn.weight:weight_decay=0.0
2026/06/15 15:21:59 - mmengine - INFO - paramwise_options -- decode_head.pixel_decoder.input_convs.1.gn.bias:weight_decay=0.0
2026/06/15 15:21:59 - mmengine - INFO - paramwise_options -- decode_head.pixel_decoder.input_convs.2.gn.weight:weight_decay=0.0
2026/06/15 15:21:59 - mmengine - INFO - paramwise_options -- decode_head.pixel_decoder.input_convs.2.gn.bias:weight_decay=0.0
2026/06/15 15:21:59 - mmengine - INFO - paramwise_options -- decode_head.pixel_decoder.encoder.layers.0.norms.0.weight:weight_decay=0.0
2026/06/15 15:21:59 - mmengine - INFO - paramwise_options -- decode_head.pixel_decoder.encoder.layers.0.norms.0.bias:weight_decay=0.0
2026/06/15 15:21:59 - mmengine - INFO - paramwise_options -- decode_head.pixel_decoder.encoder.layers.0.norms.1.weight:weight_decay=0.0
2026/06/15 15:21:59 - mmengine - INFO - paramwise_options -- decode_head.pixel_decoder.encoder.layers.0.norms.1.bias:weight_decay=0.0
2026/06/15 15:21:59 - mmengine - INFO - paramwise_options -- decode_head.pixel_decoder.encoder.layers.1.norms.0.weight:weight_decay=0.0
2026/06/15 15:21:59 - mmengine - INFO - paramwise_options -- decode_head.pixel_decoder.encoder.layers.1.norms.0.bias:weight_decay=0.0
2026/06/15 15:21:59 - mmengine - INFO - paramwise_options -- decode_head.pixel_decoder.encoder.layers.1.norms.1.weight:weight_decay=0.0
2026/06/15 15:21:59 - mmengine - INFO - paramwise_options -- decode_head.pixel_decoder.encoder.layers.1.norms.1.bias:weight_decay=0.0
2026/06/15 15:21:59 - mmengine - INFO - paramwise_options -- decode_head.pixel_decoder.encoder.layers.2.norms.0.weight:weight_decay=0.0
2026/06/15 15:21:59 - mmengine - INFO - paramwise_options -- decode_head.pixel_decoder.encoder.layers.2.norms.0.bias:weight_decay=0.0
2026/06/15 15:21:59 - mmengine - INFO - paramwise_options -- decode_head.pixel_decoder.encoder.layers.2.norms.1.weight:weight_decay=0.0
2026/06/15 15:21:59 - mmengine - INFO - paramwise_options -- decode_head.pixel_decoder.encoder.layers.2.norms.1.bias:weight_decay=0.0
2026/06/15 15:21:59 - mmengine - INFO - paramwise_options -- decode_head.pixel_decoder.encoder.layers.3.norms.0.weight:weight_decay=0.0
2026/06/15 15:21:59 - mmengine - INFO - paramwise_options -- decode_head.pixel_decoder.encoder.layers.3.norms.0.bias:weight_decay=0.0
2026/06/15 15:21:59 - mmengine - INFO - paramwise_options -- decode_head.pixel_decoder.encoder.layers.3.norms.1.weight:weight_decay=0.0
2026/06/15 15:21:59 - mmengine - INFO - paramwise_options -- decode_head.pixel_decoder.encoder.layers.3.norms.1.bias:weight_decay=0.0
2026/06/15 15:21:59 - mmengine - INFO - paramwise_options -- decode_head.pixel_decoder.encoder.layers.4.norms.0.weight:weight_decay=0.0
2026/06/15 15:21:59 - mmengine - INFO - paramwise_options -- decode_head.pixel_decoder.encoder.layers.4.norms.0.bias:weight_decay=0.0
2026/06/15 15:21:59 - mmengine - INFO - paramwise_options -- decode_head.pixel_decoder.encoder.layers.4.norms.1.weight:weight_decay=0.0
2026/06/15 15:21:59 - mmengine - INFO - paramwise_options -- decode_head.pixel_decoder.encoder.layers.4.norms.1.bias:weight_decay=0.0
2026/06/15 15:21:59 - mmengine - INFO - paramwise_options -- decode_head.pixel_decoder.encoder.layers.5.norms.0.weight:weight_decay=0.0
2026/06/15 15:21:59 - mmengine - INFO - paramwise_options -- decode_head.pixel_decoder.encoder.layers.5.norms.0.bias:weight_decay=0.0
2026/06/15 15:21:59 - mmengine - INFO - paramwise_options -- decode_head.pixel_decoder.encoder.layers.5.norms.1.weight:weight_decay=0.0
2026/06/15 15:21:59 - mmengine - INFO - paramwise_options -- decode_head.pixel_decoder.encoder.layers.5.norms.1.bias:weight_decay=0.0
2026/06/15 15:21:59 - mmengine - INFO - paramwise_options -- decode_head.pixel_decoder.lateral_convs.0.gn.weight:weight_decay=0.0
2026/06/15 15:21:59 - mmengine - INFO - paramwise_options -- decode_head.pixel_decoder.lateral_convs.0.gn.bias:weight_decay=0.0
2026/06/15 15:21:59 - mmengine - INFO - paramwise_options -- decode_head.pixel_decoder.output_convs.0.gn.weight:weight_decay=0.0
2026/06/15 15:21:59 - mmengine - INFO - paramwise_options -- decode_head.pixel_decoder.output_convs.0.gn.bias:weight_decay=0.0
2026/06/15 15:21:59 - mmengine - INFO - paramwise_options -- decode_head.transformer_decoder.layers.0.norms.0.weight:weight_decay=0.0
2026/06/15 15:21:59 - mmengine - INFO - paramwise_options -- decode_head.transformer_decoder.layers.0.norms.0.bias:weight_decay=0.0
2026/06/15 15:21:59 - mmengine - INFO - paramwise_options -- decode_head.transformer_decoder.layers.0.norms.1.weight:weight_decay=0.0
2026/06/15 15:21:59 - mmengine - INFO - paramwise_options -- decode_head.transformer_decoder.layers.0.norms.1.bias:weight_decay=0.0
2026/06/15 15:21:59 - mmengine - INFO - paramwise_options -- decode_head.transformer_decoder.layers.0.norms.2.weight:weight_decay=0.0
2026/06/15 15:21:59 - mmengine - INFO - paramwise_options -- decode_head.transformer_decoder.layers.0.norms.2.bias:weight_decay=0.0
2026/06/15 15:21:59 - mmengine - INFO - paramwise_options -- decode_head.transformer_decoder.layers.1.norms.0.weight:weight_decay=0.0
2026/06/15 15:21:59 - mmengine - INFO - paramwise_options -- decode_head.transformer_decoder.layers.1.norms.0.bias:weight_decay=0.0
2026/06/15 15:21:59 - mmengine - INFO - paramwise_options -- decode_head.transformer_decoder.layers.1.norms.1.weight:weight_decay=0.0
2026/06/15 15:21:59 - mmengine - INFO - paramwise_options -- decode_head.transformer_decoder.layers.1.norms.1.bias:weight_decay=0.0
2026/06/15 15:21:59 - mmengine - INFO - paramwise_options -- decode_head.transformer_decoder.layers.1.norms.2.weight:weight_decay=0.0
2026/06/15 15:21:59 - mmengine - INFO - paramwise_options -- decode_head.transformer_decoder.layers.1.norms.2.bias:weight_decay=0.0
2026/06/15 15:21:59 - mmengine - INFO - paramwise_options -- decode_head.transformer_decoder.layers.2.norms.0.weight:weight_decay=0.0
2026/06/15 15:21:59 - mmengine - INFO - paramwise_options -- decode_head.transformer_decoder.layers.2.norms.0.bias:weight_decay=0.0
2026/06/15 15:21:59 - mmengine - INFO - paramwise_options -- decode_head.transformer_decoder.layers.2.norms.1.weight:weight_decay=0.0
2026/06/15 15:21:59 - mmengine - INFO - paramwise_options -- decode_head.transformer_decoder.layers.2.norms.1.bias:weight_decay=0.0
2026/06/15 15:21:59 - mmengine - INFO - paramwise_options -- decode_head.transformer_decoder.layers.2.norms.2.weight:weight_decay=0.0
2026/06/15 15:21:59 - mmengine - INFO - paramwise_options -- decode_head.transformer_decoder.layers.2.norms.2.bias:weight_decay=0.0
2026/06/15 15:21:59 - mmengine - INFO - paramwise_options -- decode_head.transformer_decoder.layers.3.norms.0.weight:weight_decay=0.0
2026/06/15 15:21:59 - mmengine - INFO - paramwise_options -- decode_head.transformer_decoder.layers.3.norms.0.bias:weight_decay=0.0
2026/06/15 15:21:59 - mmengine - INFO - paramwise_options -- decode_head.transformer_decoder.layers.3.norms.1.weight:weight_decay=0.0
2026/06/15 15:21:59 - mmengine - INFO - paramwise_options -- decode_head.transformer_decoder.layers.3.norms.1.bias:weight_decay=0.0
2026/06/15 15:21:59 - mmengine - INFO - paramwise_options -- decode_head.transformer_decoder.layers.3.norms.2.weight:weight_decay=0.0
2026/06/15 15:21:59 - mmengine - INFO - paramwise_options -- decode_head.transformer_decoder.layers.3.norms.2.bias:weight_decay=0.0
2026/06/15 15:21:59 - mmengine - INFO - paramwise_options -- decode_head.transformer_decoder.layers.4.norms.0.weight:weight_decay=0.0
2026/06/15 15:21:59 - mmengine - INFO - paramwise_options -- decode_head.transformer_decoder.layers.4.norms.0.bias:weight_decay=0.0
2026/06/15 15:21:59 - mmengine - INFO - paramwise_options -- decode_head.transformer_decoder.layers.4.norms.1.weight:weight_decay=0.0
2026/06/15 15:21:59 - mmengine - INFO - paramwise_options -- decode_head.transformer_decoder.layers.4.norms.1.bias:weight_decay=0.0
2026/06/15 15:21:59 - mmengine - INFO - paramwise_options -- decode_head.transformer_decoder.layers.4.norms.2.weight:weight_decay=0.0
2026/06/15 15:21:59 - mmengine - INFO - paramwise_options -- decode_head.transformer_decoder.layers.4.norms.2.bias:weight_decay=0.0
2026/06/15 15:21:59 - mmengine - INFO - paramwise_options -- decode_head.transformer_decoder.layers.5.norms.0.weight:weight_decay=0.0
2026/06/15 15:21:59 - mmengine - INFO - paramwise_options -- decode_head.transformer_decoder.layers.5.norms.0.bias:weight_decay=0.0
2026/06/15 15:21:59 - mmengine - INFO - paramwise_options -- decode_head.transformer_decoder.layers.5.norms.1.weight:weight_decay=0.0
2026/06/15 15:21:59 - mmengine - INFO - paramwise_options -- decode_head.transformer_decoder.layers.5.norms.1.bias:weight_decay=0.0
2026/06/15 15:21:59 - mmengine - INFO - paramwise_options -- decode_head.transformer_decoder.layers.5.norms.2.weight:weight_decay=0.0
2026/06/15 15:21:59 - mmengine - INFO - paramwise_options -- decode_head.transformer_decoder.layers.5.norms.2.bias:weight_decay=0.0
2026/06/15 15:21:59 - mmengine - INFO - paramwise_options -- decode_head.transformer_decoder.layers.6.norms.0.weight:weight_decay=0.0
2026/06/15 15:21:59 - mmengine - INFO - paramwise_options -- decode_head.transformer_decoder.layers.6.norms.0.bias:weight_decay=0.0
2026/06/15 15:21:59 - mmengine - INFO - paramwise_options -- decode_head.transformer_decoder.layers.6.norms.1.weight:weight_decay=0.0
2026/06/15 15:21:59 - mmengine - INFO - paramwise_options -- decode_head.transformer_decoder.layers.6.norms.1.bias:weight_decay=0.0
2026/06/15 15:21:59 - mmengine - INFO - paramwise_options -- decode_head.transformer_decoder.layers.6.norms.2.weight:weight_decay=0.0
2026/06/15 15:21:59 - mmengine - INFO - paramwise_options -- decode_head.transformer_decoder.layers.6.norms.2.bias:weight_decay=0.0
2026/06/15 15:21:59 - mmengine - INFO - paramwise_options -- decode_head.transformer_decoder.layers.7.norms.0.weight:weight_decay=0.0
2026/06/15 15:21:59 - mmengine - INFO - paramwise_options -- decode_head.transformer_decoder.layers.7.norms.0.bias:weight_decay=0.0
2026/06/15 15:21:59 - mmengine - INFO - paramwise_options -- decode_head.transformer_decoder.layers.7.norms.1.weight:weight_decay=0.0
2026/06/15 15:21:59 - mmengine - INFO - paramwise_options -- decode_head.transformer_decoder.layers.7.norms.1.bias:weight_decay=0.0
2026/06/15 15:21:59 - mmengine - INFO - paramwise_options -- decode_head.transformer_decoder.layers.7.norms.2.weight:weight_decay=0.0
2026/06/15 15:21:59 - mmengine - INFO - paramwise_options -- decode_head.transformer_decoder.layers.7.norms.2.bias:weight_decay=0.0
2026/06/15 15:21:59 - mmengine - INFO - paramwise_options -- decode_head.transformer_decoder.layers.8.norms.0.weight:weight_decay=0.0
2026/06/15 15:21:59 - mmengine - INFO - paramwise_options -- decode_head.transformer_decoder.layers.8.norms.0.bias:weight_decay=0.0
2026/06/15 15:21:59 - mmengine - INFO - paramwise_options -- decode_head.transformer_decoder.layers.8.norms.1.weight:weight_decay=0.0
2026/06/15 15:21:59 - mmengine - INFO - paramwise_options -- decode_head.transformer_decoder.layers.8.norms.1.bias:weight_decay=0.0
2026/06/15 15:21:59 - mmengine - INFO - paramwise_options -- decode_head.transformer_decoder.layers.8.norms.2.weight:weight_decay=0.0
2026/06/15 15:21:59 - mmengine - INFO - paramwise_options -- decode_head.transformer_decoder.layers.8.norms.2.bias:weight_decay=0.0
2026/06/15 15:21:59 - mmengine - INFO - paramwise_options -- decode_head.transformer_decoder.post_norm.weight:weight_decay=0.0
2026/06/15 15:21:59 - mmengine - INFO - paramwise_options -- decode_head.transformer_decoder.post_norm.bias:weight_decay=0.0
2026/06/15 15:21:59 - mmengine - INFO - paramwise_options -- decode_head.query_embed.weight:lr=0.0001
2026/06/15 15:21:59 - mmengine - INFO - paramwise_options -- decode_head.query_embed.weight:weight_decay=0.0
2026/06/15 15:21:59 - mmengine - INFO - paramwise_options -- decode_head.query_embed.weight:lr_mult=1.0
2026/06/15 15:21:59 - mmengine - INFO - paramwise_options -- decode_head.query_embed.weight:decay_mult=0.0
2026/06/15 15:21:59 - mmengine - INFO - paramwise_options -- decode_head.query_feat.weight:lr=0.0001
2026/06/15 15:21:59 - mmengine - INFO - paramwise_options -- decode_head.query_feat.weight:weight_decay=0.0
2026/06/15 15:21:59 - mmengine - INFO - paramwise_options -- decode_head.query_feat.weight:lr_mult=1.0
2026/06/15 15:21:59 - mmengine - INFO - paramwise_options -- decode_head.query_feat.weight:decay_mult=0.0
2026/06/15 15:21:59 - mmengine - INFO - paramwise_options -- decode_head.level_embed.weight:lr=0.0001
2026/06/15 15:21:59 - mmengine - INFO - paramwise_options -- decode_head.level_embed.weight:weight_decay=0.0
2026/06/15 15:21:59 - mmengine - INFO - paramwise_options -- decode_head.level_embed.weight:lr_mult=1.0
2026/06/15 15:21:59 - mmengine - INFO - paramwise_options -- decode_head.level_embed.weight:decay_mult=0.0
2026/06/15 15:22:01 - mmengine - WARNING - The prefix is not set in metric class IoUMetric.
Name of parameter - Initialization information

backbone.adapter.level_embed - torch.Size([3, 1024]): 
The value is the same before and after calling `init_weights` of EncoderDecoder  

backbone.adapter.backbone.cls_token - torch.Size([1, 1, 1024]): 
The value is the same before and after calling `init_weights` of EncoderDecoder  

backbone.adapter.backbone.mask_token - torch.Size([1, 1024]): 
The value is the same before and after calling `init_weights` of EncoderDecoder  

backbone.adapter.backbone.patch_embed.proj.weight - torch.Size([1024, 10, 16, 16]): 
The value is the same before and after calling `init_weights` of EncoderDecoder  

backbone.adapter.backbone.patch_embed.proj.bias - torch.Size([1024]): 
The value is the same before and after calling `init_weights` of EncoderDecoder  

backbone.adapter.backbone.blocks.0.norm1.weight - torch.Size([1024]): 
The value is the same before and after calling `init_weights` of EncoderDecoder  

backbone.adapter.backbone.blocks.0.norm1.bias - torch.Size([1024]): 
The value is the same before and after calling `init_weights` of EncoderDecoder  

backbone.adapter.backbone.blocks.0.attn.qkv.weight - torch.Size([3072, 1024]): 
The value is the same before and after calling `init_weights` of EncoderDecoder  

backbone.adapter.backbone.blocks.0.attn.qkv.bias - torch.Size([3072]): 
The value is the same before and after calling `init_weights` of EncoderDecoder  

backbone.adapter.backbone.blocks.0.attn.proj.weight - torch.Size([1024, 1024]): 
The value is the same before and after calling `init_weights` of EncoderDecoder  

backbone.adapter.backbone.blocks.0.attn.proj.bias - torch.Size([1024]): 
The value is the same before and after calling `init_weights` of EncoderDecoder  

backbone.adapter.backbone.blocks.0.ls1.gamma - torch.Size([1024]): 
The value is the same before and after calling `init_weights` of EncoderDecoder  

backbone.adapter.backbone.blocks.0.norm2.weight - torch.Size([1024]): 
The value is the same before and after calling `init_weights` of EncoderDecoder  

backbone.adapter.backbone.blocks.0.norm2.bias - torch.Size([1024]): 
The value is the same before and after calling `init_weights` of EncoderDecoder  

backbone.adapter.backbone.blocks.0.mlp.fc1.weight - torch.Size([4096, 1024]): 
The value is the same before and after calling `init_weights` of EncoderDecoder  

backbone.adapter.backbone.blocks.0.mlp.fc1.bias - torch.Size([4096]): 
The value is the same before and after calling `init_weights` of EncoderDecoder  

backbone.adapter.backbone.blocks.0.mlp.fc2.weight - torch.Size([1024, 4096]): 
The value is the same before and after calling `init_weights` of EncoderDecoder  

backbone.adapter.backbone.blocks.0.mlp.fc2.bias - torch.Size([1024]): 
The value is the same before and after calling `init_weights` of EncoderDecoder  

backbone.adapter.backbone.blocks.0.ls2.gamma - torch.Size([1024]): 
The value is the same before and after calling `init_weights` of EncoderDecoder  

backbone.adapter.backbone.blocks.1.norm1.weight - torch.Size([1024]): 
The value is the same before and after calling `init_weights` of EncoderDecoder  

backbone.adapter.backbone.blocks.1.norm1.bias - torch.Size([1024]): 
The value is the same before and after calling `init_weights` of EncoderDecoder  

backbone.adapter.backbone.blocks.1.attn.qkv.weight - torch.Size([3072, 1024]): 
The value is the same before and after calling `init_weights` of EncoderDecoder  

backbone.adapter.backbone.blocks.1.attn.qkv.bias - torch.Size([3072]): 
The value is the same before and after calling `init_weights` of EncoderDecoder  

backbone.adapter.backbone.blocks.1.attn.proj.weight - torch.Size([1024, 1024]): 
The value is the same before and after calling `init_weights` of EncoderDecoder  

backbone.adapter.backbone.blocks.1.attn.proj.bias - torch.Size([1024]): 
The value is the same before and after calling `init_weights` of EncoderDecoder  

backbone.adapter.backbone.blocks.1.ls1.gamma - torch.Size([1024]): 
The value is the same before and after calling `init_weights` of EncoderDecoder  

backbone.adapter.backbone.blocks.1.norm2.weight - torch.Size([1024]): 
The value is the same before and after calling `init_weights` of EncoderDecoder  

backbone.adapter.backbone.blocks.1.norm2.bias - torch.Size([1024]): 
The value is the same before and after calling `init_weights` of EncoderDecoder  

backbone.adapter.backbone.blocks.1.mlp.fc1.weight - torch.Size([4096, 1024]): 
The value is the same before and after calling `init_weights` of EncoderDecoder  

backbone.adapter.backbone.blocks.1.mlp.fc1.bias - torch.Size([4096]): 
The value is the same before and after calling `init_weights` of EncoderDecoder  

backbone.adapter.backbone.blocks.1.mlp.fc2.weight - torch.Size([1024, 4096]): 
The value is the same before and after calling `init_weights` of EncoderDecoder  

backbone.adapter.backbone.blocks.1.mlp.fc2.bias - torch.Size([1024]): 
The value is the same before and after calling `init_weights` of EncoderDecoder  

backbone.adapter.backbone.blocks.1.ls2.gamma - torch.Size([1024]): 
The value is the same before and after calling `init_weights` of EncoderDecoder  

backbone.adapter.backbone.blocks.2.norm1.weight - torch.Size([1024]): 
The value is the same before and after calling `init_weights` of EncoderDecoder  

backbone.adapter.backbone.blocks.2.norm1.bias - torch.Size([1024]): 
The value is the same before and after calling `init_weights` of EncoderDecoder  

backbone.adapter.backbone.blocks.2.attn.qkv.weight - torch.Size([3072, 1024]): 
The value is the same before and after calling `init_weights` of EncoderDecoder  

backbone.adapter.backbone.blocks.2.attn.qkv.bias - torch.Size([3072]): 
The value is the same before and after calling `init_weights` of EncoderDecoder  

backbone.adapter.backbone.blocks.2.attn.proj.weight - torch.Size([1024, 1024]): 
The value is the same before and after calling `init_weights` of EncoderDecoder  

backbone.adapter.backbone.blocks.2.attn.proj.bias - torch.Size([1024]): 
The value is the same before and after calling `init_weights` of EncoderDecoder  

backbone.adapter.backbone.blocks.2.ls1.gamma - torch.Size([1024]): 
The value is the same before and after calling `init_weights` of EncoderDecoder  

backbone.adapter.backbone.blocks.2.norm2.weight - torch.Size([1024]): 
The value is the same before and after calling `init_weights` of EncoderDecoder  

backbone.adapter.backbone.blocks.2.norm2.bias - torch.Size([1024]): 
The value is the same before and after calling `init_weights` of EncoderDecoder  

backbone.adapter.backbone.blocks.2.mlp.fc1.weight - torch.Size([4096, 1024]): 
The value is the same before and after calling `init_weights` of EncoderDecoder  

backbone.adapter.backbone.blocks.2.mlp.fc1.bias - torch.Size([4096]): 
The value is the same before and after calling `init_weights` of EncoderDecoder  

backbone.adapter.backbone.blocks.2.mlp.fc2.weight - torch.Size([1024, 4096]): 
The value is the same before and after calling `init_weights` of EncoderDecoder  

backbone.adapter.backbone.blocks.2.mlp.fc2.bias - torch.Size([1024]): 
The value is the same before and after calling `init_weights` of EncoderDecoder  

backbone.adapter.backbone.blocks.2.ls2.gamma - torch.Size([1024]): 
The value is the same before and after calling `init_weights` of EncoderDecoder  

backbone.adapter.backbone.blocks.3.norm1.weight - torch.Size([1024]): 
The value is the same before and after calling `init_weights` of EncoderDecoder  

backbone.adapter.backbone.blocks.3.norm1.bias - torch.Size([1024]): 
The value is the same before and after calling `init_weights` of EncoderDecoder  

backbone.adapter.backbone.blocks.3.attn.qkv.weight - torch.Size([3072, 1024]): 
The value is the same before and after calling `init_weights` of EncoderDecoder  

backbone.adapter.backbone.blocks.3.attn.qkv.bias - torch.Size([3072]): 
The value is the same before and after calling `init_weights` of EncoderDecoder  

backbone.adapter.backbone.blocks.3.attn.proj.weight - torch.Size([1024, 1024]): 
The value is the same before and after calling `init_weights` of EncoderDecoder  

backbone.adapter.backbone.blocks.3.attn.proj.bias - torch.Size([1024]): 
The value is the same before and after calling `init_weights` of EncoderDecoder  

backbone.adapter.backbone.blocks.3.ls1.gamma - torch.Size([1024]): 
The value is the same before and after calling `init_weights` of EncoderDecoder  

backbone.adapter.backbone.blocks.3.norm2.weight - torch.Size([1024]): 
The value is the same before and after calling `init_weights` of EncoderDecoder  

backbone.adapter.backbone.blocks.3.norm2.bias - torch.Size([1024]): 
The value is the same before and after calling `init_weights` of EncoderDecoder  

backbone.adapter.backbone.blocks.3.mlp.fc1.weight - torch.Size([4096, 1024]): 
The value is the same before and after calling `init_weights` of EncoderDecoder  

backbone.adapter.backbone.blocks.3.mlp.fc1.bias - torch.Size([4096]): 
The value is the same before and after calling `init_weights` of EncoderDecoder  

backbone.adapter.backbone.blocks.3.mlp.fc2.weight - torch.Size([1024, 4096]): 
The value is the same before and after calling `init_weights` of EncoderDecoder  

backbone.adapter.backbone.blocks.3.mlp.fc2.bias - torch.Size([1024]): 
The value is the same before and after calling `init_weights` of EncoderDecoder  

backbone.adapter.backbone.blocks.3.ls2.gamma - torch.Size([1024]): 
The value is the same before and after calling `init_weights` of EncoderDecoder  

backbone.adapter.backbone.blocks.4.norm1.weight - torch.Size([1024]): 
The value is the same before and after calling `init_weights` of EncoderDecoder  

backbone.adapter.backbone.blocks.4.norm1.bias - torch.Size([1024]): 
The value is the same before and after calling `init_weights` of EncoderDecoder  

backbone.adapter.backbone.blocks.4.attn.qkv.weight - torch.Size([3072, 1024]): 
The value is the same before and after calling `init_weights` of EncoderDecoder  

backbone.adapter.backbone.blocks.4.attn.qkv.bias - torch.Size([3072]): 
The value is the same before and after calling `init_weights` of EncoderDecoder  

backbone.adapter.backbone.blocks.4.attn.proj.weight - torch.Size([1024, 1024]): 
The value is the same before and after calling `init_weights` of EncoderDecoder  

backbone.adapter.backbone.blocks.4.attn.proj.bias - torch.Size([1024]): 
The value is the same before and after calling `init_weights` of EncoderDecoder  

backbone.adapter.backbone.blocks.4.ls1.gamma - torch.Size([1024]): 
The value is the same before and after calling `init_weights` of EncoderDecoder  

backbone.adapter.backbone.blocks.4.norm2.weight - torch.Size([1024]): 
The value is the same before and after calling `init_weights` of EncoderDecoder  

backbone.adapter.backbone.blocks.4.norm2.bias - torch.Size([1024]): 
The value is the same before and after calling `init_weights` of EncoderDecoder  

backbone.adapter.backbone.blocks.4.mlp.fc1.weight - torch.Size([4096, 1024]): 
The value is the same before and after calling `init_weights` of EncoderDecoder  

backbone.adapter.backbone.blocks.4.mlp.fc1.bias - torch.Size([4096]): 
The value is the same before and after calling `init_weights` of EncoderDecoder  

backbone.adapter.backbone.blocks.4.mlp.fc2.weight - torch.Size([1024, 4096]): 
The value is the same before and after calling `init_weights` of EncoderDecoder  

backbone.adapter.backbone.blocks.4.mlp.fc2.bias - torch.Size([1024]): 
The value is the same before and after calling `init_weights` of EncoderDecoder  

backbone.adapter.backbone.blocks.4.ls2.gamma - torch.Size([1024]): 
The value is the same before and after calling `init_weights` of EncoderDecoder  

backbone.adapter.backbone.blocks.5.norm1.weight - torch.Size([1024]): 
The value is the same before and after calling `init_weights` of EncoderDecoder  

backbone.adapter.backbone.blocks.5.norm1.bias - torch.Size([1024]): 
The value is the same before and after calling `init_weights` of EncoderDecoder  

backbone.adapter.backbone.blocks.5.attn.qkv.weight - torch.Size([3072, 1024]): 
The value is the same before and after calling `init_weights` of EncoderDecoder  

backbone.adapter.backbone.blocks.5.attn.qkv.bias - torch.Size([3072]): 
The value is the same before and after calling `init_weights` of EncoderDecoder  

backbone.adapter.backbone.blocks.5.attn.proj.weight - torch.Size([1024, 1024]): 
The value is the same before and after calling `init_weights` of EncoderDecoder  

backbone.adapter.backbone.blocks.5.attn.proj.bias - torch.Size([1024]): 
The value is the same before and after calling `init_weights` of EncoderDecoder  

backbone.adapter.backbone.blocks.5.ls1.gamma - torch.Size([1024]): 
The value is the same before and after calling `init_weights` of EncoderDecoder  

backbone.adapter.backbone.blocks.5.norm2.weight - torch.Size([1024]): 
The value is the same before and after calling `init_weights` of EncoderDecoder  

backbone.adapter.backbone.blocks.5.norm2.bias - torch.Size([1024]): 
The value is the same before and after calling `init_weights` of EncoderDecoder  

backbone.adapter.backbone.blocks.5.mlp.fc1.weight - torch.Size([4096, 1024]): 
The value is the same before and after calling `init_weights` of EncoderDecoder  

backbone.adapter.backbone.blocks.5.mlp.fc1.bias - torch.Size([4096]): 
The value is the same before and after calling `init_weights` of EncoderDecoder  

backbone.adapter.backbone.blocks.5.mlp.fc2.weight - torch.Size([1024, 4096]): 
The value is the same before and after calling `init_weights` of EncoderDecoder  

backbone.adapter.backbone.blocks.5.mlp.fc2.bias - torch.Size([1024]): 
The value is the same before and after calling `init_weights` of EncoderDecoder  

backbone.adapter.backbone.blocks.5.ls2.gamma - torch.Size([1024]): 
The value is the same before and after calling `init_weights` of EncoderDecoder  

backbone.adapter.backbone.blocks.6.norm1.weight - torch.Size([1024]): 
The value is the same before and after calling `init_weights` of EncoderDecoder  

backbone.adapter.backbone.blocks.6.norm1.bias - torch.Size([1024]): 
The value is the same before and after calling `init_weights` of EncoderDecoder  

backbone.adapter.backbone.blocks.6.attn.qkv.weight - torch.Size([3072, 1024]): 
The value is the same before and after calling `init_weights` of EncoderDecoder  

backbone.adapter.backbone.blocks.6.attn.qkv.bias - torch.Size([3072]): 
The value is the same before and after calling `init_weights` of EncoderDecoder  

backbone.adapter.backbone.blocks.6.attn.proj.weight - torch.Size([1024, 1024]): 
The value is the same before and after calling `init_weights` of EncoderDecoder  

backbone.adapter.backbone.blocks.6.attn.proj.bias - torch.Size([1024]): 
The value is the same before and after calling `init_weights` of EncoderDecoder  

backbone.adapter.backbone.blocks.6.ls1.gamma - torch.Size([1024]): 
The value is the same before and after calling `init_weights` of EncoderDecoder  

backbone.adapter.backbone.blocks.6.norm2.weight - torch.Size([1024]): 
The value is the same before and after calling `init_weights` of EncoderDecoder  

backbone.adapter.backbone.blocks.6.norm2.bias - torch.Size([1024]): 
The value is the same before and after calling `init_weights` of EncoderDecoder  

backbone.adapter.backbone.blocks.6.mlp.fc1.weight - torch.Size([4096, 1024]): 
The value is the same before and after calling `init_weights` of EncoderDecoder  

backbone.adapter.backbone.blocks.6.mlp.fc1.bias - torch.Size([4096]): 
The value is the same before and after calling `init_weights` of EncoderDecoder  

backbone.adapter.backbone.blocks.6.mlp.fc2.weight - torch.Size([1024, 4096]): 
The value is the same before and after calling `init_weights` of EncoderDecoder  

backbone.adapter.backbone.blocks.6.mlp.fc2.bias - torch.Size([1024]): 
The value is the same before and after calling `init_weights` of EncoderDecoder  

backbone.adapter.backbone.blocks.6.ls2.gamma - torch.Size([1024]): 
The value is the same before and after calling `init_weights` of EncoderDecoder  

backbone.adapter.backbone.blocks.7.norm1.weight - torch.Size([1024]): 
The value is the same before and after calling `init_weights` of EncoderDecoder  

backbone.adapter.backbone.blocks.7.norm1.bias - torch.Size([1024]): 
The value is the same before and after calling `init_weights` of EncoderDecoder  

backbone.adapter.backbone.blocks.7.attn.qkv.weight - torch.Size([3072, 1024]): 
The value is the same before and after calling `init_weights` of EncoderDecoder  

backbone.adapter.backbone.blocks.7.attn.qkv.bias - torch.Size([3072]): 
The value is the same before and after calling `init_weights` of EncoderDecoder  

backbone.adapter.backbone.blocks.7.attn.proj.weight - torch.Size([1024, 1024]): 
The value is the same before and after calling `init_weights` of EncoderDecoder  

backbone.adapter.backbone.blocks.7.attn.proj.bias - torch.Size([1024]): 
The value is the same before and after calling `init_weights` of EncoderDecoder  

backbone.adapter.backbone.blocks.7.ls1.gamma - torch.Size([1024]): 
The value is the same before and after calling `init_weights` of EncoderDecoder  

backbone.adapter.backbone.blocks.7.norm2.weight - torch.Size([1024]): 
The value is the same before and after calling `init_weights` of EncoderDecoder  

backbone.adapter.backbone.blocks.7.norm2.bias - torch.Size([1024]): 
The value is the same before and after calling `init_weights` of EncoderDecoder  

backbone.adapter.backbone.blocks.7.mlp.fc1.weight - torch.Size([4096, 1024]): 
The value is the same before and after calling `init_weights` of EncoderDecoder  

backbone.adapter.backbone.blocks.7.mlp.fc1.bias - torch.Size([4096]): 
The value is the same before and after calling `init_weights` of EncoderDecoder  

backbone.adapter.backbone.blocks.7.mlp.fc2.weight - torch.Size([1024, 4096]): 
The value is the same before and after calling `init_weights` of EncoderDecoder  

backbone.adapter.backbone.blocks.7.mlp.fc2.bias - torch.Size([1024]): 
The value is the same before and after calling `init_weights` of EncoderDecoder  

backbone.adapter.backbone.blocks.7.ls2.gamma - torch.Size([1024]): 
The value is the same before and after calling `init_weights` of EncoderDecoder  

backbone.adapter.backbone.blocks.8.norm1.weight - torch.Size([1024]): 
The value is the same before and after calling `init_weights` of EncoderDecoder  

backbone.adapter.backbone.blocks.8.norm1.bias - torch.Size([1024]): 
The value is the same before and after calling `init_weights` of EncoderDecoder  

backbone.adapter.backbone.blocks.8.attn.qkv.weight - torch.Size([3072, 1024]): 
The value is the same before and after calling `init_weights` of EncoderDecoder  

backbone.adapter.backbone.blocks.8.attn.qkv.bias - torch.Size([3072]): 
The value is the same before and after calling `init_weights` of EncoderDecoder  

backbone.adapter.backbone.blocks.8.attn.proj.weight - torch.Size([1024, 1024]): 
The value is the same before and after calling `init_weights` of EncoderDecoder  

backbone.adapter.backbone.blocks.8.attn.proj.bias - torch.Size([1024]): 
The value is the same before and after calling `init_weights` of EncoderDecoder  

backbone.adapter.backbone.blocks.8.ls1.gamma - torch.Size([1024]): 
The value is the same before and after calling `init_weights` of EncoderDecoder  

backbone.adapter.backbone.blocks.8.norm2.weight - torch.Size([1024]): 
The value is the same before and after calling `init_weights` of EncoderDecoder  

backbone.adapter.backbone.blocks.8.norm2.bias - torch.Size([1024]): 
The value is the same before and after calling `init_weights` of EncoderDecoder  

backbone.adapter.backbone.blocks.8.mlp.fc1.weight - torch.Size([4096, 1024]): 
The value is the same before and after calling `init_weights` of EncoderDecoder  

backbone.adapter.backbone.blocks.8.mlp.fc1.bias - torch.Size([4096]): 
The value is the same before and after calling `init_weights` of EncoderDecoder  

backbone.adapter.backbone.blocks.8.mlp.fc2.weight - torch.Size([1024, 4096]): 
The value is the same before and after calling `init_weights` of EncoderDecoder  

backbone.adapter.backbone.blocks.8.mlp.fc2.bias - torch.Size([1024]): 
The value is the same before and after calling `init_weights` of EncoderDecoder  

backbone.adapter.backbone.blocks.8.ls2.gamma - torch.Size([1024]): 
The value is the same before and after calling `init_weights` of EncoderDecoder  

backbone.adapter.backbone.blocks.9.norm1.weight - torch.Size([1024]): 
The value is the same before and after calling `init_weights` of EncoderDecoder  

backbone.adapter.backbone.blocks.9.norm1.bias - torch.Size([1024]): 
The value is the same before and after calling `init_weights` of EncoderDecoder  

backbone.adapter.backbone.blocks.9.attn.qkv.weight - torch.Size([3072, 1024]): 
The value is the same before and after calling `init_weights` of EncoderDecoder  

backbone.adapter.backbone.blocks.9.attn.qkv.bias - torch.Size([3072]): 
The value is the same before and after calling `init_weights` of EncoderDecoder  

backbone.adapter.backbone.blocks.9.attn.proj.weight - torch.Size([1024, 1024]): 
The value is the same before and after calling `init_weights` of EncoderDecoder  

backbone.adapter.backbone.blocks.9.attn.proj.bias - torch.Size([1024]): 
The value is the same before and after calling `init_weights` of EncoderDecoder  

backbone.adapter.backbone.blocks.9.ls1.gamma - torch.Size([1024]): 
The value is the same before and after calling `init_weights` of EncoderDecoder  

backbone.adapter.backbone.blocks.9.norm2.weight - torch.Size([1024]): 
The value is the same before and after calling `init_weights` of EncoderDecoder  

backbone.adapter.backbone.blocks.9.norm2.bias - torch.Size([1024]): 
The value is the same before and after calling `init_weights` of EncoderDecoder  

backbone.adapter.backbone.blocks.9.mlp.fc1.weight - torch.Size([4096, 1024]): 
The value is the same before and after calling `init_weights` of EncoderDecoder  

backbone.adapter.backbone.blocks.9.mlp.fc1.bias - torch.Size([4096]): 
The value is the same before and after calling `init_weights` of EncoderDecoder  

backbone.adapter.backbone.blocks.9.mlp.fc2.weight - torch.Size([1024, 4096]): 
The value is the same before and after calling `init_weights` of EncoderDecoder  

backbone.adapter.backbone.blocks.9.mlp.fc2.bias - torch.Size([1024]): 
The value is the same before and after calling `init_weights` of EncoderDecoder  

backbone.adapter.backbone.blocks.9.ls2.gamma - torch.Size([1024]): 
The value is the same before and after calling `init_weights` of EncoderDecoder  

backbone.adapter.backbone.blocks.10.norm1.weight - torch.Size([1024]): 
The value is the same before and after calling `init_weights` of EncoderDecoder  

backbone.adapter.backbone.blocks.10.norm1.bias - torch.Size([1024]): 
The value is the same before and after calling `init_weights` of EncoderDecoder  

backbone.adapter.backbone.blocks.10.attn.qkv.weight - torch.Size([3072, 1024]): 
The value is the same before and after calling `init_weights` of EncoderDecoder  

backbone.adapter.backbone.blocks.10.attn.qkv.bias - torch.Size([3072]): 
The value is the same before and after calling `init_weights` of EncoderDecoder  

backbone.adapter.backbone.blocks.10.attn.proj.weight - torch.Size([1024, 1024]): 
The value is the same before and after calling `init_weights` of EncoderDecoder  

backbone.adapter.backbone.blocks.10.attn.proj.bias - torch.Size([1024]): 
The value is the same before and after calling `init_weights` of EncoderDecoder  

backbone.adapter.backbone.blocks.10.ls1.gamma - torch.Size([1024]): 
The value is the same before and after calling `init_weights` of EncoderDecoder  

backbone.adapter.backbone.blocks.10.norm2.weight - torch.Size([1024]): 
The value is the same before and after calling `init_weights` of EncoderDecoder  

backbone.adapter.backbone.blocks.10.norm2.bias - torch.Size([1024]): 
The value is the same before and after calling `init_weights` of EncoderDecoder  

backbone.adapter.backbone.blocks.10.mlp.fc1.weight - torch.Size([4096, 1024]): 
The value is the same before and after calling `init_weights` of EncoderDecoder  

backbone.adapter.backbone.blocks.10.mlp.fc1.bias - torch.Size([4096]): 
The value is the same before and after calling `init_weights` of EncoderDecoder  

backbone.adapter.backbone.blocks.10.mlp.fc2.weight - torch.Size([1024, 4096]): 
The value is the same before and after calling `init_weights` of EncoderDecoder  

backbone.adapter.backbone.blocks.10.mlp.fc2.bias - torch.Size([1024]): 
The value is the same before and after calling `init_weights` of EncoderDecoder  

backbone.adapter.backbone.blocks.10.ls2.gamma - torch.Size([1024]): 
The value is the same before and after calling `init_weights` of EncoderDecoder  

backbone.adapter.backbone.blocks.11.norm1.weight - torch.Size([1024]): 
The value is the same before and after calling `init_weights` of EncoderDecoder  

backbone.adapter.backbone.blocks.11.norm1.bias - torch.Size([1024]): 
The value is the same before and after calling `init_weights` of EncoderDecoder  

backbone.adapter.backbone.blocks.11.attn.qkv.weight - torch.Size([3072, 1024]): 
The value is the same before and after calling `init_weights` of EncoderDecoder  

backbone.adapter.backbone.blocks.11.attn.qkv.bias - torch.Size([3072]): 
The value is the same before and after calling `init_weights` of EncoderDecoder  

backbone.adapter.backbone.blocks.11.attn.proj.weight - torch.Size([1024, 1024]): 
The value is the same before and after calling `init_weights` of EncoderDecoder  

backbone.adapter.backbone.blocks.11.attn.proj.bias - torch.Size([1024]): 
The value is the same before and after calling `init_weights` of EncoderDecoder  

backbone.adapter.backbone.blocks.11.ls1.gamma - torch.Size([1024]): 
The value is the same before and after calling `init_weights` of EncoderDecoder  

backbone.adapter.backbone.blocks.11.norm2.weight - torch.Size([1024]): 
The value is the same before and after calling `init_weights` of EncoderDecoder  

backbone.adapter.backbone.blocks.11.norm2.bias - torch.Size([1024]): 
The value is the same before and after calling `init_weights` of EncoderDecoder  

backbone.adapter.backbone.blocks.11.mlp.fc1.weight - torch.Size([4096, 1024]): 
The value is the same before and after calling `init_weights` of EncoderDecoder  

backbone.adapter.backbone.blocks.11.mlp.fc1.bias - torch.Size([4096]): 
The value is the same before and after calling `init_weights` of EncoderDecoder  

backbone.adapter.backbone.blocks.11.mlp.fc2.weight - torch.Size([1024, 4096]): 
The value is the same before and after calling `init_weights` of EncoderDecoder  

backbone.adapter.backbone.blocks.11.mlp.fc2.bias - torch.Size([1024]): 
The value is the same before and after calling `init_weights` of EncoderDecoder  

backbone.adapter.backbone.blocks.11.ls2.gamma - torch.Size([1024]): 
The value is the same before and after calling `init_weights` of EncoderDecoder  

backbone.adapter.backbone.blocks.12.norm1.weight - torch.Size([1024]): 
The value is the same before and after calling `init_weights` of EncoderDecoder  

backbone.adapter.backbone.blocks.12.norm1.bias - torch.Size([1024]): 
The value is the same before and after calling `init_weights` of EncoderDecoder  

backbone.adapter.backbone.blocks.12.attn.qkv.weight - torch.Size([3072, 1024]): 
The value is the same before and after calling `init_weights` of EncoderDecoder  

backbone.adapter.backbone.blocks.12.attn.qkv.bias - torch.Size([3072]): 
The value is the same before and after calling `init_weights` of EncoderDecoder  

backbone.adapter.backbone.blocks.12.attn.proj.weight - torch.Size([1024, 1024]): 
The value is the same before and after calling `init_weights` of EncoderDecoder  

backbone.adapter.backbone.blocks.12.attn.proj.bias - torch.Size([1024]): 
The value is the same before and after calling `init_weights` of EncoderDecoder  

backbone.adapter.backbone.blocks.12.ls1.gamma - torch.Size([1024]): 
The value is the same before and after calling `init_weights` of EncoderDecoder  

backbone.adapter.backbone.blocks.12.norm2.weight - torch.Size([1024]): 
The value is the same before and after calling `init_weights` of EncoderDecoder  

backbone.adapter.backbone.blocks.12.norm2.bias - torch.Size([1024]): 
The value is the same before and after calling `init_weights` of EncoderDecoder  

backbone.adapter.backbone.blocks.12.mlp.fc1.weight - torch.Size([4096, 1024]): 
The value is the same before and after calling `init_weights` of EncoderDecoder  

backbone.adapter.backbone.blocks.12.mlp.fc1.bias - torch.Size([4096]): 
The value is the same before and after calling `init_weights` of EncoderDecoder  

backbone.adapter.backbone.blocks.12.mlp.fc2.weight - torch.Size([1024, 4096]): 
The value is the same before and after calling `init_weights` of EncoderDecoder  

backbone.adapter.backbone.blocks.12.mlp.fc2.bias - torch.Size([1024]): 
The value is the same before and after calling `init_weights` of EncoderDecoder  

backbone.adapter.backbone.blocks.12.ls2.gamma - torch.Size([1024]): 
The value is the same before and after calling `init_weights` of EncoderDecoder  

backbone.adapter.backbone.blocks.13.norm1.weight - torch.Size([1024]): 
The value is the same before and after calling `init_weights` of EncoderDecoder  

backbone.adapter.backbone.blocks.13.norm1.bias - torch.Size([1024]): 
The value is the same before and after calling `init_weights` of EncoderDecoder  

backbone.adapter.backbone.blocks.13.attn.qkv.weight - torch.Size([3072, 1024]): 
The value is the same before and after calling `init_weights` of EncoderDecoder  

backbone.adapter.backbone.blocks.13.attn.qkv.bias - torch.Size([3072]): 
The value is the same before and after calling `init_weights` of EncoderDecoder  

backbone.adapter.backbone.blocks.13.attn.proj.weight - torch.Size([1024, 1024]): 
The value is the same before and after calling `init_weights` of EncoderDecoder  

backbone.adapter.backbone.blocks.13.attn.proj.bias - torch.Size([1024]): 
The value is the same before and after calling `init_weights` of EncoderDecoder  

backbone.adapter.backbone.blocks.13.ls1.gamma - torch.Size([1024]): 
The value is the same before and after calling `init_weights` of EncoderDecoder  

backbone.adapter.backbone.blocks.13.norm2.weight - torch.Size([1024]): 
The value is the same before and after calling `init_weights` of EncoderDecoder  

backbone.adapter.backbone.blocks.13.norm2.bias - torch.Size([1024]): 
The value is the same before and after calling `init_weights` of EncoderDecoder  

backbone.adapter.backbone.blocks.13.mlp.fc1.weight - torch.Size([4096, 1024]): 
The value is the same before and after calling `init_weights` of EncoderDecoder  

backbone.adapter.backbone.blocks.13.mlp.fc1.bias - torch.Size([4096]): 
The value is the same before and after calling `init_weights` of EncoderDecoder  

backbone.adapter.backbone.blocks.13.mlp.fc2.weight - torch.Size([1024, 4096]): 
The value is the same before and after calling `init_weights` of EncoderDecoder  

backbone.adapter.backbone.blocks.13.mlp.fc2.bias - torch.Size([1024]): 
The value is the same before and after calling `init_weights` of EncoderDecoder  

backbone.adapter.backbone.blocks.13.ls2.gamma - torch.Size([1024]): 
The value is the same before and after calling `init_weights` of EncoderDecoder  

backbone.adapter.backbone.blocks.14.norm1.weight - torch.Size([1024]): 
The value is the same before and after calling `init_weights` of EncoderDecoder  

backbone.adapter.backbone.blocks.14.norm1.bias - torch.Size([1024]): 
The value is the same before and after calling `init_weights` of EncoderDecoder  

backbone.adapter.backbone.blocks.14.attn.qkv.weight - torch.Size([3072, 1024]): 
The value is the same before and after calling `init_weights` of EncoderDecoder  

backbone.adapter.backbone.blocks.14.attn.qkv.bias - torch.Size([3072]): 
The value is the same before and after calling `init_weights` of EncoderDecoder  

backbone.adapter.backbone.blocks.14.attn.proj.weight - torch.Size([1024, 1024]): 
The value is the same before and after calling `init_weights` of EncoderDecoder  

backbone.adapter.backbone.blocks.14.attn.proj.bias - torch.Size([1024]): 
The value is the same before and after calling `init_weights` of EncoderDecoder  

backbone.adapter.backbone.blocks.14.ls1.gamma - torch.Size([1024]): 
The value is the same before and after calling `init_weights` of EncoderDecoder  

backbone.adapter.backbone.blocks.14.norm2.weight - torch.Size([1024]): 
The value is the same before and after calling `init_weights` of EncoderDecoder  

backbone.adapter.backbone.blocks.14.norm2.bias - torch.Size([1024]): 
The value is the same before and after calling `init_weights` of EncoderDecoder  

backbone.adapter.backbone.blocks.14.mlp.fc1.weight - torch.Size([4096, 1024]): 
The value is the same before and after calling `init_weights` of EncoderDecoder  

backbone.adapter.backbone.blocks.14.mlp.fc1.bias - torch.Size([4096]): 
The value is the same before and after calling `init_weights` of EncoderDecoder  

backbone.adapter.backbone.blocks.14.mlp.fc2.weight - torch.Size([1024, 4096]): 
The value is the same before and after calling `init_weights` of EncoderDecoder  

backbone.adapter.backbone.blocks.14.mlp.fc2.bias - torch.Size([1024]): 
The value is the same before and after calling `init_weights` of EncoderDecoder  

backbone.adapter.backbone.blocks.14.ls2.gamma - torch.Size([1024]): 
The value is the same before and after calling `init_weights` of EncoderDecoder  

backbone.adapter.backbone.blocks.15.norm1.weight - torch.Size([1024]): 
The value is the same before and after calling `init_weights` of EncoderDecoder  

backbone.adapter.backbone.blocks.15.norm1.bias - torch.Size([1024]): 
The value is the same before and after calling `init_weights` of EncoderDecoder  

backbone.adapter.backbone.blocks.15.attn.qkv.weight - torch.Size([3072, 1024]): 
The value is the same before and after calling `init_weights` of EncoderDecoder  

backbone.adapter.backbone.blocks.15.attn.qkv.bias - torch.Size([3072]): 
The value is the same before and after calling `init_weights` of EncoderDecoder  

backbone.adapter.backbone.blocks.15.attn.proj.weight - torch.Size([1024, 1024]): 
The value is the same before and after calling `init_weights` of EncoderDecoder  

backbone.adapter.backbone.blocks.15.attn.proj.bias - torch.Size([1024]): 
The value is the same before and after calling `init_weights` of EncoderDecoder  

backbone.adapter.backbone.blocks.15.ls1.gamma - torch.Size([1024]): 
The value is the same before and after calling `init_weights` of EncoderDecoder  

backbone.adapter.backbone.blocks.15.norm2.weight - torch.Size([1024]): 
The value is the same before and after calling `init_weights` of EncoderDecoder  

backbone.adapter.backbone.blocks.15.norm2.bias - torch.Size([1024]): 
The value is the same before and after calling `init_weights` of EncoderDecoder  

backbone.adapter.backbone.blocks.15.mlp.fc1.weight - torch.Size([4096, 1024]): 
The value is the same before and after calling `init_weights` of EncoderDecoder  

backbone.adapter.backbone.blocks.15.mlp.fc1.bias - torch.Size([4096]): 
The value is the same before and after calling `init_weights` of EncoderDecoder  

backbone.adapter.backbone.blocks.15.mlp.fc2.weight - torch.Size([1024, 4096]): 
The value is the same before and after calling `init_weights` of EncoderDecoder  

backbone.adapter.backbone.blocks.15.mlp.fc2.bias - torch.Size([1024]): 
The value is the same before and after calling `init_weights` of EncoderDecoder  

backbone.adapter.backbone.blocks.15.ls2.gamma - torch.Size([1024]): 
The value is the same before and after calling `init_weights` of EncoderDecoder  

backbone.adapter.backbone.blocks.16.norm1.weight - torch.Size([1024]): 
The value is the same before and after calling `init_weights` of EncoderDecoder  

backbone.adapter.backbone.blocks.16.norm1.bias - torch.Size([1024]): 
The value is the same before and after calling `init_weights` of EncoderDecoder  

backbone.adapter.backbone.blocks.16.attn.qkv.weight - torch.Size([3072, 1024]): 
The value is the same before and after calling `init_weights` of EncoderDecoder  

backbone.adapter.backbone.blocks.16.attn.qkv.bias - torch.Size([3072]): 
The value is the same before and after calling `init_weights` of EncoderDecoder  

backbone.adapter.backbone.blocks.16.attn.proj.weight - torch.Size([1024, 1024]): 
The value is the same before and after calling `init_weights` of EncoderDecoder  

backbone.adapter.backbone.blocks.16.attn.proj.bias - torch.Size([1024]): 
The value is the same before and after calling `init_weights` of EncoderDecoder  

backbone.adapter.backbone.blocks.16.ls1.gamma - torch.Size([1024]): 
The value is the same before and after calling `init_weights` of EncoderDecoder  

backbone.adapter.backbone.blocks.16.norm2.weight - torch.Size([1024]): 
The value is the same before and after calling `init_weights` of EncoderDecoder  

backbone.adapter.backbone.blocks.16.norm2.bias - torch.Size([1024]): 
The value is the same before and after calling `init_weights` of EncoderDecoder  

backbone.adapter.backbone.blocks.16.mlp.fc1.weight - torch.Size([4096, 1024]): 
The value is the same before and after calling `init_weights` of EncoderDecoder  

backbone.adapter.backbone.blocks.16.mlp.fc1.bias - torch.Size([4096]): 
The value is the same before and after calling `init_weights` of EncoderDecoder  

backbone.adapter.backbone.blocks.16.mlp.fc2.weight - torch.Size([1024, 4096]): 
The value is the same before and after calling `init_weights` of EncoderDecoder  

backbone.adapter.backbone.blocks.16.mlp.fc2.bias - torch.Size([1024]): 
The value is the same before and after calling `init_weights` of EncoderDecoder  

backbone.adapter.backbone.blocks.16.ls2.gamma - torch.Size([1024]): 
The value is the same before and after calling `init_weights` of EncoderDecoder  

backbone.adapter.backbone.blocks.17.norm1.weight - torch.Size([1024]): 
The value is the same before and after calling `init_weights` of EncoderDecoder  

backbone.adapter.backbone.blocks.17.norm1.bias - torch.Size([1024]): 
The value is the same before and after calling `init_weights` of EncoderDecoder  

backbone.adapter.backbone.blocks.17.attn.qkv.weight - torch.Size([3072, 1024]): 
The value is the same before and after calling `init_weights` of EncoderDecoder  

backbone.adapter.backbone.blocks.17.attn.qkv.bias - torch.Size([3072]): 
The value is the same before and after calling `init_weights` of EncoderDecoder  

backbone.adapter.backbone.blocks.17.attn.proj.weight - torch.Size([1024, 1024]): 
The value is the same before and after calling `init_weights` of EncoderDecoder  

backbone.adapter.backbone.blocks.17.attn.proj.bias - torch.Size([1024]): 
The value is the same before and after calling `init_weights` of EncoderDecoder  

backbone.adapter.backbone.blocks.17.ls1.gamma - torch.Size([1024]): 
The value is the same before and after calling `init_weights` of EncoderDecoder  

backbone.adapter.backbone.blocks.17.norm2.weight - torch.Size([1024]): 
The value is the same before and after calling `init_weights` of EncoderDecoder  

backbone.adapter.backbone.blocks.17.norm2.bias - torch.Size([1024]): 
The value is the same before and after calling `init_weights` of EncoderDecoder  

backbone.adapter.backbone.blocks.17.mlp.fc1.weight - torch.Size([4096, 1024]): 
The value is the same before and after calling `init_weights` of EncoderDecoder  

backbone.adapter.backbone.blocks.17.mlp.fc1.bias - torch.Size([4096]): 
The value is the same before and after calling `init_weights` of EncoderDecoder  

backbone.adapter.backbone.blocks.17.mlp.fc2.weight - torch.Size([1024, 4096]): 
The value is the same before and after calling `init_weights` of EncoderDecoder  

backbone.adapter.backbone.blocks.17.mlp.fc2.bias - torch.Size([1024]): 
The value is the same before and after calling `init_weights` of EncoderDecoder  

backbone.adapter.backbone.blocks.17.ls2.gamma - torch.Size([1024]): 
The value is the same before and after calling `init_weights` of EncoderDecoder  

backbone.adapter.backbone.blocks.18.norm1.weight - torch.Size([1024]): 
The value is the same before and after calling `init_weights` of EncoderDecoder  

backbone.adapter.backbone.blocks.18.norm1.bias - torch.Size([1024]): 
The value is the same before and after calling `init_weights` of EncoderDecoder  

backbone.adapter.backbone.blocks.18.attn.qkv.weight - torch.Size([3072, 1024]): 
The value is the same before and after calling `init_weights` of EncoderDecoder  

backbone.adapter.backbone.blocks.18.attn.qkv.bias - torch.Size([3072]): 
The value is the same before and after calling `init_weights` of EncoderDecoder  

backbone.adapter.backbone.blocks.18.attn.proj.weight - torch.Size([1024, 1024]): 
The value is the same before and after calling `init_weights` of EncoderDecoder  

backbone.adapter.backbone.blocks.18.attn.proj.bias - torch.Size([1024]): 
The value is the same before and after calling `init_weights` of EncoderDecoder  

backbone.adapter.backbone.blocks.18.ls1.gamma - torch.Size([1024]): 
The value is the same before and after calling `init_weights` of EncoderDecoder  

backbone.adapter.backbone.blocks.18.norm2.weight - torch.Size([1024]): 
The value is the same before and after calling `init_weights` of EncoderDecoder  

backbone.adapter.backbone.blocks.18.norm2.bias - torch.Size([1024]): 
The value is the same before and after calling `init_weights` of EncoderDecoder  

backbone.adapter.backbone.blocks.18.mlp.fc1.weight - torch.Size([4096, 1024]): 
The value is the same before and after calling `init_weights` of EncoderDecoder  

backbone.adapter.backbone.blocks.18.mlp.fc1.bias - torch.Size([4096]): 
The value is the same before and after calling `init_weights` of EncoderDecoder  

backbone.adapter.backbone.blocks.18.mlp.fc2.weight - torch.Size([1024, 4096]): 
The value is the same before and after calling `init_weights` of EncoderDecoder  

backbone.adapter.backbone.blocks.18.mlp.fc2.bias - torch.Size([1024]): 
The value is the same before and after calling `init_weights` of EncoderDecoder  

backbone.adapter.backbone.blocks.18.ls2.gamma - torch.Size([1024]): 
The value is the same before and after calling `init_weights` of EncoderDecoder  

backbone.adapter.backbone.blocks.19.norm1.weight - torch.Size([1024]): 
The value is the same before and after calling `init_weights` of EncoderDecoder  

backbone.adapter.backbone.blocks.19.norm1.bias - torch.Size([1024]): 
The value is the same before and after calling `init_weights` of EncoderDecoder  

backbone.adapter.backbone.blocks.19.attn.qkv.weight - torch.Size([3072, 1024]): 
The value is the same before and after calling `init_weights` of EncoderDecoder  

backbone.adapter.backbone.blocks.19.attn.qkv.bias - torch.Size([3072]): 
The value is the same before and after calling `init_weights` of EncoderDecoder  

backbone.adapter.backbone.blocks.19.attn.proj.weight - torch.Size([1024, 1024]): 
The value is the same before and after calling `init_weights` of EncoderDecoder  

backbone.adapter.backbone.blocks.19.attn.proj.bias - torch.Size([1024]): 
The value is the same before and after calling `init_weights` of EncoderDecoder  

backbone.adapter.backbone.blocks.19.ls1.gamma - torch.Size([1024]): 
The value is the same before and after calling `init_weights` of EncoderDecoder  

backbone.adapter.backbone.blocks.19.norm2.weight - torch.Size([1024]): 
The value is the same before and after calling `init_weights` of EncoderDecoder  

backbone.adapter.backbone.blocks.19.norm2.bias - torch.Size([1024]): 
The value is the same before and after calling `init_weights` of EncoderDecoder  

backbone.adapter.backbone.blocks.19.mlp.fc1.weight - torch.Size([4096, 1024]): 
The value is the same before and after calling `init_weights` of EncoderDecoder  

backbone.adapter.backbone.blocks.19.mlp.fc1.bias - torch.Size([4096]): 
The value is the same before and after calling `init_weights` of EncoderDecoder  

backbone.adapter.backbone.blocks.19.mlp.fc2.weight - torch.Size([1024, 4096]): 
The value is the same before and after calling `init_weights` of EncoderDecoder  

backbone.adapter.backbone.blocks.19.mlp.fc2.bias - torch.Size([1024]): 
The value is the same before and after calling `init_weights` of EncoderDecoder  

backbone.adapter.backbone.blocks.19.ls2.gamma - torch.Size([1024]): 
The value is the same before and after calling `init_weights` of EncoderDecoder  

backbone.adapter.backbone.blocks.20.norm1.weight - torch.Size([1024]): 
The value is the same before and after calling `init_weights` of EncoderDecoder  

backbone.adapter.backbone.blocks.20.norm1.bias - torch.Size([1024]): 
The value is the same before and after calling `init_weights` of EncoderDecoder  

backbone.adapter.backbone.blocks.20.attn.qkv.weight - torch.Size([3072, 1024]): 
The value is the same before and after calling `init_weights` of EncoderDecoder  

backbone.adapter.backbone.blocks.20.attn.qkv.bias - torch.Size([3072]): 
The value is the same before and after calling `init_weights` of EncoderDecoder  

backbone.adapter.backbone.blocks.20.attn.proj.weight - torch.Size([1024, 1024]): 
The value is the same before and after calling `init_weights` of EncoderDecoder  

backbone.adapter.backbone.blocks.20.attn.proj.bias - torch.Size([1024]): 
The value is the same before and after calling `init_weights` of EncoderDecoder  

backbone.adapter.backbone.blocks.20.ls1.gamma - torch.Size([1024]): 
The value is the same before and after calling `init_weights` of EncoderDecoder  

backbone.adapter.backbone.blocks.20.norm2.weight - torch.Size([1024]): 
The value is the same before and after calling `init_weights` of EncoderDecoder  

backbone.adapter.backbone.blocks.20.norm2.bias - torch.Size([1024]): 
The value is the same before and after calling `init_weights` of EncoderDecoder  

backbone.adapter.backbone.blocks.20.mlp.fc1.weight - torch.Size([4096, 1024]): 
The value is the same before and after calling `init_weights` of EncoderDecoder  

backbone.adapter.backbone.blocks.20.mlp.fc1.bias - torch.Size([4096]): 
The value is the same before and after calling `init_weights` of EncoderDecoder  

backbone.adapter.backbone.blocks.20.mlp.fc2.weight - torch.Size([1024, 4096]): 
The value is the same before and after calling `init_weights` of EncoderDecoder  

backbone.adapter.backbone.blocks.20.mlp.fc2.bias - torch.Size([1024]): 
The value is the same before and after calling `init_weights` of EncoderDecoder  

backbone.adapter.backbone.blocks.20.ls2.gamma - torch.Size([1024]): 
The value is the same before and after calling `init_weights` of EncoderDecoder  

backbone.adapter.backbone.blocks.21.norm1.weight - torch.Size([1024]): 
The value is the same before and after calling `init_weights` of EncoderDecoder  

backbone.adapter.backbone.blocks.21.norm1.bias - torch.Size([1024]): 
The value is the same before and after calling `init_weights` of EncoderDecoder  

backbone.adapter.backbone.blocks.21.attn.qkv.weight - torch.Size([3072, 1024]): 
The value is the same before and after calling `init_weights` of EncoderDecoder  

backbone.adapter.backbone.blocks.21.attn.qkv.bias - torch.Size([3072]): 
The value is the same before and after calling `init_weights` of EncoderDecoder  

backbone.adapter.backbone.blocks.21.attn.proj.weight - torch.Size([1024, 1024]): 
The value is the same before and after calling `init_weights` of EncoderDecoder  

backbone.adapter.backbone.blocks.21.attn.proj.bias - torch.Size([1024]): 
The value is the same before and after calling `init_weights` of EncoderDecoder  

backbone.adapter.backbone.blocks.21.ls1.gamma - torch.Size([1024]): 
The value is the same before and after calling `init_weights` of EncoderDecoder  

backbone.adapter.backbone.blocks.21.norm2.weight - torch.Size([1024]): 
The value is the same before and after calling `init_weights` of EncoderDecoder  

backbone.adapter.backbone.blocks.21.norm2.bias - torch.Size([1024]): 
The value is the same before and after calling `init_weights` of EncoderDecoder  

backbone.adapter.backbone.blocks.21.mlp.fc1.weight - torch.Size([4096, 1024]): 
The value is the same before and after calling `init_weights` of EncoderDecoder  

backbone.adapter.backbone.blocks.21.mlp.fc1.bias - torch.Size([4096]): 
The value is the same before and after calling `init_weights` of EncoderDecoder  

backbone.adapter.backbone.blocks.21.mlp.fc2.weight - torch.Size([1024, 4096]): 
The value is the same before and after calling `init_weights` of EncoderDecoder  

backbone.adapter.backbone.blocks.21.mlp.fc2.bias - torch.Size([1024]): 
The value is the same before and after calling `init_weights` of EncoderDecoder  

backbone.adapter.backbone.blocks.21.ls2.gamma - torch.Size([1024]): 
The value is the same before and after calling `init_weights` of EncoderDecoder  

backbone.adapter.backbone.blocks.22.norm1.weight - torch.Size([1024]): 
The value is the same before and after calling `init_weights` of EncoderDecoder  

backbone.adapter.backbone.blocks.22.norm1.bias - torch.Size([1024]): 
The value is the same before and after calling `init_weights` of EncoderDecoder  

backbone.adapter.backbone.blocks.22.attn.qkv.weight - torch.Size([3072, 1024]): 
The value is the same before and after calling `init_weights` of EncoderDecoder  

backbone.adapter.backbone.blocks.22.attn.qkv.bias - torch.Size([3072]): 
The value is the same before and after calling `init_weights` of EncoderDecoder  

backbone.adapter.backbone.blocks.22.attn.proj.weight - torch.Size([1024, 1024]): 
The value is the same before and after calling `init_weights` of EncoderDecoder  

backbone.adapter.backbone.blocks.22.attn.proj.bias - torch.Size([1024]): 
The value is the same before and after calling `init_weights` of EncoderDecoder  

backbone.adapter.backbone.blocks.22.ls1.gamma - torch.Size([1024]): 
The value is the same before and after calling `init_weights` of EncoderDecoder  

backbone.adapter.backbone.blocks.22.norm2.weight - torch.Size([1024]): 
The value is the same before and after calling `init_weights` of EncoderDecoder  

backbone.adapter.backbone.blocks.22.norm2.bias - torch.Size([1024]): 
The value is the same before and after calling `init_weights` of EncoderDecoder  

backbone.adapter.backbone.blocks.22.mlp.fc1.weight - torch.Size([4096, 1024]): 
The value is the same before and after calling `init_weights` of EncoderDecoder  

backbone.adapter.backbone.blocks.22.mlp.fc1.bias - torch.Size([4096]): 
The value is the same before and after calling `init_weights` of EncoderDecoder  

backbone.adapter.backbone.blocks.22.mlp.fc2.weight - torch.Size([1024, 4096]): 
The value is the same before and after calling `init_weights` of EncoderDecoder  

backbone.adapter.backbone.blocks.22.mlp.fc2.bias - torch.Size([1024]): 
The value is the same before and after calling `init_weights` of EncoderDecoder  

backbone.adapter.backbone.blocks.22.ls2.gamma - torch.Size([1024]): 
The value is the same before and after calling `init_weights` of EncoderDecoder  

backbone.adapter.backbone.blocks.23.norm1.weight - torch.Size([1024]): 
The value is the same before and after calling `init_weights` of EncoderDecoder  

backbone.adapter.backbone.blocks.23.norm1.bias - torch.Size([1024]): 
The value is the same before and after calling `init_weights` of EncoderDecoder  

backbone.adapter.backbone.blocks.23.attn.qkv.weight - torch.Size([3072, 1024]): 
The value is the same before and after calling `init_weights` of EncoderDecoder  

backbone.adapter.backbone.blocks.23.attn.qkv.bias - torch.Size([3072]): 
The value is the same before and after calling `init_weights` of EncoderDecoder  

backbone.adapter.backbone.blocks.23.attn.proj.weight - torch.Size([1024, 1024]): 
The value is the same before and after calling `init_weights` of EncoderDecoder  

backbone.adapter.backbone.blocks.23.attn.proj.bias - torch.Size([1024]): 
The value is the same before and after calling `init_weights` of EncoderDecoder  

backbone.adapter.backbone.blocks.23.ls1.gamma - torch.Size([1024]): 
The value is the same before and after calling `init_weights` of EncoderDecoder  

backbone.adapter.backbone.blocks.23.norm2.weight - torch.Size([1024]): 
The value is the same before and after calling `init_weights` of EncoderDecoder  

backbone.adapter.backbone.blocks.23.norm2.bias - torch.Size([1024]): 
The value is the same before and after calling `init_weights` of EncoderDecoder  

backbone.adapter.backbone.blocks.23.mlp.fc1.weight - torch.Size([4096, 1024]): 
The value is the same before and after calling `init_weights` of EncoderDecoder  

backbone.adapter.backbone.blocks.23.mlp.fc1.bias - torch.Size([4096]): 
The value is the same before and after calling `init_weights` of EncoderDecoder  

backbone.adapter.backbone.blocks.23.mlp.fc2.weight - torch.Size([1024, 4096]): 
The value is the same before and after calling `init_weights` of EncoderDecoder  

backbone.adapter.backbone.blocks.23.mlp.fc2.bias - torch.Size([1024]): 
The value is the same before and after calling `init_weights` of EncoderDecoder  

backbone.adapter.backbone.blocks.23.ls2.gamma - torch.Size([1024]): 
The value is the same before and after calling `init_weights` of EncoderDecoder  

backbone.adapter.backbone.norm.weight - torch.Size([1024]): 
The value is the same before and after calling `init_weights` of EncoderDecoder  

backbone.adapter.backbone.norm.bias - torch.Size([1024]): 
The value is the same before and after calling `init_weights` of EncoderDecoder  

backbone.adapter.spm.stem.0.weight - torch.Size([64, 10, 3, 3]): 
The value is the same before and after calling `init_weights` of EncoderDecoder  

backbone.adapter.spm.stem.1.weight - torch.Size([64]): 
The value is the same before and after calling `init_weights` of EncoderDecoder  

backbone.adapter.spm.stem.1.bias - torch.Size([64]): 
The value is the same before and after calling `init_weights` of EncoderDecoder  

backbone.adapter.spm.stem.3.weight - torch.Size([64, 64, 3, 3]): 
The value is the same before and after calling `init_weights` of EncoderDecoder  

backbone.adapter.spm.stem.4.weight - torch.Size([64]): 
The value is the same before and after calling `init_weights` of EncoderDecoder  

backbone.adapter.spm.stem.4.bias - torch.Size([64]): 
The value is the same before and after calling `init_weights` of EncoderDecoder  

backbone.adapter.spm.stem.6.weight - torch.Size([64, 64, 3, 3]): 
The value is the same before and after calling `init_weights` of EncoderDecoder  

backbone.adapter.spm.stem.7.weight - torch.Size([64]): 
The value is the same before and after calling `init_weights` of EncoderDecoder  

backbone.adapter.spm.stem.7.bias - torch.Size([64]): 
The value is the same before and after calling `init_weights` of EncoderDecoder  

backbone.adapter.spm.conv2.0.weight - torch.Size([128, 64, 3, 3]): 
The value is the same before and after calling `init_weights` of EncoderDecoder  

backbone.adapter.spm.conv2.1.weight - torch.Size([128]): 
The value is the same before and after calling `init_weights` of EncoderDecoder  

backbone.adapter.spm.conv2.1.bias - torch.Size([128]): 
The value is the same before and after calling `init_weights` of EncoderDecoder  

backbone.adapter.spm.conv3.0.weight - torch.Size([256, 128, 3, 3]): 
The value is the same before and after calling `init_weights` of EncoderDecoder  

backbone.adapter.spm.conv3.1.weight - torch.Size([256]): 
The value is the same before and after calling `init_weights` of EncoderDecoder  

backbone.adapter.spm.conv3.1.bias - torch.Size([256]): 
The value is the same before and after calling `init_weights` of EncoderDecoder  

backbone.adapter.spm.conv4.0.weight - torch.Size([256, 256, 3, 3]): 
The value is the same before and after calling `init_weights` of EncoderDecoder  

backbone.adapter.spm.conv4.1.weight - torch.Size([256]): 
The value is the same before and after calling `init_weights` of EncoderDecoder  

backbone.adapter.spm.conv4.1.bias - torch.Size([256]): 
The value is the same before and after calling `init_weights` of EncoderDecoder  

backbone.adapter.spm.fc1.weight - torch.Size([1024, 64, 1, 1]): 
The value is the same before and after calling `init_weights` of EncoderDecoder  

backbone.adapter.spm.fc1.bias - torch.Size([1024]): 
The value is the same before and after calling `init_weights` of EncoderDecoder  

backbone.adapter.spm.fc2.weight - torch.Size([1024, 128, 1, 1]): 
The value is the same before and after calling `init_weights` of EncoderDecoder  

backbone.adapter.spm.fc2.bias - torch.Size([1024]): 
The value is the same before and after calling `init_weights` of EncoderDecoder  

backbone.adapter.spm.fc3.weight - torch.Size([1024, 256, 1, 1]): 
The value is the same before and after calling `init_weights` of EncoderDecoder  

backbone.adapter.spm.fc3.bias - torch.Size([1024]): 
The value is the same before and after calling `init_weights` of EncoderDecoder  

backbone.adapter.spm.fc4.weight - torch.Size([1024, 256, 1, 1]): 
The value is the same before and after calling `init_weights` of EncoderDecoder  

backbone.adapter.spm.fc4.bias - torch.Size([1024]): 
The value is the same before and after calling `init_weights` of EncoderDecoder  

backbone.adapter.interactions.0.extractor.query_norm.weight - torch.Size([1024]): 
The value is the same before and after calling `init_weights` of EncoderDecoder  

backbone.adapter.interactions.0.extractor.query_norm.bias - torch.Size([1024]): 
The value is the same before and after calling `init_weights` of EncoderDecoder  

backbone.adapter.interactions.0.extractor.feat_norm.weight - torch.Size([1024]): 
The value is the same before and after calling `init_weights` of EncoderDecoder  

backbone.adapter.interactions.0.extractor.feat_norm.bias - torch.Size([1024]): 
The value is the same before and after calling `init_weights` of EncoderDecoder  

backbone.adapter.interactions.0.extractor.attn.attn.sampling_offsets.weight - torch.Size([128, 1024]): 
The value is the same before and after calling `init_weights` of EncoderDecoder  

backbone.adapter.interactions.0.extractor.attn.attn.sampling_offsets.bias - torch.Size([128]): 
The value is the same before and after calling `init_weights` of EncoderDecoder  

backbone.adapter.interactions.0.extractor.attn.attn.attention_weights.weight - torch.Size([64, 1024]): 
The value is the same before and after calling `init_weights` of EncoderDecoder  

backbone.adapter.interactions.0.extractor.attn.attn.attention_weights.bias - torch.Size([64]): 
The value is the same before and after calling `init_weights` of EncoderDecoder  

backbone.adapter.interactions.0.extractor.attn.attn.value_proj.weight - torch.Size([1024, 1024]): 
The value is the same before and after calling `init_weights` of EncoderDecoder  

backbone.adapter.interactions.0.extractor.attn.attn.value_proj.bias - torch.Size([1024]): 
The value is the same before and after calling `init_weights` of EncoderDecoder  

backbone.adapter.interactions.0.extractor.attn.attn.output_proj.weight - torch.Size([1024, 1024]): 
The value is the same before and after calling `init_weights` of EncoderDecoder  

backbone.adapter.interactions.0.extractor.attn.attn.output_proj.bias - torch.Size([1024]): 
The value is the same before and after calling `init_weights` of EncoderDecoder  

backbone.adapter.interactions.0.extractor.ffn.fc1.weight - torch.Size([256, 1024]): 
The value is the same before and after calling `init_weights` of EncoderDecoder  

backbone.adapter.interactions.0.extractor.ffn.fc1.bias - torch.Size([256]): 
The value is the same before and after calling `init_weights` of EncoderDecoder  

backbone.adapter.interactions.0.extractor.ffn.dwconv.dwconv.weight - torch.Size([256, 1, 3, 3]): 
The value is the same before and after calling `init_weights` of EncoderDecoder  

backbone.adapter.interactions.0.extractor.ffn.dwconv.dwconv.bias - torch.Size([256]): 
The value is the same before and after calling `init_weights` of EncoderDecoder  

backbone.adapter.interactions.0.extractor.ffn.fc2.weight - torch.Size([1024, 256]): 
The value is the same before and after calling `init_weights` of EncoderDecoder  

backbone.adapter.interactions.0.extractor.ffn.fc2.bias - torch.Size([1024]): 
The value is the same before and after calling `init_weights` of EncoderDecoder  

backbone.adapter.interactions.0.extractor.ffn_norm.weight - torch.Size([1024]): 
The value is the same before and after calling `init_weights` of EncoderDecoder  

backbone.adapter.interactions.0.extractor.ffn_norm.bias - torch.Size([1024]): 
The value is the same before and after calling `init_weights` of EncoderDecoder  

backbone.adapter.interactions.1.extractor.query_norm.weight - torch.Size([1024]): 
The value is the same before and after calling `init_weights` of EncoderDecoder  

backbone.adapter.interactions.1.extractor.query_norm.bias - torch.Size([1024]): 
The value is the same before and after calling `init_weights` of EncoderDecoder  

backbone.adapter.interactions.1.extractor.feat_norm.weight - torch.Size([1024]): 
The value is the same before and after calling `init_weights` of EncoderDecoder  

backbone.adapter.interactions.1.extractor.feat_norm.bias - torch.Size([1024]): 
The value is the same before and after calling `init_weights` of EncoderDecoder  

backbone.adapter.interactions.1.extractor.attn.attn.sampling_offsets.weight - torch.Size([128, 1024]): 
The value is the same before and after calling `init_weights` of EncoderDecoder  

backbone.adapter.interactions.1.extractor.attn.attn.sampling_offsets.bias - torch.Size([128]): 
The value is the same before and after calling `init_weights` of EncoderDecoder  

backbone.adapter.interactions.1.extractor.attn.attn.attention_weights.weight - torch.Size([64, 1024]): 
The value is the same before and after calling `init_weights` of EncoderDecoder  

backbone.adapter.interactions.1.extractor.attn.attn.attention_weights.bias - torch.Size([64]): 
The value is the same before and after calling `init_weights` of EncoderDecoder  

backbone.adapter.interactions.1.extractor.attn.attn.value_proj.weight - torch.Size([1024, 1024]): 
The value is the same before and after calling `init_weights` of EncoderDecoder  

backbone.adapter.interactions.1.extractor.attn.attn.value_proj.bias - torch.Size([1024]): 
The value is the same before and after calling `init_weights` of EncoderDecoder  

backbone.adapter.interactions.1.extractor.attn.attn.output_proj.weight - torch.Size([1024, 1024]): 
The value is the same before and after calling `init_weights` of EncoderDecoder  

backbone.adapter.interactions.1.extractor.attn.attn.output_proj.bias - torch.Size([1024]): 
The value is the same before and after calling `init_weights` of EncoderDecoder  

backbone.adapter.interactions.1.extractor.ffn.fc1.weight - torch.Size([256, 1024]): 
The value is the same before and after calling `init_weights` of EncoderDecoder  

backbone.adapter.interactions.1.extractor.ffn.fc1.bias - torch.Size([256]): 
The value is the same before and after calling `init_weights` of EncoderDecoder  

backbone.adapter.interactions.1.extractor.ffn.dwconv.dwconv.weight - torch.Size([256, 1, 3, 3]): 
The value is the same before and after calling `init_weights` of EncoderDecoder  

backbone.adapter.interactions.1.extractor.ffn.dwconv.dwconv.bias - torch.Size([256]): 
The value is the same before and after calling `init_weights` of EncoderDecoder  

backbone.adapter.interactions.1.extractor.ffn.fc2.weight - torch.Size([1024, 256]): 
The value is the same before and after calling `init_weights` of EncoderDecoder  

backbone.adapter.interactions.1.extractor.ffn.fc2.bias - torch.Size([1024]): 
The value is the same before and after calling `init_weights` of EncoderDecoder  

backbone.adapter.interactions.1.extractor.ffn_norm.weight - torch.Size([1024]): 
The value is the same before and after calling `init_weights` of EncoderDecoder  

backbone.adapter.interactions.1.extractor.ffn_norm.bias - torch.Size([1024]): 
The value is the same before and after calling `init_weights` of EncoderDecoder  

backbone.adapter.interactions.2.extractor.query_norm.weight - torch.Size([1024]): 
The value is the same before and after calling `init_weights` of EncoderDecoder  

backbone.adapter.interactions.2.extractor.query_norm.bias - torch.Size([1024]): 
The value is the same before and after calling `init_weights` of EncoderDecoder  

backbone.adapter.interactions.2.extractor.feat_norm.weight - torch.Size([1024]): 
The value is the same before and after calling `init_weights` of EncoderDecoder  

backbone.adapter.interactions.2.extractor.feat_norm.bias - torch.Size([1024]): 
The value is the same before and after calling `init_weights` of EncoderDecoder  

backbone.adapter.interactions.2.extractor.attn.attn.sampling_offsets.weight - torch.Size([128, 1024]): 
The value is the same before and after calling `init_weights` of EncoderDecoder  

backbone.adapter.interactions.2.extractor.attn.attn.sampling_offsets.bias - torch.Size([128]): 
The value is the same before and after calling `init_weights` of EncoderDecoder  

backbone.adapter.interactions.2.extractor.attn.attn.attention_weights.weight - torch.Size([64, 1024]): 
The value is the same before and after calling `init_weights` of EncoderDecoder  

backbone.adapter.interactions.2.extractor.attn.attn.attention_weights.bias - torch.Size([64]): 
The value is the same before and after calling `init_weights` of EncoderDecoder  

backbone.adapter.interactions.2.extractor.attn.attn.value_proj.weight - torch.Size([1024, 1024]): 
The value is the same before and after calling `init_weights` of EncoderDecoder  

backbone.adapter.interactions.2.extractor.attn.attn.value_proj.bias - torch.Size([1024]): 
The value is the same before and after calling `init_weights` of EncoderDecoder  

backbone.adapter.interactions.2.extractor.attn.attn.output_proj.weight - torch.Size([1024, 1024]): 
The value is the same before and after calling `init_weights` of EncoderDecoder  

backbone.adapter.interactions.2.extractor.attn.attn.output_proj.bias - torch.Size([1024]): 
The value is the same before and after calling `init_weights` of EncoderDecoder  

backbone.adapter.interactions.2.extractor.ffn.fc1.weight - torch.Size([256, 1024]): 
The value is the same before and after calling `init_weights` of EncoderDecoder  

backbone.adapter.interactions.2.extractor.ffn.fc1.bias - torch.Size([256]): 
The value is the same before and after calling `init_weights` of EncoderDecoder  

backbone.adapter.interactions.2.extractor.ffn.dwconv.dwconv.weight - torch.Size([256, 1, 3, 3]): 
The value is the same before and after calling `init_weights` of EncoderDecoder  

backbone.adapter.interactions.2.extractor.ffn.dwconv.dwconv.bias - torch.Size([256]): 
The value is the same before and after calling `init_weights` of EncoderDecoder  

backbone.adapter.interactions.2.extractor.ffn.fc2.weight - torch.Size([1024, 256]): 
The value is the same before and after calling `init_weights` of EncoderDecoder  

backbone.adapter.interactions.2.extractor.ffn.fc2.bias - torch.Size([1024]): 
The value is the same before and after calling `init_weights` of EncoderDecoder  

backbone.adapter.interactions.2.extractor.ffn_norm.weight - torch.Size([1024]): 
The value is the same before and after calling `init_weights` of EncoderDecoder  

backbone.adapter.interactions.2.extractor.ffn_norm.bias - torch.Size([1024]): 
The value is the same before and after calling `init_weights` of EncoderDecoder  

backbone.adapter.interactions.3.extractor.query_norm.weight - torch.Size([1024]): 
The value is the same before and after calling `init_weights` of EncoderDecoder  

backbone.adapter.interactions.3.extractor.query_norm.bias - torch.Size([1024]): 
The value is the same before and after calling `init_weights` of EncoderDecoder  

backbone.adapter.interactions.3.extractor.feat_norm.weight - torch.Size([1024]): 
The value is the same before and after calling `init_weights` of EncoderDecoder  

backbone.adapter.interactions.3.extractor.feat_norm.bias - torch.Size([1024]): 
The value is the same before and after calling `init_weights` of EncoderDecoder  

backbone.adapter.interactions.3.extractor.attn.attn.sampling_offsets.weight - torch.Size([128, 1024]): 
The value is the same before and after calling `init_weights` of EncoderDecoder  

backbone.adapter.interactions.3.extractor.attn.attn.sampling_offsets.bias - torch.Size([128]): 
The value is the same before and after calling `init_weights` of EncoderDecoder  

backbone.adapter.interactions.3.extractor.attn.attn.attention_weights.weight - torch.Size([64, 1024]): 
The value is the same before and after calling `init_weights` of EncoderDecoder  

backbone.adapter.interactions.3.extractor.attn.attn.attention_weights.bias - torch.Size([64]): 
The value is the same before and after calling `init_weights` of EncoderDecoder  

backbone.adapter.interactions.3.extractor.attn.attn.value_proj.weight - torch.Size([1024, 1024]): 
The value is the same before and after calling `init_weights` of EncoderDecoder  

backbone.adapter.interactions.3.extractor.attn.attn.value_proj.bias - torch.Size([1024]): 
The value is the same before and after calling `init_weights` of EncoderDecoder  

backbone.adapter.interactions.3.extractor.attn.attn.output_proj.weight - torch.Size([1024, 1024]): 
The value is the same before and after calling `init_weights` of EncoderDecoder  

backbone.adapter.interactions.3.extractor.attn.attn.output_proj.bias - torch.Size([1024]): 
The value is the same before and after calling `init_weights` of EncoderDecoder  

backbone.adapter.interactions.3.extractor.ffn.fc1.weight - torch.Size([256, 1024]): 
The value is the same before and after calling `init_weights` of EncoderDecoder  

backbone.adapter.interactions.3.extractor.ffn.fc1.bias - torch.Size([256]): 
The value is the same before and after calling `init_weights` of EncoderDecoder  

backbone.adapter.interactions.3.extractor.ffn.dwconv.dwconv.weight - torch.Size([256, 1, 3, 3]): 
The value is the same before and after calling `init_weights` of EncoderDecoder  

backbone.adapter.interactions.3.extractor.ffn.dwconv.dwconv.bias - torch.Size([256]): 
The value is the same before and after calling `init_weights` of EncoderDecoder  

backbone.adapter.interactions.3.extractor.ffn.fc2.weight - torch.Size([1024, 256]): 
The value is the same before and after calling `init_weights` of EncoderDecoder  

backbone.adapter.interactions.3.extractor.ffn.fc2.bias - torch.Size([1024]): 
The value is the same before and after calling `init_weights` of EncoderDecoder  

backbone.adapter.interactions.3.extractor.ffn_norm.weight - torch.Size([1024]): 
The value is the same before and after calling `init_weights` of EncoderDecoder  

backbone.adapter.interactions.3.extractor.ffn_norm.bias - torch.Size([1024]): 
The value is the same before and after calling `init_weights` of EncoderDecoder  

backbone.adapter.interactions.3.extra_extractors.0.query_norm.weight - torch.Size([1024]): 
The value is the same before and after calling `init_weights` of EncoderDecoder  

backbone.adapter.interactions.3.extra_extractors.0.query_norm.bias - torch.Size([1024]): 
The value is the same before and after calling `init_weights` of EncoderDecoder  

backbone.adapter.interactions.3.extra_extractors.0.feat_norm.weight - torch.Size([1024]): 
The value is the same before and after calling `init_weights` of EncoderDecoder  

backbone.adapter.interactions.3.extra_extractors.0.feat_norm.bias - torch.Size([1024]): 
The value is the same before and after calling `init_weights` of EncoderDecoder  

backbone.adapter.interactions.3.extra_extractors.0.attn.attn.sampling_offsets.weight - torch.Size([128, 1024]): 
The value is the same before and after calling `init_weights` of EncoderDecoder  

backbone.adapter.interactions.3.extra_extractors.0.attn.attn.sampling_offsets.bias - torch.Size([128]): 
The value is the same before and after calling `init_weights` of EncoderDecoder  

backbone.adapter.interactions.3.extra_extractors.0.attn.attn.attention_weights.weight - torch.Size([64, 1024]): 
The value is the same before and after calling `init_weights` of EncoderDecoder  

backbone.adapter.interactions.3.extra_extractors.0.attn.attn.attention_weights.bias - torch.Size([64]): 
The value is the same before and after calling `init_weights` of EncoderDecoder  

backbone.adapter.interactions.3.extra_extractors.0.attn.attn.value_proj.weight - torch.Size([1024, 1024]): 
The value is the same before and after calling `init_weights` of EncoderDecoder  

backbone.adapter.interactions.3.extra_extractors.0.attn.attn.value_proj.bias - torch.Size([1024]): 
The value is the same before and after calling `init_weights` of EncoderDecoder  

backbone.adapter.interactions.3.extra_extractors.0.attn.attn.output_proj.weight - torch.Size([1024, 1024]): 
The value is the same before and after calling `init_weights` of EncoderDecoder  

backbone.adapter.interactions.3.extra_extractors.0.attn.attn.output_proj.bias - torch.Size([1024]): 
The value is the same before and after calling `init_weights` of EncoderDecoder  

backbone.adapter.interactions.3.extra_extractors.0.ffn.fc1.weight - torch.Size([256, 1024]): 
The value is the same before and after calling `init_weights` of EncoderDecoder  

backbone.adapter.interactions.3.extra_extractors.0.ffn.fc1.bias - torch.Size([256]): 
The value is the same before and after calling `init_weights` of EncoderDecoder  

backbone.adapter.interactions.3.extra_extractors.0.ffn.dwconv.dwconv.weight - torch.Size([256, 1, 3, 3]): 
The value is the same before and after calling `init_weights` of EncoderDecoder  

backbone.adapter.interactions.3.extra_extractors.0.ffn.dwconv.dwconv.bias - torch.Size([256]): 
The value is the same before and after calling `init_weights` of EncoderDecoder  

backbone.adapter.interactions.3.extra_extractors.0.ffn.fc2.weight - torch.Size([1024, 256]): 
The value is the same before and after calling `init_weights` of EncoderDecoder  

backbone.adapter.interactions.3.extra_extractors.0.ffn.fc2.bias - torch.Size([1024]): 
The value is the same before and after calling `init_weights` of EncoderDecoder  

backbone.adapter.interactions.3.extra_extractors.0.ffn_norm.weight - torch.Size([1024]): 
The value is the same before and after calling `init_weights` of EncoderDecoder  

backbone.adapter.interactions.3.extra_extractors.0.ffn_norm.bias - torch.Size([1024]): 
The value is the same before and after calling `init_weights` of EncoderDecoder  

backbone.adapter.interactions.3.extra_extractors.1.query_norm.weight - torch.Size([1024]): 
The value is the same before and after calling `init_weights` of EncoderDecoder  

backbone.adapter.interactions.3.extra_extractors.1.query_norm.bias - torch.Size([1024]): 
The value is the same before and after calling `init_weights` of EncoderDecoder  

backbone.adapter.interactions.3.extra_extractors.1.feat_norm.weight - torch.Size([1024]): 
The value is the same before and after calling `init_weights` of EncoderDecoder  

backbone.adapter.interactions.3.extra_extractors.1.feat_norm.bias - torch.Size([1024]): 
The value is the same before and after calling `init_weights` of EncoderDecoder  

backbone.adapter.interactions.3.extra_extractors.1.attn.attn.sampling_offsets.weight - torch.Size([128, 1024]): 
The value is the same before and after calling `init_weights` of EncoderDecoder  

backbone.adapter.interactions.3.extra_extractors.1.attn.attn.sampling_offsets.bias - torch.Size([128]): 
The value is the same before and after calling `init_weights` of EncoderDecoder  

backbone.adapter.interactions.3.extra_extractors.1.attn.attn.attention_weights.weight - torch.Size([64, 1024]): 
The value is the same before and after calling `init_weights` of EncoderDecoder  

backbone.adapter.interactions.3.extra_extractors.1.attn.attn.attention_weights.bias - torch.Size([64]): 
The value is the same before and after calling `init_weights` of EncoderDecoder  

backbone.adapter.interactions.3.extra_extractors.1.attn.attn.value_proj.weight - torch.Size([1024, 1024]): 
The value is the same before and after calling `init_weights` of EncoderDecoder  

backbone.adapter.interactions.3.extra_extractors.1.attn.attn.value_proj.bias - torch.Size([1024]): 
The value is the same before and after calling `init_weights` of EncoderDecoder  

backbone.adapter.interactions.3.extra_extractors.1.attn.attn.output_proj.weight - torch.Size([1024, 1024]): 
The value is the same before and after calling `init_weights` of EncoderDecoder  

backbone.adapter.interactions.3.extra_extractors.1.attn.attn.output_proj.bias - torch.Size([1024]): 
The value is the same before and after calling `init_weights` of EncoderDecoder  

backbone.adapter.interactions.3.extra_extractors.1.ffn.fc1.weight - torch.Size([256, 1024]): 
The value is the same before and after calling `init_weights` of EncoderDecoder  

backbone.adapter.interactions.3.extra_extractors.1.ffn.fc1.bias - torch.Size([256]): 
The value is the same before and after calling `init_weights` of EncoderDecoder  

backbone.adapter.interactions.3.extra_extractors.1.ffn.dwconv.dwconv.weight - torch.Size([256, 1, 3, 3]): 
The value is the same before and after calling `init_weights` of EncoderDecoder  

backbone.adapter.interactions.3.extra_extractors.1.ffn.dwconv.dwconv.bias - torch.Size([256]): 
The value is the same before and after calling `init_weights` of EncoderDecoder  

backbone.adapter.interactions.3.extra_extractors.1.ffn.fc2.weight - torch.Size([1024, 256]): 
The value is the same before and after calling `init_weights` of EncoderDecoder  

backbone.adapter.interactions.3.extra_extractors.1.ffn.fc2.bias - torch.Size([1024]): 
The value is the same before and after calling `init_weights` of EncoderDecoder  

backbone.adapter.interactions.3.extra_extractors.1.ffn_norm.weight - torch.Size([1024]): 
The value is the same before and after calling `init_weights` of EncoderDecoder  

backbone.adapter.interactions.3.extra_extractors.1.ffn_norm.bias - torch.Size([1024]): 
The value is the same before and after calling `init_weights` of EncoderDecoder  

backbone.adapter.up.weight - torch.Size([1024, 1024, 2, 2]): 
The value is the same before and after calling `init_weights` of EncoderDecoder  

backbone.adapter.up.bias - torch.Size([1024]): 
The value is the same before and after calling `init_weights` of EncoderDecoder  

backbone.adapter.norm1.weight - torch.Size([1024]): 
The value is the same before and after calling `init_weights` of EncoderDecoder  

backbone.adapter.norm1.bias - torch.Size([1024]): 
The value is the same before and after calling `init_weights` of EncoderDecoder  

backbone.adapter.norm2.weight - torch.Size([1024]): 
The value is the same before and after calling `init_weights` of EncoderDecoder  

backbone.adapter.norm2.bias - torch.Size([1024]): 
The value is the same before and after calling `init_weights` of EncoderDecoder  

backbone.adapter.norm3.weight - torch.Size([1024]): 
The value is the same before and after calling `init_weights` of EncoderDecoder  

backbone.adapter.norm3.bias - torch.Size([1024]): 
The value is the same before and after calling `init_weights` of EncoderDecoder  

backbone.adapter.norm4.weight - torch.Size([1024]): 
The value is the same before and after calling `init_weights` of EncoderDecoder  

backbone.adapter.norm4.bias - torch.Size([1024]): 
The value is the same before and after calling `init_weights` of EncoderDecoder  

decode_head.pixel_decoder.input_convs.0.conv.weight - torch.Size([256, 1024, 1, 1]): 
Initialized by user-defined `init_weights` in Mask2FormerHead  

decode_head.pixel_decoder.input_convs.0.conv.bias - torch.Size([256]): 
The value is the same before and after calling `init_weights` of EncoderDecoder  

decode_head.pixel_decoder.input_convs.0.gn.weight - torch.Size([256]): 
The value is the same before and after calling `init_weights` of EncoderDecoder  

decode_head.pixel_decoder.input_convs.0.gn.bias - torch.Size([256]): 
The value is the same before and after calling `init_weights` of EncoderDecoder  

decode_head.pixel_decoder.input_convs.1.conv.weight - torch.Size([256, 1024, 1, 1]): 
Initialized by user-defined `init_weights` in Mask2FormerHead  

decode_head.pixel_decoder.input_convs.1.conv.bias - torch.Size([256]): 
The value is the same before and after calling `init_weights` of EncoderDecoder  

decode_head.pixel_decoder.input_convs.1.gn.weight - torch.Size([256]): 
The value is the same before and after calling `init_weights` of EncoderDecoder  

decode_head.pixel_decoder.input_convs.1.gn.bias - torch.Size([256]): 
The value is the same before and after calling `init_weights` of EncoderDecoder  

decode_head.pixel_decoder.input_convs.2.conv.weight - torch.Size([256, 1024, 1, 1]): 
Initialized by user-defined `init_weights` in Mask2FormerHead  

decode_head.pixel_decoder.input_convs.2.conv.bias - torch.Size([256]): 
The value is the same before and after calling `init_weights` of EncoderDecoder  

decode_head.pixel_decoder.input_convs.2.gn.weight - torch.Size([256]): 
The value is the same before and after calling `init_weights` of EncoderDecoder  

decode_head.pixel_decoder.input_convs.2.gn.bias - torch.Size([256]): 
The value is the same before and after calling `init_weights` of EncoderDecoder  

decode_head.pixel_decoder.encoder.layers.0.self_attn.sampling_offsets.weight - torch.Size([192, 256]): 
The value is the same before and after calling `init_weights` of EncoderDecoder  

decode_head.pixel_decoder.encoder.layers.0.self_attn.sampling_offsets.bias - torch.Size([192]): 
Initialized by user-defined `init_weights` in Mask2FormerHead  

decode_head.pixel_decoder.encoder.layers.0.self_attn.attention_weights.weight - torch.Size([96, 256]): 
The value is the same before and after calling `init_weights` of EncoderDecoder  

decode_head.pixel_decoder.encoder.layers.0.self_attn.attention_weights.bias - torch.Size([96]): 
The value is the same before and after calling `init_weights` of EncoderDecoder  

decode_head.pixel_decoder.encoder.layers.0.self_attn.value_proj.weight - torch.Size([256, 256]): 
Initialized by user-defined `init_weights` in Mask2FormerHead  

decode_head.pixel_decoder.encoder.layers.0.self_attn.value_proj.bias - torch.Size([256]): 
The value is the same before and after calling `init_weights` of EncoderDecoder  

decode_head.pixel_decoder.encoder.layers.0.self_attn.output_proj.weight - torch.Size([256, 256]): 
Initialized by user-defined `init_weights` in Mask2FormerHead  

decode_head.pixel_decoder.encoder.layers.0.self_attn.output_proj.bias - torch.Size([256]): 
The value is the same before and after calling `init_weights` of EncoderDecoder  

decode_head.pixel_decoder.encoder.layers.0.ffn.layers.0.0.weight - torch.Size([1024, 256]): 
Initialized by user-defined `init_weights` in Mask2FormerHead  

decode_head.pixel_decoder.encoder.layers.0.ffn.layers.0.0.bias - torch.Size([1024]): 
The value is the same before and after calling `init_weights` of EncoderDecoder  

decode_head.pixel_decoder.encoder.layers.0.ffn.layers.1.weight - torch.Size([256, 1024]): 
Initialized by user-defined `init_weights` in Mask2FormerHead  

decode_head.pixel_decoder.encoder.layers.0.ffn.layers.1.bias - torch.Size([256]): 
The value is the same before and after calling `init_weights` of EncoderDecoder  

decode_head.pixel_decoder.encoder.layers.0.norms.0.weight - torch.Size([256]): 
The value is the same before and after calling `init_weights` of EncoderDecoder  

decode_head.pixel_decoder.encoder.layers.0.norms.0.bias - torch.Size([256]): 
The value is the same before and after calling `init_weights` of EncoderDecoder  

decode_head.pixel_decoder.encoder.layers.0.norms.1.weight - torch.Size([256]): 
The value is the same before and after calling `init_weights` of EncoderDecoder  

decode_head.pixel_decoder.encoder.layers.0.norms.1.bias - torch.Size([256]): 
The value is the same before and after calling `init_weights` of EncoderDecoder  

decode_head.pixel_decoder.encoder.layers.1.self_attn.sampling_offsets.weight - torch.Size([192, 256]): 
The value is the same before and after calling `init_weights` of EncoderDecoder  

decode_head.pixel_decoder.encoder.layers.1.self_attn.sampling_offsets.bias - torch.Size([192]): 
Initialized by user-defined `init_weights` in Mask2FormerHead  

decode_head.pixel_decoder.encoder.layers.1.self_attn.attention_weights.weight - torch.Size([96, 256]): 
The value is the same before and after calling `init_weights` of EncoderDecoder  

decode_head.pixel_decoder.encoder.layers.1.self_attn.attention_weights.bias - torch.Size([96]): 
The value is the same before and after calling `init_weights` of EncoderDecoder  

decode_head.pixel_decoder.encoder.layers.1.self_attn.value_proj.weight - torch.Size([256, 256]): 
Initialized by user-defined `init_weights` in Mask2FormerHead  

decode_head.pixel_decoder.encoder.layers.1.self_attn.value_proj.bias - torch.Size([256]): 
The value is the same before and after calling `init_weights` of EncoderDecoder  

decode_head.pixel_decoder.encoder.layers.1.self_attn.output_proj.weight - torch.Size([256, 256]): 
Initialized by user-defined `init_weights` in Mask2FormerHead  

decode_head.pixel_decoder.encoder.layers.1.self_attn.output_proj.bias - torch.Size([256]): 
The value is the same before and after calling `init_weights` of EncoderDecoder  

decode_head.pixel_decoder.encoder.layers.1.ffn.layers.0.0.weight - torch.Size([1024, 256]): 
Initialized by user-defined `init_weights` in Mask2FormerHead  

decode_head.pixel_decoder.encoder.layers.1.ffn.layers.0.0.bias - torch.Size([1024]): 
The value is the same before and after calling `init_weights` of EncoderDecoder  

decode_head.pixel_decoder.encoder.layers.1.ffn.layers.1.weight - torch.Size([256, 1024]): 
Initialized by user-defined `init_weights` in Mask2FormerHead  

decode_head.pixel_decoder.encoder.layers.1.ffn.layers.1.bias - torch.Size([256]): 
The value is the same before and after calling `init_weights` of EncoderDecoder  

decode_head.pixel_decoder.encoder.layers.1.norms.0.weight - torch.Size([256]): 
The value is the same before and after calling `init_weights` of EncoderDecoder  

decode_head.pixel_decoder.encoder.layers.1.norms.0.bias - torch.Size([256]): 
The value is the same before and after calling `init_weights` of EncoderDecoder  

decode_head.pixel_decoder.encoder.layers.1.norms.1.weight - torch.Size([256]): 
The value is the same before and after calling `init_weights` of EncoderDecoder  

decode_head.pixel_decoder.encoder.layers.1.norms.1.bias - torch.Size([256]): 
The value is the same before and after calling `init_weights` of EncoderDecoder  

decode_head.pixel_decoder.encoder.layers.2.self_attn.sampling_offsets.weight - torch.Size([192, 256]): 
The value is the same before and after calling `init_weights` of EncoderDecoder  

decode_head.pixel_decoder.encoder.layers.2.self_attn.sampling_offsets.bias - torch.Size([192]): 
Initialized by user-defined `init_weights` in Mask2FormerHead  

decode_head.pixel_decoder.encoder.layers.2.self_attn.attention_weights.weight - torch.Size([96, 256]): 
The value is the same before and after calling `init_weights` of EncoderDecoder  

decode_head.pixel_decoder.encoder.layers.2.self_attn.attention_weights.bias - torch.Size([96]): 
The value is the same before and after calling `init_weights` of EncoderDecoder  

decode_head.pixel_decoder.encoder.layers.2.self_attn.value_proj.weight - torch.Size([256, 256]): 
Initialized by user-defined `init_weights` in Mask2FormerHead  

decode_head.pixel_decoder.encoder.layers.2.self_attn.value_proj.bias - torch.Size([256]): 
The value is the same before and after calling `init_weights` of EncoderDecoder  

decode_head.pixel_decoder.encoder.layers.2.self_attn.output_proj.weight - torch.Size([256, 256]): 
Initialized by user-defined `init_weights` in Mask2FormerHead  

decode_head.pixel_decoder.encoder.layers.2.self_attn.output_proj.bias - torch.Size([256]): 
The value is the same before and after calling `init_weights` of EncoderDecoder  

decode_head.pixel_decoder.encoder.layers.2.ffn.layers.0.0.weight - torch.Size([1024, 256]): 
Initialized by user-defined `init_weights` in Mask2FormerHead  

decode_head.pixel_decoder.encoder.layers.2.ffn.layers.0.0.bias - torch.Size([1024]): 
The value is the same before and after calling `init_weights` of EncoderDecoder  

decode_head.pixel_decoder.encoder.layers.2.ffn.layers.1.weight - torch.Size([256, 1024]): 
Initialized by user-defined `init_weights` in Mask2FormerHead  

decode_head.pixel_decoder.encoder.layers.2.ffn.layers.1.bias - torch.Size([256]): 
The value is the same before and after calling `init_weights` of EncoderDecoder  

decode_head.pixel_decoder.encoder.layers.2.norms.0.weight - torch.Size([256]): 
The value is the same before and after calling `init_weights` of EncoderDecoder  

decode_head.pixel_decoder.encoder.layers.2.norms.0.bias - torch.Size([256]): 
The value is the same before and after calling `init_weights` of EncoderDecoder  

decode_head.pixel_decoder.encoder.layers.2.norms.1.weight - torch.Size([256]): 
The value is the same before and after calling `init_weights` of EncoderDecoder  

decode_head.pixel_decoder.encoder.layers.2.norms.1.bias - torch.Size([256]): 
The value is the same before and after calling `init_weights` of EncoderDecoder  

decode_head.pixel_decoder.encoder.layers.3.self_attn.sampling_offsets.weight - torch.Size([192, 256]): 
The value is the same before and after calling `init_weights` of EncoderDecoder  

decode_head.pixel_decoder.encoder.layers.3.self_attn.sampling_offsets.bias - torch.Size([192]): 
Initialized by user-defined `init_weights` in Mask2FormerHead  

decode_head.pixel_decoder.encoder.layers.3.self_attn.attention_weights.weight - torch.Size([96, 256]): 
The value is the same before and after calling `init_weights` of EncoderDecoder  

decode_head.pixel_decoder.encoder.layers.3.self_attn.attention_weights.bias - torch.Size([96]): 
The value is the same before and after calling `init_weights` of EncoderDecoder  

decode_head.pixel_decoder.encoder.layers.3.self_attn.value_proj.weight - torch.Size([256, 256]): 
Initialized by user-defined `init_weights` in Mask2FormerHead  

decode_head.pixel_decoder.encoder.layers.3.self_attn.value_proj.bias - torch.Size([256]): 
The value is the same before and after calling `init_weights` of EncoderDecoder  

decode_head.pixel_decoder.encoder.layers.3.self_attn.output_proj.weight - torch.Size([256, 256]): 
Initialized by user-defined `init_weights` in Mask2FormerHead  

decode_head.pixel_decoder.encoder.layers.3.self_attn.output_proj.bias - torch.Size([256]): 
The value is the same before and after calling `init_weights` of EncoderDecoder  

decode_head.pixel_decoder.encoder.layers.3.ffn.layers.0.0.weight - torch.Size([1024, 256]): 
Initialized by user-defined `init_weights` in Mask2FormerHead  

decode_head.pixel_decoder.encoder.layers.3.ffn.layers.0.0.bias - torch.Size([1024]): 
The value is the same before and after calling `init_weights` of EncoderDecoder  

decode_head.pixel_decoder.encoder.layers.3.ffn.layers.1.weight - torch.Size([256, 1024]): 
Initialized by user-defined `init_weights` in Mask2FormerHead  

decode_head.pixel_decoder.encoder.layers.3.ffn.layers.1.bias - torch.Size([256]): 
The value is the same before and after calling `init_weights` of EncoderDecoder  

decode_head.pixel_decoder.encoder.layers.3.norms.0.weight - torch.Size([256]): 
The value is the same before and after calling `init_weights` of EncoderDecoder  

decode_head.pixel_decoder.encoder.layers.3.norms.0.bias - torch.Size([256]): 
The value is the same before and after calling `init_weights` of EncoderDecoder  

decode_head.pixel_decoder.encoder.layers.3.norms.1.weight - torch.Size([256]): 
The value is the same before and after calling `init_weights` of EncoderDecoder  

decode_head.pixel_decoder.encoder.layers.3.norms.1.bias - torch.Size([256]): 
The value is the same before and after calling `init_weights` of EncoderDecoder  

decode_head.pixel_decoder.encoder.layers.4.self_attn.sampling_offsets.weight - torch.Size([192, 256]): 
The value is the same before and after calling `init_weights` of EncoderDecoder  

decode_head.pixel_decoder.encoder.layers.4.self_attn.sampling_offsets.bias - torch.Size([192]): 
Initialized by user-defined `init_weights` in Mask2FormerHead  

decode_head.pixel_decoder.encoder.layers.4.self_attn.attention_weights.weight - torch.Size([96, 256]): 
The value is the same before and after calling `init_weights` of EncoderDecoder  

decode_head.pixel_decoder.encoder.layers.4.self_attn.attention_weights.bias - torch.Size([96]): 
The value is the same before and after calling `init_weights` of EncoderDecoder  

decode_head.pixel_decoder.encoder.layers.4.self_attn.value_proj.weight - torch.Size([256, 256]): 
Initialized by user-defined `init_weights` in Mask2FormerHead  

decode_head.pixel_decoder.encoder.layers.4.self_attn.value_proj.bias - torch.Size([256]): 
The value is the same before and after calling `init_weights` of EncoderDecoder  

decode_head.pixel_decoder.encoder.layers.4.self_attn.output_proj.weight - torch.Size([256, 256]): 
Initialized by user-defined `init_weights` in Mask2FormerHead  

decode_head.pixel_decoder.encoder.layers.4.self_attn.output_proj.bias - torch.Size([256]): 
The value is the same before and after calling `init_weights` of EncoderDecoder  

decode_head.pixel_decoder.encoder.layers.4.ffn.layers.0.0.weight - torch.Size([1024, 256]): 
Initialized by user-defined `init_weights` in Mask2FormerHead  

decode_head.pixel_decoder.encoder.layers.4.ffn.layers.0.0.bias - torch.Size([1024]): 
The value is the same before and after calling `init_weights` of EncoderDecoder  

decode_head.pixel_decoder.encoder.layers.4.ffn.layers.1.weight - torch.Size([256, 1024]): 
Initialized by user-defined `init_weights` in Mask2FormerHead  

decode_head.pixel_decoder.encoder.layers.4.ffn.layers.1.bias - torch.Size([256]): 
The value is the same before and after calling `init_weights` of EncoderDecoder  

decode_head.pixel_decoder.encoder.layers.4.norms.0.weight - torch.Size([256]): 
The value is the same before and after calling `init_weights` of EncoderDecoder  

decode_head.pixel_decoder.encoder.layers.4.norms.0.bias - torch.Size([256]): 
The value is the same before and after calling `init_weights` of EncoderDecoder  

decode_head.pixel_decoder.encoder.layers.4.norms.1.weight - torch.Size([256]): 
The value is the same before and after calling `init_weights` of EncoderDecoder  

decode_head.pixel_decoder.encoder.layers.4.norms.1.bias - torch.Size([256]): 
The value is the same before and after calling `init_weights` of EncoderDecoder  

decode_head.pixel_decoder.encoder.layers.5.self_attn.sampling_offsets.weight - torch.Size([192, 256]): 
The value is the same before and after calling `init_weights` of EncoderDecoder  

decode_head.pixel_decoder.encoder.layers.5.self_attn.sampling_offsets.bias - torch.Size([192]): 
Initialized by user-defined `init_weights` in Mask2FormerHead  

decode_head.pixel_decoder.encoder.layers.5.self_attn.attention_weights.weight - torch.Size([96, 256]): 
The value is the same before and after calling `init_weights` of EncoderDecoder  

decode_head.pixel_decoder.encoder.layers.5.self_attn.attention_weights.bias - torch.Size([96]): 
The value is the same before and after calling `init_weights` of EncoderDecoder  

decode_head.pixel_decoder.encoder.layers.5.self_attn.value_proj.weight - torch.Size([256, 256]): 
Initialized by user-defined `init_weights` in Mask2FormerHead  

decode_head.pixel_decoder.encoder.layers.5.self_attn.value_proj.bias - torch.Size([256]): 
The value is the same before and after calling `init_weights` of EncoderDecoder  

decode_head.pixel_decoder.encoder.layers.5.self_attn.output_proj.weight - torch.Size([256, 256]): 
Initialized by user-defined `init_weights` in Mask2FormerHead  

decode_head.pixel_decoder.encoder.layers.5.self_attn.output_proj.bias - torch.Size([256]): 
The value is the same before and after calling `init_weights` of EncoderDecoder  

decode_head.pixel_decoder.encoder.layers.5.ffn.layers.0.0.weight - torch.Size([1024, 256]): 
Initialized by user-defined `init_weights` in Mask2FormerHead  

decode_head.pixel_decoder.encoder.layers.5.ffn.layers.0.0.bias - torch.Size([1024]): 
The value is the same before and after calling `init_weights` of EncoderDecoder  

decode_head.pixel_decoder.encoder.layers.5.ffn.layers.1.weight - torch.Size([256, 1024]): 
Initialized by user-defined `init_weights` in Mask2FormerHead  

decode_head.pixel_decoder.encoder.layers.5.ffn.layers.1.bias - torch.Size([256]): 
The value is the same before and after calling `init_weights` of EncoderDecoder  

decode_head.pixel_decoder.encoder.layers.5.norms.0.weight - torch.Size([256]): 
The value is the same before and after calling `init_weights` of EncoderDecoder  

decode_head.pixel_decoder.encoder.layers.5.norms.0.bias - torch.Size([256]): 
The value is the same before and after calling `init_weights` of EncoderDecoder  

decode_head.pixel_decoder.encoder.layers.5.norms.1.weight - torch.Size([256]): 
The value is the same before and after calling `init_weights` of EncoderDecoder  

decode_head.pixel_decoder.encoder.layers.5.norms.1.bias - torch.Size([256]): 
The value is the same before and after calling `init_weights` of EncoderDecoder  

decode_head.pixel_decoder.level_encoding.weight - torch.Size([3, 256]): 
Initialized by user-defined `init_weights` in Mask2FormerHead  

decode_head.pixel_decoder.lateral_convs.0.conv.weight - torch.Size([256, 1024, 1, 1]): 
Initialized by user-defined `init_weights` in Mask2FormerHead  

decode_head.pixel_decoder.lateral_convs.0.gn.weight - torch.Size([256]): 
The value is the same before and after calling `init_weights` of EncoderDecoder  

decode_head.pixel_decoder.lateral_convs.0.gn.bias - torch.Size([256]): 
The value is the same before and after calling `init_weights` of EncoderDecoder  

decode_head.pixel_decoder.output_convs.0.conv.weight - torch.Size([256, 256, 3, 3]): 
Initialized by user-defined `init_weights` in Mask2FormerHead  

decode_head.pixel_decoder.output_convs.0.gn.weight - torch.Size([256]): 
The value is the same before and after calling `init_weights` of EncoderDecoder  

decode_head.pixel_decoder.output_convs.0.gn.bias - torch.Size([256]): 
The value is the same before and after calling `init_weights` of EncoderDecoder  

decode_head.pixel_decoder.mask_feature.weight - torch.Size([256, 256, 1, 1]): 
Initialized by user-defined `init_weights` in Mask2FormerHead  

decode_head.pixel_decoder.mask_feature.bias - torch.Size([256]): 
Initialized by user-defined `init_weights` in Mask2FormerHead  

decode_head.transformer_decoder.layers.0.self_attn.attn.in_proj_weight - torch.Size([768, 256]): 
Initialized by user-defined `init_weights` in Mask2FormerHead  

decode_head.transformer_decoder.layers.0.self_attn.attn.in_proj_bias - torch.Size([768]): 
The value is the same before and after calling `init_weights` of EncoderDecoder  

decode_head.transformer_decoder.layers.0.self_attn.attn.out_proj.weight - torch.Size([256, 256]): 
Initialized by user-defined `init_weights` in Mask2FormerHead  

decode_head.transformer_decoder.layers.0.self_attn.attn.out_proj.bias - torch.Size([256]): 
The value is the same before and after calling `init_weights` of EncoderDecoder  

decode_head.transformer_decoder.layers.0.cross_attn.attn.in_proj_weight - torch.Size([768, 256]): 
Initialized by user-defined `init_weights` in Mask2FormerHead  

decode_head.transformer_decoder.layers.0.cross_attn.attn.in_proj_bias - torch.Size([768]): 
The value is the same before and after calling `init_weights` of EncoderDecoder  

decode_head.transformer_decoder.layers.0.cross_attn.attn.out_proj.weight - torch.Size([256, 256]): 
Initialized by user-defined `init_weights` in Mask2FormerHead  

decode_head.transformer_decoder.layers.0.cross_attn.attn.out_proj.bias - torch.Size([256]): 
The value is the same before and after calling `init_weights` of EncoderDecoder  

decode_head.transformer_decoder.layers.0.ffn.layers.0.0.weight - torch.Size([2048, 256]): 
Initialized by user-defined `init_weights` in Mask2FormerHead  

decode_head.transformer_decoder.layers.0.ffn.layers.0.0.bias - torch.Size([2048]): 
The value is the same before and after calling `init_weights` of EncoderDecoder  

decode_head.transformer_decoder.layers.0.ffn.layers.1.weight - torch.Size([256, 2048]): 
Initialized by user-defined `init_weights` in Mask2FormerHead  

decode_head.transformer_decoder.layers.0.ffn.layers.1.bias - torch.Size([256]): 
The value is the same before and after calling `init_weights` of EncoderDecoder  

decode_head.transformer_decoder.layers.0.norms.0.weight - torch.Size([256]): 
The value is the same before and after calling `init_weights` of EncoderDecoder  

decode_head.transformer_decoder.layers.0.norms.0.bias - torch.Size([256]): 
The value is the same before and after calling `init_weights` of EncoderDecoder  

decode_head.transformer_decoder.layers.0.norms.1.weight - torch.Size([256]): 
The value is the same before and after calling `init_weights` of EncoderDecoder  

decode_head.transformer_decoder.layers.0.norms.1.bias - torch.Size([256]): 
The value is the same before and after calling `init_weights` of EncoderDecoder  

decode_head.transformer_decoder.layers.0.norms.2.weight - torch.Size([256]): 
The value is the same before and after calling `init_weights` of EncoderDecoder  

decode_head.transformer_decoder.layers.0.norms.2.bias - torch.Size([256]): 
The value is the same before and after calling `init_weights` of EncoderDecoder  

decode_head.transformer_decoder.layers.1.self_attn.attn.in_proj_weight - torch.Size([768, 256]): 
Initialized by user-defined `init_weights` in Mask2FormerHead  

decode_head.transformer_decoder.layers.1.self_attn.attn.in_proj_bias - torch.Size([768]): 
The value is the same before and after calling `init_weights` of EncoderDecoder  

decode_head.transformer_decoder.layers.1.self_attn.attn.out_proj.weight - torch.Size([256, 256]): 
Initialized by user-defined `init_weights` in Mask2FormerHead  

decode_head.transformer_decoder.layers.1.self_attn.attn.out_proj.bias - torch.Size([256]): 
The value is the same before and after calling `init_weights` of EncoderDecoder  

decode_head.transformer_decoder.layers.1.cross_attn.attn.in_proj_weight - torch.Size([768, 256]): 
Initialized by user-defined `init_weights` in Mask2FormerHead  

decode_head.transformer_decoder.layers.1.cross_attn.attn.in_proj_bias - torch.Size([768]): 
The value is the same before and after calling `init_weights` of EncoderDecoder  

decode_head.transformer_decoder.layers.1.cross_attn.attn.out_proj.weight - torch.Size([256, 256]): 
Initialized by user-defined `init_weights` in Mask2FormerHead  

decode_head.transformer_decoder.layers.1.cross_attn.attn.out_proj.bias - torch.Size([256]): 
The value is the same before and after calling `init_weights` of EncoderDecoder  

decode_head.transformer_decoder.layers.1.ffn.layers.0.0.weight - torch.Size([2048, 256]): 
Initialized by user-defined `init_weights` in Mask2FormerHead  

decode_head.transformer_decoder.layers.1.ffn.layers.0.0.bias - torch.Size([2048]): 
The value is the same before and after calling `init_weights` of EncoderDecoder  

decode_head.transformer_decoder.layers.1.ffn.layers.1.weight - torch.Size([256, 2048]): 
Initialized by user-defined `init_weights` in Mask2FormerHead  

decode_head.transformer_decoder.layers.1.ffn.layers.1.bias - torch.Size([256]): 
The value is the same before and after calling `init_weights` of EncoderDecoder  

decode_head.transformer_decoder.layers.1.norms.0.weight - torch.Size([256]): 
The value is the same before and after calling `init_weights` of EncoderDecoder  

decode_head.transformer_decoder.layers.1.norms.0.bias - torch.Size([256]): 
The value is the same before and after calling `init_weights` of EncoderDecoder  

decode_head.transformer_decoder.layers.1.norms.1.weight - torch.Size([256]): 
The value is the same before and after calling `init_weights` of EncoderDecoder  

decode_head.transformer_decoder.layers.1.norms.1.bias - torch.Size([256]): 
The value is the same before and after calling `init_weights` of EncoderDecoder  

decode_head.transformer_decoder.layers.1.norms.2.weight - torch.Size([256]): 
The value is the same before and after calling `init_weights` of EncoderDecoder  

decode_head.transformer_decoder.layers.1.norms.2.bias - torch.Size([256]): 
The value is the same before and after calling `init_weights` of EncoderDecoder  

decode_head.transformer_decoder.layers.2.self_attn.attn.in_proj_weight - torch.Size([768, 256]): 
Initialized by user-defined `init_weights` in Mask2FormerHead  

decode_head.transformer_decoder.layers.2.self_attn.attn.in_proj_bias - torch.Size([768]): 
The value is the same before and after calling `init_weights` of EncoderDecoder  

decode_head.transformer_decoder.layers.2.self_attn.attn.out_proj.weight - torch.Size([256, 256]): 
Initialized by user-defined `init_weights` in Mask2FormerHead  

decode_head.transformer_decoder.layers.2.self_attn.attn.out_proj.bias - torch.Size([256]): 
The value is the same before and after calling `init_weights` of EncoderDecoder  

decode_head.transformer_decoder.layers.2.cross_attn.attn.in_proj_weight - torch.Size([768, 256]): 
Initialized by user-defined `init_weights` in Mask2FormerHead  

decode_head.transformer_decoder.layers.2.cross_attn.attn.in_proj_bias - torch.Size([768]): 
The value is the same before and after calling `init_weights` of EncoderDecoder  

decode_head.transformer_decoder.layers.2.cross_attn.attn.out_proj.weight - torch.Size([256, 256]): 
Initialized by user-defined `init_weights` in Mask2FormerHead  

decode_head.transformer_decoder.layers.2.cross_attn.attn.out_proj.bias - torch.Size([256]): 
The value is the same before and after calling `init_weights` of EncoderDecoder  

decode_head.transformer_decoder.layers.2.ffn.layers.0.0.weight - torch.Size([2048, 256]): 
Initialized by user-defined `init_weights` in Mask2FormerHead  

decode_head.transformer_decoder.layers.2.ffn.layers.0.0.bias - torch.Size([2048]): 
The value is the same before and after calling `init_weights` of EncoderDecoder  

decode_head.transformer_decoder.layers.2.ffn.layers.1.weight - torch.Size([256, 2048]): 
Initialized by user-defined `init_weights` in Mask2FormerHead  

decode_head.transformer_decoder.layers.2.ffn.layers.1.bias - torch.Size([256]): 
The value is the same before and after calling `init_weights` of EncoderDecoder  

decode_head.transformer_decoder.layers.2.norms.0.weight - torch.Size([256]): 
The value is the same before and after calling `init_weights` of EncoderDecoder  

decode_head.transformer_decoder.layers.2.norms.0.bias - torch.Size([256]): 
The value is the same before and after calling `init_weights` of EncoderDecoder  

decode_head.transformer_decoder.layers.2.norms.1.weight - torch.Size([256]): 
The value is the same before and after calling `init_weights` of EncoderDecoder  

decode_head.transformer_decoder.layers.2.norms.1.bias - torch.Size([256]): 
The value is the same before and after calling `init_weights` of EncoderDecoder  

decode_head.transformer_decoder.layers.2.norms.2.weight - torch.Size([256]): 
The value is the same before and after calling `init_weights` of EncoderDecoder  

decode_head.transformer_decoder.layers.2.norms.2.bias - torch.Size([256]): 
The value is the same before and after calling `init_weights` of EncoderDecoder  

decode_head.transformer_decoder.layers.3.self_attn.attn.in_proj_weight - torch.Size([768, 256]): 
Initialized by user-defined `init_weights` in Mask2FormerHead  

decode_head.transformer_decoder.layers.3.self_attn.attn.in_proj_bias - torch.Size([768]): 
The value is the same before and after calling `init_weights` of EncoderDecoder  

decode_head.transformer_decoder.layers.3.self_attn.attn.out_proj.weight - torch.Size([256, 256]): 
Initialized by user-defined `init_weights` in Mask2FormerHead  

decode_head.transformer_decoder.layers.3.self_attn.attn.out_proj.bias - torch.Size([256]): 
The value is the same before and after calling `init_weights` of EncoderDecoder  

decode_head.transformer_decoder.layers.3.cross_attn.attn.in_proj_weight - torch.Size([768, 256]): 
Initialized by user-defined `init_weights` in Mask2FormerHead  

decode_head.transformer_decoder.layers.3.cross_attn.attn.in_proj_bias - torch.Size([768]): 
The value is the same before and after calling `init_weights` of EncoderDecoder  

decode_head.transformer_decoder.layers.3.cross_attn.attn.out_proj.weight - torch.Size([256, 256]): 
Initialized by user-defined `init_weights` in Mask2FormerHead  

decode_head.transformer_decoder.layers.3.cross_attn.attn.out_proj.bias - torch.Size([256]): 
The value is the same before and after calling `init_weights` of EncoderDecoder  

decode_head.transformer_decoder.layers.3.ffn.layers.0.0.weight - torch.Size([2048, 256]): 
Initialized by user-defined `init_weights` in Mask2FormerHead  

decode_head.transformer_decoder.layers.3.ffn.layers.0.0.bias - torch.Size([2048]): 
The value is the same before and after calling `init_weights` of EncoderDecoder  

decode_head.transformer_decoder.layers.3.ffn.layers.1.weight - torch.Size([256, 2048]): 
Initialized by user-defined `init_weights` in Mask2FormerHead  

decode_head.transformer_decoder.layers.3.ffn.layers.1.bias - torch.Size([256]): 
The value is the same before and after calling `init_weights` of EncoderDecoder  

decode_head.transformer_decoder.layers.3.norms.0.weight - torch.Size([256]): 
The value is the same before and after calling `init_weights` of EncoderDecoder  

decode_head.transformer_decoder.layers.3.norms.0.bias - torch.Size([256]): 
The value is the same before and after calling `init_weights` of EncoderDecoder  

decode_head.transformer_decoder.layers.3.norms.1.weight - torch.Size([256]): 
The value is the same before and after calling `init_weights` of EncoderDecoder  

decode_head.transformer_decoder.layers.3.norms.1.bias - torch.Size([256]): 
The value is the same before and after calling `init_weights` of EncoderDecoder  

decode_head.transformer_decoder.layers.3.norms.2.weight - torch.Size([256]): 
The value is the same before and after calling `init_weights` of EncoderDecoder  

decode_head.transformer_decoder.layers.3.norms.2.bias - torch.Size([256]): 
The value is the same before and after calling `init_weights` of EncoderDecoder  

decode_head.transformer_decoder.layers.4.self_attn.attn.in_proj_weight - torch.Size([768, 256]): 
Initialized by user-defined `init_weights` in Mask2FormerHead  

decode_head.transformer_decoder.layers.4.self_attn.attn.in_proj_bias - torch.Size([768]): 
The value is the same before and after calling `init_weights` of EncoderDecoder  

decode_head.transformer_decoder.layers.4.self_attn.attn.out_proj.weight - torch.Size([256, 256]): 
Initialized by user-defined `init_weights` in Mask2FormerHead  

decode_head.transformer_decoder.layers.4.self_attn.attn.out_proj.bias - torch.Size([256]): 
The value is the same before and after calling `init_weights` of EncoderDecoder  

decode_head.transformer_decoder.layers.4.cross_attn.attn.in_proj_weight - torch.Size([768, 256]): 
Initialized by user-defined `init_weights` in Mask2FormerHead  

decode_head.transformer_decoder.layers.4.cross_attn.attn.in_proj_bias - torch.Size([768]): 
The value is the same before and after calling `init_weights` of EncoderDecoder  

decode_head.transformer_decoder.layers.4.cross_attn.attn.out_proj.weight - torch.Size([256, 256]): 
Initialized by user-defined `init_weights` in Mask2FormerHead  

decode_head.transformer_decoder.layers.4.cross_attn.attn.out_proj.bias - torch.Size([256]): 
The value is the same before and after calling `init_weights` of EncoderDecoder  

decode_head.transformer_decoder.layers.4.ffn.layers.0.0.weight - torch.Size([2048, 256]): 
Initialized by user-defined `init_weights` in Mask2FormerHead  

decode_head.transformer_decoder.layers.4.ffn.layers.0.0.bias - torch.Size([2048]): 
The value is the same before and after calling `init_weights` of EncoderDecoder  

decode_head.transformer_decoder.layers.4.ffn.layers.1.weight - torch.Size([256, 2048]): 
Initialized by user-defined `init_weights` in Mask2FormerHead  

decode_head.transformer_decoder.layers.4.ffn.layers.1.bias - torch.Size([256]): 
The value is the same before and after calling `init_weights` of EncoderDecoder  

decode_head.transformer_decoder.layers.4.norms.0.weight - torch.Size([256]): 
The value is the same before and after calling `init_weights` of EncoderDecoder  

decode_head.transformer_decoder.layers.4.norms.0.bias - torch.Size([256]): 
The value is the same before and after calling `init_weights` of EncoderDecoder  

decode_head.transformer_decoder.layers.4.norms.1.weight - torch.Size([256]): 
The value is the same before and after calling `init_weights` of EncoderDecoder  

decode_head.transformer_decoder.layers.4.norms.1.bias - torch.Size([256]): 
The value is the same before and after calling `init_weights` of EncoderDecoder  

decode_head.transformer_decoder.layers.4.norms.2.weight - torch.Size([256]): 
The value is the same before and after calling `init_weights` of EncoderDecoder  

decode_head.transformer_decoder.layers.4.norms.2.bias - torch.Size([256]): 
The value is the same before and after calling `init_weights` of EncoderDecoder  

decode_head.transformer_decoder.layers.5.self_attn.attn.in_proj_weight - torch.Size([768, 256]): 
Initialized by user-defined `init_weights` in Mask2FormerHead  

decode_head.transformer_decoder.layers.5.self_attn.attn.in_proj_bias - torch.Size([768]): 
The value is the same before and after calling `init_weights` of EncoderDecoder  

decode_head.transformer_decoder.layers.5.self_attn.attn.out_proj.weight - torch.Size([256, 256]): 
Initialized by user-defined `init_weights` in Mask2FormerHead  

decode_head.transformer_decoder.layers.5.self_attn.attn.out_proj.bias - torch.Size([256]): 
The value is the same before and after calling `init_weights` of EncoderDecoder  

decode_head.transformer_decoder.layers.5.cross_attn.attn.in_proj_weight - torch.Size([768, 256]): 
Initialized by user-defined `init_weights` in Mask2FormerHead  

decode_head.transformer_decoder.layers.5.cross_attn.attn.in_proj_bias - torch.Size([768]): 
The value is the same before and after calling `init_weights` of EncoderDecoder  

decode_head.transformer_decoder.layers.5.cross_attn.attn.out_proj.weight - torch.Size([256, 256]): 
Initialized by user-defined `init_weights` in Mask2FormerHead  

decode_head.transformer_decoder.layers.5.cross_attn.attn.out_proj.bias - torch.Size([256]): 
The value is the same before and after calling `init_weights` of EncoderDecoder  

decode_head.transformer_decoder.layers.5.ffn.layers.0.0.weight - torch.Size([2048, 256]): 
Initialized by user-defined `init_weights` in Mask2FormerHead  

decode_head.transformer_decoder.layers.5.ffn.layers.0.0.bias - torch.Size([2048]): 
The value is the same before and after calling `init_weights` of EncoderDecoder  

decode_head.transformer_decoder.layers.5.ffn.layers.1.weight - torch.Size([256, 2048]): 
Initialized by user-defined `init_weights` in Mask2FormerHead  

decode_head.transformer_decoder.layers.5.ffn.layers.1.bias - torch.Size([256]): 
The value is the same before and after calling `init_weights` of EncoderDecoder  

decode_head.transformer_decoder.layers.5.norms.0.weight - torch.Size([256]): 
The value is the same before and after calling `init_weights` of EncoderDecoder  

decode_head.transformer_decoder.layers.5.norms.0.bias - torch.Size([256]): 
The value is the same before and after calling `init_weights` of EncoderDecoder  

decode_head.transformer_decoder.layers.5.norms.1.weight - torch.Size([256]): 
The value is the same before and after calling `init_weights` of EncoderDecoder  

decode_head.transformer_decoder.layers.5.norms.1.bias - torch.Size([256]): 
The value is the same before and after calling `init_weights` of EncoderDecoder  

decode_head.transformer_decoder.layers.5.norms.2.weight - torch.Size([256]): 
The value is the same before and after calling `init_weights` of EncoderDecoder  

decode_head.transformer_decoder.layers.5.norms.2.bias - torch.Size([256]): 
The value is the same before and after calling `init_weights` of EncoderDecoder  

decode_head.transformer_decoder.layers.6.self_attn.attn.in_proj_weight - torch.Size([768, 256]): 
Initialized by user-defined `init_weights` in Mask2FormerHead  

decode_head.transformer_decoder.layers.6.self_attn.attn.in_proj_bias - torch.Size([768]): 
The value is the same before and after calling `init_weights` of EncoderDecoder  

decode_head.transformer_decoder.layers.6.self_attn.attn.out_proj.weight - torch.Size([256, 256]): 
Initialized by user-defined `init_weights` in Mask2FormerHead  

decode_head.transformer_decoder.layers.6.self_attn.attn.out_proj.bias - torch.Size([256]): 
The value is the same before and after calling `init_weights` of EncoderDecoder  

decode_head.transformer_decoder.layers.6.cross_attn.attn.in_proj_weight - torch.Size([768, 256]): 
Initialized by user-defined `init_weights` in Mask2FormerHead  

decode_head.transformer_decoder.layers.6.cross_attn.attn.in_proj_bias - torch.Size([768]): 
The value is the same before and after calling `init_weights` of EncoderDecoder  

decode_head.transformer_decoder.layers.6.cross_attn.attn.out_proj.weight - torch.Size([256, 256]): 
Initialized by user-defined `init_weights` in Mask2FormerHead  

decode_head.transformer_decoder.layers.6.cross_attn.attn.out_proj.bias - torch.Size([256]): 
The value is the same before and after calling `init_weights` of EncoderDecoder  

decode_head.transformer_decoder.layers.6.ffn.layers.0.0.weight - torch.Size([2048, 256]): 
Initialized by user-defined `init_weights` in Mask2FormerHead  

decode_head.transformer_decoder.layers.6.ffn.layers.0.0.bias - torch.Size([2048]): 
The value is the same before and after calling `init_weights` of EncoderDecoder  

decode_head.transformer_decoder.layers.6.ffn.layers.1.weight - torch.Size([256, 2048]): 
Initialized by user-defined `init_weights` in Mask2FormerHead  

decode_head.transformer_decoder.layers.6.ffn.layers.1.bias - torch.Size([256]): 
The value is the same before and after calling `init_weights` of EncoderDecoder  

decode_head.transformer_decoder.layers.6.norms.0.weight - torch.Size([256]): 
The value is the same before and after calling `init_weights` of EncoderDecoder  

decode_head.transformer_decoder.layers.6.norms.0.bias - torch.Size([256]): 
The value is the same before and after calling `init_weights` of EncoderDecoder  

decode_head.transformer_decoder.layers.6.norms.1.weight - torch.Size([256]): 
The value is the same before and after calling `init_weights` of EncoderDecoder  

decode_head.transformer_decoder.layers.6.norms.1.bias - torch.Size([256]): 
The value is the same before and after calling `init_weights` of EncoderDecoder  

decode_head.transformer_decoder.layers.6.norms.2.weight - torch.Size([256]): 
The value is the same before and after calling `init_weights` of EncoderDecoder  

decode_head.transformer_decoder.layers.6.norms.2.bias - torch.Size([256]): 
The value is the same before and after calling `init_weights` of EncoderDecoder  

decode_head.transformer_decoder.layers.7.self_attn.attn.in_proj_weight - torch.Size([768, 256]): 
Initialized by user-defined `init_weights` in Mask2FormerHead  

decode_head.transformer_decoder.layers.7.self_attn.attn.in_proj_bias - torch.Size([768]): 
The value is the same before and after calling `init_weights` of EncoderDecoder  

decode_head.transformer_decoder.layers.7.self_attn.attn.out_proj.weight - torch.Size([256, 256]): 
Initialized by user-defined `init_weights` in Mask2FormerHead  

decode_head.transformer_decoder.layers.7.self_attn.attn.out_proj.bias - torch.Size([256]): 
The value is the same before and after calling `init_weights` of EncoderDecoder  

decode_head.transformer_decoder.layers.7.cross_attn.attn.in_proj_weight - torch.Size([768, 256]): 
Initialized by user-defined `init_weights` in Mask2FormerHead  

decode_head.transformer_decoder.layers.7.cross_attn.attn.in_proj_bias - torch.Size([768]): 
The value is the same before and after calling `init_weights` of EncoderDecoder  

decode_head.transformer_decoder.layers.7.cross_attn.attn.out_proj.weight - torch.Size([256, 256]): 
Initialized by user-defined `init_weights` in Mask2FormerHead  

decode_head.transformer_decoder.layers.7.cross_attn.attn.out_proj.bias - torch.Size([256]): 
The value is the same before and after calling `init_weights` of EncoderDecoder  

decode_head.transformer_decoder.layers.7.ffn.layers.0.0.weight - torch.Size([2048, 256]): 
Initialized by user-defined `init_weights` in Mask2FormerHead  

decode_head.transformer_decoder.layers.7.ffn.layers.0.0.bias - torch.Size([2048]): 
The value is the same before and after calling `init_weights` of EncoderDecoder  

decode_head.transformer_decoder.layers.7.ffn.layers.1.weight - torch.Size([256, 2048]): 
Initialized by user-defined `init_weights` in Mask2FormerHead  

decode_head.transformer_decoder.layers.7.ffn.layers.1.bias - torch.Size([256]): 
The value is the same before and after calling `init_weights` of EncoderDecoder  

decode_head.transformer_decoder.layers.7.norms.0.weight - torch.Size([256]): 
The value is the same before and after calling `init_weights` of EncoderDecoder  

decode_head.transformer_decoder.layers.7.norms.0.bias - torch.Size([256]): 
The value is the same before and after calling `init_weights` of EncoderDecoder  

decode_head.transformer_decoder.layers.7.norms.1.weight - torch.Size([256]): 
The value is the same before and after calling `init_weights` of EncoderDecoder  

decode_head.transformer_decoder.layers.7.norms.1.bias - torch.Size([256]): 
The value is the same before and after calling `init_weights` of EncoderDecoder  

decode_head.transformer_decoder.layers.7.norms.2.weight - torch.Size([256]): 
The value is the same before and after calling `init_weights` of EncoderDecoder  

decode_head.transformer_decoder.layers.7.norms.2.bias - torch.Size([256]): 
The value is the same before and after calling `init_weights` of EncoderDecoder  

decode_head.transformer_decoder.layers.8.self_attn.attn.in_proj_weight - torch.Size([768, 256]): 
Initialized by user-defined `init_weights` in Mask2FormerHead  

decode_head.transformer_decoder.layers.8.self_attn.attn.in_proj_bias - torch.Size([768]): 
The value is the same before and after calling `init_weights` of EncoderDecoder  

decode_head.transformer_decoder.layers.8.self_attn.attn.out_proj.weight - torch.Size([256, 256]): 
Initialized by user-defined `init_weights` in Mask2FormerHead  

decode_head.transformer_decoder.layers.8.self_attn.attn.out_proj.bias - torch.Size([256]): 
The value is the same before and after calling `init_weights` of EncoderDecoder  

decode_head.transformer_decoder.layers.8.cross_attn.attn.in_proj_weight - torch.Size([768, 256]): 
Initialized by user-defined `init_weights` in Mask2FormerHead  

decode_head.transformer_decoder.layers.8.cross_attn.attn.in_proj_bias - torch.Size([768]): 
The value is the same before and after calling `init_weights` of EncoderDecoder  

decode_head.transformer_decoder.layers.8.cross_attn.attn.out_proj.weight - torch.Size([256, 256]): 
Initialized by user-defined `init_weights` in Mask2FormerHead  

decode_head.transformer_decoder.layers.8.cross_attn.attn.out_proj.bias - torch.Size([256]): 
The value is the same before and after calling `init_weights` of EncoderDecoder  

decode_head.transformer_decoder.layers.8.ffn.layers.0.0.weight - torch.Size([2048, 256]): 
Initialized by user-defined `init_weights` in Mask2FormerHead  

decode_head.transformer_decoder.layers.8.ffn.layers.0.0.bias - torch.Size([2048]): 
The value is the same before and after calling `init_weights` of EncoderDecoder  

decode_head.transformer_decoder.layers.8.ffn.layers.1.weight - torch.Size([256, 2048]): 
Initialized by user-defined `init_weights` in Mask2FormerHead  

decode_head.transformer_decoder.layers.8.ffn.layers.1.bias - torch.Size([256]): 
The value is the same before and after calling `init_weights` of EncoderDecoder  

decode_head.transformer_decoder.layers.8.norms.0.weight - torch.Size([256]): 
The value is the same before and after calling `init_weights` of EncoderDecoder  

decode_head.transformer_decoder.layers.8.norms.0.bias - torch.Size([256]): 
The value is the same before and after calling `init_weights` of EncoderDecoder  

decode_head.transformer_decoder.layers.8.norms.1.weight - torch.Size([256]): 
The value is the same before and after calling `init_weights` of EncoderDecoder  

decode_head.transformer_decoder.layers.8.norms.1.bias - torch.Size([256]): 
The value is the same before and after calling `init_weights` of EncoderDecoder  

decode_head.transformer_decoder.layers.8.norms.2.weight - torch.Size([256]): 
The value is the same before and after calling `init_weights` of EncoderDecoder  

decode_head.transformer_decoder.layers.8.norms.2.bias - torch.Size([256]): 
The value is the same before and after calling `init_weights` of EncoderDecoder  

decode_head.transformer_decoder.post_norm.weight - torch.Size([256]): 
The value is the same before and after calling `init_weights` of EncoderDecoder  

decode_head.transformer_decoder.post_norm.bias - torch.Size([256]): 
The value is the same before and after calling `init_weights` of EncoderDecoder  

decode_head.query_embed.weight - torch.Size([100, 256]): 
The value is the same before and after calling `init_weights` of EncoderDecoder  

decode_head.query_feat.weight - torch.Size([100, 256]): 
The value is the same before and after calling `init_weights` of EncoderDecoder  

decode_head.level_embed.weight - torch.Size([3, 256]): 
The value is the same before and after calling `init_weights` of EncoderDecoder  

decode_head.cls_embed.weight - torch.Size([20, 256]): 
The value is the same before and after calling `init_weights` of EncoderDecoder  

decode_head.cls_embed.bias - torch.Size([20]): 
The value is the same before and after calling `init_weights` of EncoderDecoder  

decode_head.mask_embed.0.weight - torch.Size([256, 256]): 
The value is the same before and after calling `init_weights` of EncoderDecoder  

decode_head.mask_embed.0.bias - torch.Size([256]): 
The value is the same before and after calling `init_weights` of EncoderDecoder  

decode_head.mask_embed.2.weight - torch.Size([256, 256]): 
The value is the same before and after calling `init_weights` of EncoderDecoder  

decode_head.mask_embed.2.bias - torch.Size([256]): 
The value is the same before and after calling `init_weights` of EncoderDecoder  

decode_head.mask_embed.4.weight - torch.Size([256, 256]): 
The value is the same before and after calling `init_weights` of EncoderDecoder  

decode_head.mask_embed.4.bias - torch.Size([256]): 
The value is the same before and after calling `init_weights` of EncoderDecoder  
2026/06/15 15:22:01 - mmengine - WARNING - "FileClient" will be deprecated in future. Please use io functions in https://mmengine.readthedocs.io/en/latest/api/fileio.html#file-io
2026/06/15 15:22:01 - mmengine - WARNING - "HardDiskBackend" is the alias of "LocalBackend" and the former will be deprecated in future.
2026/06/15 15:22:01 - mmengine - INFO - Checkpoints will be saved to /mnt/ht2-nas2/00-model/00-fb/mmseg_dino/work_dirs/dinov3l_m2f_pastis_v2.
2026/06/15 15:22:20 - mmengine - INFO - Iter(train) [   50/20000]  base_lr: 3.3656e-06 lr: 3.3656e-06  eta: 2:07:11  time: 0.3376  data_time: 0.0123  memory: 10832  grad_norm: 132.0742  loss: 107.7468  decode.loss_cls: 4.1665  decode.loss_mask: 2.2165  decode.loss_dice: 4.3639  decode.d0.loss_cls: 6.0231  decode.d0.loss_mask: 2.0772  decode.d0.loss_dice: 3.9544  decode.d1.loss_cls: 4.9386  decode.d1.loss_mask: 2.0488  decode.d1.loss_dice: 3.9909  decode.d2.loss_cls: 4.3728  decode.d2.loss_mask: 2.0344  decode.d2.loss_dice: 4.0989  decode.d3.loss_cls: 4.2195  decode.d3.loss_mask: 2.0817  decode.d3.loss_dice: 4.2238  decode.d4.loss_cls: 4.0122  decode.d4.loss_mask: 2.0979  decode.d4.loss_dice: 4.3168  decode.d5.loss_cls: 3.9675  decode.d5.loss_mask: 2.1674  decode.d5.loss_dice: 4.2625  decode.d6.loss_cls: 4.2550  decode.d6.loss_mask: 2.1776  decode.d6.loss_dice: 4.3209  decode.d7.loss_cls: 4.3834  decode.d7.loss_mask: 2.1842  decode.d7.loss_dice: 4.3619  decode.d8.loss_cls: 3.8893  decode.d8.loss_mask: 2.1626  decode.d8.loss_dice: 4.3764
2026/06/15 15:22:37 - mmengine - INFO - Iter(train) [  100/20000]  base_lr: 6.6978e-06 lr: 6.6978e-06  eta: 1:59:39  time: 0.3381  data_time: 0.0125  memory: 3123  grad_norm: 64.3543  loss: 98.7258  decode.loss_cls: 3.5755  decode.loss_mask: 2.0619  decode.loss_dice: 4.3426  decode.d0.loss_cls: 5.9344  decode.d0.loss_mask: 1.9084  decode.d0.loss_dice: 4.0162  decode.d1.loss_cls: 3.6435  decode.d1.loss_mask: 1.8680  decode.d1.loss_dice: 4.0195  decode.d2.loss_cls: 3.5291  decode.d2.loss_mask: 1.8468  decode.d2.loss_dice: 4.0630  decode.d3.loss_cls: 3.5618  decode.d3.loss_mask: 1.8250  decode.d3.loss_dice: 4.1063  decode.d4.loss_cls: 3.5524  decode.d4.loss_mask: 1.8374  decode.d4.loss_dice: 4.1370  decode.d5.loss_cls: 3.5206  decode.d5.loss_mask: 1.8322  decode.d5.loss_dice: 4.1948  decode.d6.loss_cls: 3.5419  decode.d6.loss_mask: 1.8545  decode.d6.loss_dice: 4.2495  decode.d7.loss_cls: 3.5393  decode.d7.loss_mask: 1.9842  decode.d7.loss_dice: 4.2784  decode.d8.loss_cls: 3.5635  decode.d8.loss_mask: 2.0102  decode.d8.loss_dice: 4.3279
2026/06/15 15:22:54 - mmengine - INFO - Iter(train) [  150/20000]  base_lr: 1.0030e-05 lr: 1.0030e-05  eta: 1:56:42  time: 0.3365  data_time: 0.0123  memory: 3092  grad_norm: 79.3573  loss: 94.5477  decode.loss_cls: 3.3481  decode.loss_mask: 1.9096  decode.loss_dice: 4.0176  decode.d0.loss_cls: 6.1082  decode.d0.loss_mask: 2.0763  decode.d0.loss_dice: 3.8039  decode.d1.loss_cls: 3.3700  decode.d1.loss_mask: 2.0506  decode.d1.loss_dice: 3.8028  decode.d2.loss_cls: 3.1884  decode.d2.loss_mask: 2.0392  decode.d2.loss_dice: 3.8299  decode.d3.loss_cls: 3.1766  decode.d3.loss_mask: 2.0205  decode.d3.loss_dice: 3.8347  decode.d4.loss_cls: 3.2155  decode.d4.loss_mask: 2.0095  decode.d4.loss_dice: 3.8814  decode.d5.loss_cls: 3.2392  decode.d5.loss_mask: 2.0230  decode.d5.loss_dice: 3.9305  decode.d6.loss_cls: 3.2485  decode.d6.loss_mask: 1.9958  decode.d6.loss_dice: 3.9432  decode.d7.loss_cls: 3.3089  decode.d7.loss_mask: 1.9890  decode.d7.loss_dice: 3.9287  decode.d8.loss_cls: 3.3145  decode.d8.loss_mask: 1.9862  decode.d8.loss_dice: 3.9573
2026/06/15 15:23:11 - mmengine - INFO - Iter(train) [  200/20000]  base_lr: 1.3362e-05 lr: 1.3362e-05  eta: 1:55:57  time: 0.3365  data_time: 0.0124  memory: 3106  grad_norm: 91.5995  loss: 90.0342  decode.loss_cls: 2.9864  decode.loss_mask: 1.9632  decode.loss_dice: 3.8629  decode.d0.loss_cls: 6.0837  decode.d0.loss_mask: 2.0290  decode.d0.loss_dice: 3.7431  decode.d1.loss_cls: 3.1285  decode.d1.loss_mask: 2.0138  decode.d1.loss_dice: 3.7464  decode.d2.loss_cls: 2.8963  decode.d2.loss_mask: 1.9954  decode.d2.loss_dice: 3.7525  decode.d3.loss_cls: 2.8241  decode.d3.loss_mask: 1.9895  decode.d3.loss_dice: 3.7675  decode.d4.loss_cls: 2.7942  decode.d4.loss_mask: 2.0157  decode.d4.loss_dice: 3.7489  decode.d5.loss_cls: 2.7877  decode.d5.loss_mask: 1.9812  decode.d5.loss_dice: 3.8045  decode.d6.loss_cls: 2.9163  decode.d6.loss_mask: 1.9865  decode.d6.loss_dice: 3.7808  decode.d7.loss_cls: 2.9275  decode.d7.loss_mask: 1.9732  decode.d7.loss_dice: 3.8022  decode.d8.loss_cls: 2.9483  decode.d8.loss_mask: 1.9814  decode.d8.loss_dice: 3.8035
2026/06/15 15:23:28 - mmengine - INFO - Iter(train) [  250/20000]  base_lr: 1.6694e-05 lr: 1.6694e-05  eta: 1:54:49  time: 0.3425  data_time: 0.0125  memory: 3106  grad_norm: 110.1830  loss: 86.6847  decode.loss_cls: 2.7828  decode.loss_mask: 2.0641  decode.loss_dice: 3.5290  decode.d0.loss_cls: 6.1040  decode.d0.loss_mask: 2.0979  decode.d0.loss_dice: 3.5349  decode.d1.loss_cls: 2.9648  decode.d1.loss_mask: 2.0793  decode.d1.loss_dice: 3.5005  decode.d2.loss_cls: 2.8186  decode.d2.loss_mask: 2.0622  decode.d2.loss_dice: 3.4601  decode.d3.loss_cls: 2.7944  decode.d3.loss_mask: 2.0533  decode.d3.loss_dice: 3.4749  decode.d4.loss_cls: 2.7662  decode.d4.loss_mask: 2.0617  decode.d4.loss_dice: 3.4774  decode.d5.loss_cls: 2.6582  decode.d5.loss_mask: 2.0656  decode.d5.loss_dice: 3.4703  decode.d6.loss_cls: 2.7308  decode.d6.loss_mask: 2.0516  decode.d6.loss_dice: 3.4681  decode.d7.loss_cls: 2.7610  decode.d7.loss_mask: 2.0549  decode.d7.loss_dice: 3.4910  decode.d8.loss_cls: 2.7826  decode.d8.loss_mask: 2.0514  decode.d8.loss_dice: 3.4731
2026/06/15 15:23:45 - mmengine - INFO - Iter(train) [  300/20000]  base_lr: 2.0027e-05 lr: 2.0027e-05  eta: 1:53:53  time: 0.3372  data_time: 0.0126  memory: 3106  grad_norm: 121.7547  loss: 86.7803  decode.loss_cls: 2.9458  decode.loss_mask: 2.0915  decode.loss_dice: 3.4144  decode.d0.loss_cls: 6.1048  decode.d0.loss_mask: 2.0722  decode.d0.loss_dice: 3.4981  decode.d1.loss_cls: 3.0255  decode.d1.loss_mask: 2.0523  decode.d1.loss_dice: 3.4427  decode.d2.loss_cls: 2.8923  decode.d2.loss_mask: 2.0444  decode.d2.loss_dice: 3.4314  decode.d3.loss_cls: 2.8322  decode.d3.loss_mask: 2.0660  decode.d3.loss_dice: 3.3894  decode.d4.loss_cls: 2.7776  decode.d4.loss_mask: 2.0380  decode.d4.loss_dice: 3.3452  decode.d5.loss_cls: 2.8193  decode.d5.loss_mask: 2.0647  decode.d5.loss_dice: 3.3669  decode.d6.loss_cls: 2.8741  decode.d6.loss_mask: 2.0849  decode.d6.loss_dice: 3.3431  decode.d7.loss_cls: 2.9124  decode.d7.loss_mask: 2.0690  decode.d7.loss_dice: 3.3941  decode.d8.loss_cls: 2.9156  decode.d8.loss_mask: 2.0734  decode.d8.loss_dice: 3.3991
2026/06/15 15:24:03 - mmengine - INFO - Iter(train) [  350/20000]  base_lr: 2.3359e-05 lr: 2.3359e-05  eta: 1:53:38  time: 0.3448  data_time: 0.0126  memory: 3107  grad_norm: 121.8269  loss: 85.0998  decode.loss_cls: 2.8772  decode.loss_mask: 2.0479  decode.loss_dice: 3.3219  decode.d0.loss_cls: 6.1267  decode.d0.loss_mask: 1.9979  decode.d0.loss_dice: 3.4343  decode.d1.loss_cls: 3.0152  decode.d1.loss_mask: 1.9844  decode.d1.loss_dice: 3.3722  decode.d2.loss_cls: 2.8604  decode.d2.loss_mask: 2.0113  decode.d2.loss_dice: 3.3271  decode.d3.loss_cls: 2.7557  decode.d3.loss_mask: 1.9915  decode.d3.loss_dice: 3.3248  decode.d4.loss_cls: 2.7038  decode.d4.loss_mask: 1.9995  decode.d4.loss_dice: 3.3079  decode.d5.loss_cls: 2.8092  decode.d5.loss_mask: 2.0011  decode.d5.loss_dice: 3.3015  decode.d6.loss_cls: 2.8714  decode.d6.loss_mask: 2.0174  decode.d6.loss_dice: 3.2589  decode.d7.loss_cls: 2.8320  decode.d7.loss_mask: 2.0145  decode.d7.loss_dice: 3.3092  decode.d8.loss_cls: 2.8493  decode.d8.loss_mask: 2.0564  decode.d8.loss_dice: 3.3191
2026/06/15 15:24:08 - mmengine - INFO - Exp name: dinov3l_m2f_pastis_v2_20260615_152144
2026/06/15 15:24:20 - mmengine - INFO - Iter(train) [  400/20000]  base_lr: 2.6691e-05 lr: 2.6691e-05  eta: 1:53:08  time: 0.3373  data_time: 0.0125  memory: 3116  grad_norm: 165.8874  loss: 79.3451  decode.loss_cls: 2.4287  decode.loss_mask: 2.1206  decode.loss_dice: 3.1047  decode.d0.loss_cls: 6.0411  decode.d0.loss_mask: 2.0871  decode.d0.loss_dice: 3.2147  decode.d1.loss_cls: 2.6491  decode.d1.loss_mask: 2.0474  decode.d1.loss_dice: 3.1234  decode.d2.loss_cls: 2.3339  decode.d2.loss_mask: 2.0903  decode.d2.loss_dice: 3.0410  decode.d3.loss_cls: 2.3509  decode.d3.loss_mask: 2.0713  decode.d3.loss_dice: 3.0308  decode.d4.loss_cls: 2.3342  decode.d4.loss_mask: 2.0883  decode.d4.loss_dice: 3.0568  decode.d5.loss_cls: 2.3587  decode.d5.loss_mask: 2.0710  decode.d5.loss_dice: 3.0217  decode.d6.loss_cls: 2.4208  decode.d6.loss_mask: 2.0856  decode.d6.loss_dice: 3.0017  decode.d7.loss_cls: 2.4426  decode.d7.loss_mask: 2.1072  decode.d7.loss_dice: 3.0327  decode.d8.loss_cls: 2.4228  decode.d8.loss_mask: 2.1121  decode.d8.loss_dice: 3.0537
2026/06/15 15:24:37 - mmengine - INFO - Iter(train) [  450/20000]  base_lr: 3.0023e-05 lr: 3.0023e-05  eta: 1:52:42  time: 0.3357  data_time: 0.0119  memory: 3119  grad_norm: 162.9349  loss: 80.3658  decode.loss_cls: 2.5127  decode.loss_mask: 1.9394  decode.loss_dice: 3.2314  decode.d0.loss_cls: 6.0001  decode.d0.loss_mask: 1.8911  decode.d0.loss_dice: 3.3953  decode.d1.loss_cls: 2.6973  decode.d1.loss_mask: 1.9240  decode.d1.loss_dice: 3.2978  decode.d2.loss_cls: 2.5190  decode.d2.loss_mask: 1.9439  decode.d2.loss_dice: 3.2699  decode.d3.loss_cls: 2.5042  decode.d3.loss_mask: 1.9152  decode.d3.loss_dice: 3.2028  decode.d4.loss_cls: 2.4467  decode.d4.loss_mask: 1.9262  decode.d4.loss_dice: 3.2028  decode.d5.loss_cls: 2.4220  decode.d5.loss_mask: 1.9261  decode.d5.loss_dice: 3.2249  decode.d6.loss_cls: 2.4687  decode.d6.loss_mask: 1.9485  decode.d6.loss_dice: 3.2399  decode.d7.loss_cls: 2.5002  decode.d7.loss_mask: 1.9309  decode.d7.loss_dice: 3.2190  decode.d8.loss_cls: 2.4830  decode.d8.loss_mask: 1.9485  decode.d8.loss_dice: 3.2342
2026/06/15 15:24:54 - mmengine - INFO - Iter(train) [  500/20000]  base_lr: 3.3356e-05 lr: 3.3356e-05  eta: 1:52:08  time: 0.3363  data_time: 0.0122  memory: 3120  grad_norm: 183.5463  loss: 78.5709  decode.loss_cls: 2.4659  decode.loss_mask: 2.0111  decode.loss_dice: 3.0303  decode.d0.loss_cls: 5.9627  decode.d0.loss_mask: 1.9560  decode.d0.loss_dice: 3.2318  decode.d1.loss_cls: 2.6250  decode.d1.loss_mask: 1.9267  decode.d1.loss_dice: 3.1108  decode.d2.loss_cls: 2.4389  decode.d2.loss_mask: 1.9608  decode.d2.loss_dice: 3.0634  decode.d3.loss_cls: 2.4528  decode.d3.loss_mask: 1.9552  decode.d3.loss_dice: 3.0528  decode.d4.loss_cls: 2.3855  decode.d4.loss_mask: 1.9749  decode.d4.loss_dice: 3.0645  decode.d5.loss_cls: 2.3533  decode.d5.loss_mask: 1.9743  decode.d5.loss_dice: 3.0644  decode.d6.loss_cls: 2.4251  decode.d6.loss_mask: 2.0268  decode.d6.loss_dice: 3.0496  decode.d7.loss_cls: 2.4218  decode.d7.loss_mask: 2.0246  decode.d7.loss_dice: 3.0755  decode.d8.loss_cls: 2.4210  decode.d8.loss_mask: 2.0383  decode.d8.loss_dice: 3.0271
2026/06/15 15:25:11 - mmengine - INFO - Iter(train) [  550/20000]  base_lr: 3.6688e-05 lr: 3.6688e-05  eta: 1:51:37  time: 0.3369  data_time: 0.0119  memory: 3108  grad_norm: 144.8112  loss: 77.3673  decode.loss_cls: 2.3982  decode.loss_mask: 2.0501  decode.loss_dice: 2.8971  decode.d0.loss_cls: 5.9343  decode.d0.loss_mask: 1.9910  decode.d0.loss_dice: 3.1824  decode.d1.loss_cls: 2.5380  decode.d1.loss_mask: 2.0338  decode.d1.loss_dice: 2.9983  decode.d2.loss_cls: 2.4142  decode.d2.loss_mask: 2.0119  decode.d2.loss_dice: 2.9471  decode.d3.loss_cls: 2.3923  decode.d3.loss_mask: 2.0322  decode.d3.loss_dice: 2.9052  decode.d4.loss_cls: 2.3296  decode.d4.loss_mask: 2.0348  decode.d4.loss_dice: 2.9639  decode.d5.loss_cls: 2.3386  decode.d5.loss_mask: 2.0405  decode.d5.loss_dice: 2.9430  decode.d6.loss_cls: 2.3987  decode.d6.loss_mask: 2.0332  decode.d6.loss_dice: 2.8891  decode.d7.loss_cls: 2.3922  decode.d7.loss_mask: 2.0020  decode.d7.loss_dice: 2.9127  decode.d8.loss_cls: 2.3847  decode.d8.loss_mask: 2.0675  decode.d8.loss_dice: 2.9107
2026/06/15 15:25:27 - mmengine - INFO - Iter(train) [  600/20000]  base_lr: 4.0020e-05 lr: 4.0020e-05  eta: 1:51:08  time: 0.3375  data_time: 0.0121  memory: 3113  grad_norm: 182.1999  loss: 76.9027  decode.loss_cls: 2.4794  decode.loss_mask: 1.9651  decode.loss_dice: 2.9751  decode.d0.loss_cls: 5.8760  decode.d0.loss_mask: 1.9298  decode.d0.loss_dice: 3.1871  decode.d1.loss_cls: 2.5100  decode.d1.loss_mask: 1.9345  decode.d1.loss_dice: 3.0312  decode.d2.loss_cls: 2.3886  decode.d2.loss_mask: 1.9339  decode.d2.loss_dice: 2.9727  decode.d3.loss_cls: 2.3378  decode.d3.loss_mask: 1.9472  decode.d3.loss_dice: 2.9921  decode.d4.loss_cls: 2.2724  decode.d4.loss_mask: 1.9631  decode.d4.loss_dice: 3.0107  decode.d5.loss_cls: 2.2948  decode.d5.loss_mask: 1.9543  decode.d5.loss_dice: 2.9917  decode.d6.loss_cls: 2.2935  decode.d6.loss_mask: 1.9824  decode.d6.loss_dice: 2.9780  decode.d7.loss_cls: 2.3876  decode.d7.loss_mask: 1.9657  decode.d7.loss_dice: 2.9872  decode.d8.loss_cls: 2.4307  decode.d8.loss_mask: 1.9643  decode.d8.loss_dice: 2.9657
2026/06/15 15:25:44 - mmengine - INFO - Iter(train) [  650/20000]  base_lr: 4.3352e-05 lr: 4.3352e-05  eta: 1:50:43  time: 0.3380  data_time: 0.0121  memory: 3102  grad_norm: 183.2488  loss: 71.7643  decode.loss_cls: 2.1511  decode.loss_mask: 2.0053  decode.loss_dice: 2.6915  decode.d0.loss_cls: 5.9174  decode.d0.loss_mask: 1.9400  decode.d0.loss_dice: 2.9351  decode.d1.loss_cls: 2.1795  decode.d1.loss_mask: 1.9888  decode.d1.loss_dice: 2.8109  decode.d2.loss_cls: 2.0640  decode.d2.loss_mask: 2.0196  decode.d2.loss_dice: 2.7710  decode.d3.loss_cls: 2.1051  decode.d3.loss_mask: 1.9739  decode.d3.loss_dice: 2.6978  decode.d4.loss_cls: 2.0619  decode.d4.loss_mask: 1.9451  decode.d4.loss_dice: 2.6803  decode.d5.loss_cls: 2.0351  decode.d5.loss_mask: 1.9574  decode.d5.loss_dice: 2.6916  decode.d6.loss_cls: 2.0374  decode.d6.loss_mask: 2.0017  decode.d6.loss_dice: 2.6475  decode.d7.loss_cls: 2.0649  decode.d7.loss_mask: 1.9871  decode.d7.loss_dice: 2.6616  decode.d8.loss_cls: 2.1044  decode.d8.loss_mask: 1.9912  decode.d8.loss_dice: 2.6459
2026/06/15 15:26:01 - mmengine - INFO - Iter(train) [  700/20000]  base_lr: 4.6684e-05 lr: 4.6684e-05  eta: 1:50:18  time: 0.3354  data_time: 0.0119  memory: 3102  grad_norm: 184.3395  loss: 73.2193  decode.loss_cls: 2.2983  decode.loss_mask: 1.9832  decode.loss_dice: 2.7379  decode.d0.loss_cls: 5.8380  decode.d0.loss_mask: 1.9152  decode.d0.loss_dice: 2.9912  decode.d1.loss_cls: 2.3680  decode.d1.loss_mask: 1.9457  decode.d1.loss_dice: 2.8877  decode.d2.loss_cls: 2.1651  decode.d2.loss_mask: 1.9608  decode.d2.loss_dice: 2.7993  decode.d3.loss_cls: 2.1127  decode.d3.loss_mask: 1.9956  decode.d3.loss_dice: 2.7242  decode.d4.loss_cls: 2.1004  decode.d4.loss_mask: 1.9626  decode.d4.loss_dice: 2.7136  decode.d5.loss_cls: 2.1358  decode.d5.loss_mask: 1.9897  decode.d5.loss_dice: 2.7533  decode.d6.loss_cls: 2.2022  decode.d6.loss_mask: 2.0115  decode.d6.loss_dice: 2.6906  decode.d7.loss_cls: 2.2174  decode.d7.loss_mask: 2.0275  decode.d7.loss_dice: 2.7083  decode.d8.loss_cls: 2.2798  decode.d8.loss_mask: 1.9737  decode.d8.loss_dice: 2.7301
2026/06/15 15:26:18 - mmengine - INFO - Iter(train) [  750/20000]  base_lr: 5.0017e-05 lr: 5.0017e-05  eta: 1:49:53  time: 0.3360  data_time: 0.0121  memory: 3102  grad_norm: 192.0566  loss: 72.0896  decode.loss_cls: 2.2129  decode.loss_mask: 1.9729  decode.loss_dice: 2.6837  decode.d0.loss_cls: 5.8193  decode.d0.loss_mask: 1.9669  decode.d0.loss_dice: 2.9658  decode.d1.loss_cls: 2.2825  decode.d1.loss_mask: 1.9247  decode.d1.loss_dice: 2.8094  decode.d2.loss_cls: 2.1087  decode.d2.loss_mask: 1.9660  decode.d2.loss_dice: 2.7715  decode.d3.loss_cls: 2.0773  decode.d3.loss_mask: 1.9524  decode.d3.loss_dice: 2.7072  decode.d4.loss_cls: 2.0723  decode.d4.loss_mask: 1.9367  decode.d4.loss_dice: 2.7363  decode.d5.loss_cls: 2.0753  decode.d5.loss_mask: 1.9435  decode.d5.loss_dice: 2.6898  decode.d6.loss_cls: 2.1402  decode.d6.loss_mask: 1.9908  decode.d6.loss_dice: 2.6608  decode.d7.loss_cls: 2.1502  decode.d7.loss_mask: 1.9641  decode.d7.loss_dice: 2.6669  decode.d8.loss_cls: 2.1660  decode.d8.loss_mask: 1.9918  decode.d8.loss_dice: 2.6837
2026/06/15 15:26:35 - mmengine - INFO - Iter(train) [  800/20000]  base_lr: 5.3349e-05 lr: 5.3349e-05  eta: 1:49:28  time: 0.3328  data_time: 0.0126  memory: 3099  grad_norm: 212.1629  loss: 72.8142  decode.loss_cls: 2.1650  decode.loss_mask: 2.0260  decode.loss_dice: 2.7950  decode.d0.loss_cls: 5.7359  decode.d0.loss_mask: 1.9131  decode.d0.loss_dice: 2.9991  decode.d1.loss_cls: 2.1946  decode.d1.loss_mask: 1.9518  decode.d1.loss_dice: 2.9152  decode.d2.loss_cls: 2.0013  decode.d2.loss_mask: 1.9787  decode.d2.loss_dice: 2.8494  decode.d3.loss_cls: 2.0139  decode.d3.loss_mask: 2.0095  decode.d3.loss_dice: 2.8312  decode.d4.loss_cls: 2.0401  decode.d4.loss_mask: 2.0109  decode.d4.loss_dice: 2.8413  decode.d5.loss_cls: 2.0266  decode.d5.loss_mask: 2.0106  decode.d5.loss_dice: 2.8290  decode.d6.loss_cls: 2.0451  decode.d6.loss_mask: 2.0155  decode.d6.loss_dice: 2.8083  decode.d7.loss_cls: 2.0777  decode.d7.loss_mask: 2.0035  decode.d7.loss_dice: 2.8176  decode.d8.loss_cls: 2.1094  decode.d8.loss_mask: 2.0052  decode.d8.loss_dice: 2.7936
2026/06/15 15:26:51 - mmengine - INFO - Iter(train) [  850/20000]  base_lr: 5.6681e-05 lr: 5.6681e-05  eta: 1:48:59  time: 0.3322  data_time: 0.0127  memory: 3114  grad_norm: 242.7022  loss: 73.7062  decode.loss_cls: 2.2799  decode.loss_mask: 2.0208  decode.loss_dice: 2.6806  decode.d0.loss_cls: 5.7216  decode.d0.loss_mask: 1.9873  decode.d0.loss_dice: 2.9527  decode.d1.loss_cls: 2.3485  decode.d1.loss_mask: 2.0299  decode.d1.loss_dice: 2.8247  decode.d2.loss_cls: 2.2407  decode.d2.loss_mask: 2.0379  decode.d2.loss_dice: 2.7224  decode.d3.loss_cls: 2.2599  decode.d3.loss_mask: 2.0521  decode.d3.loss_dice: 2.6895  decode.d4.loss_cls: 2.2548  decode.d4.loss_mask: 2.0351  decode.d4.loss_dice: 2.7269  decode.d5.loss_cls: 2.2594  decode.d5.loss_mask: 2.0362  decode.d5.loss_dice: 2.6929  decode.d6.loss_cls: 2.2682  decode.d6.loss_mask: 2.0641  decode.d6.loss_dice: 2.6500  decode.d7.loss_cls: 2.2708  decode.d7.loss_mask: 2.0329  decode.d7.loss_dice: 2.6524  decode.d8.loss_cls: 2.2597  decode.d8.loss_mask: 1.9939  decode.d8.loss_dice: 2.6603
2026/06/15 15:27:08 - mmengine - INFO - Iter(train) [  900/20000]  base_lr: 6.0013e-05 lr: 6.0013e-05  eta: 1:48:33  time: 0.3324  data_time: 0.0127  memory: 3105  grad_norm: 285.7514  loss: 70.3405  decode.loss_cls: 2.0483  decode.loss_mask: 1.9576  decode.loss_dice: 2.6927  decode.d0.loss_cls: 5.6480  decode.d0.loss_mask: 1.9616  decode.d0.loss_dice: 2.9631  decode.d1.loss_cls: 2.1232  decode.d1.loss_mask: 1.9552  decode.d1.loss_dice: 2.8110  decode.d2.loss_cls: 1.9340  decode.d2.loss_mask: 1.9505  decode.d2.loss_dice: 2.7515  decode.d3.loss_cls: 1.9066  decode.d3.loss_mask: 1.9772  decode.d3.loss_dice: 2.7314  decode.d4.loss_cls: 1.9094  decode.d4.loss_mask: 1.9731  decode.d4.loss_dice: 2.6837  decode.d5.loss_cls: 1.9461  decode.d5.loss_mask: 1.9428  decode.d5.loss_dice: 2.6457  decode.d6.loss_cls: 1.9484  decode.d6.loss_mask: 1.9529  decode.d6.loss_dice: 2.6799  decode.d7.loss_cls: 1.9868  decode.d7.loss_mask: 1.9577  decode.d7.loss_dice: 2.6814  decode.d8.loss_cls: 1.9624  decode.d8.loss_mask: 1.9824  decode.d8.loss_dice: 2.6758
2026/06/15 15:27:25 - mmengine - INFO - Iter(train) [  950/20000]  base_lr: 6.3346e-05 lr: 6.3346e-05  eta: 1:48:08  time: 0.3317  data_time: 0.0126  memory: 3124  grad_norm: 267.2164  loss: 68.5455  decode.loss_cls: 1.9789  decode.loss_mask: 1.8356  decode.loss_dice: 2.6415  decode.d0.loss_cls: 5.5368  decode.d0.loss_mask: 1.8327  decode.d0.loss_dice: 2.9388  decode.d1.loss_cls: 2.0945  decode.d1.loss_mask: 1.8684  decode.d1.loss_dice: 2.7842  decode.d2.loss_cls: 1.8671  decode.d2.loss_mask: 1.8775  decode.d2.loss_dice: 2.7134  decode.d3.loss_cls: 1.8937  decode.d3.loss_mask: 1.8306  decode.d3.loss_dice: 2.6747  decode.d4.loss_cls: 1.9002  decode.d4.loss_mask: 1.8650  decode.d4.loss_dice: 2.6701  decode.d5.loss_cls: 1.9163  decode.d5.loss_mask: 1.8608  decode.d5.loss_dice: 2.6578  decode.d6.loss_cls: 1.9402  decode.d6.loss_mask: 1.8429  decode.d6.loss_dice: 2.6329  decode.d7.loss_cls: 1.9652  decode.d7.loss_mask: 1.8303  decode.d7.loss_dice: 2.6408  decode.d8.loss_cls: 1.9582  decode.d8.loss_mask: 1.8567  decode.d8.loss_dice: 2.6396
2026/06/15 15:27:41 - mmengine - INFO - Exp name: dinov3l_m2f_pastis_v2_20260615_152144
2026/06/15 15:27:41 - mmengine - INFO - Iter(train) [ 1000/20000]  base_lr: 6.6678e-05 lr: 6.6678e-05  eta: 1:47:44  time: 0.3349  data_time: 0.0124  memory: 3105  grad_norm: 435.8181  loss: 67.2706  decode.loss_cls: 1.9655  decode.loss_mask: 1.8637  decode.loss_dice: 2.5447  decode.d0.loss_cls: 5.4415  decode.d0.loss_mask: 1.8685  decode.d0.loss_dice: 2.8309  decode.d1.loss_cls: 1.9382  decode.d1.loss_mask: 1.8752  decode.d1.loss_dice: 2.6600  decode.d2.loss_cls: 1.8031  decode.d2.loss_mask: 1.9089  decode.d2.loss_dice: 2.5944  decode.d3.loss_cls: 1.8494  decode.d3.loss_mask: 1.9351  decode.d3.loss_dice: 2.5624  decode.d4.loss_cls: 1.9217  decode.d4.loss_mask: 1.8969  decode.d4.loss_dice: 2.5494  decode.d5.loss_cls: 1.8841  decode.d5.loss_mask: 1.8991  decode.d5.loss_dice: 2.5138  decode.d6.loss_cls: 1.8569  decode.d6.loss_mask: 1.9237  decode.d6.loss_dice: 2.5244  decode.d7.loss_cls: 1.8963  decode.d7.loss_mask: 1.9017  decode.d7.loss_dice: 2.5170  decode.d8.loss_cls: 1.9415  decode.d8.loss_mask: 1.8779  decode.d8.loss_dice: 2.5249
2026/06/15 15:27:41 - mmengine - INFO - Saving checkpoint at 1000 iterations
2026/06/15 15:27:54 - mmengine - INFO - Iter(val) [ 50/121]    eta: 0:00:06  time: 0.0884  data_time: 0.0054  memory: 2642  
2026/06/15 15:27:58 - mmengine - INFO - Iter(val) [100/121]    eta: 0:00:01  time: 0.0866  data_time: 0.0052  memory: 2642  
2026/06/15 15:28:00 - mmengine - INFO - per class results:
2026/06/15 15:28:00 - mmengine - INFO - 
+---------+-------+-------+
|  Class  |  IoU  |  Acc  |
+---------+-------+-------+
|  crop_1 | 68.14 | 79.32 |
|  crop_2 | 55.59 | 78.57 |
|  crop_3 |  40.8 | 63.51 |
|  crop_4 | 38.59 |  70.7 |
|  crop_5 |  11.2 | 16.69 |
|  crop_6 | 28.02 |  61.3 |
|  crop_7 |  0.0  |  0.0  |
|  crop_8 |  0.0  |  0.0  |
|  crop_9 | 20.99 | 36.96 |
| crop_10 |  0.0  |  0.0  |
| crop_11 |  1.54 |  1.58 |
| crop_12 |  6.32 |  7.13 |
| crop_13 |  0.0  |  0.0  |
| crop_14 |  0.0  |  0.0  |
| crop_15 |  5.31 |  6.65 |
| crop_16 |  0.0  |  0.0  |
| crop_17 |  0.0  |  0.0  |
| crop_18 |  0.0  |  0.0  |
| crop_19 |  0.0  |  0.0  |
+---------+-------+-------+
2026/06/15 15:28:00 - mmengine - INFO - Iter(val) [121/121]    aAcc: 65.8800  mIoU: 14.5500  mAcc: 22.2300  data_time: 0.0090  time: 0.0933
2026/06/15 15:28:07 - mmengine - INFO - The best checkpoint with 14.5500 mIoU at 1000 iter is saved to best_mIoU_iter_1000.pth.
2026/06/15 15:28:31 - mmengine - INFO - Iter(train) [ 1050/20000]  base_lr: 7.0010e-05 lr: 7.0010e-05  eta: 1:51:45  time: 0.3398  data_time: 0.0130  memory: 10851  grad_norm: 504.2613  loss: 70.9932  decode.loss_cls: 2.2028  decode.loss_mask: 1.8814  decode.loss_dice: 2.6977  decode.d0.loss_cls: 5.5139  decode.d0.loss_mask: 1.8460  decode.d0.loss_dice: 2.9841  decode.d1.loss_cls: 2.2363  decode.d1.loss_mask: 1.8734  decode.d1.loss_dice: 2.8123  decode.d2.loss_cls: 2.0873  decode.d2.loss_mask: 1.8975  decode.d2.loss_dice: 2.7110  decode.d3.loss_cls: 2.1263  decode.d3.loss_mask: 1.9076  decode.d3.loss_dice: 2.6999  decode.d4.loss_cls: 2.1544  decode.d4.loss_mask: 1.8885  decode.d4.loss_dice: 2.6958  decode.d5.loss_cls: 2.1461  decode.d5.loss_mask: 1.8690  decode.d5.loss_dice: 2.6870  decode.d6.loss_cls: 2.1470  decode.d6.loss_mask: 1.8587  decode.d6.loss_dice: 2.6651  decode.d7.loss_cls: 2.1720  decode.d7.loss_mask: 1.8617  decode.d7.loss_dice: 2.6682  decode.d8.loss_cls: 2.1270  decode.d8.loss_mask: 1.8727  decode.d8.loss_dice: 2.7026
2026/06/15 15:28:48 - mmengine - INFO - Iter(train) [ 1100/20000]  base_lr: 7.3342e-05 lr: 7.3342e-05  eta: 1:51:14  time: 0.3391  data_time: 0.0129  memory: 3117  grad_norm: 506.2873  loss: 68.1276  decode.loss_cls: 1.9821  decode.loss_mask: 1.8425  decode.loss_dice: 2.6610  decode.d0.loss_cls: 5.4259  decode.d0.loss_mask: 1.7897  decode.d0.loss_dice: 2.9605  decode.d1.loss_cls: 2.0987  decode.d1.loss_mask: 1.7964  decode.d1.loss_dice: 2.7608  decode.d2.loss_cls: 1.9005  decode.d2.loss_mask: 1.8450  decode.d2.loss_dice: 2.6946  decode.d3.loss_cls: 1.8958  decode.d3.loss_mask: 1.8227  decode.d3.loss_dice: 2.6355  decode.d4.loss_cls: 1.9122  decode.d4.loss_mask: 1.8196  decode.d4.loss_dice: 2.6512  decode.d5.loss_cls: 1.9172  decode.d5.loss_mask: 1.8067  decode.d5.loss_dice: 2.6631  decode.d6.loss_cls: 1.9169  decode.d6.loss_mask: 1.8182  decode.d6.loss_dice: 2.6150  decode.d7.loss_cls: 1.9105  decode.d7.loss_mask: 1.8487  decode.d7.loss_dice: 2.6804  decode.d8.loss_cls: 1.9513  decode.d8.loss_mask: 1.8377  decode.d8.loss_dice: 2.6673
2026/06/15 15:29:05 - mmengine - INFO - Iter(train) [ 1150/20000]  base_lr: 7.6674e-05 lr: 7.6674e-05  eta: 1:50:48  time: 0.3424  data_time: 0.0129  memory: 3100  grad_norm: 434.5053  loss: 68.2370  decode.loss_cls: 1.8673  decode.loss_mask: 2.0252  decode.loss_dice: 2.6015  decode.d0.loss_cls: 5.4073  decode.d0.loss_mask: 1.9310  decode.d0.loss_dice: 2.8769  decode.d1.loss_cls: 1.9079  decode.d1.loss_mask: 1.9923  decode.d1.loss_dice: 2.7336  decode.d2.loss_cls: 1.8216  decode.d2.loss_mask: 2.0041  decode.d2.loss_dice: 2.6646  decode.d3.loss_cls: 1.7481  decode.d3.loss_mask: 2.0385  decode.d3.loss_dice: 2.6281  decode.d4.loss_cls: 1.7956  decode.d4.loss_mask: 2.0292  decode.d4.loss_dice: 2.6047  decode.d5.loss_cls: 1.7591  decode.d5.loss_mask: 2.0341  decode.d5.loss_dice: 2.5968  decode.d6.loss_cls: 1.7792  decode.d6.loss_mask: 2.0143  decode.d6.loss_dice: 2.5784  decode.d7.loss_cls: 1.8110  decode.d7.loss_mask: 2.0065  decode.d7.loss_dice: 2.6123  decode.d8.loss_cls: 1.7765  decode.d8.loss_mask: 2.0130  decode.d8.loss_dice: 2.5785
2026/06/15 15:29:23 - mmengine - INFO - Iter(train) [ 1200/20000]  base_lr: 8.0007e-05 lr: 8.0007e-05  eta: 1:50:22  time: 0.3424  data_time: 0.0130  memory: 3084  grad_norm: 311.2353  loss: 67.7269  decode.loss_cls: 1.9767  decode.loss_mask: 1.8651  decode.loss_dice: 2.6237  decode.d0.loss_cls: 5.3206  decode.d0.loss_mask: 1.7958  decode.d0.loss_dice: 2.8576  decode.d1.loss_cls: 2.0641  decode.d1.loss_mask: 1.8448  decode.d1.loss_dice: 2.6942  decode.d2.loss_cls: 1.8819  decode.d2.loss_mask: 1.8941  decode.d2.loss_dice: 2.6795  decode.d3.loss_cls: 1.8523  decode.d3.loss_mask: 1.8730  decode.d3.loss_dice: 2.6183  decode.d4.loss_cls: 1.9051  decode.d4.loss_mask: 1.8566  decode.d4.loss_dice: 2.6465  decode.d5.loss_cls: 1.8169  decode.d5.loss_mask: 1.8922  decode.d5.loss_dice: 2.6836  decode.d6.loss_cls: 1.8473  decode.d6.loss_mask: 1.8552  decode.d6.loss_dice: 2.6399  decode.d7.loss_cls: 1.8712  decode.d7.loss_mask: 1.8403  decode.d7.loss_dice: 2.6135  decode.d8.loss_cls: 1.9816  decode.d8.loss_mask: 1.8291  decode.d8.loss_dice: 2.6064
2026/06/15 15:29:40 - mmengine - INFO - Iter(train) [ 1250/20000]  base_lr: 8.3339e-05 lr: 8.3339e-05  eta: 1:49:55  time: 0.3354  data_time: 0.0133  memory: 3107  grad_norm: 439.5479  loss: 66.5739  decode.loss_cls: 1.8113  decode.loss_mask: 1.9221  decode.loss_dice: 2.5850  decode.d0.loss_cls: 5.3269  decode.d0.loss_mask: 1.8855  decode.d0.loss_dice: 2.7923  decode.d1.loss_cls: 1.8385  decode.d1.loss_mask: 1.9173  decode.d1.loss_dice: 2.6398  decode.d2.loss_cls: 1.6696  decode.d2.loss_mask: 1.9653  decode.d2.loss_dice: 2.6402  decode.d3.loss_cls: 1.6692  decode.d3.loss_mask: 1.9689  decode.d3.loss_dice: 2.6163  decode.d4.loss_cls: 1.6780  decode.d4.loss_mask: 1.9387  decode.d4.loss_dice: 2.6057  decode.d5.loss_cls: 1.6879  decode.d5.loss_mask: 1.9712  decode.d5.loss_dice: 2.6337  decode.d6.loss_cls: 1.6940  decode.d6.loss_mask: 1.9448  decode.d6.loss_dice: 2.6070  decode.d7.loss_cls: 1.7504  decode.d7.loss_mask: 1.9560  decode.d7.loss_dice: 2.5968  decode.d8.loss_cls: 1.7527  decode.d8.loss_mask: 1.9213  decode.d8.loss_dice: 2.5874
2026/06/15 15:29:56 - mmengine - INFO - Iter(train) [ 1300/20000]  base_lr: 8.6671e-05 lr: 8.6671e-05  eta: 1:49:26  time: 0.3353  data_time: 0.0132  memory: 3099  grad_norm: 422.8676  loss: 68.6664  decode.loss_cls: 1.9389  decode.loss_mask: 1.9973  decode.loss_dice: 2.6239  decode.d0.loss_cls: 5.2442  decode.d0.loss_mask: 1.9071  decode.d0.loss_dice: 2.8731  decode.d1.loss_cls: 1.9910  decode.d1.loss_mask: 1.9192  decode.d1.loss_dice: 2.7121  decode.d2.loss_cls: 1.8388  decode.d2.loss_mask: 1.9179  decode.d2.loss_dice: 2.6562  decode.d3.loss_cls: 1.8898  decode.d3.loss_mask: 1.9263  decode.d3.loss_dice: 2.6370  decode.d4.loss_cls: 1.8989  decode.d4.loss_mask: 1.9111  decode.d4.loss_dice: 2.6634  decode.d5.loss_cls: 1.9827  decode.d5.loss_mask: 1.9063  decode.d5.loss_dice: 2.6243  decode.d6.loss_cls: 1.9522  decode.d6.loss_mask: 1.9609  decode.d6.loss_dice: 2.6169  decode.d7.loss_cls: 1.9672  decode.d7.loss_mask: 1.9789  decode.d7.loss_dice: 2.5846  decode.d8.loss_cls: 1.9875  decode.d8.loss_mask: 1.9561  decode.d8.loss_dice: 2.6025
2026/06/15 15:30:13 - mmengine - INFO - Iter(train) [ 1350/20000]  base_lr: 9.0003e-05 lr: 9.0003e-05  eta: 1:49:00  time: 0.3402  data_time: 0.0137  memory: 3103  grad_norm: 622.3705  loss: 65.2527  decode.loss_cls: 1.8581  decode.loss_mask: 1.7946  decode.loss_dice: 2.5356  decode.d0.loss_cls: 5.1908  decode.d0.loss_mask: 1.7032  decode.d0.loss_dice: 2.8188  decode.d1.loss_cls: 1.9664  decode.d1.loss_mask: 1.7267  decode.d1.loss_dice: 2.6379  decode.d2.loss_cls: 1.8369  decode.d2.loss_mask: 1.7617  decode.d2.loss_dice: 2.5840  decode.d3.loss_cls: 1.8877  decode.d3.loss_mask: 1.7522  decode.d3.loss_dice: 2.5287  decode.d4.loss_cls: 1.8349  decode.d4.loss_mask: 1.7440  decode.d4.loss_dice: 2.5179  decode.d5.loss_cls: 1.8343  decode.d5.loss_mask: 1.7357  decode.d5.loss_dice: 2.5352  decode.d6.loss_cls: 1.8615  decode.d6.loss_mask: 1.7486  decode.d6.loss_dice: 2.5157  decode.d7.loss_cls: 1.8645  decode.d7.loss_mask: 1.7741  decode.d7.loss_dice: 2.5276  decode.d8.loss_cls: 1.8377  decode.d8.loss_mask: 1.7826  decode.d8.loss_dice: 2.5554
2026/06/15 15:30:30 - mmengine - INFO - Iter(train) [ 1400/20000]  base_lr: 9.3336e-05 lr: 9.3336e-05  eta: 1:48:35  time: 0.3402  data_time: 0.0136  memory: 3127  grad_norm: 444.3071  loss: 68.5657  decode.loss_cls: 1.9998  decode.loss_mask: 1.8527  decode.loss_dice: 2.6826  decode.d0.loss_cls: 5.0751  decode.d0.loss_mask: 1.7833  decode.d0.loss_dice: 2.9569  decode.d1.loss_cls: 2.0807  decode.d1.loss_mask: 1.7944  decode.d1.loss_dice: 2.7444  decode.d2.loss_cls: 1.9744  decode.d2.loss_mask: 1.8395  decode.d2.loss_dice: 2.7102  decode.d3.loss_cls: 1.9233  decode.d3.loss_mask: 1.8878  decode.d3.loss_dice: 2.6911  decode.d4.loss_cls: 1.9479  decode.d4.loss_mask: 1.8648  decode.d4.loss_dice: 2.6767  decode.d5.loss_cls: 1.9339  decode.d5.loss_mask: 1.8858  decode.d5.loss_dice: 2.6871  decode.d6.loss_cls: 1.9406  decode.d6.loss_mask: 1.8661  decode.d6.loss_dice: 2.6893  decode.d7.loss_cls: 1.9236  decode.d7.loss_mask: 1.9027  decode.d7.loss_dice: 2.6810  decode.d8.loss_cls: 1.9908  decode.d8.loss_mask: 1.9040  decode.d8.loss_dice: 2.6751
2026/06/15 15:30:47 - mmengine - INFO - Iter(train) [ 1450/20000]  base_lr: 9.6668e-05 lr: 9.6668e-05  eta: 1:48:11  time: 0.3402  data_time: 0.0134  memory: 3105  grad_norm: 705.1812  loss: 66.4974  decode.loss_cls: 1.8299  decode.loss_mask: 1.9183  decode.loss_dice: 2.6261  decode.d0.loss_cls: 5.1554  decode.d0.loss_mask: 1.8755  decode.d0.loss_dice: 2.8192  decode.d1.loss_cls: 1.7969  decode.d1.loss_mask: 1.9170  decode.d1.loss_dice: 2.6595  decode.d2.loss_cls: 1.6982  decode.d2.loss_mask: 1.9176  decode.d2.loss_dice: 2.6444  decode.d3.loss_cls: 1.6828  decode.d3.loss_mask: 1.9088  decode.d3.loss_dice: 2.6113  decode.d4.loss_cls: 1.7161  decode.d4.loss_mask: 1.9172  decode.d4.loss_dice: 2.6213  decode.d5.loss_cls: 1.7498  decode.d5.loss_mask: 1.9160  decode.d5.loss_dice: 2.6094  decode.d6.loss_cls: 1.7583  decode.d6.loss_mask: 1.9113  decode.d6.loss_dice: 2.6074  decode.d7.loss_cls: 1.7987  decode.d7.loss_mask: 1.8868  decode.d7.loss_dice: 2.6066  decode.d8.loss_cls: 1.8405  decode.d8.loss_mask: 1.8859  decode.d8.loss_dice: 2.6111
2026/06/15 15:31:05 - mmengine - INFO - Iter(train) [ 1500/20000]  base_lr: 1.0000e-04 lr: 1.0000e-04  eta: 1:47:51  time: 0.3649  data_time: 0.0135  memory: 3115  grad_norm: 481.2160  loss: 63.3287  decode.loss_cls: 1.7218  decode.loss_mask: 1.8026  decode.loss_dice: 2.4175  decode.d0.loss_cls: 5.0649  decode.d0.loss_mask: 1.7813  decode.d0.loss_dice: 2.6769  decode.d1.loss_cls: 1.8478  decode.d1.loss_mask: 1.8009  decode.d1.loss_dice: 2.5362  decode.d2.loss_cls: 1.7641  decode.d2.loss_mask: 1.8176  decode.d2.loss_dice: 2.4607  decode.d3.loss_cls: 1.6994  decode.d3.loss_mask: 1.8115  decode.d3.loss_dice: 2.3991  decode.d4.loss_cls: 1.7296  decode.d4.loss_mask: 1.7878  decode.d4.loss_dice: 2.4224  decode.d5.loss_cls: 1.7438  decode.d5.loss_mask: 1.8069  decode.d5.loss_dice: 2.3927  decode.d6.loss_cls: 1.7249  decode.d6.loss_mask: 1.8037  decode.d6.loss_dice: 2.3941  decode.d7.loss_cls: 1.7313  decode.d7.loss_mask: 1.8090  decode.d7.loss_dice: 2.4038  decode.d8.loss_cls: 1.7467  decode.d8.loss_mask: 1.8235  decode.d8.loss_dice: 2.4059
2026/06/15 15:31:22 - mmengine - INFO - Iter(train) [ 1550/20000]  base_lr: 9.9762e-05 lr: 9.9762e-05  eta: 1:47:28  time: 0.3395  data_time: 0.0132  memory: 3114  grad_norm: 503.1347  loss: 64.5614  decode.loss_cls: 1.8606  decode.loss_mask: 1.8322  decode.loss_dice: 2.4855  decode.d0.loss_cls: 4.9262  decode.d0.loss_mask: 1.8108  decode.d0.loss_dice: 2.7245  decode.d1.loss_cls: 1.8483  decode.d1.loss_mask: 1.8454  decode.d1.loss_dice: 2.5677  decode.d2.loss_cls: 1.7933  decode.d2.loss_mask: 1.8023  decode.d2.loss_dice: 2.5055  decode.d3.loss_cls: 1.7614  decode.d3.loss_mask: 1.8377  decode.d3.loss_dice: 2.4806  decode.d4.loss_cls: 1.7937  decode.d4.loss_mask: 1.8214  decode.d4.loss_dice: 2.4817  decode.d5.loss_cls: 1.7849  decode.d5.loss_mask: 1.8453  decode.d5.loss_dice: 2.4912  decode.d6.loss_cls: 1.7758  decode.d6.loss_mask: 1.8088  decode.d6.loss_dice: 2.4716  decode.d7.loss_cls: 1.7877  decode.d7.loss_mask: 1.8019  decode.d7.loss_dice: 2.4846  decode.d8.loss_cls: 1.8229  decode.d8.loss_mask: 1.8264  decode.d8.loss_dice: 2.4816
2026/06/15 15:31:39 - mmengine - INFO - Iter(train) [ 1600/20000]  base_lr: 9.9518e-05 lr: 9.9518e-05  eta: 1:47:07  time: 0.3504  data_time: 0.0135  memory: 3109  grad_norm: 521.0380  loss: 66.6109  decode.loss_cls: 1.8693  decode.loss_mask: 1.8777  decode.loss_dice: 2.5909  decode.d0.loss_cls: 4.9991  decode.d0.loss_mask: 1.8436  decode.d0.loss_dice: 2.8302  decode.d1.loss_cls: 1.9664  decode.d1.loss_mask: 1.8182  decode.d1.loss_dice: 2.6918  decode.d2.loss_cls: 1.8617  decode.d2.loss_mask: 1.8343  decode.d2.loss_dice: 2.6323  decode.d3.loss_cls: 1.8472  decode.d3.loss_mask: 1.8426  decode.d3.loss_dice: 2.6062  decode.d4.loss_cls: 1.8012  decode.d4.loss_mask: 1.8275  decode.d4.loss_dice: 2.5961  decode.d5.loss_cls: 1.7827  decode.d5.loss_mask: 1.8816  decode.d5.loss_dice: 2.6212  decode.d6.loss_cls: 1.8215  decode.d6.loss_mask: 1.8353  decode.d6.loss_dice: 2.6040  decode.d7.loss_cls: 1.8591  decode.d7.loss_mask: 1.8587  decode.d7.loss_dice: 2.6106  decode.d8.loss_cls: 1.9383  decode.d8.loss_mask: 1.8675  decode.d8.loss_dice: 2.5940
2026/06/15 15:31:56 - mmengine - INFO - Iter(train) [ 1650/20000]  base_lr: 9.9275e-05 lr: 9.9275e-05  eta: 1:46:46  time: 0.3447  data_time: 0.0132  memory: 3092  grad_norm: 680.4872  loss: 65.9701  decode.loss_cls: 1.7144  decode.loss_mask: 1.9087  decode.loss_dice: 2.7021  decode.d0.loss_cls: 4.9085  decode.d0.loss_mask: 1.8639  decode.d0.loss_dice: 2.8217  decode.d1.loss_cls: 1.7511  decode.d1.loss_mask: 1.8932  decode.d1.loss_dice: 2.7174  decode.d2.loss_cls: 1.6039  decode.d2.loss_mask: 1.9108  decode.d2.loss_dice: 2.7025  decode.d3.loss_cls: 1.5965  decode.d3.loss_mask: 1.9023  decode.d3.loss_dice: 2.6765  decode.d4.loss_cls: 1.6157  decode.d4.loss_mask: 1.9090  decode.d4.loss_dice: 2.6938  decode.d5.loss_cls: 1.6184  decode.d5.loss_mask: 1.9590  decode.d5.loss_dice: 2.6970  decode.d6.loss_cls: 1.6735  decode.d6.loss_mask: 1.9006  decode.d6.loss_dice: 2.6784  decode.d7.loss_cls: 1.6758  decode.d7.loss_mask: 1.9198  decode.d7.loss_dice: 2.6819  decode.d8.loss_cls: 1.7031  decode.d8.loss_mask: 1.8948  decode.d8.loss_dice: 2.6757
2026/06/15 15:32:13 - mmengine - INFO - Iter(train) [ 1700/20000]  base_lr: 9.9031e-05 lr: 9.9031e-05  eta: 1:46:26  time: 0.3432  data_time: 0.0125  memory: 3100  grad_norm: 574.9069  loss: 65.0498  decode.loss_cls: 1.7538  decode.loss_mask: 1.8303  decode.loss_dice: 2.5693  decode.d0.loss_cls: 4.8853  decode.d0.loss_mask: 1.7648  decode.d0.loss_dice: 2.7857  decode.d1.loss_cls: 1.8039  decode.d1.loss_mask: 1.8397  decode.d1.loss_dice: 2.6815  decode.d2.loss_cls: 1.6640  decode.d2.loss_mask: 1.8955  decode.d2.loss_dice: 2.6421  decode.d3.loss_cls: 1.6219  decode.d3.loss_mask: 1.8965  decode.d3.loss_dice: 2.6129  decode.d4.loss_cls: 1.6668  decode.d4.loss_mask: 1.8644  decode.d4.loss_dice: 2.6070  decode.d5.loss_cls: 1.7084  decode.d5.loss_mask: 1.8510  decode.d5.loss_dice: 2.5895  decode.d6.loss_cls: 1.7397  decode.d6.loss_mask: 1.8634  decode.d6.loss_dice: 2.5907  decode.d7.loss_cls: 1.7342  decode.d7.loss_mask: 1.8480  decode.d7.loss_dice: 2.5868  decode.d8.loss_cls: 1.7447  decode.d8.loss_mask: 1.8457  decode.d8.loss_dice: 2.5621
2026/06/15 15:32:31 - mmengine - INFO - Iter(train) [ 1750/20000]  base_lr: 9.8788e-05 lr: 9.8788e-05  eta: 1:46:09  time: 0.3609  data_time: 0.0135  memory: 3105  grad_norm: 567.6140  loss: 65.7453  decode.loss_cls: 1.9026  decode.loss_mask: 1.8757  decode.loss_dice: 2.5315  decode.d0.loss_cls: 4.8263  decode.d0.loss_mask: 1.7717  decode.d0.loss_dice: 2.7619  decode.d1.loss_cls: 1.9117  decode.d1.loss_mask: 1.7894  decode.d1.loss_dice: 2.5922  decode.d2.loss_cls: 1.7966  decode.d2.loss_mask: 1.8594  decode.d2.loss_dice: 2.5473  decode.d3.loss_cls: 1.7665  decode.d3.loss_mask: 1.8736  decode.d3.loss_dice: 2.5326  decode.d4.loss_cls: 1.8332  decode.d4.loss_mask: 1.8798  decode.d4.loss_dice: 2.5570  decode.d5.loss_cls: 1.8085  decode.d5.loss_mask: 1.8826  decode.d5.loss_dice: 2.5625  decode.d6.loss_cls: 1.8044  decode.d6.loss_mask: 1.8956  decode.d6.loss_dice: 2.5677  decode.d7.loss_cls: 1.8782  decode.d7.loss_mask: 1.8836  decode.d7.loss_dice: 2.5190  decode.d8.loss_cls: 1.9124  decode.d8.loss_mask: 1.8859  decode.d8.loss_dice: 2.5358
2026/06/15 15:32:48 - mmengine - INFO - Iter(train) [ 1800/20000]  base_lr: 9.8544e-05 lr: 9.8544e-05  eta: 1:45:55  time: 0.3539  data_time: 0.0132  memory: 3113  grad_norm: 554.7000  loss: 62.3497  decode.loss_cls: 1.6058  decode.loss_mask: 1.9504  decode.loss_dice: 2.4227  decode.d0.loss_cls: 4.6647  decode.d0.loss_mask: 1.8721  decode.d0.loss_dice: 2.5905  decode.d1.loss_cls: 1.6684  decode.d1.loss_mask: 1.8748  decode.d1.loss_dice: 2.4161  decode.d2.loss_cls: 1.5298  decode.d2.loss_mask: 1.9305  decode.d2.loss_dice: 2.3828  decode.d3.loss_cls: 1.5616  decode.d3.loss_mask: 1.9353  decode.d3.loss_dice: 2.3478  decode.d4.loss_cls: 1.5337  decode.d4.loss_mask: 1.9601  decode.d4.loss_dice: 2.3600  decode.d5.loss_cls: 1.5542  decode.d5.loss_mask: 1.9702  decode.d5.loss_dice: 2.3913  decode.d6.loss_cls: 1.5805  decode.d6.loss_mask: 1.9917  decode.d6.loss_dice: 2.3800  decode.d7.loss_cls: 1.5606  decode.d7.loss_mask: 1.9827  decode.d7.loss_dice: 2.3916  decode.d8.loss_cls: 1.5802  decode.d8.loss_mask: 1.9586  decode.d8.loss_dice: 2.4010
2026/06/15 15:33:06 - mmengine - INFO - Iter(train) [ 1850/20000]  base_lr: 9.8300e-05 lr: 9.8300e-05  eta: 1:45:36  time: 0.3447  data_time: 0.0129  memory: 3094  grad_norm: 679.3200  loss: 62.9653  decode.loss_cls: 1.7874  decode.loss_mask: 1.8227  decode.loss_dice: 2.4134  decode.d0.loss_cls: 4.7927  decode.d0.loss_mask: 1.7353  decode.d0.loss_dice: 2.6253  decode.d1.loss_cls: 1.8392  decode.d1.loss_mask: 1.7815  decode.d1.loss_dice: 2.4536  decode.d2.loss_cls: 1.6756  decode.d2.loss_mask: 1.8451  decode.d2.loss_dice: 2.4341  decode.d3.loss_cls: 1.6999  decode.d3.loss_mask: 1.8358  decode.d3.loss_dice: 2.3715  decode.d4.loss_cls: 1.6578  decode.d4.loss_mask: 1.8540  decode.d4.loss_dice: 2.4221  decode.d5.loss_cls: 1.6780  decode.d5.loss_mask: 1.8171  decode.d5.loss_dice: 2.4216  decode.d6.loss_cls: 1.7203  decode.d6.loss_mask: 1.8205  decode.d6.loss_dice: 2.4263  decode.d7.loss_cls: 1.7694  decode.d7.loss_mask: 1.8094  decode.d7.loss_dice: 2.4372  decode.d8.loss_cls: 1.7501  decode.d8.loss_mask: 1.8345  decode.d8.loss_dice: 2.4339
2026/06/15 15:33:23 - mmengine - INFO - Iter(train) [ 1900/20000]  base_lr: 9.8057e-05 lr: 9.8057e-05  eta: 1:45:16  time: 0.3439  data_time: 0.0128  memory: 3097  grad_norm: 650.4738  loss: 63.4441  decode.loss_cls: 1.7266  decode.loss_mask: 1.9069  decode.loss_dice: 2.3908  decode.d0.loss_cls: 4.7260  decode.d0.loss_mask: 1.8427  decode.d0.loss_dice: 2.6777  decode.d1.loss_cls: 1.7710  decode.d1.loss_mask: 1.8415  decode.d1.loss_dice: 2.5082  decode.d2.loss_cls: 1.7107  decode.d2.loss_mask: 1.8404  decode.d2.loss_dice: 2.3993  decode.d3.loss_cls: 1.7091  decode.d3.loss_mask: 1.9017  decode.d3.loss_dice: 2.3847  decode.d4.loss_cls: 1.7563  decode.d4.loss_mask: 1.8605  decode.d4.loss_dice: 2.3682  decode.d5.loss_cls: 1.7574  decode.d5.loss_mask: 1.9176  decode.d5.loss_dice: 2.3826  decode.d6.loss_cls: 1.7512  decode.d6.loss_mask: 1.9042  decode.d6.loss_dice: 2.3876  decode.d7.loss_cls: 1.7223  decode.d7.loss_mask: 1.8924  decode.d7.loss_dice: 2.3923  decode.d8.loss_cls: 1.7300  decode.d8.loss_mask: 1.8993  decode.d8.loss_dice: 2.3848
2026/06/15 15:33:40 - mmengine - INFO - Iter(train) [ 1950/20000]  base_lr: 9.7813e-05 lr: 9.7813e-05  eta: 1:44:57  time: 0.3461  data_time: 0.0128  memory: 3106  grad_norm: 580.0363  loss: 64.0196  decode.loss_cls: 1.7018  decode.loss_mask: 1.8448  decode.loss_dice: 2.6127  decode.d0.loss_cls: 4.5235  decode.d0.loss_mask: 1.7848  decode.d0.loss_dice: 2.7844  decode.d1.loss_cls: 1.7732  decode.d1.loss_mask: 1.7873  decode.d1.loss_dice: 2.6711  decode.d2.loss_cls: 1.6559  decode.d2.loss_mask: 1.8084  decode.d2.loss_dice: 2.6207  decode.d3.loss_cls: 1.6568  decode.d3.loss_mask: 1.7970  decode.d3.loss_dice: 2.5755  decode.d4.loss_cls: 1.6481  decode.d4.loss_mask: 1.7996  decode.d4.loss_dice: 2.5627  decode.d5.loss_cls: 1.6961  decode.d5.loss_mask: 1.8011  decode.d5.loss_dice: 2.5716  decode.d6.loss_cls: 1.6413  decode.d6.loss_mask: 1.8478  decode.d6.loss_dice: 2.5861  decode.d7.loss_cls: 1.6913  decode.d7.loss_mask: 1.8202  decode.d7.loss_dice: 2.6101  decode.d8.loss_cls: 1.6748  decode.d8.loss_mask: 1.8460  decode.d8.loss_dice: 2.6250
2026/06/15 15:33:58 - mmengine - INFO - Exp name: dinov3l_m2f_pastis_v2_20260615_152144
2026/06/15 15:33:58 - mmengine - INFO - Iter(train) [ 2000/20000]  base_lr: 9.7569e-05 lr: 9.7569e-05  eta: 1:44:38  time: 0.3470  data_time: 0.0138  memory: 3100  grad_norm: 502.7039  loss: 59.9484  decode.loss_cls: 1.4328  decode.loss_mask: 1.8635  decode.loss_dice: 2.3992  decode.d0.loss_cls: 4.4356  decode.d0.loss_mask: 1.8749  decode.d0.loss_dice: 2.6267  decode.d1.loss_cls: 1.5286  decode.d1.loss_mask: 1.8045  decode.d1.loss_dice: 2.4030  decode.d2.loss_cls: 1.4197  decode.d2.loss_mask: 1.8662  decode.d2.loss_dice: 2.3739  decode.d3.loss_cls: 1.4200  decode.d3.loss_mask: 1.8649  decode.d3.loss_dice: 2.3569  decode.d4.loss_cls: 1.4339  decode.d4.loss_mask: 1.8471  decode.d4.loss_dice: 2.3611  decode.d5.loss_cls: 1.4057  decode.d5.loss_mask: 1.8526  decode.d5.loss_dice: 2.3440  decode.d6.loss_cls: 1.4148  decode.d6.loss_mask: 1.8825  decode.d6.loss_dice: 2.3748  decode.d7.loss_cls: 1.4013  decode.d7.loss_mask: 1.8834  decode.d7.loss_dice: 2.3977  decode.d8.loss_cls: 1.4329  decode.d8.loss_mask: 1.8524  decode.d8.loss_dice: 2.3936
2026/06/15 15:33:58 - mmengine - INFO - Saving checkpoint at 2000 iterations
2026/06/15 15:34:08 - mmengine - INFO - Iter(val) [ 50/121]    eta: 0:00:06  time: 0.0894  data_time: 0.0056  memory: 2643  
2026/06/15 15:34:13 - mmengine - INFO - Iter(val) [100/121]    eta: 0:00:01  time: 0.0872  data_time: 0.0056  memory: 2643  
2026/06/15 15:34:15 - mmengine - INFO - per class results:
2026/06/15 15:34:15 - mmengine - INFO - 
+---------+-------+-------+
|  Class  |  IoU  |  Acc  |
+---------+-------+-------+
|  crop_1 | 69.46 | 78.92 |
|  crop_2 | 57.97 | 75.06 |
|  crop_3 | 49.65 |  77.8 |
|  crop_4 |  58.7 | 74.33 |
|  crop_5 | 19.04 | 37.17 |
|  crop_6 | 46.95 | 79.56 |
|  crop_7 |  0.0  |  0.0  |
|  crop_8 |  0.35 |  0.36 |
|  crop_9 | 25.85 | 44.54 |
| crop_10 | 41.58 | 78.03 |
| crop_11 | 13.26 | 22.11 |
| crop_12 | 12.49 | 16.84 |
| crop_13 | 15.21 | 38.13 |
| crop_14 |  0.02 |  0.02 |
| crop_15 |  10.1 | 16.86 |
| crop_16 |  7.22 | 11.16 |
| crop_17 | 14.95 | 31.14 |
| crop_18 |  1.23 |  1.36 |
| crop_19 |  0.0  |  0.0  |
+---------+-------+-------+
2026/06/15 15:34:15 - mmengine - INFO - Iter(val) [121/121]    aAcc: 69.4600  mIoU: 23.3700  mAcc: 35.9700  data_time: 0.0065  time: 0.0911
2026/06/15 15:34:15 - mmengine - INFO - The previous best checkpoint /mnt/ht2-nas2/00-model/00-fb/mmseg_dino/work_dirs/dinov3l_m2f_pastis_v2/best_mIoU_iter_1000.pth is removed
2026/06/15 15:34:21 - mmengine - INFO - The best checkpoint with 23.3700 mIoU at 2000 iter is saved to best_mIoU_iter_2000.pth.
2026/06/15 15:35:04 - mmengine - INFO - Iter(train) [ 2050/20000]  base_lr: 9.7325e-05 lr: 9.7325e-05  eta: 1:49:03  time: 0.3494  data_time: 0.0138  memory: 3096  grad_norm: 584.3501  loss: 61.9796  decode.loss_cls: 1.6194  decode.loss_mask: 1.7971  decode.loss_dice: 2.5000  decode.d0.loss_cls: 4.5983  decode.d0.loss_mask: 1.7246  decode.d0.loss_dice: 2.6878  decode.d1.loss_cls: 1.7616  decode.d1.loss_mask: 1.7574  decode.d1.loss_dice: 2.5742  decode.d2.loss_cls: 1.5908  decode.d2.loss_mask: 1.7655  decode.d2.loss_dice: 2.5171  decode.d3.loss_cls: 1.5721  decode.d3.loss_mask: 1.7674  decode.d3.loss_dice: 2.4681  decode.d4.loss_cls: 1.5871  decode.d4.loss_mask: 1.7889  decode.d4.loss_dice: 2.4825  decode.d5.loss_cls: 1.5964  decode.d5.loss_mask: 1.7668  decode.d5.loss_dice: 2.4709  decode.d6.loss_cls: 1.5933  decode.d6.loss_mask: 1.7679  decode.d6.loss_dice: 2.4866  decode.d7.loss_cls: 1.6161  decode.d7.loss_mask: 1.7717  decode.d7.loss_dice: 2.4797  decode.d8.loss_cls: 1.6189  decode.d8.loss_mask: 1.7654  decode.d8.loss_dice: 2.4859
2026/06/15 15:35:22 - mmengine - INFO - Iter(train) [ 2100/20000]  base_lr: 9.7081e-05 lr: 9.7081e-05  eta: 1:48:36  time: 0.3381  data_time: 0.0131  memory: 3100  grad_norm: 481.4418  loss: 61.0167  decode.loss_cls: 1.5608  decode.loss_mask: 1.7649  decode.loss_dice: 2.4425  decode.d0.loss_cls: 4.4298  decode.d0.loss_mask: 1.7665  decode.d0.loss_dice: 2.6766  decode.d1.loss_cls: 1.6642  decode.d1.loss_mask: 1.8066  decode.d1.loss_dice: 2.5151  decode.d2.loss_cls: 1.5161  decode.d2.loss_mask: 1.8067  decode.d2.loss_dice: 2.5081  decode.d3.loss_cls: 1.4738  decode.d3.loss_mask: 1.7837  decode.d3.loss_dice: 2.4605  decode.d4.loss_cls: 1.5001  decode.d4.loss_mask: 1.7900  decode.d4.loss_dice: 2.4824  decode.d5.loss_cls: 1.5523  decode.d5.loss_mask: 1.7703  decode.d5.loss_dice: 2.4365  decode.d6.loss_cls: 1.5305  decode.d6.loss_mask: 1.7742  decode.d6.loss_dice: 2.4259  decode.d7.loss_cls: 1.5596  decode.d7.loss_mask: 1.7691  decode.d7.loss_dice: 2.4325  decode.d8.loss_cls: 1.6122  decode.d8.loss_mask: 1.7838  decode.d8.loss_dice: 2.4216
2026/06/15 15:35:39 - mmengine - INFO - Iter(train) [ 2150/20000]  base_lr: 9.6837e-05 lr: 9.6837e-05  eta: 1:48:08  time: 0.3406  data_time: 0.0135  memory: 3091  grad_norm: 545.9591  loss: 61.7976  decode.loss_cls: 1.4246  decode.loss_mask: 1.9715  decode.loss_dice: 2.4697  decode.d0.loss_cls: 4.4493  decode.d0.loss_mask: 1.9409  decode.d0.loss_dice: 2.6370  decode.d1.loss_cls: 1.4753  decode.d1.loss_mask: 1.9829  decode.d1.loss_dice: 2.5052  decode.d2.loss_cls: 1.4650  decode.d2.loss_mask: 1.9964  decode.d2.loss_dice: 2.4715  decode.d3.loss_cls: 1.3891  decode.d3.loss_mask: 1.9936  decode.d3.loss_dice: 2.4766  decode.d4.loss_cls: 1.3863  decode.d4.loss_mask: 1.9821  decode.d4.loss_dice: 2.4783  decode.d5.loss_cls: 1.3743  decode.d5.loss_mask: 1.9796  decode.d5.loss_dice: 2.4815  decode.d6.loss_cls: 1.3832  decode.d6.loss_mask: 1.9892  decode.d6.loss_dice: 2.4590  decode.d7.loss_cls: 1.4347  decode.d7.loss_mask: 1.9361  decode.d7.loss_dice: 2.4412  decode.d8.loss_cls: 1.4154  decode.d8.loss_mask: 1.9530  decode.d8.loss_dice: 2.4551
2026/06/15 15:35:56 - mmengine - INFO - Iter(train) [ 2200/20000]  base_lr: 9.6593e-05 lr: 9.6593e-05  eta: 1:47:42  time: 0.3452  data_time: 0.0130  memory: 3098  grad_norm: 557.2610  loss: 62.0037  decode.loss_cls: 1.8508  decode.loss_mask: 1.7702  decode.loss_dice: 2.3284  decode.d0.loss_cls: 4.3827  decode.d0.loss_mask: 1.7389  decode.d0.loss_dice: 2.5891  decode.d1.loss_cls: 1.8052  decode.d1.loss_mask: 1.7370  decode.d1.loss_dice: 2.4590  decode.d2.loss_cls: 1.7043  decode.d2.loss_mask: 1.7592  decode.d2.loss_dice: 2.4062  decode.d3.loss_cls: 1.7741  decode.d3.loss_mask: 1.7607  decode.d3.loss_dice: 2.3705  decode.d4.loss_cls: 1.7326  decode.d4.loss_mask: 1.7844  decode.d4.loss_dice: 2.3825  decode.d5.loss_cls: 1.7653  decode.d5.loss_mask: 1.7809  decode.d5.loss_dice: 2.3672  decode.d6.loss_cls: 1.8028  decode.d6.loss_mask: 1.7757  decode.d6.loss_dice: 2.3562  decode.d7.loss_cls: 1.8005  decode.d7.loss_mask: 1.7566  decode.d7.loss_dice: 2.3356  decode.d8.loss_cls: 1.7925  decode.d8.loss_mask: 1.7783  decode.d8.loss_dice: 2.3562
2026/06/15 15:36:13 - mmengine - INFO - Iter(train) [ 2250/20000]  base_lr: 9.6349e-05 lr: 9.6349e-05  eta: 1:47:16  time: 0.3472  data_time: 0.0129  memory: 3094  grad_norm: 552.2229  loss: 61.8138  decode.loss_cls: 1.6341  decode.loss_mask: 1.8240  decode.loss_dice: 2.4144  decode.d0.loss_cls: 4.3706  decode.d0.loss_mask: 1.7988  decode.d0.loss_dice: 2.6939  decode.d1.loss_cls: 1.7066  decode.d1.loss_mask: 1.8099  decode.d1.loss_dice: 2.5490  decode.d2.loss_cls: 1.5829  decode.d2.loss_mask: 1.8421  decode.d2.loss_dice: 2.4859  decode.d3.loss_cls: 1.5988  decode.d3.loss_mask: 1.8222  decode.d3.loss_dice: 2.4500  decode.d4.loss_cls: 1.6288  decode.d4.loss_mask: 1.8052  decode.d4.loss_dice: 2.4496  decode.d5.loss_cls: 1.5520  decode.d5.loss_mask: 1.8412  decode.d5.loss_dice: 2.4480  decode.d6.loss_cls: 1.6050  decode.d6.loss_mask: 1.7895  decode.d6.loss_dice: 2.4334  decode.d7.loss_cls: 1.6016  decode.d7.loss_mask: 1.8247  decode.d7.loss_dice: 2.4156  decode.d8.loss_cls: 1.6198  decode.d8.loss_mask: 1.8191  decode.d8.loss_dice: 2.3973
2026/06/15 15:36:30 - mmengine - INFO - Iter(train) [ 2300/20000]  base_lr: 9.6104e-05 lr: 9.6104e-05  eta: 1:46:51  time: 0.3417  data_time: 0.0129  memory: 3094  grad_norm: 465.4308  loss: 60.2532  decode.loss_cls: 1.6175  decode.loss_mask: 1.7405  decode.loss_dice: 2.3313  decode.d0.loss_cls: 4.2166  decode.d0.loss_mask: 1.7473  decode.d0.loss_dice: 2.6252  decode.d1.loss_cls: 1.6509  decode.d1.loss_mask: 1.7346  decode.d1.loss_dice: 2.4497  decode.d2.loss_cls: 1.5909  decode.d2.loss_mask: 1.7571  decode.d2.loss_dice: 2.4079  decode.d3.loss_cls: 1.5972  decode.d3.loss_mask: 1.7769  decode.d3.loss_dice: 2.3899  decode.d4.loss_cls: 1.6112  decode.d4.loss_mask: 1.7776  decode.d4.loss_dice: 2.3754  decode.d5.loss_cls: 1.6014  decode.d5.loss_mask: 1.7680  decode.d5.loss_dice: 2.3647  decode.d6.loss_cls: 1.6013  decode.d6.loss_mask: 1.7458  decode.d6.loss_dice: 2.3555  decode.d7.loss_cls: 1.6349  decode.d7.loss_mask: 1.7489  decode.d7.loss_dice: 2.3488  decode.d8.loss_cls: 1.5854  decode.d8.loss_mask: 1.7563  decode.d8.loss_dice: 2.3445
2026/06/15 15:36:47 - mmengine - INFO - Iter(train) [ 2350/20000]  base_lr: 9.5860e-05 lr: 9.5860e-05  eta: 1:46:25  time: 0.3409  data_time: 0.0130  memory: 3097  grad_norm: 470.0228  loss: 61.0931  decode.loss_cls: 1.7003  decode.loss_mask: 1.7039  decode.loss_dice: 2.4592  decode.d0.loss_cls: 4.0704  decode.d0.loss_mask: 1.7050  decode.d0.loss_dice: 2.7010  decode.d1.loss_cls: 1.7098  decode.d1.loss_mask: 1.7117  decode.d1.loss_dice: 2.5468  decode.d2.loss_cls: 1.5782  decode.d2.loss_mask: 1.7323  decode.d2.loss_dice: 2.5157  decode.d3.loss_cls: 1.6042  decode.d3.loss_mask: 1.7172  decode.d3.loss_dice: 2.4612  decode.d4.loss_cls: 1.6016  decode.d4.loss_mask: 1.7087  decode.d4.loss_dice: 2.4831  decode.d5.loss_cls: 1.6723  decode.d5.loss_mask: 1.7254  decode.d5.loss_dice: 2.4671  decode.d6.loss_cls: 1.6819  decode.d6.loss_mask: 1.7270  decode.d6.loss_dice: 2.4348  decode.d7.loss_cls: 1.6605  decode.d7.loss_mask: 1.7172  decode.d7.loss_dice: 2.4560  decode.d8.loss_cls: 1.6765  decode.d8.loss_mask: 1.7051  decode.d8.loss_dice: 2.4589
2026/06/15 15:37:04 - mmengine - INFO - Iter(train) [ 2400/20000]  base_lr: 9.5615e-05 lr: 9.5615e-05  eta: 1:45:58  time: 0.3402  data_time: 0.0136  memory: 3105  grad_norm: 504.6570  loss: 59.4796  decode.loss_cls: 1.4418  decode.loss_mask: 1.8362  decode.loss_dice: 2.3657  decode.d0.loss_cls: 4.1555  decode.d0.loss_mask: 1.8295  decode.d0.loss_dice: 2.5300  decode.d1.loss_cls: 1.4994  decode.d1.loss_mask: 1.8286  decode.d1.loss_dice: 2.4145  decode.d2.loss_cls: 1.4064  decode.d2.loss_mask: 1.8214  decode.d2.loss_dice: 2.3761  decode.d3.loss_cls: 1.4683  decode.d3.loss_mask: 1.8463  decode.d3.loss_dice: 2.3594  decode.d4.loss_cls: 1.4284  decode.d4.loss_mask: 1.8133  decode.d4.loss_dice: 2.3719  decode.d5.loss_cls: 1.4185  decode.d5.loss_mask: 1.8396  decode.d5.loss_dice: 2.3962  decode.d6.loss_cls: 1.4699  decode.d6.loss_mask: 1.8292  decode.d6.loss_dice: 2.3808  decode.d7.loss_cls: 1.4380  decode.d7.loss_mask: 1.8632  decode.d7.loss_dice: 2.3808  decode.d8.loss_cls: 1.4432  decode.d8.loss_mask: 1.8600  decode.d8.loss_dice: 2.3676
2026/06/15 15:37:21 - mmengine - INFO - Iter(train) [ 2450/20000]  base_lr: 9.5371e-05 lr: 9.5371e-05  eta: 1:45:34  time: 0.3403  data_time: 0.0135  memory: 3104  grad_norm: 564.2744  loss: 60.2203  decode.loss_cls: 1.5913  decode.loss_mask: 1.7892  decode.loss_dice: 2.3695  decode.d0.loss_cls: 4.1003  decode.d0.loss_mask: 1.7450  decode.d0.loss_dice: 2.5732  decode.d1.loss_cls: 1.7082  decode.d1.loss_mask: 1.7682  decode.d1.loss_dice: 2.4480  decode.d2.loss_cls: 1.5539  decode.d2.loss_mask: 1.7882  decode.d2.loss_dice: 2.3940  decode.d3.loss_cls: 1.5504  decode.d3.loss_mask: 1.8241  decode.d3.loss_dice: 2.3492  decode.d4.loss_cls: 1.5442  decode.d4.loss_mask: 1.8095  decode.d4.loss_dice: 2.3685  decode.d5.loss_cls: 1.5935  decode.d5.loss_mask: 1.7751  decode.d5.loss_dice: 2.3467  decode.d6.loss_cls: 1.6049  decode.d6.loss_mask: 1.7875  decode.d6.loss_dice: 2.3289  decode.d7.loss_cls: 1.6236  decode.d7.loss_mask: 1.7816  decode.d7.loss_dice: 2.3443  decode.d8.loss_cls: 1.6234  decode.d8.loss_mask: 1.7812  decode.d8.loss_dice: 2.3545
2026/06/15 15:37:39 - mmengine - INFO - Iter(train) [ 2500/20000]  base_lr: 9.5126e-05 lr: 9.5126e-05  eta: 1:45:09  time: 0.3409  data_time: 0.0133  memory: 3105  grad_norm: 654.1445  loss: 57.6580  decode.loss_cls: 1.5167  decode.loss_mask: 1.7106  decode.loss_dice: 2.2506  decode.d0.loss_cls: 3.9583  decode.d0.loss_mask: 1.7203  decode.d0.loss_dice: 2.4575  decode.d1.loss_cls: 1.5294  decode.d1.loss_mask: 1.7519  decode.d1.loss_dice: 2.3527  decode.d2.loss_cls: 1.4490  decode.d2.loss_mask: 1.7556  decode.d2.loss_dice: 2.3374  decode.d3.loss_cls: 1.4023  decode.d3.loss_mask: 1.7680  decode.d3.loss_dice: 2.3101  decode.d4.loss_cls: 1.3944  decode.d4.loss_mask: 1.7563  decode.d4.loss_dice: 2.3058  decode.d5.loss_cls: 1.4387  decode.d5.loss_mask: 1.7448  decode.d5.loss_dice: 2.2743  decode.d6.loss_cls: 1.4405  decode.d6.loss_mask: 1.7772  decode.d6.loss_dice: 2.2848  decode.d7.loss_cls: 1.4343  decode.d7.loss_mask: 1.7315  decode.d7.loss_dice: 2.3005  decode.d8.loss_cls: 1.5242  decode.d8.loss_mask: 1.7176  decode.d8.loss_dice: 2.2625
2026/06/15 15:37:56 - mmengine - INFO - Iter(train) [ 2550/20000]  base_lr: 9.4882e-05 lr: 9.4882e-05  eta: 1:44:44  time: 0.3412  data_time: 0.0133  memory: 3097  grad_norm: 668.8960  loss: 60.3376  decode.loss_cls: 1.5661  decode.loss_mask: 1.8331  decode.loss_dice: 2.4120  decode.d0.loss_cls: 3.9960  decode.d0.loss_mask: 1.8079  decode.d0.loss_dice: 2.6359  decode.d1.loss_cls: 1.5760  decode.d1.loss_mask: 1.7952  decode.d1.loss_dice: 2.4545  decode.d2.loss_cls: 1.5135  decode.d2.loss_mask: 1.8099  decode.d2.loss_dice: 2.4274  decode.d3.loss_cls: 1.5547  decode.d3.loss_mask: 1.7959  decode.d3.loss_dice: 2.3690  decode.d4.loss_cls: 1.5593  decode.d4.loss_mask: 1.8156  decode.d4.loss_dice: 2.3724  decode.d5.loss_cls: 1.5383  decode.d5.loss_mask: 1.8022  decode.d5.loss_dice: 2.3665  decode.d6.loss_cls: 1.5525  decode.d6.loss_mask: 1.8348  decode.d6.loss_dice: 2.3712  decode.d7.loss_cls: 1.5439  decode.d7.loss_mask: 1.8422  decode.d7.loss_dice: 2.3892  decode.d8.loss_cls: 1.5537  decode.d8.loss_mask: 1.8453  decode.d8.loss_dice: 2.4033
2026/06/15 15:38:13 - mmengine - INFO - Iter(train) [ 2600/20000]  base_lr: 9.4637e-05 lr: 9.4637e-05  eta: 1:44:20  time: 0.3409  data_time: 0.0132  memory: 3090  grad_norm: 506.5266  loss: 57.0129  decode.loss_cls: 1.4565  decode.loss_mask: 1.7651  decode.loss_dice: 2.2611  decode.d0.loss_cls: 3.8742  decode.d0.loss_mask: 1.7517  decode.d0.loss_dice: 2.4801  decode.d1.loss_cls: 1.4641  decode.d1.loss_mask: 1.7414  decode.d1.loss_dice: 2.3313  decode.d2.loss_cls: 1.3997  decode.d2.loss_mask: 1.7570  decode.d2.loss_dice: 2.2793  decode.d3.loss_cls: 1.4207  decode.d3.loss_mask: 1.7594  decode.d3.loss_dice: 2.2276  decode.d4.loss_cls: 1.4120  decode.d4.loss_mask: 1.7846  decode.d4.loss_dice: 2.2352  decode.d5.loss_cls: 1.3820  decode.d5.loss_mask: 1.7867  decode.d5.loss_dice: 2.2357  decode.d6.loss_cls: 1.4297  decode.d6.loss_mask: 1.7681  decode.d6.loss_dice: 2.1955  decode.d7.loss_cls: 1.4277  decode.d7.loss_mask: 1.7606  decode.d7.loss_dice: 2.2139  decode.d8.loss_cls: 1.4282  decode.d8.loss_mask: 1.7580  decode.d8.loss_dice: 2.2258
2026/06/15 15:38:30 - mmengine - INFO - Iter(train) [ 2650/20000]  base_lr: 9.4392e-05 lr: 9.4392e-05  eta: 1:43:58  time: 0.3391  data_time: 0.0128  memory: 3098  grad_norm: 650.4635  loss: 58.5795  decode.loss_cls: 1.5175  decode.loss_mask: 1.7176  decode.loss_dice: 2.3209  decode.d0.loss_cls: 3.8778  decode.d0.loss_mask: 1.7084  decode.d0.loss_dice: 2.5795  decode.d1.loss_cls: 1.6528  decode.d1.loss_mask: 1.7090  decode.d1.loss_dice: 2.3882  decode.d2.loss_cls: 1.4910  decode.d2.loss_mask: 1.7317  decode.d2.loss_dice: 2.3684  decode.d3.loss_cls: 1.5213  decode.d3.loss_mask: 1.7399  decode.d3.loss_dice: 2.3494  decode.d4.loss_cls: 1.5491  decode.d4.loss_mask: 1.7220  decode.d4.loss_dice: 2.3227  decode.d5.loss_cls: 1.5288  decode.d5.loss_mask: 1.7148  decode.d5.loss_dice: 2.3422  decode.d6.loss_cls: 1.5006  decode.d6.loss_mask: 1.7211  decode.d6.loss_dice: 2.3442  decode.d7.loss_cls: 1.4825  decode.d7.loss_mask: 1.7383  decode.d7.loss_dice: 2.3472  decode.d8.loss_cls: 1.5340  decode.d8.loss_mask: 1.7342  decode.d8.loss_dice: 2.3243
2026/06/15 15:38:47 - mmengine - INFO - Iter(train) [ 2700/20000]  base_lr: 9.4147e-05 lr: 9.4147e-05  eta: 1:43:33  time: 0.3397  data_time: 0.0128  memory: 3103  grad_norm: 530.2434  loss: 58.9619  decode.loss_cls: 1.4150  decode.loss_mask: 1.8463  decode.loss_dice: 2.3559  decode.d0.loss_cls: 3.8250  decode.d0.loss_mask: 1.8609  decode.d0.loss_dice: 2.5415  decode.d1.loss_cls: 1.5555  decode.d1.loss_mask: 1.8673  decode.d1.loss_dice: 2.4046  decode.d2.loss_cls: 1.4627  decode.d2.loss_mask: 1.8510  decode.d2.loss_dice: 2.3774  decode.d3.loss_cls: 1.4168  decode.d3.loss_mask: 1.8493  decode.d3.loss_dice: 2.3451  decode.d4.loss_cls: 1.3808  decode.d4.loss_mask: 1.8796  decode.d4.loss_dice: 2.3710  decode.d5.loss_cls: 1.3673  decode.d5.loss_mask: 1.8456  decode.d5.loss_dice: 2.3480  decode.d6.loss_cls: 1.4244  decode.d6.loss_mask: 1.8265  decode.d6.loss_dice: 2.3168  decode.d7.loss_cls: 1.4166  decode.d7.loss_mask: 1.8318  decode.d7.loss_dice: 2.3368  decode.d8.loss_cls: 1.4677  decode.d8.loss_mask: 1.8604  decode.d8.loss_dice: 2.3143
2026/06/15 15:39:04 - mmengine - INFO - Iter(train) [ 2750/20000]  base_lr: 9.3902e-05 lr: 9.3902e-05  eta: 1:43:09  time: 0.3400  data_time: 0.0131  memory: 3095  grad_norm: 476.8967  loss: 57.6275  decode.loss_cls: 1.5512  decode.loss_mask: 1.7261  decode.loss_dice: 2.2215  decode.d0.loss_cls: 3.8247  decode.d0.loss_mask: 1.6842  decode.d0.loss_dice: 2.5017  decode.d1.loss_cls: 1.6067  decode.d1.loss_mask: 1.7027  decode.d1.loss_dice: 2.3420  decode.d2.loss_cls: 1.5295  decode.d2.loss_mask: 1.7200  decode.d2.loss_dice: 2.2674  decode.d3.loss_cls: 1.5559  decode.d3.loss_mask: 1.6934  decode.d3.loss_dice: 2.2306  decode.d4.loss_cls: 1.6121  decode.d4.loss_mask: 1.7012  decode.d4.loss_dice: 2.1979  decode.d5.loss_cls: 1.5573  decode.d5.loss_mask: 1.7383  decode.d5.loss_dice: 2.2099  decode.d6.loss_cls: 1.5453  decode.d6.loss_mask: 1.7420  decode.d6.loss_dice: 2.2334  decode.d7.loss_cls: 1.5175  decode.d7.loss_mask: 1.7290  decode.d7.loss_dice: 2.2380  decode.d8.loss_cls: 1.4921  decode.d8.loss_mask: 1.7392  decode.d8.loss_dice: 2.2168
2026/06/15 15:39:21 - mmengine - INFO - Iter(train) [ 2800/20000]  base_lr: 9.3657e-05 lr: 9.3657e-05  eta: 1:42:46  time: 0.3398  data_time: 0.0131  memory: 3106  grad_norm: 522.1214  loss: 59.7084  decode.loss_cls: 1.6940  decode.loss_mask: 1.7131  decode.loss_dice: 2.3180  decode.d0.loss_cls: 3.8064  decode.d0.loss_mask: 1.7613  decode.d0.loss_dice: 2.5692  decode.d1.loss_cls: 1.6205  decode.d1.loss_mask: 1.7566  decode.d1.loss_dice: 2.4409  decode.d2.loss_cls: 1.6478  decode.d2.loss_mask: 1.7433  decode.d2.loss_dice: 2.3588  decode.d3.loss_cls: 1.6583  decode.d3.loss_mask: 1.7421  decode.d3.loss_dice: 2.3099  decode.d4.loss_cls: 1.6509  decode.d4.loss_mask: 1.7274  decode.d4.loss_dice: 2.3010  decode.d5.loss_cls: 1.6606  decode.d5.loss_mask: 1.7308  decode.d5.loss_dice: 2.3250  decode.d6.loss_cls: 1.7196  decode.d6.loss_mask: 1.7008  decode.d6.loss_dice: 2.2988  decode.d7.loss_cls: 1.6922  decode.d7.loss_mask: 1.7272  decode.d7.loss_dice: 2.3101  decode.d8.loss_cls: 1.6991  decode.d8.loss_mask: 1.7199  decode.d8.loss_dice: 2.3049
2026/06/15 15:39:38 - mmengine - INFO - Iter(train) [ 2850/20000]  base_lr: 9.3412e-05 lr: 9.3412e-05  eta: 1:42:22  time: 0.3393  data_time: 0.0128  memory: 3102  grad_norm: 433.2006  loss: 61.0740  decode.loss_cls: 1.6949  decode.loss_mask: 1.7503  decode.loss_dice: 2.4431  decode.d0.loss_cls: 3.8724  decode.d0.loss_mask: 1.7745  decode.d0.loss_dice: 2.6326  decode.d1.loss_cls: 1.6747  decode.d1.loss_mask: 1.8094  decode.d1.loss_dice: 2.5488  decode.d2.loss_cls: 1.5742  decode.d2.loss_mask: 1.8024  decode.d2.loss_dice: 2.4826  decode.d3.loss_cls: 1.5985  decode.d3.loss_mask: 1.7778  decode.d3.loss_dice: 2.4335  decode.d4.loss_cls: 1.5715  decode.d4.loss_mask: 1.7908  decode.d4.loss_dice: 2.4335  decode.d5.loss_cls: 1.6389  decode.d5.loss_mask: 1.7773  decode.d5.loss_dice: 2.4275  decode.d6.loss_cls: 1.6595  decode.d6.loss_mask: 1.7629  decode.d6.loss_dice: 2.4009  decode.d7.loss_cls: 1.6394  decode.d7.loss_mask: 1.7651  decode.d7.loss_dice: 2.4363  decode.d8.loss_cls: 1.6936  decode.d8.loss_mask: 1.7755  decode.d8.loss_dice: 2.4318
2026/06/15 15:39:55 - mmengine - INFO - Iter(train) [ 2900/20000]  base_lr: 9.3167e-05 lr: 9.3167e-05  eta: 1:41:59  time: 0.3402  data_time: 0.0128  memory: 3106  grad_norm: 530.5667  loss: 58.9103  decode.loss_cls: 1.6086  decode.loss_mask: 1.7149  decode.loss_dice: 2.3675  decode.d0.loss_cls: 3.7007  decode.d0.loss_mask: 1.6995  decode.d0.loss_dice: 2.6121  decode.d1.loss_cls: 1.6550  decode.d1.loss_mask: 1.7003  decode.d1.loss_dice: 2.4708  decode.d2.loss_cls: 1.5475  decode.d2.loss_mask: 1.6938  decode.d2.loss_dice: 2.4083  decode.d3.loss_cls: 1.5456  decode.d3.loss_mask: 1.6804  decode.d3.loss_dice: 2.3566  decode.d4.loss_cls: 1.5636  decode.d4.loss_mask: 1.6912  decode.d4.loss_dice: 2.3543  decode.d5.loss_cls: 1.5868  decode.d5.loss_mask: 1.6856  decode.d5.loss_dice: 2.3375  decode.d6.loss_cls: 1.5425  decode.d6.loss_mask: 1.6862  decode.d6.loss_dice: 2.3749  decode.d7.loss_cls: 1.6172  decode.d7.loss_mask: 1.6861  decode.d7.loss_dice: 2.3772  decode.d8.loss_cls: 1.5680  decode.d8.loss_mask: 1.6996  decode.d8.loss_dice: 2.3783
2026/06/15 15:40:12 - mmengine - INFO - Iter(train) [ 2950/20000]  base_lr: 9.2922e-05 lr: 9.2922e-05  eta: 1:41:36  time: 0.3400  data_time: 0.0129  memory: 3092  grad_norm: 598.8117  loss: 56.5217  decode.loss_cls: 1.3791  decode.loss_mask: 1.8098  decode.loss_dice: 2.2385  decode.d0.loss_cls: 3.5477  decode.d0.loss_mask: 1.8237  decode.d0.loss_dice: 2.4340  decode.d1.loss_cls: 1.4734  decode.d1.loss_mask: 1.8197  decode.d1.loss_dice: 2.3305  decode.d2.loss_cls: 1.3821  decode.d2.loss_mask: 1.7817  decode.d2.loss_dice: 2.2661  decode.d3.loss_cls: 1.3229  decode.d3.loss_mask: 1.7925  decode.d3.loss_dice: 2.2502  decode.d4.loss_cls: 1.3100  decode.d4.loss_mask: 1.7771  decode.d4.loss_dice: 2.2627  decode.d5.loss_cls: 1.3350  decode.d5.loss_mask: 1.8020  decode.d5.loss_dice: 2.2341  decode.d6.loss_cls: 1.3956  decode.d6.loss_mask: 1.7593  decode.d6.loss_dice: 2.2218  decode.d7.loss_cls: 1.3888  decode.d7.loss_mask: 1.7654  decode.d7.loss_dice: 2.2212  decode.d8.loss_cls: 1.3727  decode.d8.loss_mask: 1.7786  decode.d8.loss_dice: 2.2453
2026/06/15 15:40:29 - mmengine - INFO - Exp name: dinov3l_m2f_pastis_v2_20260615_152144
2026/06/15 15:40:29 - mmengine - INFO - Iter(train) [ 3000/20000]  base_lr: 9.2677e-05 lr: 9.2677e-05  eta: 1:41:14  time: 0.3403  data_time: 0.0131  memory: 3102  grad_norm: 552.6074  loss: 57.5697  decode.loss_cls: 1.4090  decode.loss_mask: 1.7157  decode.loss_dice: 2.3214  decode.d0.loss_cls: 3.4747  decode.d0.loss_mask: 1.7304  decode.d0.loss_dice: 2.5828  decode.d1.loss_cls: 1.5023  decode.d1.loss_mask: 1.7492  decode.d1.loss_dice: 2.4753  decode.d2.loss_cls: 1.4305  decode.d2.loss_mask: 1.7408  decode.d2.loss_dice: 2.4012  decode.d3.loss_cls: 1.4264  decode.d3.loss_mask: 1.7545  decode.d3.loss_dice: 2.3735  decode.d4.loss_cls: 1.4005  decode.d4.loss_mask: 1.7398  decode.d4.loss_dice: 2.3664  decode.d5.loss_cls: 1.4164  decode.d5.loss_mask: 1.7302  decode.d5.loss_dice: 2.3596  decode.d6.loss_cls: 1.4728  decode.d6.loss_mask: 1.7217  decode.d6.loss_dice: 2.3060  decode.d7.loss_cls: 1.4499  decode.d7.loss_mask: 1.6975  decode.d7.loss_dice: 2.3262  decode.d8.loss_cls: 1.4344  decode.d8.loss_mask: 1.7262  decode.d8.loss_dice: 2.3343
2026/06/15 15:40:29 - mmengine - INFO - Saving checkpoint at 3000 iterations
2026/06/15 15:40:40 - mmengine - INFO - Iter(val) [ 50/121]    eta: 0:00:06  time: 0.0898  data_time: 0.0055  memory: 2643  
2026/06/15 15:40:44 - mmengine - INFO - Iter(val) [100/121]    eta: 0:00:01  time: 0.0883  data_time: 0.0052  memory: 2643  
2026/06/15 15:40:46 - mmengine - INFO - per class results:
2026/06/15 15:40:46 - mmengine - INFO - 
+---------+-------+-------+
|  Class  |  IoU  |  Acc  |
+---------+-------+-------+
|  crop_1 | 68.96 | 78.64 |
|  crop_2 | 58.96 | 76.64 |
|  crop_3 | 51.66 |  82.1 |
|  crop_4 | 60.33 | 75.61 |
|  crop_5 | 20.86 | 36.78 |
|  crop_6 | 63.56 | 88.16 |
|  crop_7 |  0.0  |  0.0  |
|  crop_8 | 15.73 | 24.16 |
|  crop_9 | 32.99 |  65.8 |
| crop_10 | 50.35 |  73.9 |
| crop_11 | 14.46 | 31.97 |
| crop_12 |  9.89 | 13.99 |
| crop_13 |  3.24 |  3.99 |
| crop_14 |  1.42 |  1.5  |
| crop_15 | 18.39 | 22.54 |
| crop_16 | 12.86 | 26.46 |
| crop_17 |  23.8 |  28.1 |
| crop_18 |  2.11 |  2.35 |
| crop_19 |  0.0  |  0.0  |
+---------+-------+-------+
2026/06/15 15:40:46 - mmengine - INFO - Iter(val) [121/121]    aAcc: 71.0500  mIoU: 26.8200  mAcc: 38.5600  data_time: 0.0062  time: 0.0891
2026/06/15 15:40:46 - mmengine - INFO - The previous best checkpoint /mnt/ht2-nas2/00-model/00-fb/mmseg_dino/work_dirs/dinov3l_m2f_pastis_v2/best_mIoU_iter_2000.pth is removed
2026/06/15 15:40:52 - mmengine - INFO - The best checkpoint with 26.8200 mIoU at 3000 iter is saved to best_mIoU_iter_3000.pth.
2026/06/15 15:41:16 - mmengine - INFO - Iter(train) [ 3050/20000]  base_lr: 9.2431e-05 lr: 9.2431e-05  eta: 1:42:01  time: 0.3399  data_time: 0.0129  memory: 3100  grad_norm: 521.3574  loss: 56.5986  decode.loss_cls: 1.3727  decode.loss_mask: 1.7772  decode.loss_dice: 2.2405  decode.d0.loss_cls: 3.4955  decode.d0.loss_mask: 1.7794  decode.d0.loss_dice: 2.5318  decode.d1.loss_cls: 1.4209  decode.d1.loss_mask: 1.8169  decode.d1.loss_dice: 2.3834  decode.d2.loss_cls: 1.3381  decode.d2.loss_mask: 1.7919  decode.d2.loss_dice: 2.3105  decode.d3.loss_cls: 1.3045  decode.d3.loss_mask: 1.7832  decode.d3.loss_dice: 2.2659  decode.d4.loss_cls: 1.3395  decode.d4.loss_mask: 1.7958  decode.d4.loss_dice: 2.2401  decode.d5.loss_cls: 1.3647  decode.d5.loss_mask: 1.7970  decode.d5.loss_dice: 2.2390  decode.d6.loss_cls: 1.3317  decode.d6.loss_mask: 1.8167  decode.d6.loss_dice: 2.2534  decode.d7.loss_cls: 1.3884  decode.d7.loss_mask: 1.7905  decode.d7.loss_dice: 2.2377  decode.d8.loss_cls: 1.3495  decode.d8.loss_mask: 1.7992  decode.d8.loss_dice: 2.2426
2026/06/15 15:41:33 - mmengine - INFO - Iter(train) [ 3100/20000]  base_lr: 9.2186e-05 lr: 9.2186e-05  eta: 1:41:35  time: 0.3343  data_time: 0.0128  memory: 3096  grad_norm: 501.7146  loss: 58.1189  decode.loss_cls: 1.4229  decode.loss_mask: 1.8008  decode.loss_dice: 2.3649  decode.d0.loss_cls: 3.4114  decode.d0.loss_mask: 1.7836  decode.d0.loss_dice: 2.5482  decode.d1.loss_cls: 1.5539  decode.d1.loss_mask: 1.8039  decode.d1.loss_dice: 2.4681  decode.d2.loss_cls: 1.3528  decode.d2.loss_mask: 1.8270  decode.d2.loss_dice: 2.4111  decode.d3.loss_cls: 1.4165  decode.d3.loss_mask: 1.8196  decode.d3.loss_dice: 2.3467  decode.d4.loss_cls: 1.3318  decode.d4.loss_mask: 1.8359  decode.d4.loss_dice: 2.3815  decode.d5.loss_cls: 1.3789  decode.d5.loss_mask: 1.7889  decode.d5.loss_dice: 2.3419  decode.d6.loss_cls: 1.3983  decode.d6.loss_mask: 1.8156  decode.d6.loss_dice: 2.3432  decode.d7.loss_cls: 1.3669  decode.d7.loss_mask: 1.8274  decode.d7.loss_dice: 2.3849  decode.d8.loss_cls: 1.3991  decode.d8.loss_mask: 1.8225  decode.d8.loss_dice: 2.3707
2026/06/15 15:41:49 - mmengine - INFO - Iter(train) [ 3150/20000]  base_lr: 9.1940e-05 lr: 9.1940e-05  eta: 1:41:11  time: 0.3354  data_time: 0.0129  memory: 3093  grad_norm: 427.2406  loss: 61.3893  decode.loss_cls: 1.5053  decode.loss_mask: 1.7499  decode.loss_dice: 2.6875  decode.d0.loss_cls: 3.3555  decode.d0.loss_mask: 1.7082  decode.d0.loss_dice: 2.7822  decode.d1.loss_cls: 1.6341  decode.d1.loss_mask: 1.7461  decode.d1.loss_dice: 2.6798  decode.d2.loss_cls: 1.5335  decode.d2.loss_mask: 1.7520  decode.d2.loss_dice: 2.6778  decode.d3.loss_cls: 1.5371  decode.d3.loss_mask: 1.7302  decode.d3.loss_dice: 2.6536  decode.d4.loss_cls: 1.4690  decode.d4.loss_mask: 1.7529  decode.d4.loss_dice: 2.6655  decode.d5.loss_cls: 1.5028  decode.d5.loss_mask: 1.7325  decode.d5.loss_dice: 2.6945  decode.d6.loss_cls: 1.5018  decode.d6.loss_mask: 1.7441  decode.d6.loss_dice: 2.7309  decode.d7.loss_cls: 1.4593  decode.d7.loss_mask: 1.7454  decode.d7.loss_dice: 2.7248  decode.d8.loss_cls: 1.4675  decode.d8.loss_mask: 1.7500  decode.d8.loss_dice: 2.7154
2026/06/15 15:42:06 - mmengine - INFO - Iter(train) [ 3200/20000]  base_lr: 9.1695e-05 lr: 9.1695e-05  eta: 1:40:46  time: 0.3390  data_time: 0.0134  memory: 3107  grad_norm: 564.4389  loss: 59.6926  decode.loss_cls: 1.6837  decode.loss_mask: 1.6714  decode.loss_dice: 2.3420  decode.d0.loss_cls: 3.3605  decode.d0.loss_mask: 1.6939  decode.d0.loss_dice: 2.6155  decode.d1.loss_cls: 1.7617  decode.d1.loss_mask: 1.6932  decode.d1.loss_dice: 2.4793  decode.d2.loss_cls: 1.7152  decode.d2.loss_mask: 1.7062  decode.d2.loss_dice: 2.4049  decode.d3.loss_cls: 1.7097  decode.d3.loss_mask: 1.6564  decode.d3.loss_dice: 2.3309  decode.d4.loss_cls: 1.7177  decode.d4.loss_mask: 1.6764  decode.d4.loss_dice: 2.3720  decode.d5.loss_cls: 1.7367  decode.d5.loss_mask: 1.6755  decode.d5.loss_dice: 2.3753  decode.d6.loss_cls: 1.7174  decode.d6.loss_mask: 1.6806  decode.d6.loss_dice: 2.3556  decode.d7.loss_cls: 1.7263  decode.d7.loss_mask: 1.6774  decode.d7.loss_dice: 2.3804  decode.d8.loss_cls: 1.7455  decode.d8.loss_mask: 1.6785  decode.d8.loss_dice: 2.3529
2026/06/15 15:42:23 - mmengine - INFO - Iter(train) [ 3250/20000]  base_lr: 9.1449e-05 lr: 9.1449e-05  eta: 1:40:22  time: 0.3355  data_time: 0.0129  memory: 3091  grad_norm: 513.7029  loss: 54.3380  decode.loss_cls: 1.2853  decode.loss_mask: 1.6119  decode.loss_dice: 2.3003  decode.d0.loss_cls: 3.1830  decode.d0.loss_mask: 1.6036  decode.d0.loss_dice: 2.4758  decode.d1.loss_cls: 1.3549  decode.d1.loss_mask: 1.6238  decode.d1.loss_dice: 2.3879  decode.d2.loss_cls: 1.2183  decode.d2.loss_mask: 1.6245  decode.d2.loss_dice: 2.3675  decode.d3.loss_cls: 1.2613  decode.d3.loss_mask: 1.6163  decode.d3.loss_dice: 2.3364  decode.d4.loss_cls: 1.2545  decode.d4.loss_mask: 1.6192  decode.d4.loss_dice: 2.3449  decode.d5.loss_cls: 1.3230  decode.d5.loss_mask: 1.6036  decode.d5.loss_dice: 2.3138  decode.d6.loss_cls: 1.2865  decode.d6.loss_mask: 1.6223  decode.d6.loss_dice: 2.3007  decode.d7.loss_cls: 1.2811  decode.d7.loss_mask: 1.6179  decode.d7.loss_dice: 2.3372  decode.d8.loss_cls: 1.2661  decode.d8.loss_mask: 1.6028  decode.d8.loss_dice: 2.3134
2026/06/15 15:42:40 - mmengine - INFO - Iter(train) [ 3300/20000]  base_lr: 9.1203e-05 lr: 9.1203e-05  eta: 1:39:59  time: 0.3368  data_time: 0.0131  memory: 3109  grad_norm: 593.3924  loss: 58.0695  decode.loss_cls: 1.3263  decode.loss_mask: 1.8645  decode.loss_dice: 2.3886  decode.d0.loss_cls: 3.1947  decode.d0.loss_mask: 1.7996  decode.d0.loss_dice: 2.5993  decode.d1.loss_cls: 1.4118  decode.d1.loss_mask: 1.8249  decode.d1.loss_dice: 2.4839  decode.d2.loss_cls: 1.3040  decode.d2.loss_mask: 1.8656  decode.d2.loss_dice: 2.4753  decode.d3.loss_cls: 1.3055  decode.d3.loss_mask: 1.8401  decode.d3.loss_dice: 2.4125  decode.d4.loss_cls: 1.3342  decode.d4.loss_mask: 1.8477  decode.d4.loss_dice: 2.4039  decode.d5.loss_cls: 1.3443  decode.d5.loss_mask: 1.8434  decode.d5.loss_dice: 2.4093  decode.d6.loss_cls: 1.3351  decode.d6.loss_mask: 1.8731  decode.d6.loss_dice: 2.3920  decode.d7.loss_cls: 1.3349  decode.d7.loss_mask: 1.8700  decode.d7.loss_dice: 2.3902  decode.d8.loss_cls: 1.3733  decode.d8.loss_mask: 1.8550  decode.d8.loss_dice: 2.3662
2026/06/15 15:42:57 - mmengine - INFO - Iter(train) [ 3350/20000]  base_lr: 9.0958e-05 lr: 9.0958e-05  eta: 1:39:36  time: 0.3377  data_time: 0.0130  memory: 3088  grad_norm: 695.2437  loss: 55.5910  decode.loss_cls: 1.3660  decode.loss_mask: 1.7454  decode.loss_dice: 2.2797  decode.d0.loss_cls: 3.0684  decode.d0.loss_mask: 1.7524  decode.d0.loss_dice: 2.4586  decode.d1.loss_cls: 1.3931  decode.d1.loss_mask: 1.7245  decode.d1.loss_dice: 2.3383  decode.d2.loss_cls: 1.3096  decode.d2.loss_mask: 1.7142  decode.d2.loss_dice: 2.2951  decode.d3.loss_cls: 1.3058  decode.d3.loss_mask: 1.7385  decode.d3.loss_dice: 2.2621  decode.d4.loss_cls: 1.3276  decode.d4.loss_mask: 1.7275  decode.d4.loss_dice: 2.2688  decode.d5.loss_cls: 1.3175  decode.d5.loss_mask: 1.7649  decode.d5.loss_dice: 2.2881  decode.d6.loss_cls: 1.3774  decode.d6.loss_mask: 1.7642  decode.d6.loss_dice: 2.2689  decode.d7.loss_cls: 1.3507  decode.d7.loss_mask: 1.7396  decode.d7.loss_dice: 2.2792  decode.d8.loss_cls: 1.3601  decode.d8.loss_mask: 1.7412  decode.d8.loss_dice: 2.2636
2026/06/15 15:43:14 - mmengine - INFO - Iter(train) [ 3400/20000]  base_lr: 9.0712e-05 lr: 9.0712e-05  eta: 1:39:13  time: 0.3396  data_time: 0.0130  memory: 3110  grad_norm: 677.4556  loss: 56.6768  decode.loss_cls: 1.3758  decode.loss_mask: 1.7643  decode.loss_dice: 2.2518  decode.d0.loss_cls: 3.0935  decode.d0.loss_mask: 1.7706  decode.d0.loss_dice: 2.5076  decode.d1.loss_cls: 1.4588  decode.d1.loss_mask: 1.8120  decode.d1.loss_dice: 2.3984  decode.d2.loss_cls: 1.3795  decode.d2.loss_mask: 1.7772  decode.d2.loss_dice: 2.3029  decode.d3.loss_cls: 1.4004  decode.d3.loss_mask: 1.7929  decode.d3.loss_dice: 2.2934  decode.d4.loss_cls: 1.3985  decode.d4.loss_mask: 1.7884  decode.d4.loss_dice: 2.2788  decode.d5.loss_cls: 1.3993  decode.d5.loss_mask: 1.8005  decode.d5.loss_dice: 2.2763  decode.d6.loss_cls: 1.3768  decode.d6.loss_mask: 1.7828  decode.d6.loss_dice: 2.2685  decode.d7.loss_cls: 1.3797  decode.d7.loss_mask: 1.7767  decode.d7.loss_dice: 2.2953  decode.d8.loss_cls: 1.3978  decode.d8.loss_mask: 1.7900  decode.d8.loss_dice: 2.2883
2026/06/15 15:43:31 - mmengine - INFO - Iter(train) [ 3450/20000]  base_lr: 9.0466e-05 lr: 9.0466e-05  eta: 1:38:50  time: 0.3377  data_time: 0.0129  memory: 3098  grad_norm: 450.0280  loss: 61.1102  decode.loss_cls: 1.7072  decode.loss_mask: 1.7304  decode.loss_dice: 2.4666  decode.d0.loss_cls: 3.3851  decode.d0.loss_mask: 1.7191  decode.d0.loss_dice: 2.7059  decode.d1.loss_cls: 1.7014  decode.d1.loss_mask: 1.7551  decode.d1.loss_dice: 2.5788  decode.d2.loss_cls: 1.6484  decode.d2.loss_mask: 1.7525  decode.d2.loss_dice: 2.5212  decode.d3.loss_cls: 1.6800  decode.d3.loss_mask: 1.7549  decode.d3.loss_dice: 2.4696  decode.d4.loss_cls: 1.6783  decode.d4.loss_mask: 1.7620  decode.d4.loss_dice: 2.4746  decode.d5.loss_cls: 1.7218  decode.d5.loss_mask: 1.7333  decode.d5.loss_dice: 2.4513  decode.d6.loss_cls: 1.7527  decode.d6.loss_mask: 1.7463  decode.d6.loss_dice: 2.4213  decode.d7.loss_cls: 1.7124  decode.d7.loss_mask: 1.7398  decode.d7.loss_dice: 2.4617  decode.d8.loss_cls: 1.6884  decode.d8.loss_mask: 1.7208  decode.d8.loss_dice: 2.4695
2026/06/15 15:43:47 - mmengine - INFO - Iter(train) [ 3500/20000]  base_lr: 9.0220e-05 lr: 9.0220e-05  eta: 1:38:27  time: 0.3307  data_time: 0.0128  memory: 3092  grad_norm: 551.4981  loss: 55.5942  decode.loss_cls: 1.4306  decode.loss_mask: 1.6464  decode.loss_dice: 2.2994  decode.d0.loss_cls: 3.0332  decode.d0.loss_mask: 1.6890  decode.d0.loss_dice: 2.4802  decode.d1.loss_cls: 1.5169  decode.d1.loss_mask: 1.6766  decode.d1.loss_dice: 2.3540  decode.d2.loss_cls: 1.3829  decode.d2.loss_mask: 1.6560  decode.d2.loss_dice: 2.3035  decode.d3.loss_cls: 1.3975  decode.d3.loss_mask: 1.6694  decode.d3.loss_dice: 2.2570  decode.d4.loss_cls: 1.4595  decode.d4.loss_mask: 1.6720  decode.d4.loss_dice: 2.2386  decode.d5.loss_cls: 1.4455  decode.d5.loss_mask: 1.6564  decode.d5.loss_dice: 2.2311  decode.d6.loss_cls: 1.4706  decode.d6.loss_mask: 1.6444  decode.d6.loss_dice: 2.2414  decode.d7.loss_cls: 1.4714  decode.d7.loss_mask: 1.6484  decode.d7.loss_dice: 2.2256  decode.d8.loss_cls: 1.4706  decode.d8.loss_mask: 1.6541  decode.d8.loss_dice: 2.2720
2026/06/15 15:44:05 - mmengine - INFO - Iter(train) [ 3550/20000]  base_lr: 8.9974e-05 lr: 8.9974e-05  eta: 1:38:07  time: 0.3317  data_time: 0.0129  memory: 3083  grad_norm: 410.5217  loss: 54.7287  decode.loss_cls: 1.2637  decode.loss_mask: 1.7878  decode.loss_dice: 2.2205  decode.d0.loss_cls: 2.9515  decode.d0.loss_mask: 1.8049  decode.d0.loss_dice: 2.4021  decode.d1.loss_cls: 1.3919  decode.d1.loss_mask: 1.7918  decode.d1.loss_dice: 2.2807  decode.d2.loss_cls: 1.2806  decode.d2.loss_mask: 1.7779  decode.d2.loss_dice: 2.2525  decode.d3.loss_cls: 1.2131  decode.d3.loss_mask: 1.7837  decode.d3.loss_dice: 2.2352  decode.d4.loss_cls: 1.2339  decode.d4.loss_mask: 1.7644  decode.d4.loss_dice: 2.2327  decode.d5.loss_cls: 1.2433  decode.d5.loss_mask: 1.7788  decode.d5.loss_dice: 2.2431  decode.d6.loss_cls: 1.2500  decode.d6.loss_mask: 1.7843  decode.d6.loss_dice: 2.2171  decode.d7.loss_cls: 1.2270  decode.d7.loss_mask: 1.8035  decode.d7.loss_dice: 2.2419  decode.d8.loss_cls: 1.2449  decode.d8.loss_mask: 1.7829  decode.d8.loss_dice: 2.2428
2026/06/15 15:44:21 - mmengine - INFO - Iter(train) [ 3600/20000]  base_lr: 8.9728e-05 lr: 8.9728e-05  eta: 1:37:43  time: 0.3356  data_time: 0.0131  memory: 3094  grad_norm: 602.2919  loss: 54.0183  decode.loss_cls: 1.2818  decode.loss_mask: 1.7912  decode.loss_dice: 2.1328  decode.d0.loss_cls: 2.8306  decode.d0.loss_mask: 1.7911  decode.d0.loss_dice: 2.3091  decode.d1.loss_cls: 1.3938  decode.d1.loss_mask: 1.7462  decode.d1.loss_dice: 2.1945  decode.d2.loss_cls: 1.2700  decode.d2.loss_mask: 1.7907  decode.d2.loss_dice: 2.1915  decode.d3.loss_cls: 1.3104  decode.d3.loss_mask: 1.7742  decode.d3.loss_dice: 2.1360  decode.d4.loss_cls: 1.2906  decode.d4.loss_mask: 1.7959  decode.d4.loss_dice: 2.1456  decode.d5.loss_cls: 1.2742  decode.d5.loss_mask: 1.7909  decode.d5.loss_dice: 2.1503  decode.d6.loss_cls: 1.2812  decode.d6.loss_mask: 1.8040  decode.d6.loss_dice: 2.1290  decode.d7.loss_cls: 1.2744  decode.d7.loss_mask: 1.8165  decode.d7.loss_dice: 2.1366  decode.d8.loss_cls: 1.2695  decode.d8.loss_mask: 1.7900  decode.d8.loss_dice: 2.1257
2026/06/15 15:44:42 - mmengine - INFO - Iter(train) [ 3650/20000]  base_lr: 8.9481e-05 lr: 8.9481e-05  eta: 1:37:36  time: 0.3354  data_time: 0.0126  memory: 3094  grad_norm: 422.1300  loss: 53.5611  decode.loss_cls: 1.2686  decode.loss_mask: 1.7596  decode.loss_dice: 2.1309  decode.d0.loss_cls: 2.7497  decode.d0.loss_mask: 1.7200  decode.d0.loss_dice: 2.3747  decode.d1.loss_cls: 1.2858  decode.d1.loss_mask: 1.7568  decode.d1.loss_dice: 2.2914  decode.d2.loss_cls: 1.2395  decode.d2.loss_mask: 1.7389  decode.d2.loss_dice: 2.1939  decode.d3.loss_cls: 1.2864  decode.d3.loss_mask: 1.7391  decode.d3.loss_dice: 2.1543  decode.d4.loss_cls: 1.2769  decode.d4.loss_mask: 1.7396  decode.d4.loss_dice: 2.1592  decode.d5.loss_cls: 1.2869  decode.d5.loss_mask: 1.7384  decode.d5.loss_dice: 2.1586  decode.d6.loss_cls: 1.2937  decode.d6.loss_mask: 1.7241  decode.d6.loss_dice: 2.1571  decode.d7.loss_cls: 1.2623  decode.d7.loss_mask: 1.7375  decode.d7.loss_dice: 2.1806  decode.d8.loss_cls: 1.2277  decode.d8.loss_mask: 1.7551  decode.d8.loss_dice: 2.1738
2026/06/15 15:44:58 - mmengine - INFO - Iter(train) [ 3700/20000]  base_lr: 8.9235e-05 lr: 8.9235e-05  eta: 1:37:13  time: 0.3301  data_time: 0.0121  memory: 3113  grad_norm: 473.3855  loss: 55.1002  decode.loss_cls: 1.3217  decode.loss_mask: 1.7854  decode.loss_dice: 2.3070  decode.d0.loss_cls: 2.7586  decode.d0.loss_mask: 1.7095  decode.d0.loss_dice: 2.4744  decode.d1.loss_cls: 1.2902  decode.d1.loss_mask: 1.7890  decode.d1.loss_dice: 2.4249  decode.d2.loss_cls: 1.2565  decode.d2.loss_mask: 1.7261  decode.d2.loss_dice: 2.2698  decode.d3.loss_cls: 1.3130  decode.d3.loss_mask: 1.7296  decode.d3.loss_dice: 2.2309  decode.d4.loss_cls: 1.3024  decode.d4.loss_mask: 1.7504  decode.d4.loss_dice: 2.2380  decode.d5.loss_cls: 1.2919  decode.d5.loss_mask: 1.7872  decode.d5.loss_dice: 2.2574  decode.d6.loss_cls: 1.3477  decode.d6.loss_mask: 1.7815  decode.d6.loss_dice: 2.2258  decode.d7.loss_cls: 1.3575  decode.d7.loss_mask: 1.7732  decode.d7.loss_dice: 2.2525  decode.d8.loss_cls: 1.3064  decode.d8.loss_mask: 1.7675  decode.d8.loss_dice: 2.2740
2026/06/15 15:45:16 - mmengine - INFO - Iter(train) [ 3750/20000]  base_lr: 8.8989e-05 lr: 8.8989e-05  eta: 1:36:52  time: 0.3343  data_time: 0.0130  memory: 3126  grad_norm: 514.1689  loss: 59.5631  decode.loss_cls: 1.5723  decode.loss_mask: 1.6647  decode.loss_dice: 2.5043  decode.d0.loss_cls: 2.8871  decode.d0.loss_mask: 1.6257  decode.d0.loss_dice: 2.6818  decode.d1.loss_cls: 1.6583  decode.d1.loss_mask: 1.6690  decode.d1.loss_dice: 2.6222  decode.d2.loss_cls: 1.6088  decode.d2.loss_mask: 1.6576  decode.d2.loss_dice: 2.5362  decode.d3.loss_cls: 1.6676  decode.d3.loss_mask: 1.6758  decode.d3.loss_dice: 2.4914  decode.d4.loss_cls: 1.6344  decode.d4.loss_mask: 1.6644  decode.d4.loss_dice: 2.5046  decode.d5.loss_cls: 1.6305  decode.d5.loss_mask: 1.6619  decode.d5.loss_dice: 2.5294  decode.d6.loss_cls: 1.6626  decode.d6.loss_mask: 1.6544  decode.d6.loss_dice: 2.5105  decode.d7.loss_cls: 1.6409  decode.d7.loss_mask: 1.6564  decode.d7.loss_dice: 2.5183  decode.d8.loss_cls: 1.6115  decode.d8.loss_mask: 1.6633  decode.d8.loss_dice: 2.4972
2026/06/15 15:45:32 - mmengine - INFO - Iter(train) [ 3800/20000]  base_lr: 8.8742e-05 lr: 8.8742e-05  eta: 1:36:29  time: 0.3318  data_time: 0.0128  memory: 3111  grad_norm: 546.5644  loss: 53.5725  decode.loss_cls: 1.3610  decode.loss_mask: 1.7195  decode.loss_dice: 2.0663  decode.d0.loss_cls: 2.7157  decode.d0.loss_mask: 1.7411  decode.d0.loss_dice: 2.2948  decode.d1.loss_cls: 1.4169  decode.d1.loss_mask: 1.7617  decode.d1.loss_dice: 2.1810  decode.d2.loss_cls: 1.2821  decode.d2.loss_mask: 1.7539  decode.d2.loss_dice: 2.1288  decode.d3.loss_cls: 1.3521  decode.d3.loss_mask: 1.7309  decode.d3.loss_dice: 2.0812  decode.d4.loss_cls: 1.4068  decode.d4.loss_mask: 1.7417  decode.d4.loss_dice: 2.0642  decode.d5.loss_cls: 1.3586  decode.d5.loss_mask: 1.7481  decode.d5.loss_dice: 2.0740  decode.d6.loss_cls: 1.3899  decode.d6.loss_mask: 1.7249  decode.d6.loss_dice: 2.0743  decode.d7.loss_cls: 1.4161  decode.d7.loss_mask: 1.7221  decode.d7.loss_dice: 2.0796  decode.d8.loss_cls: 1.4196  decode.d8.loss_mask: 1.7151  decode.d8.loss_dice: 2.0504
2026/06/15 15:45:56 - mmengine - INFO - Iter(train) [ 3850/20000]  base_lr: 8.8496e-05 lr: 8.8496e-05  eta: 1:36:35  time: 0.8870  data_time: 0.5652  memory: 3096  grad_norm: 444.4097  loss: 52.8106  decode.loss_cls: 1.3751  decode.loss_mask: 1.6450  decode.loss_dice: 2.0602  decode.d0.loss_cls: 2.6738  decode.d0.loss_mask: 1.6691  decode.d0.loss_dice: 2.2719  decode.d1.loss_cls: 1.4864  decode.d1.loss_mask: 1.6728  decode.d1.loss_dice: 2.1545  decode.d2.loss_cls: 1.4335  decode.d2.loss_mask: 1.6602  decode.d2.loss_dice: 2.0575  decode.d3.loss_cls: 1.4459  decode.d3.loss_mask: 1.6467  decode.d3.loss_dice: 2.0236  decode.d4.loss_cls: 1.4108  decode.d4.loss_mask: 1.6437  decode.d4.loss_dice: 2.0431  decode.d5.loss_cls: 1.3890  decode.d5.loss_mask: 1.6417  decode.d5.loss_dice: 2.0499  decode.d6.loss_cls: 1.4300  decode.d6.loss_mask: 1.6422  decode.d6.loss_dice: 2.0450  decode.d7.loss_cls: 1.4267  decode.d7.loss_mask: 1.6237  decode.d7.loss_dice: 2.0495  decode.d8.loss_cls: 1.4448  decode.d8.loss_mask: 1.6531  decode.d8.loss_dice: 2.0414
2026/06/15 15:46:28 - mmengine - INFO - Iter(train) [ 3900/20000]  base_lr: 8.8249e-05 lr: 8.8249e-05  eta: 1:37:17  time: 0.4629  data_time: 0.1333  memory: 3095  grad_norm: 486.0993  loss: 54.8701  decode.loss_cls: 1.3381  decode.loss_mask: 1.7755  decode.loss_dice: 2.2286  decode.d0.loss_cls: 2.6094  decode.d0.loss_mask: 1.7909  decode.d0.loss_dice: 2.3604  decode.d1.loss_cls: 1.4237  decode.d1.loss_mask: 1.8093  decode.d1.loss_dice: 2.2670  decode.d2.loss_cls: 1.2820  decode.d2.loss_mask: 1.8209  decode.d2.loss_dice: 2.2110  decode.d3.loss_cls: 1.2852  decode.d3.loss_mask: 1.8174  decode.d3.loss_dice: 2.2077  decode.d4.loss_cls: 1.2841  decode.d4.loss_mask: 1.7991  decode.d4.loss_dice: 2.2243  decode.d5.loss_cls: 1.3221  decode.d5.loss_mask: 1.7911  decode.d5.loss_dice: 2.2074  decode.d6.loss_cls: 1.3792  decode.d6.loss_mask: 1.7565  decode.d6.loss_dice: 2.1869  decode.d7.loss_cls: 1.3593  decode.d7.loss_mask: 1.7606  decode.d7.loss_dice: 2.2173  decode.d8.loss_cls: 1.3648  decode.d8.loss_mask: 1.7803  decode.d8.loss_dice: 2.2099
2026/06/15 15:46:51 - mmengine - INFO - Iter(train) [ 3950/20000]  base_lr: 8.8002e-05 lr: 8.8002e-05  eta: 1:37:18  time: 0.3348  data_time: 0.0130  memory: 3118  grad_norm: 444.3708  loss: 54.8036  decode.loss_cls: 1.2530  decode.loss_mask: 1.7748  decode.loss_dice: 2.2982  decode.d0.loss_cls: 2.5003  decode.d0.loss_mask: 1.8034  decode.d0.loss_dice: 2.4702  decode.d1.loss_cls: 1.2721  decode.d1.loss_mask: 1.8181  decode.d1.loss_dice: 2.4192  decode.d2.loss_cls: 1.1946  decode.d2.loss_mask: 1.8033  decode.d2.loss_dice: 2.3517  decode.d3.loss_cls: 1.2455  decode.d3.loss_mask: 1.7746  decode.d3.loss_dice: 2.2855  decode.d4.loss_cls: 1.2131  decode.d4.loss_mask: 1.7810  decode.d4.loss_dice: 2.3040  decode.d5.loss_cls: 1.2144  decode.d5.loss_mask: 1.7770  decode.d5.loss_dice: 2.3144  decode.d6.loss_cls: 1.2462  decode.d6.loss_mask: 1.7718  decode.d6.loss_dice: 2.2886  decode.d7.loss_cls: 1.2403  decode.d7.loss_mask: 1.8002  decode.d7.loss_dice: 2.2959  decode.d8.loss_cls: 1.2129  decode.d8.loss_mask: 1.7820  decode.d8.loss_dice: 2.2975
2026/06/15 15:47:08 - mmengine - INFO - Exp name: dinov3l_m2f_pastis_v2_20260615_152144
2026/06/15 15:47:08 - mmengine - INFO - Iter(train) [ 4000/20000]  base_lr: 8.7756e-05 lr: 8.7756e-05  eta: 1:36:56  time: 0.3570  data_time: 0.0138  memory: 3096  grad_norm: 447.2293  loss: 54.5416  decode.loss_cls: 1.3831  decode.loss_mask: 1.7030  decode.loss_dice: 2.1971  decode.d0.loss_cls: 2.5127  decode.d0.loss_mask: 1.7151  decode.d0.loss_dice: 2.4542  decode.d1.loss_cls: 1.4072  decode.d1.loss_mask: 1.7249  decode.d1.loss_dice: 2.3361  decode.d2.loss_cls: 1.3441  decode.d2.loss_mask: 1.7099  decode.d2.loss_dice: 2.2991  decode.d3.loss_cls: 1.4001  decode.d3.loss_mask: 1.6957  decode.d3.loss_dice: 2.2198  decode.d4.loss_cls: 1.3690  decode.d4.loss_mask: 1.6951  decode.d4.loss_dice: 2.2267  decode.d5.loss_cls: 1.4014  decode.d5.loss_mask: 1.6954  decode.d5.loss_dice: 2.2027  decode.d6.loss_cls: 1.4217  decode.d6.loss_mask: 1.6911  decode.d6.loss_dice: 2.1705  decode.d7.loss_cls: 1.3723  decode.d7.loss_mask: 1.6826  decode.d7.loss_dice: 2.2120  decode.d8.loss_cls: 1.4231  decode.d8.loss_mask: 1.6819  decode.d8.loss_dice: 2.1941
2026/06/15 15:47:08 - mmengine - INFO - Saving checkpoint at 4000 iterations
2026/06/15 15:47:51 - mmengine - INFO - Iter(val) [ 50/121]    eta: 0:00:06  time: 0.0924  data_time: 0.0062  memory: 2643  
2026/06/15 15:47:56 - mmengine - INFO - Iter(val) [100/121]    eta: 0:00:01  time: 0.0913  data_time: 0.0058  memory: 2643  
2026/06/15 15:47:58 - mmengine - INFO - per class results:
2026/06/15 15:47:58 - mmengine - INFO - 
+---------+-------+-------+
|  Class  |  IoU  |  Acc  |
+---------+-------+-------+
|  crop_1 | 65.97 | 73.57 |
|  crop_2 | 57.21 | 80.07 |
|  crop_3 | 57.71 | 75.04 |
|  crop_4 | 67.08 | 81.66 |
|  crop_5 | 27.35 | 45.37 |
|  crop_6 | 61.96 | 90.65 |
|  crop_7 |  0.0  |  0.0  |
|  crop_8 | 20.13 | 39.66 |
|  crop_9 | 34.23 | 57.13 |
| crop_10 | 50.65 | 65.02 |
| crop_11 |  14.4 | 29.93 |
| crop_12 | 32.96 | 49.47 |
| crop_13 |  9.13 | 16.28 |
| crop_14 |  0.07 |  0.07 |
| crop_15 | 28.57 | 56.01 |
| crop_16 | 21.73 | 51.25 |
| crop_17 |  26.9 | 35.62 |
| crop_18 |  8.47 | 11.18 |
| crop_19 |  0.64 |  0.66 |
+---------+-------+-------+
2026/06/15 15:47:58 - mmengine - INFO - Iter(val) [121/121]    aAcc: 71.0400  mIoU: 30.8000  mAcc: 45.1900  data_time: 0.0071  time: 0.0925
2026/06/15 15:47:58 - mmengine - INFO - The previous best checkpoint /mnt/ht2-nas2/00-model/00-fb/mmseg_dino/work_dirs/dinov3l_m2f_pastis_v2/best_mIoU_iter_3000.pth is removed
2026/06/15 15:48:18 - mmengine - INFO - The best checkpoint with 30.8000 mIoU at 4000 iter is saved to best_mIoU_iter_4000.pth.
2026/06/15 15:48:43 - mmengine - INFO - Iter(train) [ 4050/20000]  base_lr: 8.7509e-05 lr: 8.7509e-05  eta: 1:38:25  time: 0.3357  data_time: 0.0131  memory: 3108  grad_norm: 471.9826  loss: 51.8060  decode.loss_cls: 1.2189  decode.loss_mask: 1.7152  decode.loss_dice: 2.0807  decode.d0.loss_cls: 2.3596  decode.d0.loss_mask: 1.7551  decode.d0.loss_dice: 2.2943  decode.d1.loss_cls: 1.2421  decode.d1.loss_mask: 1.7523  decode.d1.loss_dice: 2.1813  decode.d2.loss_cls: 1.2005  decode.d2.loss_mask: 1.7303  decode.d2.loss_dice: 2.1233  decode.d3.loss_cls: 1.2386  decode.d3.loss_mask: 1.7125  decode.d3.loss_dice: 2.0764  decode.d4.loss_cls: 1.2309  decode.d4.loss_mask: 1.7151  decode.d4.loss_dice: 2.0713  decode.d5.loss_cls: 1.2720  decode.d5.loss_mask: 1.7009  decode.d5.loss_dice: 2.0715  decode.d6.loss_cls: 1.2041  decode.d6.loss_mask: 1.7358  decode.d6.loss_dice: 2.0747  decode.d7.loss_cls: 1.1909  decode.d7.loss_mask: 1.7257  decode.d7.loss_dice: 2.0849  decode.d8.loss_cls: 1.2522  decode.d8.loss_mask: 1.7296  decode.d8.loss_dice: 2.0653
2026/06/15 15:49:00 - mmengine - INFO - Iter(train) [ 4100/20000]  base_lr: 8.7262e-05 lr: 8.7262e-05  eta: 1:38:00  time: 0.3387  data_time: 0.0130  memory: 3087  grad_norm: 499.0832  loss: 54.5868  decode.loss_cls: 1.3266  decode.loss_mask: 1.6938  decode.loss_dice: 2.2473  decode.d0.loss_cls: 2.4699  decode.d0.loss_mask: 1.7300  decode.d0.loss_dice: 2.5011  decode.d1.loss_cls: 1.3869  decode.d1.loss_mask: 1.7251  decode.d1.loss_dice: 2.3752  decode.d2.loss_cls: 1.3316  decode.d2.loss_mask: 1.7062  decode.d2.loss_dice: 2.2732  decode.d3.loss_cls: 1.3925  decode.d3.loss_mask: 1.7022  decode.d3.loss_dice: 2.2210  decode.d4.loss_cls: 1.3539  decode.d4.loss_mask: 1.6973  decode.d4.loss_dice: 2.2631  decode.d5.loss_cls: 1.3728  decode.d5.loss_mask: 1.6964  decode.d5.loss_dice: 2.2366  decode.d6.loss_cls: 1.3784  decode.d6.loss_mask: 1.7062  decode.d6.loss_dice: 2.2177  decode.d7.loss_cls: 1.3429  decode.d7.loss_mask: 1.7013  decode.d7.loss_dice: 2.2489  decode.d8.loss_cls: 1.3333  decode.d8.loss_mask: 1.6975  decode.d8.loss_dice: 2.2579
2026/06/15 15:49:17 - mmengine - INFO - Iter(train) [ 4150/20000]  base_lr: 8.7015e-05 lr: 8.7015e-05  eta: 1:37:36  time: 0.3461  data_time: 0.0138  memory: 3096  grad_norm: 431.6896  loss: 54.8153  decode.loss_cls: 1.4440  decode.loss_mask: 1.7229  decode.loss_dice: 2.1852  decode.d0.loss_cls: 2.3322  decode.d0.loss_mask: 1.7681  decode.d0.loss_dice: 2.4628  decode.d1.loss_cls: 1.4160  decode.d1.loss_mask: 1.7697  decode.d1.loss_dice: 2.3367  decode.d2.loss_cls: 1.3440  decode.d2.loss_mask: 1.7359  decode.d2.loss_dice: 2.2568  decode.d3.loss_cls: 1.2787  decode.d3.loss_mask: 1.7540  decode.d3.loss_dice: 2.2165  decode.d4.loss_cls: 1.3245  decode.d4.loss_mask: 1.7586  decode.d4.loss_dice: 2.2412  decode.d5.loss_cls: 1.3949  decode.d5.loss_mask: 1.7599  decode.d5.loss_dice: 2.2486  decode.d6.loss_cls: 1.4020  decode.d6.loss_mask: 1.7179  decode.d6.loss_dice: 2.2253  decode.d7.loss_cls: 1.3862  decode.d7.loss_mask: 1.7265  decode.d7.loss_dice: 2.2406  decode.d8.loss_cls: 1.3920  decode.d8.loss_mask: 1.7353  decode.d8.loss_dice: 2.2382
2026/06/15 15:49:34 - mmengine - INFO - Iter(train) [ 4200/20000]  base_lr: 8.6768e-05 lr: 8.6768e-05  eta: 1:37:11  time: 0.3375  data_time: 0.0134  memory: 3097  grad_norm: 431.4891  loss: 54.3337  decode.loss_cls: 1.2896  decode.loss_mask: 1.7470  decode.loss_dice: 2.2859  decode.d0.loss_cls: 2.3477  decode.d0.loss_mask: 1.7656  decode.d0.loss_dice: 2.4885  decode.d1.loss_cls: 1.2933  decode.d1.loss_mask: 1.7806  decode.d1.loss_dice: 2.3759  decode.d2.loss_cls: 1.2999  decode.d2.loss_mask: 1.7240  decode.d2.loss_dice: 2.2853  decode.d3.loss_cls: 1.2553  decode.d3.loss_mask: 1.7335  decode.d3.loss_dice: 2.2792  decode.d4.loss_cls: 1.2705  decode.d4.loss_mask: 1.7381  decode.d4.loss_dice: 2.2624  decode.d5.loss_cls: 1.3019  decode.d5.loss_mask: 1.7092  decode.d5.loss_dice: 2.2563  decode.d6.loss_cls: 1.2932  decode.d6.loss_mask: 1.7223  decode.d6.loss_dice: 2.2466  decode.d7.loss_cls: 1.3122  decode.d7.loss_mask: 1.7180  decode.d7.loss_dice: 2.2594  decode.d8.loss_cls: 1.3194  decode.d8.loss_mask: 1.7271  decode.d8.loss_dice: 2.2457
2026/06/15 15:49:51 - mmengine - INFO - Iter(train) [ 4250/20000]  base_lr: 8.6521e-05 lr: 8.6521e-05  eta: 1:36:47  time: 0.3369  data_time: 0.0131  memory: 3104  grad_norm: 486.5463  loss: 54.0701  decode.loss_cls: 1.3997  decode.loss_mask: 1.6906  decode.loss_dice: 2.2423  decode.d0.loss_cls: 2.3349  decode.d0.loss_mask: 1.6170  decode.d0.loss_dice: 2.4471  decode.d1.loss_cls: 1.4151  decode.d1.loss_mask: 1.6691  decode.d1.loss_dice: 2.3297  decode.d2.loss_cls: 1.3477  decode.d2.loss_mask: 1.6758  decode.d2.loss_dice: 2.2840  decode.d3.loss_cls: 1.3663  decode.d3.loss_mask: 1.6652  decode.d3.loss_dice: 2.2196  decode.d4.loss_cls: 1.4118  decode.d4.loss_mask: 1.6378  decode.d4.loss_dice: 2.1975  decode.d5.loss_cls: 1.3661  decode.d5.loss_mask: 1.6766  decode.d5.loss_dice: 2.2280  decode.d6.loss_cls: 1.3497  decode.d6.loss_mask: 1.6826  decode.d6.loss_dice: 2.2300  decode.d7.loss_cls: 1.3445  decode.d7.loss_mask: 1.6677  decode.d7.loss_dice: 2.2373  decode.d8.loss_cls: 1.3997  decode.d8.loss_mask: 1.6891  decode.d8.loss_dice: 2.2476
2026/06/15 15:50:08 - mmengine - INFO - Iter(train) [ 4300/20000]  base_lr: 8.6273e-05 lr: 8.6273e-05  eta: 1:36:24  time: 0.3678  data_time: 0.0160  memory: 3095  grad_norm: 500.0149  loss: 50.6582  decode.loss_cls: 1.1761  decode.loss_mask: 1.7063  decode.loss_dice: 2.0146  decode.d0.loss_cls: 2.2207  decode.d0.loss_mask: 1.7951  decode.d0.loss_dice: 2.2258  decode.d1.loss_cls: 1.3062  decode.d1.loss_mask: 1.7416  decode.d1.loss_dice: 2.0760  decode.d2.loss_cls: 1.1833  decode.d2.loss_mask: 1.7376  decode.d2.loss_dice: 2.0131  decode.d3.loss_cls: 1.1055  decode.d3.loss_mask: 1.7231  decode.d3.loss_dice: 2.0185  decode.d4.loss_cls: 1.1618  decode.d4.loss_mask: 1.7250  decode.d4.loss_dice: 2.0129  decode.d5.loss_cls: 1.2156  decode.d5.loss_mask: 1.7090  decode.d5.loss_dice: 2.0229  decode.d6.loss_cls: 1.1970  decode.d6.loss_mask: 1.7371  decode.d6.loss_dice: 1.9922  decode.d7.loss_cls: 1.1918  decode.d7.loss_mask: 1.7212  decode.d7.loss_dice: 2.0240  decode.d8.loss_cls: 1.2222  decode.d8.loss_mask: 1.6934  decode.d8.loss_dice: 1.9886
2026/06/15 15:50:25 - mmengine - INFO - Iter(train) [ 4350/20000]  base_lr: 8.6026e-05 lr: 8.6026e-05  eta: 1:36:01  time: 0.3411  data_time: 0.0136  memory: 3101  grad_norm: 497.5669  loss: 51.7743  decode.loss_cls: 1.3263  decode.loss_mask: 1.6233  decode.loss_dice: 2.0686  decode.d0.loss_cls: 2.2410  decode.d0.loss_mask: 1.6750  decode.d0.loss_dice: 2.3340  decode.d1.loss_cls: 1.3387  decode.d1.loss_mask: 1.6491  decode.d1.loss_dice: 2.2194  decode.d2.loss_cls: 1.2804  decode.d2.loss_mask: 1.6178  decode.d2.loss_dice: 2.0970  decode.d3.loss_cls: 1.3583  decode.d3.loss_mask: 1.6226  decode.d3.loss_dice: 2.0242  decode.d4.loss_cls: 1.4176  decode.d4.loss_mask: 1.6178  decode.d4.loss_dice: 2.0267  decode.d5.loss_cls: 1.4340  decode.d5.loss_mask: 1.6132  decode.d5.loss_dice: 2.0218  decode.d6.loss_cls: 1.3940  decode.d6.loss_mask: 1.6139  decode.d6.loss_dice: 2.0322  decode.d7.loss_cls: 1.4079  decode.d7.loss_mask: 1.6232  decode.d7.loss_dice: 2.0412  decode.d8.loss_cls: 1.3774  decode.d8.loss_mask: 1.6400  decode.d8.loss_dice: 2.0378
2026/06/15 15:50:42 - mmengine - INFO - Iter(train) [ 4400/20000]  base_lr: 8.5779e-05 lr: 8.5779e-05  eta: 1:35:37  time: 0.3421  data_time: 0.0132  memory: 3097  grad_norm: 451.1928  loss: 52.8330  decode.loss_cls: 1.2075  decode.loss_mask: 1.6963  decode.loss_dice: 2.2393  decode.d0.loss_cls: 2.1544  decode.d0.loss_mask: 1.7330  decode.d0.loss_dice: 2.4608  decode.d1.loss_cls: 1.2361  decode.d1.loss_mask: 1.7627  decode.d1.loss_dice: 2.3701  decode.d2.loss_cls: 1.1066  decode.d2.loss_mask: 1.7494  decode.d2.loss_dice: 2.2819  decode.d3.loss_cls: 1.0890  decode.d3.loss_mask: 1.7373  decode.d3.loss_dice: 2.2696  decode.d4.loss_cls: 1.1072  decode.d4.loss_mask: 1.7643  decode.d4.loss_dice: 2.2737  decode.d5.loss_cls: 1.1646  decode.d5.loss_mask: 1.7374  decode.d5.loss_dice: 2.2486  decode.d6.loss_cls: 1.1415  decode.d6.loss_mask: 1.7280  decode.d6.loss_dice: 2.2683  decode.d7.loss_cls: 1.1813  decode.d7.loss_mask: 1.7294  decode.d7.loss_dice: 2.2469  decode.d8.loss_cls: 1.1937  decode.d8.loss_mask: 1.7022  decode.d8.loss_dice: 2.2518
2026/06/15 15:50:59 - mmengine - INFO - Iter(train) [ 4450/20000]  base_lr: 8.5531e-05 lr: 8.5531e-05  eta: 1:35:15  time: 0.3486  data_time: 0.0139  memory: 3096  grad_norm: 585.4142  loss: 53.8968  decode.loss_cls: 1.4701  decode.loss_mask: 1.7095  decode.loss_dice: 2.0423  decode.d0.loss_cls: 2.3010  decode.d0.loss_mask: 1.7244  decode.d0.loss_dice: 2.3549  decode.d1.loss_cls: 1.5492  decode.d1.loss_mask: 1.7386  decode.d1.loss_dice: 2.1921  decode.d2.loss_cls: 1.4466  decode.d2.loss_mask: 1.7204  decode.d2.loss_dice: 2.1192  decode.d3.loss_cls: 1.4583  decode.d3.loss_mask: 1.7351  decode.d3.loss_dice: 2.0633  decode.d4.loss_cls: 1.4189  decode.d4.loss_mask: 1.7562  decode.d4.loss_dice: 2.0774  decode.d5.loss_cls: 1.4308  decode.d5.loss_mask: 1.7680  decode.d5.loss_dice: 2.0795  decode.d6.loss_cls: 1.4701  decode.d6.loss_mask: 1.7365  decode.d6.loss_dice: 2.0460  decode.d7.loss_cls: 1.4627  decode.d7.loss_mask: 1.7373  decode.d7.loss_dice: 2.0548  decode.d8.loss_cls: 1.4584  decode.d8.loss_mask: 1.7268  decode.d8.loss_dice: 2.0484
2026/06/15 15:51:17 - mmengine - INFO - Iter(train) [ 4500/20000]  base_lr: 8.5284e-05 lr: 8.5284e-05  eta: 1:34:53  time: 0.3443  data_time: 0.0135  memory: 3108  grad_norm: 424.8248  loss: 52.2138  decode.loss_cls: 1.3080  decode.loss_mask: 1.6565  decode.loss_dice: 2.1070  decode.d0.loss_cls: 2.2557  decode.d0.loss_mask: 1.6913  decode.d0.loss_dice: 2.3865  decode.d1.loss_cls: 1.3762  decode.d1.loss_mask: 1.6956  decode.d1.loss_dice: 2.2840  decode.d2.loss_cls: 1.2448  decode.d2.loss_mask: 1.6662  decode.d2.loss_dice: 2.1937  decode.d3.loss_cls: 1.2701  decode.d3.loss_mask: 1.6080  decode.d3.loss_dice: 2.0905  decode.d4.loss_cls: 1.3025  decode.d4.loss_mask: 1.6345  decode.d4.loss_dice: 2.1024  decode.d5.loss_cls: 1.3609  decode.d5.loss_mask: 1.6415  decode.d5.loss_dice: 2.0945  decode.d6.loss_cls: 1.3398  decode.d6.loss_mask: 1.6447  decode.d6.loss_dice: 2.0819  decode.d7.loss_cls: 1.3157  decode.d7.loss_mask: 1.6492  decode.d7.loss_dice: 2.0980  decode.d8.loss_cls: 1.3501  decode.d8.loss_mask: 1.6509  decode.d8.loss_dice: 2.1135
2026/06/15 15:51:34 - mmengine - INFO - Iter(train) [ 4550/20000]  base_lr: 8.5036e-05 lr: 8.5036e-05  eta: 1:34:31  time: 0.3437  data_time: 0.0135  memory: 3083  grad_norm: 450.3404  loss: 51.4658  decode.loss_cls: 1.3368  decode.loss_mask: 1.6625  decode.loss_dice: 2.0596  decode.d0.loss_cls: 2.1389  decode.d0.loss_mask: 1.6323  decode.d0.loss_dice: 2.3012  decode.d1.loss_cls: 1.3777  decode.d1.loss_mask: 1.6416  decode.d1.loss_dice: 2.1629  decode.d2.loss_cls: 1.3132  decode.d2.loss_mask: 1.6253  decode.d2.loss_dice: 2.0957  decode.d3.loss_cls: 1.2739  decode.d3.loss_mask: 1.6238  decode.d3.loss_dice: 2.0753  decode.d4.loss_cls: 1.2815  decode.d4.loss_mask: 1.6296  decode.d4.loss_dice: 2.0908  decode.d5.loss_cls: 1.3185  decode.d5.loss_mask: 1.6448  decode.d5.loss_dice: 2.0914  decode.d6.loss_cls: 1.3340  decode.d6.loss_mask: 1.6418  decode.d6.loss_dice: 2.0706  decode.d7.loss_cls: 1.2930  decode.d7.loss_mask: 1.6571  decode.d7.loss_dice: 2.0766  decode.d8.loss_cls: 1.3215  decode.d8.loss_mask: 1.6445  decode.d8.loss_dice: 2.0493
2026/06/15 15:51:51 - mmengine - INFO - Iter(train) [ 4600/20000]  base_lr: 8.4788e-05 lr: 8.4788e-05  eta: 1:34:09  time: 0.3433  data_time: 0.0128  memory: 3103  grad_norm: 426.9717  loss: 54.5916  decode.loss_cls: 1.2860  decode.loss_mask: 1.7898  decode.loss_dice: 2.2300  decode.d0.loss_cls: 2.0906  decode.d0.loss_mask: 1.7623  decode.d0.loss_dice: 2.4685  decode.d1.loss_cls: 1.4671  decode.d1.loss_mask: 1.7674  decode.d1.loss_dice: 2.3349  decode.d2.loss_cls: 1.3218  decode.d2.loss_mask: 1.8051  decode.d2.loss_dice: 2.2658  decode.d3.loss_cls: 1.3299  decode.d3.loss_mask: 1.7822  decode.d3.loss_dice: 2.2280  decode.d4.loss_cls: 1.3056  decode.d4.loss_mask: 1.7860  decode.d4.loss_dice: 2.2268  decode.d5.loss_cls: 1.3218  decode.d5.loss_mask: 1.7942  decode.d5.loss_dice: 2.2363  decode.d6.loss_cls: 1.3216  decode.d6.loss_mask: 1.8140  decode.d6.loss_dice: 2.2276  decode.d7.loss_cls: 1.2942  decode.d7.loss_mask: 1.8081  decode.d7.loss_dice: 2.2366  decode.d8.loss_cls: 1.2725  decode.d8.loss_mask: 1.7874  decode.d8.loss_dice: 2.2294
2026/06/15 15:52:09 - mmengine - INFO - Iter(train) [ 4650/20000]  base_lr: 8.4540e-05 lr: 8.4540e-05  eta: 1:33:47  time: 0.3506  data_time: 0.0136  memory: 3095  grad_norm: 616.0486  loss: 52.0060  decode.loss_cls: 1.2618  decode.loss_mask: 1.6871  decode.loss_dice: 2.1318  decode.d0.loss_cls: 2.0831  decode.d0.loss_mask: 1.7040  decode.d0.loss_dice: 2.3792  decode.d1.loss_cls: 1.3304  decode.d1.loss_mask: 1.7030  decode.d1.loss_dice: 2.2396  decode.d2.loss_cls: 1.2948  decode.d2.loss_mask: 1.6731  decode.d2.loss_dice: 2.1561  decode.d3.loss_cls: 1.1987  decode.d3.loss_mask: 1.6766  decode.d3.loss_dice: 2.1416  decode.d4.loss_cls: 1.2753  decode.d4.loss_mask: 1.6584  decode.d4.loss_dice: 2.1228  decode.d5.loss_cls: 1.2596  decode.d5.loss_mask: 1.6699  decode.d5.loss_dice: 2.1353  decode.d6.loss_cls: 1.2513  decode.d6.loss_mask: 1.6822  decode.d6.loss_dice: 2.1135  decode.d7.loss_cls: 1.2857  decode.d7.loss_mask: 1.6713  decode.d7.loss_dice: 2.1292  decode.d8.loss_cls: 1.2607  decode.d8.loss_mask: 1.6980  decode.d8.loss_dice: 2.1323
2026/06/15 15:52:27 - mmengine - INFO - Iter(train) [ 4700/20000]  base_lr: 8.4292e-05 lr: 8.4292e-05  eta: 1:33:29  time: 0.3671  data_time: 0.0140  memory: 3100  grad_norm: 409.4915  loss: 52.2165  decode.loss_cls: 1.2922  decode.loss_mask: 1.6477  decode.loss_dice: 2.1548  decode.d0.loss_cls: 2.0699  decode.d0.loss_mask: 1.6404  decode.d0.loss_dice: 2.4238  decode.d1.loss_cls: 1.3548  decode.d1.loss_mask: 1.6613  decode.d1.loss_dice: 2.3008  decode.d2.loss_cls: 1.2787  decode.d2.loss_mask: 1.6586  decode.d2.loss_dice: 2.2007  decode.d3.loss_cls: 1.2524  decode.d3.loss_mask: 1.6452  decode.d3.loss_dice: 2.1526  decode.d4.loss_cls: 1.2616  decode.d4.loss_mask: 1.6464  decode.d4.loss_dice: 2.1506  decode.d5.loss_cls: 1.2771  decode.d5.loss_mask: 1.6360  decode.d5.loss_dice: 2.1670  decode.d6.loss_cls: 1.2436  decode.d6.loss_mask: 1.6694  decode.d6.loss_dice: 2.1708  decode.d7.loss_cls: 1.3022  decode.d7.loss_mask: 1.6519  decode.d7.loss_dice: 2.1695  decode.d8.loss_cls: 1.3075  decode.d8.loss_mask: 1.6559  decode.d8.loss_dice: 2.1730
2026/06/15 15:52:45 - mmengine - INFO - Iter(train) [ 4750/20000]  base_lr: 8.4045e-05 lr: 8.4045e-05  eta: 1:33:09  time: 0.3586  data_time: 0.0135  memory: 3094  grad_norm: 443.7319  loss: 51.1944  decode.loss_cls: 1.2334  decode.loss_mask: 1.6523  decode.loss_dice: 2.1037  decode.d0.loss_cls: 2.1369  decode.d0.loss_mask: 1.6434  decode.d0.loss_dice: 2.3187  decode.d1.loss_cls: 1.2900  decode.d1.loss_mask: 1.6507  decode.d1.loss_dice: 2.2536  decode.d2.loss_cls: 1.2588  decode.d2.loss_mask: 1.6256  decode.d2.loss_dice: 2.1319  decode.d3.loss_cls: 1.2255  decode.d3.loss_mask: 1.6609  decode.d3.loss_dice: 2.1159  decode.d4.loss_cls: 1.2564  decode.d4.loss_mask: 1.6589  decode.d4.loss_dice: 2.1030  decode.d5.loss_cls: 1.2380  decode.d5.loss_mask: 1.6485  decode.d5.loss_dice: 2.0836  decode.d6.loss_cls: 1.2690  decode.d6.loss_mask: 1.6326  decode.d6.loss_dice: 2.0533  decode.d7.loss_cls: 1.2756  decode.d7.loss_mask: 1.6237  decode.d7.loss_dice: 2.0831  decode.d8.loss_cls: 1.2304  decode.d8.loss_mask: 1.6326  decode.d8.loss_dice: 2.1043
2026/06/15 15:53:02 - mmengine - INFO - Iter(train) [ 4800/20000]  base_lr: 8.3796e-05 lr: 8.3796e-05  eta: 1:32:47  time: 0.3400  data_time: 0.0130  memory: 3108  grad_norm: 410.4282  loss: 50.0193  decode.loss_cls: 1.3061  decode.loss_mask: 1.6497  decode.loss_dice: 2.0063  decode.d0.loss_cls: 1.9611  decode.d0.loss_mask: 1.6222  decode.d0.loss_dice: 2.1819  decode.d1.loss_cls: 1.3139  decode.d1.loss_mask: 1.6625  decode.d1.loss_dice: 2.1317  decode.d2.loss_cls: 1.1797  decode.d2.loss_mask: 1.6492  decode.d2.loss_dice: 2.0592  decode.d3.loss_cls: 1.2060  decode.d3.loss_mask: 1.6392  decode.d3.loss_dice: 1.9914  decode.d4.loss_cls: 1.2199  decode.d4.loss_mask: 1.6305  decode.d4.loss_dice: 2.0062  decode.d5.loss_cls: 1.2118  decode.d5.loss_mask: 1.6495  decode.d5.loss_dice: 1.9967  decode.d6.loss_cls: 1.2802  decode.d6.loss_mask: 1.6330  decode.d6.loss_dice: 1.9481  decode.d7.loss_cls: 1.3171  decode.d7.loss_mask: 1.6066  decode.d7.loss_dice: 1.9701  decode.d8.loss_cls: 1.3466  decode.d8.loss_mask: 1.6353  decode.d8.loss_dice: 2.0075
2026/06/15 15:53:19 - mmengine - INFO - Iter(train) [ 4850/20000]  base_lr: 8.3548e-05 lr: 8.3548e-05  eta: 1:32:25  time: 0.3576  data_time: 0.0169  memory: 3100  grad_norm: 413.9570  loss: 53.1491  decode.loss_cls: 1.2369  decode.loss_mask: 1.6490  decode.loss_dice: 2.3198  decode.d0.loss_cls: 2.0849  decode.d0.loss_mask: 1.6842  decode.d0.loss_dice: 2.4785  decode.d1.loss_cls: 1.1676  decode.d1.loss_mask: 1.6847  decode.d1.loss_dice: 2.4802  decode.d2.loss_cls: 1.1232  decode.d2.loss_mask: 1.6808  decode.d2.loss_dice: 2.3663  decode.d3.loss_cls: 1.1382  decode.d3.loss_mask: 1.6823  decode.d3.loss_dice: 2.3540  decode.d4.loss_cls: 1.2107  decode.d4.loss_mask: 1.6690  decode.d4.loss_dice: 2.3450  decode.d5.loss_cls: 1.2017  decode.d5.loss_mask: 1.6642  decode.d5.loss_dice: 2.3411  decode.d6.loss_cls: 1.2275  decode.d6.loss_mask: 1.6692  decode.d6.loss_dice: 2.3138  decode.d7.loss_cls: 1.2029  decode.d7.loss_mask: 1.6487  decode.d7.loss_dice: 2.3135  decode.d8.loss_cls: 1.2225  decode.d8.loss_mask: 1.6650  decode.d8.loss_dice: 2.3239
2026/06/15 15:53:36 - mmengine - INFO - Iter(train) [ 4900/20000]  base_lr: 8.3300e-05 lr: 8.3300e-05  eta: 1:32:03  time: 0.3354  data_time: 0.0131  memory: 3103  grad_norm: 469.0542  loss: 51.0937  decode.loss_cls: 1.1157  decode.loss_mask: 1.7280  decode.loss_dice: 2.1565  decode.d0.loss_cls: 1.8650  decode.d0.loss_mask: 1.7618  decode.d0.loss_dice: 2.3595  decode.d1.loss_cls: 1.1137  decode.d1.loss_mask: 1.7928  decode.d1.loss_dice: 2.2796  decode.d2.loss_cls: 1.1114  decode.d2.loss_mask: 1.7466  decode.d2.loss_dice: 2.2024  decode.d3.loss_cls: 1.0828  decode.d3.loss_mask: 1.7225  decode.d3.loss_dice: 2.1771  decode.d4.loss_cls: 1.1268  decode.d4.loss_mask: 1.6998  decode.d4.loss_dice: 2.1467  decode.d5.loss_cls: 1.1029  decode.d5.loss_mask: 1.7084  decode.d5.loss_dice: 2.1538  decode.d6.loss_cls: 1.0813  decode.d6.loss_mask: 1.7170  decode.d6.loss_dice: 2.1541  decode.d7.loss_cls: 1.0917  decode.d7.loss_mask: 1.7273  decode.d7.loss_dice: 2.1730  decode.d8.loss_cls: 1.1230  decode.d8.loss_mask: 1.7202  decode.d8.loss_dice: 2.1524
2026/06/15 15:53:53 - mmengine - INFO - Iter(train) [ 4950/20000]  base_lr: 8.3052e-05 lr: 8.3052e-05  eta: 1:31:40  time: 0.3350  data_time: 0.0131  memory: 3106  grad_norm: 518.6242  loss: 52.0479  decode.loss_cls: 1.3379  decode.loss_mask: 1.6019  decode.loss_dice: 2.1680  decode.d0.loss_cls: 1.9041  decode.d0.loss_mask: 1.6573  decode.d0.loss_dice: 2.3929  decode.d1.loss_cls: 1.3426  decode.d1.loss_mask: 1.6414  decode.d1.loss_dice: 2.2770  decode.d2.loss_cls: 1.2777  decode.d2.loss_mask: 1.6287  decode.d2.loss_dice: 2.1852  decode.d3.loss_cls: 1.3054  decode.d3.loss_mask: 1.6237  decode.d3.loss_dice: 2.1708  decode.d4.loss_cls: 1.3281  decode.d4.loss_mask: 1.6261  decode.d4.loss_dice: 2.1535  decode.d5.loss_cls: 1.3661  decode.d5.loss_mask: 1.6163  decode.d5.loss_dice: 2.1265  decode.d6.loss_cls: 1.3717  decode.d6.loss_mask: 1.6052  decode.d6.loss_dice: 2.1158  decode.d7.loss_cls: 1.3592  decode.d7.loss_mask: 1.6126  decode.d7.loss_dice: 2.1456  decode.d8.loss_cls: 1.3697  decode.d8.loss_mask: 1.5939  decode.d8.loss_dice: 2.1431
2026/06/15 15:54:10 - mmengine - INFO - Exp name: dinov3l_m2f_pastis_v2_20260615_152144
2026/06/15 15:54:10 - mmengine - INFO - Iter(train) [ 5000/20000]  base_lr: 8.2804e-05 lr: 8.2804e-05  eta: 1:31:17  time: 0.3400  data_time: 0.0136  memory: 3101  grad_norm: 401.9394  loss: 53.7449  decode.loss_cls: 1.3312  decode.loss_mask: 1.7473  decode.loss_dice: 2.1765  decode.d0.loss_cls: 2.0526  decode.d0.loss_mask: 1.7559  decode.d0.loss_dice: 2.4514  decode.d1.loss_cls: 1.3628  decode.d1.loss_mask: 1.7493  decode.d1.loss_dice: 2.3358  decode.d2.loss_cls: 1.2976  decode.d2.loss_mask: 1.7372  decode.d2.loss_dice: 2.2339  decode.d3.loss_cls: 1.3234  decode.d3.loss_mask: 1.7353  decode.d3.loss_dice: 2.2007  decode.d4.loss_cls: 1.2610  decode.d4.loss_mask: 1.7562  decode.d4.loss_dice: 2.2398  decode.d5.loss_cls: 1.3358  decode.d5.loss_mask: 1.7157  decode.d5.loss_dice: 2.2197  decode.d6.loss_cls: 1.2981  decode.d6.loss_mask: 1.7481  decode.d6.loss_dice: 2.1871  decode.d7.loss_cls: 1.3077  decode.d7.loss_mask: 1.7330  decode.d7.loss_dice: 2.1933  decode.d8.loss_cls: 1.3235  decode.d8.loss_mask: 1.7386  decode.d8.loss_dice: 2.1964
2026/06/15 15:54:10 - mmengine - INFO - Saving checkpoint at 5000 iterations
2026/06/15 15:54:34 - mmengine - INFO - Iter(val) [ 50/121]    eta: 0:00:06  time: 0.0912  data_time: 0.0059  memory: 2643  
2026/06/15 15:54:38 - mmengine - INFO - Iter(val) [100/121]    eta: 0:00:01  time: 0.0896  data_time: 0.0054  memory: 2643  
2026/06/15 15:54:40 - mmengine - INFO - per class results:
2026/06/15 15:54:40 - mmengine - INFO - 
+---------+-------+-------+
|  Class  |  IoU  |  Acc  |
+---------+-------+-------+
|  crop_1 | 71.25 | 85.15 |
|  crop_2 | 57.54 | 66.74 |
|  crop_3 | 59.52 | 75.85 |
|  crop_4 | 66.58 | 85.62 |
|  crop_5 | 27.46 | 35.87 |
|  crop_6 | 62.24 | 91.37 |
|  crop_7 |  3.86 |  5.54 |
|  crop_8 |  25.2 | 48.26 |
|  crop_9 | 34.68 |  50.5 |
| crop_10 | 54.02 | 69.32 |
| crop_11 | 14.64 | 22.39 |
| crop_12 | 37.95 | 64.53 |
| crop_13 |  6.38 |  8.3  |
| crop_14 | 15.11 | 18.41 |
| crop_15 | 28.92 | 43.87 |
| crop_16 | 25.85 | 51.91 |
| crop_17 | 26.96 | 57.48 |
| crop_18 |  8.23 | 12.68 |
| crop_19 |  1.01 |  1.05 |
+---------+-------+-------+
2026/06/15 15:54:40 - mmengine - INFO - Iter(val) [121/121]    aAcc: 73.8000  mIoU: 33.0200  mAcc: 47.1000  data_time: 0.0065  time: 0.0911
2026/06/15 15:54:40 - mmengine - INFO - The previous best checkpoint /mnt/ht2-nas2/00-model/00-fb/mmseg_dino/work_dirs/dinov3l_m2f_pastis_v2/best_mIoU_iter_4000.pth is removed
2026/06/15 15:55:02 - mmengine - INFO - The best checkpoint with 33.0200 mIoU at 5000 iter is saved to best_mIoU_iter_5000.pth.
2026/06/15 15:55:32 - mmengine - INFO - Iter(train) [ 5050/20000]  base_lr: 8.2555e-05 lr: 8.2555e-05  eta: 1:32:40  time: 0.3525  data_time: 0.0141  memory: 3107  grad_norm: 523.7580  loss: 50.8446  decode.loss_cls: 1.2718  decode.loss_mask: 1.6138  decode.loss_dice: 2.0541  decode.d0.loss_cls: 2.0014  decode.d0.loss_mask: 1.6805  decode.d0.loss_dice: 2.3396  decode.d1.loss_cls: 1.2895  decode.d1.loss_mask: 1.6601  decode.d1.loss_dice: 2.2050  decode.d2.loss_cls: 1.2168  decode.d2.loss_mask: 1.6510  decode.d2.loss_dice: 2.1253  decode.d3.loss_cls: 1.1877  decode.d3.loss_mask: 1.6459  decode.d3.loss_dice: 2.1085  decode.d4.loss_cls: 1.2540  decode.d4.loss_mask: 1.6506  decode.d4.loss_dice: 2.0846  decode.d5.loss_cls: 1.2421  decode.d5.loss_mask: 1.6600  decode.d5.loss_dice: 2.1068  decode.d6.loss_cls: 1.2759  decode.d6.loss_mask: 1.6230  decode.d6.loss_dice: 2.0443  decode.d7.loss_cls: 1.2645  decode.d7.loss_mask: 1.6122  decode.d7.loss_dice: 2.0474  decode.d8.loss_cls: 1.2789  decode.d8.loss_mask: 1.6168  decode.d8.loss_dice: 2.0325
2026/06/15 15:55:50 - mmengine - INFO - Iter(train) [ 5100/20000]  base_lr: 8.2307e-05 lr: 8.2307e-05  eta: 1:32:18  time: 0.3448  data_time: 0.0137  memory: 3096  grad_norm: 368.4788  loss: 50.5217  decode.loss_cls: 1.1325  decode.loss_mask: 1.7166  decode.loss_dice: 2.0890  decode.d0.loss_cls: 1.8092  decode.d0.loss_mask: 1.7584  decode.d0.loss_dice: 2.3349  decode.d1.loss_cls: 1.2178  decode.d1.loss_mask: 1.7194  decode.d1.loss_dice: 2.1686  decode.d2.loss_cls: 1.0687  decode.d2.loss_mask: 1.7475  decode.d2.loss_dice: 2.1317  decode.d3.loss_cls: 1.1098  decode.d3.loss_mask: 1.7436  decode.d3.loss_dice: 2.1097  decode.d4.loss_cls: 1.0761  decode.d4.loss_mask: 1.7449  decode.d4.loss_dice: 2.1169  decode.d5.loss_cls: 1.0633  decode.d5.loss_mask: 1.7408  decode.d5.loss_dice: 2.1090  decode.d6.loss_cls: 1.1224  decode.d6.loss_mask: 1.7118  decode.d6.loss_dice: 2.0704  decode.d7.loss_cls: 1.1203  decode.d7.loss_mask: 1.7220  decode.d7.loss_dice: 2.0946  decode.d8.loss_cls: 1.1626  decode.d8.loss_mask: 1.7017  decode.d8.loss_dice: 2.1076
2026/06/15 15:56:07 - mmengine - INFO - Iter(train) [ 5150/20000]  base_lr: 8.2058e-05 lr: 8.2058e-05  eta: 1:31:56  time: 0.3457  data_time: 0.0136  memory: 3115  grad_norm: 597.5811  loss: 50.3005  decode.loss_cls: 1.2508  decode.loss_mask: 1.6148  decode.loss_dice: 2.0400  decode.d0.loss_cls: 1.9344  decode.d0.loss_mask: 1.5695  decode.d0.loss_dice: 2.2698  decode.d1.loss_cls: 1.3556  decode.d1.loss_mask: 1.6171  decode.d1.loss_dice: 2.1596  decode.d2.loss_cls: 1.2381  decode.d2.loss_mask: 1.6074  decode.d2.loss_dice: 2.0936  decode.d3.loss_cls: 1.2962  decode.d3.loss_mask: 1.6368  decode.d3.loss_dice: 2.0466  decode.d4.loss_cls: 1.3296  decode.d4.loss_mask: 1.6022  decode.d4.loss_dice: 2.0365  decode.d5.loss_cls: 1.2521  decode.d5.loss_mask: 1.6125  decode.d5.loss_dice: 2.0515  decode.d6.loss_cls: 1.2606  decode.d6.loss_mask: 1.6004  decode.d6.loss_dice: 2.0369  decode.d7.loss_cls: 1.2607  decode.d7.loss_mask: 1.5999  decode.d7.loss_dice: 2.0461  decode.d8.loss_cls: 1.2405  decode.d8.loss_mask: 1.6058  decode.d8.loss_dice: 2.0349
2026/06/15 15:56:25 - mmengine - INFO - Iter(train) [ 5200/20000]  base_lr: 8.1809e-05 lr: 8.1809e-05  eta: 1:31:34  time: 0.3429  data_time: 0.0133  memory: 3096  grad_norm: 427.6386  loss: 50.2541  decode.loss_cls: 1.2137  decode.loss_mask: 1.6460  decode.loss_dice: 2.0518  decode.d0.loss_cls: 1.8112  decode.d0.loss_mask: 1.6709  decode.d0.loss_dice: 2.3192  decode.d1.loss_cls: 1.2587  decode.d1.loss_mask: 1.6655  decode.d1.loss_dice: 2.1955  decode.d2.loss_cls: 1.2122  decode.d2.loss_mask: 1.6496  decode.d2.loss_dice: 2.1193  decode.d3.loss_cls: 1.1558  decode.d3.loss_mask: 1.6567  decode.d3.loss_dice: 2.0992  decode.d4.loss_cls: 1.2071  decode.d4.loss_mask: 1.6357  decode.d4.loss_dice: 2.0974  decode.d5.loss_cls: 1.2048  decode.d5.loss_mask: 1.6286  decode.d5.loss_dice: 2.0772  decode.d6.loss_cls: 1.1876  decode.d6.loss_mask: 1.6171  decode.d6.loss_dice: 2.0490  decode.d7.loss_cls: 1.2410  decode.d7.loss_mask: 1.6420  decode.d7.loss_dice: 2.0313  decode.d8.loss_cls: 1.2087  decode.d8.loss_mask: 1.6510  decode.d8.loss_dice: 2.0504
2026/06/15 15:56:42 - mmengine - INFO - Iter(train) [ 5250/20000]  base_lr: 8.1560e-05 lr: 8.1560e-05  eta: 1:31:12  time: 0.3455  data_time: 0.0131  memory: 3100  grad_norm: 449.0139  loss: 51.7926  decode.loss_cls: 1.3078  decode.loss_mask: 1.7180  decode.loss_dice: 2.0297  decode.d0.loss_cls: 1.9804  decode.d0.loss_mask: 1.7420  decode.d0.loss_dice: 2.2853  decode.d1.loss_cls: 1.3905  decode.d1.loss_mask: 1.7301  decode.d1.loss_dice: 2.1829  decode.d2.loss_cls: 1.3223  decode.d2.loss_mask: 1.7228  decode.d2.loss_dice: 2.0665  decode.d3.loss_cls: 1.2547  decode.d3.loss_mask: 1.7294  decode.d3.loss_dice: 2.0509  decode.d4.loss_cls: 1.2648  decode.d4.loss_mask: 1.7318  decode.d4.loss_dice: 2.0454  decode.d5.loss_cls: 1.2814  decode.d5.loss_mask: 1.7145  decode.d5.loss_dice: 2.0342  decode.d6.loss_cls: 1.3326  decode.d6.loss_mask: 1.7190  decode.d6.loss_dice: 2.0078  decode.d7.loss_cls: 1.3032  decode.d7.loss_mask: 1.7156  decode.d7.loss_dice: 2.0602  decode.d8.loss_cls: 1.3208  decode.d8.loss_mask: 1.7034  decode.d8.loss_dice: 2.0447
2026/06/15 15:56:59 - mmengine - INFO - Iter(train) [ 5300/20000]  base_lr: 8.1312e-05 lr: 8.1312e-05  eta: 1:30:50  time: 0.3441  data_time: 0.0129  memory: 3096  grad_norm: 461.6446  loss: 51.9133  decode.loss_cls: 1.1854  decode.loss_mask: 1.7434  decode.loss_dice: 2.1373  decode.d0.loss_cls: 1.8761  decode.d0.loss_mask: 1.7716  decode.d0.loss_dice: 2.4294  decode.d1.loss_cls: 1.2824  decode.d1.loss_mask: 1.7447  decode.d1.loss_dice: 2.2774  decode.d2.loss_cls: 1.1721  decode.d2.loss_mask: 1.7232  decode.d2.loss_dice: 2.1720  decode.d3.loss_cls: 1.1511  decode.d3.loss_mask: 1.7324  decode.d3.loss_dice: 2.1517  decode.d4.loss_cls: 1.1679  decode.d4.loss_mask: 1.7421  decode.d4.loss_dice: 2.1582  decode.d5.loss_cls: 1.2233  decode.d5.loss_mask: 1.7462  decode.d5.loss_dice: 2.1340  decode.d6.loss_cls: 1.2203  decode.d6.loss_mask: 1.7184  decode.d6.loss_dice: 2.1358  decode.d7.loss_cls: 1.2343  decode.d7.loss_mask: 1.7083  decode.d7.loss_dice: 2.1064  decode.d8.loss_cls: 1.2049  decode.d8.loss_mask: 1.7320  decode.d8.loss_dice: 2.1309
2026/06/15 15:57:16 - mmengine - INFO - Iter(train) [ 5350/20000]  base_lr: 8.1063e-05 lr: 8.1063e-05  eta: 1:30:28  time: 0.3433  data_time: 0.0126  memory: 3096  grad_norm: 507.7348  loss: 51.0291  decode.loss_cls: 1.3530  decode.loss_mask: 1.6031  decode.loss_dice: 1.9971  decode.d0.loss_cls: 1.9858  decode.d0.loss_mask: 1.6100  decode.d0.loss_dice: 2.2756  decode.d1.loss_cls: 1.3936  decode.d1.loss_mask: 1.6233  decode.d1.loss_dice: 2.1622  decode.d2.loss_cls: 1.3810  decode.d2.loss_mask: 1.6294  decode.d2.loss_dice: 2.0746  decode.d3.loss_cls: 1.3884  decode.d3.loss_mask: 1.6355  decode.d3.loss_dice: 1.9996  decode.d4.loss_cls: 1.3381  decode.d4.loss_mask: 1.6362  decode.d4.loss_dice: 2.0367  decode.d5.loss_cls: 1.3695  decode.d5.loss_mask: 1.6062  decode.d5.loss_dice: 2.0297  decode.d6.loss_cls: 1.3410  decode.d6.loss_mask: 1.6000  decode.d6.loss_dice: 2.0253  decode.d7.loss_cls: 1.3432  decode.d7.loss_mask: 1.6055  decode.d7.loss_dice: 2.0247  decode.d8.loss_cls: 1.3706  decode.d8.loss_mask: 1.5899  decode.d8.loss_dice: 2.0003
2026/06/15 15:57:33 - mmengine - INFO - Iter(train) [ 5400/20000]  base_lr: 8.0814e-05 lr: 8.0814e-05  eta: 1:30:05  time: 0.3441  data_time: 0.0130  memory: 3102  grad_norm: 419.6052  loss: 52.3077  decode.loss_cls: 1.2273  decode.loss_mask: 1.7499  decode.loss_dice: 2.1657  decode.d0.loss_cls: 1.8628  decode.d0.loss_mask: 1.7462  decode.d0.loss_dice: 2.3629  decode.d1.loss_cls: 1.2541  decode.d1.loss_mask: 1.7854  decode.d1.loss_dice: 2.3188  decode.d2.loss_cls: 1.1699  decode.d2.loss_mask: 1.7792  decode.d2.loss_dice: 2.2089  decode.d3.loss_cls: 1.1923  decode.d3.loss_mask: 1.7516  decode.d3.loss_dice: 2.1670  decode.d4.loss_cls: 1.1322  decode.d4.loss_mask: 1.7652  decode.d4.loss_dice: 2.1822  decode.d5.loss_cls: 1.1628  decode.d5.loss_mask: 1.7708  decode.d5.loss_dice: 2.1732  decode.d6.loss_cls: 1.1592  decode.d6.loss_mask: 1.7715  decode.d6.loss_dice: 2.1606  decode.d7.loss_cls: 1.1603  decode.d7.loss_mask: 1.7734  decode.d7.loss_dice: 2.1890  decode.d8.loss_cls: 1.2405  decode.d8.loss_mask: 1.7540  decode.d8.loss_dice: 2.1707
2026/06/15 15:57:50 - mmengine - INFO - Iter(train) [ 5450/20000]  base_lr: 8.0564e-05 lr: 8.0564e-05  eta: 1:29:43  time: 0.3370  data_time: 0.0126  memory: 3096  grad_norm: 498.8658  loss: 51.7582  decode.loss_cls: 1.2965  decode.loss_mask: 1.6450  decode.loss_dice: 2.1438  decode.d0.loss_cls: 1.7454  decode.d0.loss_mask: 1.6938  decode.d0.loss_dice: 2.3322  decode.d1.loss_cls: 1.2967  decode.d1.loss_mask: 1.6854  decode.d1.loss_dice: 2.2367  decode.d2.loss_cls: 1.2583  decode.d2.loss_mask: 1.6563  decode.d2.loss_dice: 2.1756  decode.d3.loss_cls: 1.2679  decode.d3.loss_mask: 1.6525  decode.d3.loss_dice: 2.1413  decode.d4.loss_cls: 1.2803  decode.d4.loss_mask: 1.6621  decode.d4.loss_dice: 2.1564  decode.d5.loss_cls: 1.3014  decode.d5.loss_mask: 1.6590  decode.d5.loss_dice: 2.1506  decode.d6.loss_cls: 1.3110  decode.d6.loss_mask: 1.6627  decode.d6.loss_dice: 2.1259  decode.d7.loss_cls: 1.3281  decode.d7.loss_mask: 1.6691  decode.d7.loss_dice: 2.1413  decode.d8.loss_cls: 1.2663  decode.d8.loss_mask: 1.6725  decode.d8.loss_dice: 2.1443
2026/06/15 15:58:08 - mmengine - INFO - Iter(train) [ 5500/20000]  base_lr: 8.0315e-05 lr: 8.0315e-05  eta: 1:29:21  time: 0.3382  data_time: 0.0125  memory: 3108  grad_norm: 414.4740  loss: 49.7589  decode.loss_cls: 1.1301  decode.loss_mask: 1.7222  decode.loss_dice: 2.0706  decode.d0.loss_cls: 1.6469  decode.d0.loss_mask: 1.7023  decode.d0.loss_dice: 2.2610  decode.d1.loss_cls: 1.1643  decode.d1.loss_mask: 1.6813  decode.d1.loss_dice: 2.1455  decode.d2.loss_cls: 1.1115  decode.d2.loss_mask: 1.6580  decode.d2.loss_dice: 2.0912  decode.d3.loss_cls: 1.0627  decode.d3.loss_mask: 1.6694  decode.d3.loss_dice: 2.1126  decode.d4.loss_cls: 1.1026  decode.d4.loss_mask: 1.7107  decode.d4.loss_dice: 2.1100  decode.d5.loss_cls: 1.1011  decode.d5.loss_mask: 1.7199  decode.d5.loss_dice: 2.1090  decode.d6.loss_cls: 1.1133  decode.d6.loss_mask: 1.7047  decode.d6.loss_dice: 2.0741  decode.d7.loss_cls: 1.1115  decode.d7.loss_mask: 1.6999  decode.d7.loss_dice: 2.0930  decode.d8.loss_cls: 1.0817  decode.d8.loss_mask: 1.7035  decode.d8.loss_dice: 2.0943
2026/06/15 15:58:25 - mmengine - INFO - Iter(train) [ 5550/20000]  base_lr: 8.0066e-05 lr: 8.0066e-05  eta: 1:28:58  time: 0.3384  data_time: 0.0125  memory: 3095  grad_norm: 410.7412  loss: 48.9651  decode.loss_cls: 1.2055  decode.loss_mask: 1.6246  decode.loss_dice: 1.9468  decode.d0.loss_cls: 1.7318  decode.d0.loss_mask: 1.6906  decode.d0.loss_dice: 2.2082  decode.d1.loss_cls: 1.1761  decode.d1.loss_mask: 1.7010  decode.d1.loss_dice: 2.1491  decode.d2.loss_cls: 1.2143  decode.d2.loss_mask: 1.6565  decode.d2.loss_dice: 2.0132  decode.d3.loss_cls: 1.1319  decode.d3.loss_mask: 1.6621  decode.d3.loss_dice: 1.9702  decode.d4.loss_cls: 1.1640  decode.d4.loss_mask: 1.6537  decode.d4.loss_dice: 1.9663  decode.d5.loss_cls: 1.1981  decode.d5.loss_mask: 1.6326  decode.d5.loss_dice: 1.9426  decode.d6.loss_cls: 1.1645  decode.d6.loss_mask: 1.6401  decode.d6.loss_dice: 1.9578  decode.d7.loss_cls: 1.1721  decode.d7.loss_mask: 1.6333  decode.d7.loss_dice: 1.9767  decode.d8.loss_cls: 1.1348  decode.d8.loss_mask: 1.6541  decode.d8.loss_dice: 1.9925
2026/06/15 15:58:42 - mmengine - INFO - Iter(train) [ 5600/20000]  base_lr: 7.9817e-05 lr: 7.9817e-05  eta: 1:28:36  time: 0.3430  data_time: 0.0130  memory: 3095  grad_norm: 394.4887  loss: 49.4198  decode.loss_cls: 1.3320  decode.loss_mask: 1.5291  decode.loss_dice: 1.9364  decode.d0.loss_cls: 1.9589  decode.d0.loss_mask: 1.5449  decode.d0.loss_dice: 2.1753  decode.d1.loss_cls: 1.4352  decode.d1.loss_mask: 1.5616  decode.d1.loss_dice: 2.0722  decode.d2.loss_cls: 1.2974  decode.d2.loss_mask: 1.5690  decode.d2.loss_dice: 1.9936  decode.d3.loss_cls: 1.2897  decode.d3.loss_mask: 1.5692  decode.d3.loss_dice: 1.9552  decode.d4.loss_cls: 1.3310  decode.d4.loss_mask: 1.5665  decode.d4.loss_dice: 1.9638  decode.d5.loss_cls: 1.3061  decode.d5.loss_mask: 1.5625  decode.d5.loss_dice: 1.9661  decode.d6.loss_cls: 1.3265  decode.d6.loss_mask: 1.5470  decode.d6.loss_dice: 1.9517  decode.d7.loss_cls: 1.3675  decode.d7.loss_mask: 1.5532  decode.d7.loss_dice: 1.9419  decode.d8.loss_cls: 1.3329  decode.d8.loss_mask: 1.5522  decode.d8.loss_dice: 1.9313
2026/06/15 15:58:59 - mmengine - INFO - Iter(train) [ 5650/20000]  base_lr: 7.9567e-05 lr: 7.9567e-05  eta: 1:28:15  time: 0.3415  data_time: 0.0130  memory: 3092  grad_norm: 422.7375  loss: 50.6830  decode.loss_cls: 1.1826  decode.loss_mask: 1.6107  decode.loss_dice: 2.0912  decode.d0.loss_cls: 1.9551  decode.d0.loss_mask: 1.6574  decode.d0.loss_dice: 2.3369  decode.d1.loss_cls: 1.2939  decode.d1.loss_mask: 1.6860  decode.d1.loss_dice: 2.2441  decode.d2.loss_cls: 1.1888  decode.d2.loss_mask: 1.6465  decode.d2.loss_dice: 2.1406  decode.d3.loss_cls: 1.2302  decode.d3.loss_mask: 1.6206  decode.d3.loss_dice: 2.1093  decode.d4.loss_cls: 1.2123  decode.d4.loss_mask: 1.6274  decode.d4.loss_dice: 2.1087  decode.d5.loss_cls: 1.2733  decode.d5.loss_mask: 1.6284  decode.d5.loss_dice: 2.0797  decode.d6.loss_cls: 1.1939  decode.d6.loss_mask: 1.6573  decode.d6.loss_dice: 2.0782  decode.d7.loss_cls: 1.1699  decode.d7.loss_mask: 1.6524  decode.d7.loss_dice: 2.1113  decode.d8.loss_cls: 1.1927  decode.d8.loss_mask: 1.6084  decode.d8.loss_dice: 2.0952
2026/06/15 15:59:16 - mmengine - INFO - Iter(train) [ 5700/20000]  base_lr: 7.9317e-05 lr: 7.9317e-05  eta: 1:27:53  time: 0.3419  data_time: 0.0130  memory: 3093  grad_norm: 410.7219  loss: 51.8821  decode.loss_cls: 1.2797  decode.loss_mask: 1.7074  decode.loss_dice: 2.0770  decode.d0.loss_cls: 1.8798  decode.d0.loss_mask: 1.7073  decode.d0.loss_dice: 2.3176  decode.d1.loss_cls: 1.3822  decode.d1.loss_mask: 1.7325  decode.d1.loss_dice: 2.1807  decode.d2.loss_cls: 1.3168  decode.d2.loss_mask: 1.7129  decode.d2.loss_dice: 2.0972  decode.d3.loss_cls: 1.3368  decode.d3.loss_mask: 1.7457  decode.d3.loss_dice: 2.0626  decode.d4.loss_cls: 1.2717  decode.d4.loss_mask: 1.7145  decode.d4.loss_dice: 2.0733  decode.d5.loss_cls: 1.2916  decode.d5.loss_mask: 1.7084  decode.d5.loss_dice: 2.0836  decode.d6.loss_cls: 1.2490  decode.d6.loss_mask: 1.7251  decode.d6.loss_dice: 2.0628  decode.d7.loss_cls: 1.2917  decode.d7.loss_mask: 1.7050  decode.d7.loss_dice: 2.0834  decode.d8.loss_cls: 1.3030  decode.d8.loss_mask: 1.6963  decode.d8.loss_dice: 2.0865
2026/06/15 15:59:33 - mmengine - INFO - Iter(train) [ 5750/20000]  base_lr: 7.9068e-05 lr: 7.9068e-05  eta: 1:27:31  time: 0.3420  data_time: 0.0130  memory: 3097  grad_norm: 374.4271  loss: 51.7512  decode.loss_cls: 1.3905  decode.loss_mask: 1.6300  decode.loss_dice: 2.0265  decode.d0.loss_cls: 1.8694  decode.d0.loss_mask: 1.7038  decode.d0.loss_dice: 2.2666  decode.d1.loss_cls: 1.3257  decode.d1.loss_mask: 1.7170  decode.d1.loss_dice: 2.2119  decode.d2.loss_cls: 1.2949  decode.d2.loss_mask: 1.7045  decode.d2.loss_dice: 2.1170  decode.d3.loss_cls: 1.3330  decode.d3.loss_mask: 1.6721  decode.d3.loss_dice: 2.0710  decode.d4.loss_cls: 1.3479  decode.d4.loss_mask: 1.6738  decode.d4.loss_dice: 2.0615  decode.d5.loss_cls: 1.3413  decode.d5.loss_mask: 1.6716  decode.d5.loss_dice: 2.0567  decode.d6.loss_cls: 1.3581  decode.d6.loss_mask: 1.6599  decode.d6.loss_dice: 2.0499  decode.d7.loss_cls: 1.4137  decode.d7.loss_mask: 1.6474  decode.d7.loss_dice: 2.0377  decode.d8.loss_cls: 1.3778  decode.d8.loss_mask: 1.6629  decode.d8.loss_dice: 2.0572
2026/06/15 15:59:50 - mmengine - INFO - Iter(train) [ 5800/20000]  base_lr: 7.8818e-05 lr: 7.8818e-05  eta: 1:27:10  time: 0.3421  data_time: 0.0130  memory: 3093  grad_norm: 401.2362  loss: 50.6390  decode.loss_cls: 1.1105  decode.loss_mask: 1.7551  decode.loss_dice: 2.1589  decode.d0.loss_cls: 1.6275  decode.d0.loss_mask: 1.7472  decode.d0.loss_dice: 2.3215  decode.d1.loss_cls: 1.1469  decode.d1.loss_mask: 1.7465  decode.d1.loss_dice: 2.2184  decode.d2.loss_cls: 1.0496  decode.d2.loss_mask: 1.7496  decode.d2.loss_dice: 2.1774  decode.d3.loss_cls: 1.0316  decode.d3.loss_mask: 1.7659  decode.d3.loss_dice: 2.1677  decode.d4.loss_cls: 1.0661  decode.d4.loss_mask: 1.7359  decode.d4.loss_dice: 2.1481  decode.d5.loss_cls: 1.0823  decode.d5.loss_mask: 1.7617  decode.d5.loss_dice: 2.1540  decode.d6.loss_cls: 1.0671  decode.d6.loss_mask: 1.7390  decode.d6.loss_dice: 2.1535  decode.d7.loss_cls: 1.0941  decode.d7.loss_mask: 1.7288  decode.d7.loss_dice: 2.1473  decode.d8.loss_cls: 1.0625  decode.d8.loss_mask: 1.7360  decode.d8.loss_dice: 2.1882
2026/06/15 16:00:07 - mmengine - INFO - Iter(train) [ 5850/20000]  base_lr: 7.8568e-05 lr: 7.8568e-05  eta: 1:26:48  time: 0.3347  data_time: 0.0134  memory: 3099  grad_norm: 479.2927  loss: 49.7075  decode.loss_cls: 1.2076  decode.loss_mask: 1.5774  decode.loss_dice: 2.1274  decode.d0.loss_cls: 1.6151  decode.d0.loss_mask: 1.5908  decode.d0.loss_dice: 2.3785  decode.d1.loss_cls: 1.2520  decode.d1.loss_mask: 1.5544  decode.d1.loss_dice: 2.2358  decode.d2.loss_cls: 1.1761  decode.d2.loss_mask: 1.5684  decode.d2.loss_dice: 2.1700  decode.d3.loss_cls: 1.1505  decode.d3.loss_mask: 1.5534  decode.d3.loss_dice: 2.1522  decode.d4.loss_cls: 1.1409  decode.d4.loss_mask: 1.5474  decode.d4.loss_dice: 2.1331  decode.d5.loss_cls: 1.1509  decode.d5.loss_mask: 1.5698  decode.d5.loss_dice: 2.1409  decode.d6.loss_cls: 1.1758  decode.d6.loss_mask: 1.5741  decode.d6.loss_dice: 2.1227  decode.d7.loss_cls: 1.2125  decode.d7.loss_mask: 1.5818  decode.d7.loss_dice: 2.1060  decode.d8.loss_cls: 1.2479  decode.d8.loss_mask: 1.5842  decode.d8.loss_dice: 2.1101
2026/06/15 16:00:24 - mmengine - INFO - Iter(train) [ 5900/20000]  base_lr: 7.8318e-05 lr: 7.8318e-05  eta: 1:26:26  time: 0.3344  data_time: 0.0131  memory: 3105  grad_norm: 442.2222  loss: 51.0635  decode.loss_cls: 1.3829  decode.loss_mask: 1.6298  decode.loss_dice: 1.9859  decode.d0.loss_cls: 1.8976  decode.d0.loss_mask: 1.7036  decode.d0.loss_dice: 2.2627  decode.d1.loss_cls: 1.3740  decode.d1.loss_mask: 1.6971  decode.d1.loss_dice: 2.1769  decode.d2.loss_cls: 1.3131  decode.d2.loss_mask: 1.6499  decode.d2.loss_dice: 2.0578  decode.d3.loss_cls: 1.2955  decode.d3.loss_mask: 1.6410  decode.d3.loss_dice: 2.0176  decode.d4.loss_cls: 1.3114  decode.d4.loss_mask: 1.6523  decode.d4.loss_dice: 2.0148  decode.d5.loss_cls: 1.3404  decode.d5.loss_mask: 1.6472  decode.d5.loss_dice: 1.9976  decode.d6.loss_cls: 1.3645  decode.d6.loss_mask: 1.6428  decode.d6.loss_dice: 1.9652  decode.d7.loss_cls: 1.3435  decode.d7.loss_mask: 1.6467  decode.d7.loss_dice: 2.0013  decode.d8.loss_cls: 1.4150  decode.d8.loss_mask: 1.6343  decode.d8.loss_dice: 2.0011
2026/06/15 16:00:41 - mmengine - INFO - Iter(train) [ 5950/20000]  base_lr: 7.8068e-05 lr: 7.8068e-05  eta: 1:26:04  time: 0.3322  data_time: 0.0126  memory: 3092  grad_norm: 400.3544  loss: 48.3831  decode.loss_cls: 1.0833  decode.loss_mask: 1.6818  decode.loss_dice: 1.9664  decode.d0.loss_cls: 1.5534  decode.d0.loss_mask: 1.7448  decode.d0.loss_dice: 2.1950  decode.d1.loss_cls: 1.1382  decode.d1.loss_mask: 1.7139  decode.d1.loss_dice: 2.1238  decode.d2.loss_cls: 1.0421  decode.d2.loss_mask: 1.7107  decode.d2.loss_dice: 2.0284  decode.d3.loss_cls: 1.0316  decode.d3.loss_mask: 1.7003  decode.d3.loss_dice: 1.9854  decode.d4.loss_cls: 1.0433  decode.d4.loss_mask: 1.6932  decode.d4.loss_dice: 1.9643  decode.d5.loss_cls: 1.0705  decode.d5.loss_mask: 1.6852  decode.d5.loss_dice: 1.9675  decode.d6.loss_cls: 1.0507  decode.d6.loss_mask: 1.7048  decode.d6.loss_dice: 1.9741  decode.d7.loss_cls: 1.0638  decode.d7.loss_mask: 1.6997  decode.d7.loss_dice: 1.9841  decode.d8.loss_cls: 1.1021  decode.d8.loss_mask: 1.7045  decode.d8.loss_dice: 1.9761
2026/06/15 16:00:58 - mmengine - INFO - Exp name: dinov3l_m2f_pastis_v2_20260615_152144
2026/06/15 16:00:58 - mmengine - INFO - Iter(train) [ 6000/20000]  base_lr: 7.7818e-05 lr: 7.7818e-05  eta: 1:25:41  time: 0.3309  data_time: 0.0126  memory: 3092  grad_norm: 514.7412  loss: 51.9391  decode.loss_cls: 1.2810  decode.loss_mask: 1.6335  decode.loss_dice: 2.1551  decode.d0.loss_cls: 1.7802  decode.d0.loss_mask: 1.6856  decode.d0.loss_dice: 2.3653  decode.d1.loss_cls: 1.3584  decode.d1.loss_mask: 1.6887  decode.d1.loss_dice: 2.2564  decode.d2.loss_cls: 1.2858  decode.d2.loss_mask: 1.6766  decode.d2.loss_dice: 2.1939  decode.d3.loss_cls: 1.2575  decode.d3.loss_mask: 1.6470  decode.d3.loss_dice: 2.1804  decode.d4.loss_cls: 1.2911  decode.d4.loss_mask: 1.6354  decode.d4.loss_dice: 2.1795  decode.d5.loss_cls: 1.3162  decode.d5.loss_mask: 1.6192  decode.d5.loss_dice: 2.1563  decode.d6.loss_cls: 1.2634  decode.d6.loss_mask: 1.6422  decode.d6.loss_dice: 2.1527  decode.d7.loss_cls: 1.3000  decode.d7.loss_mask: 1.6555  decode.d7.loss_dice: 2.1566  decode.d8.loss_cls: 1.3081  decode.d8.loss_mask: 1.6588  decode.d8.loss_dice: 2.1588
2026/06/15 16:00:58 - mmengine - INFO - Saving checkpoint at 6000 iterations
2026/06/15 16:01:11 - mmengine - INFO - Iter(val) [ 50/121]    eta: 0:00:08  time: 0.1712  data_time: 0.0876  memory: 2643  
2026/06/15 16:01:28 - mmengine - INFO - Iter(val) [100/121]    eta: 0:00:04  time: 0.5296  data_time: 0.4478  memory: 2643  
2026/06/15 16:01:35 - mmengine - INFO - per class results:
2026/06/15 16:01:35 - mmengine - INFO - 
+---------+-------+-------+
|  Class  |  IoU  |  Acc  |
+---------+-------+-------+
|  crop_1 | 70.57 | 81.14 |
|  crop_2 | 59.74 | 72.56 |
|  crop_3 | 56.68 | 67.35 |
|  crop_4 | 66.91 | 89.62 |
|  crop_5 | 25.74 | 33.15 |
|  crop_6 | 69.39 |  84.0 |
|  crop_7 |  4.96 |  6.46 |
|  crop_8 | 25.06 | 49.43 |
|  crop_9 | 35.29 | 55.87 |
| crop_10 | 61.84 | 73.27 |
| crop_11 | 15.75 | 40.39 |
| crop_12 | 36.39 |  51.8 |
| crop_13 |  16.0 | 44.96 |
| crop_14 |  27.6 | 33.07 |
| crop_15 | 27.65 | 45.29 |
| crop_16 | 25.13 | 36.43 |
| crop_17 | 27.64 | 60.04 |
| crop_18 | 11.59 | 23.26 |
| crop_19 |  1.39 |  1.45 |
+---------+-------+-------+
2026/06/15 16:01:35 - mmengine - INFO - Iter(val) [121/121]    aAcc: 73.2900  mIoU: 35.0200  mAcc: 49.9700  data_time: 0.1655  time: 0.2479
2026/06/15 16:01:35 - mmengine - INFO - The previous best checkpoint /mnt/ht2-nas2/00-model/00-fb/mmseg_dino/work_dirs/dinov3l_m2f_pastis_v2/best_mIoU_iter_5000.pth is removed
2026/06/15 16:01:51 - mmengine - INFO - The best checkpoint with 35.0200 mIoU at 6000 iter is saved to best_mIoU_iter_6000.pth.
2026/06/15 16:02:20 - mmengine - INFO - Iter(train) [ 6050/20000]  base_lr: 7.7568e-05 lr: 7.7568e-05  eta: 1:26:23  time: 0.3427  data_time: 0.0139  memory: 3097  grad_norm: 395.9209  loss: 51.7949  decode.loss_cls: 1.1258  decode.loss_mask: 1.8382  decode.loss_dice: 2.1241  decode.d0.loss_cls: 1.6463  decode.d0.loss_mask: 1.8585  decode.d0.loss_dice: 2.3163  decode.d1.loss_cls: 1.1378  decode.d1.loss_mask: 1.8785  decode.d1.loss_dice: 2.2673  decode.d2.loss_cls: 1.1138  decode.d2.loss_mask: 1.8400  decode.d2.loss_dice: 2.1755  decode.d3.loss_cls: 1.1371  decode.d3.loss_mask: 1.8075  decode.d3.loss_dice: 2.1175  decode.d4.loss_cls: 1.1512  decode.d4.loss_mask: 1.8099  decode.d4.loss_dice: 2.1292  decode.d5.loss_cls: 1.0759  decode.d5.loss_mask: 1.8166  decode.d5.loss_dice: 2.1700  decode.d6.loss_cls: 1.0863  decode.d6.loss_mask: 1.8348  decode.d6.loss_dice: 2.1369  decode.d7.loss_cls: 1.0565  decode.d7.loss_mask: 1.8548  decode.d7.loss_dice: 2.1773  decode.d8.loss_cls: 1.1139  decode.d8.loss_mask: 1.8416  decode.d8.loss_dice: 2.1559
2026/06/15 16:02:37 - mmengine - INFO - Iter(train) [ 6100/20000]  base_lr: 7.7318e-05 lr: 7.7318e-05  eta: 1:26:02  time: 0.3464  data_time: 0.0134  memory: 3094  grad_norm: 467.3770  loss: 48.0964  decode.loss_cls: 1.0934  decode.loss_mask: 1.6007  decode.loss_dice: 1.9881  decode.d0.loss_cls: 1.6010  decode.d0.loss_mask: 1.6400  decode.d0.loss_dice: 2.2412  decode.d1.loss_cls: 1.1051  decode.d1.loss_mask: 1.6183  decode.d1.loss_dice: 2.1330  decode.d2.loss_cls: 1.0811  decode.d2.loss_mask: 1.6217  decode.d2.loss_dice: 2.0743  decode.d3.loss_cls: 1.0907  decode.d3.loss_mask: 1.5893  decode.d3.loss_dice: 2.0234  decode.d4.loss_cls: 1.1071  decode.d4.loss_mask: 1.5927  decode.d4.loss_dice: 2.0159  decode.d5.loss_cls: 1.1433  decode.d5.loss_mask: 1.5895  decode.d5.loss_dice: 2.0165  decode.d6.loss_cls: 1.1173  decode.d6.loss_mask: 1.5785  decode.d6.loss_dice: 2.0080  decode.d7.loss_cls: 1.1279  decode.d7.loss_mask: 1.6016  decode.d7.loss_dice: 1.9874  decode.d8.loss_cls: 1.1035  decode.d8.loss_mask: 1.6079  decode.d8.loss_dice: 1.9980
2026/06/15 16:02:55 - mmengine - INFO - Iter(train) [ 6150/20000]  base_lr: 7.7068e-05 lr: 7.7068e-05  eta: 1:25:41  time: 0.3504  data_time: 0.0134  memory: 3117  grad_norm: 355.7204  loss: 50.8109  decode.loss_cls: 1.3748  decode.loss_mask: 1.5354  decode.loss_dice: 2.0843  decode.d0.loss_cls: 1.8241  decode.d0.loss_mask: 1.5852  decode.d0.loss_dice: 2.3246  decode.d1.loss_cls: 1.3456  decode.d1.loss_mask: 1.5712  decode.d1.loss_dice: 2.2110  decode.d2.loss_cls: 1.2794  decode.d2.loss_mask: 1.5660  decode.d2.loss_dice: 2.1437  decode.d3.loss_cls: 1.3127  decode.d3.loss_mask: 1.5722  decode.d3.loss_dice: 2.1108  decode.d4.loss_cls: 1.3205  decode.d4.loss_mask: 1.5753  decode.d4.loss_dice: 2.1386  decode.d5.loss_cls: 1.3314  decode.d5.loss_mask: 1.5645  decode.d5.loss_dice: 2.1242  decode.d6.loss_cls: 1.3316  decode.d6.loss_mask: 1.5506  decode.d6.loss_dice: 2.0888  decode.d7.loss_cls: 1.3245  decode.d7.loss_mask: 1.5396  decode.d7.loss_dice: 2.0900  decode.d8.loss_cls: 1.3346  decode.d8.loss_mask: 1.5453  decode.d8.loss_dice: 2.1106
2026/06/15 16:03:12 - mmengine - INFO - Iter(train) [ 6200/20000]  base_lr: 7.6817e-05 lr: 7.6817e-05  eta: 1:25:20  time: 0.3497  data_time: 0.0132  memory: 3106  grad_norm: 459.5614  loss: 49.1566  decode.loss_cls: 1.2077  decode.loss_mask: 1.6356  decode.loss_dice: 1.9858  decode.d0.loss_cls: 1.5504  decode.d0.loss_mask: 1.6818  decode.d0.loss_dice: 2.2206  decode.d1.loss_cls: 1.3131  decode.d1.loss_mask: 1.6681  decode.d1.loss_dice: 2.1095  decode.d2.loss_cls: 1.1987  decode.d2.loss_mask: 1.6450  decode.d2.loss_dice: 2.0279  decode.d3.loss_cls: 1.1687  decode.d3.loss_mask: 1.6451  decode.d3.loss_dice: 2.0037  decode.d4.loss_cls: 1.1280  decode.d4.loss_mask: 1.6480  decode.d4.loss_dice: 2.0257  decode.d5.loss_cls: 1.1682  decode.d5.loss_mask: 1.6549  decode.d5.loss_dice: 2.0218  decode.d6.loss_cls: 1.1490  decode.d6.loss_mask: 1.6358  decode.d6.loss_dice: 2.0106  decode.d7.loss_cls: 1.1725  decode.d7.loss_mask: 1.6316  decode.d7.loss_dice: 2.0112  decode.d8.loss_cls: 1.2247  decode.d8.loss_mask: 1.6300  decode.d8.loss_dice: 1.9834
2026/06/15 16:03:30 - mmengine - INFO - Iter(train) [ 6250/20000]  base_lr: 7.6567e-05 lr: 7.6567e-05  eta: 1:24:59  time: 0.3530  data_time: 0.0138  memory: 3096  grad_norm: 386.4110  loss: 50.4834  decode.loss_cls: 1.2694  decode.loss_mask: 1.6670  decode.loss_dice: 2.0190  decode.d0.loss_cls: 1.8453  decode.d0.loss_mask: 1.6943  decode.d0.loss_dice: 2.2713  decode.d1.loss_cls: 1.3232  decode.d1.loss_mask: 1.6899  decode.d1.loss_dice: 2.1478  decode.d2.loss_cls: 1.2230  decode.d2.loss_mask: 1.7048  decode.d2.loss_dice: 2.0545  decode.d3.loss_cls: 1.2486  decode.d3.loss_mask: 1.6777  decode.d3.loss_dice: 1.9771  decode.d4.loss_cls: 1.2520  decode.d4.loss_mask: 1.6630  decode.d4.loss_dice: 1.9757  decode.d5.loss_cls: 1.2417  decode.d5.loss_mask: 1.6653  decode.d5.loss_dice: 1.9963  decode.d6.loss_cls: 1.2314  decode.d6.loss_mask: 1.6931  decode.d6.loss_dice: 2.0283  decode.d7.loss_cls: 1.2985  decode.d7.loss_mask: 1.6597  decode.d7.loss_dice: 2.0303  decode.d8.loss_cls: 1.2750  decode.d8.loss_mask: 1.6454  decode.d8.loss_dice: 2.0145
2026/06/15 16:03:47 - mmengine - INFO - Iter(train) [ 6300/20000]  base_lr: 7.6316e-05 lr: 7.6316e-05  eta: 1:24:39  time: 0.3503  data_time: 0.0142  memory: 3102  grad_norm: 425.0250  loss: 48.5582  decode.loss_cls: 1.1156  decode.loss_mask: 1.6815  decode.loss_dice: 1.9700  decode.d0.loss_cls: 1.5778  decode.d0.loss_mask: 1.7393  decode.d0.loss_dice: 2.2226  decode.d1.loss_cls: 1.1355  decode.d1.loss_mask: 1.7143  decode.d1.loss_dice: 2.1031  decode.d2.loss_cls: 1.1236  decode.d2.loss_mask: 1.6979  decode.d2.loss_dice: 1.9776  decode.d3.loss_cls: 1.0921  decode.d3.loss_mask: 1.6938  decode.d3.loss_dice: 1.9592  decode.d4.loss_cls: 1.0758  decode.d4.loss_mask: 1.6965  decode.d4.loss_dice: 1.9774  decode.d5.loss_cls: 1.1317  decode.d5.loss_mask: 1.6605  decode.d5.loss_dice: 1.9622  decode.d6.loss_cls: 1.0882  decode.d6.loss_mask: 1.6651  decode.d6.loss_dice: 1.9922  decode.d7.loss_cls: 1.1026  decode.d7.loss_mask: 1.6662  decode.d7.loss_dice: 1.9776  decode.d8.loss_cls: 1.0872  decode.d8.loss_mask: 1.6923  decode.d8.loss_dice: 1.9789
2026/06/15 16:04:05 - mmengine - INFO - Iter(train) [ 6350/20000]  base_lr: 7.6065e-05 lr: 7.6065e-05  eta: 1:24:18  time: 0.3461  data_time: 0.0135  memory: 3104  grad_norm: 454.5263  loss: 49.1335  decode.loss_cls: 1.2045  decode.loss_mask: 1.6139  decode.loss_dice: 2.0271  decode.d0.loss_cls: 1.6535  decode.d0.loss_mask: 1.6404  decode.d0.loss_dice: 2.2982  decode.d1.loss_cls: 1.2720  decode.d1.loss_mask: 1.6268  decode.d1.loss_dice: 2.1669  decode.d2.loss_cls: 1.1699  decode.d2.loss_mask: 1.6217  decode.d2.loss_dice: 2.0757  decode.d3.loss_cls: 1.1474  decode.d3.loss_mask: 1.6053  decode.d3.loss_dice: 2.0371  decode.d4.loss_cls: 1.1541  decode.d4.loss_mask: 1.6163  decode.d4.loss_dice: 2.0445  decode.d5.loss_cls: 1.1179  decode.d5.loss_mask: 1.6307  decode.d5.loss_dice: 2.0531  decode.d6.loss_cls: 1.0993  decode.d6.loss_mask: 1.6441  decode.d6.loss_dice: 2.0216  decode.d7.loss_cls: 1.1205  decode.d7.loss_mask: 1.6420  decode.d7.loss_dice: 2.0342  decode.d8.loss_cls: 1.1370  decode.d8.loss_mask: 1.6241  decode.d8.loss_dice: 2.0339
2026/06/15 16:04:22 - mmengine - INFO - Iter(train) [ 6400/20000]  base_lr: 7.5814e-05 lr: 7.5814e-05  eta: 1:23:56  time: 0.3450  data_time: 0.0133  memory: 3107  grad_norm: 392.2730  loss: 47.5396  decode.loss_cls: 0.9685  decode.loss_mask: 1.6831  decode.loss_dice: 1.9509  decode.d0.loss_cls: 1.4945  decode.d0.loss_mask: 1.7796  decode.d0.loss_dice: 2.2320  decode.d1.loss_cls: 1.0533  decode.d1.loss_mask: 1.7300  decode.d1.loss_dice: 2.1055  decode.d2.loss_cls: 0.9934  decode.d2.loss_mask: 1.6892  decode.d2.loss_dice: 2.0141  decode.d3.loss_cls: 1.0000  decode.d3.loss_mask: 1.6896  decode.d3.loss_dice: 1.9822  decode.d4.loss_cls: 0.9723  decode.d4.loss_mask: 1.6926  decode.d4.loss_dice: 1.9799  decode.d5.loss_cls: 1.0006  decode.d5.loss_mask: 1.6948  decode.d5.loss_dice: 1.9727  decode.d6.loss_cls: 0.9816  decode.d6.loss_mask: 1.6773  decode.d6.loss_dice: 1.9521  decode.d7.loss_cls: 0.9815  decode.d7.loss_mask: 1.6918  decode.d7.loss_dice: 1.9574  decode.d8.loss_cls: 0.9740  decode.d8.loss_mask: 1.6901  decode.d8.loss_dice: 1.9553
2026/06/15 16:04:39 - mmengine - INFO - Iter(train) [ 6450/20000]  base_lr: 7.5563e-05 lr: 7.5563e-05  eta: 1:23:35  time: 0.3443  data_time: 0.0134  memory: 3103  grad_norm: 463.3499  loss: 48.0519  decode.loss_cls: 1.0954  decode.loss_mask: 1.5838  decode.loss_dice: 2.0128  decode.d0.loss_cls: 1.5475  decode.d0.loss_mask: 1.6250  decode.d0.loss_dice: 2.2170  decode.d1.loss_cls: 1.1817  decode.d1.loss_mask: 1.6216  decode.d1.loss_dice: 2.1388  decode.d2.loss_cls: 1.0845  decode.d2.loss_mask: 1.6071  decode.d2.loss_dice: 2.0624  decode.d3.loss_cls: 1.0954  decode.d3.loss_mask: 1.5967  decode.d3.loss_dice: 2.0192  decode.d4.loss_cls: 1.0443  decode.d4.loss_mask: 1.6048  decode.d4.loss_dice: 2.0635  decode.d5.loss_cls: 1.0553  decode.d5.loss_mask: 1.5970  decode.d5.loss_dice: 2.0655  decode.d6.loss_cls: 1.0827  decode.d6.loss_mask: 1.5859  decode.d6.loss_dice: 2.0481  decode.d7.loss_cls: 1.0548  decode.d7.loss_mask: 1.6008  decode.d7.loss_dice: 2.0550  decode.d8.loss_cls: 1.0895  decode.d8.loss_mask: 1.5923  decode.d8.loss_dice: 2.0235
2026/06/15 16:04:57 - mmengine - INFO - Iter(train) [ 6500/20000]  base_lr: 7.5312e-05 lr: 7.5312e-05  eta: 1:23:14  time: 0.3621  data_time: 0.0142  memory: 3094  grad_norm: 467.2837  loss: 49.3411  decode.loss_cls: 1.1757  decode.loss_mask: 1.5868  decode.loss_dice: 1.9962  decode.d0.loss_cls: 1.7192  decode.d0.loss_mask: 1.6485  decode.d0.loss_dice: 2.2619  decode.d1.loss_cls: 1.2688  decode.d1.loss_mask: 1.6708  decode.d1.loss_dice: 2.1607  decode.d2.loss_cls: 1.2105  decode.d2.loss_mask: 1.6332  decode.d2.loss_dice: 2.0425  decode.d3.loss_cls: 1.1970  decode.d3.loss_mask: 1.6067  decode.d3.loss_dice: 1.9899  decode.d4.loss_cls: 1.2296  decode.d4.loss_mask: 1.6103  decode.d4.loss_dice: 1.9903  decode.d5.loss_cls: 1.2571  decode.d5.loss_mask: 1.6181  decode.d5.loss_dice: 2.0144  decode.d6.loss_cls: 1.2374  decode.d6.loss_mask: 1.5972  decode.d6.loss_dice: 1.9861  decode.d7.loss_cls: 1.2150  decode.d7.loss_mask: 1.6118  decode.d7.loss_dice: 2.0126  decode.d8.loss_cls: 1.1920  decode.d8.loss_mask: 1.5937  decode.d8.loss_dice: 2.0070
2026/06/15 16:05:14 - mmengine - INFO - Iter(train) [ 6550/20000]  base_lr: 7.5061e-05 lr: 7.5061e-05  eta: 1:22:55  time: 0.3584  data_time: 0.0138  memory: 3100  grad_norm: 387.8872  loss: 52.2243  decode.loss_cls: 1.2812  decode.loss_mask: 1.6761  decode.loss_dice: 2.1975  decode.d0.loss_cls: 1.7364  decode.d0.loss_mask: 1.7202  decode.d0.loss_dice: 2.3851  decode.d1.loss_cls: 1.3120  decode.d1.loss_mask: 1.7169  decode.d1.loss_dice: 2.2893  decode.d2.loss_cls: 1.2407  decode.d2.loss_mask: 1.7109  decode.d2.loss_dice: 2.2213  decode.d3.loss_cls: 1.2853  decode.d3.loss_mask: 1.7077  decode.d3.loss_dice: 2.1448  decode.d4.loss_cls: 1.2758  decode.d4.loss_mask: 1.6994  decode.d4.loss_dice: 2.1616  decode.d5.loss_cls: 1.2643  decode.d5.loss_mask: 1.6843  decode.d5.loss_dice: 2.1782  decode.d6.loss_cls: 1.2509  decode.d6.loss_mask: 1.6893  decode.d6.loss_dice: 2.1718  decode.d7.loss_cls: 1.2150  decode.d7.loss_mask: 1.6757  decode.d7.loss_dice: 2.1995  decode.d8.loss_cls: 1.2551  decode.d8.loss_mask: 1.6859  decode.d8.loss_dice: 2.1925
2026/06/15 16:05:32 - mmengine - INFO - Iter(train) [ 6600/20000]  base_lr: 7.4810e-05 lr: 7.4810e-05  eta: 1:22:34  time: 0.3509  data_time: 0.0136  memory: 3097  grad_norm: 419.7366  loss: 47.7397  decode.loss_cls: 1.1967  decode.loss_mask: 1.5055  decode.loss_dice: 1.9751  decode.d0.loss_cls: 1.7000  decode.d0.loss_mask: 1.5912  decode.d0.loss_dice: 2.1606  decode.d1.loss_cls: 1.2320  decode.d1.loss_mask: 1.5980  decode.d1.loss_dice: 2.1225  decode.d2.loss_cls: 1.1499  decode.d2.loss_mask: 1.5290  decode.d2.loss_dice: 2.0217  decode.d3.loss_cls: 1.1971  decode.d3.loss_mask: 1.5103  decode.d3.loss_dice: 1.9421  decode.d4.loss_cls: 1.2072  decode.d4.loss_mask: 1.5153  decode.d4.loss_dice: 1.9440  decode.d5.loss_cls: 1.1483  decode.d5.loss_mask: 1.5176  decode.d5.loss_dice: 1.9627  decode.d6.loss_cls: 1.2095  decode.d6.loss_mask: 1.4899  decode.d6.loss_dice: 1.9412  decode.d7.loss_cls: 1.2229  decode.d7.loss_mask: 1.5008  decode.d7.loss_dice: 1.9585  decode.d8.loss_cls: 1.1874  decode.d8.loss_mask: 1.5183  decode.d8.loss_dice: 1.9845
2026/06/15 16:05:50 - mmengine - INFO - Iter(train) [ 6650/20000]  base_lr: 7.4559e-05 lr: 7.4559e-05  eta: 1:22:14  time: 0.3628  data_time: 0.0145  memory: 3103  grad_norm: 356.8515  loss: 50.5196  decode.loss_cls: 1.1399  decode.loss_mask: 1.6166  decode.loss_dice: 2.1416  decode.d0.loss_cls: 1.6034  decode.d0.loss_mask: 1.6671  decode.d0.loss_dice: 2.3807  decode.d1.loss_cls: 1.1965  decode.d1.loss_mask: 1.6734  decode.d1.loss_dice: 2.2731  decode.d2.loss_cls: 1.1630  decode.d2.loss_mask: 1.6368  decode.d2.loss_dice: 2.2094  decode.d3.loss_cls: 1.1752  decode.d3.loss_mask: 1.6395  decode.d3.loss_dice: 2.1706  decode.d4.loss_cls: 1.1636  decode.d4.loss_mask: 1.6444  decode.d4.loss_dice: 2.1620  decode.d5.loss_cls: 1.1670  decode.d5.loss_mask: 1.6281  decode.d5.loss_dice: 2.1666  decode.d6.loss_cls: 1.1814  decode.d6.loss_mask: 1.6468  decode.d6.loss_dice: 2.1603  decode.d7.loss_cls: 1.1733  decode.d7.loss_mask: 1.6348  decode.d7.loss_dice: 2.1453  decode.d8.loss_cls: 1.1654  decode.d8.loss_mask: 1.6377  decode.d8.loss_dice: 2.1561
2026/06/15 16:06:07 - mmengine - INFO - Iter(train) [ 6700/20000]  base_lr: 7.4308e-05 lr: 7.4308e-05  eta: 1:21:54  time: 0.3499  data_time: 0.0137  memory: 3097  grad_norm: 414.9447  loss: 49.3391  decode.loss_cls: 1.0874  decode.loss_mask: 1.7094  decode.loss_dice: 2.0461  decode.d0.loss_cls: 1.5586  decode.d0.loss_mask: 1.7369  decode.d0.loss_dice: 2.2629  decode.d1.loss_cls: 1.0722  decode.d1.loss_mask: 1.7374  decode.d1.loss_dice: 2.2125  decode.d2.loss_cls: 1.1029  decode.d2.loss_mask: 1.6879  decode.d2.loss_dice: 2.1171  decode.d3.loss_cls: 1.1399  decode.d3.loss_mask: 1.6608  decode.d3.loss_dice: 2.0493  decode.d4.loss_cls: 1.1322  decode.d4.loss_mask: 1.6766  decode.d4.loss_dice: 2.0466  decode.d5.loss_cls: 1.1089  decode.d5.loss_mask: 1.6928  decode.d5.loss_dice: 2.0500  decode.d6.loss_cls: 1.0812  decode.d6.loss_mask: 1.6847  decode.d6.loss_dice: 2.0420  decode.d7.loss_cls: 1.0569  decode.d7.loss_mask: 1.6879  decode.d7.loss_dice: 2.0623  decode.d8.loss_cls: 1.1104  decode.d8.loss_mask: 1.6917  decode.d8.loss_dice: 2.0335
2026/06/15 16:06:25 - mmengine - INFO - Iter(train) [ 6750/20000]  base_lr: 7.4056e-05 lr: 7.4056e-05  eta: 1:21:34  time: 0.3492  data_time: 0.0133  memory: 3106  grad_norm: 422.3949  loss: 48.7824  decode.loss_cls: 1.1699  decode.loss_mask: 1.5547  decode.loss_dice: 2.0140  decode.d0.loss_cls: 1.6528  decode.d0.loss_mask: 1.6404  decode.d0.loss_dice: 2.3283  decode.d1.loss_cls: 1.2213  decode.d1.loss_mask: 1.6275  decode.d1.loss_dice: 2.2104  decode.d2.loss_cls: 1.1420  decode.d2.loss_mask: 1.5949  decode.d2.loss_dice: 2.0982  decode.d3.loss_cls: 1.1874  decode.d3.loss_mask: 1.5692  decode.d3.loss_dice: 2.0245  decode.d4.loss_cls: 1.1426  decode.d4.loss_mask: 1.5653  decode.d4.loss_dice: 2.0441  decode.d5.loss_cls: 1.1270  decode.d5.loss_mask: 1.5635  decode.d5.loss_dice: 2.0315  decode.d6.loss_cls: 1.1917  decode.d6.loss_mask: 1.5714  decode.d6.loss_dice: 2.0035  decode.d7.loss_cls: 1.1679  decode.d7.loss_mask: 1.5627  decode.d7.loss_dice: 2.0192  decode.d8.loss_cls: 1.1458  decode.d8.loss_mask: 1.5697  decode.d8.loss_dice: 2.0408
2026/06/15 16:06:42 - mmengine - INFO - Iter(train) [ 6800/20000]  base_lr: 7.3805e-05 lr: 7.3805e-05  eta: 1:21:13  time: 0.3491  data_time: 0.0133  memory: 3096  grad_norm: 373.4511  loss: 46.2687  decode.loss_cls: 1.0846  decode.loss_mask: 1.5211  decode.loss_dice: 1.8998  decode.d0.loss_cls: 1.5160  decode.d0.loss_mask: 1.5725  decode.d0.loss_dice: 2.1527  decode.d1.loss_cls: 1.1612  decode.d1.loss_mask: 1.5654  decode.d1.loss_dice: 2.0477  decode.d2.loss_cls: 1.0812  decode.d2.loss_mask: 1.5246  decode.d2.loss_dice: 1.9516  decode.d3.loss_cls: 1.0837  decode.d3.loss_mask: 1.5402  decode.d3.loss_dice: 1.9366  decode.d4.loss_cls: 1.0757  decode.d4.loss_mask: 1.5369  decode.d4.loss_dice: 1.9380  decode.d5.loss_cls: 1.0596  decode.d5.loss_mask: 1.5317  decode.d5.loss_dice: 1.9271  decode.d6.loss_cls: 1.0633  decode.d6.loss_mask: 1.5379  decode.d6.loss_dice: 1.9158  decode.d7.loss_cls: 1.0772  decode.d7.loss_mask: 1.5374  decode.d7.loss_dice: 1.9172  decode.d8.loss_cls: 1.0581  decode.d8.loss_mask: 1.5383  decode.d8.loss_dice: 1.9160
2026/06/15 16:07:00 - mmengine - INFO - Iter(train) [ 6850/20000]  base_lr: 7.3553e-05 lr: 7.3553e-05  eta: 1:20:53  time: 0.3491  data_time: 0.0136  memory: 3083  grad_norm: 447.1473  loss: 48.1974  decode.loss_cls: 1.0839  decode.loss_mask: 1.6029  decode.loss_dice: 2.0623  decode.d0.loss_cls: 1.5623  decode.d0.loss_mask: 1.6223  decode.d0.loss_dice: 2.2269  decode.d1.loss_cls: 1.1187  decode.d1.loss_mask: 1.6143  decode.d1.loss_dice: 2.1538  decode.d2.loss_cls: 1.0719  decode.d2.loss_mask: 1.5998  decode.d2.loss_dice: 2.0892  decode.d3.loss_cls: 1.0847  decode.d3.loss_mask: 1.5960  decode.d3.loss_dice: 2.0467  decode.d4.loss_cls: 1.0819  decode.d4.loss_mask: 1.5966  decode.d4.loss_dice: 2.0561  decode.d5.loss_cls: 1.0998  decode.d5.loss_mask: 1.5773  decode.d5.loss_dice: 2.0380  decode.d6.loss_cls: 1.1071  decode.d6.loss_mask: 1.5704  decode.d6.loss_dice: 2.0379  decode.d7.loss_cls: 1.1132  decode.d7.loss_mask: 1.5803  decode.d7.loss_dice: 2.0501  decode.d8.loss_cls: 1.1152  decode.d8.loss_mask: 1.5896  decode.d8.loss_dice: 2.0483
2026/06/15 16:07:17 - mmengine - INFO - Iter(train) [ 6900/20000]  base_lr: 7.3301e-05 lr: 7.3301e-05  eta: 1:20:32  time: 0.3470  data_time: 0.0134  memory: 3098  grad_norm: 356.2593  loss: 48.8597  decode.loss_cls: 1.1758  decode.loss_mask: 1.5657  decode.loss_dice: 2.0792  decode.d0.loss_cls: 1.5719  decode.d0.loss_mask: 1.6219  decode.d0.loss_dice: 2.3019  decode.d1.loss_cls: 1.1916  decode.d1.loss_mask: 1.5960  decode.d1.loss_dice: 2.2060  decode.d2.loss_cls: 1.0457  decode.d2.loss_mask: 1.6045  decode.d2.loss_dice: 2.1557  decode.d3.loss_cls: 1.0223  decode.d3.loss_mask: 1.5946  decode.d3.loss_dice: 2.1278  decode.d4.loss_cls: 1.0542  decode.d4.loss_mask: 1.6008  decode.d4.loss_dice: 2.1359  decode.d5.loss_cls: 1.0897  decode.d5.loss_mask: 1.5795  decode.d5.loss_dice: 2.1342  decode.d6.loss_cls: 1.1364  decode.d6.loss_mask: 1.5656  decode.d6.loss_dice: 2.0883  decode.d7.loss_cls: 1.1277  decode.d7.loss_mask: 1.5667  decode.d7.loss_dice: 2.1039  decode.d8.loss_cls: 1.1669  decode.d8.loss_mask: 1.5687  decode.d8.loss_dice: 2.0804
2026/06/15 16:07:35 - mmengine - INFO - Iter(train) [ 6950/20000]  base_lr: 7.3049e-05 lr: 7.3049e-05  eta: 1:20:12  time: 0.3391  data_time: 0.0130  memory: 3099  grad_norm: 363.9092  loss: 45.5711  decode.loss_cls: 1.1674  decode.loss_mask: 1.5196  decode.loss_dice: 1.7509  decode.d0.loss_cls: 1.6441  decode.d0.loss_mask: 1.5576  decode.d0.loss_dice: 1.9911  decode.d1.loss_cls: 1.3191  decode.d1.loss_mask: 1.5759  decode.d1.loss_dice: 1.8805  decode.d2.loss_cls: 1.2032  decode.d2.loss_mask: 1.5331  decode.d2.loss_dice: 1.7880  decode.d3.loss_cls: 1.1474  decode.d3.loss_mask: 1.5045  decode.d3.loss_dice: 1.7621  decode.d4.loss_cls: 1.1621  decode.d4.loss_mask: 1.4973  decode.d4.loss_dice: 1.7551  decode.d5.loss_cls: 1.1605  decode.d5.loss_mask: 1.5008  decode.d5.loss_dice: 1.7635  decode.d6.loss_cls: 1.1733  decode.d6.loss_mask: 1.5122  decode.d6.loss_dice: 1.7719  decode.d7.loss_cls: 1.1929  decode.d7.loss_mask: 1.5216  decode.d7.loss_dice: 1.7605  decode.d8.loss_cls: 1.1656  decode.d8.loss_mask: 1.5275  decode.d8.loss_dice: 1.7618
2026/06/15 16:07:52 - mmengine - INFO - Exp name: dinov3l_m2f_pastis_v2_20260615_152144
2026/06/15 16:07:52 - mmengine - INFO - Iter(train) [ 7000/20000]  base_lr: 7.2797e-05 lr: 7.2797e-05  eta: 1:19:51  time: 0.3413  data_time: 0.0132  memory: 3102  grad_norm: 462.3601  loss: 49.3032  decode.loss_cls: 1.2376  decode.loss_mask: 1.6374  decode.loss_dice: 1.9627  decode.d0.loss_cls: 1.7798  decode.d0.loss_mask: 1.6593  decode.d0.loss_dice: 2.2112  decode.d1.loss_cls: 1.2736  decode.d1.loss_mask: 1.6526  decode.d1.loss_dice: 2.0877  decode.d2.loss_cls: 1.2329  decode.d2.loss_mask: 1.6396  decode.d2.loss_dice: 1.9827  decode.d3.loss_cls: 1.2052  decode.d3.loss_mask: 1.6310  decode.d3.loss_dice: 2.0015  decode.d4.loss_cls: 1.2626  decode.d4.loss_mask: 1.5984  decode.d4.loss_dice: 1.9675  decode.d5.loss_cls: 1.2404  decode.d5.loss_mask: 1.6239  decode.d5.loss_dice: 1.9736  decode.d6.loss_cls: 1.1964  decode.d6.loss_mask: 1.6326  decode.d6.loss_dice: 1.9657  decode.d7.loss_cls: 1.2535  decode.d7.loss_mask: 1.6148  decode.d7.loss_dice: 1.9660  decode.d8.loss_cls: 1.2287  decode.d8.loss_mask: 1.6237  decode.d8.loss_dice: 1.9609
2026/06/15 16:07:52 - mmengine - INFO - Saving checkpoint at 7000 iterations
2026/06/15 16:08:04 - mmengine - INFO - Iter(val) [ 50/121]    eta: 0:00:06  time: 0.0938  data_time: 0.0064  memory: 2643  
2026/06/15 16:08:09 - mmengine - INFO - Iter(val) [100/121]    eta: 0:00:01  time: 0.0929  data_time: 0.0067  memory: 2643  
2026/06/15 16:08:11 - mmengine - INFO - per class results:
2026/06/15 16:08:11 - mmengine - INFO - 
+---------+-------+-------+
|  Class  |  IoU  |  Acc  |
+---------+-------+-------+
|  crop_1 | 70.87 | 80.01 |
|  crop_2 | 61.16 | 77.53 |
|  crop_3 | 55.23 | 64.56 |
|  crop_4 | 70.14 | 85.73 |
|  crop_5 | 29.99 | 44.75 |
|  crop_6 | 70.43 | 79.67 |
|  crop_7 |  1.47 |  1.68 |
|  crop_8 |  26.8 | 46.47 |
|  crop_9 | 36.68 | 59.51 |
| crop_10 | 59.99 | 68.56 |
| crop_11 | 13.97 | 41.99 |
| crop_12 | 36.19 | 58.36 |
| crop_13 | 15.31 | 41.67 |
| crop_14 | 29.43 |  36.1 |
| crop_15 | 31.84 | 53.17 |
| crop_16 | 30.71 | 53.41 |
| crop_17 | 31.39 | 37.57 |
| crop_18 | 11.63 | 40.04 |
| crop_19 |  7.24 |  9.89 |
+---------+-------+-------+
2026/06/15 16:08:11 - mmengine - INFO - Iter(val) [121/121]    aAcc: 73.6500  mIoU: 36.3400  mAcc: 51.6100  data_time: 0.0072  time: 0.0936
2026/06/15 16:08:11 - mmengine - INFO - The previous best checkpoint /mnt/ht2-nas2/00-model/00-fb/mmseg_dino/work_dirs/dinov3l_m2f_pastis_v2/best_mIoU_iter_6000.pth is removed
2026/06/15 16:08:16 - mmengine - INFO - The best checkpoint with 36.3400 mIoU at 7000 iter is saved to best_mIoU_iter_7000.pth.
2026/06/15 16:08:41 - mmengine - INFO - Iter(train) [ 7050/20000]  base_lr: 7.2545e-05 lr: 7.2545e-05  eta: 1:19:55  time: 0.3410  data_time: 0.0132  memory: 3094  grad_norm: 490.1118  loss: 46.2184  decode.loss_cls: 1.1378  decode.loss_mask: 1.5492  decode.loss_dice: 1.8357  decode.d0.loss_cls: 1.4901  decode.d0.loss_mask: 1.6331  decode.d0.loss_dice: 2.0947  decode.d1.loss_cls: 1.1591  decode.d1.loss_mask: 1.6107  decode.d1.loss_dice: 1.9453  decode.d2.loss_cls: 1.1008  decode.d2.loss_mask: 1.5960  decode.d2.loss_dice: 1.8507  decode.d3.loss_cls: 1.0720  decode.d3.loss_mask: 1.5710  decode.d3.loss_dice: 1.8493  decode.d4.loss_cls: 1.0799  decode.d4.loss_mask: 1.5782  decode.d4.loss_dice: 1.8486  decode.d5.loss_cls: 1.1269  decode.d5.loss_mask: 1.5738  decode.d5.loss_dice: 1.8562  decode.d6.loss_cls: 1.1285  decode.d6.loss_mask: 1.5710  decode.d6.loss_dice: 1.8461  decode.d7.loss_cls: 1.1390  decode.d7.loss_mask: 1.5841  decode.d7.loss_dice: 1.8512  decode.d8.loss_cls: 1.1259  decode.d8.loss_mask: 1.5745  decode.d8.loss_dice: 1.8388
2026/06/15 16:08:58 - mmengine - INFO - Iter(train) [ 7100/20000]  base_lr: 7.2293e-05 lr: 7.2293e-05  eta: 1:19:34  time: 0.3408  data_time: 0.0131  memory: 3086  grad_norm: 334.1259  loss: 46.4911  decode.loss_cls: 1.1616  decode.loss_mask: 1.4553  decode.loss_dice: 1.9206  decode.d0.loss_cls: 1.6212  decode.d0.loss_mask: 1.5584  decode.d0.loss_dice: 2.1779  decode.d1.loss_cls: 1.1445  decode.d1.loss_mask: 1.4880  decode.d1.loss_dice: 2.0371  decode.d2.loss_cls: 1.1791  decode.d2.loss_mask: 1.4483  decode.d2.loss_dice: 1.9453  decode.d3.loss_cls: 1.1763  decode.d3.loss_mask: 1.4435  decode.d3.loss_dice: 1.9248  decode.d4.loss_cls: 1.1643  decode.d4.loss_mask: 1.4455  decode.d4.loss_dice: 1.9459  decode.d5.loss_cls: 1.1845  decode.d5.loss_mask: 1.4590  decode.d5.loss_dice: 1.9477  decode.d6.loss_cls: 1.1896  decode.d6.loss_mask: 1.4561  decode.d6.loss_dice: 1.9296  decode.d7.loss_cls: 1.1765  decode.d7.loss_mask: 1.4672  decode.d7.loss_dice: 1.9325  decode.d8.loss_cls: 1.1529  decode.d8.loss_mask: 1.4456  decode.d8.loss_dice: 1.9122
2026/06/15 16:09:15 - mmengine - INFO - Iter(train) [ 7150/20000]  base_lr: 7.2041e-05 lr: 7.2041e-05  eta: 1:19:13  time: 0.3436  data_time: 0.0133  memory: 3103  grad_norm: 568.8956  loss: 48.0973  decode.loss_cls: 1.2350  decode.loss_mask: 1.5457  decode.loss_dice: 1.9654  decode.d0.loss_cls: 1.6128  decode.d0.loss_mask: 1.5851  decode.d0.loss_dice: 2.2176  decode.d1.loss_cls: 1.2384  decode.d1.loss_mask: 1.5888  decode.d1.loss_dice: 2.1156  decode.d2.loss_cls: 1.1916  decode.d2.loss_mask: 1.5514  decode.d2.loss_dice: 2.0086  decode.d3.loss_cls: 1.2427  decode.d3.loss_mask: 1.5329  decode.d3.loss_dice: 1.9579  decode.d4.loss_cls: 1.2156  decode.d4.loss_mask: 1.5362  decode.d4.loss_dice: 1.9616  decode.d5.loss_cls: 1.2032  decode.d5.loss_mask: 1.5504  decode.d5.loss_dice: 1.9225  decode.d6.loss_cls: 1.2405  decode.d6.loss_mask: 1.5381  decode.d6.loss_dice: 1.9139  decode.d7.loss_cls: 1.2343  decode.d7.loss_mask: 1.5495  decode.d7.loss_dice: 1.9297  decode.d8.loss_cls: 1.2079  decode.d8.loss_mask: 1.5468  decode.d8.loss_dice: 1.9576
2026/06/15 16:09:33 - mmengine - INFO - Iter(train) [ 7200/20000]  base_lr: 7.1789e-05 lr: 7.1789e-05  eta: 1:18:52  time: 0.3428  data_time: 0.0130  memory: 3114  grad_norm: 399.9373  loss: 44.5242  decode.loss_cls: 1.0395  decode.loss_mask: 1.5541  decode.loss_dice: 1.7602  decode.d0.loss_cls: 1.4460  decode.d0.loss_mask: 1.6076  decode.d0.loss_dice: 2.0394  decode.d1.loss_cls: 1.1492  decode.d1.loss_mask: 1.5622  decode.d1.loss_dice: 1.8850  decode.d2.loss_cls: 1.0433  decode.d2.loss_mask: 1.5199  decode.d2.loss_dice: 1.8160  decode.d3.loss_cls: 1.0281  decode.d3.loss_mask: 1.5468  decode.d3.loss_dice: 1.7964  decode.d4.loss_cls: 1.0132  decode.d4.loss_mask: 1.5396  decode.d4.loss_dice: 1.7935  decode.d5.loss_cls: 1.0388  decode.d5.loss_mask: 1.5482  decode.d5.loss_dice: 1.7850  decode.d6.loss_cls: 1.0162  decode.d6.loss_mask: 1.5466  decode.d6.loss_dice: 1.7592  decode.d7.loss_cls: 1.0289  decode.d7.loss_mask: 1.5589  decode.d7.loss_dice: 1.7649  decode.d8.loss_cls: 1.0013  decode.d8.loss_mask: 1.5667  decode.d8.loss_dice: 1.7697
2026/06/15 16:09:50 - mmengine - INFO - Iter(train) [ 7250/20000]  base_lr: 7.1536e-05 lr: 7.1536e-05  eta: 1:18:31  time: 0.3515  data_time: 0.0137  memory: 3097  grad_norm: 490.8441  loss: 50.3116  decode.loss_cls: 1.2563  decode.loss_mask: 1.5838  decode.loss_dice: 2.0974  decode.d0.loss_cls: 1.6494  decode.d0.loss_mask: 1.6273  decode.d0.loss_dice: 2.3762  decode.d1.loss_cls: 1.3395  decode.d1.loss_mask: 1.5995  decode.d1.loss_dice: 2.2511  decode.d2.loss_cls: 1.2244  decode.d2.loss_mask: 1.5967  decode.d2.loss_dice: 2.1465  decode.d3.loss_cls: 1.2507  decode.d3.loss_mask: 1.5769  decode.d3.loss_dice: 2.1028  decode.d4.loss_cls: 1.2366  decode.d4.loss_mask: 1.5643  decode.d4.loss_dice: 2.1242  decode.d5.loss_cls: 1.1985  decode.d5.loss_mask: 1.5660  decode.d5.loss_dice: 2.1290  decode.d6.loss_cls: 1.2151  decode.d6.loss_mask: 1.5810  decode.d6.loss_dice: 2.1158  decode.d7.loss_cls: 1.2532  decode.d7.loss_mask: 1.5687  decode.d7.loss_dice: 2.1134  decode.d8.loss_cls: 1.2796  decode.d8.loss_mask: 1.5885  decode.d8.loss_dice: 2.0992
2026/06/15 16:10:07 - mmengine - INFO - Iter(train) [ 7300/20000]  base_lr: 7.1284e-05 lr: 7.1284e-05  eta: 1:18:11  time: 0.3424  data_time: 0.0133  memory: 3104  grad_norm: 437.3289  loss: 44.5897  decode.loss_cls: 0.9886  decode.loss_mask: 1.5174  decode.loss_dice: 1.8943  decode.d0.loss_cls: 1.3421  decode.d0.loss_mask: 1.6042  decode.d0.loss_dice: 2.1460  decode.d1.loss_cls: 0.9811  decode.d1.loss_mask: 1.5623  decode.d1.loss_dice: 2.0329  decode.d2.loss_cls: 0.9559  decode.d2.loss_mask: 1.5245  decode.d2.loss_dice: 1.9348  decode.d3.loss_cls: 0.9244  decode.d3.loss_mask: 1.5133  decode.d3.loss_dice: 1.8787  decode.d4.loss_cls: 0.9328  decode.d4.loss_mask: 1.5211  decode.d4.loss_dice: 1.8729  decode.d5.loss_cls: 1.0098  decode.d5.loss_mask: 1.5101  decode.d5.loss_dice: 1.8386  decode.d6.loss_cls: 0.9822  decode.d6.loss_mask: 1.5097  decode.d6.loss_dice: 1.8645  decode.d7.loss_cls: 0.9788  decode.d7.loss_mask: 1.5170  decode.d7.loss_dice: 1.8622  decode.d8.loss_cls: 1.0132  decode.d8.loss_mask: 1.5096  decode.d8.loss_dice: 1.8667
2026/06/15 16:10:24 - mmengine - INFO - Iter(train) [ 7350/20000]  base_lr: 7.1031e-05 lr: 7.1031e-05  eta: 1:17:50  time: 0.3415  data_time: 0.0135  memory: 3098  grad_norm: 452.1087  loss: 44.2539  decode.loss_cls: 0.8983  decode.loss_mask: 1.5081  decode.loss_dice: 1.8592  decode.d0.loss_cls: 1.5071  decode.d0.loss_mask: 1.6199  decode.d0.loss_dice: 2.1016  decode.d1.loss_cls: 0.9881  decode.d1.loss_mask: 1.5979  decode.d1.loss_dice: 2.0110  decode.d2.loss_cls: 0.8844  decode.d2.loss_mask: 1.5829  decode.d2.loss_dice: 1.9325  decode.d3.loss_cls: 0.8823  decode.d3.loss_mask: 1.5368  decode.d3.loss_dice: 1.8686  decode.d4.loss_cls: 0.8763  decode.d4.loss_mask: 1.5237  decode.d4.loss_dice: 1.9047  decode.d5.loss_cls: 0.8822  decode.d5.loss_mask: 1.5325  decode.d5.loss_dice: 1.8859  decode.d6.loss_cls: 0.8884  decode.d6.loss_mask: 1.5432  decode.d6.loss_dice: 1.8714  decode.d7.loss_cls: 0.8704  decode.d7.loss_mask: 1.5421  decode.d7.loss_dice: 1.8919  decode.d8.loss_cls: 0.8842  decode.d8.loss_mask: 1.5241  decode.d8.loss_dice: 1.8542
2026/06/15 16:10:42 - mmengine - INFO - Iter(train) [ 7400/20000]  base_lr: 7.0778e-05 lr: 7.0778e-05  eta: 1:17:29  time: 0.3429  data_time: 0.0134  memory: 3105  grad_norm: 410.2959  loss: 47.0477  decode.loss_cls: 1.0656  decode.loss_mask: 1.5414  decode.loss_dice: 1.9684  decode.d0.loss_cls: 1.6127  decode.d0.loss_mask: 1.5839  decode.d0.loss_dice: 2.2268  decode.d1.loss_cls: 1.1510  decode.d1.loss_mask: 1.5849  decode.d1.loss_dice: 2.1224  decode.d2.loss_cls: 1.0825  decode.d2.loss_mask: 1.5549  decode.d2.loss_dice: 2.0321  decode.d3.loss_cls: 1.0182  decode.d3.loss_mask: 1.5621  decode.d3.loss_dice: 2.0212  decode.d4.loss_cls: 1.0486  decode.d4.loss_mask: 1.5615  decode.d4.loss_dice: 2.0126  decode.d5.loss_cls: 1.0343  decode.d5.loss_mask: 1.5707  decode.d5.loss_dice: 1.9944  decode.d6.loss_cls: 1.0117  decode.d6.loss_mask: 1.5647  decode.d6.loss_dice: 1.9905  decode.d7.loss_cls: 1.0416  decode.d7.loss_mask: 1.5570  decode.d7.loss_dice: 1.9782  decode.d8.loss_cls: 1.0514  decode.d8.loss_mask: 1.5314  decode.d8.loss_dice: 1.9707
2026/06/15 16:10:59 - mmengine - INFO - Iter(train) [ 7450/20000]  base_lr: 7.0525e-05 lr: 7.0525e-05  eta: 1:17:09  time: 0.3417  data_time: 0.0131  memory: 3082  grad_norm: 455.3274  loss: 49.9866  decode.loss_cls: 1.1114  decode.loss_mask: 1.6912  decode.loss_dice: 2.0794  decode.d0.loss_cls: 1.5393  decode.d0.loss_mask: 1.7970  decode.d0.loss_dice: 2.3388  decode.d1.loss_cls: 1.2117  decode.d1.loss_mask: 1.7470  decode.d1.loss_dice: 2.1946  decode.d2.loss_cls: 1.1303  decode.d2.loss_mask: 1.6971  decode.d2.loss_dice: 2.0948  decode.d3.loss_cls: 1.1402  decode.d3.loss_mask: 1.6779  decode.d3.loss_dice: 2.0746  decode.d4.loss_cls: 1.1408  decode.d4.loss_mask: 1.6734  decode.d4.loss_dice: 2.0923  decode.d5.loss_cls: 1.1808  decode.d5.loss_mask: 1.6673  decode.d5.loss_dice: 2.0579  decode.d6.loss_cls: 1.1019  decode.d6.loss_mask: 1.7060  decode.d6.loss_dice: 2.0938  decode.d7.loss_cls: 1.0833  decode.d7.loss_mask: 1.7032  decode.d7.loss_dice: 2.0774  decode.d8.loss_cls: 1.1055  decode.d8.loss_mask: 1.7067  decode.d8.loss_dice: 2.0710
2026/06/15 16:11:16 - mmengine - INFO - Iter(train) [ 7500/20000]  base_lr: 7.0273e-05 lr: 7.0273e-05  eta: 1:16:48  time: 0.3572  data_time: 0.0137  memory: 3102  grad_norm: 487.1666  loss: 50.1229  decode.loss_cls: 1.1508  decode.loss_mask: 1.7207  decode.loss_dice: 2.0634  decode.d0.loss_cls: 1.5284  decode.d0.loss_mask: 1.7491  decode.d0.loss_dice: 2.3518  decode.d1.loss_cls: 1.1971  decode.d1.loss_mask: 1.7168  decode.d1.loss_dice: 2.1897  decode.d2.loss_cls: 1.1003  decode.d2.loss_mask: 1.6884  decode.d2.loss_dice: 2.1173  decode.d3.loss_cls: 1.1340  decode.d3.loss_mask: 1.6906  decode.d3.loss_dice: 2.0990  decode.d4.loss_cls: 1.1192  decode.d4.loss_mask: 1.6828  decode.d4.loss_dice: 2.1070  decode.d5.loss_cls: 1.1363  decode.d5.loss_mask: 1.7045  decode.d5.loss_dice: 2.1024  decode.d6.loss_cls: 1.1580  decode.d6.loss_mask: 1.6802  decode.d6.loss_dice: 2.0773  decode.d7.loss_cls: 1.1584  decode.d7.loss_mask: 1.6958  decode.d7.loss_dice: 2.0772  decode.d8.loss_cls: 1.1527  decode.d8.loss_mask: 1.7103  decode.d8.loss_dice: 2.0632
2026/06/15 16:11:34 - mmengine - INFO - Iter(train) [ 7550/20000]  base_lr: 7.0019e-05 lr: 7.0019e-05  eta: 1:16:28  time: 0.3452  data_time: 0.0132  memory: 3099  grad_norm: 446.3673  loss: 47.4838  decode.loss_cls: 1.1178  decode.loss_mask: 1.5887  decode.loss_dice: 1.8998  decode.d0.loss_cls: 1.5621  decode.d0.loss_mask: 1.6657  decode.d0.loss_dice: 2.1099  decode.d1.loss_cls: 1.2270  decode.d1.loss_mask: 1.6648  decode.d1.loss_dice: 2.0401  decode.d2.loss_cls: 1.1217  decode.d2.loss_mask: 1.6327  decode.d2.loss_dice: 1.9778  decode.d3.loss_cls: 1.2277  decode.d3.loss_mask: 1.6036  decode.d3.loss_dice: 1.8856  decode.d4.loss_cls: 1.1639  decode.d4.loss_mask: 1.6240  decode.d4.loss_dice: 1.9115  decode.d5.loss_cls: 1.1347  decode.d5.loss_mask: 1.5869  decode.d5.loss_dice: 1.8907  decode.d6.loss_cls: 1.1290  decode.d6.loss_mask: 1.5802  decode.d6.loss_dice: 1.8862  decode.d7.loss_cls: 1.1289  decode.d7.loss_mask: 1.5848  decode.d7.loss_dice: 1.8986  decode.d8.loss_cls: 1.1302  decode.d8.loss_mask: 1.5926  decode.d8.loss_dice: 1.9166
2026/06/15 16:11:51 - mmengine - INFO - Iter(train) [ 7600/20000]  base_lr: 6.9766e-05 lr: 6.9766e-05  eta: 1:16:08  time: 0.3471  data_time: 0.0137  memory: 3099  grad_norm: 361.4896  loss: 47.9261  decode.loss_cls: 1.1820  decode.loss_mask: 1.5437  decode.loss_dice: 1.9721  decode.d0.loss_cls: 1.6690  decode.d0.loss_mask: 1.5792  decode.d0.loss_dice: 2.1675  decode.d1.loss_cls: 1.2556  decode.d1.loss_mask: 1.5971  decode.d1.loss_dice: 2.0898  decode.d2.loss_cls: 1.1702  decode.d2.loss_mask: 1.5580  decode.d2.loss_dice: 1.9865  decode.d3.loss_cls: 1.1365  decode.d3.loss_mask: 1.5614  decode.d3.loss_dice: 1.9591  decode.d4.loss_cls: 1.1279  decode.d4.loss_mask: 1.5811  decode.d4.loss_dice: 1.9885  decode.d5.loss_cls: 1.1119  decode.d5.loss_mask: 1.5664  decode.d5.loss_dice: 2.0080  decode.d6.loss_cls: 1.1552  decode.d6.loss_mask: 1.5548  decode.d6.loss_dice: 1.9952  decode.d7.loss_cls: 1.1167  decode.d7.loss_mask: 1.5656  decode.d7.loss_dice: 2.0088  decode.d8.loss_cls: 1.1543  decode.d8.loss_mask: 1.5527  decode.d8.loss_dice: 2.0112
2026/06/15 16:12:08 - mmengine - INFO - Iter(train) [ 7650/20000]  base_lr: 6.9513e-05 lr: 6.9513e-05  eta: 1:15:48  time: 0.3564  data_time: 0.0131  memory: 3095  grad_norm: 515.8414  loss: 51.1497  decode.loss_cls: 1.1366  decode.loss_mask: 1.5747  decode.loss_dice: 2.3165  decode.d0.loss_cls: 1.5083  decode.d0.loss_mask: 1.6380  decode.d0.loss_dice: 2.5315  decode.d1.loss_cls: 1.1717  decode.d1.loss_mask: 1.6275  decode.d1.loss_dice: 2.4590  decode.d2.loss_cls: 1.0911  decode.d2.loss_mask: 1.5861  decode.d2.loss_dice: 2.3536  decode.d3.loss_cls: 1.0636  decode.d3.loss_mask: 1.5956  decode.d3.loss_dice: 2.3204  decode.d4.loss_cls: 1.1234  decode.d4.loss_mask: 1.5896  decode.d4.loss_dice: 2.3176  decode.d5.loss_cls: 1.1260  decode.d5.loss_mask: 1.6091  decode.d5.loss_dice: 2.3298  decode.d6.loss_cls: 1.1010  decode.d6.loss_mask: 1.5849  decode.d6.loss_dice: 2.3238  decode.d7.loss_cls: 1.1452  decode.d7.loss_mask: 1.5991  decode.d7.loss_dice: 2.3085  decode.d8.loss_cls: 1.1434  decode.d8.loss_mask: 1.5809  decode.d8.loss_dice: 2.2931
2026/06/15 16:12:26 - mmengine - INFO - Iter(train) [ 7700/20000]  base_lr: 6.9260e-05 lr: 6.9260e-05  eta: 1:15:28  time: 0.3472  data_time: 0.0137  memory: 3098  grad_norm: 361.9575  loss: 45.2874  decode.loss_cls: 1.0162  decode.loss_mask: 1.5696  decode.loss_dice: 1.8397  decode.d0.loss_cls: 1.5419  decode.d0.loss_mask: 1.6143  decode.d0.loss_dice: 2.1107  decode.d1.loss_cls: 1.1668  decode.d1.loss_mask: 1.5750  decode.d1.loss_dice: 1.9953  decode.d2.loss_cls: 1.0118  decode.d2.loss_mask: 1.5623  decode.d2.loss_dice: 1.8546  decode.d3.loss_cls: 1.0319  decode.d3.loss_mask: 1.5641  decode.d3.loss_dice: 1.8292  decode.d4.loss_cls: 1.0113  decode.d4.loss_mask: 1.5676  decode.d4.loss_dice: 1.8262  decode.d5.loss_cls: 1.0311  decode.d5.loss_mask: 1.5658  decode.d5.loss_dice: 1.7989  decode.d6.loss_cls: 1.0032  decode.d6.loss_mask: 1.5686  decode.d6.loss_dice: 1.8221  decode.d7.loss_cls: 1.0174  decode.d7.loss_mask: 1.5629  decode.d7.loss_dice: 1.8218  decode.d8.loss_cls: 1.0193  decode.d8.loss_mask: 1.5692  decode.d8.loss_dice: 1.8185
2026/06/15 16:12:43 - mmengine - INFO - Iter(train) [ 7750/20000]  base_lr: 6.9006e-05 lr: 6.9006e-05  eta: 1:15:08  time: 0.3453  data_time: 0.0132  memory: 3090  grad_norm: 484.7969  loss: 49.8150  decode.loss_cls: 1.0036  decode.loss_mask: 1.6737  decode.loss_dice: 2.1568  decode.d0.loss_cls: 1.5112  decode.d0.loss_mask: 1.7293  decode.d0.loss_dice: 2.4118  decode.d1.loss_cls: 1.0112  decode.d1.loss_mask: 1.6919  decode.d1.loss_dice: 2.3257  decode.d2.loss_cls: 1.0776  decode.d2.loss_mask: 1.6572  decode.d2.loss_dice: 2.2074  decode.d3.loss_cls: 1.0564  decode.d3.loss_mask: 1.6704  decode.d3.loss_dice: 2.1712  decode.d4.loss_cls: 1.0425  decode.d4.loss_mask: 1.6799  decode.d4.loss_dice: 2.1739  decode.d5.loss_cls: 1.0610  decode.d5.loss_mask: 1.6771  decode.d5.loss_dice: 2.1823  decode.d6.loss_cls: 1.0499  decode.d6.loss_mask: 1.6714  decode.d6.loss_dice: 2.1728  decode.d7.loss_cls: 1.0307  decode.d7.loss_mask: 1.6747  decode.d7.loss_dice: 2.1832  decode.d8.loss_cls: 1.0271  decode.d8.loss_mask: 1.6610  decode.d8.loss_dice: 2.1719
2026/06/15 16:13:00 - mmengine - INFO - Iter(train) [ 7800/20000]  base_lr: 6.8753e-05 lr: 6.8753e-05  eta: 1:14:48  time: 0.3449  data_time: 0.0132  memory: 3102  grad_norm: 394.6290  loss: 46.9173  decode.loss_cls: 1.2062  decode.loss_mask: 1.4901  decode.loss_dice: 1.9104  decode.d0.loss_cls: 1.5334  decode.d0.loss_mask: 1.5577  decode.d0.loss_dice: 2.1400  decode.d1.loss_cls: 1.2782  decode.d1.loss_mask: 1.5429  decode.d1.loss_dice: 2.0082  decode.d2.loss_cls: 1.1463  decode.d2.loss_mask: 1.5401  decode.d2.loss_dice: 1.9386  decode.d3.loss_cls: 1.1393  decode.d3.loss_mask: 1.5584  decode.d3.loss_dice: 1.9430  decode.d4.loss_cls: 1.1394  decode.d4.loss_mask: 1.5346  decode.d4.loss_dice: 1.9577  decode.d5.loss_cls: 1.1130  decode.d5.loss_mask: 1.5285  decode.d5.loss_dice: 1.9558  decode.d6.loss_cls: 1.1452  decode.d6.loss_mask: 1.5242  decode.d6.loss_dice: 1.9244  decode.d7.loss_cls: 1.1667  decode.d7.loss_mask: 1.5151  decode.d7.loss_dice: 1.8922  decode.d8.loss_cls: 1.1620  decode.d8.loss_mask: 1.5047  decode.d8.loss_dice: 1.9213
2026/06/15 16:13:18 - mmengine - INFO - Iter(train) [ 7850/20000]  base_lr: 6.8499e-05 lr: 6.8499e-05  eta: 1:14:28  time: 0.3384  data_time: 0.0130  memory: 3098  grad_norm: 399.5811  loss: 44.7668  decode.loss_cls: 1.0642  decode.loss_mask: 1.3882  decode.loss_dice: 1.9202  decode.d0.loss_cls: 1.4412  decode.d0.loss_mask: 1.4258  decode.d0.loss_dice: 2.2059  decode.d1.loss_cls: 1.2020  decode.d1.loss_mask: 1.4059  decode.d1.loss_dice: 2.0519  decode.d2.loss_cls: 1.1151  decode.d2.loss_mask: 1.3682  decode.d2.loss_dice: 1.9666  decode.d3.loss_cls: 1.0405  decode.d3.loss_mask: 1.3691  decode.d3.loss_dice: 1.9271  decode.d4.loss_cls: 1.0454  decode.d4.loss_mask: 1.3862  decode.d4.loss_dice: 1.9147  decode.d5.loss_cls: 1.0664  decode.d5.loss_mask: 1.3756  decode.d5.loss_dice: 1.9503  decode.d6.loss_cls: 1.0463  decode.d6.loss_mask: 1.3883  decode.d6.loss_dice: 1.9345  decode.d7.loss_cls: 1.0702  decode.d7.loss_mask: 1.3775  decode.d7.loss_dice: 1.9174  decode.d8.loss_cls: 1.0816  decode.d8.loss_mask: 1.3925  decode.d8.loss_dice: 1.9281
2026/06/15 16:13:35 - mmengine - INFO - Iter(train) [ 7900/20000]  base_lr: 6.8245e-05 lr: 6.8245e-05  eta: 1:14:07  time: 0.3423  data_time: 0.0133  memory: 3109  grad_norm: 496.7842  loss: 47.0583  decode.loss_cls: 1.0978  decode.loss_mask: 1.5011  decode.loss_dice: 2.0054  decode.d0.loss_cls: 1.5344  decode.d0.loss_mask: 1.5609  decode.d0.loss_dice: 2.2473  decode.d1.loss_cls: 1.1528  decode.d1.loss_mask: 1.5174  decode.d1.loss_dice: 2.1590  decode.d2.loss_cls: 1.1107  decode.d2.loss_mask: 1.5047  decode.d2.loss_dice: 2.0477  decode.d3.loss_cls: 1.0853  decode.d3.loss_mask: 1.4823  decode.d3.loss_dice: 2.0317  decode.d4.loss_cls: 1.0744  decode.d4.loss_mask: 1.4920  decode.d4.loss_dice: 2.0527  decode.d5.loss_cls: 1.0773  decode.d5.loss_mask: 1.4958  decode.d5.loss_dice: 2.0381  decode.d6.loss_cls: 1.1046  decode.d6.loss_mask: 1.4875  decode.d6.loss_dice: 1.9857  decode.d7.loss_cls: 1.1064  decode.d7.loss_mask: 1.4899  decode.d7.loss_dice: 2.0133  decode.d8.loss_cls: 1.1291  decode.d8.loss_mask: 1.4833  decode.d8.loss_dice: 1.9898
2026/06/15 16:13:52 - mmengine - INFO - Iter(train) [ 7950/20000]  base_lr: 6.7992e-05 lr: 6.7992e-05  eta: 1:13:47  time: 0.3408  data_time: 0.0136  memory: 3099  grad_norm: 435.8828  loss: 48.1405  decode.loss_cls: 1.2147  decode.loss_mask: 1.5013  decode.loss_dice: 1.9675  decode.d0.loss_cls: 1.5953  decode.d0.loss_mask: 1.5471  decode.d0.loss_dice: 2.2849  decode.d1.loss_cls: 1.2838  decode.d1.loss_mask: 1.5289  decode.d1.loss_dice: 2.1575  decode.d2.loss_cls: 1.2565  decode.d2.loss_mask: 1.5183  decode.d2.loss_dice: 2.0265  decode.d3.loss_cls: 1.2761  decode.d3.loss_mask: 1.5054  decode.d3.loss_dice: 1.9730  decode.d4.loss_cls: 1.2943  decode.d4.loss_mask: 1.5038  decode.d4.loss_dice: 1.9471  decode.d5.loss_cls: 1.2669  decode.d5.loss_mask: 1.5065  decode.d5.loss_dice: 1.9701  decode.d6.loss_cls: 1.1922  decode.d6.loss_mask: 1.5206  decode.d6.loss_dice: 1.9510  decode.d7.loss_cls: 1.2467  decode.d7.loss_mask: 1.4944  decode.d7.loss_dice: 1.9406  decode.d8.loss_cls: 1.2118  decode.d8.loss_mask: 1.4937  decode.d8.loss_dice: 1.9640
2026/06/15 16:14:09 - mmengine - INFO - Exp name: dinov3l_m2f_pastis_v2_20260615_152144
2026/06/15 16:14:09 - mmengine - INFO - Iter(train) [ 8000/20000]  base_lr: 6.7738e-05 lr: 6.7738e-05  eta: 1:13:28  time: 0.3512  data_time: 0.0137  memory: 3098  grad_norm: 376.2485  loss: 44.8556  decode.loss_cls: 1.0664  decode.loss_mask: 1.4818  decode.loss_dice: 1.7848  decode.d0.loss_cls: 1.5204  decode.d0.loss_mask: 1.5234  decode.d0.loss_dice: 2.0744  decode.d1.loss_cls: 1.1902  decode.d1.loss_mask: 1.5147  decode.d1.loss_dice: 1.9408  decode.d2.loss_cls: 1.1423  decode.d2.loss_mask: 1.4947  decode.d2.loss_dice: 1.8440  decode.d3.loss_cls: 1.1084  decode.d3.loss_mask: 1.4891  decode.d3.loss_dice: 1.7952  decode.d4.loss_cls: 1.1279  decode.d4.loss_mask: 1.4883  decode.d4.loss_dice: 1.7977  decode.d5.loss_cls: 1.1096  decode.d5.loss_mask: 1.4906  decode.d5.loss_dice: 1.7969  decode.d6.loss_cls: 1.0910  decode.d6.loss_mask: 1.4844  decode.d6.loss_dice: 1.7688  decode.d7.loss_cls: 1.0931  decode.d7.loss_mask: 1.4962  decode.d7.loss_dice: 1.7936  decode.d8.loss_cls: 1.0994  decode.d8.loss_mask: 1.4804  decode.d8.loss_dice: 1.7669
2026/06/15 16:14:09 - mmengine - INFO - Saving checkpoint at 8000 iterations
2026/06/15 16:14:24 - mmengine - INFO - Iter(val) [ 50/121]    eta: 0:00:06  time: 0.0904  data_time: 0.0060  memory: 2643  
2026/06/15 16:14:28 - mmengine - INFO - Iter(val) [100/121]    eta: 0:00:01  time: 0.0909  data_time: 0.0061  memory: 2643  
2026/06/15 16:14:30 - mmengine - INFO - per class results:
2026/06/15 16:14:30 - mmengine - INFO - 
+---------+-------+-------+
|  Class  |  IoU  |  Acc  |
+---------+-------+-------+
|  crop_1 | 69.94 | 79.23 |
|  crop_2 |  59.7 | 77.49 |
|  crop_3 | 60.58 | 74.87 |
|  crop_4 | 71.08 |  85.6 |
|  crop_5 |  32.8 | 49.91 |
|  crop_6 |  75.6 | 85.27 |
|  crop_7 |  4.39 |  6.41 |
|  crop_8 | 26.07 | 42.82 |
|  crop_9 | 34.91 | 46.93 |
| crop_10 | 61.31 | 73.77 |
| crop_11 | 14.81 | 30.07 |
| crop_12 | 33.79 | 69.69 |
| crop_13 | 19.25 |  37.5 |
| crop_14 | 24.54 | 59.63 |
| crop_15 | 31.25 | 47.47 |
| crop_16 | 33.07 | 58.52 |
| crop_17 | 32.36 | 53.75 |
| crop_18 |  8.72 | 17.93 |
| crop_19 |  7.17 | 11.53 |
+---------+-------+-------+
2026/06/15 16:14:30 - mmengine - INFO - Iter(val) [121/121]    aAcc: 74.0700  mIoU: 36.9100  mAcc: 53.0700  data_time: 0.0069  time: 0.0914
2026/06/15 16:14:30 - mmengine - INFO - The previous best checkpoint /mnt/ht2-nas2/00-model/00-fb/mmseg_dino/work_dirs/dinov3l_m2f_pastis_v2/best_mIoU_iter_7000.pth is removed
2026/06/15 16:14:38 - mmengine - INFO - The best checkpoint with 36.9100 mIoU at 8000 iter is saved to best_mIoU_iter_8000.pth.
2026/06/15 16:15:03 - mmengine - INFO - Iter(train) [ 8050/20000]  base_lr: 6.7484e-05 lr: 6.7484e-05  eta: 1:13:31  time: 0.3447  data_time: 0.0137  memory: 3101  grad_norm: 473.0035  loss: 47.6115  decode.loss_cls: 1.0967  decode.loss_mask: 1.5726  decode.loss_dice: 1.9123  decode.d0.loss_cls: 1.7037  decode.d0.loss_mask: 1.5844  decode.d0.loss_dice: 2.1490  decode.d1.loss_cls: 1.3062  decode.d1.loss_mask: 1.5999  decode.d1.loss_dice: 2.0628  decode.d2.loss_cls: 1.2125  decode.d2.loss_mask: 1.5853  decode.d2.loss_dice: 1.9479  decode.d3.loss_cls: 1.1744  decode.d3.loss_mask: 1.5569  decode.d3.loss_dice: 1.9308  decode.d4.loss_cls: 1.1884  decode.d4.loss_mask: 1.5842  decode.d4.loss_dice: 1.9473  decode.d5.loss_cls: 1.1508  decode.d5.loss_mask: 1.5735  decode.d5.loss_dice: 1.9328  decode.d6.loss_cls: 1.1337  decode.d6.loss_mask: 1.5635  decode.d6.loss_dice: 1.9269  decode.d7.loss_cls: 1.1186  decode.d7.loss_mask: 1.5701  decode.d7.loss_dice: 1.9259  decode.d8.loss_cls: 1.1226  decode.d8.loss_mask: 1.5806  decode.d8.loss_dice: 1.8973
2026/06/15 16:15:20 - mmengine - INFO - Iter(train) [ 8100/20000]  base_lr: 6.7229e-05 lr: 6.7229e-05  eta: 1:13:11  time: 0.3485  data_time: 0.0134  memory: 3102  grad_norm: 388.8947  loss: 45.6575  decode.loss_cls: 0.9915  decode.loss_mask: 1.4781  decode.loss_dice: 1.9581  decode.d0.loss_cls: 1.5752  decode.d0.loss_mask: 1.5015  decode.d0.loss_dice: 2.1509  decode.d1.loss_cls: 1.2362  decode.d1.loss_mask: 1.4777  decode.d1.loss_dice: 2.0721  decode.d2.loss_cls: 1.1115  decode.d2.loss_mask: 1.4743  decode.d2.loss_dice: 1.9821  decode.d3.loss_cls: 1.0740  decode.d3.loss_mask: 1.4683  decode.d3.loss_dice: 1.9055  decode.d4.loss_cls: 1.0625  decode.d4.loss_mask: 1.4682  decode.d4.loss_dice: 1.9271  decode.d5.loss_cls: 1.0522  decode.d5.loss_mask: 1.4698  decode.d5.loss_dice: 1.9340  decode.d6.loss_cls: 1.0545  decode.d6.loss_mask: 1.4616  decode.d6.loss_dice: 1.9128  decode.d7.loss_cls: 1.0372  decode.d7.loss_mask: 1.4633  decode.d7.loss_dice: 1.9217  decode.d8.loss_cls: 1.0434  decode.d8.loss_mask: 1.4583  decode.d8.loss_dice: 1.9341
2026/06/15 16:15:38 - mmengine - INFO - Iter(train) [ 8150/20000]  base_lr: 6.6975e-05 lr: 6.6975e-05  eta: 1:12:51  time: 0.3457  data_time: 0.0134  memory: 3112  grad_norm: 375.9437  loss: 45.8894  decode.loss_cls: 1.0270  decode.loss_mask: 1.5392  decode.loss_dice: 1.9200  decode.d0.loss_cls: 1.4870  decode.d0.loss_mask: 1.5673  decode.d0.loss_dice: 2.1037  decode.d1.loss_cls: 1.0596  decode.d1.loss_mask: 1.5655  decode.d1.loss_dice: 2.0567  decode.d2.loss_cls: 1.0124  decode.d2.loss_mask: 1.5563  decode.d2.loss_dice: 1.9678  decode.d3.loss_cls: 1.0663  decode.d3.loss_mask: 1.5552  decode.d3.loss_dice: 1.9363  decode.d4.loss_cls: 1.0301  decode.d4.loss_mask: 1.5671  decode.d4.loss_dice: 1.9506  decode.d5.loss_cls: 1.0302  decode.d5.loss_mask: 1.5489  decode.d5.loss_dice: 1.9413  decode.d6.loss_cls: 1.0155  decode.d6.loss_mask: 1.5230  decode.d6.loss_dice: 1.9372  decode.d7.loss_cls: 1.0472  decode.d7.loss_mask: 1.5243  decode.d7.loss_dice: 1.9220  decode.d8.loss_cls: 0.9861  decode.d8.loss_mask: 1.5243  decode.d8.loss_dice: 1.9213
2026/06/15 16:15:55 - mmengine - INFO - Iter(train) [ 8200/20000]  base_lr: 6.6721e-05 lr: 6.6721e-05  eta: 1:12:31  time: 0.3554  data_time: 0.0141  memory: 3107  grad_norm: 486.8792  loss: 47.7558  decode.loss_cls: 1.2261  decode.loss_mask: 1.5521  decode.loss_dice: 1.9370  decode.d0.loss_cls: 1.5839  decode.d0.loss_mask: 1.5724  decode.d0.loss_dice: 2.1593  decode.d1.loss_cls: 1.2474  decode.d1.loss_mask: 1.5541  decode.d1.loss_dice: 2.0511  decode.d2.loss_cls: 1.2373  decode.d2.loss_mask: 1.5464  decode.d2.loss_dice: 1.9717  decode.d3.loss_cls: 1.2290  decode.d3.loss_mask: 1.5329  decode.d3.loss_dice: 1.9403  decode.d4.loss_cls: 1.1988  decode.d4.loss_mask: 1.5572  decode.d4.loss_dice: 1.9670  decode.d5.loss_cls: 1.2196  decode.d5.loss_mask: 1.5323  decode.d5.loss_dice: 1.9530  decode.d6.loss_cls: 1.1708  decode.d6.loss_mask: 1.5494  decode.d6.loss_dice: 1.9311  decode.d7.loss_cls: 1.1889  decode.d7.loss_mask: 1.5471  decode.d7.loss_dice: 1.9345  decode.d8.loss_cls: 1.1880  decode.d8.loss_mask: 1.5530  decode.d8.loss_dice: 1.9239
2026/06/15 16:16:13 - mmengine - INFO - Iter(train) [ 8250/20000]  base_lr: 6.6466e-05 lr: 6.6466e-05  eta: 1:12:11  time: 0.3553  data_time: 0.0144  memory: 3118  grad_norm: 378.0224  loss: 46.8107  decode.loss_cls: 1.2011  decode.loss_mask: 1.4460  decode.loss_dice: 1.9537  decode.d0.loss_cls: 1.5714  decode.d0.loss_mask: 1.4915  decode.d0.loss_dice: 2.1643  decode.d1.loss_cls: 1.2529  decode.d1.loss_mask: 1.4808  decode.d1.loss_dice: 2.0781  decode.d2.loss_cls: 1.1624  decode.d2.loss_mask: 1.4727  decode.d2.loss_dice: 2.0168  decode.d3.loss_cls: 1.1583  decode.d3.loss_mask: 1.4735  decode.d3.loss_dice: 1.9771  decode.d4.loss_cls: 1.1839  decode.d4.loss_mask: 1.4647  decode.d4.loss_dice: 1.9649  decode.d5.loss_cls: 1.1572  decode.d5.loss_mask: 1.4402  decode.d5.loss_dice: 1.9508  decode.d6.loss_cls: 1.1602  decode.d6.loss_mask: 1.4436  decode.d6.loss_dice: 1.9388  decode.d7.loss_cls: 1.2019  decode.d7.loss_mask: 1.4542  decode.d7.loss_dice: 1.9450  decode.d8.loss_cls: 1.1915  decode.d8.loss_mask: 1.4630  decode.d8.loss_dice: 1.9502
2026/06/15 16:16:31 - mmengine - INFO - Iter(train) [ 8300/20000]  base_lr: 6.6212e-05 lr: 6.6212e-05  eta: 1:11:52  time: 0.3506  data_time: 0.0137  memory: 3094  grad_norm: 430.3854  loss: 45.5342  decode.loss_cls: 0.9522  decode.loss_mask: 1.5745  decode.loss_dice: 1.9149  decode.d0.loss_cls: 1.3151  decode.d0.loss_mask: 1.6151  decode.d0.loss_dice: 2.1604  decode.d1.loss_cls: 0.9696  decode.d1.loss_mask: 1.5740  decode.d1.loss_dice: 2.0377  decode.d2.loss_cls: 0.9697  decode.d2.loss_mask: 1.5668  decode.d2.loss_dice: 1.9584  decode.d3.loss_cls: 0.9934  decode.d3.loss_mask: 1.5877  decode.d3.loss_dice: 1.9164  decode.d4.loss_cls: 0.9840  decode.d4.loss_mask: 1.5928  decode.d4.loss_dice: 1.9103  decode.d5.loss_cls: 0.9884  decode.d5.loss_mask: 1.5910  decode.d5.loss_dice: 1.9283  decode.d6.loss_cls: 0.9606  decode.d6.loss_mask: 1.6141  decode.d6.loss_dice: 1.9284  decode.d7.loss_cls: 0.9488  decode.d7.loss_mask: 1.6014  decode.d7.loss_dice: 1.9328  decode.d8.loss_cls: 0.9387  decode.d8.loss_mask: 1.5902  decode.d8.loss_dice: 1.9183
2026/06/15 16:16:49 - mmengine - INFO - Iter(train) [ 8350/20000]  base_lr: 6.5957e-05 lr: 6.5957e-05  eta: 1:11:33  time: 0.3488  data_time: 0.0132  memory: 3099  grad_norm: 414.0120  loss: 45.7132  decode.loss_cls: 1.1231  decode.loss_mask: 1.5016  decode.loss_dice: 1.8317  decode.d0.loss_cls: 1.5915  decode.d0.loss_mask: 1.5317  decode.d0.loss_dice: 2.0516  decode.d1.loss_cls: 1.3194  decode.d1.loss_mask: 1.5381  decode.d1.loss_dice: 1.9486  decode.d2.loss_cls: 1.1361  decode.d2.loss_mask: 1.5259  decode.d2.loss_dice: 1.8978  decode.d3.loss_cls: 1.1406  decode.d3.loss_mask: 1.5276  decode.d3.loss_dice: 1.8383  decode.d4.loss_cls: 1.1111  decode.d4.loss_mask: 1.5124  decode.d4.loss_dice: 1.8531  decode.d5.loss_cls: 1.1121  decode.d5.loss_mask: 1.5054  decode.d5.loss_dice: 1.8551  decode.d6.loss_cls: 1.0942  decode.d6.loss_mask: 1.4832  decode.d6.loss_dice: 1.8229  decode.d7.loss_cls: 1.1021  decode.d7.loss_mask: 1.4949  decode.d7.loss_dice: 1.8232  decode.d8.loss_cls: 1.1252  decode.d8.loss_mask: 1.4993  decode.d8.loss_dice: 1.8152
2026/06/15 16:17:06 - mmengine - INFO - Iter(train) [ 8400/20000]  base_lr: 6.5702e-05 lr: 6.5702e-05  eta: 1:11:13  time: 0.3447  data_time: 0.0137  memory: 3099  grad_norm: 465.4964  loss: 44.9669  decode.loss_cls: 1.0128  decode.loss_mask: 1.4882  decode.loss_dice: 1.8901  decode.d0.loss_cls: 1.6095  decode.d0.loss_mask: 1.4977  decode.d0.loss_dice: 2.1252  decode.d1.loss_cls: 1.0489  decode.d1.loss_mask: 1.5410  decode.d1.loss_dice: 2.0607  decode.d2.loss_cls: 0.9399  decode.d2.loss_mask: 1.5075  decode.d2.loss_dice: 1.9740  decode.d3.loss_cls: 0.9555  decode.d3.loss_mask: 1.5092  decode.d3.loss_dice: 1.9140  decode.d4.loss_cls: 0.9556  decode.d4.loss_mask: 1.5081  decode.d4.loss_dice: 1.9221  decode.d5.loss_cls: 0.9519  decode.d5.loss_mask: 1.5022  decode.d5.loss_dice: 1.9138  decode.d6.loss_cls: 0.9770  decode.d6.loss_mask: 1.4874  decode.d6.loss_dice: 1.8966  decode.d7.loss_cls: 0.9965  decode.d7.loss_mask: 1.5030  decode.d7.loss_dice: 1.8937  decode.d8.loss_cls: 1.0005  decode.d8.loss_mask: 1.4942  decode.d8.loss_dice: 1.8901
2026/06/15 16:17:23 - mmengine - INFO - Iter(train) [ 8450/20000]  base_lr: 6.5447e-05 lr: 6.5447e-05  eta: 1:10:53  time: 0.3464  data_time: 0.0141  memory: 3106  grad_norm: 340.0615  loss: 47.5964  decode.loss_cls: 1.1818  decode.loss_mask: 1.5739  decode.loss_dice: 1.8794  decode.d0.loss_cls: 1.5549  decode.d0.loss_mask: 1.6198  decode.d0.loss_dice: 2.1855  decode.d1.loss_cls: 1.1523  decode.d1.loss_mask: 1.6273  decode.d1.loss_dice: 2.0682  decode.d2.loss_cls: 1.1891  decode.d2.loss_mask: 1.5692  decode.d2.loss_dice: 1.9466  decode.d3.loss_cls: 1.1946  decode.d3.loss_mask: 1.5430  decode.d3.loss_dice: 1.9130  decode.d4.loss_cls: 1.2672  decode.d4.loss_mask: 1.5347  decode.d4.loss_dice: 1.9200  decode.d5.loss_cls: 1.2598  decode.d5.loss_mask: 1.5330  decode.d5.loss_dice: 1.8885  decode.d6.loss_cls: 1.2602  decode.d6.loss_mask: 1.5284  decode.d6.loss_dice: 1.8639  decode.d7.loss_cls: 1.2001  decode.d7.loss_mask: 1.5674  decode.d7.loss_dice: 1.9033  decode.d8.loss_cls: 1.1783  decode.d8.loss_mask: 1.5784  decode.d8.loss_dice: 1.9144
2026/06/15 16:17:40 - mmengine - INFO - Iter(train) [ 8500/20000]  base_lr: 6.5192e-05 lr: 6.5192e-05  eta: 1:10:32  time: 0.3385  data_time: 0.0137  memory: 3105  grad_norm: 421.3028  loss: 47.8584  decode.loss_cls: 1.1165  decode.loss_mask: 1.6079  decode.loss_dice: 1.9243  decode.d0.loss_cls: 1.5904  decode.d0.loss_mask: 1.6590  decode.d0.loss_dice: 2.2041  decode.d1.loss_cls: 1.2322  decode.d1.loss_mask: 1.6679  decode.d1.loss_dice: 2.1144  decode.d2.loss_cls: 1.1262  decode.d2.loss_mask: 1.6425  decode.d2.loss_dice: 1.9938  decode.d3.loss_cls: 1.0988  decode.d3.loss_mask: 1.6072  decode.d3.loss_dice: 1.9467  decode.d4.loss_cls: 1.1403  decode.d4.loss_mask: 1.6157  decode.d4.loss_dice: 1.9558  decode.d5.loss_cls: 1.1128  decode.d5.loss_mask: 1.6027  decode.d5.loss_dice: 1.9536  decode.d6.loss_cls: 1.1039  decode.d6.loss_mask: 1.5917  decode.d6.loss_dice: 1.9343  decode.d7.loss_cls: 1.1471  decode.d7.loss_mask: 1.5852  decode.d7.loss_dice: 1.9306  decode.d8.loss_cls: 1.1139  decode.d8.loss_mask: 1.5982  decode.d8.loss_dice: 1.9408
2026/06/15 16:17:57 - mmengine - INFO - Iter(train) [ 8550/20000]  base_lr: 6.4937e-05 lr: 6.4937e-05  eta: 1:10:12  time: 0.3400  data_time: 0.0135  memory: 3106  grad_norm: 476.8054  loss: 44.8067  decode.loss_cls: 0.9778  decode.loss_mask: 1.5799  decode.loss_dice: 1.7974  decode.d0.loss_cls: 1.5000  decode.d0.loss_mask: 1.6085  decode.d0.loss_dice: 1.9954  decode.d1.loss_cls: 1.1480  decode.d1.loss_mask: 1.6077  decode.d1.loss_dice: 1.9167  decode.d2.loss_cls: 1.0573  decode.d2.loss_mask: 1.5839  decode.d2.loss_dice: 1.8152  decode.d3.loss_cls: 1.0082  decode.d3.loss_mask: 1.5842  decode.d3.loss_dice: 1.7959  decode.d4.loss_cls: 1.0172  decode.d4.loss_mask: 1.5734  decode.d4.loss_dice: 1.8087  decode.d5.loss_cls: 1.0186  decode.d5.loss_mask: 1.5675  decode.d5.loss_dice: 1.8031  decode.d6.loss_cls: 0.9769  decode.d6.loss_mask: 1.5588  decode.d6.loss_dice: 1.8085  decode.d7.loss_cls: 0.9537  decode.d7.loss_mask: 1.5700  decode.d7.loss_dice: 1.8220  decode.d8.loss_cls: 0.9244  decode.d8.loss_mask: 1.6018  decode.d8.loss_dice: 1.8258
2026/06/15 16:18:14 - mmengine - INFO - Iter(train) [ 8600/20000]  base_lr: 6.4682e-05 lr: 6.4682e-05  eta: 1:09:52  time: 0.3413  data_time: 0.0133  memory: 3087  grad_norm: 401.3695  loss: 45.6446  decode.loss_cls: 1.1059  decode.loss_mask: 1.5412  decode.loss_dice: 1.7953  decode.d0.loss_cls: 1.5509  decode.d0.loss_mask: 1.6226  decode.d0.loss_dice: 2.0543  decode.d1.loss_cls: 1.2373  decode.d1.loss_mask: 1.5832  decode.d1.loss_dice: 1.9592  decode.d2.loss_cls: 1.1139  decode.d2.loss_mask: 1.5470  decode.d2.loss_dice: 1.8475  decode.d3.loss_cls: 1.1286  decode.d3.loss_mask: 1.5458  decode.d3.loss_dice: 1.7993  decode.d4.loss_cls: 1.0818  decode.d4.loss_mask: 1.5670  decode.d4.loss_dice: 1.8217  decode.d5.loss_cls: 1.1245  decode.d5.loss_mask: 1.5437  decode.d5.loss_dice: 1.7872  decode.d6.loss_cls: 1.1034  decode.d6.loss_mask: 1.5464  decode.d6.loss_dice: 1.7698  decode.d7.loss_cls: 1.1267  decode.d7.loss_mask: 1.5437  decode.d7.loss_dice: 1.7833  decode.d8.loss_cls: 1.0986  decode.d8.loss_mask: 1.5359  decode.d8.loss_dice: 1.7788
2026/06/15 16:18:32 - mmengine - INFO - Iter(train) [ 8650/20000]  base_lr: 6.4426e-05 lr: 6.4426e-05  eta: 1:09:32  time: 0.3420  data_time: 0.0132  memory: 3114  grad_norm: 452.8567  loss: 45.4997  decode.loss_cls: 1.1416  decode.loss_mask: 1.5230  decode.loss_dice: 1.8150  decode.d0.loss_cls: 1.4830  decode.d0.loss_mask: 1.5504  decode.d0.loss_dice: 2.0605  decode.d1.loss_cls: 1.1885  decode.d1.loss_mask: 1.5554  decode.d1.loss_dice: 1.9311  decode.d2.loss_cls: 1.0957  decode.d2.loss_mask: 1.5502  decode.d2.loss_dice: 1.8638  decode.d3.loss_cls: 1.0645  decode.d3.loss_mask: 1.5371  decode.d3.loss_dice: 1.8736  decode.d4.loss_cls: 1.1075  decode.d4.loss_mask: 1.5207  decode.d4.loss_dice: 1.8385  decode.d5.loss_cls: 1.0676  decode.d5.loss_mask: 1.5251  decode.d5.loss_dice: 1.8392  decode.d6.loss_cls: 1.0749  decode.d6.loss_mask: 1.5188  decode.d6.loss_dice: 1.8427  decode.d7.loss_cls: 1.0877  decode.d7.loss_mask: 1.5178  decode.d7.loss_dice: 1.8489  decode.d8.loss_cls: 1.0961  decode.d8.loss_mask: 1.5277  decode.d8.loss_dice: 1.8532
2026/06/15 16:18:49 - mmengine - INFO - Iter(train) [ 8700/20000]  base_lr: 6.4171e-05 lr: 6.4171e-05  eta: 1:09:12  time: 0.3396  data_time: 0.0132  memory: 3107  grad_norm: 496.8728  loss: 45.9481  decode.loss_cls: 1.1241  decode.loss_mask: 1.4892  decode.loss_dice: 1.8493  decode.d0.loss_cls: 1.4322  decode.d0.loss_mask: 1.6319  decode.d0.loss_dice: 2.1860  decode.d1.loss_cls: 1.2676  decode.d1.loss_mask: 1.5656  decode.d1.loss_dice: 2.0059  decode.d2.loss_cls: 1.0954  decode.d2.loss_mask: 1.5586  decode.d2.loss_dice: 1.9207  decode.d3.loss_cls: 1.0776  decode.d3.loss_mask: 1.5401  decode.d3.loss_dice: 1.8591  decode.d4.loss_cls: 1.1070  decode.d4.loss_mask: 1.5137  decode.d4.loss_dice: 1.8665  decode.d5.loss_cls: 1.0730  decode.d5.loss_mask: 1.5244  decode.d5.loss_dice: 1.8721  decode.d6.loss_cls: 1.1049  decode.d6.loss_mask: 1.5235  decode.d6.loss_dice: 1.8582  decode.d7.loss_cls: 1.0390  decode.d7.loss_mask: 1.5138  decode.d7.loss_dice: 1.8919  decode.d8.loss_cls: 1.0480  decode.d8.loss_mask: 1.5109  decode.d8.loss_dice: 1.8980
2026/06/15 16:19:06 - mmengine - INFO - Iter(train) [ 8750/20000]  base_lr: 6.3915e-05 lr: 6.3915e-05  eta: 1:08:53  time: 0.3481  data_time: 0.0138  memory: 3094  grad_norm: 484.0738  loss: 43.5137  decode.loss_cls: 0.8351  decode.loss_mask: 1.5076  decode.loss_dice: 1.8416  decode.d0.loss_cls: 1.4013  decode.d0.loss_mask: 1.5706  decode.d0.loss_dice: 2.1245  decode.d1.loss_cls: 0.9889  decode.d1.loss_mask: 1.5558  decode.d1.loss_dice: 1.9955  decode.d2.loss_cls: 0.9077  decode.d2.loss_mask: 1.5167  decode.d2.loss_dice: 1.8803  decode.d3.loss_cls: 0.8675  decode.d3.loss_mask: 1.5003  decode.d3.loss_dice: 1.8290  decode.d4.loss_cls: 0.8979  decode.d4.loss_mask: 1.5133  decode.d4.loss_dice: 1.8475  decode.d5.loss_cls: 0.9152  decode.d5.loss_mask: 1.5040  decode.d5.loss_dice: 1.8374  decode.d6.loss_cls: 0.8908  decode.d6.loss_mask: 1.4946  decode.d6.loss_dice: 1.8324  decode.d7.loss_cls: 0.8883  decode.d7.loss_mask: 1.5080  decode.d7.loss_dice: 1.8399  decode.d8.loss_cls: 0.8889  decode.d8.loss_mask: 1.5056  decode.d8.loss_dice: 1.8274
2026/06/15 16:19:23 - mmengine - INFO - Iter(train) [ 8800/20000]  base_lr: 6.3659e-05 lr: 6.3659e-05  eta: 1:08:33  time: 0.3409  data_time: 0.0138  memory: 3092  grad_norm: 427.1668  loss: 42.5856  decode.loss_cls: 0.9841  decode.loss_mask: 1.4246  decode.loss_dice: 1.7394  decode.d0.loss_cls: 1.4244  decode.d0.loss_mask: 1.4797  decode.d0.loss_dice: 1.9740  decode.d1.loss_cls: 1.0637  decode.d1.loss_mask: 1.4882  decode.d1.loss_dice: 1.8949  decode.d2.loss_cls: 1.0176  decode.d2.loss_mask: 1.4354  decode.d2.loss_dice: 1.7840  decode.d3.loss_cls: 0.9955  decode.d3.loss_mask: 1.4267  decode.d3.loss_dice: 1.7439  decode.d4.loss_cls: 0.9991  decode.d4.loss_mask: 1.4311  decode.d4.loss_dice: 1.7503  decode.d5.loss_cls: 0.9784  decode.d5.loss_mask: 1.4318  decode.d5.loss_dice: 1.7446  decode.d6.loss_cls: 0.9768  decode.d6.loss_mask: 1.4191  decode.d6.loss_dice: 1.7206  decode.d7.loss_cls: 0.9698  decode.d7.loss_mask: 1.4197  decode.d7.loss_dice: 1.7367  decode.d8.loss_cls: 0.9726  decode.d8.loss_mask: 1.4252  decode.d8.loss_dice: 1.7337
2026/06/15 16:19:40 - mmengine - INFO - Iter(train) [ 8850/20000]  base_lr: 6.3404e-05 lr: 6.3404e-05  eta: 1:08:13  time: 0.3378  data_time: 0.0134  memory: 3106  grad_norm: 395.3128  loss: 44.5281  decode.loss_cls: 1.0717  decode.loss_mask: 1.4528  decode.loss_dice: 1.8211  decode.d0.loss_cls: 1.6002  decode.d0.loss_mask: 1.5016  decode.d0.loss_dice: 2.0880  decode.d1.loss_cls: 1.1689  decode.d1.loss_mask: 1.4955  decode.d1.loss_dice: 1.9772  decode.d2.loss_cls: 1.0912  decode.d2.loss_mask: 1.4478  decode.d2.loss_dice: 1.8827  decode.d3.loss_cls: 1.0767  decode.d3.loss_mask: 1.4361  decode.d3.loss_dice: 1.8264  decode.d4.loss_cls: 1.0250  decode.d4.loss_mask: 1.4641  decode.d4.loss_dice: 1.8298  decode.d5.loss_cls: 1.0517  decode.d5.loss_mask: 1.4562  decode.d5.loss_dice: 1.8232  decode.d6.loss_cls: 1.0244  decode.d6.loss_mask: 1.4429  decode.d6.loss_dice: 1.8260  decode.d7.loss_cls: 1.0355  decode.d7.loss_mask: 1.4569  decode.d7.loss_dice: 1.8197  decode.d8.loss_cls: 1.0457  decode.d8.loss_mask: 1.4580  decode.d8.loss_dice: 1.8310
2026/06/15 16:19:57 - mmengine - INFO - Iter(train) [ 8900/20000]  base_lr: 6.3148e-05 lr: 6.3148e-05  eta: 1:07:53  time: 0.3490  data_time: 0.0140  memory: 3098  grad_norm: 423.8124  loss: 43.5436  decode.loss_cls: 0.9243  decode.loss_mask: 1.5391  decode.loss_dice: 1.7912  decode.d0.loss_cls: 1.3576  decode.d0.loss_mask: 1.5749  decode.d0.loss_dice: 1.9982  decode.d1.loss_cls: 1.0091  decode.d1.loss_mask: 1.5896  decode.d1.loss_dice: 1.9069  decode.d2.loss_cls: 0.9144  decode.d2.loss_mask: 1.5510  decode.d2.loss_dice: 1.8538  decode.d3.loss_cls: 0.8925  decode.d3.loss_mask: 1.5353  decode.d3.loss_dice: 1.8023  decode.d4.loss_cls: 0.8942  decode.d4.loss_mask: 1.5402  decode.d4.loss_dice: 1.8312  decode.d5.loss_cls: 0.8920  decode.d5.loss_mask: 1.5387  decode.d5.loss_dice: 1.8278  decode.d6.loss_cls: 0.8854  decode.d6.loss_mask: 1.5511  decode.d6.loss_dice: 1.8218  decode.d7.loss_cls: 0.9355  decode.d7.loss_mask: 1.5341  decode.d7.loss_dice: 1.8088  decode.d8.loss_cls: 0.9088  decode.d8.loss_mask: 1.5400  decode.d8.loss_dice: 1.7936
2026/06/15 16:20:15 - mmengine - INFO - Iter(train) [ 8950/20000]  base_lr: 6.2892e-05 lr: 6.2892e-05  eta: 1:07:33  time: 0.3547  data_time: 0.0150  memory: 3113  grad_norm: 446.7042  loss: 48.4274  decode.loss_cls: 1.1693  decode.loss_mask: 1.5787  decode.loss_dice: 1.9939  decode.d0.loss_cls: 1.5858  decode.d0.loss_mask: 1.6013  decode.d0.loss_dice: 2.2392  decode.d1.loss_cls: 1.2003  decode.d1.loss_mask: 1.6108  decode.d1.loss_dice: 2.1697  decode.d2.loss_cls: 1.1708  decode.d2.loss_mask: 1.5686  decode.d2.loss_dice: 2.0501  decode.d3.loss_cls: 1.1776  decode.d3.loss_mask: 1.5619  decode.d3.loss_dice: 2.0279  decode.d4.loss_cls: 1.1424  decode.d4.loss_mask: 1.5701  decode.d4.loss_dice: 2.0281  decode.d5.loss_cls: 1.1897  decode.d5.loss_mask: 1.5660  decode.d5.loss_dice: 2.0174  decode.d6.loss_cls: 1.1633  decode.d6.loss_mask: 1.5747  decode.d6.loss_dice: 2.0021  decode.d7.loss_cls: 1.1908  decode.d7.loss_mask: 1.5424  decode.d7.loss_dice: 1.9941  decode.d8.loss_cls: 1.1433  decode.d8.loss_mask: 1.5778  decode.d8.loss_dice: 2.0193
2026/06/15 16:20:32 - mmengine - INFO - Exp name: dinov3l_m2f_pastis_v2_20260615_152144
2026/06/15 16:20:32 - mmengine - INFO - Iter(train) [ 9000/20000]  base_lr: 6.2635e-05 lr: 6.2635e-05  eta: 1:07:14  time: 0.3637  data_time: 0.0146  memory: 3107  grad_norm: 475.3035  loss: 42.9357  decode.loss_cls: 0.8968  decode.loss_mask: 1.5043  decode.loss_dice: 1.7327  decode.d0.loss_cls: 1.3660  decode.d0.loss_mask: 1.5594  decode.d0.loss_dice: 1.9694  decode.d1.loss_cls: 1.0639  decode.d1.loss_mask: 1.5535  decode.d1.loss_dice: 1.8813  decode.d2.loss_cls: 0.9897  decode.d2.loss_mask: 1.5215  decode.d2.loss_dice: 1.8073  decode.d3.loss_cls: 0.9740  decode.d3.loss_mask: 1.4906  decode.d3.loss_dice: 1.7362  decode.d4.loss_cls: 0.9248  decode.d4.loss_mask: 1.5143  decode.d4.loss_dice: 1.7433  decode.d5.loss_cls: 0.9495  decode.d5.loss_mask: 1.4878  decode.d5.loss_dice: 1.7457  decode.d6.loss_cls: 0.9298  decode.d6.loss_mask: 1.4969  decode.d6.loss_dice: 1.7479  decode.d7.loss_cls: 0.9316  decode.d7.loss_mask: 1.5023  decode.d7.loss_dice: 1.7324  decode.d8.loss_cls: 0.9355  decode.d8.loss_mask: 1.5083  decode.d8.loss_dice: 1.7390
2026/06/15 16:20:32 - mmengine - INFO - Saving checkpoint at 9000 iterations
2026/06/15 16:20:46 - mmengine - INFO - Iter(val) [ 50/121]    eta: 0:00:06  time: 0.0925  data_time: 0.0060  memory: 2643  
2026/06/15 16:20:50 - mmengine - INFO - Iter(val) [100/121]    eta: 0:00:01  time: 0.0910  data_time: 0.0060  memory: 2643  
2026/06/15 16:20:52 - mmengine - INFO - per class results:
2026/06/15 16:20:52 - mmengine - INFO - 
+---------+-------+-------+
|  Class  |  IoU  |  Acc  |
+---------+-------+-------+
|  crop_1 |  71.1 | 81.11 |
|  crop_2 | 60.51 | 77.22 |
|  crop_3 | 58.78 | 75.41 |
|  crop_4 | 72.35 |  84.3 |
|  crop_5 | 30.24 | 47.08 |
|  crop_6 | 77.52 | 84.92 |
|  crop_7 | 15.62 | 31.78 |
|  crop_8 | 29.52 | 53.02 |
|  crop_9 | 38.01 | 54.08 |
| crop_10 | 67.94 | 73.92 |
| crop_11 | 15.66 | 32.14 |
| crop_12 | 24.54 | 38.31 |
| crop_13 | 12.88 | 22.04 |
| crop_14 | 26.22 | 60.75 |
| crop_15 | 28.64 | 45.62 |
| crop_16 | 35.11 | 52.97 |
| crop_17 | 34.52 | 45.69 |
| crop_18 |  9.26 | 19.28 |
| crop_19 |  3.7  |  6.31 |
+---------+-------+-------+
2026/06/15 16:20:52 - mmengine - INFO - Iter(val) [121/121]    aAcc: 74.5900  mIoU: 37.4800  mAcc: 51.8900  data_time: 0.0070  time: 0.0926
2026/06/15 16:20:52 - mmengine - INFO - The previous best checkpoint /mnt/ht2-nas2/00-model/00-fb/mmseg_dino/work_dirs/dinov3l_m2f_pastis_v2/best_mIoU_iter_8000.pth is removed
2026/06/15 16:20:58 - mmengine - INFO - The best checkpoint with 37.4800 mIoU at 9000 iter is saved to best_mIoU_iter_9000.pth.
2026/06/15 16:21:24 - mmengine - INFO - Iter(train) [ 9050/20000]  base_lr: 6.2379e-05 lr: 6.2379e-05  eta: 1:07:12  time: 0.3581  data_time: 0.0149  memory: 3096  grad_norm: 456.9527  loss: 47.1053  decode.loss_cls: 1.0385  decode.loss_mask: 1.6666  decode.loss_dice: 1.9634  decode.d0.loss_cls: 1.3105  decode.d0.loss_mask: 1.6866  decode.d0.loss_dice: 2.1863  decode.d1.loss_cls: 1.0149  decode.d1.loss_mask: 1.7109  decode.d1.loss_dice: 2.1086  decode.d2.loss_cls: 1.0072  decode.d2.loss_mask: 1.6491  decode.d2.loss_dice: 1.9950  decode.d3.loss_cls: 1.0013  decode.d3.loss_mask: 1.6402  decode.d3.loss_dice: 1.9593  decode.d4.loss_cls: 0.9838  decode.d4.loss_mask: 1.6782  decode.d4.loss_dice: 1.9686  decode.d5.loss_cls: 0.9988  decode.d5.loss_mask: 1.6587  decode.d5.loss_dice: 1.9747  decode.d6.loss_cls: 1.0233  decode.d6.loss_mask: 1.6577  decode.d6.loss_dice: 1.9609  decode.d7.loss_cls: 1.0340  decode.d7.loss_mask: 1.6569  decode.d7.loss_dice: 1.9528  decode.d8.loss_cls: 0.9968  decode.d8.loss_mask: 1.6526  decode.d8.loss_dice: 1.9690
2026/06/15 16:21:42 - mmengine - INFO - Iter(train) [ 9100/20000]  base_lr: 6.2123e-05 lr: 6.2123e-05  eta: 1:06:53  time: 0.3508  data_time: 0.0141  memory: 3096  grad_norm: 407.5537  loss: 43.8464  decode.loss_cls: 0.8981  decode.loss_mask: 1.5476  decode.loss_dice: 1.7996  decode.d0.loss_cls: 1.4772  decode.d0.loss_mask: 1.6147  decode.d0.loss_dice: 2.0673  decode.d1.loss_cls: 1.1123  decode.d1.loss_mask: 1.6216  decode.d1.loss_dice: 1.9582  decode.d2.loss_cls: 0.9909  decode.d2.loss_mask: 1.5607  decode.d2.loss_dice: 1.8302  decode.d3.loss_cls: 0.8983  decode.d3.loss_mask: 1.5708  decode.d3.loss_dice: 1.7902  decode.d4.loss_cls: 0.8883  decode.d4.loss_mask: 1.5643  decode.d4.loss_dice: 1.7799  decode.d5.loss_cls: 0.8748  decode.d5.loss_mask: 1.5501  decode.d5.loss_dice: 1.7939  decode.d6.loss_cls: 0.8610  decode.d6.loss_mask: 1.5495  decode.d6.loss_dice: 1.7954  decode.d7.loss_cls: 0.8934  decode.d7.loss_mask: 1.5330  decode.d7.loss_dice: 1.8036  decode.d8.loss_cls: 0.9222  decode.d8.loss_mask: 1.5215  decode.d8.loss_dice: 1.7781
2026/06/15 16:22:00 - mmengine - INFO - Iter(train) [ 9150/20000]  base_lr: 6.1866e-05 lr: 6.1866e-05  eta: 1:06:34  time: 0.3535  data_time: 0.0146  memory: 3104  grad_norm: 380.6048  loss: 44.1725  decode.loss_cls: 1.0255  decode.loss_mask: 1.4600  decode.loss_dice: 1.7941  decode.d0.loss_cls: 1.5740  decode.d0.loss_mask: 1.5250  decode.d0.loss_dice: 2.0693  decode.d1.loss_cls: 1.1364  decode.d1.loss_mask: 1.4855  decode.d1.loss_dice: 1.9302  decode.d2.loss_cls: 1.0409  decode.d2.loss_mask: 1.4555  decode.d2.loss_dice: 1.8499  decode.d3.loss_cls: 1.0502  decode.d3.loss_mask: 1.4474  decode.d3.loss_dice: 1.8012  decode.d4.loss_cls: 1.0381  decode.d4.loss_mask: 1.4570  decode.d4.loss_dice: 1.8255  decode.d5.loss_cls: 1.0211  decode.d5.loss_mask: 1.4718  decode.d5.loss_dice: 1.8216  decode.d6.loss_cls: 1.0496  decode.d6.loss_mask: 1.4530  decode.d6.loss_dice: 1.7818  decode.d7.loss_cls: 1.0367  decode.d7.loss_mask: 1.4728  decode.d7.loss_dice: 1.7940  decode.d8.loss_cls: 1.0485  decode.d8.loss_mask: 1.4658  decode.d8.loss_dice: 1.7902
2026/06/15 16:22:17 - mmengine - INFO - Iter(train) [ 9200/20000]  base_lr: 6.1610e-05 lr: 6.1610e-05  eta: 1:06:14  time: 0.3458  data_time: 0.0138  memory: 3099  grad_norm: 498.2025  loss: 41.5856  decode.loss_cls: 0.9736  decode.loss_mask: 1.4014  decode.loss_dice: 1.6575  decode.d0.loss_cls: 1.2932  decode.d0.loss_mask: 1.4829  decode.d0.loss_dice: 1.9753  decode.d1.loss_cls: 1.0593  decode.d1.loss_mask: 1.4517  decode.d1.loss_dice: 1.8379  decode.d2.loss_cls: 0.9685  decode.d2.loss_mask: 1.4290  decode.d2.loss_dice: 1.7430  decode.d3.loss_cls: 0.9883  decode.d3.loss_mask: 1.4102  decode.d3.loss_dice: 1.6701  decode.d4.loss_cls: 0.9588  decode.d4.loss_mask: 1.4105  decode.d4.loss_dice: 1.7016  decode.d5.loss_cls: 0.9600  decode.d5.loss_mask: 1.4024  decode.d5.loss_dice: 1.6892  decode.d6.loss_cls: 0.9704  decode.d6.loss_mask: 1.3865  decode.d6.loss_dice: 1.6695  decode.d7.loss_cls: 0.9656  decode.d7.loss_mask: 1.3923  decode.d7.loss_dice: 1.6820  decode.d8.loss_cls: 0.9849  decode.d8.loss_mask: 1.3864  decode.d8.loss_dice: 1.6838
2026/06/15 16:22:34 - mmengine - INFO - Iter(train) [ 9250/20000]  base_lr: 6.1353e-05 lr: 6.1353e-05  eta: 1:05:54  time: 0.3408  data_time: 0.0136  memory: 3106  grad_norm: 357.4720  loss: 44.9475  decode.loss_cls: 1.0727  decode.loss_mask: 1.4852  decode.loss_dice: 1.8098  decode.d0.loss_cls: 1.5899  decode.d0.loss_mask: 1.5159  decode.d0.loss_dice: 2.0655  decode.d1.loss_cls: 1.2115  decode.d1.loss_mask: 1.5293  decode.d1.loss_dice: 1.9416  decode.d2.loss_cls: 1.1487  decode.d2.loss_mask: 1.4870  decode.d2.loss_dice: 1.8414  decode.d3.loss_cls: 1.0978  decode.d3.loss_mask: 1.4871  decode.d3.loss_dice: 1.8141  decode.d4.loss_cls: 1.0481  decode.d4.loss_mask: 1.5013  decode.d4.loss_dice: 1.8184  decode.d5.loss_cls: 1.0850  decode.d5.loss_mask: 1.4910  decode.d5.loss_dice: 1.8333  decode.d6.loss_cls: 1.0310  decode.d6.loss_mask: 1.4966  decode.d6.loss_dice: 1.8317  decode.d7.loss_cls: 1.0400  decode.d7.loss_mask: 1.4927  decode.d7.loss_dice: 1.8271  decode.d8.loss_cls: 1.0568  decode.d8.loss_mask: 1.4853  decode.d8.loss_dice: 1.8115
2026/06/15 16:22:52 - mmengine - INFO - Iter(train) [ 9300/20000]  base_lr: 6.1096e-05 lr: 6.1096e-05  eta: 1:05:35  time: 0.3418  data_time: 0.0132  memory: 3083  grad_norm: 417.1271  loss: 46.2054  decode.loss_cls: 0.9930  decode.loss_mask: 1.6326  decode.loss_dice: 1.8709  decode.d0.loss_cls: 1.4536  decode.d0.loss_mask: 1.6878  decode.d0.loss_dice: 2.1285  decode.d1.loss_cls: 1.1159  decode.d1.loss_mask: 1.6601  decode.d1.loss_dice: 1.9904  decode.d2.loss_cls: 1.0423  decode.d2.loss_mask: 1.6399  decode.d2.loss_dice: 1.8857  decode.d3.loss_cls: 1.0402  decode.d3.loss_mask: 1.6070  decode.d3.loss_dice: 1.8825  decode.d4.loss_cls: 1.0150  decode.d4.loss_mask: 1.6200  decode.d4.loss_dice: 1.8973  decode.d5.loss_cls: 1.0330  decode.d5.loss_mask: 1.6182  decode.d5.loss_dice: 1.8835  decode.d6.loss_cls: 1.0204  decode.d6.loss_mask: 1.6015  decode.d6.loss_dice: 1.8693  decode.d7.loss_cls: 1.0119  decode.d7.loss_mask: 1.6136  decode.d7.loss_dice: 1.8788  decode.d8.loss_cls: 1.0191  decode.d8.loss_mask: 1.6161  decode.d8.loss_dice: 1.8776
2026/06/15 16:23:09 - mmengine - INFO - Iter(train) [ 9350/20000]  base_lr: 6.0839e-05 lr: 6.0839e-05  eta: 1:05:15  time: 0.3410  data_time: 0.0134  memory: 3096  grad_norm: 476.0611  loss: 46.4570  decode.loss_cls: 0.9845  decode.loss_mask: 1.5902  decode.loss_dice: 1.9727  decode.d0.loss_cls: 1.4864  decode.d0.loss_mask: 1.5943  decode.d0.loss_dice: 2.1633  decode.d1.loss_cls: 1.1201  decode.d1.loss_mask: 1.6156  decode.d1.loss_dice: 2.0951  decode.d2.loss_cls: 1.0403  decode.d2.loss_mask: 1.5932  decode.d2.loss_dice: 2.0171  decode.d3.loss_cls: 1.0064  decode.d3.loss_mask: 1.5774  decode.d3.loss_dice: 1.9775  decode.d4.loss_cls: 1.0076  decode.d4.loss_mask: 1.5774  decode.d4.loss_dice: 1.9741  decode.d5.loss_cls: 0.9513  decode.d5.loss_mask: 1.5903  decode.d5.loss_dice: 1.9729  decode.d6.loss_cls: 0.9445  decode.d6.loss_mask: 1.5990  decode.d6.loss_dice: 1.9705  decode.d7.loss_cls: 0.9485  decode.d7.loss_mask: 1.5971  decode.d7.loss_dice: 1.9689  decode.d8.loss_cls: 0.9462  decode.d8.loss_mask: 1.6008  decode.d8.loss_dice: 1.9738
2026/06/15 16:23:26 - mmengine - INFO - Iter(train) [ 9400/20000]  base_lr: 6.0582e-05 lr: 6.0582e-05  eta: 1:04:55  time: 0.3436  data_time: 0.0134  memory: 3097  grad_norm: 453.7817  loss: 47.6641  decode.loss_cls: 1.1305  decode.loss_mask: 1.5208  decode.loss_dice: 1.9495  decode.d0.loss_cls: 1.5947  decode.d0.loss_mask: 1.5558  decode.d0.loss_dice: 2.2549  decode.d1.loss_cls: 1.1960  decode.d1.loss_mask: 1.5872  decode.d1.loss_dice: 2.1683  decode.d2.loss_cls: 1.1206  decode.d2.loss_mask: 1.5438  decode.d2.loss_dice: 2.0540  decode.d3.loss_cls: 1.0743  decode.d3.loss_mask: 1.5483  decode.d3.loss_dice: 2.0139  decode.d4.loss_cls: 1.1502  decode.d4.loss_mask: 1.5340  decode.d4.loss_dice: 2.0145  decode.d5.loss_cls: 1.1406  decode.d5.loss_mask: 1.5271  decode.d5.loss_dice: 2.0055  decode.d6.loss_cls: 1.1079  decode.d6.loss_mask: 1.5421  decode.d6.loss_dice: 1.9750  decode.d7.loss_cls: 1.1689  decode.d7.loss_mask: 1.5329  decode.d7.loss_dice: 1.9729  decode.d8.loss_cls: 1.2100  decode.d8.loss_mask: 1.5178  decode.d8.loss_dice: 1.9522
2026/06/15 16:23:43 - mmengine - INFO - Iter(train) [ 9450/20000]  base_lr: 6.0325e-05 lr: 6.0325e-05  eta: 1:04:36  time: 0.3462  data_time: 0.0137  memory: 3097  grad_norm: 332.9877  loss: 41.8472  decode.loss_cls: 0.9423  decode.loss_mask: 1.4067  decode.loss_dice: 1.7409  decode.d0.loss_cls: 1.3388  decode.d0.loss_mask: 1.4903  decode.d0.loss_dice: 1.9378  decode.d1.loss_cls: 1.0883  decode.d1.loss_mask: 1.4275  decode.d1.loss_dice: 1.8093  decode.d2.loss_cls: 0.9236  decode.d2.loss_mask: 1.3855  decode.d2.loss_dice: 1.7537  decode.d3.loss_cls: 0.9507  decode.d3.loss_mask: 1.4174  decode.d3.loss_dice: 1.7334  decode.d4.loss_cls: 0.9321  decode.d4.loss_mask: 1.4322  decode.d4.loss_dice: 1.7507  decode.d5.loss_cls: 0.9456  decode.d5.loss_mask: 1.4104  decode.d5.loss_dice: 1.7490  decode.d6.loss_cls: 0.9336  decode.d6.loss_mask: 1.4223  decode.d6.loss_dice: 1.7384  decode.d7.loss_cls: 0.9317  decode.d7.loss_mask: 1.4128  decode.d7.loss_dice: 1.7436  decode.d8.loss_cls: 0.9337  decode.d8.loss_mask: 1.4171  decode.d8.loss_dice: 1.7480
2026/06/15 16:24:01 - mmengine - INFO - Iter(train) [ 9500/20000]  base_lr: 6.0067e-05 lr: 6.0067e-05  eta: 1:04:16  time: 0.3441  data_time: 0.0133  memory: 3098  grad_norm: 374.2689  loss: 41.4664  decode.loss_cls: 0.8778  decode.loss_mask: 1.4407  decode.loss_dice: 1.7009  decode.d0.loss_cls: 1.3053  decode.d0.loss_mask: 1.5346  decode.d0.loss_dice: 1.9625  decode.d1.loss_cls: 1.0536  decode.d1.loss_mask: 1.4692  decode.d1.loss_dice: 1.8310  decode.d2.loss_cls: 0.9069  decode.d2.loss_mask: 1.4620  decode.d2.loss_dice: 1.7613  decode.d3.loss_cls: 0.9262  decode.d3.loss_mask: 1.4533  decode.d3.loss_dice: 1.7017  decode.d4.loss_cls: 0.9004  decode.d4.loss_mask: 1.4401  decode.d4.loss_dice: 1.7186  decode.d5.loss_cls: 0.8622  decode.d5.loss_mask: 1.4299  decode.d5.loss_dice: 1.7038  decode.d6.loss_cls: 0.8887  decode.d6.loss_mask: 1.4151  decode.d6.loss_dice: 1.6776  decode.d7.loss_cls: 0.9059  decode.d7.loss_mask: 1.4326  decode.d7.loss_dice: 1.6778  decode.d8.loss_cls: 0.8856  decode.d8.loss_mask: 1.4402  decode.d8.loss_dice: 1.7009
2026/06/15 16:24:18 - mmengine - INFO - Iter(train) [ 9550/20000]  base_lr: 5.9810e-05 lr: 5.9810e-05  eta: 1:03:56  time: 0.3458  data_time: 0.0133  memory: 3097  grad_norm: 430.5316  loss: 39.4020  decode.loss_cls: 0.7656  decode.loss_mask: 1.3879  decode.loss_dice: 1.6207  decode.d0.loss_cls: 1.2392  decode.d0.loss_mask: 1.4891  decode.d0.loss_dice: 1.9161  decode.d1.loss_cls: 0.8821  decode.d1.loss_mask: 1.4575  decode.d1.loss_dice: 1.7665  decode.d2.loss_cls: 0.8434  decode.d2.loss_mask: 1.4272  decode.d2.loss_dice: 1.6719  decode.d3.loss_cls: 0.8172  decode.d3.loss_mask: 1.4088  decode.d3.loss_dice: 1.6203  decode.d4.loss_cls: 0.7784  decode.d4.loss_mask: 1.4110  decode.d4.loss_dice: 1.6095  decode.d5.loss_cls: 0.8250  decode.d5.loss_mask: 1.3877  decode.d5.loss_dice: 1.6140  decode.d6.loss_cls: 0.7736  decode.d6.loss_mask: 1.4101  decode.d6.loss_dice: 1.6214  decode.d7.loss_cls: 0.7946  decode.d7.loss_mask: 1.4010  decode.d7.loss_dice: 1.6446  decode.d8.loss_cls: 0.8057  decode.d8.loss_mask: 1.3910  decode.d8.loss_dice: 1.6206
2026/06/15 16:24:35 - mmengine - INFO - Iter(train) [ 9600/20000]  base_lr: 5.9552e-05 lr: 5.9552e-05  eta: 1:03:37  time: 0.3504  data_time: 0.0131  memory: 3090  grad_norm: 371.6070  loss: 41.3693  decode.loss_cls: 0.7358  decode.loss_mask: 1.5892  decode.loss_dice: 1.7265  decode.d0.loss_cls: 1.2357  decode.d0.loss_mask: 1.6084  decode.d0.loss_dice: 1.8955  decode.d1.loss_cls: 0.8979  decode.d1.loss_mask: 1.6215  decode.d1.loss_dice: 1.8063  decode.d2.loss_cls: 0.7797  decode.d2.loss_mask: 1.5917  decode.d2.loss_dice: 1.7563  decode.d3.loss_cls: 0.7503  decode.d3.loss_mask: 1.5821  decode.d3.loss_dice: 1.7106  decode.d4.loss_cls: 0.7144  decode.d4.loss_mask: 1.5750  decode.d4.loss_dice: 1.7191  decode.d5.loss_cls: 0.7161  decode.d5.loss_mask: 1.5841  decode.d5.loss_dice: 1.7220  decode.d6.loss_cls: 0.6983  decode.d6.loss_mask: 1.5824  decode.d6.loss_dice: 1.7136  decode.d7.loss_cls: 0.7145  decode.d7.loss_mask: 1.5838  decode.d7.loss_dice: 1.7285  decode.d8.loss_cls: 0.7086  decode.d8.loss_mask: 1.6003  decode.d8.loss_dice: 1.7210
2026/06/15 16:24:53 - mmengine - INFO - Iter(train) [ 9650/20000]  base_lr: 5.9294e-05 lr: 5.9294e-05  eta: 1:03:18  time: 0.3452  data_time: 0.0132  memory: 3102  grad_norm: 369.1156  loss: 43.8090  decode.loss_cls: 0.9364  decode.loss_mask: 1.5348  decode.loss_dice: 1.8027  decode.d0.loss_cls: 1.4152  decode.d0.loss_mask: 1.5889  decode.d0.loss_dice: 2.0373  decode.d1.loss_cls: 1.0444  decode.d1.loss_mask: 1.5938  decode.d1.loss_dice: 1.9472  decode.d2.loss_cls: 0.9387  decode.d2.loss_mask: 1.5483  decode.d2.loss_dice: 1.8848  decode.d3.loss_cls: 0.8929  decode.d3.loss_mask: 1.5359  decode.d3.loss_dice: 1.8496  decode.d4.loss_cls: 0.8727  decode.d4.loss_mask: 1.5399  decode.d4.loss_dice: 1.8357  decode.d5.loss_cls: 0.8600  decode.d5.loss_mask: 1.5306  decode.d5.loss_dice: 1.8635  decode.d6.loss_cls: 0.8257  decode.d6.loss_mask: 1.5247  decode.d6.loss_dice: 1.8525  decode.d7.loss_cls: 0.9289  decode.d7.loss_mask: 1.5263  decode.d7.loss_dice: 1.8242  decode.d8.loss_cls: 0.9081  decode.d8.loss_mask: 1.5282  decode.d8.loss_dice: 1.8372
2026/06/15 16:25:10 - mmengine - INFO - Iter(train) [ 9700/20000]  base_lr: 5.9036e-05 lr: 5.9036e-05  eta: 1:02:58  time: 0.3458  data_time: 0.0136  memory: 3087  grad_norm: 387.4745  loss: 42.0712  decode.loss_cls: 0.8175  decode.loss_mask: 1.5306  decode.loss_dice: 1.7868  decode.d0.loss_cls: 1.2263  decode.d0.loss_mask: 1.5746  decode.d0.loss_dice: 2.0088  decode.d1.loss_cls: 0.9517  decode.d1.loss_mask: 1.5357  decode.d1.loss_dice: 1.9333  decode.d2.loss_cls: 0.8440  decode.d2.loss_mask: 1.4969  decode.d2.loss_dice: 1.8189  decode.d3.loss_cls: 0.7991  decode.d3.loss_mask: 1.5007  decode.d3.loss_dice: 1.8163  decode.d4.loss_cls: 0.8429  decode.d4.loss_mask: 1.4962  decode.d4.loss_dice: 1.7846  decode.d5.loss_cls: 0.8345  decode.d5.loss_mask: 1.4906  decode.d5.loss_dice: 1.7674  decode.d6.loss_cls: 0.7829  decode.d6.loss_mask: 1.4995  decode.d6.loss_dice: 1.7671  decode.d7.loss_cls: 0.8092  decode.d7.loss_mask: 1.4977  decode.d7.loss_dice: 1.7744  decode.d8.loss_cls: 0.7776  decode.d8.loss_mask: 1.5164  decode.d8.loss_dice: 1.7891
2026/06/15 16:25:27 - mmengine - INFO - Iter(train) [ 9750/20000]  base_lr: 5.8778e-05 lr: 5.8778e-05  eta: 1:02:39  time: 0.3445  data_time: 0.0132  memory: 3106  grad_norm: 435.3946  loss: 43.4991  decode.loss_cls: 0.9196  decode.loss_mask: 1.4674  decode.loss_dice: 1.7816  decode.d0.loss_cls: 1.4555  decode.d0.loss_mask: 1.5411  decode.d0.loss_dice: 2.0890  decode.d1.loss_cls: 1.1357  decode.d1.loss_mask: 1.4995  decode.d1.loss_dice: 1.9251  decode.d2.loss_cls: 0.9735  decode.d2.loss_mask: 1.4927  decode.d2.loss_dice: 1.8190  decode.d3.loss_cls: 1.0098  decode.d3.loss_mask: 1.4695  decode.d3.loss_dice: 1.7726  decode.d4.loss_cls: 0.9529  decode.d4.loss_mask: 1.4853  decode.d4.loss_dice: 1.8016  decode.d5.loss_cls: 0.9624  decode.d5.loss_mask: 1.4805  decode.d5.loss_dice: 1.8114  decode.d6.loss_cls: 0.9439  decode.d6.loss_mask: 1.4844  decode.d6.loss_dice: 1.8003  decode.d7.loss_cls: 0.9382  decode.d7.loss_mask: 1.4710  decode.d7.loss_dice: 1.7873  decode.d8.loss_cls: 0.9706  decode.d8.loss_mask: 1.4720  decode.d8.loss_dice: 1.7859
2026/06/15 16:25:45 - mmengine - INFO - Iter(train) [ 9800/20000]  base_lr: 5.8520e-05 lr: 5.8520e-05  eta: 1:02:19  time: 0.3471  data_time: 0.0131  memory: 3098  grad_norm: 415.5984  loss: 44.6497  decode.loss_cls: 0.9319  decode.loss_mask: 1.5696  decode.loss_dice: 1.8501  decode.d0.loss_cls: 1.3581  decode.d0.loss_mask: 1.6385  decode.d0.loss_dice: 2.1026  decode.d1.loss_cls: 1.0699  decode.d1.loss_mask: 1.6162  decode.d1.loss_dice: 1.9824  decode.d2.loss_cls: 0.9843  decode.d2.loss_mask: 1.5741  decode.d2.loss_dice: 1.8918  decode.d3.loss_cls: 0.9246  decode.d3.loss_mask: 1.5680  decode.d3.loss_dice: 1.8447  decode.d4.loss_cls: 0.9536  decode.d4.loss_mask: 1.5680  decode.d4.loss_dice: 1.8412  decode.d5.loss_cls: 0.9147  decode.d5.loss_mask: 1.5660  decode.d5.loss_dice: 1.8423  decode.d6.loss_cls: 0.9257  decode.d6.loss_mask: 1.5686  decode.d6.loss_dice: 1.8455  decode.d7.loss_cls: 0.9776  decode.d7.loss_mask: 1.5507  decode.d7.loss_dice: 1.8211  decode.d8.loss_cls: 0.9603  decode.d8.loss_mask: 1.5622  decode.d8.loss_dice: 1.8456
2026/06/15 16:26:02 - mmengine - INFO - Iter(train) [ 9850/20000]  base_lr: 5.8262e-05 lr: 5.8262e-05  eta: 1:02:00  time: 0.3475  data_time: 0.0139  memory: 3108  grad_norm: 447.9440  loss: 40.8454  decode.loss_cls: 0.8471  decode.loss_mask: 1.4579  decode.loss_dice: 1.6556  decode.d0.loss_cls: 1.3197  decode.d0.loss_mask: 1.4545  decode.d0.loss_dice: 1.9092  decode.d1.loss_cls: 1.0562  decode.d1.loss_mask: 1.4659  decode.d1.loss_dice: 1.7817  decode.d2.loss_cls: 0.9281  decode.d2.loss_mask: 1.4321  decode.d2.loss_dice: 1.7089  decode.d3.loss_cls: 0.8860  decode.d3.loss_mask: 1.4358  decode.d3.loss_dice: 1.6930  decode.d4.loss_cls: 0.8402  decode.d4.loss_mask: 1.4488  decode.d4.loss_dice: 1.6902  decode.d5.loss_cls: 0.8628  decode.d5.loss_mask: 1.4443  decode.d5.loss_dice: 1.6735  decode.d6.loss_cls: 0.8376  decode.d6.loss_mask: 1.4593  decode.d6.loss_dice: 1.6582  decode.d7.loss_cls: 0.8176  decode.d7.loss_mask: 1.4571  decode.d7.loss_dice: 1.6746  decode.d8.loss_cls: 0.8637  decode.d8.loss_mask: 1.4394  decode.d8.loss_dice: 1.6466
2026/06/15 16:26:19 - mmengine - INFO - Iter(train) [ 9900/20000]  base_lr: 5.8004e-05 lr: 5.8004e-05  eta: 1:01:41  time: 0.3483  data_time: 0.0135  memory: 3108  grad_norm: 315.2172  loss: 43.7191  decode.loss_cls: 1.0472  decode.loss_mask: 1.4402  decode.loss_dice: 1.7414  decode.d0.loss_cls: 1.5587  decode.d0.loss_mask: 1.5356  decode.d0.loss_dice: 2.0172  decode.d1.loss_cls: 1.2073  decode.d1.loss_mask: 1.4919  decode.d1.loss_dice: 1.8978  decode.d2.loss_cls: 1.1213  decode.d2.loss_mask: 1.4417  decode.d2.loss_dice: 1.7969  decode.d3.loss_cls: 1.1089  decode.d3.loss_mask: 1.4228  decode.d3.loss_dice: 1.7287  decode.d4.loss_cls: 1.0748  decode.d4.loss_mask: 1.4342  decode.d4.loss_dice: 1.7423  decode.d5.loss_cls: 1.0340  decode.d5.loss_mask: 1.4494  decode.d5.loss_dice: 1.7619  decode.d6.loss_cls: 1.0546  decode.d6.loss_mask: 1.4415  decode.d6.loss_dice: 1.7373  decode.d7.loss_cls: 0.9970  decode.d7.loss_mask: 1.4471  decode.d7.loss_dice: 1.7501  decode.d8.loss_cls: 1.0368  decode.d8.loss_mask: 1.4574  decode.d8.loss_dice: 1.7428
2026/06/15 16:26:36 - mmengine - INFO - Iter(train) [ 9950/20000]  base_lr: 5.7745e-05 lr: 5.7745e-05  eta: 1:01:21  time: 0.3409  data_time: 0.0128  memory: 3104  grad_norm: 536.0120  loss: 44.3783  decode.loss_cls: 0.7686  decode.loss_mask: 1.6523  decode.loss_dice: 1.8882  decode.d0.loss_cls: 1.1822  decode.d0.loss_mask: 1.7243  decode.d0.loss_dice: 2.1580  decode.d1.loss_cls: 0.8348  decode.d1.loss_mask: 1.7106  decode.d1.loss_dice: 2.0691  decode.d2.loss_cls: 0.7544  decode.d2.loss_mask: 1.6885  decode.d2.loss_dice: 1.9483  decode.d3.loss_cls: 0.7613  decode.d3.loss_mask: 1.6664  decode.d3.loss_dice: 1.9130  decode.d4.loss_cls: 0.7469  decode.d4.loss_mask: 1.6660  decode.d4.loss_dice: 1.9420  decode.d5.loss_cls: 0.7480  decode.d5.loss_mask: 1.6500  decode.d5.loss_dice: 1.9312  decode.d6.loss_cls: 0.7708  decode.d6.loss_mask: 1.6467  decode.d6.loss_dice: 1.9055  decode.d7.loss_cls: 0.7861  decode.d7.loss_mask: 1.6480  decode.d7.loss_dice: 1.9079  decode.d8.loss_cls: 0.7442  decode.d8.loss_mask: 1.6589  decode.d8.loss_dice: 1.9062
2026/06/15 16:26:54 - mmengine - INFO - Exp name: dinov3l_m2f_pastis_v2_20260615_152144
2026/06/15 16:26:54 - mmengine - INFO - Iter(train) [10000/20000]  base_lr: 5.7487e-05 lr: 5.7487e-05  eta: 1:01:02  time: 0.3530  data_time: 0.0139  memory: 3097  grad_norm: 359.3906  loss: 46.5239  decode.loss_cls: 0.8259  decode.loss_mask: 1.7412  decode.loss_dice: 1.9789  decode.d0.loss_cls: 1.2910  decode.d0.loss_mask: 1.7866  decode.d0.loss_dice: 2.2122  decode.d1.loss_cls: 0.9177  decode.d1.loss_mask: 1.7560  decode.d1.loss_dice: 2.1126  decode.d2.loss_cls: 0.8593  decode.d2.loss_mask: 1.7366  decode.d2.loss_dice: 2.0271  decode.d3.loss_cls: 0.8367  decode.d3.loss_mask: 1.7283  decode.d3.loss_dice: 2.0157  decode.d4.loss_cls: 0.8465  decode.d4.loss_mask: 1.7278  decode.d4.loss_dice: 1.9905  decode.d5.loss_cls: 0.8254  decode.d5.loss_mask: 1.7127  decode.d5.loss_dice: 1.9831  decode.d6.loss_cls: 0.8181  decode.d6.loss_mask: 1.7347  decode.d6.loss_dice: 1.9861  decode.d7.loss_cls: 0.8387  decode.d7.loss_mask: 1.7263  decode.d7.loss_dice: 1.9768  decode.d8.loss_cls: 0.8392  decode.d8.loss_mask: 1.7205  decode.d8.loss_dice: 1.9719
2026/06/15 16:26:54 - mmengine - INFO - Saving checkpoint at 10000 iterations
2026/06/15 16:27:35 - mmengine - INFO - Iter(val) [ 50/121]    eta: 0:00:07  time: 0.0999  data_time: 0.0140  memory: 2643  
2026/06/15 16:27:39 - mmengine - INFO - Iter(val) [100/121]    eta: 0:00:02  time: 0.0922  data_time: 0.0064  memory: 2643  
2026/06/15 16:27:41 - mmengine - INFO - per class results:
2026/06/15 16:27:41 - mmengine - INFO - 
+---------+-------+-------+
|  Class  |  IoU  |  Acc  |
+---------+-------+-------+
|  crop_1 | 69.81 | 79.32 |
|  crop_2 | 59.11 | 78.25 |
|  crop_3 |  59.5 | 71.08 |
|  crop_4 | 71.44 | 84.12 |
|  crop_5 | 31.49 | 49.14 |
|  crop_6 | 69.27 | 76.32 |
|  crop_7 | 15.63 | 35.35 |
|  crop_8 | 26.67 | 34.17 |
|  crop_9 | 38.98 |  63.9 |
| crop_10 |  64.4 |  73.4 |
| crop_11 |  14.4 | 25.33 |
| crop_12 | 36.11 | 60.59 |
| crop_13 | 19.34 | 30.95 |
| crop_14 | 29.05 | 53.29 |
| crop_15 | 27.37 | 42.56 |
| crop_16 | 31.65 | 67.01 |
| crop_17 | 33.85 | 46.05 |
| crop_18 | 11.01 | 23.99 |
| crop_19 |  5.32 |  8.8  |
+---------+-------+-------+
2026/06/15 16:27:41 - mmengine - INFO - Iter(val) [121/121]    aAcc: 73.9500  mIoU: 37.6000  mAcc: 52.8200  data_time: 0.0098  time: 0.0945
2026/06/15 16:27:41 - mmengine - INFO - The previous best checkpoint /mnt/ht2-nas2/00-model/00-fb/mmseg_dino/work_dirs/dinov3l_m2f_pastis_v2/best_mIoU_iter_9000.pth is removed
2026/06/15 16:27:57 - mmengine - INFO - The best checkpoint with 37.6000 mIoU at 10000 iter is saved to best_mIoU_iter_10000.pth.
2026/06/15 16:28:40 - mmengine - INFO - Iter(train) [10050/20000]  base_lr: 5.7228e-05 lr: 5.7228e-05  eta: 1:01:24  time: 0.3427  data_time: 0.0135  memory: 3099  grad_norm: 489.1012  loss: 41.8532  decode.loss_cls: 0.7862  decode.loss_mask: 1.5129  decode.loss_dice: 1.7427  decode.d0.loss_cls: 1.2276  decode.d0.loss_mask: 1.5690  decode.d0.loss_dice: 1.9927  decode.d1.loss_cls: 0.9483  decode.d1.loss_mask: 1.5782  decode.d1.loss_dice: 1.8903  decode.d2.loss_cls: 0.8743  decode.d2.loss_mask: 1.5283  decode.d2.loss_dice: 1.8003  decode.d3.loss_cls: 0.8053  decode.d3.loss_mask: 1.5140  decode.d3.loss_dice: 1.7611  decode.d4.loss_cls: 0.8362  decode.d4.loss_mask: 1.5217  decode.d4.loss_dice: 1.7454  decode.d5.loss_cls: 0.7994  decode.d5.loss_mask: 1.5203  decode.d5.loss_dice: 1.7465  decode.d6.loss_cls: 0.7975  decode.d6.loss_mask: 1.5172  decode.d6.loss_dice: 1.7365  decode.d7.loss_cls: 0.7847  decode.d7.loss_mask: 1.5142  decode.d7.loss_dice: 1.7346  decode.d8.loss_cls: 0.8013  decode.d8.loss_mask: 1.5209  decode.d8.loss_dice: 1.7458
2026/06/15 16:28:57 - mmengine - INFO - Iter(train) [10100/20000]  base_lr: 5.6969e-05 lr: 5.6969e-05  eta: 1:01:04  time: 0.3412  data_time: 0.0130  memory: 3101  grad_norm: 438.3592  loss: 41.1507  decode.loss_cls: 0.8052  decode.loss_mask: 1.4934  decode.loss_dice: 1.6535  decode.d0.loss_cls: 1.2668  decode.d0.loss_mask: 1.5812  decode.d0.loss_dice: 1.9347  decode.d1.loss_cls: 0.9183  decode.d1.loss_mask: 1.5754  decode.d1.loss_dice: 1.8499  decode.d2.loss_cls: 0.8389  decode.d2.loss_mask: 1.5221  decode.d2.loss_dice: 1.7235  decode.d3.loss_cls: 0.8062  decode.d3.loss_mask: 1.5269  decode.d3.loss_dice: 1.6845  decode.d4.loss_cls: 0.7823  decode.d4.loss_mask: 1.5214  decode.d4.loss_dice: 1.7040  decode.d5.loss_cls: 0.8052  decode.d5.loss_mask: 1.5093  decode.d5.loss_dice: 1.6991  decode.d6.loss_cls: 0.8007  decode.d6.loss_mask: 1.5013  decode.d6.loss_dice: 1.6790  decode.d7.loss_cls: 0.8206  decode.d7.loss_mask: 1.4929  decode.d7.loss_dice: 1.6765  decode.d8.loss_cls: 0.8030  decode.d8.loss_mask: 1.5006  decode.d8.loss_dice: 1.6745
2026/06/15 16:29:14 - mmengine - INFO - Iter(train) [10150/20000]  base_lr: 5.6710e-05 lr: 5.6710e-05  eta: 1:00:44  time: 0.3402  data_time: 0.0131  memory: 3090  grad_norm: 411.0051  loss: 43.2471  decode.loss_cls: 0.9686  decode.loss_mask: 1.4277  decode.loss_dice: 1.8045  decode.d0.loss_cls: 1.3379  decode.d0.loss_mask: 1.4722  decode.d0.loss_dice: 2.0510  decode.d1.loss_cls: 1.0436  decode.d1.loss_mask: 1.4536  decode.d1.loss_dice: 1.9215  decode.d2.loss_cls: 1.0190  decode.d2.loss_mask: 1.4598  decode.d2.loss_dice: 1.8778  decode.d3.loss_cls: 0.9961  decode.d3.loss_mask: 1.4441  decode.d3.loss_dice: 1.8305  decode.d4.loss_cls: 0.9402  decode.d4.loss_mask: 1.4309  decode.d4.loss_dice: 1.8519  decode.d5.loss_cls: 0.9628  decode.d5.loss_mask: 1.4445  decode.d5.loss_dice: 1.8493  decode.d6.loss_cls: 0.9584  decode.d6.loss_mask: 1.4364  decode.d6.loss_dice: 1.8398  decode.d7.loss_cls: 0.9447  decode.d7.loss_mask: 1.4412  decode.d7.loss_dice: 1.8300  decode.d8.loss_cls: 0.9226  decode.d8.loss_mask: 1.4442  decode.d8.loss_dice: 1.8422
2026/06/15 16:29:32 - mmengine - INFO - Iter(train) [10200/20000]  base_lr: 5.6451e-05 lr: 5.6451e-05  eta: 1:00:24  time: 0.3443  data_time: 0.0133  memory: 3104  grad_norm: 417.6290  loss: 43.3442  decode.loss_cls: 0.8257  decode.loss_mask: 1.5701  decode.loss_dice: 1.8448  decode.d0.loss_cls: 1.3525  decode.d0.loss_mask: 1.5814  decode.d0.loss_dice: 2.0451  decode.d1.loss_cls: 0.9812  decode.d1.loss_mask: 1.5795  decode.d1.loss_dice: 1.9184  decode.d2.loss_cls: 0.9067  decode.d2.loss_mask: 1.5617  decode.d2.loss_dice: 1.8557  decode.d3.loss_cls: 0.8248  decode.d3.loss_mask: 1.5606  decode.d3.loss_dice: 1.8328  decode.d4.loss_cls: 0.8401  decode.d4.loss_mask: 1.5534  decode.d4.loss_dice: 1.8248  decode.d5.loss_cls: 0.8363  decode.d5.loss_mask: 1.5578  decode.d5.loss_dice: 1.8310  decode.d6.loss_cls: 0.7927  decode.d6.loss_mask: 1.5749  decode.d6.loss_dice: 1.8360  decode.d7.loss_cls: 0.7977  decode.d7.loss_mask: 1.5815  decode.d7.loss_dice: 1.8419  decode.d8.loss_cls: 0.8267  decode.d8.loss_mask: 1.5791  decode.d8.loss_dice: 1.8296
2026/06/15 16:29:49 - mmengine - INFO - Iter(train) [10250/20000]  base_lr: 5.6192e-05 lr: 5.6192e-05  eta: 1:00:05  time: 0.3445  data_time: 0.0140  memory: 3102  grad_norm: 551.1225  loss: 42.6230  decode.loss_cls: 0.8884  decode.loss_mask: 1.4688  decode.loss_dice: 1.8040  decode.d0.loss_cls: 1.3740  decode.d0.loss_mask: 1.5259  decode.d0.loss_dice: 2.0196  decode.d1.loss_cls: 1.0176  decode.d1.loss_mask: 1.5171  decode.d1.loss_dice: 1.9229  decode.d2.loss_cls: 0.9444  decode.d2.loss_mask: 1.4747  decode.d2.loss_dice: 1.8435  decode.d3.loss_cls: 0.8792  decode.d3.loss_mask: 1.4795  decode.d3.loss_dice: 1.8069  decode.d4.loss_cls: 0.8658  decode.d4.loss_mask: 1.4684  decode.d4.loss_dice: 1.8091  decode.d5.loss_cls: 0.8884  decode.d5.loss_mask: 1.4578  decode.d5.loss_dice: 1.8125  decode.d6.loss_cls: 0.8475  decode.d6.loss_mask: 1.4572  decode.d6.loss_dice: 1.8041  decode.d7.loss_cls: 0.8423  decode.d7.loss_mask: 1.4664  decode.d7.loss_dice: 1.8051  decode.d8.loss_cls: 0.8629  decode.d8.loss_mask: 1.4668  decode.d8.loss_dice: 1.8021
2026/06/15 16:30:18 - mmengine - INFO - Iter(train) [10300/20000]  base_lr: 5.5932e-05 lr: 5.5932e-05  eta: 0:59:56  time: 0.5623  data_time: 0.2340  memory: 3095  grad_norm: 415.6615  loss: 43.8040  decode.loss_cls: 1.0570  decode.loss_mask: 1.4272  decode.loss_dice: 1.8047  decode.d0.loss_cls: 1.5578  decode.d0.loss_mask: 1.4628  decode.d0.loss_dice: 2.0180  decode.d1.loss_cls: 1.0807  decode.d1.loss_mask: 1.4831  decode.d1.loss_dice: 1.9350  decode.d2.loss_cls: 1.0349  decode.d2.loss_mask: 1.4641  decode.d2.loss_dice: 1.8724  decode.d3.loss_cls: 0.9788  decode.d3.loss_mask: 1.4431  decode.d3.loss_dice: 1.8267  decode.d4.loss_cls: 0.9826  decode.d4.loss_mask: 1.4452  decode.d4.loss_dice: 1.8376  decode.d5.loss_cls: 0.9739  decode.d5.loss_mask: 1.4533  decode.d5.loss_dice: 1.8358  decode.d6.loss_cls: 1.0160  decode.d6.loss_mask: 1.4322  decode.d6.loss_dice: 1.8253  decode.d7.loss_cls: 1.0377  decode.d7.loss_mask: 1.4301  decode.d7.loss_dice: 1.8093  decode.d8.loss_cls: 1.0458  decode.d8.loss_mask: 1.4280  decode.d8.loss_dice: 1.8051
2026/06/15 16:30:45 - mmengine - INFO - Iter(train) [10350/20000]  base_lr: 5.5673e-05 lr: 5.5673e-05  eta: 0:59:46  time: 0.4298  data_time: 0.0979  memory: 3096  grad_norm: 348.5602  loss: 41.9946  decode.loss_cls: 0.8497  decode.loss_mask: 1.4256  decode.loss_dice: 1.7827  decode.d0.loss_cls: 1.3118  decode.d0.loss_mask: 1.4789  decode.d0.loss_dice: 1.9832  decode.d1.loss_cls: 0.9709  decode.d1.loss_mask: 1.4878  decode.d1.loss_dice: 1.9015  decode.d2.loss_cls: 0.9187  decode.d2.loss_mask: 1.4545  decode.d2.loss_dice: 1.8098  decode.d3.loss_cls: 0.8979  decode.d3.loss_mask: 1.4409  decode.d3.loss_dice: 1.7779  decode.d4.loss_cls: 0.9040  decode.d4.loss_mask: 1.4474  decode.d4.loss_dice: 1.7685  decode.d5.loss_cls: 0.8680  decode.d5.loss_mask: 1.4392  decode.d5.loss_dice: 1.7769  decode.d6.loss_cls: 0.8985  decode.d6.loss_mask: 1.4241  decode.d6.loss_dice: 1.7688  decode.d7.loss_cls: 0.8926  decode.d7.loss_mask: 1.4330  decode.d7.loss_dice: 1.7803  decode.d8.loss_cls: 0.8688  decode.d8.loss_mask: 1.4394  decode.d8.loss_dice: 1.7933
2026/06/15 16:31:04 - mmengine - INFO - Iter(train) [10400/20000]  base_lr: 5.5413e-05 lr: 5.5413e-05  eta: 0:59:27  time: 0.3431  data_time: 0.0164  memory: 3100  grad_norm: 354.2507  loss: 42.2430  decode.loss_cls: 0.9375  decode.loss_mask: 1.4093  decode.loss_dice: 1.7222  decode.d0.loss_cls: 1.4057  decode.d0.loss_mask: 1.4651  decode.d0.loss_dice: 1.9872  decode.d1.loss_cls: 1.0906  decode.d1.loss_mask: 1.4620  decode.d1.loss_dice: 1.8874  decode.d2.loss_cls: 1.0071  decode.d2.loss_mask: 1.4039  decode.d2.loss_dice: 1.7595  decode.d3.loss_cls: 0.9740  decode.d3.loss_mask: 1.4018  decode.d3.loss_dice: 1.7291  decode.d4.loss_cls: 0.9714  decode.d4.loss_mask: 1.4152  decode.d4.loss_dice: 1.7550  decode.d5.loss_cls: 0.9614  decode.d5.loss_mask: 1.4145  decode.d5.loss_dice: 1.7410  decode.d6.loss_cls: 0.9378  decode.d6.loss_mask: 1.4170  decode.d6.loss_dice: 1.7443  decode.d7.loss_cls: 0.9483  decode.d7.loss_mask: 1.4247  decode.d7.loss_dice: 1.7495  decode.d8.loss_cls: 0.9664  decode.d8.loss_mask: 1.4126  decode.d8.loss_dice: 1.7415
2026/06/15 16:31:21 - mmengine - INFO - Iter(train) [10450/20000]  base_lr: 5.5153e-05 lr: 5.5153e-05  eta: 0:59:07  time: 0.3361  data_time: 0.0127  memory: 3111  grad_norm: 399.5652  loss: 42.8100  decode.loss_cls: 0.8570  decode.loss_mask: 1.4926  decode.loss_dice: 1.7629  decode.d0.loss_cls: 1.2544  decode.d0.loss_mask: 1.5409  decode.d0.loss_dice: 2.0213  decode.d1.loss_cls: 1.0080  decode.d1.loss_mask: 1.5234  decode.d1.loss_dice: 1.9341  decode.d2.loss_cls: 0.9022  decode.d2.loss_mask: 1.5048  decode.d2.loss_dice: 1.8489  decode.d3.loss_cls: 0.9163  decode.d3.loss_mask: 1.4996  decode.d3.loss_dice: 1.8014  decode.d4.loss_cls: 0.9030  decode.d4.loss_mask: 1.5104  decode.d4.loss_dice: 1.7934  decode.d5.loss_cls: 0.8910  decode.d5.loss_mask: 1.4906  decode.d5.loss_dice: 1.8048  decode.d6.loss_cls: 0.9010  decode.d6.loss_mask: 1.5038  decode.d6.loss_dice: 1.7728  decode.d7.loss_cls: 0.9252  decode.d7.loss_mask: 1.5033  decode.d7.loss_dice: 1.7740  decode.d8.loss_cls: 0.9019  decode.d8.loss_mask: 1.5003  decode.d8.loss_dice: 1.7666
2026/06/15 16:31:38 - mmengine - INFO - Iter(train) [10500/20000]  base_lr: 5.4893e-05 lr: 5.4893e-05  eta: 0:58:47  time: 0.3480  data_time: 0.0135  memory: 3104  grad_norm: 555.2453  loss: 43.9245  decode.loss_cls: 1.0281  decode.loss_mask: 1.4547  decode.loss_dice: 1.7937  decode.d0.loss_cls: 1.4466  decode.d0.loss_mask: 1.5422  decode.d0.loss_dice: 2.0828  decode.d1.loss_cls: 1.0957  decode.d1.loss_mask: 1.5136  decode.d1.loss_dice: 1.9718  decode.d2.loss_cls: 1.0417  decode.d2.loss_mask: 1.4517  decode.d2.loss_dice: 1.8414  decode.d3.loss_cls: 1.0235  decode.d3.loss_mask: 1.4518  decode.d3.loss_dice: 1.8172  decode.d4.loss_cls: 1.0336  decode.d4.loss_mask: 1.4450  decode.d4.loss_dice: 1.8087  decode.d5.loss_cls: 1.0120  decode.d5.loss_mask: 1.4549  decode.d5.loss_dice: 1.8058  decode.d6.loss_cls: 1.0246  decode.d6.loss_mask: 1.4375  decode.d6.loss_dice: 1.7886  decode.d7.loss_cls: 1.0311  decode.d7.loss_mask: 1.4456  decode.d7.loss_dice: 1.7991  decode.d8.loss_cls: 1.0218  decode.d8.loss_mask: 1.4490  decode.d8.loss_dice: 1.8108
2026/06/15 16:31:55 - mmengine - INFO - Iter(train) [10550/20000]  base_lr: 5.4633e-05 lr: 5.4633e-05  eta: 0:58:28  time: 0.3465  data_time: 0.0136  memory: 3097  grad_norm: 401.8039  loss: 43.0255  decode.loss_cls: 0.9579  decode.loss_mask: 1.4498  decode.loss_dice: 1.7637  decode.d0.loss_cls: 1.4547  decode.d0.loss_mask: 1.5143  decode.d0.loss_dice: 2.0068  decode.d1.loss_cls: 1.1471  decode.d1.loss_mask: 1.4627  decode.d1.loss_dice: 1.8808  decode.d2.loss_cls: 1.0018  decode.d2.loss_mask: 1.4306  decode.d2.loss_dice: 1.8023  decode.d3.loss_cls: 0.9762  decode.d3.loss_mask: 1.4336  decode.d3.loss_dice: 1.7779  decode.d4.loss_cls: 0.9825  decode.d4.loss_mask: 1.4413  decode.d4.loss_dice: 1.7798  decode.d5.loss_cls: 0.9610  decode.d5.loss_mask: 1.4432  decode.d5.loss_dice: 1.8009  decode.d6.loss_cls: 0.9751  decode.d6.loss_mask: 1.4387  decode.d6.loss_dice: 1.8035  decode.d7.loss_cls: 0.9551  decode.d7.loss_mask: 1.4270  decode.d7.loss_dice: 1.7901  decode.d8.loss_cls: 0.9504  decode.d8.loss_mask: 1.4309  decode.d8.loss_dice: 1.7857
2026/06/15 16:32:13 - mmengine - INFO - Iter(train) [10600/20000]  base_lr: 5.4373e-05 lr: 5.4373e-05  eta: 0:58:08  time: 0.3441  data_time: 0.0140  memory: 3097  grad_norm: 431.7368  loss: 43.7775  decode.loss_cls: 0.8465  decode.loss_mask: 1.5646  decode.loss_dice: 1.8323  decode.d0.loss_cls: 1.3991  decode.d0.loss_mask: 1.6522  decode.d0.loss_dice: 2.0873  decode.d1.loss_cls: 0.9916  decode.d1.loss_mask: 1.5851  decode.d1.loss_dice: 1.9468  decode.d2.loss_cls: 0.8906  decode.d2.loss_mask: 1.5748  decode.d2.loss_dice: 1.8822  decode.d3.loss_cls: 0.8518  decode.d3.loss_mask: 1.5659  decode.d3.loss_dice: 1.8687  decode.d4.loss_cls: 0.8560  decode.d4.loss_mask: 1.5735  decode.d4.loss_dice: 1.8378  decode.d5.loss_cls: 0.8538  decode.d5.loss_mask: 1.5645  decode.d5.loss_dice: 1.8147  decode.d6.loss_cls: 0.8595  decode.d6.loss_mask: 1.5582  decode.d6.loss_dice: 1.8230  decode.d7.loss_cls: 0.8193  decode.d7.loss_mask: 1.5798  decode.d7.loss_dice: 1.8455  decode.d8.loss_cls: 0.8621  decode.d8.loss_mask: 1.5703  decode.d8.loss_dice: 1.8201
2026/06/15 16:32:30 - mmengine - INFO - Iter(train) [10650/20000]  base_lr: 5.4112e-05 lr: 5.4112e-05  eta: 0:57:49  time: 0.3516  data_time: 0.0143  memory: 3089  grad_norm: 338.3434  loss: 40.8496  decode.loss_cls: 0.7092  decode.loss_mask: 1.4664  decode.loss_dice: 1.7312  decode.d0.loss_cls: 1.3271  decode.d0.loss_mask: 1.5126  decode.d0.loss_dice: 1.9965  decode.d1.loss_cls: 1.0095  decode.d1.loss_mask: 1.4705  decode.d1.loss_dice: 1.8576  decode.d2.loss_cls: 0.7888  decode.d2.loss_mask: 1.4705  decode.d2.loss_dice: 1.8034  decode.d3.loss_cls: 0.7915  decode.d3.loss_mask: 1.4729  decode.d3.loss_dice: 1.7557  decode.d4.loss_cls: 0.7443  decode.d4.loss_mask: 1.4535  decode.d4.loss_dice: 1.7462  decode.d5.loss_cls: 0.7448  decode.d5.loss_mask: 1.4567  decode.d5.loss_dice: 1.7451  decode.d6.loss_cls: 0.7489  decode.d6.loss_mask: 1.4571  decode.d6.loss_dice: 1.7300  decode.d7.loss_cls: 0.7403  decode.d7.loss_mask: 1.4592  decode.d7.loss_dice: 1.7345  decode.d8.loss_cls: 0.7219  decode.d8.loss_mask: 1.4778  decode.d8.loss_dice: 1.7257
2026/06/15 16:32:47 - mmengine - INFO - Iter(train) [10700/20000]  base_lr: 5.3852e-05 lr: 5.3852e-05  eta: 0:57:29  time: 0.3416  data_time: 0.0131  memory: 3094  grad_norm: 434.2915  loss: 42.3769  decode.loss_cls: 0.8118  decode.loss_mask: 1.5317  decode.loss_dice: 1.7333  decode.d0.loss_cls: 1.3663  decode.d0.loss_mask: 1.6267  decode.d0.loss_dice: 1.9809  decode.d1.loss_cls: 0.9866  decode.d1.loss_mask: 1.6045  decode.d1.loss_dice: 1.8793  decode.d2.loss_cls: 0.8912  decode.d2.loss_mask: 1.5548  decode.d2.loss_dice: 1.7954  decode.d3.loss_cls: 0.8647  decode.d3.loss_mask: 1.5509  decode.d3.loss_dice: 1.7279  decode.d4.loss_cls: 0.8291  decode.d4.loss_mask: 1.5540  decode.d4.loss_dice: 1.7466  decode.d5.loss_cls: 0.8088  decode.d5.loss_mask: 1.5476  decode.d5.loss_dice: 1.7414  decode.d6.loss_cls: 0.8085  decode.d6.loss_mask: 1.5337  decode.d6.loss_dice: 1.7260  decode.d7.loss_cls: 0.8041  decode.d7.loss_mask: 1.5471  decode.d7.loss_dice: 1.7532  decode.d8.loss_cls: 0.8011  decode.d8.loss_mask: 1.5272  decode.d8.loss_dice: 1.7425
2026/06/15 16:33:05 - mmengine - INFO - Iter(train) [10750/20000]  base_lr: 5.3591e-05 lr: 5.3591e-05  eta: 0:57:10  time: 0.3556  data_time: 0.0144  memory: 3104  grad_norm: 491.2086  loss: 38.1182  decode.loss_cls: 0.7928  decode.loss_mask: 1.3789  decode.loss_dice: 1.4954  decode.d0.loss_cls: 1.3687  decode.d0.loss_mask: 1.4824  decode.d0.loss_dice: 1.7224  decode.d1.loss_cls: 0.9101  decode.d1.loss_mask: 1.4511  decode.d1.loss_dice: 1.6248  decode.d2.loss_cls: 0.8165  decode.d2.loss_mask: 1.4040  decode.d2.loss_dice: 1.5357  decode.d3.loss_cls: 0.7808  decode.d3.loss_mask: 1.4081  decode.d3.loss_dice: 1.5217  decode.d4.loss_cls: 0.7919  decode.d4.loss_mask: 1.3997  decode.d4.loss_dice: 1.5019  decode.d5.loss_cls: 0.7884  decode.d5.loss_mask: 1.3958  decode.d5.loss_dice: 1.4974  decode.d6.loss_cls: 0.8119  decode.d6.loss_mask: 1.3918  decode.d6.loss_dice: 1.4816  decode.d7.loss_cls: 0.7995  decode.d7.loss_mask: 1.3828  decode.d7.loss_dice: 1.4817  decode.d8.loss_cls: 0.8066  decode.d8.loss_mask: 1.3845  decode.d8.loss_dice: 1.5092
2026/06/15 16:33:23 - mmengine - INFO - Iter(train) [10800/20000]  base_lr: 5.3330e-05 lr: 5.3330e-05  eta: 0:56:50  time: 0.3518  data_time: 0.0142  memory: 3094  grad_norm: 432.6954  loss: 39.2195  decode.loss_cls: 0.7914  decode.loss_mask: 1.4004  decode.loss_dice: 1.6147  decode.d0.loss_cls: 1.2275  decode.d0.loss_mask: 1.4797  decode.d0.loss_dice: 1.8966  decode.d1.loss_cls: 0.8989  decode.d1.loss_mask: 1.4321  decode.d1.loss_dice: 1.7476  decode.d2.loss_cls: 0.8394  decode.d2.loss_mask: 1.3931  decode.d2.loss_dice: 1.6622  decode.d3.loss_cls: 0.8256  decode.d3.loss_mask: 1.3903  decode.d3.loss_dice: 1.6076  decode.d4.loss_cls: 0.7823  decode.d4.loss_mask: 1.3842  decode.d4.loss_dice: 1.6141  decode.d5.loss_cls: 0.7755  decode.d5.loss_mask: 1.3917  decode.d5.loss_dice: 1.6393  decode.d6.loss_cls: 0.7881  decode.d6.loss_mask: 1.3910  decode.d6.loss_dice: 1.6233  decode.d7.loss_cls: 0.7737  decode.d7.loss_mask: 1.3894  decode.d7.loss_dice: 1.6238  decode.d8.loss_cls: 0.7724  decode.d8.loss_mask: 1.4129  decode.d8.loss_dice: 1.6505
2026/06/15 16:33:40 - mmengine - INFO - Iter(train) [10850/20000]  base_lr: 5.3070e-05 lr: 5.3070e-05  eta: 0:56:31  time: 0.3534  data_time: 0.0140  memory: 3089  grad_norm: 415.8022  loss: 44.9230  decode.loss_cls: 0.9594  decode.loss_mask: 1.5129  decode.loss_dice: 1.8866  decode.d0.loss_cls: 1.3563  decode.d0.loss_mask: 1.5827  decode.d0.loss_dice: 2.1316  decode.d1.loss_cls: 1.0471  decode.d1.loss_mask: 1.5613  decode.d1.loss_dice: 2.0515  decode.d2.loss_cls: 1.0243  decode.d2.loss_mask: 1.5280  decode.d2.loss_dice: 1.9614  decode.d3.loss_cls: 1.0050  decode.d3.loss_mask: 1.5017  decode.d3.loss_dice: 1.8981  decode.d4.loss_cls: 0.9319  decode.d4.loss_mask: 1.5235  decode.d4.loss_dice: 1.9232  decode.d5.loss_cls: 0.9736  decode.d5.loss_mask: 1.5148  decode.d5.loss_dice: 1.9034  decode.d6.loss_cls: 0.9731  decode.d6.loss_mask: 1.5152  decode.d6.loss_dice: 1.8859  decode.d7.loss_cls: 0.9901  decode.d7.loss_mask: 1.5195  decode.d7.loss_dice: 1.8861  decode.d8.loss_cls: 0.9807  decode.d8.loss_mask: 1.5126  decode.d8.loss_dice: 1.8815
2026/06/15 16:33:58 - mmengine - INFO - Iter(train) [10900/20000]  base_lr: 5.2808e-05 lr: 5.2808e-05  eta: 0:56:12  time: 0.3547  data_time: 0.0137  memory: 3097  grad_norm: 396.6138  loss: 45.2639  decode.loss_cls: 1.0515  decode.loss_mask: 1.4226  decode.loss_dice: 1.9294  decode.d0.loss_cls: 1.5678  decode.d0.loss_mask: 1.4792  decode.d0.loss_dice: 2.1676  decode.d1.loss_cls: 1.1095  decode.d1.loss_mask: 1.4585  decode.d1.loss_dice: 2.0709  decode.d2.loss_cls: 1.1224  decode.d2.loss_mask: 1.4190  decode.d2.loss_dice: 1.9493  decode.d3.loss_cls: 1.0976  decode.d3.loss_mask: 1.4377  decode.d3.loss_dice: 1.9277  decode.d4.loss_cls: 1.0798  decode.d4.loss_mask: 1.4400  decode.d4.loss_dice: 1.9237  decode.d5.loss_cls: 1.0895  decode.d5.loss_mask: 1.4286  decode.d5.loss_dice: 1.9173  decode.d6.loss_cls: 1.0323  decode.d6.loss_mask: 1.4287  decode.d6.loss_dice: 1.9095  decode.d7.loss_cls: 1.0610  decode.d7.loss_mask: 1.4289  decode.d7.loss_dice: 1.9005  decode.d8.loss_cls: 1.0751  decode.d8.loss_mask: 1.4303  decode.d8.loss_dice: 1.9080
2026/06/15 16:34:16 - mmengine - INFO - Iter(train) [10950/20000]  base_lr: 5.2547e-05 lr: 5.2547e-05  eta: 0:55:52  time: 0.3428  data_time: 0.0140  memory: 3094  grad_norm: 501.7483  loss: 42.7513  decode.loss_cls: 1.0169  decode.loss_mask: 1.4480  decode.loss_dice: 1.6953  decode.d0.loss_cls: 1.3432  decode.d0.loss_mask: 1.5375  decode.d0.loss_dice: 2.0187  decode.d1.loss_cls: 1.1104  decode.d1.loss_mask: 1.4954  decode.d1.loss_dice: 1.8423  decode.d2.loss_cls: 1.0531  decode.d2.loss_mask: 1.4507  decode.d2.loss_dice: 1.7499  decode.d3.loss_cls: 0.9734  decode.d3.loss_mask: 1.4601  decode.d3.loss_dice: 1.7147  decode.d4.loss_cls: 1.0180  decode.d4.loss_mask: 1.4423  decode.d4.loss_dice: 1.6859  decode.d5.loss_cls: 1.0422  decode.d5.loss_mask: 1.4442  decode.d5.loss_dice: 1.6861  decode.d6.loss_cls: 1.0255  decode.d6.loss_mask: 1.4469  decode.d6.loss_dice: 1.6744  decode.d7.loss_cls: 1.0486  decode.d7.loss_mask: 1.4490  decode.d7.loss_dice: 1.6895  decode.d8.loss_cls: 1.0419  decode.d8.loss_mask: 1.4554  decode.d8.loss_dice: 1.6918
2026/06/15 16:34:33 - mmengine - INFO - Exp name: dinov3l_m2f_pastis_v2_20260615_152144
2026/06/15 16:34:33 - mmengine - INFO - Iter(train) [11000/20000]  base_lr: 5.2286e-05 lr: 5.2286e-05  eta: 0:55:33  time: 0.3434  data_time: 0.0135  memory: 3110  grad_norm: 386.7489  loss: 39.7050  decode.loss_cls: 0.8117  decode.loss_mask: 1.3296  decode.loss_dice: 1.6347  decode.d0.loss_cls: 1.3537  decode.d0.loss_mask: 1.3969  decode.d0.loss_dice: 1.9214  decode.d1.loss_cls: 0.9873  decode.d1.loss_mask: 1.4020  decode.d1.loss_dice: 1.8049  decode.d2.loss_cls: 0.9029  decode.d2.loss_mask: 1.3677  decode.d2.loss_dice: 1.7076  decode.d3.loss_cls: 0.8972  decode.d3.loss_mask: 1.3439  decode.d3.loss_dice: 1.6598  decode.d4.loss_cls: 0.8533  decode.d4.loss_mask: 1.3383  decode.d4.loss_dice: 1.6577  decode.d5.loss_cls: 0.8365  decode.d5.loss_mask: 1.3347  decode.d5.loss_dice: 1.6642  decode.d6.loss_cls: 0.8640  decode.d6.loss_mask: 1.3329  decode.d6.loss_dice: 1.6412  decode.d7.loss_cls: 0.8717  decode.d7.loss_mask: 1.3382  decode.d7.loss_dice: 1.6379  decode.d8.loss_cls: 0.8344  decode.d8.loss_mask: 1.3385  decode.d8.loss_dice: 1.6402
2026/06/15 16:34:33 - mmengine - INFO - Saving checkpoint at 11000 iterations
2026/06/15 16:34:49 - mmengine - INFO - Iter(val) [ 50/121]    eta: 0:00:06  time: 0.0935  data_time: 0.0061  memory: 2643  
2026/06/15 16:34:54 - mmengine - INFO - Iter(val) [100/121]    eta: 0:00:01  time: 0.0926  data_time: 0.0061  memory: 2643  
2026/06/15 16:34:56 - mmengine - INFO - per class results:
2026/06/15 16:34:56 - mmengine - INFO - 
+---------+-------+-------+
|  Class  |  IoU  |  Acc  |
+---------+-------+-------+
|  crop_1 | 70.93 | 79.83 |
|  crop_2 | 61.59 | 79.42 |
|  crop_3 | 58.01 | 70.44 |
|  crop_4 | 72.59 |  89.6 |
|  crop_5 | 32.46 | 59.23 |
|  crop_6 | 75.72 | 87.66 |
|  crop_7 | 15.93 | 32.33 |
|  crop_8 | 30.89 | 56.19 |
|  crop_9 | 35.85 | 49.84 |
| crop_10 | 68.24 | 78.53 |
| crop_11 | 14.07 | 24.27 |
| crop_12 |  30.9 | 51.38 |
| crop_13 | 15.27 | 25.07 |
| crop_14 | 28.83 | 43.77 |
| crop_15 | 32.01 |  44.3 |
| crop_16 |  38.6 | 56.99 |
| crop_17 | 34.53 | 52.82 |
| crop_18 | 11.76 | 24.24 |
| crop_19 |  4.62 |  5.44 |
+---------+-------+-------+
2026/06/15 16:34:56 - mmengine - INFO - Iter(val) [121/121]    aAcc: 75.0500  mIoU: 38.5700  mAcc: 53.2300  data_time: 0.0068  time: 0.0932
2026/06/15 16:34:56 - mmengine - INFO - The previous best checkpoint /mnt/ht2-nas2/00-model/00-fb/mmseg_dino/work_dirs/dinov3l_m2f_pastis_v2/best_mIoU_iter_10000.pth is removed
2026/06/15 16:35:08 - mmengine - INFO - The best checkpoint with 38.5700 mIoU at 11000 iter is saved to best_mIoU_iter_11000.pth.
2026/06/15 16:35:54 - mmengine - INFO - Iter(train) [11050/20000]  base_lr: 5.2024e-05 lr: 5.2024e-05  eta: 0:55:46  time: 0.3601  data_time: 0.0147  memory: 3096  grad_norm: 354.8795  loss: 42.0976  decode.loss_cls: 0.8487  decode.loss_mask: 1.4621  decode.loss_dice: 1.7619  decode.d0.loss_cls: 1.4454  decode.d0.loss_mask: 1.5528  decode.d0.loss_dice: 1.9726  decode.d1.loss_cls: 0.9765  decode.d1.loss_mask: 1.5296  decode.d1.loss_dice: 1.8936  decode.d2.loss_cls: 0.8825  decode.d2.loss_mask: 1.5080  decode.d2.loss_dice: 1.8146  decode.d3.loss_cls: 0.8518  decode.d3.loss_mask: 1.4738  decode.d3.loss_dice: 1.7858  decode.d4.loss_cls: 0.8250  decode.d4.loss_mask: 1.4759  decode.d4.loss_dice: 1.7840  decode.d5.loss_cls: 0.8164  decode.d5.loss_mask: 1.4706  decode.d5.loss_dice: 1.7791  decode.d6.loss_cls: 0.8391  decode.d6.loss_mask: 1.4616  decode.d6.loss_dice: 1.7512  decode.d7.loss_cls: 0.8622  decode.d7.loss_mask: 1.4537  decode.d7.loss_dice: 1.7510  decode.d8.loss_cls: 0.8343  decode.d8.loss_mask: 1.4651  decode.d8.loss_dice: 1.7687
2026/06/15 16:36:11 - mmengine - INFO - Iter(train) [11100/20000]  base_lr: 5.1763e-05 lr: 5.1763e-05  eta: 0:55:26  time: 0.3510  data_time: 0.0143  memory: 3116  grad_norm: 381.0907  loss: 44.2931  decode.loss_cls: 1.0090  decode.loss_mask: 1.4134  decode.loss_dice: 1.8102  decode.d0.loss_cls: 1.5416  decode.d0.loss_mask: 1.4788  decode.d0.loss_dice: 2.1488  decode.d1.loss_cls: 1.2120  decode.d1.loss_mask: 1.4751  decode.d1.loss_dice: 1.9987  decode.d2.loss_cls: 1.1276  decode.d2.loss_mask: 1.4398  decode.d2.loss_dice: 1.8638  decode.d3.loss_cls: 1.0875  decode.d3.loss_mask: 1.4126  decode.d3.loss_dice: 1.8265  decode.d4.loss_cls: 1.0424  decode.d4.loss_mask: 1.4436  decode.d4.loss_dice: 1.8441  decode.d5.loss_cls: 1.0243  decode.d5.loss_mask: 1.4356  decode.d5.loss_dice: 1.8356  decode.d6.loss_cls: 1.0293  decode.d6.loss_mask: 1.4258  decode.d6.loss_dice: 1.8263  decode.d7.loss_cls: 1.0586  decode.d7.loss_mask: 1.4165  decode.d7.loss_dice: 1.8145  decode.d8.loss_cls: 1.0532  decode.d8.loss_mask: 1.4017  decode.d8.loss_dice: 1.7963
2026/06/15 16:36:29 - mmengine - INFO - Iter(train) [11150/20000]  base_lr: 5.1501e-05 lr: 5.1501e-05  eta: 0:55:07  time: 0.3527  data_time: 0.0142  memory: 3116  grad_norm: 414.7152  loss: 41.9105  decode.loss_cls: 0.7842  decode.loss_mask: 1.6211  decode.loss_dice: 1.7118  decode.d0.loss_cls: 1.2083  decode.d0.loss_mask: 1.6645  decode.d0.loss_dice: 1.8962  decode.d1.loss_cls: 0.8762  decode.d1.loss_mask: 1.6419  decode.d1.loss_dice: 1.7981  decode.d2.loss_cls: 0.8270  decode.d2.loss_mask: 1.5952  decode.d2.loss_dice: 1.7309  decode.d3.loss_cls: 0.8191  decode.d3.loss_mask: 1.5906  decode.d3.loss_dice: 1.7130  decode.d4.loss_cls: 0.7857  decode.d4.loss_mask: 1.5982  decode.d4.loss_dice: 1.7050  decode.d5.loss_cls: 0.7661  decode.d5.loss_mask: 1.6083  decode.d5.loss_dice: 1.7397  decode.d6.loss_cls: 0.7659  decode.d6.loss_mask: 1.5987  decode.d6.loss_dice: 1.6981  decode.d7.loss_cls: 0.7748  decode.d7.loss_mask: 1.5987  decode.d7.loss_dice: 1.7007  decode.d8.loss_cls: 0.7931  decode.d8.loss_mask: 1.6034  decode.d8.loss_dice: 1.6961
2026/06/15 16:36:47 - mmengine - INFO - Iter(train) [11200/20000]  base_lr: 5.1239e-05 lr: 5.1239e-05  eta: 0:54:48  time: 0.3894  data_time: 0.0163  memory: 3099  grad_norm: 395.8423  loss: 41.0582  decode.loss_cls: 0.8813  decode.loss_mask: 1.3976  decode.loss_dice: 1.7068  decode.d0.loss_cls: 1.3010  decode.d0.loss_mask: 1.4585  decode.d0.loss_dice: 1.9435  decode.d1.loss_cls: 1.1073  decode.d1.loss_mask: 1.4396  decode.d1.loss_dice: 1.8249  decode.d2.loss_cls: 0.9382  decode.d2.loss_mask: 1.4023  decode.d2.loss_dice: 1.7689  decode.d3.loss_cls: 0.8922  decode.d3.loss_mask: 1.3921  decode.d3.loss_dice: 1.7085  decode.d4.loss_cls: 0.8754  decode.d4.loss_mask: 1.4017  decode.d4.loss_dice: 1.7028  decode.d5.loss_cls: 0.8816  decode.d5.loss_mask: 1.3955  decode.d5.loss_dice: 1.7138  decode.d6.loss_cls: 0.8613  decode.d6.loss_mask: 1.3958  decode.d6.loss_dice: 1.7026  decode.d7.loss_cls: 0.8717  decode.d7.loss_mask: 1.4009  decode.d7.loss_dice: 1.7225  decode.d8.loss_cls: 0.8617  decode.d8.loss_mask: 1.4005  decode.d8.loss_dice: 1.7076
2026/06/15 16:37:05 - mmengine - INFO - Iter(train) [11250/20000]  base_lr: 5.0977e-05 lr: 5.0977e-05  eta: 0:54:29  time: 0.3592  data_time: 0.0143  memory: 3097  grad_norm: 421.3682  loss: 41.6255  decode.loss_cls: 0.8219  decode.loss_mask: 1.4723  decode.loss_dice: 1.7218  decode.d0.loss_cls: 1.3106  decode.d0.loss_mask: 1.5726  decode.d0.loss_dice: 1.9843  decode.d1.loss_cls: 1.0029  decode.d1.loss_mask: 1.5434  decode.d1.loss_dice: 1.8826  decode.d2.loss_cls: 0.8281  decode.d2.loss_mask: 1.5225  decode.d2.loss_dice: 1.7825  decode.d3.loss_cls: 0.8456  decode.d3.loss_mask: 1.4853  decode.d3.loss_dice: 1.7341  decode.d4.loss_cls: 0.8087  decode.d4.loss_mask: 1.4835  decode.d4.loss_dice: 1.7497  decode.d5.loss_cls: 0.8034  decode.d5.loss_mask: 1.4826  decode.d5.loss_dice: 1.7560  decode.d6.loss_cls: 0.7749  decode.d6.loss_mask: 1.4820  decode.d6.loss_dice: 1.7452  decode.d7.loss_cls: 0.8270  decode.d7.loss_mask: 1.4785  decode.d7.loss_dice: 1.7307  decode.d8.loss_cls: 0.7972  decode.d8.loss_mask: 1.4724  decode.d8.loss_dice: 1.7232
2026/06/15 16:37:23 - mmengine - INFO - Iter(train) [11300/20000]  base_lr: 5.0715e-05 lr: 5.0715e-05  eta: 0:54:09  time: 0.3457  data_time: 0.0136  memory: 3103  grad_norm: 467.1269  loss: 40.6120  decode.loss_cls: 0.8218  decode.loss_mask: 1.3703  decode.loss_dice: 1.7520  decode.d0.loss_cls: 1.2785  decode.d0.loss_mask: 1.4090  decode.d0.loss_dice: 1.9798  decode.d1.loss_cls: 0.9020  decode.d1.loss_mask: 1.4048  decode.d1.loss_dice: 1.9037  decode.d2.loss_cls: 0.8122  decode.d2.loss_mask: 1.3858  decode.d2.loss_dice: 1.7977  decode.d3.loss_cls: 0.8063  decode.d3.loss_mask: 1.3957  decode.d3.loss_dice: 1.7908  decode.d4.loss_cls: 0.7813  decode.d4.loss_mask: 1.3880  decode.d4.loss_dice: 1.7813  decode.d5.loss_cls: 0.8120  decode.d5.loss_mask: 1.3881  decode.d5.loss_dice: 1.7783  decode.d6.loss_cls: 0.8333  decode.d6.loss_mask: 1.3715  decode.d6.loss_dice: 1.7653  decode.d7.loss_cls: 0.8293  decode.d7.loss_mask: 1.3798  decode.d7.loss_dice: 1.7637  decode.d8.loss_cls: 0.8097  decode.d8.loss_mask: 1.3782  decode.d8.loss_dice: 1.7419
2026/06/15 16:37:40 - mmengine - INFO - Iter(train) [11350/20000]  base_lr: 5.0452e-05 lr: 5.0452e-05  eta: 0:53:49  time: 0.3533  data_time: 0.0134  memory: 3091  grad_norm: 391.2849  loss: 40.6425  decode.loss_cls: 0.7310  decode.loss_mask: 1.4966  decode.loss_dice: 1.6981  decode.d0.loss_cls: 1.3028  decode.d0.loss_mask: 1.5194  decode.d0.loss_dice: 1.9243  decode.d1.loss_cls: 1.0096  decode.d1.loss_mask: 1.5058  decode.d1.loss_dice: 1.8045  decode.d2.loss_cls: 0.8102  decode.d2.loss_mask: 1.4829  decode.d2.loss_dice: 1.7326  decode.d3.loss_cls: 0.7764  decode.d3.loss_mask: 1.4897  decode.d3.loss_dice: 1.7095  decode.d4.loss_cls: 0.7465  decode.d4.loss_mask: 1.5026  decode.d4.loss_dice: 1.7222  decode.d5.loss_cls: 0.7310  decode.d5.loss_mask: 1.4869  decode.d5.loss_dice: 1.7061  decode.d6.loss_cls: 0.7179  decode.d6.loss_mask: 1.4851  decode.d6.loss_dice: 1.7053  decode.d7.loss_cls: 0.7248  decode.d7.loss_mask: 1.4909  decode.d7.loss_dice: 1.6974  decode.d8.loss_cls: 0.7178  decode.d8.loss_mask: 1.5070  decode.d8.loss_dice: 1.7074
2026/06/15 16:37:58 - mmengine - INFO - Iter(train) [11400/20000]  base_lr: 5.0190e-05 lr: 5.0190e-05  eta: 0:53:30  time: 0.3606  data_time: 0.0138  memory: 3099  grad_norm: 398.0082  loss: 38.6128  decode.loss_cls: 0.7431  decode.loss_mask: 1.3702  decode.loss_dice: 1.5867  decode.d0.loss_cls: 1.2658  decode.d0.loss_mask: 1.4194  decode.d0.loss_dice: 1.8409  decode.d1.loss_cls: 0.9276  decode.d1.loss_mask: 1.4033  decode.d1.loss_dice: 1.7226  decode.d2.loss_cls: 0.8585  decode.d2.loss_mask: 1.3783  decode.d2.loss_dice: 1.6266  decode.d3.loss_cls: 0.8065  decode.d3.loss_mask: 1.3663  decode.d3.loss_dice: 1.6058  decode.d4.loss_cls: 0.7984  decode.d4.loss_mask: 1.3626  decode.d4.loss_dice: 1.5907  decode.d5.loss_cls: 0.8205  decode.d5.loss_mask: 1.3699  decode.d5.loss_dice: 1.6090  decode.d6.loss_cls: 0.7802  decode.d6.loss_mask: 1.3664  decode.d6.loss_dice: 1.5691  decode.d7.loss_cls: 0.7788  decode.d7.loss_mask: 1.3480  decode.d7.loss_dice: 1.5712  decode.d8.loss_cls: 0.7788  decode.d8.loss_mask: 1.3523  decode.d8.loss_dice: 1.5954
2026/06/15 16:38:16 - mmengine - INFO - Iter(train) [11450/20000]  base_lr: 4.9927e-05 lr: 4.9927e-05  eta: 0:53:11  time: 0.3603  data_time: 0.0141  memory: 3094  grad_norm: 536.9120  loss: 43.1905  decode.loss_cls: 0.8290  decode.loss_mask: 1.5343  decode.loss_dice: 1.7779  decode.d0.loss_cls: 1.3293  decode.d0.loss_mask: 1.6519  decode.d0.loss_dice: 2.0563  decode.d1.loss_cls: 1.0078  decode.d1.loss_mask: 1.5729  decode.d1.loss_dice: 1.9324  decode.d2.loss_cls: 0.8930  decode.d2.loss_mask: 1.5591  decode.d2.loss_dice: 1.8714  decode.d3.loss_cls: 0.8563  decode.d3.loss_mask: 1.5447  decode.d3.loss_dice: 1.8247  decode.d4.loss_cls: 0.8410  decode.d4.loss_mask: 1.5458  decode.d4.loss_dice: 1.8229  decode.d5.loss_cls: 0.8364  decode.d5.loss_mask: 1.5490  decode.d5.loss_dice: 1.8061  decode.d6.loss_cls: 0.8772  decode.d6.loss_mask: 1.5371  decode.d6.loss_dice: 1.7720  decode.d7.loss_cls: 0.8954  decode.d7.loss_mask: 1.5386  decode.d7.loss_dice: 1.7715  decode.d8.loss_cls: 0.8266  decode.d8.loss_mask: 1.5360  decode.d8.loss_dice: 1.7937
2026/06/15 16:38:33 - mmengine - INFO - Iter(train) [11500/20000]  base_lr: 4.9664e-05 lr: 4.9664e-05  eta: 0:52:51  time: 0.3476  data_time: 0.0137  memory: 3093  grad_norm: 385.5595  loss: 39.1434  decode.loss_cls: 0.7895  decode.loss_mask: 1.2966  decode.loss_dice: 1.6473  decode.d0.loss_cls: 1.4595  decode.d0.loss_mask: 1.3505  decode.d0.loss_dice: 1.9014  decode.d1.loss_cls: 1.0733  decode.d1.loss_mask: 1.3327  decode.d1.loss_dice: 1.8234  decode.d2.loss_cls: 0.8738  decode.d2.loss_mask: 1.3075  decode.d2.loss_dice: 1.7362  decode.d3.loss_cls: 0.8347  decode.d3.loss_mask: 1.3012  decode.d3.loss_dice: 1.6665  decode.d4.loss_cls: 0.8336  decode.d4.loss_mask: 1.2964  decode.d4.loss_dice: 1.6759  decode.d5.loss_cls: 0.8020  decode.d5.loss_mask: 1.2992  decode.d5.loss_dice: 1.6501  decode.d6.loss_cls: 0.7797  decode.d6.loss_mask: 1.3024  decode.d6.loss_dice: 1.6419  decode.d7.loss_cls: 0.7793  decode.d7.loss_mask: 1.3001  decode.d7.loss_dice: 1.6598  decode.d8.loss_cls: 0.7732  decode.d8.loss_mask: 1.3086  decode.d8.loss_dice: 1.6470
2026/06/15 16:38:51 - mmengine - INFO - Iter(train) [11550/20000]  base_lr: 4.9401e-05 lr: 4.9401e-05  eta: 0:52:32  time: 0.3515  data_time: 0.0135  memory: 3094  grad_norm: 388.7210  loss: 42.8565  decode.loss_cls: 0.8909  decode.loss_mask: 1.4628  decode.loss_dice: 1.7476  decode.d0.loss_cls: 1.4845  decode.d0.loss_mask: 1.4962  decode.d0.loss_dice: 2.0007  decode.d1.loss_cls: 1.0754  decode.d1.loss_mask: 1.4999  decode.d1.loss_dice: 1.9190  decode.d2.loss_cls: 0.9432  decode.d2.loss_mask: 1.4991  decode.d2.loss_dice: 1.8284  decode.d3.loss_cls: 0.9554  decode.d3.loss_mask: 1.4812  decode.d3.loss_dice: 1.7904  decode.d4.loss_cls: 1.0117  decode.d4.loss_mask: 1.4527  decode.d4.loss_dice: 1.7730  decode.d5.loss_cls: 0.9024  decode.d5.loss_mask: 1.4825  decode.d5.loss_dice: 1.7796  decode.d6.loss_cls: 0.9198  decode.d6.loss_mask: 1.4677  decode.d6.loss_dice: 1.7693  decode.d7.loss_cls: 0.8967  decode.d7.loss_mask: 1.4582  decode.d7.loss_dice: 1.7597  decode.d8.loss_cls: 0.8930  decode.d8.loss_mask: 1.4641  decode.d8.loss_dice: 1.7516
2026/06/15 16:39:08 - mmengine - INFO - Iter(train) [11600/20000]  base_lr: 4.9138e-05 lr: 4.9138e-05  eta: 0:52:12  time: 0.3395  data_time: 0.0129  memory: 3095  grad_norm: 435.9825  loss: 42.0849  decode.loss_cls: 0.7729  decode.loss_mask: 1.5241  decode.loss_dice: 1.7672  decode.d0.loss_cls: 1.2843  decode.d0.loss_mask: 1.5790  decode.d0.loss_dice: 1.9805  decode.d1.loss_cls: 0.8791  decode.d1.loss_mask: 1.5787  decode.d1.loss_dice: 1.9127  decode.d2.loss_cls: 0.8030  decode.d2.loss_mask: 1.5320  decode.d2.loss_dice: 1.8361  decode.d3.loss_cls: 0.8139  decode.d3.loss_mask: 1.5491  decode.d3.loss_dice: 1.7967  decode.d4.loss_cls: 0.7958  decode.d4.loss_mask: 1.5440  decode.d4.loss_dice: 1.8069  decode.d5.loss_cls: 0.7845  decode.d5.loss_mask: 1.5222  decode.d5.loss_dice: 1.8056  decode.d6.loss_cls: 0.7628  decode.d6.loss_mask: 1.5444  decode.d6.loss_dice: 1.7801  decode.d7.loss_cls: 0.7748  decode.d7.loss_mask: 1.5092  decode.d7.loss_dice: 1.7757  decode.d8.loss_cls: 0.7760  decode.d8.loss_mask: 1.5178  decode.d8.loss_dice: 1.7759
2026/06/15 16:39:25 - mmengine - INFO - Iter(train) [11650/20000]  base_lr: 4.8875e-05 lr: 4.8875e-05  eta: 0:51:52  time: 0.3338  data_time: 0.0132  memory: 3131  grad_norm: 350.5417  loss: 41.4273  decode.loss_cls: 0.8400  decode.loss_mask: 1.4809  decode.loss_dice: 1.6817  decode.d0.loss_cls: 1.3873  decode.d0.loss_mask: 1.5104  decode.d0.loss_dice: 1.9105  decode.d1.loss_cls: 0.9998  decode.d1.loss_mask: 1.5053  decode.d1.loss_dice: 1.8133  decode.d2.loss_cls: 0.9161  decode.d2.loss_mask: 1.4825  decode.d2.loss_dice: 1.7185  decode.d3.loss_cls: 0.9420  decode.d3.loss_mask: 1.4530  decode.d3.loss_dice: 1.6817  decode.d4.loss_cls: 0.9066  decode.d4.loss_mask: 1.4581  decode.d4.loss_dice: 1.6749  decode.d5.loss_cls: 0.8885  decode.d5.loss_mask: 1.4627  decode.d5.loss_dice: 1.6861  decode.d6.loss_cls: 0.8850  decode.d6.loss_mask: 1.4629  decode.d6.loss_dice: 1.6689  decode.d7.loss_cls: 0.8523  decode.d7.loss_mask: 1.4737  decode.d7.loss_dice: 1.6721  decode.d8.loss_cls: 0.8667  decode.d8.loss_mask: 1.4672  decode.d8.loss_dice: 1.6787
2026/06/15 16:39:41 - mmengine - INFO - Iter(train) [11700/20000]  base_lr: 4.8611e-05 lr: 4.8611e-05  eta: 0:51:32  time: 0.3352  data_time: 0.0127  memory: 3104  grad_norm: 339.7242  loss: 40.8766  decode.loss_cls: 0.8970  decode.loss_mask: 1.3716  decode.loss_dice: 1.6961  decode.d0.loss_cls: 1.3794  decode.d0.loss_mask: 1.4254  decode.d0.loss_dice: 1.9883  decode.d1.loss_cls: 1.0700  decode.d1.loss_mask: 1.3985  decode.d1.loss_dice: 1.8655  decode.d2.loss_cls: 0.9840  decode.d2.loss_mask: 1.3556  decode.d2.loss_dice: 1.7399  decode.d3.loss_cls: 0.9141  decode.d3.loss_mask: 1.3547  decode.d3.loss_dice: 1.6944  decode.d4.loss_cls: 0.8966  decode.d4.loss_mask: 1.3654  decode.d4.loss_dice: 1.7017  decode.d5.loss_cls: 0.8656  decode.d5.loss_mask: 1.3730  decode.d5.loss_dice: 1.7183  decode.d6.loss_cls: 0.8773  decode.d6.loss_mask: 1.3727  decode.d6.loss_dice: 1.6973  decode.d7.loss_cls: 0.8592  decode.d7.loss_mask: 1.3696  decode.d7.loss_dice: 1.6970  decode.d8.loss_cls: 0.8649  decode.d8.loss_mask: 1.3701  decode.d8.loss_dice: 1.7135
2026/06/15 16:39:58 - mmengine - INFO - Iter(train) [11750/20000]  base_lr: 4.8348e-05 lr: 4.8348e-05  eta: 0:51:12  time: 0.3342  data_time: 0.0129  memory: 3090  grad_norm: 380.0838  loss: 41.4966  decode.loss_cls: 0.8723  decode.loss_mask: 1.4214  decode.loss_dice: 1.6871  decode.d0.loss_cls: 1.4278  decode.d0.loss_mask: 1.4983  decode.d0.loss_dice: 1.9226  decode.d1.loss_cls: 1.0877  decode.d1.loss_mask: 1.4822  decode.d1.loss_dice: 1.8066  decode.d2.loss_cls: 1.0015  decode.d2.loss_mask: 1.4568  decode.d2.loss_dice: 1.7079  decode.d3.loss_cls: 0.9186  decode.d3.loss_mask: 1.4441  decode.d3.loss_dice: 1.7005  decode.d4.loss_cls: 0.9152  decode.d4.loss_mask: 1.4481  decode.d4.loss_dice: 1.6875  decode.d5.loss_cls: 0.9029  decode.d5.loss_mask: 1.4366  decode.d5.loss_dice: 1.6959  decode.d6.loss_cls: 0.8858  decode.d6.loss_mask: 1.4346  decode.d6.loss_dice: 1.6825  decode.d7.loss_cls: 0.8842  decode.d7.loss_mask: 1.4286  decode.d7.loss_dice: 1.6965  decode.d8.loss_cls: 0.8389  decode.d8.loss_mask: 1.4252  decode.d8.loss_dice: 1.6988
2026/06/15 16:40:15 - mmengine - INFO - Iter(train) [11800/20000]  base_lr: 4.8084e-05 lr: 4.8084e-05  eta: 0:50:52  time: 0.3390  data_time: 0.0141  memory: 3084  grad_norm: 378.8079  loss: 40.5224  decode.loss_cls: 0.8735  decode.loss_mask: 1.4028  decode.loss_dice: 1.6499  decode.d0.loss_cls: 1.4595  decode.d0.loss_mask: 1.4097  decode.d0.loss_dice: 1.8526  decode.d1.loss_cls: 1.1102  decode.d1.loss_mask: 1.3935  decode.d1.loss_dice: 1.7297  decode.d2.loss_cls: 0.9202  decode.d2.loss_mask: 1.3849  decode.d2.loss_dice: 1.6741  decode.d3.loss_cls: 0.9240  decode.d3.loss_mask: 1.3955  decode.d3.loss_dice: 1.6781  decode.d4.loss_cls: 0.9173  decode.d4.loss_mask: 1.3951  decode.d4.loss_dice: 1.6688  decode.d5.loss_cls: 0.8857  decode.d5.loss_mask: 1.3967  decode.d5.loss_dice: 1.6466  decode.d6.loss_cls: 0.8528  decode.d6.loss_mask: 1.4027  decode.d6.loss_dice: 1.6645  decode.d7.loss_cls: 0.8573  decode.d7.loss_mask: 1.4062  decode.d7.loss_dice: 1.6528  decode.d8.loss_cls: 0.8508  decode.d8.loss_mask: 1.4120  decode.d8.loss_dice: 1.6548
2026/06/15 16:40:32 - mmengine - INFO - Iter(train) [11850/20000]  base_lr: 4.7820e-05 lr: 4.7820e-05  eta: 0:50:32  time: 0.3367  data_time: 0.0136  memory: 3121  grad_norm: 422.8441  loss: 43.7523  decode.loss_cls: 1.0164  decode.loss_mask: 1.4886  decode.loss_dice: 1.7418  decode.d0.loss_cls: 1.5366  decode.d0.loss_mask: 1.5507  decode.d0.loss_dice: 1.9707  decode.d1.loss_cls: 1.1000  decode.d1.loss_mask: 1.5725  decode.d1.loss_dice: 1.9159  decode.d2.loss_cls: 1.0182  decode.d2.loss_mask: 1.5234  decode.d2.loss_dice: 1.7989  decode.d3.loss_cls: 1.0157  decode.d3.loss_mask: 1.5078  decode.d3.loss_dice: 1.7791  decode.d4.loss_cls: 0.9713  decode.d4.loss_mask: 1.5004  decode.d4.loss_dice: 1.7723  decode.d5.loss_cls: 0.9948  decode.d5.loss_mask: 1.5013  decode.d5.loss_dice: 1.7510  decode.d6.loss_cls: 1.0317  decode.d6.loss_mask: 1.4801  decode.d6.loss_dice: 1.7442  decode.d7.loss_cls: 0.9762  decode.d7.loss_mask: 1.4995  decode.d7.loss_dice: 1.7681  decode.d8.loss_cls: 0.9928  decode.d8.loss_mask: 1.4790  decode.d8.loss_dice: 1.7532
2026/06/15 16:40:49 - mmengine - INFO - Iter(train) [11900/20000]  base_lr: 4.7556e-05 lr: 4.7556e-05  eta: 0:50:13  time: 0.3486  data_time: 0.0139  memory: 3111  grad_norm: 353.7470  loss: 41.6585  decode.loss_cls: 0.7267  decode.loss_mask: 1.5003  decode.loss_dice: 1.8153  decode.d0.loss_cls: 1.2755  decode.d0.loss_mask: 1.5181  decode.d0.loss_dice: 1.9947  decode.d1.loss_cls: 0.8827  decode.d1.loss_mask: 1.5103  decode.d1.loss_dice: 1.9223  decode.d2.loss_cls: 0.7728  decode.d2.loss_mask: 1.4945  decode.d2.loss_dice: 1.8733  decode.d3.loss_cls: 0.7489  decode.d3.loss_mask: 1.5032  decode.d3.loss_dice: 1.8442  decode.d4.loss_cls: 0.7334  decode.d4.loss_mask: 1.4990  decode.d4.loss_dice: 1.8513  decode.d5.loss_cls: 0.7455  decode.d5.loss_mask: 1.4932  decode.d5.loss_dice: 1.8337  decode.d6.loss_cls: 0.6985  decode.d6.loss_mask: 1.5111  decode.d6.loss_dice: 1.8202  decode.d7.loss_cls: 0.7475  decode.d7.loss_mask: 1.4822  decode.d7.loss_dice: 1.8037  decode.d8.loss_cls: 0.7418  decode.d8.loss_mask: 1.4994  decode.d8.loss_dice: 1.8151
2026/06/15 16:41:06 - mmengine - INFO - Iter(train) [11950/20000]  base_lr: 4.7291e-05 lr: 4.7291e-05  eta: 0:49:53  time: 0.3383  data_time: 0.0129  memory: 3104  grad_norm: 575.3888  loss: 42.3156  decode.loss_cls: 0.8207  decode.loss_mask: 1.4564  decode.loss_dice: 1.8219  decode.d0.loss_cls: 1.2579  decode.d0.loss_mask: 1.5274  decode.d0.loss_dice: 2.0178  decode.d1.loss_cls: 0.9972  decode.d1.loss_mask: 1.5018  decode.d1.loss_dice: 1.9505  decode.d2.loss_cls: 0.8681  decode.d2.loss_mask: 1.4846  decode.d2.loss_dice: 1.8715  decode.d3.loss_cls: 0.8339  decode.d3.loss_mask: 1.4657  decode.d3.loss_dice: 1.8513  decode.d4.loss_cls: 0.8350  decode.d4.loss_mask: 1.4616  decode.d4.loss_dice: 1.8467  decode.d5.loss_cls: 0.8325  decode.d5.loss_mask: 1.4491  decode.d5.loss_dice: 1.8396  decode.d6.loss_cls: 0.8151  decode.d6.loss_mask: 1.4481  decode.d6.loss_dice: 1.8205  decode.d7.loss_cls: 0.8554  decode.d7.loss_mask: 1.4506  decode.d7.loss_dice: 1.8131  decode.d8.loss_cls: 0.8495  decode.d8.loss_mask: 1.4511  decode.d8.loss_dice: 1.8211
2026/06/15 16:41:23 - mmengine - INFO - Exp name: dinov3l_m2f_pastis_v2_20260615_152144
2026/06/15 16:41:23 - mmengine - INFO - Iter(train) [12000/20000]  base_lr: 4.7027e-05 lr: 4.7027e-05  eta: 0:49:34  time: 0.3413  data_time: 0.0133  memory: 3091  grad_norm: 346.0290  loss: 38.3318  decode.loss_cls: 0.6718  decode.loss_mask: 1.4276  decode.loss_dice: 1.5996  decode.d0.loss_cls: 1.1508  decode.d0.loss_mask: 1.4450  decode.d0.loss_dice: 1.8061  decode.d1.loss_cls: 0.9093  decode.d1.loss_mask: 1.4023  decode.d1.loss_dice: 1.6810  decode.d2.loss_cls: 0.8119  decode.d2.loss_mask: 1.4067  decode.d2.loss_dice: 1.5925  decode.d3.loss_cls: 0.7887  decode.d3.loss_mask: 1.4004  decode.d3.loss_dice: 1.5883  decode.d4.loss_cls: 0.7519  decode.d4.loss_mask: 1.4250  decode.d4.loss_dice: 1.5897  decode.d5.loss_cls: 0.7089  decode.d5.loss_mask: 1.4188  decode.d5.loss_dice: 1.6100  decode.d6.loss_cls: 0.7070  decode.d6.loss_mask: 1.4123  decode.d6.loss_dice: 1.5897  decode.d7.loss_cls: 0.6801  decode.d7.loss_mask: 1.4234  decode.d7.loss_dice: 1.6042  decode.d8.loss_cls: 0.7101  decode.d8.loss_mask: 1.4290  decode.d8.loss_dice: 1.5900
2026/06/15 16:41:23 - mmengine - INFO - Saving checkpoint at 12000 iterations
2026/06/15 16:41:47 - mmengine - INFO - Iter(val) [ 50/121]    eta: 0:00:06  time: 0.0888  data_time: 0.0050  memory: 2643  
2026/06/15 16:41:51 - mmengine - INFO - Iter(val) [100/121]    eta: 0:00:01  time: 0.0914  data_time: 0.0055  memory: 2643  
2026/06/15 16:41:53 - mmengine - INFO - per class results:
2026/06/15 16:41:53 - mmengine - INFO - 
+---------+-------+-------+
|  Class  |  IoU  |  Acc  |
+---------+-------+-------+
|  crop_1 | 71.73 | 82.84 |
|  crop_2 | 60.95 | 75.93 |
|  crop_3 | 61.21 | 77.79 |
|  crop_4 | 72.59 | 87.03 |
|  crop_5 | 32.82 | 49.31 |
|  crop_6 | 73.84 | 79.34 |
|  crop_7 |  15.4 | 28.31 |
|  crop_8 | 27.13 | 49.49 |
|  crop_9 | 38.83 | 56.02 |
| crop_10 | 66.27 | 78.27 |
| crop_11 | 15.87 | 29.51 |
| crop_12 | 35.26 | 62.96 |
| crop_13 | 15.98 | 24.48 |
| crop_14 | 33.93 | 47.82 |
| crop_15 | 32.52 | 42.68 |
| crop_16 | 34.78 |  60.9 |
| crop_17 | 35.45 | 45.95 |
| crop_18 |  8.83 | 12.99 |
| crop_19 |  5.88 |  7.72 |
+---------+-------+-------+
2026/06/15 16:41:53 - mmengine - INFO - Iter(val) [121/121]    aAcc: 75.7100  mIoU: 38.9100  mAcc: 52.6000  data_time: 0.0066  time: 0.0904
2026/06/15 16:41:53 - mmengine - INFO - The previous best checkpoint /mnt/ht2-nas2/00-model/00-fb/mmseg_dino/work_dirs/dinov3l_m2f_pastis_v2/best_mIoU_iter_11000.pth is removed
2026/06/15 16:42:21 - mmengine - INFO - The best checkpoint with 38.9100 mIoU at 12000 iter is saved to best_mIoU_iter_12000.pth.
2026/06/15 16:43:05 - mmengine - INFO - Iter(train) [12050/20000]  base_lr: 4.6762e-05 lr: 4.6762e-05  eta: 0:49:50  time: 0.3434  data_time: 0.0140  memory: 3109  grad_norm: 417.6806  loss: 41.9501  decode.loss_cls: 0.7778  decode.loss_mask: 1.5168  decode.loss_dice: 1.8247  decode.d0.loss_cls: 1.3300  decode.d0.loss_mask: 1.5591  decode.d0.loss_dice: 2.0376  decode.d1.loss_cls: 0.8429  decode.d1.loss_mask: 1.5177  decode.d1.loss_dice: 1.9478  decode.d2.loss_cls: 0.8036  decode.d2.loss_mask: 1.4946  decode.d2.loss_dice: 1.8613  decode.d3.loss_cls: 0.7855  decode.d3.loss_mask: 1.4817  decode.d3.loss_dice: 1.8177  decode.d4.loss_cls: 0.7778  decode.d4.loss_mask: 1.4874  decode.d4.loss_dice: 1.8200  decode.d5.loss_cls: 0.7723  decode.d5.loss_mask: 1.4801  decode.d5.loss_dice: 1.8261  decode.d6.loss_cls: 0.7515  decode.d6.loss_mask: 1.4843  decode.d6.loss_dice: 1.8122  decode.d7.loss_cls: 0.7446  decode.d7.loss_mask: 1.4997  decode.d7.loss_dice: 1.8095  decode.d8.loss_cls: 0.7613  decode.d8.loss_mask: 1.5056  decode.d8.loss_dice: 1.8188
2026/06/15 16:43:22 - mmengine - INFO - Iter(train) [12100/20000]  base_lr: 4.6498e-05 lr: 4.6498e-05  eta: 0:49:30  time: 0.3467  data_time: 0.0134  memory: 3100  grad_norm: 450.3558  loss: 39.9320  decode.loss_cls: 0.6343  decode.loss_mask: 1.5200  decode.loss_dice: 1.6905  decode.d0.loss_cls: 1.2272  decode.d0.loss_mask: 1.5619  decode.d0.loss_dice: 1.8597  decode.d1.loss_cls: 0.8272  decode.d1.loss_mask: 1.5373  decode.d1.loss_dice: 1.7887  decode.d2.loss_cls: 0.7209  decode.d2.loss_mask: 1.5198  decode.d2.loss_dice: 1.7019  decode.d3.loss_cls: 0.7055  decode.d3.loss_mask: 1.4958  decode.d3.loss_dice: 1.6883  decode.d4.loss_cls: 0.7025  decode.d4.loss_mask: 1.5171  decode.d4.loss_dice: 1.6928  decode.d5.loss_cls: 0.7140  decode.d5.loss_mask: 1.5158  decode.d5.loss_dice: 1.6880  decode.d6.loss_cls: 0.6554  decode.d6.loss_mask: 1.5139  decode.d6.loss_dice: 1.6897  decode.d7.loss_cls: 0.6763  decode.d7.loss_mask: 1.5318  decode.d7.loss_dice: 1.6853  decode.d8.loss_cls: 0.6588  decode.d8.loss_mask: 1.5230  decode.d8.loss_dice: 1.6888
2026/06/15 16:43:39 - mmengine - INFO - Iter(train) [12150/20000]  base_lr: 4.6233e-05 lr: 4.6233e-05  eta: 0:49:11  time: 0.3390  data_time: 0.0128  memory: 3098  grad_norm: 467.4423  loss: 40.4381  decode.loss_cls: 0.6518  decode.loss_mask: 1.5167  decode.loss_dice: 1.7355  decode.d0.loss_cls: 1.2052  decode.d0.loss_mask: 1.5924  decode.d0.loss_dice: 1.9749  decode.d1.loss_cls: 0.7629  decode.d1.loss_mask: 1.5457  decode.d1.loss_dice: 1.8810  decode.d2.loss_cls: 0.6626  decode.d2.loss_mask: 1.5281  decode.d2.loss_dice: 1.7870  decode.d3.loss_cls: 0.6880  decode.d3.loss_mask: 1.5028  decode.d3.loss_dice: 1.7547  decode.d4.loss_cls: 0.6917  decode.d4.loss_mask: 1.5110  decode.d4.loss_dice: 1.7698  decode.d5.loss_cls: 0.6696  decode.d5.loss_mask: 1.5178  decode.d5.loss_dice: 1.7465  decode.d6.loss_cls: 0.6555  decode.d6.loss_mask: 1.5175  decode.d6.loss_dice: 1.7360  decode.d7.loss_cls: 0.6598  decode.d7.loss_mask: 1.5233  decode.d7.loss_dice: 1.7506  decode.d8.loss_cls: 0.6516  decode.d8.loss_mask: 1.5076  decode.d8.loss_dice: 1.7406
2026/06/15 16:43:56 - mmengine - INFO - Iter(train) [12200/20000]  base_lr: 4.5968e-05 lr: 4.5968e-05  eta: 0:48:50  time: 0.3354  data_time: 0.0132  memory: 3106  grad_norm: 325.6242  loss: 39.2761  decode.loss_cls: 0.6752  decode.loss_mask: 1.3970  decode.loss_dice: 1.7265  decode.d0.loss_cls: 1.1592  decode.d0.loss_mask: 1.4917  decode.d0.loss_dice: 1.9029  decode.d1.loss_cls: 0.8311  decode.d1.loss_mask: 1.4365  decode.d1.loss_dice: 1.7867  decode.d2.loss_cls: 0.7551  decode.d2.loss_mask: 1.4233  decode.d2.loss_dice: 1.7384  decode.d3.loss_cls: 0.6945  decode.d3.loss_mask: 1.3999  decode.d3.loss_dice: 1.7264  decode.d4.loss_cls: 0.6753  decode.d4.loss_mask: 1.4035  decode.d4.loss_dice: 1.7355  decode.d5.loss_cls: 0.6676  decode.d5.loss_mask: 1.4203  decode.d5.loss_dice: 1.7293  decode.d6.loss_cls: 0.7057  decode.d6.loss_mask: 1.4060  decode.d6.loss_dice: 1.7173  decode.d7.loss_cls: 0.6958  decode.d7.loss_mask: 1.4155  decode.d7.loss_dice: 1.7245  decode.d8.loss_cls: 0.6951  decode.d8.loss_mask: 1.4061  decode.d8.loss_dice: 1.7343
2026/06/15 16:44:13 - mmengine - INFO - Iter(train) [12250/20000]  base_lr: 4.5702e-05 lr: 4.5702e-05  eta: 0:48:30  time: 0.3384  data_time: 0.0135  memory: 3099  grad_norm: 488.4497  loss: 39.8071  decode.loss_cls: 0.7765  decode.loss_mask: 1.4519  decode.loss_dice: 1.6120  decode.d0.loss_cls: 1.2690  decode.d0.loss_mask: 1.5646  decode.d0.loss_dice: 1.8782  decode.d1.loss_cls: 0.9066  decode.d1.loss_mask: 1.5107  decode.d1.loss_dice: 1.7478  decode.d2.loss_cls: 0.8242  decode.d2.loss_mask: 1.4581  decode.d2.loss_dice: 1.6500  decode.d3.loss_cls: 0.8186  decode.d3.loss_mask: 1.4776  decode.d3.loss_dice: 1.6306  decode.d4.loss_cls: 0.7932  decode.d4.loss_mask: 1.4598  decode.d4.loss_dice: 1.6338  decode.d5.loss_cls: 0.7909  decode.d5.loss_mask: 1.4304  decode.d5.loss_dice: 1.6159  decode.d6.loss_cls: 0.7865  decode.d6.loss_mask: 1.4482  decode.d6.loss_dice: 1.6094  decode.d7.loss_cls: 0.7753  decode.d7.loss_mask: 1.4497  decode.d7.loss_dice: 1.6017  decode.d8.loss_cls: 0.7738  decode.d8.loss_mask: 1.4500  decode.d8.loss_dice: 1.6123
2026/06/15 16:44:30 - mmengine - INFO - Iter(train) [12300/20000]  base_lr: 4.5437e-05 lr: 4.5437e-05  eta: 0:48:11  time: 0.3351  data_time: 0.0136  memory: 3089  grad_norm: 393.6452  loss: 39.6272  decode.loss_cls: 0.7854  decode.loss_mask: 1.3478  decode.loss_dice: 1.6621  decode.d0.loss_cls: 1.3671  decode.d0.loss_mask: 1.4399  decode.d0.loss_dice: 1.8930  decode.d1.loss_cls: 1.0439  decode.d1.loss_mask: 1.3957  decode.d1.loss_dice: 1.7565  decode.d2.loss_cls: 0.9589  decode.d2.loss_mask: 1.3541  decode.d2.loss_dice: 1.7051  decode.d3.loss_cls: 0.8452  decode.d3.loss_mask: 1.3483  decode.d3.loss_dice: 1.6584  decode.d4.loss_cls: 0.8093  decode.d4.loss_mask: 1.3477  decode.d4.loss_dice: 1.6732  decode.d5.loss_cls: 0.8044  decode.d5.loss_mask: 1.3490  decode.d5.loss_dice: 1.6469  decode.d6.loss_cls: 0.8236  decode.d6.loss_mask: 1.3316  decode.d6.loss_dice: 1.6515  decode.d7.loss_cls: 0.8125  decode.d7.loss_mask: 1.3422  decode.d7.loss_dice: 1.6554  decode.d8.loss_cls: 0.8446  decode.d8.loss_mask: 1.3309  decode.d8.loss_dice: 1.6430
2026/06/15 16:44:47 - mmengine - INFO - Iter(train) [12350/20000]  base_lr: 4.5171e-05 lr: 4.5171e-05  eta: 0:47:51  time: 0.3467  data_time: 0.0132  memory: 3102  grad_norm: 408.0300  loss: 41.3640  decode.loss_cls: 0.7651  decode.loss_mask: 1.4753  decode.loss_dice: 1.7656  decode.d0.loss_cls: 1.2620  decode.d0.loss_mask: 1.5302  decode.d0.loss_dice: 1.9523  decode.d1.loss_cls: 0.8653  decode.d1.loss_mask: 1.4691  decode.d1.loss_dice: 1.8777  decode.d2.loss_cls: 0.7782  decode.d2.loss_mask: 1.4730  decode.d2.loss_dice: 1.8123  decode.d3.loss_cls: 0.8214  decode.d3.loss_mask: 1.4745  decode.d3.loss_dice: 1.7840  decode.d4.loss_cls: 0.8408  decode.d4.loss_mask: 1.4692  decode.d4.loss_dice: 1.7725  decode.d5.loss_cls: 0.8093  decode.d5.loss_mask: 1.4728  decode.d5.loss_dice: 1.7640  decode.d6.loss_cls: 0.8186  decode.d6.loss_mask: 1.4743  decode.d6.loss_dice: 1.7604  decode.d7.loss_cls: 0.8380  decode.d7.loss_mask: 1.4754  decode.d7.loss_dice: 1.7595  decode.d8.loss_cls: 0.7675  decode.d8.loss_mask: 1.4793  decode.d8.loss_dice: 1.7563
2026/06/15 16:45:04 - mmengine - INFO - Iter(train) [12400/20000]  base_lr: 4.4905e-05 lr: 4.4905e-05  eta: 0:47:31  time: 0.3551  data_time: 0.0135  memory: 3090  grad_norm: 413.6775  loss: 37.9372  decode.loss_cls: 0.7318  decode.loss_mask: 1.3364  decode.loss_dice: 1.5796  decode.d0.loss_cls: 1.2651  decode.d0.loss_mask: 1.4375  decode.d0.loss_dice: 1.7957  decode.d1.loss_cls: 0.8142  decode.d1.loss_mask: 1.3960  decode.d1.loss_dice: 1.7052  decode.d2.loss_cls: 0.7488  decode.d2.loss_mask: 1.3670  decode.d2.loss_dice: 1.6369  decode.d3.loss_cls: 0.6998  decode.d3.loss_mask: 1.3597  decode.d3.loss_dice: 1.6239  decode.d4.loss_cls: 0.6942  decode.d4.loss_mask: 1.3684  decode.d4.loss_dice: 1.6272  decode.d5.loss_cls: 0.7472  decode.d5.loss_mask: 1.3472  decode.d5.loss_dice: 1.6023  decode.d6.loss_cls: 0.7436  decode.d6.loss_mask: 1.3401  decode.d6.loss_dice: 1.6079  decode.d7.loss_cls: 0.7265  decode.d7.loss_mask: 1.3446  decode.d7.loss_dice: 1.6113  decode.d8.loss_cls: 0.7582  decode.d8.loss_mask: 1.3387  decode.d8.loss_dice: 1.5821
2026/06/15 16:45:21 - mmengine - INFO - Iter(train) [12450/20000]  base_lr: 4.4639e-05 lr: 4.4639e-05  eta: 0:47:11  time: 0.3379  data_time: 0.0131  memory: 3100  grad_norm: 349.4145  loss: 40.6774  decode.loss_cls: 0.7485  decode.loss_mask: 1.4262  decode.loss_dice: 1.7370  decode.d0.loss_cls: 1.4582  decode.d0.loss_mask: 1.4651  decode.d0.loss_dice: 1.9369  decode.d1.loss_cls: 0.9604  decode.d1.loss_mask: 1.4556  decode.d1.loss_dice: 1.8502  decode.d2.loss_cls: 0.8546  decode.d2.loss_mask: 1.4282  decode.d2.loss_dice: 1.7497  decode.d3.loss_cls: 0.8139  decode.d3.loss_mask: 1.4025  decode.d3.loss_dice: 1.7263  decode.d4.loss_cls: 0.8116  decode.d4.loss_mask: 1.3993  decode.d4.loss_dice: 1.7211  decode.d5.loss_cls: 0.7854  decode.d5.loss_mask: 1.4149  decode.d5.loss_dice: 1.7288  decode.d6.loss_cls: 0.8269  decode.d6.loss_mask: 1.4067  decode.d6.loss_dice: 1.6999  decode.d7.loss_cls: 0.7958  decode.d7.loss_mask: 1.4133  decode.d7.loss_dice: 1.7238  decode.d8.loss_cls: 0.7978  decode.d8.loss_mask: 1.4173  decode.d8.loss_dice: 1.7215
2026/06/15 16:45:38 - mmengine - INFO - Iter(train) [12500/20000]  base_lr: 4.4373e-05 lr: 4.4373e-05  eta: 0:46:51  time: 0.3368  data_time: 0.0126  memory: 3097  grad_norm: 381.5391  loss: 41.1295  decode.loss_cls: 0.9055  decode.loss_mask: 1.4000  decode.loss_dice: 1.6557  decode.d0.loss_cls: 1.3754  decode.d0.loss_mask: 1.5008  decode.d0.loss_dice: 1.9340  decode.d1.loss_cls: 1.0910  decode.d1.loss_mask: 1.4736  decode.d1.loss_dice: 1.7906  decode.d2.loss_cls: 0.9076  decode.d2.loss_mask: 1.4172  decode.d2.loss_dice: 1.7170  decode.d3.loss_cls: 0.9115  decode.d3.loss_mask: 1.4188  decode.d3.loss_dice: 1.6820  decode.d4.loss_cls: 0.8857  decode.d4.loss_mask: 1.4250  decode.d4.loss_dice: 1.6965  decode.d5.loss_cls: 0.8787  decode.d5.loss_mask: 1.4227  decode.d5.loss_dice: 1.6855  decode.d6.loss_cls: 0.9114  decode.d6.loss_mask: 1.4102  decode.d6.loss_dice: 1.6727  decode.d7.loss_cls: 0.8820  decode.d7.loss_mask: 1.4216  decode.d7.loss_dice: 1.6800  decode.d8.loss_cls: 0.8780  decode.d8.loss_mask: 1.4089  decode.d8.loss_dice: 1.6899
2026/06/15 16:45:55 - mmengine - INFO - Iter(train) [12550/20000]  base_lr: 4.4107e-05 lr: 4.4107e-05  eta: 0:46:32  time: 0.3357  data_time: 0.0140  memory: 3120  grad_norm: 351.9227  loss: 40.4151  decode.loss_cls: 0.7163  decode.loss_mask: 1.5414  decode.loss_dice: 1.6479  decode.d0.loss_cls: 1.4133  decode.d0.loss_mask: 1.6017  decode.d0.loss_dice: 1.8234  decode.d1.loss_cls: 0.9626  decode.d1.loss_mask: 1.5478  decode.d1.loss_dice: 1.7588  decode.d2.loss_cls: 0.8023  decode.d2.loss_mask: 1.5294  decode.d2.loss_dice: 1.6650  decode.d3.loss_cls: 0.7921  decode.d3.loss_mask: 1.5270  decode.d3.loss_dice: 1.6429  decode.d4.loss_cls: 0.7481  decode.d4.loss_mask: 1.5275  decode.d4.loss_dice: 1.6604  decode.d5.loss_cls: 0.7622  decode.d5.loss_mask: 1.5219  decode.d5.loss_dice: 1.6272  decode.d6.loss_cls: 0.7375  decode.d6.loss_mask: 1.5174  decode.d6.loss_dice: 1.6084  decode.d7.loss_cls: 0.7002  decode.d7.loss_mask: 1.5230  decode.d7.loss_dice: 1.6230  decode.d8.loss_cls: 0.7294  decode.d8.loss_mask: 1.5214  decode.d8.loss_dice: 1.6359
2026/06/15 16:46:13 - mmengine - INFO - Iter(train) [12600/20000]  base_lr: 4.3840e-05 lr: 4.3840e-05  eta: 0:46:12  time: 0.3534  data_time: 0.0137  memory: 3103  grad_norm: 418.0784  loss: 40.2117  decode.loss_cls: 0.8914  decode.loss_mask: 1.3185  decode.loss_dice: 1.6799  decode.d0.loss_cls: 1.3601  decode.d0.loss_mask: 1.4044  decode.d0.loss_dice: 1.9352  decode.d1.loss_cls: 0.9754  decode.d1.loss_mask: 1.3783  decode.d1.loss_dice: 1.8270  decode.d2.loss_cls: 0.8757  decode.d2.loss_mask: 1.3561  decode.d2.loss_dice: 1.7611  decode.d3.loss_cls: 0.8865  decode.d3.loss_mask: 1.3368  decode.d3.loss_dice: 1.7037  decode.d4.loss_cls: 0.9020  decode.d4.loss_mask: 1.3266  decode.d4.loss_dice: 1.7089  decode.d5.loss_cls: 0.8695  decode.d5.loss_mask: 1.3395  decode.d5.loss_dice: 1.7183  decode.d6.loss_cls: 0.8869  decode.d6.loss_mask: 1.3299  decode.d6.loss_dice: 1.6856  decode.d7.loss_cls: 0.8579  decode.d7.loss_mask: 1.3224  decode.d7.loss_dice: 1.6928  decode.d8.loss_cls: 0.8512  decode.d8.loss_mask: 1.3308  decode.d8.loss_dice: 1.6993
2026/06/15 16:46:30 - mmengine - INFO - Iter(train) [12650/20000]  base_lr: 4.3574e-05 lr: 4.3574e-05  eta: 0:45:53  time: 0.3504  data_time: 0.0139  memory: 3095  grad_norm: 318.2639  loss: 38.5885  decode.loss_cls: 0.6588  decode.loss_mask: 1.4241  decode.loss_dice: 1.6293  decode.d0.loss_cls: 1.1921  decode.d0.loss_mask: 1.4748  decode.d0.loss_dice: 1.8592  decode.d1.loss_cls: 0.8063  decode.d1.loss_mask: 1.4841  decode.d1.loss_dice: 1.7928  decode.d2.loss_cls: 0.6877  decode.d2.loss_mask: 1.4773  decode.d2.loss_dice: 1.7086  decode.d3.loss_cls: 0.6341  decode.d3.loss_mask: 1.4306  decode.d3.loss_dice: 1.6661  decode.d4.loss_cls: 0.6594  decode.d4.loss_mask: 1.4321  decode.d4.loss_dice: 1.6654  decode.d5.loss_cls: 0.6856  decode.d5.loss_mask: 1.4214  decode.d5.loss_dice: 1.6425  decode.d6.loss_cls: 0.6761  decode.d6.loss_mask: 1.4159  decode.d6.loss_dice: 1.6297  decode.d7.loss_cls: 0.6512  decode.d7.loss_mask: 1.4224  decode.d7.loss_dice: 1.6303  decode.d8.loss_cls: 0.6868  decode.d8.loss_mask: 1.4176  decode.d8.loss_dice: 1.6264
2026/06/15 16:46:48 - mmengine - INFO - Iter(train) [12700/20000]  base_lr: 4.3307e-05 lr: 4.3307e-05  eta: 0:45:33  time: 0.3532  data_time: 0.0141  memory: 3096  grad_norm: 365.9234  loss: 40.8479  decode.loss_cls: 0.7632  decode.loss_mask: 1.5174  decode.loss_dice: 1.7091  decode.d0.loss_cls: 1.2530  decode.d0.loss_mask: 1.5864  decode.d0.loss_dice: 1.9156  decode.d1.loss_cls: 0.8886  decode.d1.loss_mask: 1.5526  decode.d1.loss_dice: 1.8483  decode.d2.loss_cls: 0.7728  decode.d2.loss_mask: 1.5318  decode.d2.loss_dice: 1.7502  decode.d3.loss_cls: 0.7242  decode.d3.loss_mask: 1.5295  decode.d3.loss_dice: 1.7305  decode.d4.loss_cls: 0.7295  decode.d4.loss_mask: 1.5061  decode.d4.loss_dice: 1.7346  decode.d5.loss_cls: 0.7455  decode.d5.loss_mask: 1.5174  decode.d5.loss_dice: 1.7279  decode.d6.loss_cls: 0.7194  decode.d6.loss_mask: 1.5095  decode.d6.loss_dice: 1.7079  decode.d7.loss_cls: 0.6964  decode.d7.loss_mask: 1.5218  decode.d7.loss_dice: 1.7152  decode.d8.loss_cls: 0.7125  decode.d8.loss_mask: 1.5129  decode.d8.loss_dice: 1.7181
2026/06/15 16:47:05 - mmengine - INFO - Iter(train) [12750/20000]  base_lr: 4.3040e-05 lr: 4.3040e-05  eta: 0:45:14  time: 0.3425  data_time: 0.0139  memory: 3102  grad_norm: 354.7612  loss: 36.3954  decode.loss_cls: 0.5781  decode.loss_mask: 1.3202  decode.loss_dice: 1.6312  decode.d0.loss_cls: 1.1648  decode.d0.loss_mask: 1.3662  decode.d0.loss_dice: 1.7702  decode.d1.loss_cls: 0.7749  decode.d1.loss_mask: 1.3645  decode.d1.loss_dice: 1.6850  decode.d2.loss_cls: 0.6510  decode.d2.loss_mask: 1.3373  decode.d2.loss_dice: 1.6211  decode.d3.loss_cls: 0.6489  decode.d3.loss_mask: 1.3065  decode.d3.loss_dice: 1.5821  decode.d4.loss_cls: 0.5839  decode.d4.loss_mask: 1.3176  decode.d4.loss_dice: 1.6044  decode.d5.loss_cls: 0.6142  decode.d5.loss_mask: 1.3167  decode.d5.loss_dice: 1.6092  decode.d6.loss_cls: 0.5728  decode.d6.loss_mask: 1.3184  decode.d6.loss_dice: 1.5989  decode.d7.loss_cls: 0.5948  decode.d7.loss_mask: 1.3247  decode.d7.loss_dice: 1.5987  decode.d8.loss_cls: 0.6137  decode.d8.loss_mask: 1.3115  decode.d8.loss_dice: 1.6141
2026/06/15 16:47:22 - mmengine - INFO - Iter(train) [12800/20000]  base_lr: 4.2773e-05 lr: 4.2773e-05  eta: 0:44:54  time: 0.3380  data_time: 0.0136  memory: 3113  grad_norm: 376.2334  loss: 39.3662  decode.loss_cls: 0.6913  decode.loss_mask: 1.4753  decode.loss_dice: 1.6242  decode.d0.loss_cls: 1.2586  decode.d0.loss_mask: 1.5387  decode.d0.loss_dice: 1.8291  decode.d1.loss_cls: 0.9045  decode.d1.loss_mask: 1.5203  decode.d1.loss_dice: 1.7454  decode.d2.loss_cls: 0.7094  decode.d2.loss_mask: 1.4998  decode.d2.loss_dice: 1.6857  decode.d3.loss_cls: 0.6906  decode.d3.loss_mask: 1.4821  decode.d3.loss_dice: 1.6507  decode.d4.loss_cls: 0.7014  decode.d4.loss_mask: 1.4756  decode.d4.loss_dice: 1.6422  decode.d5.loss_cls: 0.6839  decode.d5.loss_mask: 1.4856  decode.d5.loss_dice: 1.6545  decode.d6.loss_cls: 0.6529  decode.d6.loss_mask: 1.4946  decode.d6.loss_dice: 1.6445  decode.d7.loss_cls: 0.6894  decode.d7.loss_mask: 1.4782  decode.d7.loss_dice: 1.6419  decode.d8.loss_cls: 0.7157  decode.d8.loss_mask: 1.4733  decode.d8.loss_dice: 1.6267
2026/06/15 16:47:39 - mmengine - INFO - Iter(train) [12850/20000]  base_lr: 4.2505e-05 lr: 4.2505e-05  eta: 0:44:34  time: 0.3392  data_time: 0.0133  memory: 3113  grad_norm: 383.9326  loss: 39.2001  decode.loss_cls: 0.6547  decode.loss_mask: 1.4985  decode.loss_dice: 1.6487  decode.d0.loss_cls: 1.1734  decode.d0.loss_mask: 1.5583  decode.d0.loss_dice: 1.8560  decode.d1.loss_cls: 0.7968  decode.d1.loss_mask: 1.5295  decode.d1.loss_dice: 1.7838  decode.d2.loss_cls: 0.7028  decode.d2.loss_mask: 1.4983  decode.d2.loss_dice: 1.6942  decode.d3.loss_cls: 0.6937  decode.d3.loss_mask: 1.4664  decode.d3.loss_dice: 1.6564  decode.d4.loss_cls: 0.6804  decode.d4.loss_mask: 1.4723  decode.d4.loss_dice: 1.6605  decode.d5.loss_cls: 0.6611  decode.d5.loss_mask: 1.4774  decode.d5.loss_dice: 1.6485  decode.d6.loss_cls: 0.6530  decode.d6.loss_mask: 1.4822  decode.d6.loss_dice: 1.6434  decode.d7.loss_cls: 0.6936  decode.d7.loss_mask: 1.4827  decode.d7.loss_dice: 1.6404  decode.d8.loss_cls: 0.6598  decode.d8.loss_mask: 1.4872  decode.d8.loss_dice: 1.6463
2026/06/15 16:47:56 - mmengine - INFO - Iter(train) [12900/20000]  base_lr: 4.2238e-05 lr: 4.2238e-05  eta: 0:44:15  time: 0.3365  data_time: 0.0133  memory: 3106  grad_norm: 377.8790  loss: 41.1206  decode.loss_cls: 0.7498  decode.loss_mask: 1.4945  decode.loss_dice: 1.7498  decode.d0.loss_cls: 1.3276  decode.d0.loss_mask: 1.5628  decode.d0.loss_dice: 1.9204  decode.d1.loss_cls: 0.8829  decode.d1.loss_mask: 1.5367  decode.d1.loss_dice: 1.8511  decode.d2.loss_cls: 0.7655  decode.d2.loss_mask: 1.5109  decode.d2.loss_dice: 1.8022  decode.d3.loss_cls: 0.7623  decode.d3.loss_mask: 1.5089  decode.d3.loss_dice: 1.7476  decode.d4.loss_cls: 0.7509  decode.d4.loss_mask: 1.4825  decode.d4.loss_dice: 1.7531  decode.d5.loss_cls: 0.7596  decode.d5.loss_mask: 1.4951  decode.d5.loss_dice: 1.7507  decode.d6.loss_cls: 0.7252  decode.d6.loss_mask: 1.4808  decode.d6.loss_dice: 1.7698  decode.d7.loss_cls: 0.7167  decode.d7.loss_mask: 1.5024  decode.d7.loss_dice: 1.7758  decode.d8.loss_cls: 0.7236  decode.d8.loss_mask: 1.4941  decode.d8.loss_dice: 1.7672
2026/06/15 16:48:13 - mmengine - INFO - Iter(train) [12950/20000]  base_lr: 4.1970e-05 lr: 4.1970e-05  eta: 0:43:55  time: 0.3397  data_time: 0.0137  memory: 3108  grad_norm: 356.9851  loss: 38.6501  decode.loss_cls: 0.7222  decode.loss_mask: 1.3798  decode.loss_dice: 1.6073  decode.d0.loss_cls: 1.2762  decode.d0.loss_mask: 1.4595  decode.d0.loss_dice: 1.8436  decode.d1.loss_cls: 0.9535  decode.d1.loss_mask: 1.4122  decode.d1.loss_dice: 1.7135  decode.d2.loss_cls: 0.8004  decode.d2.loss_mask: 1.3889  decode.d2.loss_dice: 1.6399  decode.d3.loss_cls: 0.7602  decode.d3.loss_mask: 1.3851  decode.d3.loss_dice: 1.6339  decode.d4.loss_cls: 0.7329  decode.d4.loss_mask: 1.3850  decode.d4.loss_dice: 1.6447  decode.d5.loss_cls: 0.7343  decode.d5.loss_mask: 1.3792  decode.d5.loss_dice: 1.6275  decode.d6.loss_cls: 0.7305  decode.d6.loss_mask: 1.3851  decode.d6.loss_dice: 1.6223  decode.d7.loss_cls: 0.7109  decode.d7.loss_mask: 1.3883  decode.d7.loss_dice: 1.6250  decode.d8.loss_cls: 0.6947  decode.d8.loss_mask: 1.3859  decode.d8.loss_dice: 1.6275
2026/06/15 16:48:30 - mmengine - INFO - Exp name: dinov3l_m2f_pastis_v2_20260615_152144
2026/06/15 16:48:30 - mmengine - INFO - Iter(train) [13000/20000]  base_lr: 4.1702e-05 lr: 4.1702e-05  eta: 0:43:35  time: 0.3475  data_time: 0.0138  memory: 3109  grad_norm: 437.9573  loss: 37.0154  decode.loss_cls: 0.7472  decode.loss_mask: 1.2811  decode.loss_dice: 1.5135  decode.d0.loss_cls: 1.2017  decode.d0.loss_mask: 1.3552  decode.d0.loss_dice: 1.7552  decode.d1.loss_cls: 0.8552  decode.d1.loss_mask: 1.3434  decode.d1.loss_dice: 1.6904  decode.d2.loss_cls: 0.8371  decode.d2.loss_mask: 1.3035  decode.d2.loss_dice: 1.5601  decode.d3.loss_cls: 0.8603  decode.d3.loss_mask: 1.2795  decode.d3.loss_dice: 1.5115  decode.d4.loss_cls: 0.8222  decode.d4.loss_mask: 1.2872  decode.d4.loss_dice: 1.5159  decode.d5.loss_cls: 0.7754  decode.d5.loss_mask: 1.2861  decode.d5.loss_dice: 1.5300  decode.d6.loss_cls: 0.7840  decode.d6.loss_mask: 1.2796  decode.d6.loss_dice: 1.5077  decode.d7.loss_cls: 0.7704  decode.d7.loss_mask: 1.2927  decode.d7.loss_dice: 1.5122  decode.d8.loss_cls: 0.7567  decode.d8.loss_mask: 1.2882  decode.d8.loss_dice: 1.5123
2026/06/15 16:48:30 - mmengine - INFO - Saving checkpoint at 13000 iterations
2026/06/15 16:48:47 - mmengine - INFO - Iter(val) [ 50/121]    eta: 0:00:06  time: 0.0938  data_time: 0.0066  memory: 2643  
2026/06/15 16:48:52 - mmengine - INFO - Iter(val) [100/121]    eta: 0:00:01  time: 0.0919  data_time: 0.0067  memory: 2643  
2026/06/15 16:48:54 - mmengine - INFO - per class results:
2026/06/15 16:48:54 - mmengine - INFO - 
+---------+-------+-------+
|  Class  |  IoU  |  Acc  |
+---------+-------+-------+
|  crop_1 | 70.77 | 80.74 |
|  crop_2 | 60.02 | 76.46 |
|  crop_3 | 58.26 | 71.54 |
|  crop_4 | 71.19 | 84.62 |
|  crop_5 | 30.84 | 42.25 |
|  crop_6 | 76.62 | 82.45 |
|  crop_7 | 15.55 | 26.79 |
|  crop_8 | 28.55 | 47.11 |
|  crop_9 | 36.85 | 59.03 |
| crop_10 | 63.38 | 74.96 |
| crop_11 | 16.27 | 38.46 |
| crop_12 | 39.19 | 66.92 |
| crop_13 | 15.01 | 32.56 |
| crop_14 | 28.04 | 50.88 |
| crop_15 |  29.1 | 47.43 |
| crop_16 | 33.42 | 55.93 |
| crop_17 | 31.51 | 42.44 |
| crop_18 |  9.42 | 16.94 |
| crop_19 |  7.17 | 14.04 |
+---------+-------+-------+
2026/06/15 16:48:54 - mmengine - INFO - Iter(val) [121/121]    aAcc: 74.3100  mIoU: 37.9600  mAcc: 53.2400  data_time: 0.0073  time: 0.0927
2026/06/15 16:49:12 - mmengine - INFO - Iter(train) [13050/20000]  base_lr: 4.1434e-05 lr: 4.1434e-05  eta: 0:43:16  time: 0.3550  data_time: 0.0145  memory: 3091  grad_norm: 473.9804  loss: 41.6494  decode.loss_cls: 0.7850  decode.loss_mask: 1.4448  decode.loss_dice: 1.7739  decode.d0.loss_cls: 1.2970  decode.d0.loss_mask: 1.5232  decode.d0.loss_dice: 2.0025  decode.d1.loss_cls: 1.0110  decode.d1.loss_mask: 1.4970  decode.d1.loss_dice: 1.9278  decode.d2.loss_cls: 0.9024  decode.d2.loss_mask: 1.4612  decode.d2.loss_dice: 1.8147  decode.d3.loss_cls: 0.8152  decode.d3.loss_mask: 1.4603  decode.d3.loss_dice: 1.7775  decode.d4.loss_cls: 0.8392  decode.d4.loss_mask: 1.4649  decode.d4.loss_dice: 1.7609  decode.d5.loss_cls: 0.8497  decode.d5.loss_mask: 1.4610  decode.d5.loss_dice: 1.7590  decode.d6.loss_cls: 0.7885  decode.d6.loss_mask: 1.4474  decode.d6.loss_dice: 1.7732  decode.d7.loss_cls: 0.7587  decode.d7.loss_mask: 1.4526  decode.d7.loss_dice: 1.7926  decode.d8.loss_cls: 0.7923  decode.d8.loss_mask: 1.4490  decode.d8.loss_dice: 1.7669
2026/06/15 16:49:29 - mmengine - INFO - Iter(train) [13100/20000]  base_lr: 4.1165e-05 lr: 4.1165e-05  eta: 0:42:57  time: 0.3474  data_time: 0.0136  memory: 3106  grad_norm: 323.9226  loss: 40.1681  decode.loss_cls: 0.7323  decode.loss_mask: 1.3903  decode.loss_dice: 1.7152  decode.d0.loss_cls: 1.3910  decode.d0.loss_mask: 1.4533  decode.d0.loss_dice: 1.9894  decode.d1.loss_cls: 0.9663  decode.d1.loss_mask: 1.4179  decode.d1.loss_dice: 1.8763  decode.d2.loss_cls: 0.8357  decode.d2.loss_mask: 1.3872  decode.d2.loss_dice: 1.7774  decode.d3.loss_cls: 0.7992  decode.d3.loss_mask: 1.3817  decode.d3.loss_dice: 1.7261  decode.d4.loss_cls: 0.7340  decode.d4.loss_mask: 1.3878  decode.d4.loss_dice: 1.7538  decode.d5.loss_cls: 0.7600  decode.d5.loss_mask: 1.3794  decode.d5.loss_dice: 1.7534  decode.d6.loss_cls: 0.7295  decode.d6.loss_mask: 1.3894  decode.d6.loss_dice: 1.7183  decode.d7.loss_cls: 0.7393  decode.d7.loss_mask: 1.3983  decode.d7.loss_dice: 1.7236  decode.d8.loss_cls: 0.7416  decode.d8.loss_mask: 1.3892  decode.d8.loss_dice: 1.7311
2026/06/15 16:49:46 - mmengine - INFO - Iter(train) [13150/20000]  base_lr: 4.0897e-05 lr: 4.0897e-05  eta: 0:42:37  time: 0.3455  data_time: 0.0134  memory: 3102  grad_norm: 446.9763  loss: 39.6716  decode.loss_cls: 0.6715  decode.loss_mask: 1.3713  decode.loss_dice: 1.7583  decode.d0.loss_cls: 1.3400  decode.d0.loss_mask: 1.4442  decode.d0.loss_dice: 1.9532  decode.d1.loss_cls: 1.0387  decode.d1.loss_mask: 1.3844  decode.d1.loss_dice: 1.8634  decode.d2.loss_cls: 0.8506  decode.d2.loss_mask: 1.3549  decode.d2.loss_dice: 1.7773  decode.d3.loss_cls: 0.7262  decode.d3.loss_mask: 1.3567  decode.d3.loss_dice: 1.7565  decode.d4.loss_cls: 0.6858  decode.d4.loss_mask: 1.3726  decode.d4.loss_dice: 1.7613  decode.d5.loss_cls: 0.6663  decode.d5.loss_mask: 1.3631  decode.d5.loss_dice: 1.7691  decode.d6.loss_cls: 0.6622  decode.d6.loss_mask: 1.3651  decode.d6.loss_dice: 1.7595  decode.d7.loss_cls: 0.6662  decode.d7.loss_mask: 1.3861  decode.d7.loss_dice: 1.7626  decode.d8.loss_cls: 0.6484  decode.d8.loss_mask: 1.3870  decode.d8.loss_dice: 1.7694
2026/06/15 16:50:04 - mmengine - INFO - Iter(train) [13200/20000]  base_lr: 4.0628e-05 lr: 4.0628e-05  eta: 0:42:18  time: 0.3476  data_time: 0.0132  memory: 3097  grad_norm: 420.9687  loss: 38.5518  decode.loss_cls: 0.9012  decode.loss_mask: 1.2881  decode.loss_dice: 1.5528  decode.d0.loss_cls: 1.4305  decode.d0.loss_mask: 1.3738  decode.d0.loss_dice: 1.7755  decode.d1.loss_cls: 1.1215  decode.d1.loss_mask: 1.3416  decode.d1.loss_dice: 1.6353  decode.d2.loss_cls: 0.9613  decode.d2.loss_mask: 1.3043  decode.d2.loss_dice: 1.5620  decode.d3.loss_cls: 0.9031  decode.d3.loss_mask: 1.2976  decode.d3.loss_dice: 1.5328  decode.d4.loss_cls: 0.8517  decode.d4.loss_mask: 1.3057  decode.d4.loss_dice: 1.5604  decode.d5.loss_cls: 0.8684  decode.d5.loss_mask: 1.3036  decode.d5.loss_dice: 1.5768  decode.d6.loss_cls: 0.8680  decode.d6.loss_mask: 1.3045  decode.d6.loss_dice: 1.5460  decode.d7.loss_cls: 0.8339  decode.d7.loss_mask: 1.3037  decode.d7.loss_dice: 1.5528  decode.d8.loss_cls: 0.8436  decode.d8.loss_mask: 1.2972  decode.d8.loss_dice: 1.5540
2026/06/15 16:50:21 - mmengine - INFO - Iter(train) [13250/20000]  base_lr: 4.0359e-05 lr: 4.0359e-05  eta: 0:41:59  time: 0.3535  data_time: 0.0141  memory: 3113  grad_norm: 465.2924  loss: 42.0407  decode.loss_cls: 0.7498  decode.loss_mask: 1.4884  decode.loss_dice: 1.8349  decode.d0.loss_cls: 1.2705  decode.d0.loss_mask: 1.5703  decode.d0.loss_dice: 2.0842  decode.d1.loss_cls: 0.8705  decode.d1.loss_mask: 1.5350  decode.d1.loss_dice: 1.9761  decode.d2.loss_cls: 0.7789  decode.d2.loss_mask: 1.5006  decode.d2.loss_dice: 1.8997  decode.d3.loss_cls: 0.7951  decode.d3.loss_mask: 1.4684  decode.d3.loss_dice: 1.8503  decode.d4.loss_cls: 0.7677  decode.d4.loss_mask: 1.4680  decode.d4.loss_dice: 1.8553  decode.d5.loss_cls: 0.7206  decode.d5.loss_mask: 1.4910  decode.d5.loss_dice: 1.8656  decode.d6.loss_cls: 0.7234  decode.d6.loss_mask: 1.4857  decode.d6.loss_dice: 1.8503  decode.d7.loss_cls: 0.7876  decode.d7.loss_mask: 1.4693  decode.d7.loss_dice: 1.8235  decode.d8.loss_cls: 0.7686  decode.d8.loss_mask: 1.4675  decode.d8.loss_dice: 1.8237
2026/06/15 16:50:39 - mmengine - INFO - Iter(train) [13300/20000]  base_lr: 4.0090e-05 lr: 4.0090e-05  eta: 0:41:40  time: 0.3624  data_time: 0.0146  memory: 3117  grad_norm: 357.2712  loss: 41.5060  decode.loss_cls: 0.7917  decode.loss_mask: 1.4966  decode.loss_dice: 1.7337  decode.d0.loss_cls: 1.2660  decode.d0.loss_mask: 1.5910  decode.d0.loss_dice: 2.0248  decode.d1.loss_cls: 0.9041  decode.d1.loss_mask: 1.5471  decode.d1.loss_dice: 1.8776  decode.d2.loss_cls: 0.7856  decode.d2.loss_mask: 1.5211  decode.d2.loss_dice: 1.8146  decode.d3.loss_cls: 0.7554  decode.d3.loss_mask: 1.5237  decode.d3.loss_dice: 1.7673  decode.d4.loss_cls: 0.7361  decode.d4.loss_mask: 1.5135  decode.d4.loss_dice: 1.7719  decode.d5.loss_cls: 0.7271  decode.d5.loss_mask: 1.5214  decode.d5.loss_dice: 1.7667  decode.d6.loss_cls: 0.7570  decode.d6.loss_mask: 1.5171  decode.d6.loss_dice: 1.7572  decode.d7.loss_cls: 0.7643  decode.d7.loss_mask: 1.5115  decode.d7.loss_dice: 1.7652  decode.d8.loss_cls: 0.7373  decode.d8.loss_mask: 1.5006  decode.d8.loss_dice: 1.7590
2026/06/15 16:50:56 - mmengine - INFO - Iter(train) [13350/20000]  base_lr: 3.9820e-05 lr: 3.9820e-05  eta: 0:41:20  time: 0.3394  data_time: 0.0135  memory: 3093  grad_norm: 426.4091  loss: 37.4569  decode.loss_cls: 0.6753  decode.loss_mask: 1.3344  decode.loss_dice: 1.6177  decode.d0.loss_cls: 1.1925  decode.d0.loss_mask: 1.4074  decode.d0.loss_dice: 1.8275  decode.d1.loss_cls: 0.8776  decode.d1.loss_mask: 1.3743  decode.d1.loss_dice: 1.7270  decode.d2.loss_cls: 0.7065  decode.d2.loss_mask: 1.3474  decode.d2.loss_dice: 1.6664  decode.d3.loss_cls: 0.6961  decode.d3.loss_mask: 1.3416  decode.d3.loss_dice: 1.6246  decode.d4.loss_cls: 0.6498  decode.d4.loss_mask: 1.3448  decode.d4.loss_dice: 1.6292  decode.d5.loss_cls: 0.6694  decode.d5.loss_mask: 1.3213  decode.d5.loss_dice: 1.6251  decode.d6.loss_cls: 0.6328  decode.d6.loss_mask: 1.3367  decode.d6.loss_dice: 1.6230  decode.d7.loss_cls: 0.6361  decode.d7.loss_mask: 1.3395  decode.d7.loss_dice: 1.6275  decode.d8.loss_cls: 0.6477  decode.d8.loss_mask: 1.3335  decode.d8.loss_dice: 1.6244
2026/06/15 16:51:13 - mmengine - INFO - Iter(train) [13400/20000]  base_lr: 3.9551e-05 lr: 3.9551e-05  eta: 0:41:01  time: 0.3387  data_time: 0.0135  memory: 3107  grad_norm: 381.0672  loss: 40.1857  decode.loss_cls: 0.7793  decode.loss_mask: 1.4672  decode.loss_dice: 1.6819  decode.d0.loss_cls: 1.3081  decode.d0.loss_mask: 1.5610  decode.d0.loss_dice: 1.8637  decode.d1.loss_cls: 0.8218  decode.d1.loss_mask: 1.5387  decode.d1.loss_dice: 1.8049  decode.d2.loss_cls: 0.8585  decode.d2.loss_mask: 1.4725  decode.d2.loss_dice: 1.6566  decode.d3.loss_cls: 0.8204  decode.d3.loss_mask: 1.4653  decode.d3.loss_dice: 1.6429  decode.d4.loss_cls: 0.7623  decode.d4.loss_mask: 1.4744  decode.d4.loss_dice: 1.6563  decode.d5.loss_cls: 0.7636  decode.d5.loss_mask: 1.4710  decode.d5.loss_dice: 1.6705  decode.d6.loss_cls: 0.7478  decode.d6.loss_mask: 1.4631  decode.d6.loss_dice: 1.6509  decode.d7.loss_cls: 0.7750  decode.d7.loss_mask: 1.4771  decode.d7.loss_dice: 1.6575  decode.d8.loss_cls: 0.7511  decode.d8.loss_mask: 1.4742  decode.d8.loss_dice: 1.6482
2026/06/15 16:51:31 - mmengine - INFO - Iter(train) [13450/20000]  base_lr: 3.9281e-05 lr: 3.9281e-05  eta: 0:40:42  time: 0.3578  data_time: 0.0144  memory: 3099  grad_norm: 356.7713  loss: 36.8644  decode.loss_cls: 0.5715  decode.loss_mask: 1.3134  decode.loss_dice: 1.6234  decode.d0.loss_cls: 1.1766  decode.d0.loss_mask: 1.3859  decode.d0.loss_dice: 1.8785  decode.d1.loss_cls: 0.8553  decode.d1.loss_mask: 1.3575  decode.d1.loss_dice: 1.7337  decode.d2.loss_cls: 0.6521  decode.d2.loss_mask: 1.3334  decode.d2.loss_dice: 1.6731  decode.d3.loss_cls: 0.6373  decode.d3.loss_mask: 1.3135  decode.d3.loss_dice: 1.6369  decode.d4.loss_cls: 0.6166  decode.d4.loss_mask: 1.3167  decode.d4.loss_dice: 1.6437  decode.d5.loss_cls: 0.5838  decode.d5.loss_mask: 1.3297  decode.d5.loss_dice: 1.6645  decode.d6.loss_cls: 0.5515  decode.d6.loss_mask: 1.3219  decode.d6.loss_dice: 1.6470  decode.d7.loss_cls: 0.5668  decode.d7.loss_mask: 1.3297  decode.d7.loss_dice: 1.6363  decode.d8.loss_cls: 0.5536  decode.d8.loss_mask: 1.3234  decode.d8.loss_dice: 1.6373
2026/06/15 16:51:49 - mmengine - INFO - Iter(train) [13500/20000]  base_lr: 3.9011e-05 lr: 3.9011e-05  eta: 0:40:23  time: 0.3563  data_time: 0.0142  memory: 3106  grad_norm: 276.7147  loss: 36.7595  decode.loss_cls: 0.5826  decode.loss_mask: 1.3847  decode.loss_dice: 1.5731  decode.d0.loss_cls: 1.1761  decode.d0.loss_mask: 1.4580  decode.d0.loss_dice: 1.7634  decode.d1.loss_cls: 0.8421  decode.d1.loss_mask: 1.4069  decode.d1.loss_dice: 1.6603  decode.d2.loss_cls: 0.6166  decode.d2.loss_mask: 1.3935  decode.d2.loss_dice: 1.6139  decode.d3.loss_cls: 0.6076  decode.d3.loss_mask: 1.3905  decode.d3.loss_dice: 1.5720  decode.d4.loss_cls: 0.5989  decode.d4.loss_mask: 1.3847  decode.d4.loss_dice: 1.5946  decode.d5.loss_cls: 0.5974  decode.d5.loss_mask: 1.3849  decode.d5.loss_dice: 1.6002  decode.d6.loss_cls: 0.5535  decode.d6.loss_mask: 1.3729  decode.d6.loss_dice: 1.5706  decode.d7.loss_cls: 0.5868  decode.d7.loss_mask: 1.3775  decode.d7.loss_dice: 1.5709  decode.d8.loss_cls: 0.5625  decode.d8.loss_mask: 1.3881  decode.d8.loss_dice: 1.5745
2026/06/15 16:52:07 - mmengine - INFO - Iter(train) [13550/20000]  base_lr: 3.8741e-05 lr: 3.8741e-05  eta: 0:40:04  time: 0.3602  data_time: 0.0149  memory: 3098  grad_norm: 393.1175  loss: 37.6793  decode.loss_cls: 0.5541  decode.loss_mask: 1.4340  decode.loss_dice: 1.6108  decode.d0.loss_cls: 1.2506  decode.d0.loss_mask: 1.5236  decode.d0.loss_dice: 1.8237  decode.d1.loss_cls: 0.8368  decode.d1.loss_mask: 1.4699  decode.d1.loss_dice: 1.7077  decode.d2.loss_cls: 0.7115  decode.d2.loss_mask: 1.4300  decode.d2.loss_dice: 1.6159  decode.d3.loss_cls: 0.6498  decode.d3.loss_mask: 1.4095  decode.d3.loss_dice: 1.5792  decode.d4.loss_cls: 0.5987  decode.d4.loss_mask: 1.4324  decode.d4.loss_dice: 1.6041  decode.d5.loss_cls: 0.6022  decode.d5.loss_mask: 1.4245  decode.d5.loss_dice: 1.6001  decode.d6.loss_cls: 0.5571  decode.d6.loss_mask: 1.4246  decode.d6.loss_dice: 1.6094  decode.d7.loss_cls: 0.5692  decode.d7.loss_mask: 1.4261  decode.d7.loss_dice: 1.6175  decode.d8.loss_cls: 0.5659  decode.d8.loss_mask: 1.4311  decode.d8.loss_dice: 1.6095
2026/06/15 16:52:24 - mmengine - INFO - Iter(train) [13600/20000]  base_lr: 3.8471e-05 lr: 3.8471e-05  eta: 0:39:45  time: 0.3457  data_time: 0.0137  memory: 3097  grad_norm: 398.2174  loss: 38.2576  decode.loss_cls: 0.6356  decode.loss_mask: 1.4019  decode.loss_dice: 1.6425  decode.d0.loss_cls: 1.2386  decode.d0.loss_mask: 1.4580  decode.d0.loss_dice: 1.8103  decode.d1.loss_cls: 0.8632  decode.d1.loss_mask: 1.4386  decode.d1.loss_dice: 1.7276  decode.d2.loss_cls: 0.7102  decode.d2.loss_mask: 1.4142  decode.d2.loss_dice: 1.6827  decode.d3.loss_cls: 0.6570  decode.d3.loss_mask: 1.4121  decode.d3.loss_dice: 1.6769  decode.d4.loss_cls: 0.6595  decode.d4.loss_mask: 1.4111  decode.d4.loss_dice: 1.6641  decode.d5.loss_cls: 0.6343  decode.d5.loss_mask: 1.4081  decode.d5.loss_dice: 1.6470  decode.d6.loss_cls: 0.6425  decode.d6.loss_mask: 1.3978  decode.d6.loss_dice: 1.6389  decode.d7.loss_cls: 0.6326  decode.d7.loss_mask: 1.4013  decode.d7.loss_dice: 1.6533  decode.d8.loss_cls: 0.6472  decode.d8.loss_mask: 1.3984  decode.d8.loss_dice: 1.6521
2026/06/15 16:52:42 - mmengine - INFO - Iter(train) [13650/20000]  base_lr: 3.8200e-05 lr: 3.8200e-05  eta: 0:39:25  time: 0.3459  data_time: 0.0134  memory: 3104  grad_norm: 362.2404  loss: 38.8173  decode.loss_cls: 0.5634  decode.loss_mask: 1.3820  decode.loss_dice: 1.7581  decode.d0.loss_cls: 1.2945  decode.d0.loss_mask: 1.4388  decode.d0.loss_dice: 1.9382  decode.d1.loss_cls: 0.8331  decode.d1.loss_mask: 1.4214  decode.d1.loss_dice: 1.8971  decode.d2.loss_cls: 0.7310  decode.d2.loss_mask: 1.3725  decode.d2.loss_dice: 1.8072  decode.d3.loss_cls: 0.6729  decode.d3.loss_mask: 1.3843  decode.d3.loss_dice: 1.7672  decode.d4.loss_cls: 0.6503  decode.d4.loss_mask: 1.3699  decode.d4.loss_dice: 1.7591  decode.d5.loss_cls: 0.5788  decode.d5.loss_mask: 1.3808  decode.d5.loss_dice: 1.7669  decode.d6.loss_cls: 0.5541  decode.d6.loss_mask: 1.3739  decode.d6.loss_dice: 1.7462  decode.d7.loss_cls: 0.5496  decode.d7.loss_mask: 1.3777  decode.d7.loss_dice: 1.7599  decode.d8.loss_cls: 0.5538  decode.d8.loss_mask: 1.3765  decode.d8.loss_dice: 1.7579
