2026/06/09 15:29:37 - mmengine - INFO - 
------------------------------------------------------------
System environment:
    sys.platform: linux
    Python: 3.12.13 | packaged by Anaconda, Inc. | (main, Mar 19 2026, 20:20:58) [GCC 14.3.0]
    CUDA available: True
    MUSA available: False
    numpy_random_seed: 1716418613
    GPU 0,1,2,3,4,5,6,7: NVIDIA A40
    CUDA_HOME: /home/users_model/miniconda3/envs/mmseg_dino
    NVCC: Cuda compilation tools, release 12.9, V12.9.86
    GCC: gcc (Ubuntu 9.4.0-1ubuntu1~20.04.2) 9.4.0
    PyTorch: 2.7.1
    PyTorch compiling details: PyTorch built with:
  - GCC 14.3
  - C++ Version: 201703
  - Intel(R) oneAPI Math Kernel Library Version 2024.2.2-Product Build 20240823 for Intel(R) 64 architecture applications
  - Intel(R) MKL-DNN v3.7.1 (Git Hash d21fc6dbb4db827872fc8cf05e70f6771bd4937b)
  - OpenMP 201511 (a.k.a. OpenMP 4.5)
  - LAPACK is enabled (usually provided by MKL)
  - NNPACK is enabled
  - CPU capability usage: AVX512
  - CUDA Runtime 12.9
  - NVCC architecture flags: -gencode;arch=compute_50,code=sm_50;-gencode;arch=compute_60,code=sm_60;-gencode;arch=compute_70,code=sm_70;-gencode;arch=compute_75,code=sm_75;-gencode;arch=compute_80,code=sm_80;-gencode;arch=compute_86,code=sm_86;-gencode;arch=compute_90,code=sm_90;-gencode;arch=compute_100,code=sm_100;-gencode;arch=compute_120,code=sm_120;-gencode;arch=compute_120,code=compute_120
  - CuDNN 91.0.2
    - Built with CuDNN 91.0.1
  - Magma 2.9.0
  - Build settings: BLAS_INFO=mkl, BUILD_TYPE=Release, COMMIT_SHA=Unknown, CUDA_VERSION=12.9, CUDNN_VERSION=9.10.1, CXX_COMPILER=/home/conda/feedstock_root/build_artifacts/libtorch_1753846581042/_build_env/bin/x86_64-conda-linux-gnu-c++, CXX_FLAGS=-fmessage-length=0 -march=nocona -mtune=haswell -ftree-vectorize -fPIC -fstack-protector-strong -fno-plt -O2 -ffunction-sections -pipe -isystem /home/conda/feedstock_root/build_artifacts/libtorch_1753846581042/_h_env_placehold_placehold_placehold_placehold_placehold_placehold_placehold_placehold_placehold_placehold_placehold_placehold_placehold_placehold_placehold_placehold_placehold_placehold_pl/include -fdebug-prefix-map=/home/conda/feedstock_root/build_artifacts/libtorch_1753846581042/work=/usr/local/src/conda/libtorch-2.7.1 -fdebug-prefix-map=/home/conda/feedstock_root/build_artifacts/libtorch_1753846581042/_h_env_placehold_placehold_placehold_placehold_placehold_placehold_placehold_placehold_placehold_placehold_placehold_placehold_placehold_placehold_placehold_placehold_placehold_placehold_pl=/usr/local/src/conda-prefix -I/home/conda/feedstock_root/build_artifacts/libtorch_1753846581042/_h_env_placehold_placehold_placehold_placehold_placehold_placehold_placehold_placehold_placehold_placehold_placehold_placehold_placehold_placehold_placehold_placehold_placehold_placehold_pl/targets/x86_64-linux/include -I/home/conda/feedstock_root/build_artifacts/libtorch_1753846581042/_build_env/targets/x86_64-linux/include -w -Wno-deprecated-declarations -Wno-error=maybe-uninitialized -D_GLIBCXX_USE_CXX11_ABI=1 -fvisibility-inlines-hidden -DUSE_PTHREADPOOL -DNDEBUG -DUSE_KINETO -DLIBKINETO_NOROCTRACER -DLIBKINETO_NOXPUPTI=ON -DUSE_FBGEMM -DUSE_PYTORCH_QNNPACK -DUSE_XNNPACK -DSYMBOLICATE_MOBILE_DEBUG_HANDLE -O2 -fPIC -Wall -Wextra -Werror=return-type -Werror=non-virtual-dtor -Werror=range-loop-construct -Werror=bool-operation -Wnarrowing -Wno-missing-field-initializers -Wno-unknown-pragmas -Wno-unused-parameter -Wno-strict-overflow -Wno-strict-aliasing -Wno-stringop-overflow -Wsuggest-override -Wno-psabi -Wno-error=old-style-cast -fdiagnostics-color=always -faligned-new -Wno-maybe-uninitialized -fno-math-errno -fno-trapping-math -Werror=format -Wno-dangling-reference -Wno-error=dangling-reference -Wno-error=redundant-move -Wno-stringop-overflow, LAPACK_INFO=mkl, PERF_WITH_AVX=1, PERF_WITH_AVX2=1, TORCH_VERSION=2.7.1, USE_CUDA=1, USE_CUDNN=ON, USE_CUSPARSELT=OFF, USE_GFLAGS=OFF, USE_GLOG=OFF, USE_GLOO=ON, USE_MKL=ON, USE_MKLDNN=1, USE_MPI=OFF, USE_NCCL=ON, USE_NNPACK=ON, USE_OPENMP=ON, USE_ROCM=OFF, USE_ROCM_KERNEL_ASSERT=OFF, 

    TorchVision: 0.22.1
    OpenCV: 4.13.0
    MMEngine: 0.10.7

Runtime environment:
    cudnn_benchmark: True
    mp_cfg: {'mp_start_method': 'fork', 'opencv_num_threads': 0}
    dist_cfg: {'backend': 'nccl'}
    seed: 1716418613
    Distributed launcher: none
    Distributed training: False
    GPU number: 1
------------------------------------------------------------

2026/06/09 15:29:37 - mmengine - INFO - Config:
DINO_CKPT = '/mnt/ht2_nas2/00-model/00-fb/mmseg_data/weights/dinov3_vits16_pretrain_lvd1689m-08c60483.pth'
PASTIS_ROOT = '/mnt/ht2_nas2/00-model/00-fb/mmseg_data/PASTIS-R'
auto_scale_lr = dict(base_batch_size=16, enable=False)
crop_size = (
    512,
    512,
)
custom_imports = dict(
    allow_failed_imports=False,
    imports=[
        'custom_models.dinov3_backbone',
        'custom_datasets.pastis',
    ])
data_preprocessor = dict(
    bgr_to_rgb=False,
    mean=[
        1436.7,
        1387.7,
        1180.2,
    ],
    pad_val=0,
    seg_pad_val=255,
    size=(
        512,
        512,
    ),
    std=[
        1996.2,
        1916.8,
        1976.7,
    ],
    test_cfg=dict(size_divisor=32),
    type='SegDataPreProcessor')
data_root = 'data/ade/ADEChallengeData2016'
dataset_type = 'ADE20KDataset'
default_hooks = dict(
    checkpoint=dict(
        by_epoch=False, interval=2000, save_best='mIoU',
        type='CheckpointHook'),
    logger=dict(interval=50, log_metric_by_epoch=False, type='LoggerHook'),
    param_scheduler=dict(type='ParamSchedulerHook'),
    sampler_seed=dict(type='DistSamplerSeedHook'),
    timer=dict(type='IterTimerHook'),
    visualization=dict(type='SegVisualizationHook'))
default_scope = 'mmseg'
embed_multi = dict(decay_mult=0.0, lr_mult=1.0)
env_cfg = dict(
    cudnn_benchmark=True,
    dist_cfg=dict(backend='nccl'),
    mp_cfg=dict(mp_start_method='fork', opencv_num_threads=0))
img_ratios = [
    0.5,
    0.75,
    1.0,
    1.25,
    1.5,
    1.75,
]
img_size = 512
launcher = 'none'
load_from = None
log_level = 'INFO'
log_processor = dict(by_epoch=False)
model = dict(
    backbone=dict(
        arch='vit_small',
        checkpoint=
        '/mnt/ht2_nas2/00-model/00-fb/mmseg_data/weights/dinov3_vits16_pretrain_lvd1689m-08c60483.pth',
        freeze_backbone=True,
        patch_size=16,
        type='DINOv3BackboneMmseg'),
    data_preprocessor=dict(
        bgr_to_rgb=False,
        mean=[
            1436.7,
            1387.7,
            1180.2,
        ],
        pad_val=0,
        seg_pad_val=255,
        size=(
            512,
            512,
        ),
        std=[
            1996.2,
            1916.8,
            1976.7,
        ],
        test_cfg=dict(size_divisor=32),
        type='SegDataPreProcessor'),
    decode_head=dict(
        align_corners=False,
        enforce_decoder_input_project=False,
        feat_channels=256,
        in_channels=[
            384,
            384,
            384,
            384,
        ],
        loss_cls=dict(
            class_weight=[
                1.0,
                1.0,
                1.0,
                1.0,
                1.0,
                1.0,
                1.0,
                1.0,
                1.0,
                1.0,
                1.0,
                1.0,
                1.0,
                1.0,
                1.0,
                1.0,
                1.0,
                1.0,
                0.1,
            ],
            loss_weight=2.0,
            reduction='mean',
            type='mmdet.CrossEntropyLoss',
            use_sigmoid=False),
        loss_dice=dict(
            activate=True,
            eps=1.0,
            loss_weight=5.0,
            naive_dice=True,
            reduction='mean',
            type='mmdet.DiceLoss',
            use_sigmoid=True),
        loss_mask=dict(
            loss_weight=5.0,
            reduction='mean',
            type='mmdet.CrossEntropyLoss',
            use_sigmoid=True),
        num_classes=18,
        num_queries=100,
        num_transformer_feat_level=3,
        out_channels=256,
        pixel_decoder=dict(
            act_cfg=dict(type='ReLU'),
            encoder=dict(
                init_cfg=None,
                layer_cfg=dict(
                    ffn_cfg=dict(
                        act_cfg=dict(inplace=True, type='ReLU'),
                        embed_dims=256,
                        feedforward_channels=1024,
                        ffn_drop=0.0,
                        num_fcs=2),
                    self_attn_cfg=dict(
                        batch_first=True,
                        dropout=0.0,
                        embed_dims=256,
                        im2col_step=64,
                        init_cfg=None,
                        norm_cfg=None,
                        num_heads=8,
                        num_levels=3,
                        num_points=4)),
                num_layers=6),
            init_cfg=None,
            norm_cfg=dict(num_groups=32, type='GN'),
            num_outs=3,
            positional_encoding=dict(normalize=True, num_feats=128),
            type='mmdet.MSDeformAttnPixelDecoder'),
        positional_encoding=dict(normalize=True, num_feats=128),
        strides=[
            4,
            8,
            16,
            32,
        ],
        train_cfg=dict(
            assigner=dict(
                match_costs=[
                    dict(type='mmdet.ClassificationCost', weight=2.0),
                    dict(
                        type='mmdet.CrossEntropyLossCost',
                        use_sigmoid=True,
                        weight=5.0),
                    dict(
                        eps=1.0,
                        pred_act=True,
                        type='mmdet.DiceCost',
                        weight=5.0),
                ],
                type='mmdet.HungarianAssigner'),
            importance_sample_ratio=0.75,
            num_points=12544,
            oversample_ratio=3.0,
            sampler=dict(type='mmdet.MaskPseudoSampler')),
        transformer_decoder=dict(
            init_cfg=None,
            layer_cfg=dict(
                cross_attn_cfg=dict(
                    attn_drop=0.0,
                    batch_first=True,
                    dropout_layer=None,
                    embed_dims=256,
                    num_heads=8,
                    proj_drop=0.0),
                ffn_cfg=dict(
                    act_cfg=dict(inplace=True, type='ReLU'),
                    add_identity=True,
                    dropout_layer=None,
                    embed_dims=256,
                    feedforward_channels=2048,
                    ffn_drop=0.0,
                    num_fcs=2),
                self_attn_cfg=dict(
                    attn_drop=0.0,
                    batch_first=True,
                    dropout_layer=None,
                    embed_dims=256,
                    num_heads=8,
                    proj_drop=0.0)),
            num_layers=9,
            return_intermediate=True),
        type='Mask2FormerHead'),
    test_cfg=dict(mode='whole'),
    train_cfg=dict(),
    type='EncoderDecoder')
num_classes = 18
optim_wrapper = dict(
    clip_grad=dict(max_norm=0.01, norm_type=2),
    optimizer=dict(
        betas=(
            0.9,
            0.999,
        ),
        eps=1e-08,
        lr=0.0001,
        type='AdamW',
        weight_decay=0.05),
    paramwise_cfg=dict(
        custom_keys=dict(
            backbone=dict(decay_mult=1.0, lr_mult=0.1),
            level_embed=dict(decay_mult=0.0, lr_mult=1.0),
            query_embed=dict(decay_mult=0.0, lr_mult=1.0),
            query_feat=dict(decay_mult=0.0, lr_mult=1.0)),
        norm_decay_mult=0.0),
    type='OptimWrapper')
optimizer = dict(
    betas=(
        0.9,
        0.999,
    ),
    eps=1e-08,
    lr=0.0001,
    type='AdamW',
    weight_decay=0.05)
param_scheduler = [
    dict(
        begin=0,
        by_epoch=False,
        end=40000,
        eta_min=0,
        power=0.9,
        type='PolyLR'),
]
resume = False
test_cfg = dict(type='TestLoop')
test_dataloader = dict(
    batch_size=2,
    dataset=dict(
        data_root='/mnt/ht2_nas2/00-model/00-fb/mmseg_data/PASTIS-R',
        pipeline=[
            dict(img_size=512, type='LoadPASTISRaster'),
            dict(type='PackSegInputs'),
        ],
        split='val',
        type='PASTISRasterDataset'),
    num_workers=2,
    persistent_workers=True,
    sampler=dict(shuffle=False, type='DefaultSampler'))
test_evaluator = dict(
    iou_metrics=[
        'mIoU',
    ], type='IoUMetric')
test_pipeline = [
    dict(type='LoadImageFromFile'),
    dict(keep_ratio=True, scale=(
        2048,
        512,
    ), type='Resize'),
    dict(reduce_zero_label=True, type='LoadAnnotations'),
    dict(type='PackSegInputs'),
]
train_cfg = dict(max_iters=40000, type='IterBasedTrainLoop', val_interval=2000)
train_dataloader = dict(
    batch_size=4,
    dataset=dict(
        data_root='/mnt/ht2_nas2/00-model/00-fb/mmseg_data/PASTIS-R',
        pipeline=[
            dict(img_size=512, type='LoadPASTISRaster'),
            dict(prob=0.5, type='RandomFlip'),
            dict(type='PackSegInputs'),
        ],
        split='train',
        type='PASTISRasterDataset'),
    num_workers=4,
    persistent_workers=True,
    sampler=dict(shuffle=True, type='InfiniteSampler'))
train_pipeline = [
    dict(img_size=512, type='LoadPASTISRaster'),
    dict(prob=0.5, type='RandomFlip'),
    dict(type='PackSegInputs'),
]
tta_model = dict(type='SegTTAModel')
tta_pipeline = [
    dict(backend_args=None, type='LoadImageFromFile'),
    dict(
        transforms=[
            [
                dict(keep_ratio=True, scale_factor=0.5, type='Resize'),
                dict(keep_ratio=True, scale_factor=0.75, type='Resize'),
                dict(keep_ratio=True, scale_factor=1.0, type='Resize'),
                dict(keep_ratio=True, scale_factor=1.25, type='Resize'),
                dict(keep_ratio=True, scale_factor=1.5, type='Resize'),
                dict(keep_ratio=True, scale_factor=1.75, type='Resize'),
            ],
            [
                dict(direction='horizontal', prob=0.0, type='RandomFlip'),
                dict(direction='horizontal', prob=1.0, type='RandomFlip'),
            ],
            [
                dict(type='LoadAnnotations'),
            ],
            [
                dict(type='PackSegInputs'),
            ],
        ],
        type='TestTimeAug'),
]
val_cfg = dict(type='ValLoop')
val_dataloader = dict(
    batch_size=2,
    dataset=dict(
        data_root='/mnt/ht2_nas2/00-model/00-fb/mmseg_data/PASTIS-R',
        pipeline=[
            dict(img_size=512, type='LoadPASTISRaster'),
            dict(type='PackSegInputs'),
        ],
        split='val',
        type='PASTISRasterDataset'),
    num_workers=2,
    persistent_workers=True,
    sampler=dict(shuffle=False, type='DefaultSampler'))
val_evaluator = dict(
    iou_metrics=[
        'mIoU',
    ], type='IoUMetric')
val_pipeline = [
    dict(img_size=512, type='LoadPASTISRaster'),
    dict(type='PackSegInputs'),
]
vis_backends = [
    dict(type='LocalVisBackend'),
]
visualizer = dict(
    name='visualizer',
    type='SegLocalVisualizer',
    vis_backends=[
        dict(type='LocalVisBackend'),
    ])
work_dir = './work_dirs/'

2026/06/09 15:29:45 - mmengine - INFO - Distributed training is not used, all SyncBatchNorm (SyncBN) layers in the model will be automatically reverted to BatchNormXd layers if they are used.
2026/06/09 15:29:45 - mmengine - INFO - Hooks will be executed in the following order:
before_run:
(VERY_HIGH   ) RuntimeInfoHook                    
(BELOW_NORMAL) LoggerHook                         
 -------------------- 
before_train:
(VERY_HIGH   ) RuntimeInfoHook                    
(NORMAL      ) IterTimerHook                      
(VERY_LOW    ) CheckpointHook                     
 -------------------- 
before_train_epoch:
(VERY_HIGH   ) RuntimeInfoHook                    
(NORMAL      ) IterTimerHook                      
(NORMAL      ) DistSamplerSeedHook                
 -------------------- 
before_train_iter:
(VERY_HIGH   ) RuntimeInfoHook                    
(NORMAL      ) IterTimerHook                      
 -------------------- 
after_train_iter:
(VERY_HIGH   ) RuntimeInfoHook                    
(NORMAL      ) IterTimerHook                      
(BELOW_NORMAL) LoggerHook                         
(LOW         ) ParamSchedulerHook                 
(VERY_LOW    ) CheckpointHook                     
 -------------------- 
after_train_epoch:
(NORMAL      ) IterTimerHook                      
(LOW         ) ParamSchedulerHook                 
(VERY_LOW    ) CheckpointHook                     
 -------------------- 
before_val:
(VERY_HIGH   ) RuntimeInfoHook                    
 -------------------- 
before_val_epoch:
(NORMAL      ) IterTimerHook                      
 -------------------- 
before_val_iter:
(NORMAL      ) IterTimerHook                      
 -------------------- 
after_val_iter:
(NORMAL      ) IterTimerHook                      
(NORMAL      ) SegVisualizationHook               
(BELOW_NORMAL) LoggerHook                         
 -------------------- 
after_val_epoch:
(VERY_HIGH   ) RuntimeInfoHook                    
(NORMAL      ) IterTimerHook                      
(BELOW_NORMAL) LoggerHook                         
(LOW         ) ParamSchedulerHook                 
(VERY_LOW    ) CheckpointHook                     
 -------------------- 
after_val:
(VERY_HIGH   ) RuntimeInfoHook                    
 -------------------- 
after_train:
(VERY_HIGH   ) RuntimeInfoHook                    
(VERY_LOW    ) CheckpointHook                     
 -------------------- 
before_test:
(VERY_HIGH   ) RuntimeInfoHook                    
 -------------------- 
before_test_epoch:
(NORMAL      ) IterTimerHook                      
 -------------------- 
before_test_iter:
(NORMAL      ) IterTimerHook                      
 -------------------- 
after_test_iter:
(NORMAL      ) IterTimerHook                      
(NORMAL      ) SegVisualizationHook               
(BELOW_NORMAL) LoggerHook                         
 -------------------- 
after_test_epoch:
(VERY_HIGH   ) RuntimeInfoHook                    
(NORMAL      ) IterTimerHook                      
(BELOW_NORMAL) LoggerHook                         
 -------------------- 
after_test:
(VERY_HIGH   ) RuntimeInfoHook                    
 -------------------- 
after_run:
(BELOW_NORMAL) LoggerHook                         
 -------------------- 
2026/06/09 15:29:45 - mmengine - INFO - paramwise_options -- backbone.adapter.level_embed:lr=0.0001
2026/06/09 15:29:45 - mmengine - INFO - paramwise_options -- backbone.adapter.level_embed:weight_decay=0.0
2026/06/09 15:29:45 - mmengine - INFO - paramwise_options -- backbone.adapter.level_embed:lr_mult=1.0
2026/06/09 15:29:45 - mmengine - INFO - paramwise_options -- backbone.adapter.level_embed:decay_mult=0.0
2026/06/09 15:29:45 - mmengine - WARNING - backbone.adapter.backbone.cls_token is skipped since its requires_grad=False
2026/06/09 15:29:45 - mmengine - WARNING - backbone.adapter.backbone.mask_token is skipped since its requires_grad=False
2026/06/09 15:29:45 - mmengine - WARNING - backbone.adapter.backbone.patch_embed.proj.weight is skipped since its requires_grad=False
2026/06/09 15:29:45 - mmengine - WARNING - backbone.adapter.backbone.patch_embed.proj.bias is skipped since its requires_grad=False
2026/06/09 15:29:45 - mmengine - WARNING - backbone.adapter.backbone.blocks.0.norm1.weight is skipped since its requires_grad=False
2026/06/09 15:29:45 - mmengine - WARNING - backbone.adapter.backbone.blocks.0.norm1.bias is skipped since its requires_grad=False
2026/06/09 15:29:45 - mmengine - WARNING - backbone.adapter.backbone.blocks.0.attn.qkv.weight is skipped since its requires_grad=False
2026/06/09 15:29:45 - mmengine - WARNING - backbone.adapter.backbone.blocks.0.attn.qkv.bias is skipped since its requires_grad=False
2026/06/09 15:29:45 - mmengine - WARNING - backbone.adapter.backbone.blocks.0.attn.proj.weight is skipped since its requires_grad=False
2026/06/09 15:29:45 - mmengine - WARNING - backbone.adapter.backbone.blocks.0.attn.proj.bias is skipped since its requires_grad=False
2026/06/09 15:29:45 - mmengine - WARNING - backbone.adapter.backbone.blocks.0.ls1.gamma is skipped since its requires_grad=False
2026/06/09 15:29:45 - mmengine - WARNING - backbone.adapter.backbone.blocks.0.norm2.weight is skipped since its requires_grad=False
2026/06/09 15:29:45 - mmengine - WARNING - backbone.adapter.backbone.blocks.0.norm2.bias is skipped since its requires_grad=False
2026/06/09 15:29:45 - mmengine - WARNING - backbone.adapter.backbone.blocks.0.mlp.fc1.weight is skipped since its requires_grad=False
2026/06/09 15:29:45 - mmengine - WARNING - backbone.adapter.backbone.blocks.0.mlp.fc1.bias is skipped since its requires_grad=False
2026/06/09 15:29:45 - mmengine - WARNING - backbone.adapter.backbone.blocks.0.mlp.fc2.weight is skipped since its requires_grad=False
2026/06/09 15:29:45 - mmengine - WARNING - backbone.adapter.backbone.blocks.0.mlp.fc2.bias is skipped since its requires_grad=False
2026/06/09 15:29:45 - mmengine - WARNING - backbone.adapter.backbone.blocks.0.ls2.gamma is skipped since its requires_grad=False
2026/06/09 15:29:45 - mmengine - WARNING - backbone.adapter.backbone.blocks.1.norm1.weight is skipped since its requires_grad=False
2026/06/09 15:29:45 - mmengine - WARNING - backbone.adapter.backbone.blocks.1.norm1.bias is skipped since its requires_grad=False
2026/06/09 15:29:45 - mmengine - WARNING - backbone.adapter.backbone.blocks.1.attn.qkv.weight is skipped since its requires_grad=False
2026/06/09 15:29:45 - mmengine - WARNING - backbone.adapter.backbone.blocks.1.attn.qkv.bias is skipped since its requires_grad=False
2026/06/09 15:29:45 - mmengine - WARNING - backbone.adapter.backbone.blocks.1.attn.proj.weight is skipped since its requires_grad=False
2026/06/09 15:29:45 - mmengine - WARNING - backbone.adapter.backbone.blocks.1.attn.proj.bias is skipped since its requires_grad=False
2026/06/09 15:29:45 - mmengine - WARNING - backbone.adapter.backbone.blocks.1.ls1.gamma is skipped since its requires_grad=False
2026/06/09 15:29:45 - mmengine - WARNING - backbone.adapter.backbone.blocks.1.norm2.weight is skipped since its requires_grad=False
2026/06/09 15:29:45 - mmengine - WARNING - backbone.adapter.backbone.blocks.1.norm2.bias is skipped since its requires_grad=False
2026/06/09 15:29:45 - mmengine - WARNING - backbone.adapter.backbone.blocks.1.mlp.fc1.weight is skipped since its requires_grad=False
2026/06/09 15:29:45 - mmengine - WARNING - backbone.adapter.backbone.blocks.1.mlp.fc1.bias is skipped since its requires_grad=False
2026/06/09 15:29:45 - mmengine - WARNING - backbone.adapter.backbone.blocks.1.mlp.fc2.weight is skipped since its requires_grad=False
2026/06/09 15:29:45 - mmengine - WARNING - backbone.adapter.backbone.blocks.1.mlp.fc2.bias is skipped since its requires_grad=False
2026/06/09 15:29:45 - mmengine - WARNING - backbone.adapter.backbone.blocks.1.ls2.gamma is skipped since its requires_grad=False
2026/06/09 15:29:45 - mmengine - WARNING - backbone.adapter.backbone.blocks.2.norm1.weight is skipped since its requires_grad=False
2026/06/09 15:29:45 - mmengine - WARNING - backbone.adapter.backbone.blocks.2.norm1.bias is skipped since its requires_grad=False
2026/06/09 15:29:45 - mmengine - WARNING - backbone.adapter.backbone.blocks.2.attn.qkv.weight is skipped since its requires_grad=False
2026/06/09 15:29:45 - mmengine - WARNING - backbone.adapter.backbone.blocks.2.attn.qkv.bias is skipped since its requires_grad=False
2026/06/09 15:29:45 - mmengine - WARNING - backbone.adapter.backbone.blocks.2.attn.proj.weight is skipped since its requires_grad=False
2026/06/09 15:29:45 - mmengine - WARNING - backbone.adapter.backbone.blocks.2.attn.proj.bias is skipped since its requires_grad=False
2026/06/09 15:29:45 - mmengine - WARNING - backbone.adapter.backbone.blocks.2.ls1.gamma is skipped since its requires_grad=False
2026/06/09 15:29:45 - mmengine - WARNING - backbone.adapter.backbone.blocks.2.norm2.weight is skipped since its requires_grad=False
2026/06/09 15:29:45 - mmengine - WARNING - backbone.adapter.backbone.blocks.2.norm2.bias is skipped since its requires_grad=False
2026/06/09 15:29:45 - mmengine - WARNING - backbone.adapter.backbone.blocks.2.mlp.fc1.weight is skipped since its requires_grad=False
2026/06/09 15:29:45 - mmengine - WARNING - backbone.adapter.backbone.blocks.2.mlp.fc1.bias is skipped since its requires_grad=False
2026/06/09 15:29:45 - mmengine - WARNING - backbone.adapter.backbone.blocks.2.mlp.fc2.weight is skipped since its requires_grad=False
2026/06/09 15:29:45 - mmengine - WARNING - backbone.adapter.backbone.blocks.2.mlp.fc2.bias is skipped since its requires_grad=False
2026/06/09 15:29:45 - mmengine - WARNING - backbone.adapter.backbone.blocks.2.ls2.gamma is skipped since its requires_grad=False
2026/06/09 15:29:45 - mmengine - WARNING - backbone.adapter.backbone.blocks.3.norm1.weight is skipped since its requires_grad=False
2026/06/09 15:29:45 - mmengine - WARNING - backbone.adapter.backbone.blocks.3.norm1.bias is skipped since its requires_grad=False
2026/06/09 15:29:45 - mmengine - WARNING - backbone.adapter.backbone.blocks.3.attn.qkv.weight is skipped since its requires_grad=False
2026/06/09 15:29:45 - mmengine - WARNING - backbone.adapter.backbone.blocks.3.attn.qkv.bias is skipped since its requires_grad=False
2026/06/09 15:29:45 - mmengine - WARNING - backbone.adapter.backbone.blocks.3.attn.proj.weight is skipped since its requires_grad=False
2026/06/09 15:29:45 - mmengine - WARNING - backbone.adapter.backbone.blocks.3.attn.proj.bias is skipped since its requires_grad=False
2026/06/09 15:29:45 - mmengine - WARNING - backbone.adapter.backbone.blocks.3.ls1.gamma is skipped since its requires_grad=False
2026/06/09 15:29:45 - mmengine - WARNING - backbone.adapter.backbone.blocks.3.norm2.weight is skipped since its requires_grad=False
2026/06/09 15:29:45 - mmengine - WARNING - backbone.adapter.backbone.blocks.3.norm2.bias is skipped since its requires_grad=False
2026/06/09 15:29:45 - mmengine - WARNING - backbone.adapter.backbone.blocks.3.mlp.fc1.weight is skipped since its requires_grad=False
2026/06/09 15:29:45 - mmengine - WARNING - backbone.adapter.backbone.blocks.3.mlp.fc1.bias is skipped since its requires_grad=False
2026/06/09 15:29:45 - mmengine - WARNING - backbone.adapter.backbone.blocks.3.mlp.fc2.weight is skipped since its requires_grad=False
2026/06/09 15:29:45 - mmengine - WARNING - backbone.adapter.backbone.blocks.3.mlp.fc2.bias is skipped since its requires_grad=False
2026/06/09 15:29:45 - mmengine - WARNING - backbone.adapter.backbone.blocks.3.ls2.gamma is skipped since its requires_grad=False
2026/06/09 15:29:45 - mmengine - WARNING - backbone.adapter.backbone.blocks.4.norm1.weight is skipped since its requires_grad=False
2026/06/09 15:29:45 - mmengine - WARNING - backbone.adapter.backbone.blocks.4.norm1.bias is skipped since its requires_grad=False
2026/06/09 15:29:45 - mmengine - WARNING - backbone.adapter.backbone.blocks.4.attn.qkv.weight is skipped since its requires_grad=False
2026/06/09 15:29:45 - mmengine - WARNING - backbone.adapter.backbone.blocks.4.attn.qkv.bias is skipped since its requires_grad=False
2026/06/09 15:29:45 - mmengine - WARNING - backbone.adapter.backbone.blocks.4.attn.proj.weight is skipped since its requires_grad=False
2026/06/09 15:29:45 - mmengine - WARNING - backbone.adapter.backbone.blocks.4.attn.proj.bias is skipped since its requires_grad=False
2026/06/09 15:29:45 - mmengine - WARNING - backbone.adapter.backbone.blocks.4.ls1.gamma is skipped since its requires_grad=False
2026/06/09 15:29:45 - mmengine - WARNING - backbone.adapter.backbone.blocks.4.norm2.weight is skipped since its requires_grad=False
2026/06/09 15:29:45 - mmengine - WARNING - backbone.adapter.backbone.blocks.4.norm2.bias is skipped since its requires_grad=False
2026/06/09 15:29:45 - mmengine - WARNING - backbone.adapter.backbone.blocks.4.mlp.fc1.weight is skipped since its requires_grad=False
2026/06/09 15:29:45 - mmengine - WARNING - backbone.adapter.backbone.blocks.4.mlp.fc1.bias is skipped since its requires_grad=False
2026/06/09 15:29:45 - mmengine - WARNING - backbone.adapter.backbone.blocks.4.mlp.fc2.weight is skipped since its requires_grad=False
2026/06/09 15:29:45 - mmengine - WARNING - backbone.adapter.backbone.blocks.4.mlp.fc2.bias is skipped since its requires_grad=False
2026/06/09 15:29:45 - mmengine - WARNING - backbone.adapter.backbone.blocks.4.ls2.gamma is skipped since its requires_grad=False
2026/06/09 15:29:45 - mmengine - WARNING - backbone.adapter.backbone.blocks.5.norm1.weight is skipped since its requires_grad=False
2026/06/09 15:29:45 - mmengine - WARNING - backbone.adapter.backbone.blocks.5.norm1.bias is skipped since its requires_grad=False
2026/06/09 15:29:45 - mmengine - WARNING - backbone.adapter.backbone.blocks.5.attn.qkv.weight is skipped since its requires_grad=False
2026/06/09 15:29:45 - mmengine - WARNING - backbone.adapter.backbone.blocks.5.attn.qkv.bias is skipped since its requires_grad=False
2026/06/09 15:29:45 - mmengine - WARNING - backbone.adapter.backbone.blocks.5.attn.proj.weight is skipped since its requires_grad=False
2026/06/09 15:29:45 - mmengine - WARNING - backbone.adapter.backbone.blocks.5.attn.proj.bias is skipped since its requires_grad=False
2026/06/09 15:29:45 - mmengine - WARNING - backbone.adapter.backbone.blocks.5.ls1.gamma is skipped since its requires_grad=False
2026/06/09 15:29:45 - mmengine - WARNING - backbone.adapter.backbone.blocks.5.norm2.weight is skipped since its requires_grad=False
2026/06/09 15:29:45 - mmengine - WARNING - backbone.adapter.backbone.blocks.5.norm2.bias is skipped since its requires_grad=False
2026/06/09 15:29:45 - mmengine - WARNING - backbone.adapter.backbone.blocks.5.mlp.fc1.weight is skipped since its requires_grad=False
2026/06/09 15:29:45 - mmengine - WARNING - backbone.adapter.backbone.blocks.5.mlp.fc1.bias is skipped since its requires_grad=False
2026/06/09 15:29:45 - mmengine - WARNING - backbone.adapter.backbone.blocks.5.mlp.fc2.weight is skipped since its requires_grad=False
2026/06/09 15:29:45 - mmengine - WARNING - backbone.adapter.backbone.blocks.5.mlp.fc2.bias is skipped since its requires_grad=False
2026/06/09 15:29:45 - mmengine - WARNING - backbone.adapter.backbone.blocks.5.ls2.gamma is skipped since its requires_grad=False
2026/06/09 15:29:45 - mmengine - WARNING - backbone.adapter.backbone.blocks.6.norm1.weight is skipped since its requires_grad=False
2026/06/09 15:29:45 - mmengine - WARNING - backbone.adapter.backbone.blocks.6.norm1.bias is skipped since its requires_grad=False
2026/06/09 15:29:45 - mmengine - WARNING - backbone.adapter.backbone.blocks.6.attn.qkv.weight is skipped since its requires_grad=False
2026/06/09 15:29:45 - mmengine - WARNING - backbone.adapter.backbone.blocks.6.attn.qkv.bias is skipped since its requires_grad=False
2026/06/09 15:29:45 - mmengine - WARNING - backbone.adapter.backbone.blocks.6.attn.proj.weight is skipped since its requires_grad=False
2026/06/09 15:29:45 - mmengine - WARNING - backbone.adapter.backbone.blocks.6.attn.proj.bias is skipped since its requires_grad=False
2026/06/09 15:29:45 - mmengine - WARNING - backbone.adapter.backbone.blocks.6.ls1.gamma is skipped since its requires_grad=False
2026/06/09 15:29:45 - mmengine - WARNING - backbone.adapter.backbone.blocks.6.norm2.weight is skipped since its requires_grad=False
2026/06/09 15:29:45 - mmengine - WARNING - backbone.adapter.backbone.blocks.6.norm2.bias is skipped since its requires_grad=False
2026/06/09 15:29:45 - mmengine - WARNING - backbone.adapter.backbone.blocks.6.mlp.fc1.weight is skipped since its requires_grad=False
2026/06/09 15:29:45 - mmengine - WARNING - backbone.adapter.backbone.blocks.6.mlp.fc1.bias is skipped since its requires_grad=False
2026/06/09 15:29:45 - mmengine - WARNING - backbone.adapter.backbone.blocks.6.mlp.fc2.weight is skipped since its requires_grad=False
2026/06/09 15:29:45 - mmengine - WARNING - backbone.adapter.backbone.blocks.6.mlp.fc2.bias is skipped since its requires_grad=False
2026/06/09 15:29:45 - mmengine - WARNING - backbone.adapter.backbone.blocks.6.ls2.gamma is skipped since its requires_grad=False
2026/06/09 15:29:45 - mmengine - WARNING - backbone.adapter.backbone.blocks.7.norm1.weight is skipped since its requires_grad=False
2026/06/09 15:29:45 - mmengine - WARNING - backbone.adapter.backbone.blocks.7.norm1.bias is skipped since its requires_grad=False
2026/06/09 15:29:45 - mmengine - WARNING - backbone.adapter.backbone.blocks.7.attn.qkv.weight is skipped since its requires_grad=False
2026/06/09 15:29:45 - mmengine - WARNING - backbone.adapter.backbone.blocks.7.attn.qkv.bias is skipped since its requires_grad=False
2026/06/09 15:29:45 - mmengine - WARNING - backbone.adapter.backbone.blocks.7.attn.proj.weight is skipped since its requires_grad=False
2026/06/09 15:29:45 - mmengine - WARNING - backbone.adapter.backbone.blocks.7.attn.proj.bias is skipped since its requires_grad=False
2026/06/09 15:29:45 - mmengine - WARNING - backbone.adapter.backbone.blocks.7.ls1.gamma is skipped since its requires_grad=False
2026/06/09 15:29:45 - mmengine - WARNING - backbone.adapter.backbone.blocks.7.norm2.weight is skipped since its requires_grad=False
2026/06/09 15:29:45 - mmengine - WARNING - backbone.adapter.backbone.blocks.7.norm2.bias is skipped since its requires_grad=False
2026/06/09 15:29:45 - mmengine - WARNING - backbone.adapter.backbone.blocks.7.mlp.fc1.weight is skipped since its requires_grad=False
2026/06/09 15:29:45 - mmengine - WARNING - backbone.adapter.backbone.blocks.7.mlp.fc1.bias is skipped since its requires_grad=False
2026/06/09 15:29:45 - mmengine - WARNING - backbone.adapter.backbone.blocks.7.mlp.fc2.weight is skipped since its requires_grad=False
2026/06/09 15:29:45 - mmengine - WARNING - backbone.adapter.backbone.blocks.7.mlp.fc2.bias is skipped since its requires_grad=False
2026/06/09 15:29:45 - mmengine - WARNING - backbone.adapter.backbone.blocks.7.ls2.gamma is skipped since its requires_grad=False
2026/06/09 15:29:45 - mmengine - WARNING - backbone.adapter.backbone.blocks.8.norm1.weight is skipped since its requires_grad=False
2026/06/09 15:29:45 - mmengine - WARNING - backbone.adapter.backbone.blocks.8.norm1.bias is skipped since its requires_grad=False
2026/06/09 15:29:45 - mmengine - WARNING - backbone.adapter.backbone.blocks.8.attn.qkv.weight is skipped since its requires_grad=False
2026/06/09 15:29:45 - mmengine - WARNING - backbone.adapter.backbone.blocks.8.attn.qkv.bias is skipped since its requires_grad=False
2026/06/09 15:29:45 - mmengine - WARNING - backbone.adapter.backbone.blocks.8.attn.proj.weight is skipped since its requires_grad=False
2026/06/09 15:29:45 - mmengine - WARNING - backbone.adapter.backbone.blocks.8.attn.proj.bias is skipped since its requires_grad=False
2026/06/09 15:29:45 - mmengine - WARNING - backbone.adapter.backbone.blocks.8.ls1.gamma is skipped since its requires_grad=False
2026/06/09 15:29:45 - mmengine - WARNING - backbone.adapter.backbone.blocks.8.norm2.weight is skipped since its requires_grad=False
2026/06/09 15:29:45 - mmengine - WARNING - backbone.adapter.backbone.blocks.8.norm2.bias is skipped since its requires_grad=False
2026/06/09 15:29:45 - mmengine - WARNING - backbone.adapter.backbone.blocks.8.mlp.fc1.weight is skipped since its requires_grad=False
2026/06/09 15:29:45 - mmengine - WARNING - backbone.adapter.backbone.blocks.8.mlp.fc1.bias is skipped since its requires_grad=False
2026/06/09 15:29:45 - mmengine - WARNING - backbone.adapter.backbone.blocks.8.mlp.fc2.weight is skipped since its requires_grad=False
2026/06/09 15:29:45 - mmengine - WARNING - backbone.adapter.backbone.blocks.8.mlp.fc2.bias is skipped since its requires_grad=False
2026/06/09 15:29:45 - mmengine - WARNING - backbone.adapter.backbone.blocks.8.ls2.gamma is skipped since its requires_grad=False
2026/06/09 15:29:45 - mmengine - WARNING - backbone.adapter.backbone.blocks.9.norm1.weight is skipped since its requires_grad=False
2026/06/09 15:29:45 - mmengine - WARNING - backbone.adapter.backbone.blocks.9.norm1.bias is skipped since its requires_grad=False
2026/06/09 15:29:45 - mmengine - WARNING - backbone.adapter.backbone.blocks.9.attn.qkv.weight is skipped since its requires_grad=False
2026/06/09 15:29:45 - mmengine - WARNING - backbone.adapter.backbone.blocks.9.attn.qkv.bias is skipped since its requires_grad=False
2026/06/09 15:29:45 - mmengine - WARNING - backbone.adapter.backbone.blocks.9.attn.proj.weight is skipped since its requires_grad=False
2026/06/09 15:29:45 - mmengine - WARNING - backbone.adapter.backbone.blocks.9.attn.proj.bias is skipped since its requires_grad=False
2026/06/09 15:29:45 - mmengine - WARNING - backbone.adapter.backbone.blocks.9.ls1.gamma is skipped since its requires_grad=False
2026/06/09 15:29:45 - mmengine - WARNING - backbone.adapter.backbone.blocks.9.norm2.weight is skipped since its requires_grad=False
2026/06/09 15:29:45 - mmengine - WARNING - backbone.adapter.backbone.blocks.9.norm2.bias is skipped since its requires_grad=False
2026/06/09 15:29:45 - mmengine - WARNING - backbone.adapter.backbone.blocks.9.mlp.fc1.weight is skipped since its requires_grad=False
2026/06/09 15:29:45 - mmengine - WARNING - backbone.adapter.backbone.blocks.9.mlp.fc1.bias is skipped since its requires_grad=False
2026/06/09 15:29:45 - mmengine - WARNING - backbone.adapter.backbone.blocks.9.mlp.fc2.weight is skipped since its requires_grad=False
2026/06/09 15:29:45 - mmengine - WARNING - backbone.adapter.backbone.blocks.9.mlp.fc2.bias is skipped since its requires_grad=False
2026/06/09 15:29:45 - mmengine - WARNING - backbone.adapter.backbone.blocks.9.ls2.gamma is skipped since its requires_grad=False
2026/06/09 15:29:45 - mmengine - WARNING - backbone.adapter.backbone.blocks.10.norm1.weight is skipped since its requires_grad=False
2026/06/09 15:29:45 - mmengine - WARNING - backbone.adapter.backbone.blocks.10.norm1.bias is skipped since its requires_grad=False
2026/06/09 15:29:45 - mmengine - WARNING - backbone.adapter.backbone.blocks.10.attn.qkv.weight is skipped since its requires_grad=False
2026/06/09 15:29:45 - mmengine - WARNING - backbone.adapter.backbone.blocks.10.attn.qkv.bias is skipped since its requires_grad=False
2026/06/09 15:29:45 - mmengine - WARNING - backbone.adapter.backbone.blocks.10.attn.proj.weight is skipped since its requires_grad=False
2026/06/09 15:29:45 - mmengine - WARNING - backbone.adapter.backbone.blocks.10.attn.proj.bias is skipped since its requires_grad=False
2026/06/09 15:29:45 - mmengine - WARNING - backbone.adapter.backbone.blocks.10.ls1.gamma is skipped since its requires_grad=False
2026/06/09 15:29:45 - mmengine - WARNING - backbone.adapter.backbone.blocks.10.norm2.weight is skipped since its requires_grad=False
2026/06/09 15:29:45 - mmengine - WARNING - backbone.adapter.backbone.blocks.10.norm2.bias is skipped since its requires_grad=False
2026/06/09 15:29:45 - mmengine - WARNING - backbone.adapter.backbone.blocks.10.mlp.fc1.weight is skipped since its requires_grad=False
2026/06/09 15:29:45 - mmengine - WARNING - backbone.adapter.backbone.blocks.10.mlp.fc1.bias is skipped since its requires_grad=False
2026/06/09 15:29:45 - mmengine - WARNING - backbone.adapter.backbone.blocks.10.mlp.fc2.weight is skipped since its requires_grad=False
2026/06/09 15:29:45 - mmengine - WARNING - backbone.adapter.backbone.blocks.10.mlp.fc2.bias is skipped since its requires_grad=False
2026/06/09 15:29:45 - mmengine - WARNING - backbone.adapter.backbone.blocks.10.ls2.gamma is skipped since its requires_grad=False
2026/06/09 15:29:45 - mmengine - WARNING - backbone.adapter.backbone.blocks.11.norm1.weight is skipped since its requires_grad=False
2026/06/09 15:29:45 - mmengine - WARNING - backbone.adapter.backbone.blocks.11.norm1.bias is skipped since its requires_grad=False
2026/06/09 15:29:45 - mmengine - WARNING - backbone.adapter.backbone.blocks.11.attn.qkv.weight is skipped since its requires_grad=False
2026/06/09 15:29:45 - mmengine - WARNING - backbone.adapter.backbone.blocks.11.attn.qkv.bias is skipped since its requires_grad=False
2026/06/09 15:29:45 - mmengine - WARNING - backbone.adapter.backbone.blocks.11.attn.proj.weight is skipped since its requires_grad=False
2026/06/09 15:29:45 - mmengine - WARNING - backbone.adapter.backbone.blocks.11.attn.proj.bias is skipped since its requires_grad=False
2026/06/09 15:29:45 - mmengine - WARNING - backbone.adapter.backbone.blocks.11.ls1.gamma is skipped since its requires_grad=False
2026/06/09 15:29:45 - mmengine - WARNING - backbone.adapter.backbone.blocks.11.norm2.weight is skipped since its requires_grad=False
2026/06/09 15:29:45 - mmengine - WARNING - backbone.adapter.backbone.blocks.11.norm2.bias is skipped since its requires_grad=False
2026/06/09 15:29:45 - mmengine - WARNING - backbone.adapter.backbone.blocks.11.mlp.fc1.weight is skipped since its requires_grad=False
2026/06/09 15:29:45 - mmengine - WARNING - backbone.adapter.backbone.blocks.11.mlp.fc1.bias is skipped since its requires_grad=False
2026/06/09 15:29:45 - mmengine - WARNING - backbone.adapter.backbone.blocks.11.mlp.fc2.weight is skipped since its requires_grad=False
2026/06/09 15:29:45 - mmengine - WARNING - backbone.adapter.backbone.blocks.11.mlp.fc2.bias is skipped since its requires_grad=False
2026/06/09 15:29:45 - mmengine - WARNING - backbone.adapter.backbone.blocks.11.ls2.gamma is skipped since its requires_grad=False
2026/06/09 15:29:45 - mmengine - WARNING - backbone.adapter.backbone.norm.weight is skipped since its requires_grad=False
2026/06/09 15:29:45 - mmengine - WARNING - backbone.adapter.backbone.norm.bias is skipped since its requires_grad=False
2026/06/09 15:29:45 - mmengine - INFO - paramwise_options -- backbone.adapter.spm.stem.0.weight:lr=1e-05
2026/06/09 15:29:45 - mmengine - INFO - paramwise_options -- backbone.adapter.spm.stem.0.weight:weight_decay=0.05
2026/06/09 15:29:45 - mmengine - INFO - paramwise_options -- backbone.adapter.spm.stem.0.weight:lr_mult=0.1
2026/06/09 15:29:45 - mmengine - INFO - paramwise_options -- backbone.adapter.spm.stem.0.weight:decay_mult=1.0
2026/06/09 15:29:45 - mmengine - INFO - paramwise_options -- backbone.adapter.spm.stem.1.weight:lr=1e-05
2026/06/09 15:29:45 - mmengine - INFO - paramwise_options -- backbone.adapter.spm.stem.1.weight:weight_decay=0.05
2026/06/09 15:29:45 - mmengine - INFO - paramwise_options -- backbone.adapter.spm.stem.1.weight:lr_mult=0.1
2026/06/09 15:29:45 - mmengine - INFO - paramwise_options -- backbone.adapter.spm.stem.1.weight:decay_mult=1.0
2026/06/09 15:29:45 - mmengine - INFO - paramwise_options -- backbone.adapter.spm.stem.1.bias:lr=1e-05
2026/06/09 15:29:45 - mmengine - INFO - paramwise_options -- backbone.adapter.spm.stem.1.bias:weight_decay=0.05
2026/06/09 15:29:45 - mmengine - INFO - paramwise_options -- backbone.adapter.spm.stem.1.bias:lr_mult=0.1
2026/06/09 15:29:45 - mmengine - INFO - paramwise_options -- backbone.adapter.spm.stem.1.bias:decay_mult=1.0
2026/06/09 15:29:45 - mmengine - INFO - paramwise_options -- backbone.adapter.spm.stem.3.weight:lr=1e-05
2026/06/09 15:29:45 - mmengine - INFO - paramwise_options -- backbone.adapter.spm.stem.3.weight:weight_decay=0.05
2026/06/09 15:29:45 - mmengine - INFO - paramwise_options -- backbone.adapter.spm.stem.3.weight:lr_mult=0.1
2026/06/09 15:29:45 - mmengine - INFO - paramwise_options -- backbone.adapter.spm.stem.3.weight:decay_mult=1.0
2026/06/09 15:29:45 - mmengine - INFO - paramwise_options -- backbone.adapter.spm.stem.4.weight:lr=1e-05
2026/06/09 15:29:45 - mmengine - INFO - paramwise_options -- backbone.adapter.spm.stem.4.weight:weight_decay=0.05
2026/06/09 15:29:45 - mmengine - INFO - paramwise_options -- backbone.adapter.spm.stem.4.weight:lr_mult=0.1
2026/06/09 15:29:45 - mmengine - INFO - paramwise_options -- backbone.adapter.spm.stem.4.weight:decay_mult=1.0
2026/06/09 15:29:45 - mmengine - INFO - paramwise_options -- backbone.adapter.spm.stem.4.bias:lr=1e-05
2026/06/09 15:29:45 - mmengine - INFO - paramwise_options -- backbone.adapter.spm.stem.4.bias:weight_decay=0.05
2026/06/09 15:29:45 - mmengine - INFO - paramwise_options -- backbone.adapter.spm.stem.4.bias:lr_mult=0.1
2026/06/09 15:29:45 - mmengine - INFO - paramwise_options -- backbone.adapter.spm.stem.4.bias:decay_mult=1.0
2026/06/09 15:29:45 - mmengine - INFO - paramwise_options -- backbone.adapter.spm.stem.6.weight:lr=1e-05
2026/06/09 15:29:45 - mmengine - INFO - paramwise_options -- backbone.adapter.spm.stem.6.weight:weight_decay=0.05
2026/06/09 15:29:45 - mmengine - INFO - paramwise_options -- backbone.adapter.spm.stem.6.weight:lr_mult=0.1
2026/06/09 15:29:45 - mmengine - INFO - paramwise_options -- backbone.adapter.spm.stem.6.weight:decay_mult=1.0
2026/06/09 15:29:45 - mmengine - INFO - paramwise_options -- backbone.adapter.spm.stem.7.weight:lr=1e-05
2026/06/09 15:29:45 - mmengine - INFO - paramwise_options -- backbone.adapter.spm.stem.7.weight:weight_decay=0.05
2026/06/09 15:29:45 - mmengine - INFO - paramwise_options -- backbone.adapter.spm.stem.7.weight:lr_mult=0.1
2026/06/09 15:29:45 - mmengine - INFO - paramwise_options -- backbone.adapter.spm.stem.7.weight:decay_mult=1.0
2026/06/09 15:29:45 - mmengine - INFO - paramwise_options -- backbone.adapter.spm.stem.7.bias:lr=1e-05
2026/06/09 15:29:45 - mmengine - INFO - paramwise_options -- backbone.adapter.spm.stem.7.bias:weight_decay=0.05
2026/06/09 15:29:45 - mmengine - INFO - paramwise_options -- backbone.adapter.spm.stem.7.bias:lr_mult=0.1
2026/06/09 15:29:45 - mmengine - INFO - paramwise_options -- backbone.adapter.spm.stem.7.bias:decay_mult=1.0
2026/06/09 15:29:45 - mmengine - INFO - paramwise_options -- backbone.adapter.spm.conv2.0.weight:lr=1e-05
2026/06/09 15:29:45 - mmengine - INFO - paramwise_options -- backbone.adapter.spm.conv2.0.weight:weight_decay=0.05
2026/06/09 15:29:45 - mmengine - INFO - paramwise_options -- backbone.adapter.spm.conv2.0.weight:lr_mult=0.1
2026/06/09 15:29:45 - mmengine - INFO - paramwise_options -- backbone.adapter.spm.conv2.0.weight:decay_mult=1.0
2026/06/09 15:29:45 - mmengine - INFO - paramwise_options -- backbone.adapter.spm.conv2.1.weight:lr=1e-05
2026/06/09 15:29:45 - mmengine - INFO - paramwise_options -- backbone.adapter.spm.conv2.1.weight:weight_decay=0.05
2026/06/09 15:29:45 - mmengine - INFO - paramwise_options -- backbone.adapter.spm.conv2.1.weight:lr_mult=0.1
2026/06/09 15:29:45 - mmengine - INFO - paramwise_options -- backbone.adapter.spm.conv2.1.weight:decay_mult=1.0
2026/06/09 15:29:45 - mmengine - INFO - paramwise_options -- backbone.adapter.spm.conv2.1.bias:lr=1e-05
2026/06/09 15:29:45 - mmengine - INFO - paramwise_options -- backbone.adapter.spm.conv2.1.bias:weight_decay=0.05
2026/06/09 15:29:45 - mmengine - INFO - paramwise_options -- backbone.adapter.spm.conv2.1.bias:lr_mult=0.1
2026/06/09 15:29:45 - mmengine - INFO - paramwise_options -- backbone.adapter.spm.conv2.1.bias:decay_mult=1.0
2026/06/09 15:29:45 - mmengine - INFO - paramwise_options -- backbone.adapter.spm.conv3.0.weight:lr=1e-05
2026/06/09 15:29:45 - mmengine - INFO - paramwise_options -- backbone.adapter.spm.conv3.0.weight:weight_decay=0.05
2026/06/09 15:29:45 - mmengine - INFO - paramwise_options -- backbone.adapter.spm.conv3.0.weight:lr_mult=0.1
2026/06/09 15:29:45 - mmengine - INFO - paramwise_options -- backbone.adapter.spm.conv3.0.weight:decay_mult=1.0
2026/06/09 15:29:45 - mmengine - INFO - paramwise_options -- backbone.adapter.spm.conv3.1.weight:lr=1e-05
2026/06/09 15:29:45 - mmengine - INFO - paramwise_options -- backbone.adapter.spm.conv3.1.weight:weight_decay=0.05
2026/06/09 15:29:45 - mmengine - INFO - paramwise_options -- backbone.adapter.spm.conv3.1.weight:lr_mult=0.1
2026/06/09 15:29:45 - mmengine - INFO - paramwise_options -- backbone.adapter.spm.conv3.1.weight:decay_mult=1.0
2026/06/09 15:29:45 - mmengine - INFO - paramwise_options -- backbone.adapter.spm.conv3.1.bias:lr=1e-05
2026/06/09 15:29:45 - mmengine - INFO - paramwise_options -- backbone.adapter.spm.conv3.1.bias:weight_decay=0.05
2026/06/09 15:29:45 - mmengine - INFO - paramwise_options -- backbone.adapter.spm.conv3.1.bias:lr_mult=0.1
2026/06/09 15:29:45 - mmengine - INFO - paramwise_options -- backbone.adapter.spm.conv3.1.bias:decay_mult=1.0
2026/06/09 15:29:45 - mmengine - INFO - paramwise_options -- backbone.adapter.spm.conv4.0.weight:lr=1e-05
2026/06/09 15:29:45 - mmengine - INFO - paramwise_options -- backbone.adapter.spm.conv4.0.weight:weight_decay=0.05
2026/06/09 15:29:45 - mmengine - INFO - paramwise_options -- backbone.adapter.spm.conv4.0.weight:lr_mult=0.1
2026/06/09 15:29:45 - mmengine - INFO - paramwise_options -- backbone.adapter.spm.conv4.0.weight:decay_mult=1.0
2026/06/09 15:29:45 - mmengine - INFO - paramwise_options -- backbone.adapter.spm.conv4.1.weight:lr=1e-05
2026/06/09 15:29:45 - mmengine - INFO - paramwise_options -- backbone.adapter.spm.conv4.1.weight:weight_decay=0.05
2026/06/09 15:29:45 - mmengine - INFO - paramwise_options -- backbone.adapter.spm.conv4.1.weight:lr_mult=0.1
2026/06/09 15:29:45 - mmengine - INFO - paramwise_options -- backbone.adapter.spm.conv4.1.weight:decay_mult=1.0
2026/06/09 15:29:45 - mmengine - INFO - paramwise_options -- backbone.adapter.spm.conv4.1.bias:lr=1e-05
2026/06/09 15:29:45 - mmengine - INFO - paramwise_options -- backbone.adapter.spm.conv4.1.bias:weight_decay=0.05
2026/06/09 15:29:45 - mmengine - INFO - paramwise_options -- backbone.adapter.spm.conv4.1.bias:lr_mult=0.1
2026/06/09 15:29:45 - mmengine - INFO - paramwise_options -- backbone.adapter.spm.conv4.1.bias:decay_mult=1.0
2026/06/09 15:29:45 - mmengine - INFO - paramwise_options -- backbone.adapter.spm.fc1.weight:lr=1e-05
2026/06/09 15:29:45 - mmengine - INFO - paramwise_options -- backbone.adapter.spm.fc1.weight:weight_decay=0.05
2026/06/09 15:29:45 - mmengine - INFO - paramwise_options -- backbone.adapter.spm.fc1.weight:lr_mult=0.1
2026/06/09 15:29:45 - mmengine - INFO - paramwise_options -- backbone.adapter.spm.fc1.weight:decay_mult=1.0
2026/06/09 15:29:45 - mmengine - INFO - paramwise_options -- backbone.adapter.spm.fc1.bias:lr=1e-05
2026/06/09 15:29:45 - mmengine - INFO - paramwise_options -- backbone.adapter.spm.fc1.bias:weight_decay=0.05
2026/06/09 15:29:45 - mmengine - INFO - paramwise_options -- backbone.adapter.spm.fc1.bias:lr_mult=0.1
2026/06/09 15:29:45 - mmengine - INFO - paramwise_options -- backbone.adapter.spm.fc1.bias:decay_mult=1.0
2026/06/09 15:29:45 - mmengine - INFO - paramwise_options -- backbone.adapter.spm.fc2.weight:lr=1e-05
2026/06/09 15:29:45 - mmengine - INFO - paramwise_options -- backbone.adapter.spm.fc2.weight:weight_decay=0.05
2026/06/09 15:29:45 - mmengine - INFO - paramwise_options -- backbone.adapter.spm.fc2.weight:lr_mult=0.1
2026/06/09 15:29:45 - mmengine - INFO - paramwise_options -- backbone.adapter.spm.fc2.weight:decay_mult=1.0
2026/06/09 15:29:45 - mmengine - INFO - paramwise_options -- backbone.adapter.spm.fc2.bias:lr=1e-05
2026/06/09 15:29:45 - mmengine - INFO - paramwise_options -- backbone.adapter.spm.fc2.bias:weight_decay=0.05
2026/06/09 15:29:45 - mmengine - INFO - paramwise_options -- backbone.adapter.spm.fc2.bias:lr_mult=0.1
2026/06/09 15:29:45 - mmengine - INFO - paramwise_options -- backbone.adapter.spm.fc2.bias:decay_mult=1.0
2026/06/09 15:29:45 - mmengine - INFO - paramwise_options -- backbone.adapter.spm.fc3.weight:lr=1e-05
2026/06/09 15:29:45 - mmengine - INFO - paramwise_options -- backbone.adapter.spm.fc3.weight:weight_decay=0.05
2026/06/09 15:29:45 - mmengine - INFO - paramwise_options -- backbone.adapter.spm.fc3.weight:lr_mult=0.1
2026/06/09 15:29:45 - mmengine - INFO - paramwise_options -- backbone.adapter.spm.fc3.weight:decay_mult=1.0
2026/06/09 15:29:45 - mmengine - INFO - paramwise_options -- backbone.adapter.spm.fc3.bias:lr=1e-05
2026/06/09 15:29:45 - mmengine - INFO - paramwise_options -- backbone.adapter.spm.fc3.bias:weight_decay=0.05
2026/06/09 15:29:45 - mmengine - INFO - paramwise_options -- backbone.adapter.spm.fc3.bias:lr_mult=0.1
2026/06/09 15:29:45 - mmengine - INFO - paramwise_options -- backbone.adapter.spm.fc3.bias:decay_mult=1.0
2026/06/09 15:29:45 - mmengine - INFO - paramwise_options -- backbone.adapter.spm.fc4.weight:lr=1e-05
2026/06/09 15:29:45 - mmengine - INFO - paramwise_options -- backbone.adapter.spm.fc4.weight:weight_decay=0.05
2026/06/09 15:29:45 - mmengine - INFO - paramwise_options -- backbone.adapter.spm.fc4.weight:lr_mult=0.1
2026/06/09 15:29:45 - mmengine - INFO - paramwise_options -- backbone.adapter.spm.fc4.weight:decay_mult=1.0
2026/06/09 15:29:45 - mmengine - INFO - paramwise_options -- backbone.adapter.spm.fc4.bias:lr=1e-05
2026/06/09 15:29:45 - mmengine - INFO - paramwise_options -- backbone.adapter.spm.fc4.bias:weight_decay=0.05
2026/06/09 15:29:45 - mmengine - INFO - paramwise_options -- backbone.adapter.spm.fc4.bias:lr_mult=0.1
2026/06/09 15:29:45 - mmengine - INFO - paramwise_options -- backbone.adapter.spm.fc4.bias:decay_mult=1.0
2026/06/09 15:29:45 - mmengine - INFO - paramwise_options -- backbone.adapter.interactions.0.extractor.query_norm.weight:lr=1e-05
2026/06/09 15:29:45 - mmengine - INFO - paramwise_options -- backbone.adapter.interactions.0.extractor.query_norm.weight:weight_decay=0.05
2026/06/09 15:29:45 - mmengine - INFO - paramwise_options -- backbone.adapter.interactions.0.extractor.query_norm.weight:lr_mult=0.1
2026/06/09 15:29:45 - mmengine - INFO - paramwise_options -- backbone.adapter.interactions.0.extractor.query_norm.weight:decay_mult=1.0
2026/06/09 15:29:45 - mmengine - INFO - paramwise_options -- backbone.adapter.interactions.0.extractor.query_norm.bias:lr=1e-05
2026/06/09 15:29:45 - mmengine - INFO - paramwise_options -- backbone.adapter.interactions.0.extractor.query_norm.bias:weight_decay=0.05
2026/06/09 15:29:45 - mmengine - INFO - paramwise_options -- backbone.adapter.interactions.0.extractor.query_norm.bias:lr_mult=0.1
2026/06/09 15:29:45 - mmengine - INFO - paramwise_options -- backbone.adapter.interactions.0.extractor.query_norm.bias:decay_mult=1.0
2026/06/09 15:29:45 - mmengine - INFO - paramwise_options -- backbone.adapter.interactions.0.extractor.feat_norm.weight:lr=1e-05
2026/06/09 15:29:45 - mmengine - INFO - paramwise_options -- backbone.adapter.interactions.0.extractor.feat_norm.weight:weight_decay=0.05
2026/06/09 15:29:45 - mmengine - INFO - paramwise_options -- backbone.adapter.interactions.0.extractor.feat_norm.weight:lr_mult=0.1
2026/06/09 15:29:45 - mmengine - INFO - paramwise_options -- backbone.adapter.interactions.0.extractor.feat_norm.weight:decay_mult=1.0
2026/06/09 15:29:45 - mmengine - INFO - paramwise_options -- backbone.adapter.interactions.0.extractor.feat_norm.bias:lr=1e-05
2026/06/09 15:29:45 - mmengine - INFO - paramwise_options -- backbone.adapter.interactions.0.extractor.feat_norm.bias:weight_decay=0.05
2026/06/09 15:29:45 - mmengine - INFO - paramwise_options -- backbone.adapter.interactions.0.extractor.feat_norm.bias:lr_mult=0.1
2026/06/09 15:29:45 - mmengine - INFO - paramwise_options -- backbone.adapter.interactions.0.extractor.feat_norm.bias:decay_mult=1.0
2026/06/09 15:29:45 - mmengine - INFO - paramwise_options -- backbone.adapter.interactions.0.extractor.attn.attn.sampling_offsets.weight:lr=1e-05
2026/06/09 15:29:45 - mmengine - INFO - paramwise_options -- backbone.adapter.interactions.0.extractor.attn.attn.sampling_offsets.weight:weight_decay=0.05
2026/06/09 15:29:45 - mmengine - INFO - paramwise_options -- backbone.adapter.interactions.0.extractor.attn.attn.sampling_offsets.weight:lr_mult=0.1
2026/06/09 15:29:45 - mmengine - INFO - paramwise_options -- backbone.adapter.interactions.0.extractor.attn.attn.sampling_offsets.weight:decay_mult=1.0
2026/06/09 15:29:45 - mmengine - INFO - paramwise_options -- backbone.adapter.interactions.0.extractor.attn.attn.sampling_offsets.bias:lr=1e-05
2026/06/09 15:29:45 - mmengine - INFO - paramwise_options -- backbone.adapter.interactions.0.extractor.attn.attn.sampling_offsets.bias:weight_decay=0.05
2026/06/09 15:29:45 - mmengine - INFO - paramwise_options -- backbone.adapter.interactions.0.extractor.attn.attn.sampling_offsets.bias:lr_mult=0.1
2026/06/09 15:29:45 - mmengine - INFO - paramwise_options -- backbone.adapter.interactions.0.extractor.attn.attn.sampling_offsets.bias:decay_mult=1.0
2026/06/09 15:29:45 - mmengine - INFO - paramwise_options -- backbone.adapter.interactions.0.extractor.attn.attn.attention_weights.weight:lr=1e-05
2026/06/09 15:29:45 - mmengine - INFO - paramwise_options -- backbone.adapter.interactions.0.extractor.attn.attn.attention_weights.weight:weight_decay=0.05
2026/06/09 15:29:45 - mmengine - INFO - paramwise_options -- backbone.adapter.interactions.0.extractor.attn.attn.attention_weights.weight:lr_mult=0.1
2026/06/09 15:29:45 - mmengine - INFO - paramwise_options -- backbone.adapter.interactions.0.extractor.attn.attn.attention_weights.weight:decay_mult=1.0
2026/06/09 15:29:45 - mmengine - INFO - paramwise_options -- backbone.adapter.interactions.0.extractor.attn.attn.attention_weights.bias:lr=1e-05
2026/06/09 15:29:45 - mmengine - INFO - paramwise_options -- backbone.adapter.interactions.0.extractor.attn.attn.attention_weights.bias:weight_decay=0.05
2026/06/09 15:29:45 - mmengine - INFO - paramwise_options -- backbone.adapter.interactions.0.extractor.attn.attn.attention_weights.bias:lr_mult=0.1
2026/06/09 15:29:45 - mmengine - INFO - paramwise_options -- backbone.adapter.interactions.0.extractor.attn.attn.attention_weights.bias:decay_mult=1.0
2026/06/09 15:29:45 - mmengine - INFO - paramwise_options -- backbone.adapter.interactions.0.extractor.attn.attn.value_proj.weight:lr=1e-05
2026/06/09 15:29:45 - mmengine - INFO - paramwise_options -- backbone.adapter.interactions.0.extractor.attn.attn.value_proj.weight:weight_decay=0.05
2026/06/09 15:29:45 - mmengine - INFO - paramwise_options -- backbone.adapter.interactions.0.extractor.attn.attn.value_proj.weight:lr_mult=0.1
2026/06/09 15:29:45 - mmengine - INFO - paramwise_options -- backbone.adapter.interactions.0.extractor.attn.attn.value_proj.weight:decay_mult=1.0
2026/06/09 15:29:45 - mmengine - INFO - paramwise_options -- backbone.adapter.interactions.0.extractor.attn.attn.value_proj.bias:lr=1e-05
2026/06/09 15:29:45 - mmengine - INFO - paramwise_options -- backbone.adapter.interactions.0.extractor.attn.attn.value_proj.bias:weight_decay=0.05
2026/06/09 15:29:45 - mmengine - INFO - paramwise_options -- backbone.adapter.interactions.0.extractor.attn.attn.value_proj.bias:lr_mult=0.1
2026/06/09 15:29:45 - mmengine - INFO - paramwise_options -- backbone.adapter.interactions.0.extractor.attn.attn.value_proj.bias:decay_mult=1.0
2026/06/09 15:29:45 - mmengine - INFO - paramwise_options -- backbone.adapter.interactions.0.extractor.attn.attn.output_proj.weight:lr=1e-05
2026/06/09 15:29:45 - mmengine - INFO - paramwise_options -- backbone.adapter.interactions.0.extractor.attn.attn.output_proj.weight:weight_decay=0.05
2026/06/09 15:29:45 - mmengine - INFO - paramwise_options -- backbone.adapter.interactions.0.extractor.attn.attn.output_proj.weight:lr_mult=0.1
2026/06/09 15:29:45 - mmengine - INFO - paramwise_options -- backbone.adapter.interactions.0.extractor.attn.attn.output_proj.weight:decay_mult=1.0
2026/06/09 15:29:45 - mmengine - INFO - paramwise_options -- backbone.adapter.interactions.0.extractor.attn.attn.output_proj.bias:lr=1e-05
2026/06/09 15:29:45 - mmengine - INFO - paramwise_options -- backbone.adapter.interactions.0.extractor.attn.attn.output_proj.bias:weight_decay=0.05
2026/06/09 15:29:45 - mmengine - INFO - paramwise_options -- backbone.adapter.interactions.0.extractor.attn.attn.output_proj.bias:lr_mult=0.1
2026/06/09 15:29:45 - mmengine - INFO - paramwise_options -- backbone.adapter.interactions.0.extractor.attn.attn.output_proj.bias:decay_mult=1.0
2026/06/09 15:29:45 - mmengine - INFO - paramwise_options -- backbone.adapter.interactions.0.extractor.ffn.fc1.weight:lr=1e-05
2026/06/09 15:29:45 - mmengine - INFO - paramwise_options -- backbone.adapter.interactions.0.extractor.ffn.fc1.weight:weight_decay=0.05
2026/06/09 15:29:45 - mmengine - INFO - paramwise_options -- backbone.adapter.interactions.0.extractor.ffn.fc1.weight:lr_mult=0.1
2026/06/09 15:29:45 - mmengine - INFO - paramwise_options -- backbone.adapter.interactions.0.extractor.ffn.fc1.weight:decay_mult=1.0
2026/06/09 15:29:45 - mmengine - INFO - paramwise_options -- backbone.adapter.interactions.0.extractor.ffn.fc1.bias:lr=1e-05
2026/06/09 15:29:45 - mmengine - INFO - paramwise_options -- backbone.adapter.interactions.0.extractor.ffn.fc1.bias:weight_decay=0.05
2026/06/09 15:29:45 - mmengine - INFO - paramwise_options -- backbone.adapter.interactions.0.extractor.ffn.fc1.bias:lr_mult=0.1
2026/06/09 15:29:45 - mmengine - INFO - paramwise_options -- backbone.adapter.interactions.0.extractor.ffn.fc1.bias:decay_mult=1.0
2026/06/09 15:29:45 - mmengine - INFO - paramwise_options -- backbone.adapter.interactions.0.extractor.ffn.dwconv.dwconv.weight:lr=1e-05
2026/06/09 15:29:45 - mmengine - INFO - paramwise_options -- backbone.adapter.interactions.0.extractor.ffn.dwconv.dwconv.weight:weight_decay=0.05
2026/06/09 15:29:45 - mmengine - INFO - paramwise_options -- backbone.adapter.interactions.0.extractor.ffn.dwconv.dwconv.weight:lr_mult=0.1
2026/06/09 15:29:45 - mmengine - INFO - paramwise_options -- backbone.adapter.interactions.0.extractor.ffn.dwconv.dwconv.weight:decay_mult=1.0
2026/06/09 15:29:45 - mmengine - INFO - paramwise_options -- backbone.adapter.interactions.0.extractor.ffn.dwconv.dwconv.bias:lr=1e-05
2026/06/09 15:29:45 - mmengine - INFO - paramwise_options -- backbone.adapter.interactions.0.extractor.ffn.dwconv.dwconv.bias:weight_decay=0.05
2026/06/09 15:29:45 - mmengine - INFO - paramwise_options -- backbone.adapter.interactions.0.extractor.ffn.dwconv.dwconv.bias:lr_mult=0.1
2026/06/09 15:29:45 - mmengine - INFO - paramwise_options -- backbone.adapter.interactions.0.extractor.ffn.dwconv.dwconv.bias:decay_mult=1.0
2026/06/09 15:29:45 - mmengine - INFO - paramwise_options -- backbone.adapter.interactions.0.extractor.ffn.fc2.weight:lr=1e-05
2026/06/09 15:29:45 - mmengine - INFO - paramwise_options -- backbone.adapter.interactions.0.extractor.ffn.fc2.weight:weight_decay=0.05
2026/06/09 15:29:45 - mmengine - INFO - paramwise_options -- backbone.adapter.interactions.0.extractor.ffn.fc2.weight:lr_mult=0.1
2026/06/09 15:29:45 - mmengine - INFO - paramwise_options -- backbone.adapter.interactions.0.extractor.ffn.fc2.weight:decay_mult=1.0
2026/06/09 15:29:45 - mmengine - INFO - paramwise_options -- backbone.adapter.interactions.0.extractor.ffn.fc2.bias:lr=1e-05
2026/06/09 15:29:45 - mmengine - INFO - paramwise_options -- backbone.adapter.interactions.0.extractor.ffn.fc2.bias:weight_decay=0.05
2026/06/09 15:29:45 - mmengine - INFO - paramwise_options -- backbone.adapter.interactions.0.extractor.ffn.fc2.bias:lr_mult=0.1
2026/06/09 15:29:45 - mmengine - INFO - paramwise_options -- backbone.adapter.interactions.0.extractor.ffn.fc2.bias:decay_mult=1.0
2026/06/09 15:29:45 - mmengine - INFO - paramwise_options -- backbone.adapter.interactions.0.extractor.ffn_norm.weight:lr=1e-05
2026/06/09 15:29:45 - mmengine - INFO - paramwise_options -- backbone.adapter.interactions.0.extractor.ffn_norm.weight:weight_decay=0.05
2026/06/09 15:29:45 - mmengine - INFO - paramwise_options -- backbone.adapter.interactions.0.extractor.ffn_norm.weight:lr_mult=0.1
2026/06/09 15:29:45 - mmengine - INFO - paramwise_options -- backbone.adapter.interactions.0.extractor.ffn_norm.weight:decay_mult=1.0
2026/06/09 15:29:45 - mmengine - INFO - paramwise_options -- backbone.adapter.interactions.0.extractor.ffn_norm.bias:lr=1e-05
2026/06/09 15:29:45 - mmengine - INFO - paramwise_options -- backbone.adapter.interactions.0.extractor.ffn_norm.bias:weight_decay=0.05
2026/06/09 15:29:45 - mmengine - INFO - paramwise_options -- backbone.adapter.interactions.0.extractor.ffn_norm.bias:lr_mult=0.1
2026/06/09 15:29:45 - mmengine - INFO - paramwise_options -- backbone.adapter.interactions.0.extractor.ffn_norm.bias:decay_mult=1.0
2026/06/09 15:29:45 - mmengine - INFO - paramwise_options -- backbone.adapter.interactions.1.extractor.query_norm.weight:lr=1e-05
2026/06/09 15:29:45 - mmengine - INFO - paramwise_options -- backbone.adapter.interactions.1.extractor.query_norm.weight:weight_decay=0.05
2026/06/09 15:29:45 - mmengine - INFO - paramwise_options -- backbone.adapter.interactions.1.extractor.query_norm.weight:lr_mult=0.1
2026/06/09 15:29:45 - mmengine - INFO - paramwise_options -- backbone.adapter.interactions.1.extractor.query_norm.weight:decay_mult=1.0
2026/06/09 15:29:45 - mmengine - INFO - paramwise_options -- backbone.adapter.interactions.1.extractor.query_norm.bias:lr=1e-05
2026/06/09 15:29:45 - mmengine - INFO - paramwise_options -- backbone.adapter.interactions.1.extractor.query_norm.bias:weight_decay=0.05
2026/06/09 15:29:45 - mmengine - INFO - paramwise_options -- backbone.adapter.interactions.1.extractor.query_norm.bias:lr_mult=0.1
2026/06/09 15:29:45 - mmengine - INFO - paramwise_options -- backbone.adapter.interactions.1.extractor.query_norm.bias:decay_mult=1.0
2026/06/09 15:29:45 - mmengine - INFO - paramwise_options -- backbone.adapter.interactions.1.extractor.feat_norm.weight:lr=1e-05
2026/06/09 15:29:45 - mmengine - INFO - paramwise_options -- backbone.adapter.interactions.1.extractor.feat_norm.weight:weight_decay=0.05
2026/06/09 15:29:45 - mmengine - INFO - paramwise_options -- backbone.adapter.interactions.1.extractor.feat_norm.weight:lr_mult=0.1
2026/06/09 15:29:45 - mmengine - INFO - paramwise_options -- backbone.adapter.interactions.1.extractor.feat_norm.weight:decay_mult=1.0
2026/06/09 15:29:45 - mmengine - INFO - paramwise_options -- backbone.adapter.interactions.1.extractor.feat_norm.bias:lr=1e-05
2026/06/09 15:29:45 - mmengine - INFO - paramwise_options -- backbone.adapter.interactions.1.extractor.feat_norm.bias:weight_decay=0.05
2026/06/09 15:29:45 - mmengine - INFO - paramwise_options -- backbone.adapter.interactions.1.extractor.feat_norm.bias:lr_mult=0.1
2026/06/09 15:29:45 - mmengine - INFO - paramwise_options -- backbone.adapter.interactions.1.extractor.feat_norm.bias:decay_mult=1.0
2026/06/09 15:29:45 - mmengine - INFO - paramwise_options -- backbone.adapter.interactions.1.extractor.attn.attn.sampling_offsets.weight:lr=1e-05
2026/06/09 15:29:45 - mmengine - INFO - paramwise_options -- backbone.adapter.interactions.1.extractor.attn.attn.sampling_offsets.weight:weight_decay=0.05
2026/06/09 15:29:45 - mmengine - INFO - paramwise_options -- backbone.adapter.interactions.1.extractor.attn.attn.sampling_offsets.weight:lr_mult=0.1
2026/06/09 15:29:45 - mmengine - INFO - paramwise_options -- backbone.adapter.interactions.1.extractor.attn.attn.sampling_offsets.weight:decay_mult=1.0
2026/06/09 15:29:45 - mmengine - INFO - paramwise_options -- backbone.adapter.interactions.1.extractor.attn.attn.sampling_offsets.bias:lr=1e-05
2026/06/09 15:29:45 - mmengine - INFO - paramwise_options -- backbone.adapter.interactions.1.extractor.attn.attn.sampling_offsets.bias:weight_decay=0.05
2026/06/09 15:29:45 - mmengine - INFO - paramwise_options -- backbone.adapter.interactions.1.extractor.attn.attn.sampling_offsets.bias:lr_mult=0.1
2026/06/09 15:29:45 - mmengine - INFO - paramwise_options -- backbone.adapter.interactions.1.extractor.attn.attn.sampling_offsets.bias:decay_mult=1.0
2026/06/09 15:29:45 - mmengine - INFO - paramwise_options -- backbone.adapter.interactions.1.extractor.attn.attn.attention_weights.weight:lr=1e-05
2026/06/09 15:29:45 - mmengine - INFO - paramwise_options -- backbone.adapter.interactions.1.extractor.attn.attn.attention_weights.weight:weight_decay=0.05
2026/06/09 15:29:45 - mmengine - INFO - paramwise_options -- backbone.adapter.interactions.1.extractor.attn.attn.attention_weights.weight:lr_mult=0.1
2026/06/09 15:29:45 - mmengine - INFO - paramwise_options -- backbone.adapter.interactions.1.extractor.attn.attn.attention_weights.weight:decay_mult=1.0
2026/06/09 15:29:45 - mmengine - INFO - paramwise_options -- backbone.adapter.interactions.1.extractor.attn.attn.attention_weights.bias:lr=1e-05
2026/06/09 15:29:45 - mmengine - INFO - paramwise_options -- backbone.adapter.interactions.1.extractor.attn.attn.attention_weights.bias:weight_decay=0.05
2026/06/09 15:29:45 - mmengine - INFO - paramwise_options -- backbone.adapter.interactions.1.extractor.attn.attn.attention_weights.bias:lr_mult=0.1
2026/06/09 15:29:45 - mmengine - INFO - paramwise_options -- backbone.adapter.interactions.1.extractor.attn.attn.attention_weights.bias:decay_mult=1.0
2026/06/09 15:29:45 - mmengine - INFO - paramwise_options -- backbone.adapter.interactions.1.extractor.attn.attn.value_proj.weight:lr=1e-05
2026/06/09 15:29:45 - mmengine - INFO - paramwise_options -- backbone.adapter.interactions.1.extractor.attn.attn.value_proj.weight:weight_decay=0.05
2026/06/09 15:29:45 - mmengine - INFO - paramwise_options -- backbone.adapter.interactions.1.extractor.attn.attn.value_proj.weight:lr_mult=0.1
2026/06/09 15:29:45 - mmengine - INFO - paramwise_options -- backbone.adapter.interactions.1.extractor.attn.attn.value_proj.weight:decay_mult=1.0
2026/06/09 15:29:45 - mmengine - INFO - paramwise_options -- backbone.adapter.interactions.1.extractor.attn.attn.value_proj.bias:lr=1e-05
2026/06/09 15:29:45 - mmengine - INFO - paramwise_options -- backbone.adapter.interactions.1.extractor.attn.attn.value_proj.bias:weight_decay=0.05
2026/06/09 15:29:45 - mmengine - INFO - paramwise_options -- backbone.adapter.interactions.1.extractor.attn.attn.value_proj.bias:lr_mult=0.1
2026/06/09 15:29:45 - mmengine - INFO - paramwise_options -- backbone.adapter.interactions.1.extractor.attn.attn.value_proj.bias:decay_mult=1.0
2026/06/09 15:29:45 - mmengine - INFO - paramwise_options -- backbone.adapter.interactions.1.extractor.attn.attn.output_proj.weight:lr=1e-05
2026/06/09 15:29:45 - mmengine - INFO - paramwise_options -- backbone.adapter.interactions.1.extractor.attn.attn.output_proj.weight:weight_decay=0.05
2026/06/09 15:29:45 - mmengine - INFO - paramwise_options -- backbone.adapter.interactions.1.extractor.attn.attn.output_proj.weight:lr_mult=0.1
2026/06/09 15:29:45 - mmengine - INFO - paramwise_options -- backbone.adapter.interactions.1.extractor.attn.attn.output_proj.weight:decay_mult=1.0
2026/06/09 15:29:45 - mmengine - INFO - paramwise_options -- backbone.adapter.interactions.1.extractor.attn.attn.output_proj.bias:lr=1e-05
2026/06/09 15:29:45 - mmengine - INFO - paramwise_options -- backbone.adapter.interactions.1.extractor.attn.attn.output_proj.bias:weight_decay=0.05
2026/06/09 15:29:45 - mmengine - INFO - paramwise_options -- backbone.adapter.interactions.1.extractor.attn.attn.output_proj.bias:lr_mult=0.1
2026/06/09 15:29:45 - mmengine - INFO - paramwise_options -- backbone.adapter.interactions.1.extractor.attn.attn.output_proj.bias:decay_mult=1.0
2026/06/09 15:29:45 - mmengine - INFO - paramwise_options -- backbone.adapter.interactions.1.extractor.ffn.fc1.weight:lr=1e-05
2026/06/09 15:29:45 - mmengine - INFO - paramwise_options -- backbone.adapter.interactions.1.extractor.ffn.fc1.weight:weight_decay=0.05
2026/06/09 15:29:45 - mmengine - INFO - paramwise_options -- backbone.adapter.interactions.1.extractor.ffn.fc1.weight:lr_mult=0.1
2026/06/09 15:29:45 - mmengine - INFO - paramwise_options -- backbone.adapter.interactions.1.extractor.ffn.fc1.weight:decay_mult=1.0
2026/06/09 15:29:45 - mmengine - INFO - paramwise_options -- backbone.adapter.interactions.1.extractor.ffn.fc1.bias:lr=1e-05
2026/06/09 15:29:45 - mmengine - INFO - paramwise_options -- backbone.adapter.interactions.1.extractor.ffn.fc1.bias:weight_decay=0.05
2026/06/09 15:29:45 - mmengine - INFO - paramwise_options -- backbone.adapter.interactions.1.extractor.ffn.fc1.bias:lr_mult=0.1
2026/06/09 15:29:45 - mmengine - INFO - paramwise_options -- backbone.adapter.interactions.1.extractor.ffn.fc1.bias:decay_mult=1.0
2026/06/09 15:29:45 - mmengine - INFO - paramwise_options -- backbone.adapter.interactions.1.extractor.ffn.dwconv.dwconv.weight:lr=1e-05
2026/06/09 15:29:45 - mmengine - INFO - paramwise_options -- backbone.adapter.interactions.1.extractor.ffn.dwconv.dwconv.weight:weight_decay=0.05
2026/06/09 15:29:45 - mmengine - INFO - paramwise_options -- backbone.adapter.interactions.1.extractor.ffn.dwconv.dwconv.weight:lr_mult=0.1
2026/06/09 15:29:45 - mmengine - INFO - paramwise_options -- backbone.adapter.interactions.1.extractor.ffn.dwconv.dwconv.weight:decay_mult=1.0
2026/06/09 15:29:45 - mmengine - INFO - paramwise_options -- backbone.adapter.interactions.1.extractor.ffn.dwconv.dwconv.bias:lr=1e-05
2026/06/09 15:29:45 - mmengine - INFO - paramwise_options -- backbone.adapter.interactions.1.extractor.ffn.dwconv.dwconv.bias:weight_decay=0.05
2026/06/09 15:29:45 - mmengine - INFO - paramwise_options -- backbone.adapter.interactions.1.extractor.ffn.dwconv.dwconv.bias:lr_mult=0.1
2026/06/09 15:29:45 - mmengine - INFO - paramwise_options -- backbone.adapter.interactions.1.extractor.ffn.dwconv.dwconv.bias:decay_mult=1.0
2026/06/09 15:29:45 - mmengine - INFO - paramwise_options -- backbone.adapter.interactions.1.extractor.ffn.fc2.weight:lr=1e-05
2026/06/09 15:29:45 - mmengine - INFO - paramwise_options -- backbone.adapter.interactions.1.extractor.ffn.fc2.weight:weight_decay=0.05
2026/06/09 15:29:45 - mmengine - INFO - paramwise_options -- backbone.adapter.interactions.1.extractor.ffn.fc2.weight:lr_mult=0.1
2026/06/09 15:29:45 - mmengine - INFO - paramwise_options -- backbone.adapter.interactions.1.extractor.ffn.fc2.weight:decay_mult=1.0
2026/06/09 15:29:45 - mmengine - INFO - paramwise_options -- backbone.adapter.interactions.1.extractor.ffn.fc2.bias:lr=1e-05
2026/06/09 15:29:45 - mmengine - INFO - paramwise_options -- backbone.adapter.interactions.1.extractor.ffn.fc2.bias:weight_decay=0.05
2026/06/09 15:29:45 - mmengine - INFO - paramwise_options -- backbone.adapter.interactions.1.extractor.ffn.fc2.bias:lr_mult=0.1
2026/06/09 15:29:45 - mmengine - INFO - paramwise_options -- backbone.adapter.interactions.1.extractor.ffn.fc2.bias:decay_mult=1.0
2026/06/09 15:29:45 - mmengine - INFO - paramwise_options -- backbone.adapter.interactions.1.extractor.ffn_norm.weight:lr=1e-05
2026/06/09 15:29:45 - mmengine - INFO - paramwise_options -- backbone.adapter.interactions.1.extractor.ffn_norm.weight:weight_decay=0.05
2026/06/09 15:29:45 - mmengine - INFO - paramwise_options -- backbone.adapter.interactions.1.extractor.ffn_norm.weight:lr_mult=0.1
2026/06/09 15:29:45 - mmengine - INFO - paramwise_options -- backbone.adapter.interactions.1.extractor.ffn_norm.weight:decay_mult=1.0
2026/06/09 15:29:45 - mmengine - INFO - paramwise_options -- backbone.adapter.interactions.1.extractor.ffn_norm.bias:lr=1e-05
2026/06/09 15:29:45 - mmengine - INFO - paramwise_options -- backbone.adapter.interactions.1.extractor.ffn_norm.bias:weight_decay=0.05
2026/06/09 15:29:45 - mmengine - INFO - paramwise_options -- backbone.adapter.interactions.1.extractor.ffn_norm.bias:lr_mult=0.1
2026/06/09 15:29:45 - mmengine - INFO - paramwise_options -- backbone.adapter.interactions.1.extractor.ffn_norm.bias:decay_mult=1.0
2026/06/09 15:29:45 - mmengine - INFO - paramwise_options -- backbone.adapter.interactions.2.extractor.query_norm.weight:lr=1e-05
2026/06/09 15:29:45 - mmengine - INFO - paramwise_options -- backbone.adapter.interactions.2.extractor.query_norm.weight:weight_decay=0.05
2026/06/09 15:29:45 - mmengine - INFO - paramwise_options -- backbone.adapter.interactions.2.extractor.query_norm.weight:lr_mult=0.1
2026/06/09 15:29:45 - mmengine - INFO - paramwise_options -- backbone.adapter.interactions.2.extractor.query_norm.weight:decay_mult=1.0
2026/06/09 15:29:45 - mmengine - INFO - paramwise_options -- backbone.adapter.interactions.2.extractor.query_norm.bias:lr=1e-05
2026/06/09 15:29:45 - mmengine - INFO - paramwise_options -- backbone.adapter.interactions.2.extractor.query_norm.bias:weight_decay=0.05
2026/06/09 15:29:45 - mmengine - INFO - paramwise_options -- backbone.adapter.interactions.2.extractor.query_norm.bias:lr_mult=0.1
2026/06/09 15:29:45 - mmengine - INFO - paramwise_options -- backbone.adapter.interactions.2.extractor.query_norm.bias:decay_mult=1.0
2026/06/09 15:29:45 - mmengine - INFO - paramwise_options -- backbone.adapter.interactions.2.extractor.feat_norm.weight:lr=1e-05
2026/06/09 15:29:45 - mmengine - INFO - paramwise_options -- backbone.adapter.interactions.2.extractor.feat_norm.weight:weight_decay=0.05
2026/06/09 15:29:45 - mmengine - INFO - paramwise_options -- backbone.adapter.interactions.2.extractor.feat_norm.weight:lr_mult=0.1
2026/06/09 15:29:45 - mmengine - INFO - paramwise_options -- backbone.adapter.interactions.2.extractor.feat_norm.weight:decay_mult=1.0
2026/06/09 15:29:45 - mmengine - INFO - paramwise_options -- backbone.adapter.interactions.2.extractor.feat_norm.bias:lr=1e-05
2026/06/09 15:29:45 - mmengine - INFO - paramwise_options -- backbone.adapter.interactions.2.extractor.feat_norm.bias:weight_decay=0.05
2026/06/09 15:29:45 - mmengine - INFO - paramwise_options -- backbone.adapter.interactions.2.extractor.feat_norm.bias:lr_mult=0.1
2026/06/09 15:29:45 - mmengine - INFO - paramwise_options -- backbone.adapter.interactions.2.extractor.feat_norm.bias:decay_mult=1.0
2026/06/09 15:29:45 - mmengine - INFO - paramwise_options -- backbone.adapter.interactions.2.extractor.attn.attn.sampling_offsets.weight:lr=1e-05
2026/06/09 15:29:45 - mmengine - INFO - paramwise_options -- backbone.adapter.interactions.2.extractor.attn.attn.sampling_offsets.weight:weight_decay=0.05
2026/06/09 15:29:45 - mmengine - INFO - paramwise_options -- backbone.adapter.interactions.2.extractor.attn.attn.sampling_offsets.weight:lr_mult=0.1
2026/06/09 15:29:45 - mmengine - INFO - paramwise_options -- backbone.adapter.interactions.2.extractor.attn.attn.sampling_offsets.weight:decay_mult=1.0
2026/06/09 15:29:45 - mmengine - INFO - paramwise_options -- backbone.adapter.interactions.2.extractor.attn.attn.sampling_offsets.bias:lr=1e-05
2026/06/09 15:29:45 - mmengine - INFO - paramwise_options -- backbone.adapter.interactions.2.extractor.attn.attn.sampling_offsets.bias:weight_decay=0.05
2026/06/09 15:29:45 - mmengine - INFO - paramwise_options -- backbone.adapter.interactions.2.extractor.attn.attn.sampling_offsets.bias:lr_mult=0.1
2026/06/09 15:29:45 - mmengine - INFO - paramwise_options -- backbone.adapter.interactions.2.extractor.attn.attn.sampling_offsets.bias:decay_mult=1.0
2026/06/09 15:29:45 - mmengine - INFO - paramwise_options -- backbone.adapter.interactions.2.extractor.attn.attn.attention_weights.weight:lr=1e-05
2026/06/09 15:29:45 - mmengine - INFO - paramwise_options -- backbone.adapter.interactions.2.extractor.attn.attn.attention_weights.weight:weight_decay=0.05
2026/06/09 15:29:45 - mmengine - INFO - paramwise_options -- backbone.adapter.interactions.2.extractor.attn.attn.attention_weights.weight:lr_mult=0.1
2026/06/09 15:29:45 - mmengine - INFO - paramwise_options -- backbone.adapter.interactions.2.extractor.attn.attn.attention_weights.weight:decay_mult=1.0
2026/06/09 15:29:45 - mmengine - INFO - paramwise_options -- backbone.adapter.interactions.2.extractor.attn.attn.attention_weights.bias:lr=1e-05
2026/06/09 15:29:45 - mmengine - INFO - paramwise_options -- backbone.adapter.interactions.2.extractor.attn.attn.attention_weights.bias:weight_decay=0.05
2026/06/09 15:29:45 - mmengine - INFO - paramwise_options -- backbone.adapter.interactions.2.extractor.attn.attn.attention_weights.bias:lr_mult=0.1
2026/06/09 15:29:45 - mmengine - INFO - paramwise_options -- backbone.adapter.interactions.2.extractor.attn.attn.attention_weights.bias:decay_mult=1.0
2026/06/09 15:29:45 - mmengine - INFO - paramwise_options -- backbone.adapter.interactions.2.extractor.attn.attn.value_proj.weight:lr=1e-05
2026/06/09 15:29:45 - mmengine - INFO - paramwise_options -- backbone.adapter.interactions.2.extractor.attn.attn.value_proj.weight:weight_decay=0.05
2026/06/09 15:29:45 - mmengine - INFO - paramwise_options -- backbone.adapter.interactions.2.extractor.attn.attn.value_proj.weight:lr_mult=0.1
2026/06/09 15:29:45 - mmengine - INFO - paramwise_options -- backbone.adapter.interactions.2.extractor.attn.attn.value_proj.weight:decay_mult=1.0
2026/06/09 15:29:45 - mmengine - INFO - paramwise_options -- backbone.adapter.interactions.2.extractor.attn.attn.value_proj.bias:lr=1e-05
2026/06/09 15:29:45 - mmengine - INFO - paramwise_options -- backbone.adapter.interactions.2.extractor.attn.attn.value_proj.bias:weight_decay=0.05
2026/06/09 15:29:45 - mmengine - INFO - paramwise_options -- backbone.adapter.interactions.2.extractor.attn.attn.value_proj.bias:lr_mult=0.1
2026/06/09 15:29:45 - mmengine - INFO - paramwise_options -- backbone.adapter.interactions.2.extractor.attn.attn.value_proj.bias:decay_mult=1.0
2026/06/09 15:29:45 - mmengine - INFO - paramwise_options -- backbone.adapter.interactions.2.extractor.attn.attn.output_proj.weight:lr=1e-05
2026/06/09 15:29:45 - mmengine - INFO - paramwise_options -- backbone.adapter.interactions.2.extractor.attn.attn.output_proj.weight:weight_decay=0.05
2026/06/09 15:29:45 - mmengine - INFO - paramwise_options -- backbone.adapter.interactions.2.extractor.attn.attn.output_proj.weight:lr_mult=0.1
2026/06/09 15:29:45 - mmengine - INFO - paramwise_options -- backbone.adapter.interactions.2.extractor.attn.attn.output_proj.weight:decay_mult=1.0
2026/06/09 15:29:45 - mmengine - INFO - paramwise_options -- backbone.adapter.interactions.2.extractor.attn.attn.output_proj.bias:lr=1e-05
2026/06/09 15:29:45 - mmengine - INFO - paramwise_options -- backbone.adapter.interactions.2.extractor.attn.attn.output_proj.bias:weight_decay=0.05
2026/06/09 15:29:45 - mmengine - INFO - paramwise_options -- backbone.adapter.interactions.2.extractor.attn.attn.output_proj.bias:lr_mult=0.1
2026/06/09 15:29:45 - mmengine - INFO - paramwise_options -- backbone.adapter.interactions.2.extractor.attn.attn.output_proj.bias:decay_mult=1.0
2026/06/09 15:29:45 - mmengine - INFO - paramwise_options -- backbone.adapter.interactions.2.extractor.ffn.fc1.weight:lr=1e-05
2026/06/09 15:29:45 - mmengine - INFO - paramwise_options -- backbone.adapter.interactions.2.extractor.ffn.fc1.weight:weight_decay=0.05
2026/06/09 15:29:45 - mmengine - INFO - paramwise_options -- backbone.adapter.interactions.2.extractor.ffn.fc1.weight:lr_mult=0.1
2026/06/09 15:29:45 - mmengine - INFO - paramwise_options -- backbone.adapter.interactions.2.extractor.ffn.fc1.weight:decay_mult=1.0
2026/06/09 15:29:45 - mmengine - INFO - paramwise_options -- backbone.adapter.interactions.2.extractor.ffn.fc1.bias:lr=1e-05
2026/06/09 15:29:45 - mmengine - INFO - paramwise_options -- backbone.adapter.interactions.2.extractor.ffn.fc1.bias:weight_decay=0.05
2026/06/09 15:29:45 - mmengine - INFO - paramwise_options -- backbone.adapter.interactions.2.extractor.ffn.fc1.bias:lr_mult=0.1
2026/06/09 15:29:45 - mmengine - INFO - paramwise_options -- backbone.adapter.interactions.2.extractor.ffn.fc1.bias:decay_mult=1.0
2026/06/09 15:29:45 - mmengine - INFO - paramwise_options -- backbone.adapter.interactions.2.extractor.ffn.dwconv.dwconv.weight:lr=1e-05
2026/06/09 15:29:45 - mmengine - INFO - paramwise_options -- backbone.adapter.interactions.2.extractor.ffn.dwconv.dwconv.weight:weight_decay=0.05
2026/06/09 15:29:45 - mmengine - INFO - paramwise_options -- backbone.adapter.interactions.2.extractor.ffn.dwconv.dwconv.weight:lr_mult=0.1
2026/06/09 15:29:45 - mmengine - INFO - paramwise_options -- backbone.adapter.interactions.2.extractor.ffn.dwconv.dwconv.weight:decay_mult=1.0
2026/06/09 15:29:45 - mmengine - INFO - paramwise_options -- backbone.adapter.interactions.2.extractor.ffn.dwconv.dwconv.bias:lr=1e-05
2026/06/09 15:29:45 - mmengine - INFO - paramwise_options -- backbone.adapter.interactions.2.extractor.ffn.dwconv.dwconv.bias:weight_decay=0.05
2026/06/09 15:29:45 - mmengine - INFO - paramwise_options -- backbone.adapter.interactions.2.extractor.ffn.dwconv.dwconv.bias:lr_mult=0.1
2026/06/09 15:29:45 - mmengine - INFO - paramwise_options -- backbone.adapter.interactions.2.extractor.ffn.dwconv.dwconv.bias:decay_mult=1.0
2026/06/09 15:29:45 - mmengine - INFO - paramwise_options -- backbone.adapter.interactions.2.extractor.ffn.fc2.weight:lr=1e-05
2026/06/09 15:29:45 - mmengine - INFO - paramwise_options -- backbone.adapter.interactions.2.extractor.ffn.fc2.weight:weight_decay=0.05
2026/06/09 15:29:45 - mmengine - INFO - paramwise_options -- backbone.adapter.interactions.2.extractor.ffn.fc2.weight:lr_mult=0.1
2026/06/09 15:29:45 - mmengine - INFO - paramwise_options -- backbone.adapter.interactions.2.extractor.ffn.fc2.weight:decay_mult=1.0
2026/06/09 15:29:45 - mmengine - INFO - paramwise_options -- backbone.adapter.interactions.2.extractor.ffn.fc2.bias:lr=1e-05
2026/06/09 15:29:45 - mmengine - INFO - paramwise_options -- backbone.adapter.interactions.2.extractor.ffn.fc2.bias:weight_decay=0.05
2026/06/09 15:29:45 - mmengine - INFO - paramwise_options -- backbone.adapter.interactions.2.extractor.ffn.fc2.bias:lr_mult=0.1
2026/06/09 15:29:45 - mmengine - INFO - paramwise_options -- backbone.adapter.interactions.2.extractor.ffn.fc2.bias:decay_mult=1.0
2026/06/09 15:29:45 - mmengine - INFO - paramwise_options -- backbone.adapter.interactions.2.extractor.ffn_norm.weight:lr=1e-05
2026/06/09 15:29:45 - mmengine - INFO - paramwise_options -- backbone.adapter.interactions.2.extractor.ffn_norm.weight:weight_decay=0.05
2026/06/09 15:29:45 - mmengine - INFO - paramwise_options -- backbone.adapter.interactions.2.extractor.ffn_norm.weight:lr_mult=0.1
2026/06/09 15:29:45 - mmengine - INFO - paramwise_options -- backbone.adapter.interactions.2.extractor.ffn_norm.weight:decay_mult=1.0
2026/06/09 15:29:45 - mmengine - INFO - paramwise_options -- backbone.adapter.interactions.2.extractor.ffn_norm.bias:lr=1e-05
2026/06/09 15:29:45 - mmengine - INFO - paramwise_options -- backbone.adapter.interactions.2.extractor.ffn_norm.bias:weight_decay=0.05
2026/06/09 15:29:45 - mmengine - INFO - paramwise_options -- backbone.adapter.interactions.2.extractor.ffn_norm.bias:lr_mult=0.1
2026/06/09 15:29:45 - mmengine - INFO - paramwise_options -- backbone.adapter.interactions.2.extractor.ffn_norm.bias:decay_mult=1.0
2026/06/09 15:29:45 - mmengine - INFO - paramwise_options -- backbone.adapter.interactions.3.extractor.query_norm.weight:lr=1e-05
2026/06/09 15:29:45 - mmengine - INFO - paramwise_options -- backbone.adapter.interactions.3.extractor.query_norm.weight:weight_decay=0.05
2026/06/09 15:29:45 - mmengine - INFO - paramwise_options -- backbone.adapter.interactions.3.extractor.query_norm.weight:lr_mult=0.1
2026/06/09 15:29:45 - mmengine - INFO - paramwise_options -- backbone.adapter.interactions.3.extractor.query_norm.weight:decay_mult=1.0
2026/06/09 15:29:45 - mmengine - INFO - paramwise_options -- backbone.adapter.interactions.3.extractor.query_norm.bias:lr=1e-05
2026/06/09 15:29:45 - mmengine - INFO - paramwise_options -- backbone.adapter.interactions.3.extractor.query_norm.bias:weight_decay=0.05
2026/06/09 15:29:45 - mmengine - INFO - paramwise_options -- backbone.adapter.interactions.3.extractor.query_norm.bias:lr_mult=0.1
2026/06/09 15:29:45 - mmengine - INFO - paramwise_options -- backbone.adapter.interactions.3.extractor.query_norm.bias:decay_mult=1.0
2026/06/09 15:29:45 - mmengine - INFO - paramwise_options -- backbone.adapter.interactions.3.extractor.feat_norm.weight:lr=1e-05
2026/06/09 15:29:45 - mmengine - INFO - paramwise_options -- backbone.adapter.interactions.3.extractor.feat_norm.weight:weight_decay=0.05
2026/06/09 15:29:45 - mmengine - INFO - paramwise_options -- backbone.adapter.interactions.3.extractor.feat_norm.weight:lr_mult=0.1
2026/06/09 15:29:45 - mmengine - INFO - paramwise_options -- backbone.adapter.interactions.3.extractor.feat_norm.weight:decay_mult=1.0
2026/06/09 15:29:45 - mmengine - INFO - paramwise_options -- backbone.adapter.interactions.3.extractor.feat_norm.bias:lr=1e-05
2026/06/09 15:29:45 - mmengine - INFO - paramwise_options -- backbone.adapter.interactions.3.extractor.feat_norm.bias:weight_decay=0.05
2026/06/09 15:29:45 - mmengine - INFO - paramwise_options -- backbone.adapter.interactions.3.extractor.feat_norm.bias:lr_mult=0.1
2026/06/09 15:29:45 - mmengine - INFO - paramwise_options -- backbone.adapter.interactions.3.extractor.feat_norm.bias:decay_mult=1.0
2026/06/09 15:29:45 - mmengine - INFO - paramwise_options -- backbone.adapter.interactions.3.extractor.attn.attn.sampling_offsets.weight:lr=1e-05
2026/06/09 15:29:45 - mmengine - INFO - paramwise_options -- backbone.adapter.interactions.3.extractor.attn.attn.sampling_offsets.weight:weight_decay=0.05
2026/06/09 15:29:45 - mmengine - INFO - paramwise_options -- backbone.adapter.interactions.3.extractor.attn.attn.sampling_offsets.weight:lr_mult=0.1
2026/06/09 15:29:45 - mmengine - INFO - paramwise_options -- backbone.adapter.interactions.3.extractor.attn.attn.sampling_offsets.weight:decay_mult=1.0
2026/06/09 15:29:45 - mmengine - INFO - paramwise_options -- backbone.adapter.interactions.3.extractor.attn.attn.sampling_offsets.bias:lr=1e-05
2026/06/09 15:29:45 - mmengine - INFO - paramwise_options -- backbone.adapter.interactions.3.extractor.attn.attn.sampling_offsets.bias:weight_decay=0.05
2026/06/09 15:29:45 - mmengine - INFO - paramwise_options -- backbone.adapter.interactions.3.extractor.attn.attn.sampling_offsets.bias:lr_mult=0.1
2026/06/09 15:29:45 - mmengine - INFO - paramwise_options -- backbone.adapter.interactions.3.extractor.attn.attn.sampling_offsets.bias:decay_mult=1.0
2026/06/09 15:29:45 - mmengine - INFO - paramwise_options -- backbone.adapter.interactions.3.extractor.attn.attn.attention_weights.weight:lr=1e-05
2026/06/09 15:29:45 - mmengine - INFO - paramwise_options -- backbone.adapter.interactions.3.extractor.attn.attn.attention_weights.weight:weight_decay=0.05
2026/06/09 15:29:45 - mmengine - INFO - paramwise_options -- backbone.adapter.interactions.3.extractor.attn.attn.attention_weights.weight:lr_mult=0.1
2026/06/09 15:29:45 - mmengine - INFO - paramwise_options -- backbone.adapter.interactions.3.extractor.attn.attn.attention_weights.weight:decay_mult=1.0
2026/06/09 15:29:45 - mmengine - INFO - paramwise_options -- backbone.adapter.interactions.3.extractor.attn.attn.attention_weights.bias:lr=1e-05
2026/06/09 15:29:45 - mmengine - INFO - paramwise_options -- backbone.adapter.interactions.3.extractor.attn.attn.attention_weights.bias:weight_decay=0.05
2026/06/09 15:29:45 - mmengine - INFO - paramwise_options -- backbone.adapter.interactions.3.extractor.attn.attn.attention_weights.bias:lr_mult=0.1
2026/06/09 15:29:45 - mmengine - INFO - paramwise_options -- backbone.adapter.interactions.3.extractor.attn.attn.attention_weights.bias:decay_mult=1.0
2026/06/09 15:29:45 - mmengine - INFO - paramwise_options -- backbone.adapter.interactions.3.extractor.attn.attn.value_proj.weight:lr=1e-05
2026/06/09 15:29:45 - mmengine - INFO - paramwise_options -- backbone.adapter.interactions.3.extractor.attn.attn.value_proj.weight:weight_decay=0.05
2026/06/09 15:29:45 - mmengine - INFO - paramwise_options -- backbone.adapter.interactions.3.extractor.attn.attn.value_proj.weight:lr_mult=0.1
2026/06/09 15:29:45 - mmengine - INFO - paramwise_options -- backbone.adapter.interactions.3.extractor.attn.attn.value_proj.weight:decay_mult=1.0
2026/06/09 15:29:45 - mmengine - INFO - paramwise_options -- backbone.adapter.interactions.3.extractor.attn.attn.value_proj.bias:lr=1e-05
2026/06/09 15:29:45 - mmengine - INFO - paramwise_options -- backbone.adapter.interactions.3.extractor.attn.attn.value_proj.bias:weight_decay=0.05
2026/06/09 15:29:45 - mmengine - INFO - paramwise_options -- backbone.adapter.interactions.3.extractor.attn.attn.value_proj.bias:lr_mult=0.1
2026/06/09 15:29:45 - mmengine - INFO - paramwise_options -- backbone.adapter.interactions.3.extractor.attn.attn.value_proj.bias:decay_mult=1.0
2026/06/09 15:29:45 - mmengine - INFO - paramwise_options -- backbone.adapter.interactions.3.extractor.attn.attn.output_proj.weight:lr=1e-05
2026/06/09 15:29:45 - mmengine - INFO - paramwise_options -- backbone.adapter.interactions.3.extractor.attn.attn.output_proj.weight:weight_decay=0.05
2026/06/09 15:29:45 - mmengine - INFO - paramwise_options -- backbone.adapter.interactions.3.extractor.attn.attn.output_proj.weight:lr_mult=0.1
2026/06/09 15:29:45 - mmengine - INFO - paramwise_options -- backbone.adapter.interactions.3.extractor.attn.attn.output_proj.weight:decay_mult=1.0
2026/06/09 15:29:45 - mmengine - INFO - paramwise_options -- backbone.adapter.interactions.3.extractor.attn.attn.output_proj.bias:lr=1e-05
2026/06/09 15:29:45 - mmengine - INFO - paramwise_options -- backbone.adapter.interactions.3.extractor.attn.attn.output_proj.bias:weight_decay=0.05
2026/06/09 15:29:45 - mmengine - INFO - paramwise_options -- backbone.adapter.interactions.3.extractor.attn.attn.output_proj.bias:lr_mult=0.1
2026/06/09 15:29:45 - mmengine - INFO - paramwise_options -- backbone.adapter.interactions.3.extractor.attn.attn.output_proj.bias:decay_mult=1.0
2026/06/09 15:29:45 - mmengine - INFO - paramwise_options -- backbone.adapter.interactions.3.extractor.ffn.fc1.weight:lr=1e-05
2026/06/09 15:29:45 - mmengine - INFO - paramwise_options -- backbone.adapter.interactions.3.extractor.ffn.fc1.weight:weight_decay=0.05
2026/06/09 15:29:45 - mmengine - INFO - paramwise_options -- backbone.adapter.interactions.3.extractor.ffn.fc1.weight:lr_mult=0.1
2026/06/09 15:29:45 - mmengine - INFO - paramwise_options -- backbone.adapter.interactions.3.extractor.ffn.fc1.weight:decay_mult=1.0
2026/06/09 15:29:45 - mmengine - INFO - paramwise_options -- backbone.adapter.interactions.3.extractor.ffn.fc1.bias:lr=1e-05
2026/06/09 15:29:45 - mmengine - INFO - paramwise_options -- backbone.adapter.interactions.3.extractor.ffn.fc1.bias:weight_decay=0.05
2026/06/09 15:29:45 - mmengine - INFO - paramwise_options -- backbone.adapter.interactions.3.extractor.ffn.fc1.bias:lr_mult=0.1
2026/06/09 15:29:45 - mmengine - INFO - paramwise_options -- backbone.adapter.interactions.3.extractor.ffn.fc1.bias:decay_mult=1.0
2026/06/09 15:29:45 - mmengine - INFO - paramwise_options -- backbone.adapter.interactions.3.extractor.ffn.dwconv.dwconv.weight:lr=1e-05
2026/06/09 15:29:45 - mmengine - INFO - paramwise_options -- backbone.adapter.interactions.3.extractor.ffn.dwconv.dwconv.weight:weight_decay=0.05
2026/06/09 15:29:45 - mmengine - INFO - paramwise_options -- backbone.adapter.interactions.3.extractor.ffn.dwconv.dwconv.weight:lr_mult=0.1
2026/06/09 15:29:45 - mmengine - INFO - paramwise_options -- backbone.adapter.interactions.3.extractor.ffn.dwconv.dwconv.weight:decay_mult=1.0
2026/06/09 15:29:45 - mmengine - INFO - paramwise_options -- backbone.adapter.interactions.3.extractor.ffn.dwconv.dwconv.bias:lr=1e-05
2026/06/09 15:29:45 - mmengine - INFO - paramwise_options -- backbone.adapter.interactions.3.extractor.ffn.dwconv.dwconv.bias:weight_decay=0.05
2026/06/09 15:29:45 - mmengine - INFO - paramwise_options -- backbone.adapter.interactions.3.extractor.ffn.dwconv.dwconv.bias:lr_mult=0.1
2026/06/09 15:29:45 - mmengine - INFO - paramwise_options -- backbone.adapter.interactions.3.extractor.ffn.dwconv.dwconv.bias:decay_mult=1.0
2026/06/09 15:29:45 - mmengine - INFO - paramwise_options -- backbone.adapter.interactions.3.extractor.ffn.fc2.weight:lr=1e-05
2026/06/09 15:29:45 - mmengine - INFO - paramwise_options -- backbone.adapter.interactions.3.extractor.ffn.fc2.weight:weight_decay=0.05
2026/06/09 15:29:45 - mmengine - INFO - paramwise_options -- backbone.adapter.interactions.3.extractor.ffn.fc2.weight:lr_mult=0.1
2026/06/09 15:29:45 - mmengine - INFO - paramwise_options -- backbone.adapter.interactions.3.extractor.ffn.fc2.weight:decay_mult=1.0
2026/06/09 15:29:45 - mmengine - INFO - paramwise_options -- backbone.adapter.interactions.3.extractor.ffn.fc2.bias:lr=1e-05
2026/06/09 15:29:45 - mmengine - INFO - paramwise_options -- backbone.adapter.interactions.3.extractor.ffn.fc2.bias:weight_decay=0.05
2026/06/09 15:29:45 - mmengine - INFO - paramwise_options -- backbone.adapter.interactions.3.extractor.ffn.fc2.bias:lr_mult=0.1
2026/06/09 15:29:45 - mmengine - INFO - paramwise_options -- backbone.adapter.interactions.3.extractor.ffn.fc2.bias:decay_mult=1.0
2026/06/09 15:29:45 - mmengine - INFO - paramwise_options -- backbone.adapter.interactions.3.extractor.ffn_norm.weight:lr=1e-05
2026/06/09 15:29:45 - mmengine - INFO - paramwise_options -- backbone.adapter.interactions.3.extractor.ffn_norm.weight:weight_decay=0.05
2026/06/09 15:29:45 - mmengine - INFO - paramwise_options -- backbone.adapter.interactions.3.extractor.ffn_norm.weight:lr_mult=0.1
2026/06/09 15:29:45 - mmengine - INFO - paramwise_options -- backbone.adapter.interactions.3.extractor.ffn_norm.weight:decay_mult=1.0
2026/06/09 15:29:45 - mmengine - INFO - paramwise_options -- backbone.adapter.interactions.3.extractor.ffn_norm.bias:lr=1e-05
2026/06/09 15:29:45 - mmengine - INFO - paramwise_options -- backbone.adapter.interactions.3.extractor.ffn_norm.bias:weight_decay=0.05
2026/06/09 15:29:45 - mmengine - INFO - paramwise_options -- backbone.adapter.interactions.3.extractor.ffn_norm.bias:lr_mult=0.1
2026/06/09 15:29:45 - mmengine - INFO - paramwise_options -- backbone.adapter.interactions.3.extractor.ffn_norm.bias:decay_mult=1.0
2026/06/09 15:29:45 - mmengine - INFO - paramwise_options -- backbone.adapter.interactions.3.extra_extractors.0.query_norm.weight:lr=1e-05
2026/06/09 15:29:45 - mmengine - INFO - paramwise_options -- backbone.adapter.interactions.3.extra_extractors.0.query_norm.weight:weight_decay=0.05
2026/06/09 15:29:45 - mmengine - INFO - paramwise_options -- backbone.adapter.interactions.3.extra_extractors.0.query_norm.weight:lr_mult=0.1
2026/06/09 15:29:45 - mmengine - INFO - paramwise_options -- backbone.adapter.interactions.3.extra_extractors.0.query_norm.weight:decay_mult=1.0
2026/06/09 15:29:45 - mmengine - INFO - paramwise_options -- backbone.adapter.interactions.3.extra_extractors.0.query_norm.bias:lr=1e-05
2026/06/09 15:29:45 - mmengine - INFO - paramwise_options -- backbone.adapter.interactions.3.extra_extractors.0.query_norm.bias:weight_decay=0.05
2026/06/09 15:29:45 - mmengine - INFO - paramwise_options -- backbone.adapter.interactions.3.extra_extractors.0.query_norm.bias:lr_mult=0.1
2026/06/09 15:29:45 - mmengine - INFO - paramwise_options -- backbone.adapter.interactions.3.extra_extractors.0.query_norm.bias:decay_mult=1.0
2026/06/09 15:29:45 - mmengine - INFO - paramwise_options -- backbone.adapter.interactions.3.extra_extractors.0.feat_norm.weight:lr=1e-05
2026/06/09 15:29:45 - mmengine - INFO - paramwise_options -- backbone.adapter.interactions.3.extra_extractors.0.feat_norm.weight:weight_decay=0.05
2026/06/09 15:29:45 - mmengine - INFO - paramwise_options -- backbone.adapter.interactions.3.extra_extractors.0.feat_norm.weight:lr_mult=0.1
2026/06/09 15:29:45 - mmengine - INFO - paramwise_options -- backbone.adapter.interactions.3.extra_extractors.0.feat_norm.weight:decay_mult=1.0
2026/06/09 15:29:45 - mmengine - INFO - paramwise_options -- backbone.adapter.interactions.3.extra_extractors.0.feat_norm.bias:lr=1e-05
2026/06/09 15:29:45 - mmengine - INFO - paramwise_options -- backbone.adapter.interactions.3.extra_extractors.0.feat_norm.bias:weight_decay=0.05
2026/06/09 15:29:45 - mmengine - INFO - paramwise_options -- backbone.adapter.interactions.3.extra_extractors.0.feat_norm.bias:lr_mult=0.1
2026/06/09 15:29:45 - mmengine - INFO - paramwise_options -- backbone.adapter.interactions.3.extra_extractors.0.feat_norm.bias:decay_mult=1.0
2026/06/09 15:29:45 - mmengine - INFO - paramwise_options -- backbone.adapter.interactions.3.extra_extractors.0.attn.attn.sampling_offsets.weight:lr=1e-05
2026/06/09 15:29:45 - mmengine - INFO - paramwise_options -- backbone.adapter.interactions.3.extra_extractors.0.attn.attn.sampling_offsets.weight:weight_decay=0.05
2026/06/09 15:29:45 - mmengine - INFO - paramwise_options -- backbone.adapter.interactions.3.extra_extractors.0.attn.attn.sampling_offsets.weight:lr_mult=0.1
2026/06/09 15:29:45 - mmengine - INFO - paramwise_options -- backbone.adapter.interactions.3.extra_extractors.0.attn.attn.sampling_offsets.weight:decay_mult=1.0
2026/06/09 15:29:45 - mmengine - INFO - paramwise_options -- backbone.adapter.interactions.3.extra_extractors.0.attn.attn.sampling_offsets.bias:lr=1e-05
2026/06/09 15:29:45 - mmengine - INFO - paramwise_options -- backbone.adapter.interactions.3.extra_extractors.0.attn.attn.sampling_offsets.bias:weight_decay=0.05
2026/06/09 15:29:45 - mmengine - INFO - paramwise_options -- backbone.adapter.interactions.3.extra_extractors.0.attn.attn.sampling_offsets.bias:lr_mult=0.1
2026/06/09 15:29:45 - mmengine - INFO - paramwise_options -- backbone.adapter.interactions.3.extra_extractors.0.attn.attn.sampling_offsets.bias:decay_mult=1.0
2026/06/09 15:29:45 - mmengine - INFO - paramwise_options -- backbone.adapter.interactions.3.extra_extractors.0.attn.attn.attention_weights.weight:lr=1e-05
2026/06/09 15:29:45 - mmengine - INFO - paramwise_options -- backbone.adapter.interactions.3.extra_extractors.0.attn.attn.attention_weights.weight:weight_decay=0.05
2026/06/09 15:29:45 - mmengine - INFO - paramwise_options -- backbone.adapter.interactions.3.extra_extractors.0.attn.attn.attention_weights.weight:lr_mult=0.1
2026/06/09 15:29:45 - mmengine - INFO - paramwise_options -- backbone.adapter.interactions.3.extra_extractors.0.attn.attn.attention_weights.weight:decay_mult=1.0
2026/06/09 15:29:45 - mmengine - INFO - paramwise_options -- backbone.adapter.interactions.3.extra_extractors.0.attn.attn.attention_weights.bias:lr=1e-05
2026/06/09 15:29:45 - mmengine - INFO - paramwise_options -- backbone.adapter.interactions.3.extra_extractors.0.attn.attn.attention_weights.bias:weight_decay=0.05
2026/06/09 15:29:45 - mmengine - INFO - paramwise_options -- backbone.adapter.interactions.3.extra_extractors.0.attn.attn.attention_weights.bias:lr_mult=0.1
2026/06/09 15:29:45 - mmengine - INFO - paramwise_options -- backbone.adapter.interactions.3.extra_extractors.0.attn.attn.attention_weights.bias:decay_mult=1.0
2026/06/09 15:29:45 - mmengine - INFO - paramwise_options -- backbone.adapter.interactions.3.extra_extractors.0.attn.attn.value_proj.weight:lr=1e-05
2026/06/09 15:29:45 - mmengine - INFO - paramwise_options -- backbone.adapter.interactions.3.extra_extractors.0.attn.attn.value_proj.weight:weight_decay=0.05
2026/06/09 15:29:45 - mmengine - INFO - paramwise_options -- backbone.adapter.interactions.3.extra_extractors.0.attn.attn.value_proj.weight:lr_mult=0.1
2026/06/09 15:29:45 - mmengine - INFO - paramwise_options -- backbone.adapter.interactions.3.extra_extractors.0.attn.attn.value_proj.weight:decay_mult=1.0
2026/06/09 15:29:45 - mmengine - INFO - paramwise_options -- backbone.adapter.interactions.3.extra_extractors.0.attn.attn.value_proj.bias:lr=1e-05
2026/06/09 15:29:45 - mmengine - INFO - paramwise_options -- backbone.adapter.interactions.3.extra_extractors.0.attn.attn.value_proj.bias:weight_decay=0.05
2026/06/09 15:29:45 - mmengine - INFO - paramwise_options -- backbone.adapter.interactions.3.extra_extractors.0.attn.attn.value_proj.bias:lr_mult=0.1
2026/06/09 15:29:45 - mmengine - INFO - paramwise_options -- backbone.adapter.interactions.3.extra_extractors.0.attn.attn.value_proj.bias:decay_mult=1.0
2026/06/09 15:29:45 - mmengine - INFO - paramwise_options -- backbone.adapter.interactions.3.extra_extractors.0.attn.attn.output_proj.weight:lr=1e-05
2026/06/09 15:29:45 - mmengine - INFO - paramwise_options -- backbone.adapter.interactions.3.extra_extractors.0.attn.attn.output_proj.weight:weight_decay=0.05
2026/06/09 15:29:45 - mmengine - INFO - paramwise_options -- backbone.adapter.interactions.3.extra_extractors.0.attn.attn.output_proj.weight:lr_mult=0.1
2026/06/09 15:29:45 - mmengine - INFO - paramwise_options -- backbone.adapter.interactions.3.extra_extractors.0.attn.attn.output_proj.weight:decay_mult=1.0
2026/06/09 15:29:45 - mmengine - INFO - paramwise_options -- backbone.adapter.interactions.3.extra_extractors.0.attn.attn.output_proj.bias:lr=1e-05
2026/06/09 15:29:45 - mmengine - INFO - paramwise_options -- backbone.adapter.interactions.3.extra_extractors.0.attn.attn.output_proj.bias:weight_decay=0.05
2026/06/09 15:29:45 - mmengine - INFO - paramwise_options -- backbone.adapter.interactions.3.extra_extractors.0.attn.attn.output_proj.bias:lr_mult=0.1
2026/06/09 15:29:45 - mmengine - INFO - paramwise_options -- backbone.adapter.interactions.3.extra_extractors.0.attn.attn.output_proj.bias:decay_mult=1.0
2026/06/09 15:29:45 - mmengine - INFO - paramwise_options -- backbone.adapter.interactions.3.extra_extractors.0.ffn.fc1.weight:lr=1e-05
2026/06/09 15:29:45 - mmengine - INFO - paramwise_options -- backbone.adapter.interactions.3.extra_extractors.0.ffn.fc1.weight:weight_decay=0.05
2026/06/09 15:29:45 - mmengine - INFO - paramwise_options -- backbone.adapter.interactions.3.extra_extractors.0.ffn.fc1.weight:lr_mult=0.1
2026/06/09 15:29:45 - mmengine - INFO - paramwise_options -- backbone.adapter.interactions.3.extra_extractors.0.ffn.fc1.weight:decay_mult=1.0
2026/06/09 15:29:45 - mmengine - INFO - paramwise_options -- backbone.adapter.interactions.3.extra_extractors.0.ffn.fc1.bias:lr=1e-05
2026/06/09 15:29:45 - mmengine - INFO - paramwise_options -- backbone.adapter.interactions.3.extra_extractors.0.ffn.fc1.bias:weight_decay=0.05
2026/06/09 15:29:45 - mmengine - INFO - paramwise_options -- backbone.adapter.interactions.3.extra_extractors.0.ffn.fc1.bias:lr_mult=0.1
2026/06/09 15:29:45 - mmengine - INFO - paramwise_options -- backbone.adapter.interactions.3.extra_extractors.0.ffn.fc1.bias:decay_mult=1.0
2026/06/09 15:29:45 - mmengine - INFO - paramwise_options -- backbone.adapter.interactions.3.extra_extractors.0.ffn.dwconv.dwconv.weight:lr=1e-05
2026/06/09 15:29:45 - mmengine - INFO - paramwise_options -- backbone.adapter.interactions.3.extra_extractors.0.ffn.dwconv.dwconv.weight:weight_decay=0.05
2026/06/09 15:29:45 - mmengine - INFO - paramwise_options -- backbone.adapter.interactions.3.extra_extractors.0.ffn.dwconv.dwconv.weight:lr_mult=0.1
2026/06/09 15:29:45 - mmengine - INFO - paramwise_options -- backbone.adapter.interactions.3.extra_extractors.0.ffn.dwconv.dwconv.weight:decay_mult=1.0
2026/06/09 15:29:45 - mmengine - INFO - paramwise_options -- backbone.adapter.interactions.3.extra_extractors.0.ffn.dwconv.dwconv.bias:lr=1e-05
2026/06/09 15:29:45 - mmengine - INFO - paramwise_options -- backbone.adapter.interactions.3.extra_extractors.0.ffn.dwconv.dwconv.bias:weight_decay=0.05
2026/06/09 15:29:45 - mmengine - INFO - paramwise_options -- backbone.adapter.interactions.3.extra_extractors.0.ffn.dwconv.dwconv.bias:lr_mult=0.1
2026/06/09 15:29:45 - mmengine - INFO - paramwise_options -- backbone.adapter.interactions.3.extra_extractors.0.ffn.dwconv.dwconv.bias:decay_mult=1.0
2026/06/09 15:29:45 - mmengine - INFO - paramwise_options -- backbone.adapter.interactions.3.extra_extractors.0.ffn.fc2.weight:lr=1e-05
2026/06/09 15:29:45 - mmengine - INFO - paramwise_options -- backbone.adapter.interactions.3.extra_extractors.0.ffn.fc2.weight:weight_decay=0.05
2026/06/09 15:29:45 - mmengine - INFO - paramwise_options -- backbone.adapter.interactions.3.extra_extractors.0.ffn.fc2.weight:lr_mult=0.1
2026/06/09 15:29:45 - mmengine - INFO - paramwise_options -- backbone.adapter.interactions.3.extra_extractors.0.ffn.fc2.weight:decay_mult=1.0
2026/06/09 15:29:45 - mmengine - INFO - paramwise_options -- backbone.adapter.interactions.3.extra_extractors.0.ffn.fc2.bias:lr=1e-05
2026/06/09 15:29:45 - mmengine - INFO - paramwise_options -- backbone.adapter.interactions.3.extra_extractors.0.ffn.fc2.bias:weight_decay=0.05
2026/06/09 15:29:45 - mmengine - INFO - paramwise_options -- backbone.adapter.interactions.3.extra_extractors.0.ffn.fc2.bias:lr_mult=0.1
2026/06/09 15:29:45 - mmengine - INFO - paramwise_options -- backbone.adapter.interactions.3.extra_extractors.0.ffn.fc2.bias:decay_mult=1.0
2026/06/09 15:29:45 - mmengine - INFO - paramwise_options -- backbone.adapter.interactions.3.extra_extractors.0.ffn_norm.weight:lr=1e-05
2026/06/09 15:29:45 - mmengine - INFO - paramwise_options -- backbone.adapter.interactions.3.extra_extractors.0.ffn_norm.weight:weight_decay=0.05
2026/06/09 15:29:45 - mmengine - INFO - paramwise_options -- backbone.adapter.interactions.3.extra_extractors.0.ffn_norm.weight:lr_mult=0.1
2026/06/09 15:29:45 - mmengine - INFO - paramwise_options -- backbone.adapter.interactions.3.extra_extractors.0.ffn_norm.weight:decay_mult=1.0
2026/06/09 15:29:45 - mmengine - INFO - paramwise_options -- backbone.adapter.interactions.3.extra_extractors.0.ffn_norm.bias:lr=1e-05
2026/06/09 15:29:45 - mmengine - INFO - paramwise_options -- backbone.adapter.interactions.3.extra_extractors.0.ffn_norm.bias:weight_decay=0.05
2026/06/09 15:29:45 - mmengine - INFO - paramwise_options -- backbone.adapter.interactions.3.extra_extractors.0.ffn_norm.bias:lr_mult=0.1
2026/06/09 15:29:45 - mmengine - INFO - paramwise_options -- backbone.adapter.interactions.3.extra_extractors.0.ffn_norm.bias:decay_mult=1.0
2026/06/09 15:29:45 - mmengine - INFO - paramwise_options -- backbone.adapter.interactions.3.extra_extractors.1.query_norm.weight:lr=1e-05
2026/06/09 15:29:45 - mmengine - INFO - paramwise_options -- backbone.adapter.interactions.3.extra_extractors.1.query_norm.weight:weight_decay=0.05
2026/06/09 15:29:45 - mmengine - INFO - paramwise_options -- backbone.adapter.interactions.3.extra_extractors.1.query_norm.weight:lr_mult=0.1
2026/06/09 15:29:45 - mmengine - INFO - paramwise_options -- backbone.adapter.interactions.3.extra_extractors.1.query_norm.weight:decay_mult=1.0
2026/06/09 15:29:45 - mmengine - INFO - paramwise_options -- backbone.adapter.interactions.3.extra_extractors.1.query_norm.bias:lr=1e-05
2026/06/09 15:29:45 - mmengine - INFO - paramwise_options -- backbone.adapter.interactions.3.extra_extractors.1.query_norm.bias:weight_decay=0.05
2026/06/09 15:29:45 - mmengine - INFO - paramwise_options -- backbone.adapter.interactions.3.extra_extractors.1.query_norm.bias:lr_mult=0.1
2026/06/09 15:29:45 - mmengine - INFO - paramwise_options -- backbone.adapter.interactions.3.extra_extractors.1.query_norm.bias:decay_mult=1.0
2026/06/09 15:29:45 - mmengine - INFO - paramwise_options -- backbone.adapter.interactions.3.extra_extractors.1.feat_norm.weight:lr=1e-05
2026/06/09 15:29:45 - mmengine - INFO - paramwise_options -- backbone.adapter.interactions.3.extra_extractors.1.feat_norm.weight:weight_decay=0.05
2026/06/09 15:29:45 - mmengine - INFO - paramwise_options -- backbone.adapter.interactions.3.extra_extractors.1.feat_norm.weight:lr_mult=0.1
2026/06/09 15:29:45 - mmengine - INFO - paramwise_options -- backbone.adapter.interactions.3.extra_extractors.1.feat_norm.weight:decay_mult=1.0
2026/06/09 15:29:45 - mmengine - INFO - paramwise_options -- backbone.adapter.interactions.3.extra_extractors.1.feat_norm.bias:lr=1e-05
2026/06/09 15:29:45 - mmengine - INFO - paramwise_options -- backbone.adapter.interactions.3.extra_extractors.1.feat_norm.bias:weight_decay=0.05
2026/06/09 15:29:45 - mmengine - INFO - paramwise_options -- backbone.adapter.interactions.3.extra_extractors.1.feat_norm.bias:lr_mult=0.1
2026/06/09 15:29:45 - mmengine - INFO - paramwise_options -- backbone.adapter.interactions.3.extra_extractors.1.feat_norm.bias:decay_mult=1.0
2026/06/09 15:29:45 - mmengine - INFO - paramwise_options -- backbone.adapter.interactions.3.extra_extractors.1.attn.attn.sampling_offsets.weight:lr=1e-05
2026/06/09 15:29:45 - mmengine - INFO - paramwise_options -- backbone.adapter.interactions.3.extra_extractors.1.attn.attn.sampling_offsets.weight:weight_decay=0.05
2026/06/09 15:29:45 - mmengine - INFO - paramwise_options -- backbone.adapter.interactions.3.extra_extractors.1.attn.attn.sampling_offsets.weight:lr_mult=0.1
2026/06/09 15:29:45 - mmengine - INFO - paramwise_options -- backbone.adapter.interactions.3.extra_extractors.1.attn.attn.sampling_offsets.weight:decay_mult=1.0
2026/06/09 15:29:45 - mmengine - INFO - paramwise_options -- backbone.adapter.interactions.3.extra_extractors.1.attn.attn.sampling_offsets.bias:lr=1e-05
2026/06/09 15:29:45 - mmengine - INFO - paramwise_options -- backbone.adapter.interactions.3.extra_extractors.1.attn.attn.sampling_offsets.bias:weight_decay=0.05
2026/06/09 15:29:45 - mmengine - INFO - paramwise_options -- backbone.adapter.interactions.3.extra_extractors.1.attn.attn.sampling_offsets.bias:lr_mult=0.1
2026/06/09 15:29:45 - mmengine - INFO - paramwise_options -- backbone.adapter.interactions.3.extra_extractors.1.attn.attn.sampling_offsets.bias:decay_mult=1.0
2026/06/09 15:29:45 - mmengine - INFO - paramwise_options -- backbone.adapter.interactions.3.extra_extractors.1.attn.attn.attention_weights.weight:lr=1e-05
2026/06/09 15:29:45 - mmengine - INFO - paramwise_options -- backbone.adapter.interactions.3.extra_extractors.1.attn.attn.attention_weights.weight:weight_decay=0.05
2026/06/09 15:29:45 - mmengine - INFO - paramwise_options -- backbone.adapter.interactions.3.extra_extractors.1.attn.attn.attention_weights.weight:lr_mult=0.1
2026/06/09 15:29:45 - mmengine - INFO - paramwise_options -- backbone.adapter.interactions.3.extra_extractors.1.attn.attn.attention_weights.weight:decay_mult=1.0
2026/06/09 15:29:45 - mmengine - INFO - paramwise_options -- backbone.adapter.interactions.3.extra_extractors.1.attn.attn.attention_weights.bias:lr=1e-05
2026/06/09 15:29:45 - mmengine - INFO - paramwise_options -- backbone.adapter.interactions.3.extra_extractors.1.attn.attn.attention_weights.bias:weight_decay=0.05
2026/06/09 15:29:45 - mmengine - INFO - paramwise_options -- backbone.adapter.interactions.3.extra_extractors.1.attn.attn.attention_weights.bias:lr_mult=0.1
2026/06/09 15:29:45 - mmengine - INFO - paramwise_options -- backbone.adapter.interactions.3.extra_extractors.1.attn.attn.attention_weights.bias:decay_mult=1.0
2026/06/09 15:29:45 - mmengine - INFO - paramwise_options -- backbone.adapter.interactions.3.extra_extractors.1.attn.attn.value_proj.weight:lr=1e-05
2026/06/09 15:29:45 - mmengine - INFO - paramwise_options -- backbone.adapter.interactions.3.extra_extractors.1.attn.attn.value_proj.weight:weight_decay=0.05
2026/06/09 15:29:45 - mmengine - INFO - paramwise_options -- backbone.adapter.interactions.3.extra_extractors.1.attn.attn.value_proj.weight:lr_mult=0.1
2026/06/09 15:29:45 - mmengine - INFO - paramwise_options -- backbone.adapter.interactions.3.extra_extractors.1.attn.attn.value_proj.weight:decay_mult=1.0
2026/06/09 15:29:45 - mmengine - INFO - paramwise_options -- backbone.adapter.interactions.3.extra_extractors.1.attn.attn.value_proj.bias:lr=1e-05
2026/06/09 15:29:45 - mmengine - INFO - paramwise_options -- backbone.adapter.interactions.3.extra_extractors.1.attn.attn.value_proj.bias:weight_decay=0.05
2026/06/09 15:29:45 - mmengine - INFO - paramwise_options -- backbone.adapter.interactions.3.extra_extractors.1.attn.attn.value_proj.bias:lr_mult=0.1
2026/06/09 15:29:45 - mmengine - INFO - paramwise_options -- backbone.adapter.interactions.3.extra_extractors.1.attn.attn.value_proj.bias:decay_mult=1.0
2026/06/09 15:29:45 - mmengine - INFO - paramwise_options -- backbone.adapter.interactions.3.extra_extractors.1.attn.attn.output_proj.weight:lr=1e-05
2026/06/09 15:29:45 - mmengine - INFO - paramwise_options -- backbone.adapter.interactions.3.extra_extractors.1.attn.attn.output_proj.weight:weight_decay=0.05
2026/06/09 15:29:45 - mmengine - INFO - paramwise_options -- backbone.adapter.interactions.3.extra_extractors.1.attn.attn.output_proj.weight:lr_mult=0.1
2026/06/09 15:29:45 - mmengine - INFO - paramwise_options -- backbone.adapter.interactions.3.extra_extractors.1.attn.attn.output_proj.weight:decay_mult=1.0
2026/06/09 15:29:45 - mmengine - INFO - paramwise_options -- backbone.adapter.interactions.3.extra_extractors.1.attn.attn.output_proj.bias:lr=1e-05
2026/06/09 15:29:45 - mmengine - INFO - paramwise_options -- backbone.adapter.interactions.3.extra_extractors.1.attn.attn.output_proj.bias:weight_decay=0.05
2026/06/09 15:29:45 - mmengine - INFO - paramwise_options -- backbone.adapter.interactions.3.extra_extractors.1.attn.attn.output_proj.bias:lr_mult=0.1
2026/06/09 15:29:45 - mmengine - INFO - paramwise_options -- backbone.adapter.interactions.3.extra_extractors.1.attn.attn.output_proj.bias:decay_mult=1.0
2026/06/09 15:29:45 - mmengine - INFO - paramwise_options -- backbone.adapter.interactions.3.extra_extractors.1.ffn.fc1.weight:lr=1e-05
2026/06/09 15:29:45 - mmengine - INFO - paramwise_options -- backbone.adapter.interactions.3.extra_extractors.1.ffn.fc1.weight:weight_decay=0.05
2026/06/09 15:29:45 - mmengine - INFO - paramwise_options -- backbone.adapter.interactions.3.extra_extractors.1.ffn.fc1.weight:lr_mult=0.1
2026/06/09 15:29:45 - mmengine - INFO - paramwise_options -- backbone.adapter.interactions.3.extra_extractors.1.ffn.fc1.weight:decay_mult=1.0
2026/06/09 15:29:45 - mmengine - INFO - paramwise_options -- backbone.adapter.interactions.3.extra_extractors.1.ffn.fc1.bias:lr=1e-05
2026/06/09 15:29:45 - mmengine - INFO - paramwise_options -- backbone.adapter.interactions.3.extra_extractors.1.ffn.fc1.bias:weight_decay=0.05
2026/06/09 15:29:45 - mmengine - INFO - paramwise_options -- backbone.adapter.interactions.3.extra_extractors.1.ffn.fc1.bias:lr_mult=0.1
2026/06/09 15:29:45 - mmengine - INFO - paramwise_options -- backbone.adapter.interactions.3.extra_extractors.1.ffn.fc1.bias:decay_mult=1.0
2026/06/09 15:29:45 - mmengine - INFO - paramwise_options -- backbone.adapter.interactions.3.extra_extractors.1.ffn.dwconv.dwconv.weight:lr=1e-05
2026/06/09 15:29:45 - mmengine - INFO - paramwise_options -- backbone.adapter.interactions.3.extra_extractors.1.ffn.dwconv.dwconv.weight:weight_decay=0.05
2026/06/09 15:29:45 - mmengine - INFO - paramwise_options -- backbone.adapter.interactions.3.extra_extractors.1.ffn.dwconv.dwconv.weight:lr_mult=0.1
2026/06/09 15:29:45 - mmengine - INFO - paramwise_options -- backbone.adapter.interactions.3.extra_extractors.1.ffn.dwconv.dwconv.weight:decay_mult=1.0
2026/06/09 15:29:45 - mmengine - INFO - paramwise_options -- backbone.adapter.interactions.3.extra_extractors.1.ffn.dwconv.dwconv.bias:lr=1e-05
2026/06/09 15:29:45 - mmengine - INFO - paramwise_options -- backbone.adapter.interactions.3.extra_extractors.1.ffn.dwconv.dwconv.bias:weight_decay=0.05
2026/06/09 15:29:45 - mmengine - INFO - paramwise_options -- backbone.adapter.interactions.3.extra_extractors.1.ffn.dwconv.dwconv.bias:lr_mult=0.1
2026/06/09 15:29:45 - mmengine - INFO - paramwise_options -- backbone.adapter.interactions.3.extra_extractors.1.ffn.dwconv.dwconv.bias:decay_mult=1.0
2026/06/09 15:29:45 - mmengine - INFO - paramwise_options -- backbone.adapter.interactions.3.extra_extractors.1.ffn.fc2.weight:lr=1e-05
2026/06/09 15:29:45 - mmengine - INFO - paramwise_options -- backbone.adapter.interactions.3.extra_extractors.1.ffn.fc2.weight:weight_decay=0.05
2026/06/09 15:29:45 - mmengine - INFO - paramwise_options -- backbone.adapter.interactions.3.extra_extractors.1.ffn.fc2.weight:lr_mult=0.1
2026/06/09 15:29:45 - mmengine - INFO - paramwise_options -- backbone.adapter.interactions.3.extra_extractors.1.ffn.fc2.weight:decay_mult=1.0
2026/06/09 15:29:45 - mmengine - INFO - paramwise_options -- backbone.adapter.interactions.3.extra_extractors.1.ffn.fc2.bias:lr=1e-05
2026/06/09 15:29:45 - mmengine - INFO - paramwise_options -- backbone.adapter.interactions.3.extra_extractors.1.ffn.fc2.bias:weight_decay=0.05
2026/06/09 15:29:45 - mmengine - INFO - paramwise_options -- backbone.adapter.interactions.3.extra_extractors.1.ffn.fc2.bias:lr_mult=0.1
2026/06/09 15:29:45 - mmengine - INFO - paramwise_options -- backbone.adapter.interactions.3.extra_extractors.1.ffn.fc2.bias:decay_mult=1.0
2026/06/09 15:29:45 - mmengine - INFO - paramwise_options -- backbone.adapter.interactions.3.extra_extractors.1.ffn_norm.weight:lr=1e-05
2026/06/09 15:29:45 - mmengine - INFO - paramwise_options -- backbone.adapter.interactions.3.extra_extractors.1.ffn_norm.weight:weight_decay=0.05
2026/06/09 15:29:45 - mmengine - INFO - paramwise_options -- backbone.adapter.interactions.3.extra_extractors.1.ffn_norm.weight:lr_mult=0.1
2026/06/09 15:29:45 - mmengine - INFO - paramwise_options -- backbone.adapter.interactions.3.extra_extractors.1.ffn_norm.weight:decay_mult=1.0
2026/06/09 15:29:45 - mmengine - INFO - paramwise_options -- backbone.adapter.interactions.3.extra_extractors.1.ffn_norm.bias:lr=1e-05
2026/06/09 15:29:45 - mmengine - INFO - paramwise_options -- backbone.adapter.interactions.3.extra_extractors.1.ffn_norm.bias:weight_decay=0.05
2026/06/09 15:29:45 - mmengine - INFO - paramwise_options -- backbone.adapter.interactions.3.extra_extractors.1.ffn_norm.bias:lr_mult=0.1
2026/06/09 15:29:45 - mmengine - INFO - paramwise_options -- backbone.adapter.interactions.3.extra_extractors.1.ffn_norm.bias:decay_mult=1.0
2026/06/09 15:29:45 - mmengine - INFO - paramwise_options -- backbone.adapter.up.weight:lr=1e-05
2026/06/09 15:29:45 - mmengine - INFO - paramwise_options -- backbone.adapter.up.weight:weight_decay=0.05
2026/06/09 15:29:45 - mmengine - INFO - paramwise_options -- backbone.adapter.up.weight:lr_mult=0.1
2026/06/09 15:29:45 - mmengine - INFO - paramwise_options -- backbone.adapter.up.weight:decay_mult=1.0
2026/06/09 15:29:45 - mmengine - INFO - paramwise_options -- backbone.adapter.up.bias:lr=1e-05
2026/06/09 15:29:45 - mmengine - INFO - paramwise_options -- backbone.adapter.up.bias:weight_decay=0.05
2026/06/09 15:29:45 - mmengine - INFO - paramwise_options -- backbone.adapter.up.bias:lr_mult=0.1
2026/06/09 15:29:45 - mmengine - INFO - paramwise_options -- backbone.adapter.up.bias:decay_mult=1.0
2026/06/09 15:29:45 - mmengine - INFO - paramwise_options -- backbone.adapter.norm1.weight:lr=1e-05
2026/06/09 15:29:45 - mmengine - INFO - paramwise_options -- backbone.adapter.norm1.weight:weight_decay=0.05
2026/06/09 15:29:45 - mmengine - INFO - paramwise_options -- backbone.adapter.norm1.weight:lr_mult=0.1
2026/06/09 15:29:45 - mmengine - INFO - paramwise_options -- backbone.adapter.norm1.weight:decay_mult=1.0
2026/06/09 15:29:45 - mmengine - INFO - paramwise_options -- backbone.adapter.norm1.bias:lr=1e-05
2026/06/09 15:29:45 - mmengine - INFO - paramwise_options -- backbone.adapter.norm1.bias:weight_decay=0.05
2026/06/09 15:29:45 - mmengine - INFO - paramwise_options -- backbone.adapter.norm1.bias:lr_mult=0.1
2026/06/09 15:29:45 - mmengine - INFO - paramwise_options -- backbone.adapter.norm1.bias:decay_mult=1.0
2026/06/09 15:29:45 - mmengine - INFO - paramwise_options -- backbone.adapter.norm2.weight:lr=1e-05
2026/06/09 15:29:45 - mmengine - INFO - paramwise_options -- backbone.adapter.norm2.weight:weight_decay=0.05
2026/06/09 15:29:45 - mmengine - INFO - paramwise_options -- backbone.adapter.norm2.weight:lr_mult=0.1
2026/06/09 15:29:45 - mmengine - INFO - paramwise_options -- backbone.adapter.norm2.weight:decay_mult=1.0
2026/06/09 15:29:45 - mmengine - INFO - paramwise_options -- backbone.adapter.norm2.bias:lr=1e-05
2026/06/09 15:29:45 - mmengine - INFO - paramwise_options -- backbone.adapter.norm2.bias:weight_decay=0.05
2026/06/09 15:29:45 - mmengine - INFO - paramwise_options -- backbone.adapter.norm2.bias:lr_mult=0.1
2026/06/09 15:29:45 - mmengine - INFO - paramwise_options -- backbone.adapter.norm2.bias:decay_mult=1.0
2026/06/09 15:29:45 - mmengine - INFO - paramwise_options -- backbone.adapter.norm3.weight:lr=1e-05
2026/06/09 15:29:45 - mmengine - INFO - paramwise_options -- backbone.adapter.norm3.weight:weight_decay=0.05
2026/06/09 15:29:45 - mmengine - INFO - paramwise_options -- backbone.adapter.norm3.weight:lr_mult=0.1
2026/06/09 15:29:45 - mmengine - INFO - paramwise_options -- backbone.adapter.norm3.weight:decay_mult=1.0
2026/06/09 15:29:45 - mmengine - INFO - paramwise_options -- backbone.adapter.norm3.bias:lr=1e-05
2026/06/09 15:29:45 - mmengine - INFO - paramwise_options -- backbone.adapter.norm3.bias:weight_decay=0.05
2026/06/09 15:29:45 - mmengine - INFO - paramwise_options -- backbone.adapter.norm3.bias:lr_mult=0.1
2026/06/09 15:29:45 - mmengine - INFO - paramwise_options -- backbone.adapter.norm3.bias:decay_mult=1.0
2026/06/09 15:29:45 - mmengine - INFO - paramwise_options -- backbone.adapter.norm4.weight:lr=1e-05
2026/06/09 15:29:45 - mmengine - INFO - paramwise_options -- backbone.adapter.norm4.weight:weight_decay=0.05
2026/06/09 15:29:45 - mmengine - INFO - paramwise_options -- backbone.adapter.norm4.weight:lr_mult=0.1
2026/06/09 15:29:45 - mmengine - INFO - paramwise_options -- backbone.adapter.norm4.weight:decay_mult=1.0
2026/06/09 15:29:45 - mmengine - INFO - paramwise_options -- backbone.adapter.norm4.bias:lr=1e-05
2026/06/09 15:29:45 - mmengine - INFO - paramwise_options -- backbone.adapter.norm4.bias:weight_decay=0.05
2026/06/09 15:29:45 - mmengine - INFO - paramwise_options -- backbone.adapter.norm4.bias:lr_mult=0.1
2026/06/09 15:29:45 - mmengine - INFO - paramwise_options -- backbone.adapter.norm4.bias:decay_mult=1.0
2026/06/09 15:29:45 - mmengine - INFO - paramwise_options -- decode_head.pixel_decoder.input_convs.0.gn.weight:weight_decay=0.0
2026/06/09 15:29:45 - mmengine - INFO - paramwise_options -- decode_head.pixel_decoder.input_convs.0.gn.bias:weight_decay=0.0
2026/06/09 15:29:45 - mmengine - INFO - paramwise_options -- decode_head.pixel_decoder.input_convs.1.gn.weight:weight_decay=0.0
2026/06/09 15:29:45 - mmengine - INFO - paramwise_options -- decode_head.pixel_decoder.input_convs.1.gn.bias:weight_decay=0.0
2026/06/09 15:29:45 - mmengine - INFO - paramwise_options -- decode_head.pixel_decoder.input_convs.2.gn.weight:weight_decay=0.0
2026/06/09 15:29:45 - mmengine - INFO - paramwise_options -- decode_head.pixel_decoder.input_convs.2.gn.bias:weight_decay=0.0
2026/06/09 15:29:45 - mmengine - INFO - paramwise_options -- decode_head.pixel_decoder.encoder.layers.0.norms.0.weight:weight_decay=0.0
2026/06/09 15:29:45 - mmengine - INFO - paramwise_options -- decode_head.pixel_decoder.encoder.layers.0.norms.0.bias:weight_decay=0.0
2026/06/09 15:29:45 - mmengine - INFO - paramwise_options -- decode_head.pixel_decoder.encoder.layers.0.norms.1.weight:weight_decay=0.0
2026/06/09 15:29:45 - mmengine - INFO - paramwise_options -- decode_head.pixel_decoder.encoder.layers.0.norms.1.bias:weight_decay=0.0
2026/06/09 15:29:45 - mmengine - INFO - paramwise_options -- decode_head.pixel_decoder.encoder.layers.1.norms.0.weight:weight_decay=0.0
2026/06/09 15:29:45 - mmengine - INFO - paramwise_options -- decode_head.pixel_decoder.encoder.layers.1.norms.0.bias:weight_decay=0.0
2026/06/09 15:29:45 - mmengine - INFO - paramwise_options -- decode_head.pixel_decoder.encoder.layers.1.norms.1.weight:weight_decay=0.0
2026/06/09 15:29:45 - mmengine - INFO - paramwise_options -- decode_head.pixel_decoder.encoder.layers.1.norms.1.bias:weight_decay=0.0
2026/06/09 15:29:45 - mmengine - INFO - paramwise_options -- decode_head.pixel_decoder.encoder.layers.2.norms.0.weight:weight_decay=0.0
2026/06/09 15:29:45 - mmengine - INFO - paramwise_options -- decode_head.pixel_decoder.encoder.layers.2.norms.0.bias:weight_decay=0.0
2026/06/09 15:29:45 - mmengine - INFO - paramwise_options -- decode_head.pixel_decoder.encoder.layers.2.norms.1.weight:weight_decay=0.0
2026/06/09 15:29:45 - mmengine - INFO - paramwise_options -- decode_head.pixel_decoder.encoder.layers.2.norms.1.bias:weight_decay=0.0
2026/06/09 15:29:45 - mmengine - INFO - paramwise_options -- decode_head.pixel_decoder.encoder.layers.3.norms.0.weight:weight_decay=0.0
2026/06/09 15:29:45 - mmengine - INFO - paramwise_options -- decode_head.pixel_decoder.encoder.layers.3.norms.0.bias:weight_decay=0.0
2026/06/09 15:29:45 - mmengine - INFO - paramwise_options -- decode_head.pixel_decoder.encoder.layers.3.norms.1.weight:weight_decay=0.0
2026/06/09 15:29:45 - mmengine - INFO - paramwise_options -- decode_head.pixel_decoder.encoder.layers.3.norms.1.bias:weight_decay=0.0
2026/06/09 15:29:45 - mmengine - INFO - paramwise_options -- decode_head.pixel_decoder.encoder.layers.4.norms.0.weight:weight_decay=0.0
2026/06/09 15:29:45 - mmengine - INFO - paramwise_options -- decode_head.pixel_decoder.encoder.layers.4.norms.0.bias:weight_decay=0.0
2026/06/09 15:29:45 - mmengine - INFO - paramwise_options -- decode_head.pixel_decoder.encoder.layers.4.norms.1.weight:weight_decay=0.0
2026/06/09 15:29:45 - mmengine - INFO - paramwise_options -- decode_head.pixel_decoder.encoder.layers.4.norms.1.bias:weight_decay=0.0
2026/06/09 15:29:45 - mmengine - INFO - paramwise_options -- decode_head.pixel_decoder.encoder.layers.5.norms.0.weight:weight_decay=0.0
2026/06/09 15:29:45 - mmengine - INFO - paramwise_options -- decode_head.pixel_decoder.encoder.layers.5.norms.0.bias:weight_decay=0.0
2026/06/09 15:29:45 - mmengine - INFO - paramwise_options -- decode_head.pixel_decoder.encoder.layers.5.norms.1.weight:weight_decay=0.0
2026/06/09 15:29:45 - mmengine - INFO - paramwise_options -- decode_head.pixel_decoder.encoder.layers.5.norms.1.bias:weight_decay=0.0
2026/06/09 15:29:45 - mmengine - INFO - paramwise_options -- decode_head.pixel_decoder.lateral_convs.0.gn.weight:weight_decay=0.0
2026/06/09 15:29:45 - mmengine - INFO - paramwise_options -- decode_head.pixel_decoder.lateral_convs.0.gn.bias:weight_decay=0.0
2026/06/09 15:29:45 - mmengine - INFO - paramwise_options -- decode_head.pixel_decoder.output_convs.0.gn.weight:weight_decay=0.0
2026/06/09 15:29:45 - mmengine - INFO - paramwise_options -- decode_head.pixel_decoder.output_convs.0.gn.bias:weight_decay=0.0
2026/06/09 15:29:45 - mmengine - INFO - paramwise_options -- decode_head.transformer_decoder.layers.0.norms.0.weight:weight_decay=0.0
2026/06/09 15:29:45 - mmengine - INFO - paramwise_options -- decode_head.transformer_decoder.layers.0.norms.0.bias:weight_decay=0.0
2026/06/09 15:29:45 - mmengine - INFO - paramwise_options -- decode_head.transformer_decoder.layers.0.norms.1.weight:weight_decay=0.0
2026/06/09 15:29:45 - mmengine - INFO - paramwise_options -- decode_head.transformer_decoder.layers.0.norms.1.bias:weight_decay=0.0
2026/06/09 15:29:45 - mmengine - INFO - paramwise_options -- decode_head.transformer_decoder.layers.0.norms.2.weight:weight_decay=0.0
2026/06/09 15:29:45 - mmengine - INFO - paramwise_options -- decode_head.transformer_decoder.layers.0.norms.2.bias:weight_decay=0.0
2026/06/09 15:29:45 - mmengine - INFO - paramwise_options -- decode_head.transformer_decoder.layers.1.norms.0.weight:weight_decay=0.0
2026/06/09 15:29:45 - mmengine - INFO - paramwise_options -- decode_head.transformer_decoder.layers.1.norms.0.bias:weight_decay=0.0
2026/06/09 15:29:45 - mmengine - INFO - paramwise_options -- decode_head.transformer_decoder.layers.1.norms.1.weight:weight_decay=0.0
2026/06/09 15:29:45 - mmengine - INFO - paramwise_options -- decode_head.transformer_decoder.layers.1.norms.1.bias:weight_decay=0.0
2026/06/09 15:29:45 - mmengine - INFO - paramwise_options -- decode_head.transformer_decoder.layers.1.norms.2.weight:weight_decay=0.0
2026/06/09 15:29:45 - mmengine - INFO - paramwise_options -- decode_head.transformer_decoder.layers.1.norms.2.bias:weight_decay=0.0
2026/06/09 15:29:45 - mmengine - INFO - paramwise_options -- decode_head.transformer_decoder.layers.2.norms.0.weight:weight_decay=0.0
2026/06/09 15:29:45 - mmengine - INFO - paramwise_options -- decode_head.transformer_decoder.layers.2.norms.0.bias:weight_decay=0.0
2026/06/09 15:29:45 - mmengine - INFO - paramwise_options -- decode_head.transformer_decoder.layers.2.norms.1.weight:weight_decay=0.0
2026/06/09 15:29:45 - mmengine - INFO - paramwise_options -- decode_head.transformer_decoder.layers.2.norms.1.bias:weight_decay=0.0
2026/06/09 15:29:45 - mmengine - INFO - paramwise_options -- decode_head.transformer_decoder.layers.2.norms.2.weight:weight_decay=0.0
2026/06/09 15:29:45 - mmengine - INFO - paramwise_options -- decode_head.transformer_decoder.layers.2.norms.2.bias:weight_decay=0.0
2026/06/09 15:29:45 - mmengine - INFO - paramwise_options -- decode_head.transformer_decoder.layers.3.norms.0.weight:weight_decay=0.0
2026/06/09 15:29:45 - mmengine - INFO - paramwise_options -- decode_head.transformer_decoder.layers.3.norms.0.bias:weight_decay=0.0
2026/06/09 15:29:45 - mmengine - INFO - paramwise_options -- decode_head.transformer_decoder.layers.3.norms.1.weight:weight_decay=0.0
2026/06/09 15:29:45 - mmengine - INFO - paramwise_options -- decode_head.transformer_decoder.layers.3.norms.1.bias:weight_decay=0.0
2026/06/09 15:29:45 - mmengine - INFO - paramwise_options -- decode_head.transformer_decoder.layers.3.norms.2.weight:weight_decay=0.0
2026/06/09 15:29:45 - mmengine - INFO - paramwise_options -- decode_head.transformer_decoder.layers.3.norms.2.bias:weight_decay=0.0
2026/06/09 15:29:45 - mmengine - INFO - paramwise_options -- decode_head.transformer_decoder.layers.4.norms.0.weight:weight_decay=0.0
2026/06/09 15:29:45 - mmengine - INFO - paramwise_options -- decode_head.transformer_decoder.layers.4.norms.0.bias:weight_decay=0.0
2026/06/09 15:29:45 - mmengine - INFO - paramwise_options -- decode_head.transformer_decoder.layers.4.norms.1.weight:weight_decay=0.0
2026/06/09 15:29:45 - mmengine - INFO - paramwise_options -- decode_head.transformer_decoder.layers.4.norms.1.bias:weight_decay=0.0
2026/06/09 15:29:45 - mmengine - INFO - paramwise_options -- decode_head.transformer_decoder.layers.4.norms.2.weight:weight_decay=0.0
2026/06/09 15:29:45 - mmengine - INFO - paramwise_options -- decode_head.transformer_decoder.layers.4.norms.2.bias:weight_decay=0.0
2026/06/09 15:29:45 - mmengine - INFO - paramwise_options -- decode_head.transformer_decoder.layers.5.norms.0.weight:weight_decay=0.0
2026/06/09 15:29:45 - mmengine - INFO - paramwise_options -- decode_head.transformer_decoder.layers.5.norms.0.bias:weight_decay=0.0
2026/06/09 15:29:45 - mmengine - INFO - paramwise_options -- decode_head.transformer_decoder.layers.5.norms.1.weight:weight_decay=0.0
2026/06/09 15:29:45 - mmengine - INFO - paramwise_options -- decode_head.transformer_decoder.layers.5.norms.1.bias:weight_decay=0.0
2026/06/09 15:29:45 - mmengine - INFO - paramwise_options -- decode_head.transformer_decoder.layers.5.norms.2.weight:weight_decay=0.0
2026/06/09 15:29:45 - mmengine - INFO - paramwise_options -- decode_head.transformer_decoder.layers.5.norms.2.bias:weight_decay=0.0
2026/06/09 15:29:45 - mmengine - INFO - paramwise_options -- decode_head.transformer_decoder.layers.6.norms.0.weight:weight_decay=0.0
2026/06/09 15:29:45 - mmengine - INFO - paramwise_options -- decode_head.transformer_decoder.layers.6.norms.0.bias:weight_decay=0.0
2026/06/09 15:29:45 - mmengine - INFO - paramwise_options -- decode_head.transformer_decoder.layers.6.norms.1.weight:weight_decay=0.0
2026/06/09 15:29:45 - mmengine - INFO - paramwise_options -- decode_head.transformer_decoder.layers.6.norms.1.bias:weight_decay=0.0
2026/06/09 15:29:45 - mmengine - INFO - paramwise_options -- decode_head.transformer_decoder.layers.6.norms.2.weight:weight_decay=0.0
2026/06/09 15:29:45 - mmengine - INFO - paramwise_options -- decode_head.transformer_decoder.layers.6.norms.2.bias:weight_decay=0.0
2026/06/09 15:29:45 - mmengine - INFO - paramwise_options -- decode_head.transformer_decoder.layers.7.norms.0.weight:weight_decay=0.0
2026/06/09 15:29:45 - mmengine - INFO - paramwise_options -- decode_head.transformer_decoder.layers.7.norms.0.bias:weight_decay=0.0
2026/06/09 15:29:45 - mmengine - INFO - paramwise_options -- decode_head.transformer_decoder.layers.7.norms.1.weight:weight_decay=0.0
2026/06/09 15:29:45 - mmengine - INFO - paramwise_options -- decode_head.transformer_decoder.layers.7.norms.1.bias:weight_decay=0.0
2026/06/09 15:29:45 - mmengine - INFO - paramwise_options -- decode_head.transformer_decoder.layers.7.norms.2.weight:weight_decay=0.0
2026/06/09 15:29:45 - mmengine - INFO - paramwise_options -- decode_head.transformer_decoder.layers.7.norms.2.bias:weight_decay=0.0
2026/06/09 15:29:45 - mmengine - INFO - paramwise_options -- decode_head.transformer_decoder.layers.8.norms.0.weight:weight_decay=0.0
2026/06/09 15:29:45 - mmengine - INFO - paramwise_options -- decode_head.transformer_decoder.layers.8.norms.0.bias:weight_decay=0.0
2026/06/09 15:29:45 - mmengine - INFO - paramwise_options -- decode_head.transformer_decoder.layers.8.norms.1.weight:weight_decay=0.0
2026/06/09 15:29:45 - mmengine - INFO - paramwise_options -- decode_head.transformer_decoder.layers.8.norms.1.bias:weight_decay=0.0
2026/06/09 15:29:45 - mmengine - INFO - paramwise_options -- decode_head.transformer_decoder.layers.8.norms.2.weight:weight_decay=0.0
2026/06/09 15:29:45 - mmengine - INFO - paramwise_options -- decode_head.transformer_decoder.layers.8.norms.2.bias:weight_decay=0.0
2026/06/09 15:29:45 - mmengine - INFO - paramwise_options -- decode_head.transformer_decoder.post_norm.weight:weight_decay=0.0
2026/06/09 15:29:45 - mmengine - INFO - paramwise_options -- decode_head.transformer_decoder.post_norm.bias:weight_decay=0.0
2026/06/09 15:29:45 - mmengine - INFO - paramwise_options -- decode_head.query_embed.weight:lr=0.0001
2026/06/09 15:29:45 - mmengine - INFO - paramwise_options -- decode_head.query_embed.weight:weight_decay=0.0
2026/06/09 15:29:45 - mmengine - INFO - paramwise_options -- decode_head.query_embed.weight:lr_mult=1.0
2026/06/09 15:29:45 - mmengine - INFO - paramwise_options -- decode_head.query_embed.weight:decay_mult=0.0
2026/06/09 15:29:45 - mmengine - INFO - paramwise_options -- decode_head.query_feat.weight:lr=0.0001
2026/06/09 15:29:45 - mmengine - INFO - paramwise_options -- decode_head.query_feat.weight:weight_decay=0.0
2026/06/09 15:29:45 - mmengine - INFO - paramwise_options -- decode_head.query_feat.weight:lr_mult=1.0
2026/06/09 15:29:45 - mmengine - INFO - paramwise_options -- decode_head.query_feat.weight:decay_mult=0.0
2026/06/09 15:29:45 - mmengine - INFO - paramwise_options -- decode_head.level_embed.weight:lr=0.0001
2026/06/09 15:29:45 - mmengine - INFO - paramwise_options -- decode_head.level_embed.weight:weight_decay=0.0
2026/06/09 15:29:45 - mmengine - INFO - paramwise_options -- decode_head.level_embed.weight:lr_mult=1.0
2026/06/09 15:29:45 - mmengine - INFO - paramwise_options -- decode_head.level_embed.weight:decay_mult=0.0
2026/06/09 15:29:45 - mmengine - WARNING - The prefix is not set in metric class IoUMetric.
Name of parameter - Initialization information

backbone.adapter.level_embed - torch.Size([3, 384]): 
The value is the same before and after calling `init_weights` of EncoderDecoder  

backbone.adapter.backbone.cls_token - torch.Size([1, 1, 384]): 
The value is the same before and after calling `init_weights` of EncoderDecoder  

backbone.adapter.backbone.mask_token - torch.Size([1, 384]): 
The value is the same before and after calling `init_weights` of EncoderDecoder  

backbone.adapter.backbone.patch_embed.proj.weight - torch.Size([384, 3, 16, 16]): 
The value is the same before and after calling `init_weights` of EncoderDecoder  

backbone.adapter.backbone.patch_embed.proj.bias - torch.Size([384]): 
The value is the same before and after calling `init_weights` of EncoderDecoder  

backbone.adapter.backbone.blocks.0.norm1.weight - torch.Size([384]): 
The value is the same before and after calling `init_weights` of EncoderDecoder  

backbone.adapter.backbone.blocks.0.norm1.bias - torch.Size([384]): 
The value is the same before and after calling `init_weights` of EncoderDecoder  

backbone.adapter.backbone.blocks.0.attn.qkv.weight - torch.Size([1152, 384]): 
The value is the same before and after calling `init_weights` of EncoderDecoder  

backbone.adapter.backbone.blocks.0.attn.qkv.bias - torch.Size([1152]): 
The value is the same before and after calling `init_weights` of EncoderDecoder  

backbone.adapter.backbone.blocks.0.attn.proj.weight - torch.Size([384, 384]): 
The value is the same before and after calling `init_weights` of EncoderDecoder  

backbone.adapter.backbone.blocks.0.attn.proj.bias - torch.Size([384]): 
The value is the same before and after calling `init_weights` of EncoderDecoder  

backbone.adapter.backbone.blocks.0.ls1.gamma - torch.Size([384]): 
The value is the same before and after calling `init_weights` of EncoderDecoder  

backbone.adapter.backbone.blocks.0.norm2.weight - torch.Size([384]): 
The value is the same before and after calling `init_weights` of EncoderDecoder  

backbone.adapter.backbone.blocks.0.norm2.bias - torch.Size([384]): 
The value is the same before and after calling `init_weights` of EncoderDecoder  

backbone.adapter.backbone.blocks.0.mlp.fc1.weight - torch.Size([1536, 384]): 
The value is the same before and after calling `init_weights` of EncoderDecoder  

backbone.adapter.backbone.blocks.0.mlp.fc1.bias - torch.Size([1536]): 
The value is the same before and after calling `init_weights` of EncoderDecoder  

backbone.adapter.backbone.blocks.0.mlp.fc2.weight - torch.Size([384, 1536]): 
The value is the same before and after calling `init_weights` of EncoderDecoder  

backbone.adapter.backbone.blocks.0.mlp.fc2.bias - torch.Size([384]): 
The value is the same before and after calling `init_weights` of EncoderDecoder  

backbone.adapter.backbone.blocks.0.ls2.gamma - torch.Size([384]): 
The value is the same before and after calling `init_weights` of EncoderDecoder  

backbone.adapter.backbone.blocks.1.norm1.weight - torch.Size([384]): 
The value is the same before and after calling `init_weights` of EncoderDecoder  

backbone.adapter.backbone.blocks.1.norm1.bias - torch.Size([384]): 
The value is the same before and after calling `init_weights` of EncoderDecoder  

backbone.adapter.backbone.blocks.1.attn.qkv.weight - torch.Size([1152, 384]): 
The value is the same before and after calling `init_weights` of EncoderDecoder  

backbone.adapter.backbone.blocks.1.attn.qkv.bias - torch.Size([1152]): 
The value is the same before and after calling `init_weights` of EncoderDecoder  

backbone.adapter.backbone.blocks.1.attn.proj.weight - torch.Size([384, 384]): 
The value is the same before and after calling `init_weights` of EncoderDecoder  

backbone.adapter.backbone.blocks.1.attn.proj.bias - torch.Size([384]): 
The value is the same before and after calling `init_weights` of EncoderDecoder  

backbone.adapter.backbone.blocks.1.ls1.gamma - torch.Size([384]): 
The value is the same before and after calling `init_weights` of EncoderDecoder  

backbone.adapter.backbone.blocks.1.norm2.weight - torch.Size([384]): 
The value is the same before and after calling `init_weights` of EncoderDecoder  

backbone.adapter.backbone.blocks.1.norm2.bias - torch.Size([384]): 
The value is the same before and after calling `init_weights` of EncoderDecoder  

backbone.adapter.backbone.blocks.1.mlp.fc1.weight - torch.Size([1536, 384]): 
The value is the same before and after calling `init_weights` of EncoderDecoder  

backbone.adapter.backbone.blocks.1.mlp.fc1.bias - torch.Size([1536]): 
The value is the same before and after calling `init_weights` of EncoderDecoder  

backbone.adapter.backbone.blocks.1.mlp.fc2.weight - torch.Size([384, 1536]): 
The value is the same before and after calling `init_weights` of EncoderDecoder  

backbone.adapter.backbone.blocks.1.mlp.fc2.bias - torch.Size([384]): 
The value is the same before and after calling `init_weights` of EncoderDecoder  

backbone.adapter.backbone.blocks.1.ls2.gamma - torch.Size([384]): 
The value is the same before and after calling `init_weights` of EncoderDecoder  

backbone.adapter.backbone.blocks.2.norm1.weight - torch.Size([384]): 
The value is the same before and after calling `init_weights` of EncoderDecoder  

backbone.adapter.backbone.blocks.2.norm1.bias - torch.Size([384]): 
The value is the same before and after calling `init_weights` of EncoderDecoder  

backbone.adapter.backbone.blocks.2.attn.qkv.weight - torch.Size([1152, 384]): 
The value is the same before and after calling `init_weights` of EncoderDecoder  

backbone.adapter.backbone.blocks.2.attn.qkv.bias - torch.Size([1152]): 
The value is the same before and after calling `init_weights` of EncoderDecoder  

backbone.adapter.backbone.blocks.2.attn.proj.weight - torch.Size([384, 384]): 
The value is the same before and after calling `init_weights` of EncoderDecoder  

backbone.adapter.backbone.blocks.2.attn.proj.bias - torch.Size([384]): 
The value is the same before and after calling `init_weights` of EncoderDecoder  

backbone.adapter.backbone.blocks.2.ls1.gamma - torch.Size([384]): 
The value is the same before and after calling `init_weights` of EncoderDecoder  

backbone.adapter.backbone.blocks.2.norm2.weight - torch.Size([384]): 
The value is the same before and after calling `init_weights` of EncoderDecoder  

backbone.adapter.backbone.blocks.2.norm2.bias - torch.Size([384]): 
The value is the same before and after calling `init_weights` of EncoderDecoder  

backbone.adapter.backbone.blocks.2.mlp.fc1.weight - torch.Size([1536, 384]): 
The value is the same before and after calling `init_weights` of EncoderDecoder  

backbone.adapter.backbone.blocks.2.mlp.fc1.bias - torch.Size([1536]): 
The value is the same before and after calling `init_weights` of EncoderDecoder  

backbone.adapter.backbone.blocks.2.mlp.fc2.weight - torch.Size([384, 1536]): 
The value is the same before and after calling `init_weights` of EncoderDecoder  

backbone.adapter.backbone.blocks.2.mlp.fc2.bias - torch.Size([384]): 
The value is the same before and after calling `init_weights` of EncoderDecoder  

backbone.adapter.backbone.blocks.2.ls2.gamma - torch.Size([384]): 
The value is the same before and after calling `init_weights` of EncoderDecoder  

backbone.adapter.backbone.blocks.3.norm1.weight - torch.Size([384]): 
The value is the same before and after calling `init_weights` of EncoderDecoder  

backbone.adapter.backbone.blocks.3.norm1.bias - torch.Size([384]): 
The value is the same before and after calling `init_weights` of EncoderDecoder  

backbone.adapter.backbone.blocks.3.attn.qkv.weight - torch.Size([1152, 384]): 
The value is the same before and after calling `init_weights` of EncoderDecoder  

backbone.adapter.backbone.blocks.3.attn.qkv.bias - torch.Size([1152]): 
The value is the same before and after calling `init_weights` of EncoderDecoder  

backbone.adapter.backbone.blocks.3.attn.proj.weight - torch.Size([384, 384]): 
The value is the same before and after calling `init_weights` of EncoderDecoder  

backbone.adapter.backbone.blocks.3.attn.proj.bias - torch.Size([384]): 
The value is the same before and after calling `init_weights` of EncoderDecoder  

backbone.adapter.backbone.blocks.3.ls1.gamma - torch.Size([384]): 
The value is the same before and after calling `init_weights` of EncoderDecoder  

backbone.adapter.backbone.blocks.3.norm2.weight - torch.Size([384]): 
The value is the same before and after calling `init_weights` of EncoderDecoder  

backbone.adapter.backbone.blocks.3.norm2.bias - torch.Size([384]): 
The value is the same before and after calling `init_weights` of EncoderDecoder  

backbone.adapter.backbone.blocks.3.mlp.fc1.weight - torch.Size([1536, 384]): 
The value is the same before and after calling `init_weights` of EncoderDecoder  

backbone.adapter.backbone.blocks.3.mlp.fc1.bias - torch.Size([1536]): 
The value is the same before and after calling `init_weights` of EncoderDecoder  

backbone.adapter.backbone.blocks.3.mlp.fc2.weight - torch.Size([384, 1536]): 
The value is the same before and after calling `init_weights` of EncoderDecoder  

backbone.adapter.backbone.blocks.3.mlp.fc2.bias - torch.Size([384]): 
The value is the same before and after calling `init_weights` of EncoderDecoder  

backbone.adapter.backbone.blocks.3.ls2.gamma - torch.Size([384]): 
The value is the same before and after calling `init_weights` of EncoderDecoder  

backbone.adapter.backbone.blocks.4.norm1.weight - torch.Size([384]): 
The value is the same before and after calling `init_weights` of EncoderDecoder  

backbone.adapter.backbone.blocks.4.norm1.bias - torch.Size([384]): 
The value is the same before and after calling `init_weights` of EncoderDecoder  

backbone.adapter.backbone.blocks.4.attn.qkv.weight - torch.Size([1152, 384]): 
The value is the same before and after calling `init_weights` of EncoderDecoder  

backbone.adapter.backbone.blocks.4.attn.qkv.bias - torch.Size([1152]): 
The value is the same before and after calling `init_weights` of EncoderDecoder  

backbone.adapter.backbone.blocks.4.attn.proj.weight - torch.Size([384, 384]): 
The value is the same before and after calling `init_weights` of EncoderDecoder  

backbone.adapter.backbone.blocks.4.attn.proj.bias - torch.Size([384]): 
The value is the same before and after calling `init_weights` of EncoderDecoder  

backbone.adapter.backbone.blocks.4.ls1.gamma - torch.Size([384]): 
The value is the same before and after calling `init_weights` of EncoderDecoder  

backbone.adapter.backbone.blocks.4.norm2.weight - torch.Size([384]): 
The value is the same before and after calling `init_weights` of EncoderDecoder  

backbone.adapter.backbone.blocks.4.norm2.bias - torch.Size([384]): 
The value is the same before and after calling `init_weights` of EncoderDecoder  

backbone.adapter.backbone.blocks.4.mlp.fc1.weight - torch.Size([1536, 384]): 
The value is the same before and after calling `init_weights` of EncoderDecoder  

backbone.adapter.backbone.blocks.4.mlp.fc1.bias - torch.Size([1536]): 
The value is the same before and after calling `init_weights` of EncoderDecoder  

backbone.adapter.backbone.blocks.4.mlp.fc2.weight - torch.Size([384, 1536]): 
The value is the same before and after calling `init_weights` of EncoderDecoder  

backbone.adapter.backbone.blocks.4.mlp.fc2.bias - torch.Size([384]): 
The value is the same before and after calling `init_weights` of EncoderDecoder  

backbone.adapter.backbone.blocks.4.ls2.gamma - torch.Size([384]): 
The value is the same before and after calling `init_weights` of EncoderDecoder  

backbone.adapter.backbone.blocks.5.norm1.weight - torch.Size([384]): 
The value is the same before and after calling `init_weights` of EncoderDecoder  

backbone.adapter.backbone.blocks.5.norm1.bias - torch.Size([384]): 
The value is the same before and after calling `init_weights` of EncoderDecoder  

backbone.adapter.backbone.blocks.5.attn.qkv.weight - torch.Size([1152, 384]): 
The value is the same before and after calling `init_weights` of EncoderDecoder  

backbone.adapter.backbone.blocks.5.attn.qkv.bias - torch.Size([1152]): 
The value is the same before and after calling `init_weights` of EncoderDecoder  

backbone.adapter.backbone.blocks.5.attn.proj.weight - torch.Size([384, 384]): 
The value is the same before and after calling `init_weights` of EncoderDecoder  

backbone.adapter.backbone.blocks.5.attn.proj.bias - torch.Size([384]): 
The value is the same before and after calling `init_weights` of EncoderDecoder  

backbone.adapter.backbone.blocks.5.ls1.gamma - torch.Size([384]): 
The value is the same before and after calling `init_weights` of EncoderDecoder  

backbone.adapter.backbone.blocks.5.norm2.weight - torch.Size([384]): 
The value is the same before and after calling `init_weights` of EncoderDecoder  

backbone.adapter.backbone.blocks.5.norm2.bias - torch.Size([384]): 
The value is the same before and after calling `init_weights` of EncoderDecoder  

backbone.adapter.backbone.blocks.5.mlp.fc1.weight - torch.Size([1536, 384]): 
The value is the same before and after calling `init_weights` of EncoderDecoder  

backbone.adapter.backbone.blocks.5.mlp.fc1.bias - torch.Size([1536]): 
The value is the same before and after calling `init_weights` of EncoderDecoder  

backbone.adapter.backbone.blocks.5.mlp.fc2.weight - torch.Size([384, 1536]): 
The value is the same before and after calling `init_weights` of EncoderDecoder  

backbone.adapter.backbone.blocks.5.mlp.fc2.bias - torch.Size([384]): 
The value is the same before and after calling `init_weights` of EncoderDecoder  

backbone.adapter.backbone.blocks.5.ls2.gamma - torch.Size([384]): 
The value is the same before and after calling `init_weights` of EncoderDecoder  

backbone.adapter.backbone.blocks.6.norm1.weight - torch.Size([384]): 
The value is the same before and after calling `init_weights` of EncoderDecoder  

backbone.adapter.backbone.blocks.6.norm1.bias - torch.Size([384]): 
The value is the same before and after calling `init_weights` of EncoderDecoder  

backbone.adapter.backbone.blocks.6.attn.qkv.weight - torch.Size([1152, 384]): 
The value is the same before and after calling `init_weights` of EncoderDecoder  

backbone.adapter.backbone.blocks.6.attn.qkv.bias - torch.Size([1152]): 
The value is the same before and after calling `init_weights` of EncoderDecoder  

backbone.adapter.backbone.blocks.6.attn.proj.weight - torch.Size([384, 384]): 
The value is the same before and after calling `init_weights` of EncoderDecoder  

backbone.adapter.backbone.blocks.6.attn.proj.bias - torch.Size([384]): 
The value is the same before and after calling `init_weights` of EncoderDecoder  

backbone.adapter.backbone.blocks.6.ls1.gamma - torch.Size([384]): 
The value is the same before and after calling `init_weights` of EncoderDecoder  

backbone.adapter.backbone.blocks.6.norm2.weight - torch.Size([384]): 
The value is the same before and after calling `init_weights` of EncoderDecoder  

backbone.adapter.backbone.blocks.6.norm2.bias - torch.Size([384]): 
The value is the same before and after calling `init_weights` of EncoderDecoder  

backbone.adapter.backbone.blocks.6.mlp.fc1.weight - torch.Size([1536, 384]): 
The value is the same before and after calling `init_weights` of EncoderDecoder  

backbone.adapter.backbone.blocks.6.mlp.fc1.bias - torch.Size([1536]): 
The value is the same before and after calling `init_weights` of EncoderDecoder  

backbone.adapter.backbone.blocks.6.mlp.fc2.weight - torch.Size([384, 1536]): 
The value is the same before and after calling `init_weights` of EncoderDecoder  

backbone.adapter.backbone.blocks.6.mlp.fc2.bias - torch.Size([384]): 
The value is the same before and after calling `init_weights` of EncoderDecoder  

backbone.adapter.backbone.blocks.6.ls2.gamma - torch.Size([384]): 
The value is the same before and after calling `init_weights` of EncoderDecoder  

backbone.adapter.backbone.blocks.7.norm1.weight - torch.Size([384]): 
The value is the same before and after calling `init_weights` of EncoderDecoder  

backbone.adapter.backbone.blocks.7.norm1.bias - torch.Size([384]): 
The value is the same before and after calling `init_weights` of EncoderDecoder  

backbone.adapter.backbone.blocks.7.attn.qkv.weight - torch.Size([1152, 384]): 
The value is the same before and after calling `init_weights` of EncoderDecoder  

backbone.adapter.backbone.blocks.7.attn.qkv.bias - torch.Size([1152]): 
The value is the same before and after calling `init_weights` of EncoderDecoder  

backbone.adapter.backbone.blocks.7.attn.proj.weight - torch.Size([384, 384]): 
The value is the same before and after calling `init_weights` of EncoderDecoder  

backbone.adapter.backbone.blocks.7.attn.proj.bias - torch.Size([384]): 
The value is the same before and after calling `init_weights` of EncoderDecoder  

backbone.adapter.backbone.blocks.7.ls1.gamma - torch.Size([384]): 
The value is the same before and after calling `init_weights` of EncoderDecoder  

backbone.adapter.backbone.blocks.7.norm2.weight - torch.Size([384]): 
The value is the same before and after calling `init_weights` of EncoderDecoder  

backbone.adapter.backbone.blocks.7.norm2.bias - torch.Size([384]): 
The value is the same before and after calling `init_weights` of EncoderDecoder  

backbone.adapter.backbone.blocks.7.mlp.fc1.weight - torch.Size([1536, 384]): 
The value is the same before and after calling `init_weights` of EncoderDecoder  

backbone.adapter.backbone.blocks.7.mlp.fc1.bias - torch.Size([1536]): 
The value is the same before and after calling `init_weights` of EncoderDecoder  

backbone.adapter.backbone.blocks.7.mlp.fc2.weight - torch.Size([384, 1536]): 
The value is the same before and after calling `init_weights` of EncoderDecoder  

backbone.adapter.backbone.blocks.7.mlp.fc2.bias - torch.Size([384]): 
The value is the same before and after calling `init_weights` of EncoderDecoder  

backbone.adapter.backbone.blocks.7.ls2.gamma - torch.Size([384]): 
The value is the same before and after calling `init_weights` of EncoderDecoder  

backbone.adapter.backbone.blocks.8.norm1.weight - torch.Size([384]): 
The value is the same before and after calling `init_weights` of EncoderDecoder  

backbone.adapter.backbone.blocks.8.norm1.bias - torch.Size([384]): 
The value is the same before and after calling `init_weights` of EncoderDecoder  

backbone.adapter.backbone.blocks.8.attn.qkv.weight - torch.Size([1152, 384]): 
The value is the same before and after calling `init_weights` of EncoderDecoder  

backbone.adapter.backbone.blocks.8.attn.qkv.bias - torch.Size([1152]): 
The value is the same before and after calling `init_weights` of EncoderDecoder  

backbone.adapter.backbone.blocks.8.attn.proj.weight - torch.Size([384, 384]): 
The value is the same before and after calling `init_weights` of EncoderDecoder  

backbone.adapter.backbone.blocks.8.attn.proj.bias - torch.Size([384]): 
The value is the same before and after calling `init_weights` of EncoderDecoder  

backbone.adapter.backbone.blocks.8.ls1.gamma - torch.Size([384]): 
The value is the same before and after calling `init_weights` of EncoderDecoder  

backbone.adapter.backbone.blocks.8.norm2.weight - torch.Size([384]): 
The value is the same before and after calling `init_weights` of EncoderDecoder  

backbone.adapter.backbone.blocks.8.norm2.bias - torch.Size([384]): 
The value is the same before and after calling `init_weights` of EncoderDecoder  

backbone.adapter.backbone.blocks.8.mlp.fc1.weight - torch.Size([1536, 384]): 
The value is the same before and after calling `init_weights` of EncoderDecoder  

backbone.adapter.backbone.blocks.8.mlp.fc1.bias - torch.Size([1536]): 
The value is the same before and after calling `init_weights` of EncoderDecoder  

backbone.adapter.backbone.blocks.8.mlp.fc2.weight - torch.Size([384, 1536]): 
The value is the same before and after calling `init_weights` of EncoderDecoder  

backbone.adapter.backbone.blocks.8.mlp.fc2.bias - torch.Size([384]): 
The value is the same before and after calling `init_weights` of EncoderDecoder  

backbone.adapter.backbone.blocks.8.ls2.gamma - torch.Size([384]): 
The value is the same before and after calling `init_weights` of EncoderDecoder  

backbone.adapter.backbone.blocks.9.norm1.weight - torch.Size([384]): 
The value is the same before and after calling `init_weights` of EncoderDecoder  

backbone.adapter.backbone.blocks.9.norm1.bias - torch.Size([384]): 
The value is the same before and after calling `init_weights` of EncoderDecoder  

backbone.adapter.backbone.blocks.9.attn.qkv.weight - torch.Size([1152, 384]): 
The value is the same before and after calling `init_weights` of EncoderDecoder  

backbone.adapter.backbone.blocks.9.attn.qkv.bias - torch.Size([1152]): 
The value is the same before and after calling `init_weights` of EncoderDecoder  

backbone.adapter.backbone.blocks.9.attn.proj.weight - torch.Size([384, 384]): 
The value is the same before and after calling `init_weights` of EncoderDecoder  

backbone.adapter.backbone.blocks.9.attn.proj.bias - torch.Size([384]): 
The value is the same before and after calling `init_weights` of EncoderDecoder  

backbone.adapter.backbone.blocks.9.ls1.gamma - torch.Size([384]): 
The value is the same before and after calling `init_weights` of EncoderDecoder  

backbone.adapter.backbone.blocks.9.norm2.weight - torch.Size([384]): 
The value is the same before and after calling `init_weights` of EncoderDecoder  

backbone.adapter.backbone.blocks.9.norm2.bias - torch.Size([384]): 
The value is the same before and after calling `init_weights` of EncoderDecoder  

backbone.adapter.backbone.blocks.9.mlp.fc1.weight - torch.Size([1536, 384]): 
The value is the same before and after calling `init_weights` of EncoderDecoder  

backbone.adapter.backbone.blocks.9.mlp.fc1.bias - torch.Size([1536]): 
The value is the same before and after calling `init_weights` of EncoderDecoder  

backbone.adapter.backbone.blocks.9.mlp.fc2.weight - torch.Size([384, 1536]): 
The value is the same before and after calling `init_weights` of EncoderDecoder  

backbone.adapter.backbone.blocks.9.mlp.fc2.bias - torch.Size([384]): 
The value is the same before and after calling `init_weights` of EncoderDecoder  

backbone.adapter.backbone.blocks.9.ls2.gamma - torch.Size([384]): 
The value is the same before and after calling `init_weights` of EncoderDecoder  

backbone.adapter.backbone.blocks.10.norm1.weight - torch.Size([384]): 
The value is the same before and after calling `init_weights` of EncoderDecoder  

backbone.adapter.backbone.blocks.10.norm1.bias - torch.Size([384]): 
The value is the same before and after calling `init_weights` of EncoderDecoder  

backbone.adapter.backbone.blocks.10.attn.qkv.weight - torch.Size([1152, 384]): 
The value is the same before and after calling `init_weights` of EncoderDecoder  

backbone.adapter.backbone.blocks.10.attn.qkv.bias - torch.Size([1152]): 
The value is the same before and after calling `init_weights` of EncoderDecoder  

backbone.adapter.backbone.blocks.10.attn.proj.weight - torch.Size([384, 384]): 
The value is the same before and after calling `init_weights` of EncoderDecoder  

backbone.adapter.backbone.blocks.10.attn.proj.bias - torch.Size([384]): 
The value is the same before and after calling `init_weights` of EncoderDecoder  

backbone.adapter.backbone.blocks.10.ls1.gamma - torch.Size([384]): 
The value is the same before and after calling `init_weights` of EncoderDecoder  

backbone.adapter.backbone.blocks.10.norm2.weight - torch.Size([384]): 
The value is the same before and after calling `init_weights` of EncoderDecoder  

backbone.adapter.backbone.blocks.10.norm2.bias - torch.Size([384]): 
The value is the same before and after calling `init_weights` of EncoderDecoder  

backbone.adapter.backbone.blocks.10.mlp.fc1.weight - torch.Size([1536, 384]): 
The value is the same before and after calling `init_weights` of EncoderDecoder  

backbone.adapter.backbone.blocks.10.mlp.fc1.bias - torch.Size([1536]): 
The value is the same before and after calling `init_weights` of EncoderDecoder  

backbone.adapter.backbone.blocks.10.mlp.fc2.weight - torch.Size([384, 1536]): 
The value is the same before and after calling `init_weights` of EncoderDecoder  

backbone.adapter.backbone.blocks.10.mlp.fc2.bias - torch.Size([384]): 
The value is the same before and after calling `init_weights` of EncoderDecoder  

backbone.adapter.backbone.blocks.10.ls2.gamma - torch.Size([384]): 
The value is the same before and after calling `init_weights` of EncoderDecoder  

backbone.adapter.backbone.blocks.11.norm1.weight - torch.Size([384]): 
The value is the same before and after calling `init_weights` of EncoderDecoder  

backbone.adapter.backbone.blocks.11.norm1.bias - torch.Size([384]): 
The value is the same before and after calling `init_weights` of EncoderDecoder  

backbone.adapter.backbone.blocks.11.attn.qkv.weight - torch.Size([1152, 384]): 
The value is the same before and after calling `init_weights` of EncoderDecoder  

backbone.adapter.backbone.blocks.11.attn.qkv.bias - torch.Size([1152]): 
The value is the same before and after calling `init_weights` of EncoderDecoder  

backbone.adapter.backbone.blocks.11.attn.proj.weight - torch.Size([384, 384]): 
The value is the same before and after calling `init_weights` of EncoderDecoder  

backbone.adapter.backbone.blocks.11.attn.proj.bias - torch.Size([384]): 
The value is the same before and after calling `init_weights` of EncoderDecoder  

backbone.adapter.backbone.blocks.11.ls1.gamma - torch.Size([384]): 
The value is the same before and after calling `init_weights` of EncoderDecoder  

backbone.adapter.backbone.blocks.11.norm2.weight - torch.Size([384]): 
The value is the same before and after calling `init_weights` of EncoderDecoder  

backbone.adapter.backbone.blocks.11.norm2.bias - torch.Size([384]): 
The value is the same before and after calling `init_weights` of EncoderDecoder  

backbone.adapter.backbone.blocks.11.mlp.fc1.weight - torch.Size([1536, 384]): 
The value is the same before and after calling `init_weights` of EncoderDecoder  

backbone.adapter.backbone.blocks.11.mlp.fc1.bias - torch.Size([1536]): 
The value is the same before and after calling `init_weights` of EncoderDecoder  

backbone.adapter.backbone.blocks.11.mlp.fc2.weight - torch.Size([384, 1536]): 
The value is the same before and after calling `init_weights` of EncoderDecoder  

backbone.adapter.backbone.blocks.11.mlp.fc2.bias - torch.Size([384]): 
The value is the same before and after calling `init_weights` of EncoderDecoder  

backbone.adapter.backbone.blocks.11.ls2.gamma - torch.Size([384]): 
The value is the same before and after calling `init_weights` of EncoderDecoder  

backbone.adapter.backbone.norm.weight - torch.Size([384]): 
The value is the same before and after calling `init_weights` of EncoderDecoder  

backbone.adapter.backbone.norm.bias - torch.Size([384]): 
The value is the same before and after calling `init_weights` of EncoderDecoder  

backbone.adapter.spm.stem.0.weight - torch.Size([64, 3, 3, 3]): 
The value is the same before and after calling `init_weights` of EncoderDecoder  

backbone.adapter.spm.stem.1.weight - torch.Size([64]): 
The value is the same before and after calling `init_weights` of EncoderDecoder  

backbone.adapter.spm.stem.1.bias - torch.Size([64]): 
The value is the same before and after calling `init_weights` of EncoderDecoder  

backbone.adapter.spm.stem.3.weight - torch.Size([64, 64, 3, 3]): 
The value is the same before and after calling `init_weights` of EncoderDecoder  

backbone.adapter.spm.stem.4.weight - torch.Size([64]): 
The value is the same before and after calling `init_weights` of EncoderDecoder  

backbone.adapter.spm.stem.4.bias - torch.Size([64]): 
The value is the same before and after calling `init_weights` of EncoderDecoder  

backbone.adapter.spm.stem.6.weight - torch.Size([64, 64, 3, 3]): 
The value is the same before and after calling `init_weights` of EncoderDecoder  

backbone.adapter.spm.stem.7.weight - torch.Size([64]): 
The value is the same before and after calling `init_weights` of EncoderDecoder  

backbone.adapter.spm.stem.7.bias - torch.Size([64]): 
The value is the same before and after calling `init_weights` of EncoderDecoder  

backbone.adapter.spm.conv2.0.weight - torch.Size([128, 64, 3, 3]): 
The value is the same before and after calling `init_weights` of EncoderDecoder  

backbone.adapter.spm.conv2.1.weight - torch.Size([128]): 
The value is the same before and after calling `init_weights` of EncoderDecoder  

backbone.adapter.spm.conv2.1.bias - torch.Size([128]): 
The value is the same before and after calling `init_weights` of EncoderDecoder  

backbone.adapter.spm.conv3.0.weight - torch.Size([256, 128, 3, 3]): 
The value is the same before and after calling `init_weights` of EncoderDecoder  

backbone.adapter.spm.conv3.1.weight - torch.Size([256]): 
The value is the same before and after calling `init_weights` of EncoderDecoder  

backbone.adapter.spm.conv3.1.bias - torch.Size([256]): 
The value is the same before and after calling `init_weights` of EncoderDecoder  

backbone.adapter.spm.conv4.0.weight - torch.Size([256, 256, 3, 3]): 
The value is the same before and after calling `init_weights` of EncoderDecoder  

backbone.adapter.spm.conv4.1.weight - torch.Size([256]): 
The value is the same before and after calling `init_weights` of EncoderDecoder  

backbone.adapter.spm.conv4.1.bias - torch.Size([256]): 
The value is the same before and after calling `init_weights` of EncoderDecoder  

backbone.adapter.spm.fc1.weight - torch.Size([384, 64, 1, 1]): 
The value is the same before and after calling `init_weights` of EncoderDecoder  

backbone.adapter.spm.fc1.bias - torch.Size([384]): 
The value is the same before and after calling `init_weights` of EncoderDecoder  

backbone.adapter.spm.fc2.weight - torch.Size([384, 128, 1, 1]): 
The value is the same before and after calling `init_weights` of EncoderDecoder  

backbone.adapter.spm.fc2.bias - torch.Size([384]): 
The value is the same before and after calling `init_weights` of EncoderDecoder  

backbone.adapter.spm.fc3.weight - torch.Size([384, 256, 1, 1]): 
The value is the same before and after calling `init_weights` of EncoderDecoder  

backbone.adapter.spm.fc3.bias - torch.Size([384]): 
The value is the same before and after calling `init_weights` of EncoderDecoder  

backbone.adapter.spm.fc4.weight - torch.Size([384, 256, 1, 1]): 
The value is the same before and after calling `init_weights` of EncoderDecoder  

backbone.adapter.spm.fc4.bias - torch.Size([384]): 
The value is the same before and after calling `init_weights` of EncoderDecoder  

backbone.adapter.interactions.0.extractor.query_norm.weight - torch.Size([384]): 
The value is the same before and after calling `init_weights` of EncoderDecoder  

backbone.adapter.interactions.0.extractor.query_norm.bias - torch.Size([384]): 
The value is the same before and after calling `init_weights` of EncoderDecoder  

backbone.adapter.interactions.0.extractor.feat_norm.weight - torch.Size([384]): 
The value is the same before and after calling `init_weights` of EncoderDecoder  

backbone.adapter.interactions.0.extractor.feat_norm.bias - torch.Size([384]): 
The value is the same before and after calling `init_weights` of EncoderDecoder  

backbone.adapter.interactions.0.extractor.attn.attn.sampling_offsets.weight - torch.Size([128, 384]): 
The value is the same before and after calling `init_weights` of EncoderDecoder  

backbone.adapter.interactions.0.extractor.attn.attn.sampling_offsets.bias - torch.Size([128]): 
The value is the same before and after calling `init_weights` of EncoderDecoder  

backbone.adapter.interactions.0.extractor.attn.attn.attention_weights.weight - torch.Size([64, 384]): 
The value is the same before and after calling `init_weights` of EncoderDecoder  

backbone.adapter.interactions.0.extractor.attn.attn.attention_weights.bias - torch.Size([64]): 
The value is the same before and after calling `init_weights` of EncoderDecoder  

backbone.adapter.interactions.0.extractor.attn.attn.value_proj.weight - torch.Size([384, 384]): 
The value is the same before and after calling `init_weights` of EncoderDecoder  

backbone.adapter.interactions.0.extractor.attn.attn.value_proj.bias - torch.Size([384]): 
The value is the same before and after calling `init_weights` of EncoderDecoder  

backbone.adapter.interactions.0.extractor.attn.attn.output_proj.weight - torch.Size([384, 384]): 
The value is the same before and after calling `init_weights` of EncoderDecoder  

backbone.adapter.interactions.0.extractor.attn.attn.output_proj.bias - torch.Size([384]): 
The value is the same before and after calling `init_weights` of EncoderDecoder  

backbone.adapter.interactions.0.extractor.ffn.fc1.weight - torch.Size([96, 384]): 
The value is the same before and after calling `init_weights` of EncoderDecoder  

backbone.adapter.interactions.0.extractor.ffn.fc1.bias - torch.Size([96]): 
The value is the same before and after calling `init_weights` of EncoderDecoder  

backbone.adapter.interactions.0.extractor.ffn.dwconv.dwconv.weight - torch.Size([96, 1, 3, 3]): 
The value is the same before and after calling `init_weights` of EncoderDecoder  

backbone.adapter.interactions.0.extractor.ffn.dwconv.dwconv.bias - torch.Size([96]): 
The value is the same before and after calling `init_weights` of EncoderDecoder  

backbone.adapter.interactions.0.extractor.ffn.fc2.weight - torch.Size([384, 96]): 
The value is the same before and after calling `init_weights` of EncoderDecoder  

backbone.adapter.interactions.0.extractor.ffn.fc2.bias - torch.Size([384]): 
The value is the same before and after calling `init_weights` of EncoderDecoder  

backbone.adapter.interactions.0.extractor.ffn_norm.weight - torch.Size([384]): 
The value is the same before and after calling `init_weights` of EncoderDecoder  

backbone.adapter.interactions.0.extractor.ffn_norm.bias - torch.Size([384]): 
The value is the same before and after calling `init_weights` of EncoderDecoder  

backbone.adapter.interactions.1.extractor.query_norm.weight - torch.Size([384]): 
The value is the same before and after calling `init_weights` of EncoderDecoder  

backbone.adapter.interactions.1.extractor.query_norm.bias - torch.Size([384]): 
The value is the same before and after calling `init_weights` of EncoderDecoder  

backbone.adapter.interactions.1.extractor.feat_norm.weight - torch.Size([384]): 
The value is the same before and after calling `init_weights` of EncoderDecoder  

backbone.adapter.interactions.1.extractor.feat_norm.bias - torch.Size([384]): 
The value is the same before and after calling `init_weights` of EncoderDecoder  

backbone.adapter.interactions.1.extractor.attn.attn.sampling_offsets.weight - torch.Size([128, 384]): 
The value is the same before and after calling `init_weights` of EncoderDecoder  

backbone.adapter.interactions.1.extractor.attn.attn.sampling_offsets.bias - torch.Size([128]): 
The value is the same before and after calling `init_weights` of EncoderDecoder  

backbone.adapter.interactions.1.extractor.attn.attn.attention_weights.weight - torch.Size([64, 384]): 
The value is the same before and after calling `init_weights` of EncoderDecoder  

backbone.adapter.interactions.1.extractor.attn.attn.attention_weights.bias - torch.Size([64]): 
The value is the same before and after calling `init_weights` of EncoderDecoder  

backbone.adapter.interactions.1.extractor.attn.attn.value_proj.weight - torch.Size([384, 384]): 
The value is the same before and after calling `init_weights` of EncoderDecoder  

backbone.adapter.interactions.1.extractor.attn.attn.value_proj.bias - torch.Size([384]): 
The value is the same before and after calling `init_weights` of EncoderDecoder  

backbone.adapter.interactions.1.extractor.attn.attn.output_proj.weight - torch.Size([384, 384]): 
The value is the same before and after calling `init_weights` of EncoderDecoder  

backbone.adapter.interactions.1.extractor.attn.attn.output_proj.bias - torch.Size([384]): 
The value is the same before and after calling `init_weights` of EncoderDecoder  

backbone.adapter.interactions.1.extractor.ffn.fc1.weight - torch.Size([96, 384]): 
The value is the same before and after calling `init_weights` of EncoderDecoder  

backbone.adapter.interactions.1.extractor.ffn.fc1.bias - torch.Size([96]): 
The value is the same before and after calling `init_weights` of EncoderDecoder  

backbone.adapter.interactions.1.extractor.ffn.dwconv.dwconv.weight - torch.Size([96, 1, 3, 3]): 
The value is the same before and after calling `init_weights` of EncoderDecoder  

backbone.adapter.interactions.1.extractor.ffn.dwconv.dwconv.bias - torch.Size([96]): 
The value is the same before and after calling `init_weights` of EncoderDecoder  

backbone.adapter.interactions.1.extractor.ffn.fc2.weight - torch.Size([384, 96]): 
The value is the same before and after calling `init_weights` of EncoderDecoder  

backbone.adapter.interactions.1.extractor.ffn.fc2.bias - torch.Size([384]): 
The value is the same before and after calling `init_weights` of EncoderDecoder  

backbone.adapter.interactions.1.extractor.ffn_norm.weight - torch.Size([384]): 
The value is the same before and after calling `init_weights` of EncoderDecoder  

backbone.adapter.interactions.1.extractor.ffn_norm.bias - torch.Size([384]): 
The value is the same before and after calling `init_weights` of EncoderDecoder  

backbone.adapter.interactions.2.extractor.query_norm.weight - torch.Size([384]): 
The value is the same before and after calling `init_weights` of EncoderDecoder  

backbone.adapter.interactions.2.extractor.query_norm.bias - torch.Size([384]): 
The value is the same before and after calling `init_weights` of EncoderDecoder  

backbone.adapter.interactions.2.extractor.feat_norm.weight - torch.Size([384]): 
The value is the same before and after calling `init_weights` of EncoderDecoder  

backbone.adapter.interactions.2.extractor.feat_norm.bias - torch.Size([384]): 
The value is the same before and after calling `init_weights` of EncoderDecoder  

backbone.adapter.interactions.2.extractor.attn.attn.sampling_offsets.weight - torch.Size([128, 384]): 
The value is the same before and after calling `init_weights` of EncoderDecoder  

backbone.adapter.interactions.2.extractor.attn.attn.sampling_offsets.bias - torch.Size([128]): 
The value is the same before and after calling `init_weights` of EncoderDecoder  

backbone.adapter.interactions.2.extractor.attn.attn.attention_weights.weight - torch.Size([64, 384]): 
The value is the same before and after calling `init_weights` of EncoderDecoder  

backbone.adapter.interactions.2.extractor.attn.attn.attention_weights.bias - torch.Size([64]): 
The value is the same before and after calling `init_weights` of EncoderDecoder  

backbone.adapter.interactions.2.extractor.attn.attn.value_proj.weight - torch.Size([384, 384]): 
The value is the same before and after calling `init_weights` of EncoderDecoder  

backbone.adapter.interactions.2.extractor.attn.attn.value_proj.bias - torch.Size([384]): 
The value is the same before and after calling `init_weights` of EncoderDecoder  

backbone.adapter.interactions.2.extractor.attn.attn.output_proj.weight - torch.Size([384, 384]): 
The value is the same before and after calling `init_weights` of EncoderDecoder  

backbone.adapter.interactions.2.extractor.attn.attn.output_proj.bias - torch.Size([384]): 
The value is the same before and after calling `init_weights` of EncoderDecoder  

backbone.adapter.interactions.2.extractor.ffn.fc1.weight - torch.Size([96, 384]): 
The value is the same before and after calling `init_weights` of EncoderDecoder  

backbone.adapter.interactions.2.extractor.ffn.fc1.bias - torch.Size([96]): 
The value is the same before and after calling `init_weights` of EncoderDecoder  

backbone.adapter.interactions.2.extractor.ffn.dwconv.dwconv.weight - torch.Size([96, 1, 3, 3]): 
The value is the same before and after calling `init_weights` of EncoderDecoder  

backbone.adapter.interactions.2.extractor.ffn.dwconv.dwconv.bias - torch.Size([96]): 
The value is the same before and after calling `init_weights` of EncoderDecoder  

backbone.adapter.interactions.2.extractor.ffn.fc2.weight - torch.Size([384, 96]): 
The value is the same before and after calling `init_weights` of EncoderDecoder  

backbone.adapter.interactions.2.extractor.ffn.fc2.bias - torch.Size([384]): 
The value is the same before and after calling `init_weights` of EncoderDecoder  

backbone.adapter.interactions.2.extractor.ffn_norm.weight - torch.Size([384]): 
The value is the same before and after calling `init_weights` of EncoderDecoder  

backbone.adapter.interactions.2.extractor.ffn_norm.bias - torch.Size([384]): 
The value is the same before and after calling `init_weights` of EncoderDecoder  

backbone.adapter.interactions.3.extractor.query_norm.weight - torch.Size([384]): 
The value is the same before and after calling `init_weights` of EncoderDecoder  

backbone.adapter.interactions.3.extractor.query_norm.bias - torch.Size([384]): 
The value is the same before and after calling `init_weights` of EncoderDecoder  

backbone.adapter.interactions.3.extractor.feat_norm.weight - torch.Size([384]): 
The value is the same before and after calling `init_weights` of EncoderDecoder  

backbone.adapter.interactions.3.extractor.feat_norm.bias - torch.Size([384]): 
The value is the same before and after calling `init_weights` of EncoderDecoder  

backbone.adapter.interactions.3.extractor.attn.attn.sampling_offsets.weight - torch.Size([128, 384]): 
The value is the same before and after calling `init_weights` of EncoderDecoder  

backbone.adapter.interactions.3.extractor.attn.attn.sampling_offsets.bias - torch.Size([128]): 
The value is the same before and after calling `init_weights` of EncoderDecoder  

backbone.adapter.interactions.3.extractor.attn.attn.attention_weights.weight - torch.Size([64, 384]): 
The value is the same before and after calling `init_weights` of EncoderDecoder  

backbone.adapter.interactions.3.extractor.attn.attn.attention_weights.bias - torch.Size([64]): 
The value is the same before and after calling `init_weights` of EncoderDecoder  

backbone.adapter.interactions.3.extractor.attn.attn.value_proj.weight - torch.Size([384, 384]): 
The value is the same before and after calling `init_weights` of EncoderDecoder  

backbone.adapter.interactions.3.extractor.attn.attn.value_proj.bias - torch.Size([384]): 
The value is the same before and after calling `init_weights` of EncoderDecoder  

backbone.adapter.interactions.3.extractor.attn.attn.output_proj.weight - torch.Size([384, 384]): 
The value is the same before and after calling `init_weights` of EncoderDecoder  

backbone.adapter.interactions.3.extractor.attn.attn.output_proj.bias - torch.Size([384]): 
The value is the same before and after calling `init_weights` of EncoderDecoder  

backbone.adapter.interactions.3.extractor.ffn.fc1.weight - torch.Size([96, 384]): 
The value is the same before and after calling `init_weights` of EncoderDecoder  

backbone.adapter.interactions.3.extractor.ffn.fc1.bias - torch.Size([96]): 
The value is the same before and after calling `init_weights` of EncoderDecoder  

backbone.adapter.interactions.3.extractor.ffn.dwconv.dwconv.weight - torch.Size([96, 1, 3, 3]): 
The value is the same before and after calling `init_weights` of EncoderDecoder  

backbone.adapter.interactions.3.extractor.ffn.dwconv.dwconv.bias - torch.Size([96]): 
The value is the same before and after calling `init_weights` of EncoderDecoder  

backbone.adapter.interactions.3.extractor.ffn.fc2.weight - torch.Size([384, 96]): 
The value is the same before and after calling `init_weights` of EncoderDecoder  

backbone.adapter.interactions.3.extractor.ffn.fc2.bias - torch.Size([384]): 
The value is the same before and after calling `init_weights` of EncoderDecoder  

backbone.adapter.interactions.3.extractor.ffn_norm.weight - torch.Size([384]): 
The value is the same before and after calling `init_weights` of EncoderDecoder  

backbone.adapter.interactions.3.extractor.ffn_norm.bias - torch.Size([384]): 
The value is the same before and after calling `init_weights` of EncoderDecoder  

backbone.adapter.interactions.3.extra_extractors.0.query_norm.weight - torch.Size([384]): 
The value is the same before and after calling `init_weights` of EncoderDecoder  

backbone.adapter.interactions.3.extra_extractors.0.query_norm.bias - torch.Size([384]): 
The value is the same before and after calling `init_weights` of EncoderDecoder  

backbone.adapter.interactions.3.extra_extractors.0.feat_norm.weight - torch.Size([384]): 
The value is the same before and after calling `init_weights` of EncoderDecoder  

backbone.adapter.interactions.3.extra_extractors.0.feat_norm.bias - torch.Size([384]): 
The value is the same before and after calling `init_weights` of EncoderDecoder  

backbone.adapter.interactions.3.extra_extractors.0.attn.attn.sampling_offsets.weight - torch.Size([128, 384]): 
The value is the same before and after calling `init_weights` of EncoderDecoder  

backbone.adapter.interactions.3.extra_extractors.0.attn.attn.sampling_offsets.bias - torch.Size([128]): 
The value is the same before and after calling `init_weights` of EncoderDecoder  

backbone.adapter.interactions.3.extra_extractors.0.attn.attn.attention_weights.weight - torch.Size([64, 384]): 
The value is the same before and after calling `init_weights` of EncoderDecoder  

backbone.adapter.interactions.3.extra_extractors.0.attn.attn.attention_weights.bias - torch.Size([64]): 
The value is the same before and after calling `init_weights` of EncoderDecoder  

backbone.adapter.interactions.3.extra_extractors.0.attn.attn.value_proj.weight - torch.Size([384, 384]): 
The value is the same before and after calling `init_weights` of EncoderDecoder  

backbone.adapter.interactions.3.extra_extractors.0.attn.attn.value_proj.bias - torch.Size([384]): 
The value is the same before and after calling `init_weights` of EncoderDecoder  

backbone.adapter.interactions.3.extra_extractors.0.attn.attn.output_proj.weight - torch.Size([384, 384]): 
The value is the same before and after calling `init_weights` of EncoderDecoder  

backbone.adapter.interactions.3.extra_extractors.0.attn.attn.output_proj.bias - torch.Size([384]): 
The value is the same before and after calling `init_weights` of EncoderDecoder  

backbone.adapter.interactions.3.extra_extractors.0.ffn.fc1.weight - torch.Size([96, 384]): 
The value is the same before and after calling `init_weights` of EncoderDecoder  

backbone.adapter.interactions.3.extra_extractors.0.ffn.fc1.bias - torch.Size([96]): 
The value is the same before and after calling `init_weights` of EncoderDecoder  

backbone.adapter.interactions.3.extra_extractors.0.ffn.dwconv.dwconv.weight - torch.Size([96, 1, 3, 3]): 
The value is the same before and after calling `init_weights` of EncoderDecoder  

backbone.adapter.interactions.3.extra_extractors.0.ffn.dwconv.dwconv.bias - torch.Size([96]): 
The value is the same before and after calling `init_weights` of EncoderDecoder  

backbone.adapter.interactions.3.extra_extractors.0.ffn.fc2.weight - torch.Size([384, 96]): 
The value is the same before and after calling `init_weights` of EncoderDecoder  

backbone.adapter.interactions.3.extra_extractors.0.ffn.fc2.bias - torch.Size([384]): 
The value is the same before and after calling `init_weights` of EncoderDecoder  

backbone.adapter.interactions.3.extra_extractors.0.ffn_norm.weight - torch.Size([384]): 
The value is the same before and after calling `init_weights` of EncoderDecoder  

backbone.adapter.interactions.3.extra_extractors.0.ffn_norm.bias - torch.Size([384]): 
The value is the same before and after calling `init_weights` of EncoderDecoder  

backbone.adapter.interactions.3.extra_extractors.1.query_norm.weight - torch.Size([384]): 
The value is the same before and after calling `init_weights` of EncoderDecoder  

backbone.adapter.interactions.3.extra_extractors.1.query_norm.bias - torch.Size([384]): 
The value is the same before and after calling `init_weights` of EncoderDecoder  

backbone.adapter.interactions.3.extra_extractors.1.feat_norm.weight - torch.Size([384]): 
The value is the same before and after calling `init_weights` of EncoderDecoder  

backbone.adapter.interactions.3.extra_extractors.1.feat_norm.bias - torch.Size([384]): 
The value is the same before and after calling `init_weights` of EncoderDecoder  

backbone.adapter.interactions.3.extra_extractors.1.attn.attn.sampling_offsets.weight - torch.Size([128, 384]): 
The value is the same before and after calling `init_weights` of EncoderDecoder  

backbone.adapter.interactions.3.extra_extractors.1.attn.attn.sampling_offsets.bias - torch.Size([128]): 
The value is the same before and after calling `init_weights` of EncoderDecoder  

backbone.adapter.interactions.3.extra_extractors.1.attn.attn.attention_weights.weight - torch.Size([64, 384]): 
The value is the same before and after calling `init_weights` of EncoderDecoder  

backbone.adapter.interactions.3.extra_extractors.1.attn.attn.attention_weights.bias - torch.Size([64]): 
The value is the same before and after calling `init_weights` of EncoderDecoder  

backbone.adapter.interactions.3.extra_extractors.1.attn.attn.value_proj.weight - torch.Size([384, 384]): 
The value is the same before and after calling `init_weights` of EncoderDecoder  

backbone.adapter.interactions.3.extra_extractors.1.attn.attn.value_proj.bias - torch.Size([384]): 
The value is the same before and after calling `init_weights` of EncoderDecoder  

backbone.adapter.interactions.3.extra_extractors.1.attn.attn.output_proj.weight - torch.Size([384, 384]): 
The value is the same before and after calling `init_weights` of EncoderDecoder  

backbone.adapter.interactions.3.extra_extractors.1.attn.attn.output_proj.bias - torch.Size([384]): 
The value is the same before and after calling `init_weights` of EncoderDecoder  

backbone.adapter.interactions.3.extra_extractors.1.ffn.fc1.weight - torch.Size([96, 384]): 
The value is the same before and after calling `init_weights` of EncoderDecoder  

backbone.adapter.interactions.3.extra_extractors.1.ffn.fc1.bias - torch.Size([96]): 
The value is the same before and after calling `init_weights` of EncoderDecoder  

backbone.adapter.interactions.3.extra_extractors.1.ffn.dwconv.dwconv.weight - torch.Size([96, 1, 3, 3]): 
The value is the same before and after calling `init_weights` of EncoderDecoder  

backbone.adapter.interactions.3.extra_extractors.1.ffn.dwconv.dwconv.bias - torch.Size([96]): 
The value is the same before and after calling `init_weights` of EncoderDecoder  

backbone.adapter.interactions.3.extra_extractors.1.ffn.fc2.weight - torch.Size([384, 96]): 
The value is the same before and after calling `init_weights` of EncoderDecoder  

backbone.adapter.interactions.3.extra_extractors.1.ffn.fc2.bias - torch.Size([384]): 
The value is the same before and after calling `init_weights` of EncoderDecoder  

backbone.adapter.interactions.3.extra_extractors.1.ffn_norm.weight - torch.Size([384]): 
The value is the same before and after calling `init_weights` of EncoderDecoder  

backbone.adapter.interactions.3.extra_extractors.1.ffn_norm.bias - torch.Size([384]): 
The value is the same before and after calling `init_weights` of EncoderDecoder  

backbone.adapter.up.weight - torch.Size([384, 384, 2, 2]): 
The value is the same before and after calling `init_weights` of EncoderDecoder  

backbone.adapter.up.bias - torch.Size([384]): 
The value is the same before and after calling `init_weights` of EncoderDecoder  

backbone.adapter.norm1.weight - torch.Size([384]): 
The value is the same before and after calling `init_weights` of EncoderDecoder  

backbone.adapter.norm1.bias - torch.Size([384]): 
The value is the same before and after calling `init_weights` of EncoderDecoder  

backbone.adapter.norm2.weight - torch.Size([384]): 
The value is the same before and after calling `init_weights` of EncoderDecoder  

backbone.adapter.norm2.bias - torch.Size([384]): 
The value is the same before and after calling `init_weights` of EncoderDecoder  

backbone.adapter.norm3.weight - torch.Size([384]): 
The value is the same before and after calling `init_weights` of EncoderDecoder  

backbone.adapter.norm3.bias - torch.Size([384]): 
The value is the same before and after calling `init_weights` of EncoderDecoder  

backbone.adapter.norm4.weight - torch.Size([384]): 
The value is the same before and after calling `init_weights` of EncoderDecoder  

backbone.adapter.norm4.bias - torch.Size([384]): 
The value is the same before and after calling `init_weights` of EncoderDecoder  

decode_head.pixel_decoder.input_convs.0.conv.weight - torch.Size([256, 384, 1, 1]): 
Initialized by user-defined `init_weights` in Mask2FormerHead  

decode_head.pixel_decoder.input_convs.0.conv.bias - torch.Size([256]): 
The value is the same before and after calling `init_weights` of EncoderDecoder  

decode_head.pixel_decoder.input_convs.0.gn.weight - torch.Size([256]): 
The value is the same before and after calling `init_weights` of EncoderDecoder  

decode_head.pixel_decoder.input_convs.0.gn.bias - torch.Size([256]): 
The value is the same before and after calling `init_weights` of EncoderDecoder  

decode_head.pixel_decoder.input_convs.1.conv.weight - torch.Size([256, 384, 1, 1]): 
Initialized by user-defined `init_weights` in Mask2FormerHead  

decode_head.pixel_decoder.input_convs.1.conv.bias - torch.Size([256]): 
The value is the same before and after calling `init_weights` of EncoderDecoder  

decode_head.pixel_decoder.input_convs.1.gn.weight - torch.Size([256]): 
The value is the same before and after calling `init_weights` of EncoderDecoder  

decode_head.pixel_decoder.input_convs.1.gn.bias - torch.Size([256]): 
The value is the same before and after calling `init_weights` of EncoderDecoder  

decode_head.pixel_decoder.input_convs.2.conv.weight - torch.Size([256, 384, 1, 1]): 
Initialized by user-defined `init_weights` in Mask2FormerHead  

decode_head.pixel_decoder.input_convs.2.conv.bias - torch.Size([256]): 
The value is the same before and after calling `init_weights` of EncoderDecoder  

decode_head.pixel_decoder.input_convs.2.gn.weight - torch.Size([256]): 
The value is the same before and after calling `init_weights` of EncoderDecoder  

decode_head.pixel_decoder.input_convs.2.gn.bias - torch.Size([256]): 
The value is the same before and after calling `init_weights` of EncoderDecoder  

decode_head.pixel_decoder.encoder.layers.0.self_attn.sampling_offsets.weight - torch.Size([192, 256]): 
The value is the same before and after calling `init_weights` of EncoderDecoder  

decode_head.pixel_decoder.encoder.layers.0.self_attn.sampling_offsets.bias - torch.Size([192]): 
Initialized by user-defined `init_weights` in Mask2FormerHead  

decode_head.pixel_decoder.encoder.layers.0.self_attn.attention_weights.weight - torch.Size([96, 256]): 
The value is the same before and after calling `init_weights` of EncoderDecoder  

decode_head.pixel_decoder.encoder.layers.0.self_attn.attention_weights.bias - torch.Size([96]): 
The value is the same before and after calling `init_weights` of EncoderDecoder  

decode_head.pixel_decoder.encoder.layers.0.self_attn.value_proj.weight - torch.Size([256, 256]): 
Initialized by user-defined `init_weights` in Mask2FormerHead  

decode_head.pixel_decoder.encoder.layers.0.self_attn.value_proj.bias - torch.Size([256]): 
The value is the same before and after calling `init_weights` of EncoderDecoder  

decode_head.pixel_decoder.encoder.layers.0.self_attn.output_proj.weight - torch.Size([256, 256]): 
Initialized by user-defined `init_weights` in Mask2FormerHead  

decode_head.pixel_decoder.encoder.layers.0.self_attn.output_proj.bias - torch.Size([256]): 
The value is the same before and after calling `init_weights` of EncoderDecoder  

decode_head.pixel_decoder.encoder.layers.0.ffn.layers.0.0.weight - torch.Size([1024, 256]): 
Initialized by user-defined `init_weights` in Mask2FormerHead  

decode_head.pixel_decoder.encoder.layers.0.ffn.layers.0.0.bias - torch.Size([1024]): 
The value is the same before and after calling `init_weights` of EncoderDecoder  

decode_head.pixel_decoder.encoder.layers.0.ffn.layers.1.weight - torch.Size([256, 1024]): 
Initialized by user-defined `init_weights` in Mask2FormerHead  

decode_head.pixel_decoder.encoder.layers.0.ffn.layers.1.bias - torch.Size([256]): 
The value is the same before and after calling `init_weights` of EncoderDecoder  

decode_head.pixel_decoder.encoder.layers.0.norms.0.weight - torch.Size([256]): 
The value is the same before and after calling `init_weights` of EncoderDecoder  

decode_head.pixel_decoder.encoder.layers.0.norms.0.bias - torch.Size([256]): 
The value is the same before and after calling `init_weights` of EncoderDecoder  

decode_head.pixel_decoder.encoder.layers.0.norms.1.weight - torch.Size([256]): 
The value is the same before and after calling `init_weights` of EncoderDecoder  

decode_head.pixel_decoder.encoder.layers.0.norms.1.bias - torch.Size([256]): 
The value is the same before and after calling `init_weights` of EncoderDecoder  

decode_head.pixel_decoder.encoder.layers.1.self_attn.sampling_offsets.weight - torch.Size([192, 256]): 
The value is the same before and after calling `init_weights` of EncoderDecoder  

decode_head.pixel_decoder.encoder.layers.1.self_attn.sampling_offsets.bias - torch.Size([192]): 
Initialized by user-defined `init_weights` in Mask2FormerHead  

decode_head.pixel_decoder.encoder.layers.1.self_attn.attention_weights.weight - torch.Size([96, 256]): 
The value is the same before and after calling `init_weights` of EncoderDecoder  

decode_head.pixel_decoder.encoder.layers.1.self_attn.attention_weights.bias - torch.Size([96]): 
The value is the same before and after calling `init_weights` of EncoderDecoder  

decode_head.pixel_decoder.encoder.layers.1.self_attn.value_proj.weight - torch.Size([256, 256]): 
Initialized by user-defined `init_weights` in Mask2FormerHead  

decode_head.pixel_decoder.encoder.layers.1.self_attn.value_proj.bias - torch.Size([256]): 
The value is the same before and after calling `init_weights` of EncoderDecoder  

decode_head.pixel_decoder.encoder.layers.1.self_attn.output_proj.weight - torch.Size([256, 256]): 
Initialized by user-defined `init_weights` in Mask2FormerHead  

decode_head.pixel_decoder.encoder.layers.1.self_attn.output_proj.bias - torch.Size([256]): 
The value is the same before and after calling `init_weights` of EncoderDecoder  

decode_head.pixel_decoder.encoder.layers.1.ffn.layers.0.0.weight - torch.Size([1024, 256]): 
Initialized by user-defined `init_weights` in Mask2FormerHead  

decode_head.pixel_decoder.encoder.layers.1.ffn.layers.0.0.bias - torch.Size([1024]): 
The value is the same before and after calling `init_weights` of EncoderDecoder  

decode_head.pixel_decoder.encoder.layers.1.ffn.layers.1.weight - torch.Size([256, 1024]): 
Initialized by user-defined `init_weights` in Mask2FormerHead  

decode_head.pixel_decoder.encoder.layers.1.ffn.layers.1.bias - torch.Size([256]): 
The value is the same before and after calling `init_weights` of EncoderDecoder  

decode_head.pixel_decoder.encoder.layers.1.norms.0.weight - torch.Size([256]): 
The value is the same before and after calling `init_weights` of EncoderDecoder  

decode_head.pixel_decoder.encoder.layers.1.norms.0.bias - torch.Size([256]): 
The value is the same before and after calling `init_weights` of EncoderDecoder  

decode_head.pixel_decoder.encoder.layers.1.norms.1.weight - torch.Size([256]): 
The value is the same before and after calling `init_weights` of EncoderDecoder  

decode_head.pixel_decoder.encoder.layers.1.norms.1.bias - torch.Size([256]): 
The value is the same before and after calling `init_weights` of EncoderDecoder  

decode_head.pixel_decoder.encoder.layers.2.self_attn.sampling_offsets.weight - torch.Size([192, 256]): 
The value is the same before and after calling `init_weights` of EncoderDecoder  

decode_head.pixel_decoder.encoder.layers.2.self_attn.sampling_offsets.bias - torch.Size([192]): 
Initialized by user-defined `init_weights` in Mask2FormerHead  

decode_head.pixel_decoder.encoder.layers.2.self_attn.attention_weights.weight - torch.Size([96, 256]): 
The value is the same before and after calling `init_weights` of EncoderDecoder  

decode_head.pixel_decoder.encoder.layers.2.self_attn.attention_weights.bias - torch.Size([96]): 
The value is the same before and after calling `init_weights` of EncoderDecoder  

decode_head.pixel_decoder.encoder.layers.2.self_attn.value_proj.weight - torch.Size([256, 256]): 
Initialized by user-defined `init_weights` in Mask2FormerHead  

decode_head.pixel_decoder.encoder.layers.2.self_attn.value_proj.bias - torch.Size([256]): 
The value is the same before and after calling `init_weights` of EncoderDecoder  

decode_head.pixel_decoder.encoder.layers.2.self_attn.output_proj.weight - torch.Size([256, 256]): 
Initialized by user-defined `init_weights` in Mask2FormerHead  

decode_head.pixel_decoder.encoder.layers.2.self_attn.output_proj.bias - torch.Size([256]): 
The value is the same before and after calling `init_weights` of EncoderDecoder  

decode_head.pixel_decoder.encoder.layers.2.ffn.layers.0.0.weight - torch.Size([1024, 256]): 
Initialized by user-defined `init_weights` in Mask2FormerHead  

decode_head.pixel_decoder.encoder.layers.2.ffn.layers.0.0.bias - torch.Size([1024]): 
The value is the same before and after calling `init_weights` of EncoderDecoder  

decode_head.pixel_decoder.encoder.layers.2.ffn.layers.1.weight - torch.Size([256, 1024]): 
Initialized by user-defined `init_weights` in Mask2FormerHead  

decode_head.pixel_decoder.encoder.layers.2.ffn.layers.1.bias - torch.Size([256]): 
The value is the same before and after calling `init_weights` of EncoderDecoder  

decode_head.pixel_decoder.encoder.layers.2.norms.0.weight - torch.Size([256]): 
The value is the same before and after calling `init_weights` of EncoderDecoder  

decode_head.pixel_decoder.encoder.layers.2.norms.0.bias - torch.Size([256]): 
The value is the same before and after calling `init_weights` of EncoderDecoder  

decode_head.pixel_decoder.encoder.layers.2.norms.1.weight - torch.Size([256]): 
The value is the same before and after calling `init_weights` of EncoderDecoder  

decode_head.pixel_decoder.encoder.layers.2.norms.1.bias - torch.Size([256]): 
The value is the same before and after calling `init_weights` of EncoderDecoder  

decode_head.pixel_decoder.encoder.layers.3.self_attn.sampling_offsets.weight - torch.Size([192, 256]): 
The value is the same before and after calling `init_weights` of EncoderDecoder  

decode_head.pixel_decoder.encoder.layers.3.self_attn.sampling_offsets.bias - torch.Size([192]): 
Initialized by user-defined `init_weights` in Mask2FormerHead  

decode_head.pixel_decoder.encoder.layers.3.self_attn.attention_weights.weight - torch.Size([96, 256]): 
The value is the same before and after calling `init_weights` of EncoderDecoder  

decode_head.pixel_decoder.encoder.layers.3.self_attn.attention_weights.bias - torch.Size([96]): 
The value is the same before and after calling `init_weights` of EncoderDecoder  

decode_head.pixel_decoder.encoder.layers.3.self_attn.value_proj.weight - torch.Size([256, 256]): 
Initialized by user-defined `init_weights` in Mask2FormerHead  

decode_head.pixel_decoder.encoder.layers.3.self_attn.value_proj.bias - torch.Size([256]): 
The value is the same before and after calling `init_weights` of EncoderDecoder  

decode_head.pixel_decoder.encoder.layers.3.self_attn.output_proj.weight - torch.Size([256, 256]): 
Initialized by user-defined `init_weights` in Mask2FormerHead  

decode_head.pixel_decoder.encoder.layers.3.self_attn.output_proj.bias - torch.Size([256]): 
The value is the same before and after calling `init_weights` of EncoderDecoder  

decode_head.pixel_decoder.encoder.layers.3.ffn.layers.0.0.weight - torch.Size([1024, 256]): 
Initialized by user-defined `init_weights` in Mask2FormerHead  

decode_head.pixel_decoder.encoder.layers.3.ffn.layers.0.0.bias - torch.Size([1024]): 
The value is the same before and after calling `init_weights` of EncoderDecoder  

decode_head.pixel_decoder.encoder.layers.3.ffn.layers.1.weight - torch.Size([256, 1024]): 
Initialized by user-defined `init_weights` in Mask2FormerHead  

decode_head.pixel_decoder.encoder.layers.3.ffn.layers.1.bias - torch.Size([256]): 
The value is the same before and after calling `init_weights` of EncoderDecoder  

decode_head.pixel_decoder.encoder.layers.3.norms.0.weight - torch.Size([256]): 
The value is the same before and after calling `init_weights` of EncoderDecoder  

decode_head.pixel_decoder.encoder.layers.3.norms.0.bias - torch.Size([256]): 
The value is the same before and after calling `init_weights` of EncoderDecoder  

decode_head.pixel_decoder.encoder.layers.3.norms.1.weight - torch.Size([256]): 
The value is the same before and after calling `init_weights` of EncoderDecoder  

decode_head.pixel_decoder.encoder.layers.3.norms.1.bias - torch.Size([256]): 
The value is the same before and after calling `init_weights` of EncoderDecoder  

decode_head.pixel_decoder.encoder.layers.4.self_attn.sampling_offsets.weight - torch.Size([192, 256]): 
The value is the same before and after calling `init_weights` of EncoderDecoder  

decode_head.pixel_decoder.encoder.layers.4.self_attn.sampling_offsets.bias - torch.Size([192]): 
Initialized by user-defined `init_weights` in Mask2FormerHead  

decode_head.pixel_decoder.encoder.layers.4.self_attn.attention_weights.weight - torch.Size([96, 256]): 
The value is the same before and after calling `init_weights` of EncoderDecoder  

decode_head.pixel_decoder.encoder.layers.4.self_attn.attention_weights.bias - torch.Size([96]): 
The value is the same before and after calling `init_weights` of EncoderDecoder  

decode_head.pixel_decoder.encoder.layers.4.self_attn.value_proj.weight - torch.Size([256, 256]): 
Initialized by user-defined `init_weights` in Mask2FormerHead  

decode_head.pixel_decoder.encoder.layers.4.self_attn.value_proj.bias - torch.Size([256]): 
The value is the same before and after calling `init_weights` of EncoderDecoder  

decode_head.pixel_decoder.encoder.layers.4.self_attn.output_proj.weight - torch.Size([256, 256]): 
Initialized by user-defined `init_weights` in Mask2FormerHead  

decode_head.pixel_decoder.encoder.layers.4.self_attn.output_proj.bias - torch.Size([256]): 
The value is the same before and after calling `init_weights` of EncoderDecoder  

decode_head.pixel_decoder.encoder.layers.4.ffn.layers.0.0.weight - torch.Size([1024, 256]): 
Initialized by user-defined `init_weights` in Mask2FormerHead  

decode_head.pixel_decoder.encoder.layers.4.ffn.layers.0.0.bias - torch.Size([1024]): 
The value is the same before and after calling `init_weights` of EncoderDecoder  

decode_head.pixel_decoder.encoder.layers.4.ffn.layers.1.weight - torch.Size([256, 1024]): 
Initialized by user-defined `init_weights` in Mask2FormerHead  

decode_head.pixel_decoder.encoder.layers.4.ffn.layers.1.bias - torch.Size([256]): 
The value is the same before and after calling `init_weights` of EncoderDecoder  

decode_head.pixel_decoder.encoder.layers.4.norms.0.weight - torch.Size([256]): 
The value is the same before and after calling `init_weights` of EncoderDecoder  

decode_head.pixel_decoder.encoder.layers.4.norms.0.bias - torch.Size([256]): 
The value is the same before and after calling `init_weights` of EncoderDecoder  

decode_head.pixel_decoder.encoder.layers.4.norms.1.weight - torch.Size([256]): 
The value is the same before and after calling `init_weights` of EncoderDecoder  

decode_head.pixel_decoder.encoder.layers.4.norms.1.bias - torch.Size([256]): 
The value is the same before and after calling `init_weights` of EncoderDecoder  

decode_head.pixel_decoder.encoder.layers.5.self_attn.sampling_offsets.weight - torch.Size([192, 256]): 
The value is the same before and after calling `init_weights` of EncoderDecoder  

decode_head.pixel_decoder.encoder.layers.5.self_attn.sampling_offsets.bias - torch.Size([192]): 
Initialized by user-defined `init_weights` in Mask2FormerHead  

decode_head.pixel_decoder.encoder.layers.5.self_attn.attention_weights.weight - torch.Size([96, 256]): 
The value is the same before and after calling `init_weights` of EncoderDecoder  

decode_head.pixel_decoder.encoder.layers.5.self_attn.attention_weights.bias - torch.Size([96]): 
The value is the same before and after calling `init_weights` of EncoderDecoder  

decode_head.pixel_decoder.encoder.layers.5.self_attn.value_proj.weight - torch.Size([256, 256]): 
Initialized by user-defined `init_weights` in Mask2FormerHead  

decode_head.pixel_decoder.encoder.layers.5.self_attn.value_proj.bias - torch.Size([256]): 
The value is the same before and after calling `init_weights` of EncoderDecoder  

decode_head.pixel_decoder.encoder.layers.5.self_attn.output_proj.weight - torch.Size([256, 256]): 
Initialized by user-defined `init_weights` in Mask2FormerHead  

decode_head.pixel_decoder.encoder.layers.5.self_attn.output_proj.bias - torch.Size([256]): 
The value is the same before and after calling `init_weights` of EncoderDecoder  

decode_head.pixel_decoder.encoder.layers.5.ffn.layers.0.0.weight - torch.Size([1024, 256]): 
Initialized by user-defined `init_weights` in Mask2FormerHead  

decode_head.pixel_decoder.encoder.layers.5.ffn.layers.0.0.bias - torch.Size([1024]): 
The value is the same before and after calling `init_weights` of EncoderDecoder  

decode_head.pixel_decoder.encoder.layers.5.ffn.layers.1.weight - torch.Size([256, 1024]): 
Initialized by user-defined `init_weights` in Mask2FormerHead  

decode_head.pixel_decoder.encoder.layers.5.ffn.layers.1.bias - torch.Size([256]): 
The value is the same before and after calling `init_weights` of EncoderDecoder  

decode_head.pixel_decoder.encoder.layers.5.norms.0.weight - torch.Size([256]): 
The value is the same before and after calling `init_weights` of EncoderDecoder  

decode_head.pixel_decoder.encoder.layers.5.norms.0.bias - torch.Size([256]): 
The value is the same before and after calling `init_weights` of EncoderDecoder  

decode_head.pixel_decoder.encoder.layers.5.norms.1.weight - torch.Size([256]): 
The value is the same before and after calling `init_weights` of EncoderDecoder  

decode_head.pixel_decoder.encoder.layers.5.norms.1.bias - torch.Size([256]): 
The value is the same before and after calling `init_weights` of EncoderDecoder  

decode_head.pixel_decoder.level_encoding.weight - torch.Size([3, 256]): 
Initialized by user-defined `init_weights` in Mask2FormerHead  

decode_head.pixel_decoder.lateral_convs.0.conv.weight - torch.Size([256, 384, 1, 1]): 
Initialized by user-defined `init_weights` in Mask2FormerHead  

decode_head.pixel_decoder.lateral_convs.0.gn.weight - torch.Size([256]): 
The value is the same before and after calling `init_weights` of EncoderDecoder  

decode_head.pixel_decoder.lateral_convs.0.gn.bias - torch.Size([256]): 
The value is the same before and after calling `init_weights` of EncoderDecoder  

decode_head.pixel_decoder.output_convs.0.conv.weight - torch.Size([256, 256, 3, 3]): 
Initialized by user-defined `init_weights` in Mask2FormerHead  

decode_head.pixel_decoder.output_convs.0.gn.weight - torch.Size([256]): 
The value is the same before and after calling `init_weights` of EncoderDecoder  

decode_head.pixel_decoder.output_convs.0.gn.bias - torch.Size([256]): 
The value is the same before and after calling `init_weights` of EncoderDecoder  

decode_head.pixel_decoder.mask_feature.weight - torch.Size([256, 256, 1, 1]): 
Initialized by user-defined `init_weights` in Mask2FormerHead  

decode_head.pixel_decoder.mask_feature.bias - torch.Size([256]): 
Initialized by user-defined `init_weights` in Mask2FormerHead  

decode_head.transformer_decoder.layers.0.self_attn.attn.in_proj_weight - torch.Size([768, 256]): 
Initialized by user-defined `init_weights` in Mask2FormerHead  

decode_head.transformer_decoder.layers.0.self_attn.attn.in_proj_bias - torch.Size([768]): 
The value is the same before and after calling `init_weights` of EncoderDecoder  

decode_head.transformer_decoder.layers.0.self_attn.attn.out_proj.weight - torch.Size([256, 256]): 
Initialized by user-defined `init_weights` in Mask2FormerHead  

decode_head.transformer_decoder.layers.0.self_attn.attn.out_proj.bias - torch.Size([256]): 
The value is the same before and after calling `init_weights` of EncoderDecoder  

decode_head.transformer_decoder.layers.0.cross_attn.attn.in_proj_weight - torch.Size([768, 256]): 
Initialized by user-defined `init_weights` in Mask2FormerHead  

decode_head.transformer_decoder.layers.0.cross_attn.attn.in_proj_bias - torch.Size([768]): 
The value is the same before and after calling `init_weights` of EncoderDecoder  

decode_head.transformer_decoder.layers.0.cross_attn.attn.out_proj.weight - torch.Size([256, 256]): 
Initialized by user-defined `init_weights` in Mask2FormerHead  

decode_head.transformer_decoder.layers.0.cross_attn.attn.out_proj.bias - torch.Size([256]): 
The value is the same before and after calling `init_weights` of EncoderDecoder  

decode_head.transformer_decoder.layers.0.ffn.layers.0.0.weight - torch.Size([2048, 256]): 
Initialized by user-defined `init_weights` in Mask2FormerHead  

decode_head.transformer_decoder.layers.0.ffn.layers.0.0.bias - torch.Size([2048]): 
The value is the same before and after calling `init_weights` of EncoderDecoder  

decode_head.transformer_decoder.layers.0.ffn.layers.1.weight - torch.Size([256, 2048]): 
Initialized by user-defined `init_weights` in Mask2FormerHead  

decode_head.transformer_decoder.layers.0.ffn.layers.1.bias - torch.Size([256]): 
The value is the same before and after calling `init_weights` of EncoderDecoder  

decode_head.transformer_decoder.layers.0.norms.0.weight - torch.Size([256]): 
The value is the same before and after calling `init_weights` of EncoderDecoder  

decode_head.transformer_decoder.layers.0.norms.0.bias - torch.Size([256]): 
The value is the same before and after calling `init_weights` of EncoderDecoder  

decode_head.transformer_decoder.layers.0.norms.1.weight - torch.Size([256]): 
The value is the same before and after calling `init_weights` of EncoderDecoder  

decode_head.transformer_decoder.layers.0.norms.1.bias - torch.Size([256]): 
The value is the same before and after calling `init_weights` of EncoderDecoder  

decode_head.transformer_decoder.layers.0.norms.2.weight - torch.Size([256]): 
The value is the same before and after calling `init_weights` of EncoderDecoder  

decode_head.transformer_decoder.layers.0.norms.2.bias - torch.Size([256]): 
The value is the same before and after calling `init_weights` of EncoderDecoder  

decode_head.transformer_decoder.layers.1.self_attn.attn.in_proj_weight - torch.Size([768, 256]): 
Initialized by user-defined `init_weights` in Mask2FormerHead  

decode_head.transformer_decoder.layers.1.self_attn.attn.in_proj_bias - torch.Size([768]): 
The value is the same before and after calling `init_weights` of EncoderDecoder  

decode_head.transformer_decoder.layers.1.self_attn.attn.out_proj.weight - torch.Size([256, 256]): 
Initialized by user-defined `init_weights` in Mask2FormerHead  

decode_head.transformer_decoder.layers.1.self_attn.attn.out_proj.bias - torch.Size([256]): 
The value is the same before and after calling `init_weights` of EncoderDecoder  

decode_head.transformer_decoder.layers.1.cross_attn.attn.in_proj_weight - torch.Size([768, 256]): 
Initialized by user-defined `init_weights` in Mask2FormerHead  

decode_head.transformer_decoder.layers.1.cross_attn.attn.in_proj_bias - torch.Size([768]): 
The value is the same before and after calling `init_weights` of EncoderDecoder  

decode_head.transformer_decoder.layers.1.cross_attn.attn.out_proj.weight - torch.Size([256, 256]): 
Initialized by user-defined `init_weights` in Mask2FormerHead  

decode_head.transformer_decoder.layers.1.cross_attn.attn.out_proj.bias - torch.Size([256]): 
The value is the same before and after calling `init_weights` of EncoderDecoder  

decode_head.transformer_decoder.layers.1.ffn.layers.0.0.weight - torch.Size([2048, 256]): 
Initialized by user-defined `init_weights` in Mask2FormerHead  

decode_head.transformer_decoder.layers.1.ffn.layers.0.0.bias - torch.Size([2048]): 
The value is the same before and after calling `init_weights` of EncoderDecoder  

decode_head.transformer_decoder.layers.1.ffn.layers.1.weight - torch.Size([256, 2048]): 
Initialized by user-defined `init_weights` in Mask2FormerHead  

decode_head.transformer_decoder.layers.1.ffn.layers.1.bias - torch.Size([256]): 
The value is the same before and after calling `init_weights` of EncoderDecoder  

decode_head.transformer_decoder.layers.1.norms.0.weight - torch.Size([256]): 
The value is the same before and after calling `init_weights` of EncoderDecoder  

decode_head.transformer_decoder.layers.1.norms.0.bias - torch.Size([256]): 
The value is the same before and after calling `init_weights` of EncoderDecoder  

decode_head.transformer_decoder.layers.1.norms.1.weight - torch.Size([256]): 
The value is the same before and after calling `init_weights` of EncoderDecoder  

decode_head.transformer_decoder.layers.1.norms.1.bias - torch.Size([256]): 
The value is the same before and after calling `init_weights` of EncoderDecoder  

decode_head.transformer_decoder.layers.1.norms.2.weight - torch.Size([256]): 
The value is the same before and after calling `init_weights` of EncoderDecoder  

decode_head.transformer_decoder.layers.1.norms.2.bias - torch.Size([256]): 
The value is the same before and after calling `init_weights` of EncoderDecoder  

decode_head.transformer_decoder.layers.2.self_attn.attn.in_proj_weight - torch.Size([768, 256]): 
Initialized by user-defined `init_weights` in Mask2FormerHead  

decode_head.transformer_decoder.layers.2.self_attn.attn.in_proj_bias - torch.Size([768]): 
The value is the same before and after calling `init_weights` of EncoderDecoder  

decode_head.transformer_decoder.layers.2.self_attn.attn.out_proj.weight - torch.Size([256, 256]): 
Initialized by user-defined `init_weights` in Mask2FormerHead  

decode_head.transformer_decoder.layers.2.self_attn.attn.out_proj.bias - torch.Size([256]): 
The value is the same before and after calling `init_weights` of EncoderDecoder  

decode_head.transformer_decoder.layers.2.cross_attn.attn.in_proj_weight - torch.Size([768, 256]): 
Initialized by user-defined `init_weights` in Mask2FormerHead  

decode_head.transformer_decoder.layers.2.cross_attn.attn.in_proj_bias - torch.Size([768]): 
The value is the same before and after calling `init_weights` of EncoderDecoder  

decode_head.transformer_decoder.layers.2.cross_attn.attn.out_proj.weight - torch.Size([256, 256]): 
Initialized by user-defined `init_weights` in Mask2FormerHead  

decode_head.transformer_decoder.layers.2.cross_attn.attn.out_proj.bias - torch.Size([256]): 
The value is the same before and after calling `init_weights` of EncoderDecoder  

decode_head.transformer_decoder.layers.2.ffn.layers.0.0.weight - torch.Size([2048, 256]): 
Initialized by user-defined `init_weights` in Mask2FormerHead  

decode_head.transformer_decoder.layers.2.ffn.layers.0.0.bias - torch.Size([2048]): 
The value is the same before and after calling `init_weights` of EncoderDecoder  

decode_head.transformer_decoder.layers.2.ffn.layers.1.weight - torch.Size([256, 2048]): 
Initialized by user-defined `init_weights` in Mask2FormerHead  

decode_head.transformer_decoder.layers.2.ffn.layers.1.bias - torch.Size([256]): 
The value is the same before and after calling `init_weights` of EncoderDecoder  

decode_head.transformer_decoder.layers.2.norms.0.weight - torch.Size([256]): 
The value is the same before and after calling `init_weights` of EncoderDecoder  

decode_head.transformer_decoder.layers.2.norms.0.bias - torch.Size([256]): 
The value is the same before and after calling `init_weights` of EncoderDecoder  

decode_head.transformer_decoder.layers.2.norms.1.weight - torch.Size([256]): 
The value is the same before and after calling `init_weights` of EncoderDecoder  

decode_head.transformer_decoder.layers.2.norms.1.bias - torch.Size([256]): 
The value is the same before and after calling `init_weights` of EncoderDecoder  

decode_head.transformer_decoder.layers.2.norms.2.weight - torch.Size([256]): 
The value is the same before and after calling `init_weights` of EncoderDecoder  

decode_head.transformer_decoder.layers.2.norms.2.bias - torch.Size([256]): 
The value is the same before and after calling `init_weights` of EncoderDecoder  

decode_head.transformer_decoder.layers.3.self_attn.attn.in_proj_weight - torch.Size([768, 256]): 
Initialized by user-defined `init_weights` in Mask2FormerHead  

decode_head.transformer_decoder.layers.3.self_attn.attn.in_proj_bias - torch.Size([768]): 
The value is the same before and after calling `init_weights` of EncoderDecoder  

decode_head.transformer_decoder.layers.3.self_attn.attn.out_proj.weight - torch.Size([256, 256]): 
Initialized by user-defined `init_weights` in Mask2FormerHead  

decode_head.transformer_decoder.layers.3.self_attn.attn.out_proj.bias - torch.Size([256]): 
The value is the same before and after calling `init_weights` of EncoderDecoder  

decode_head.transformer_decoder.layers.3.cross_attn.attn.in_proj_weight - torch.Size([768, 256]): 
Initialized by user-defined `init_weights` in Mask2FormerHead  

decode_head.transformer_decoder.layers.3.cross_attn.attn.in_proj_bias - torch.Size([768]): 
The value is the same before and after calling `init_weights` of EncoderDecoder  

decode_head.transformer_decoder.layers.3.cross_attn.attn.out_proj.weight - torch.Size([256, 256]): 
Initialized by user-defined `init_weights` in Mask2FormerHead  

decode_head.transformer_decoder.layers.3.cross_attn.attn.out_proj.bias - torch.Size([256]): 
The value is the same before and after calling `init_weights` of EncoderDecoder  

decode_head.transformer_decoder.layers.3.ffn.layers.0.0.weight - torch.Size([2048, 256]): 
Initialized by user-defined `init_weights` in Mask2FormerHead  

decode_head.transformer_decoder.layers.3.ffn.layers.0.0.bias - torch.Size([2048]): 
The value is the same before and after calling `init_weights` of EncoderDecoder  

decode_head.transformer_decoder.layers.3.ffn.layers.1.weight - torch.Size([256, 2048]): 
Initialized by user-defined `init_weights` in Mask2FormerHead  

decode_head.transformer_decoder.layers.3.ffn.layers.1.bias - torch.Size([256]): 
The value is the same before and after calling `init_weights` of EncoderDecoder  

decode_head.transformer_decoder.layers.3.norms.0.weight - torch.Size([256]): 
The value is the same before and after calling `init_weights` of EncoderDecoder  

decode_head.transformer_decoder.layers.3.norms.0.bias - torch.Size([256]): 
The value is the same before and after calling `init_weights` of EncoderDecoder  

decode_head.transformer_decoder.layers.3.norms.1.weight - torch.Size([256]): 
The value is the same before and after calling `init_weights` of EncoderDecoder  

decode_head.transformer_decoder.layers.3.norms.1.bias - torch.Size([256]): 
The value is the same before and after calling `init_weights` of EncoderDecoder  

decode_head.transformer_decoder.layers.3.norms.2.weight - torch.Size([256]): 
The value is the same before and after calling `init_weights` of EncoderDecoder  

decode_head.transformer_decoder.layers.3.norms.2.bias - torch.Size([256]): 
The value is the same before and after calling `init_weights` of EncoderDecoder  

decode_head.transformer_decoder.layers.4.self_attn.attn.in_proj_weight - torch.Size([768, 256]): 
Initialized by user-defined `init_weights` in Mask2FormerHead  

decode_head.transformer_decoder.layers.4.self_attn.attn.in_proj_bias - torch.Size([768]): 
The value is the same before and after calling `init_weights` of EncoderDecoder  

decode_head.transformer_decoder.layers.4.self_attn.attn.out_proj.weight - torch.Size([256, 256]): 
Initialized by user-defined `init_weights` in Mask2FormerHead  

decode_head.transformer_decoder.layers.4.self_attn.attn.out_proj.bias - torch.Size([256]): 
The value is the same before and after calling `init_weights` of EncoderDecoder  

decode_head.transformer_decoder.layers.4.cross_attn.attn.in_proj_weight - torch.Size([768, 256]): 
Initialized by user-defined `init_weights` in Mask2FormerHead  

decode_head.transformer_decoder.layers.4.cross_attn.attn.in_proj_bias - torch.Size([768]): 
The value is the same before and after calling `init_weights` of EncoderDecoder  

decode_head.transformer_decoder.layers.4.cross_attn.attn.out_proj.weight - torch.Size([256, 256]): 
Initialized by user-defined `init_weights` in Mask2FormerHead  

decode_head.transformer_decoder.layers.4.cross_attn.attn.out_proj.bias - torch.Size([256]): 
The value is the same before and after calling `init_weights` of EncoderDecoder  

decode_head.transformer_decoder.layers.4.ffn.layers.0.0.weight - torch.Size([2048, 256]): 
Initialized by user-defined `init_weights` in Mask2FormerHead  

decode_head.transformer_decoder.layers.4.ffn.layers.0.0.bias - torch.Size([2048]): 
The value is the same before and after calling `init_weights` of EncoderDecoder  

decode_head.transformer_decoder.layers.4.ffn.layers.1.weight - torch.Size([256, 2048]): 
Initialized by user-defined `init_weights` in Mask2FormerHead  

decode_head.transformer_decoder.layers.4.ffn.layers.1.bias - torch.Size([256]): 
The value is the same before and after calling `init_weights` of EncoderDecoder  

decode_head.transformer_decoder.layers.4.norms.0.weight - torch.Size([256]): 
The value is the same before and after calling `init_weights` of EncoderDecoder  

decode_head.transformer_decoder.layers.4.norms.0.bias - torch.Size([256]): 
The value is the same before and after calling `init_weights` of EncoderDecoder  

decode_head.transformer_decoder.layers.4.norms.1.weight - torch.Size([256]): 
The value is the same before and after calling `init_weights` of EncoderDecoder  

decode_head.transformer_decoder.layers.4.norms.1.bias - torch.Size([256]): 
The value is the same before and after calling `init_weights` of EncoderDecoder  

decode_head.transformer_decoder.layers.4.norms.2.weight - torch.Size([256]): 
The value is the same before and after calling `init_weights` of EncoderDecoder  

decode_head.transformer_decoder.layers.4.norms.2.bias - torch.Size([256]): 
The value is the same before and after calling `init_weights` of EncoderDecoder  

decode_head.transformer_decoder.layers.5.self_attn.attn.in_proj_weight - torch.Size([768, 256]): 
Initialized by user-defined `init_weights` in Mask2FormerHead  

decode_head.transformer_decoder.layers.5.self_attn.attn.in_proj_bias - torch.Size([768]): 
The value is the same before and after calling `init_weights` of EncoderDecoder  

decode_head.transformer_decoder.layers.5.self_attn.attn.out_proj.weight - torch.Size([256, 256]): 
Initialized by user-defined `init_weights` in Mask2FormerHead  

decode_head.transformer_decoder.layers.5.self_attn.attn.out_proj.bias - torch.Size([256]): 
The value is the same before and after calling `init_weights` of EncoderDecoder  

decode_head.transformer_decoder.layers.5.cross_attn.attn.in_proj_weight - torch.Size([768, 256]): 
Initialized by user-defined `init_weights` in Mask2FormerHead  

decode_head.transformer_decoder.layers.5.cross_attn.attn.in_proj_bias - torch.Size([768]): 
The value is the same before and after calling `init_weights` of EncoderDecoder  

decode_head.transformer_decoder.layers.5.cross_attn.attn.out_proj.weight - torch.Size([256, 256]): 
Initialized by user-defined `init_weights` in Mask2FormerHead  

decode_head.transformer_decoder.layers.5.cross_attn.attn.out_proj.bias - torch.Size([256]): 
The value is the same before and after calling `init_weights` of EncoderDecoder  

decode_head.transformer_decoder.layers.5.ffn.layers.0.0.weight - torch.Size([2048, 256]): 
Initialized by user-defined `init_weights` in Mask2FormerHead  

decode_head.transformer_decoder.layers.5.ffn.layers.0.0.bias - torch.Size([2048]): 
The value is the same before and after calling `init_weights` of EncoderDecoder  

decode_head.transformer_decoder.layers.5.ffn.layers.1.weight - torch.Size([256, 2048]): 
Initialized by user-defined `init_weights` in Mask2FormerHead  

decode_head.transformer_decoder.layers.5.ffn.layers.1.bias - torch.Size([256]): 
The value is the same before and after calling `init_weights` of EncoderDecoder  

decode_head.transformer_decoder.layers.5.norms.0.weight - torch.Size([256]): 
The value is the same before and after calling `init_weights` of EncoderDecoder  

decode_head.transformer_decoder.layers.5.norms.0.bias - torch.Size([256]): 
The value is the same before and after calling `init_weights` of EncoderDecoder  

decode_head.transformer_decoder.layers.5.norms.1.weight - torch.Size([256]): 
The value is the same before and after calling `init_weights` of EncoderDecoder  

decode_head.transformer_decoder.layers.5.norms.1.bias - torch.Size([256]): 
The value is the same before and after calling `init_weights` of EncoderDecoder  

decode_head.transformer_decoder.layers.5.norms.2.weight - torch.Size([256]): 
The value is the same before and after calling `init_weights` of EncoderDecoder  

decode_head.transformer_decoder.layers.5.norms.2.bias - torch.Size([256]): 
The value is the same before and after calling `init_weights` of EncoderDecoder  

decode_head.transformer_decoder.layers.6.self_attn.attn.in_proj_weight - torch.Size([768, 256]): 
Initialized by user-defined `init_weights` in Mask2FormerHead  

decode_head.transformer_decoder.layers.6.self_attn.attn.in_proj_bias - torch.Size([768]): 
The value is the same before and after calling `init_weights` of EncoderDecoder  

decode_head.transformer_decoder.layers.6.self_attn.attn.out_proj.weight - torch.Size([256, 256]): 
Initialized by user-defined `init_weights` in Mask2FormerHead  

decode_head.transformer_decoder.layers.6.self_attn.attn.out_proj.bias - torch.Size([256]): 
The value is the same before and after calling `init_weights` of EncoderDecoder  

decode_head.transformer_decoder.layers.6.cross_attn.attn.in_proj_weight - torch.Size([768, 256]): 
Initialized by user-defined `init_weights` in Mask2FormerHead  

decode_head.transformer_decoder.layers.6.cross_attn.attn.in_proj_bias - torch.Size([768]): 
The value is the same before and after calling `init_weights` of EncoderDecoder  

decode_head.transformer_decoder.layers.6.cross_attn.attn.out_proj.weight - torch.Size([256, 256]): 
Initialized by user-defined `init_weights` in Mask2FormerHead  

decode_head.transformer_decoder.layers.6.cross_attn.attn.out_proj.bias - torch.Size([256]): 
The value is the same before and after calling `init_weights` of EncoderDecoder  

decode_head.transformer_decoder.layers.6.ffn.layers.0.0.weight - torch.Size([2048, 256]): 
Initialized by user-defined `init_weights` in Mask2FormerHead  

decode_head.transformer_decoder.layers.6.ffn.layers.0.0.bias - torch.Size([2048]): 
The value is the same before and after calling `init_weights` of EncoderDecoder  

decode_head.transformer_decoder.layers.6.ffn.layers.1.weight - torch.Size([256, 2048]): 
Initialized by user-defined `init_weights` in Mask2FormerHead  

decode_head.transformer_decoder.layers.6.ffn.layers.1.bias - torch.Size([256]): 
The value is the same before and after calling `init_weights` of EncoderDecoder  

decode_head.transformer_decoder.layers.6.norms.0.weight - torch.Size([256]): 
The value is the same before and after calling `init_weights` of EncoderDecoder  

decode_head.transformer_decoder.layers.6.norms.0.bias - torch.Size([256]): 
The value is the same before and after calling `init_weights` of EncoderDecoder  

decode_head.transformer_decoder.layers.6.norms.1.weight - torch.Size([256]): 
The value is the same before and after calling `init_weights` of EncoderDecoder  

decode_head.transformer_decoder.layers.6.norms.1.bias - torch.Size([256]): 
The value is the same before and after calling `init_weights` of EncoderDecoder  

decode_head.transformer_decoder.layers.6.norms.2.weight - torch.Size([256]): 
The value is the same before and after calling `init_weights` of EncoderDecoder  

decode_head.transformer_decoder.layers.6.norms.2.bias - torch.Size([256]): 
The value is the same before and after calling `init_weights` of EncoderDecoder  

decode_head.transformer_decoder.layers.7.self_attn.attn.in_proj_weight - torch.Size([768, 256]): 
Initialized by user-defined `init_weights` in Mask2FormerHead  

decode_head.transformer_decoder.layers.7.self_attn.attn.in_proj_bias - torch.Size([768]): 
The value is the same before and after calling `init_weights` of EncoderDecoder  

decode_head.transformer_decoder.layers.7.self_attn.attn.out_proj.weight - torch.Size([256, 256]): 
Initialized by user-defined `init_weights` in Mask2FormerHead  

decode_head.transformer_decoder.layers.7.self_attn.attn.out_proj.bias - torch.Size([256]): 
The value is the same before and after calling `init_weights` of EncoderDecoder  

decode_head.transformer_decoder.layers.7.cross_attn.attn.in_proj_weight - torch.Size([768, 256]): 
Initialized by user-defined `init_weights` in Mask2FormerHead  

decode_head.transformer_decoder.layers.7.cross_attn.attn.in_proj_bias - torch.Size([768]): 
The value is the same before and after calling `init_weights` of EncoderDecoder  

decode_head.transformer_decoder.layers.7.cross_attn.attn.out_proj.weight - torch.Size([256, 256]): 
Initialized by user-defined `init_weights` in Mask2FormerHead  

decode_head.transformer_decoder.layers.7.cross_attn.attn.out_proj.bias - torch.Size([256]): 
The value is the same before and after calling `init_weights` of EncoderDecoder  

decode_head.transformer_decoder.layers.7.ffn.layers.0.0.weight - torch.Size([2048, 256]): 
Initialized by user-defined `init_weights` in Mask2FormerHead  

decode_head.transformer_decoder.layers.7.ffn.layers.0.0.bias - torch.Size([2048]): 
The value is the same before and after calling `init_weights` of EncoderDecoder  

decode_head.transformer_decoder.layers.7.ffn.layers.1.weight - torch.Size([256, 2048]): 
Initialized by user-defined `init_weights` in Mask2FormerHead  

decode_head.transformer_decoder.layers.7.ffn.layers.1.bias - torch.Size([256]): 
The value is the same before and after calling `init_weights` of EncoderDecoder  

decode_head.transformer_decoder.layers.7.norms.0.weight - torch.Size([256]): 
The value is the same before and after calling `init_weights` of EncoderDecoder  

decode_head.transformer_decoder.layers.7.norms.0.bias - torch.Size([256]): 
The value is the same before and after calling `init_weights` of EncoderDecoder  

decode_head.transformer_decoder.layers.7.norms.1.weight - torch.Size([256]): 
The value is the same before and after calling `init_weights` of EncoderDecoder  

decode_head.transformer_decoder.layers.7.norms.1.bias - torch.Size([256]): 
The value is the same before and after calling `init_weights` of EncoderDecoder  

decode_head.transformer_decoder.layers.7.norms.2.weight - torch.Size([256]): 
The value is the same before and after calling `init_weights` of EncoderDecoder  

decode_head.transformer_decoder.layers.7.norms.2.bias - torch.Size([256]): 
The value is the same before and after calling `init_weights` of EncoderDecoder  

decode_head.transformer_decoder.layers.8.self_attn.attn.in_proj_weight - torch.Size([768, 256]): 
Initialized by user-defined `init_weights` in Mask2FormerHead  

decode_head.transformer_decoder.layers.8.self_attn.attn.in_proj_bias - torch.Size([768]): 
The value is the same before and after calling `init_weights` of EncoderDecoder  

decode_head.transformer_decoder.layers.8.self_attn.attn.out_proj.weight - torch.Size([256, 256]): 
Initialized by user-defined `init_weights` in Mask2FormerHead  

decode_head.transformer_decoder.layers.8.self_attn.attn.out_proj.bias - torch.Size([256]): 
The value is the same before and after calling `init_weights` of EncoderDecoder  

decode_head.transformer_decoder.layers.8.cross_attn.attn.in_proj_weight - torch.Size([768, 256]): 
Initialized by user-defined `init_weights` in Mask2FormerHead  

decode_head.transformer_decoder.layers.8.cross_attn.attn.in_proj_bias - torch.Size([768]): 
The value is the same before and after calling `init_weights` of EncoderDecoder  

decode_head.transformer_decoder.layers.8.cross_attn.attn.out_proj.weight - torch.Size([256, 256]): 
Initialized by user-defined `init_weights` in Mask2FormerHead  

decode_head.transformer_decoder.layers.8.cross_attn.attn.out_proj.bias - torch.Size([256]): 
The value is the same before and after calling `init_weights` of EncoderDecoder  

decode_head.transformer_decoder.layers.8.ffn.layers.0.0.weight - torch.Size([2048, 256]): 
Initialized by user-defined `init_weights` in Mask2FormerHead  

decode_head.transformer_decoder.layers.8.ffn.layers.0.0.bias - torch.Size([2048]): 
The value is the same before and after calling `init_weights` of EncoderDecoder  

decode_head.transformer_decoder.layers.8.ffn.layers.1.weight - torch.Size([256, 2048]): 
Initialized by user-defined `init_weights` in Mask2FormerHead  

decode_head.transformer_decoder.layers.8.ffn.layers.1.bias - torch.Size([256]): 
The value is the same before and after calling `init_weights` of EncoderDecoder  

decode_head.transformer_decoder.layers.8.norms.0.weight - torch.Size([256]): 
The value is the same before and after calling `init_weights` of EncoderDecoder  

decode_head.transformer_decoder.layers.8.norms.0.bias - torch.Size([256]): 
The value is the same before and after calling `init_weights` of EncoderDecoder  

decode_head.transformer_decoder.layers.8.norms.1.weight - torch.Size([256]): 
The value is the same before and after calling `init_weights` of EncoderDecoder  

decode_head.transformer_decoder.layers.8.norms.1.bias - torch.Size([256]): 
The value is the same before and after calling `init_weights` of EncoderDecoder  

decode_head.transformer_decoder.layers.8.norms.2.weight - torch.Size([256]): 
The value is the same before and after calling `init_weights` of EncoderDecoder  

decode_head.transformer_decoder.layers.8.norms.2.bias - torch.Size([256]): 
The value is the same before and after calling `init_weights` of EncoderDecoder  

decode_head.transformer_decoder.post_norm.weight - torch.Size([256]): 
The value is the same before and after calling `init_weights` of EncoderDecoder  

decode_head.transformer_decoder.post_norm.bias - torch.Size([256]): 
The value is the same before and after calling `init_weights` of EncoderDecoder  

decode_head.query_embed.weight - torch.Size([100, 256]): 
The value is the same before and after calling `init_weights` of EncoderDecoder  

decode_head.query_feat.weight - torch.Size([100, 256]): 
The value is the same before and after calling `init_weights` of EncoderDecoder  

decode_head.level_embed.weight - torch.Size([3, 256]): 
The value is the same before and after calling `init_weights` of EncoderDecoder  

decode_head.cls_embed.weight - torch.Size([19, 256]): 
The value is the same before and after calling `init_weights` of EncoderDecoder  

decode_head.cls_embed.bias - torch.Size([19]): 
The value is the same before and after calling `init_weights` of EncoderDecoder  

decode_head.mask_embed.0.weight - torch.Size([256, 256]): 
The value is the same before and after calling `init_weights` of EncoderDecoder  

decode_head.mask_embed.0.bias - torch.Size([256]): 
The value is the same before and after calling `init_weights` of EncoderDecoder  

decode_head.mask_embed.2.weight - torch.Size([256, 256]): 
The value is the same before and after calling `init_weights` of EncoderDecoder  

decode_head.mask_embed.2.bias - torch.Size([256]): 
The value is the same before and after calling `init_weights` of EncoderDecoder  

decode_head.mask_embed.4.weight - torch.Size([256, 256]): 
The value is the same before and after calling `init_weights` of EncoderDecoder  

decode_head.mask_embed.4.bias - torch.Size([256]): 
The value is the same before and after calling `init_weights` of EncoderDecoder  
2026/06/09 15:29:46 - mmengine - WARNING - "FileClient" will be deprecated in future. Please use io functions in https://mmengine.readthedocs.io/en/latest/api/fileio.html#file-io
2026/06/09 15:29:46 - mmengine - WARNING - "HardDiskBackend" is the alias of "LocalBackend" and the former will be deprecated in future.
2026/06/09 15:29:46 - mmengine - INFO - Checkpoints will be saved to /mnt/ht2_nas2/00-model/00-fb/mmseg_dino/work_dirs.
2026/06/09 15:30:43 - mmengine - INFO - Iter(train) [   50/40000]  base_lr: 9.9890e-05 lr: 9.9890e-05  eta: 12:36:24  time: 0.9743  data_time: 0.0127  memory: 36689  grad_norm: 52.3451  loss: 91.7129  decode.loss_cls: 3.3428  decode.loss_mask: 1.6335  decode.loss_dice: 4.1874  decode.d0.loss_cls: 5.5464  decode.d0.loss_mask: 1.7016  decode.d0.loss_dice: 4.0528  decode.d1.loss_cls: 2.8565  decode.d1.loss_mask: 1.7047  decode.d1.loss_dice: 4.0568  decode.d2.loss_cls: 2.8371  decode.d2.loss_mask: 1.7166  decode.d2.loss_dice: 4.0719  decode.d3.loss_cls: 2.9248  decode.d3.loss_mask: 1.6751  decode.d3.loss_dice: 4.1304  decode.d4.loss_cls: 2.9669  decode.d4.loss_mask: 1.6463  decode.d4.loss_dice: 4.2390  decode.d5.loss_cls: 3.1089  decode.d5.loss_mask: 1.6217  decode.d5.loss_dice: 4.2343  decode.d6.loss_cls: 3.2687  decode.d6.loss_mask: 1.6305  decode.d6.loss_dice: 4.2242  decode.d7.loss_cls: 3.3071  decode.d7.loss_mask: 1.5542  decode.d7.loss_dice: 4.2835  decode.d8.loss_cls: 3.3404  decode.d8.loss_mask: 1.6056  decode.d8.loss_dice: 4.2429
2026/06/09 15:31:32 - mmengine - INFO - Iter(train) [  100/40000]  base_lr: 9.9777e-05 lr: 9.9777e-05  eta: 11:44:27  time: 0.9820  data_time: 0.0131  memory: 4407  grad_norm: 99.2679  loss: 85.8999  decode.loss_cls: 2.6844  decode.loss_mask: 1.8689  decode.loss_dice: 3.8392  decode.d0.loss_cls: 5.6940  decode.d0.loss_mask: 1.8137  decode.d0.loss_dice: 3.6560  decode.d1.loss_cls: 2.5457  decode.d1.loss_mask: 1.8432  decode.d1.loss_dice: 3.6517  decode.d2.loss_cls: 2.5083  decode.d2.loss_mask: 1.8565  decode.d2.loss_dice: 3.6378  decode.d3.loss_cls: 2.5555  decode.d3.loss_mask: 1.8845  decode.d3.loss_dice: 3.6567  decode.d4.loss_cls: 2.5740  decode.d4.loss_mask: 1.9027  decode.d4.loss_dice: 3.6617  decode.d5.loss_cls: 2.7091  decode.d5.loss_mask: 1.9070  decode.d5.loss_dice: 3.7173  decode.d6.loss_cls: 2.8484  decode.d6.loss_mask: 1.8816  decode.d6.loss_dice: 3.7257  decode.d7.loss_cls: 2.9307  decode.d7.loss_mask: 1.8972  decode.d7.loss_dice: 3.7971  decode.d8.loss_cls: 2.9004  decode.d8.loss_mask: 1.8270  decode.d8.loss_dice: 3.9240
2026/06/09 15:32:21 - mmengine - INFO - Iter(train) [  150/40000]  base_lr: 9.9665e-05 lr: 9.9665e-05  eta: 11:26:51  time: 0.9896  data_time: 0.0126  memory: 4378  grad_norm: 135.6278  loss: 83.5822  decode.loss_cls: 2.7320  decode.loss_mask: 1.8975  decode.loss_dice: 3.5951  decode.d0.loss_cls: 5.6671  decode.d0.loss_mask: 1.7725  decode.d0.loss_dice: 3.6236  decode.d1.loss_cls: 2.4769  decode.d1.loss_mask: 1.8175  decode.d1.loss_dice: 3.5772  decode.d2.loss_cls: 2.2572  decode.d2.loss_mask: 1.8721  decode.d2.loss_dice: 3.6389  decode.d3.loss_cls: 2.3566  decode.d3.loss_mask: 1.8668  decode.d3.loss_dice: 3.6031  decode.d4.loss_cls: 2.4301  decode.d4.loss_mask: 1.8895  decode.d4.loss_dice: 3.5501  decode.d5.loss_cls: 2.5868  decode.d5.loss_mask: 1.8873  decode.d5.loss_dice: 3.5489  decode.d6.loss_cls: 2.7337  decode.d6.loss_mask: 1.8984  decode.d6.loss_dice: 3.6174  decode.d7.loss_cls: 2.8863  decode.d7.loss_mask: 1.9295  decode.d7.loss_dice: 3.6612  decode.d8.loss_cls: 2.6802  decode.d8.loss_mask: 1.8898  decode.d8.loss_dice: 3.6391
2026/06/09 15:33:10 - mmengine - INFO - Iter(train) [  200/40000]  base_lr: 9.9552e-05 lr: 9.9552e-05  eta: 11:16:24  time: 0.9759  data_time: 0.0129  memory: 4424  grad_norm: 140.5218  loss: 82.8474  decode.loss_cls: 2.6370  decode.loss_mask: 2.1159  decode.loss_dice: 3.3021  decode.d0.loss_cls: 5.5885  decode.d0.loss_mask: 1.9891  decode.d0.loss_dice: 3.4305  decode.d1.loss_cls: 2.2527  decode.d1.loss_mask: 2.0732  decode.d1.loss_dice: 3.3617  decode.d2.loss_cls: 2.2564  decode.d2.loss_mask: 2.0517  decode.d2.loss_dice: 3.3783  decode.d3.loss_cls: 2.4662  decode.d3.loss_mask: 2.0505  decode.d3.loss_dice: 3.3399  decode.d4.loss_cls: 2.6692  decode.d4.loss_mask: 2.0380  decode.d4.loss_dice: 3.3138  decode.d5.loss_cls: 2.7591  decode.d5.loss_mask: 2.0505  decode.d5.loss_dice: 3.2988  decode.d6.loss_cls: 2.7224  decode.d6.loss_mask: 2.0982  decode.d6.loss_dice: 3.3327  decode.d7.loss_cls: 2.6551  decode.d7.loss_mask: 2.1214  decode.d7.loss_dice: 3.3575  decode.d8.loss_cls: 2.6894  decode.d8.loss_mask: 2.0941  decode.d8.loss_dice: 3.3535
2026/06/09 15:33:57 - mmengine - INFO - Iter(train) [  250/40000]  base_lr: 9.9440e-05 lr: 9.9440e-05  eta: 11:05:30  time: 0.8940  data_time: 0.0125  memory: 4385  grad_norm: 155.0948  loss: 81.2311  decode.loss_cls: 2.6662  decode.loss_mask: 1.8075  decode.loss_dice: 3.5062  decode.d0.loss_cls: 5.5316  decode.d0.loss_mask: 1.7504  decode.d0.loss_dice: 3.5055  decode.d1.loss_cls: 2.3540  decode.d1.loss_mask: 1.8007  decode.d1.loss_dice: 3.4281  decode.d2.loss_cls: 2.3251  decode.d2.loss_mask: 1.8261  decode.d2.loss_dice: 3.4475  decode.d3.loss_cls: 2.4010  decode.d3.loss_mask: 1.8458  decode.d3.loss_dice: 3.4190  decode.d4.loss_cls: 2.4414  decode.d4.loss_mask: 1.8438  decode.d4.loss_dice: 3.4578  decode.d5.loss_cls: 2.6358  decode.d5.loss_mask: 1.7817  decode.d5.loss_dice: 3.4230  decode.d6.loss_cls: 2.7209  decode.d6.loss_mask: 1.8092  decode.d6.loss_dice: 3.4364  decode.d7.loss_cls: 2.7566  decode.d7.loss_mask: 1.8203  decode.d7.loss_dice: 3.4592  decode.d8.loss_cls: 2.7134  decode.d8.loss_mask: 1.8351  decode.d8.loss_dice: 3.4819
2026/06/09 15:34:42 - mmengine - INFO - Iter(train) [  300/40000]  base_lr: 9.9327e-05 lr: 9.9327e-05  eta: 10:53:06  time: 0.9042  data_time: 0.0117  memory: 4388  grad_norm: 133.0362  loss: 79.6979  decode.loss_cls: 2.6038  decode.loss_mask: 1.8741  decode.loss_dice: 3.3770  decode.d0.loss_cls: 5.4600  decode.d0.loss_mask: 1.7579  decode.d0.loss_dice: 3.5531  decode.d1.loss_cls: 2.1803  decode.d1.loss_mask: 1.7819  decode.d1.loss_dice: 3.4671  decode.d2.loss_cls: 2.0849  decode.d2.loss_mask: 1.8712  decode.d2.loss_dice: 3.4173  decode.d3.loss_cls: 2.1964  decode.d3.loss_mask: 1.8498  decode.d3.loss_dice: 3.5114  decode.d4.loss_cls: 2.2056  decode.d4.loss_mask: 1.8317  decode.d4.loss_dice: 3.4934  decode.d5.loss_cls: 2.3906  decode.d5.loss_mask: 1.8303  decode.d5.loss_dice: 3.4439  decode.d6.loss_cls: 2.5172  decode.d6.loss_mask: 1.8596  decode.d6.loss_dice: 3.4515  decode.d7.loss_cls: 2.5867  decode.d7.loss_mask: 1.8548  decode.d7.loss_dice: 3.4190  decode.d8.loss_cls: 2.5662  decode.d8.loss_mask: 1.8296  decode.d8.loss_dice: 3.4319
2026/06/09 15:35:31 - mmengine - INFO - Iter(train) [  350/40000]  base_lr: 9.9214e-05 lr: 9.9214e-05  eta: 10:50:39  time: 0.9805  data_time: 0.0114  memory: 4408  grad_norm: 160.3600  loss: 80.5660  decode.loss_cls: 2.7709  decode.loss_mask: 1.9798  decode.loss_dice: 3.2200  decode.d0.loss_cls: 5.4194  decode.d0.loss_mask: 1.8274  decode.d0.loss_dice: 3.3585  decode.d1.loss_cls: 2.2984  decode.d1.loss_mask: 1.9210  decode.d1.loss_dice: 3.2578  decode.d2.loss_cls: 2.2772  decode.d2.loss_mask: 1.9312  decode.d2.loss_dice: 3.2017  decode.d3.loss_cls: 2.5017  decode.d3.loss_mask: 1.9230  decode.d3.loss_dice: 3.1977  decode.d4.loss_cls: 2.5988  decode.d4.loss_mask: 1.9475  decode.d4.loss_dice: 3.2061  decode.d5.loss_cls: 2.6669  decode.d5.loss_mask: 1.9272  decode.d5.loss_dice: 3.1870  decode.d6.loss_cls: 2.6958  decode.d6.loss_mask: 1.9681  decode.d6.loss_dice: 3.2679  decode.d7.loss_cls: 2.8288  decode.d7.loss_mask: 1.9648  decode.d7.loss_dice: 3.2535  decode.d8.loss_cls: 2.7969  decode.d8.loss_mask: 1.9615  decode.d8.loss_dice: 3.2093
2026/06/09 15:35:45 - mmengine - INFO - Exp name: dinov3b_m2f_pastis_raster_20260609_152936
2026/06/09 15:36:20 - mmengine - INFO - Iter(train) [  400/40000]  base_lr: 9.9102e-05 lr: 9.9102e-05  eta: 10:49:33  time: 0.9854  data_time: 0.0119  memory: 4390  grad_norm: 146.1944  loss: 78.3409  decode.loss_cls: 2.5866  decode.loss_mask: 1.8767  decode.loss_dice: 3.2363  decode.d0.loss_cls: 5.2808  decode.d0.loss_mask: 1.7860  decode.d0.loss_dice: 3.3652  decode.d1.loss_cls: 2.2318  decode.d1.loss_mask: 1.8184  decode.d1.loss_dice: 3.3241  decode.d2.loss_cls: 2.3228  decode.d2.loss_mask: 1.8406  decode.d2.loss_dice: 3.2269  decode.d3.loss_cls: 2.3936  decode.d3.loss_mask: 1.8244  decode.d3.loss_dice: 3.2560  decode.d4.loss_cls: 2.3946  decode.d4.loss_mask: 1.8305  decode.d4.loss_dice: 3.2035  decode.d5.loss_cls: 2.5014  decode.d5.loss_mask: 1.8380  decode.d5.loss_dice: 3.1761  decode.d6.loss_cls: 2.4917  decode.d6.loss_mask: 1.8555  decode.d6.loss_dice: 3.2709  decode.d7.loss_cls: 2.6433  decode.d7.loss_mask: 1.8232  decode.d7.loss_dice: 3.1805  decode.d8.loss_cls: 2.7079  decode.d8.loss_mask: 1.8339  decode.d8.loss_dice: 3.2194
2026/06/09 15:37:09 - mmengine - INFO - Iter(train) [  450/40000]  base_lr: 9.8989e-05 lr: 9.8989e-05  eta: 10:48:37  time: 0.9788  data_time: 0.0120  memory: 4382  grad_norm: 167.9534  loss: 79.0763  decode.loss_cls: 2.3901  decode.loss_mask: 1.9372  decode.loss_dice: 3.3340  decode.d0.loss_cls: 5.2170  decode.d0.loss_mask: 1.8631  decode.d0.loss_dice: 3.3911  decode.d1.loss_cls: 2.1278  decode.d1.loss_mask: 1.8767  decode.d1.loss_dice: 3.3901  decode.d2.loss_cls: 2.1391  decode.d2.loss_mask: 1.8713  decode.d2.loss_dice: 3.3275  decode.d3.loss_cls: 2.2749  decode.d3.loss_mask: 1.8985  decode.d3.loss_dice: 3.3945  decode.d4.loss_cls: 2.3280  decode.d4.loss_mask: 1.9105  decode.d4.loss_dice: 3.3732  decode.d5.loss_cls: 2.3956  decode.d5.loss_mask: 1.9298  decode.d5.loss_dice: 3.3345  decode.d6.loss_cls: 2.4478  decode.d6.loss_mask: 1.9685  decode.d6.loss_dice: 3.3690  decode.d7.loss_cls: 2.4785  decode.d7.loss_mask: 1.9552  decode.d7.loss_dice: 3.3294  decode.d8.loss_cls: 2.4710  decode.d8.loss_mask: 1.9550  decode.d8.loss_dice: 3.3973
2026/06/09 15:37:57 - mmengine - INFO - Iter(train) [  500/40000]  base_lr: 9.8877e-05 lr: 9.8877e-05  eta: 10:46:37  time: 0.9845  data_time: 0.0129  memory: 4378  grad_norm: 140.6762  loss: 79.8158  decode.loss_cls: 2.5511  decode.loss_mask: 1.8746  decode.loss_dice: 3.3765  decode.d0.loss_cls: 5.1472  decode.d0.loss_mask: 1.7960  decode.d0.loss_dice: 3.4489  decode.d1.loss_cls: 2.2943  decode.d1.loss_mask: 1.8257  decode.d1.loss_dice: 3.4040  decode.d2.loss_cls: 2.3456  decode.d2.loss_mask: 1.8399  decode.d2.loss_dice: 3.3731  decode.d3.loss_cls: 2.4224  decode.d3.loss_mask: 1.8297  decode.d3.loss_dice: 3.3828  decode.d4.loss_cls: 2.4958  decode.d4.loss_mask: 1.8515  decode.d4.loss_dice: 3.3701  decode.d5.loss_cls: 2.4919  decode.d5.loss_mask: 1.8750  decode.d5.loss_dice: 3.3486  decode.d6.loss_cls: 2.5572  decode.d6.loss_mask: 1.8823  decode.d6.loss_dice: 3.3745  decode.d7.loss_cls: 2.6181  decode.d7.loss_mask: 1.8105  decode.d7.loss_dice: 3.3687  decode.d8.loss_cls: 2.5967  decode.d8.loss_mask: 1.8670  decode.d8.loss_dice: 3.3960
2026/06/09 15:38:46 - mmengine - INFO - Iter(train) [  550/40000]  base_lr: 9.8764e-05 lr: 9.8764e-05  eta: 10:45:48  time: 0.9809  data_time: 0.0128  memory: 4433  grad_norm: 135.0342  loss: 81.0684  decode.loss_cls: 2.7201  decode.loss_mask: 1.7392  decode.loss_dice: 3.5296  decode.d0.loss_cls: 5.0038  decode.d0.loss_mask: 1.7033  decode.d0.loss_dice: 3.5870  decode.d1.loss_cls: 2.4105  decode.d1.loss_mask: 1.7515  decode.d1.loss_dice: 3.5230  decode.d2.loss_cls: 2.4193  decode.d2.loss_mask: 1.7423  decode.d2.loss_dice: 3.4806  decode.d3.loss_cls: 2.5681  decode.d3.loss_mask: 1.7856  decode.d3.loss_dice: 3.4536  decode.d4.loss_cls: 2.6247  decode.d4.loss_mask: 1.7379  decode.d4.loss_dice: 3.4794  decode.d5.loss_cls: 2.6875  decode.d5.loss_mask: 1.7238  decode.d5.loss_dice: 3.4430  decode.d6.loss_cls: 2.7066  decode.d6.loss_mask: 1.7680  decode.d6.loss_dice: 3.4741  decode.d7.loss_cls: 2.7725  decode.d7.loss_mask: 1.7683  decode.d7.loss_dice: 3.4677  decode.d8.loss_cls: 2.7362  decode.d8.loss_mask: 1.7811  decode.d8.loss_dice: 3.4802
2026/06/09 15:39:35 - mmengine - INFO - Iter(train) [  600/40000]  base_lr: 9.8651e-05 lr: 9.8651e-05  eta: 10:44:53  time: 0.9809  data_time: 0.0129  memory: 4424  grad_norm: 141.3257  loss: 77.3834  decode.loss_cls: 2.7507  decode.loss_mask: 1.8133  decode.loss_dice: 3.0583  decode.d0.loss_cls: 5.0641  decode.d0.loss_mask: 1.7205  decode.d0.loss_dice: 3.2029  decode.d1.loss_cls: 2.4307  decode.d1.loss_mask: 1.7927  decode.d1.loss_dice: 3.0712  decode.d2.loss_cls: 2.5740  decode.d2.loss_mask: 1.8386  decode.d2.loss_dice: 3.0076  decode.d3.loss_cls: 2.6154  decode.d3.loss_mask: 1.7913  decode.d3.loss_dice: 2.9973  decode.d4.loss_cls: 2.6004  decode.d4.loss_mask: 1.8373  decode.d4.loss_dice: 3.0099  decode.d5.loss_cls: 2.7125  decode.d5.loss_mask: 1.7941  decode.d5.loss_dice: 2.9420  decode.d6.loss_cls: 2.7028  decode.d6.loss_mask: 1.8001  decode.d6.loss_dice: 3.0069  decode.d7.loss_cls: 2.7135  decode.d7.loss_mask: 1.8759  decode.d7.loss_dice: 3.0269  decode.d8.loss_cls: 2.7261  decode.d8.loss_mask: 1.8510  decode.d8.loss_dice: 3.0557
2026/06/09 15:40:24 - mmengine - INFO - Iter(train) [  650/40000]  base_lr: 9.8539e-05 lr: 9.8539e-05  eta: 10:43:57  time: 0.9742  data_time: 0.0127  memory: 4393  grad_norm: 118.9825  loss: 78.1705  decode.loss_cls: 2.5519  decode.loss_mask: 1.9363  decode.loss_dice: 3.1992  decode.d0.loss_cls: 4.9602  decode.d0.loss_mask: 1.8252  decode.d0.loss_dice: 3.2764  decode.d1.loss_cls: 2.2392  decode.d1.loss_mask: 1.8859  decode.d1.loss_dice: 3.2379  decode.d2.loss_cls: 2.3024  decode.d2.loss_mask: 1.9464  decode.d2.loss_dice: 3.2023  decode.d3.loss_cls: 2.3776  decode.d3.loss_mask: 1.9489  decode.d3.loss_dice: 3.2133  decode.d4.loss_cls: 2.4513  decode.d4.loss_mask: 1.9375  decode.d4.loss_dice: 3.1990  decode.d5.loss_cls: 2.4983  decode.d5.loss_mask: 1.9061  decode.d5.loss_dice: 3.1893  decode.d6.loss_cls: 2.4617  decode.d6.loss_mask: 1.8995  decode.d6.loss_dice: 3.2682  decode.d7.loss_cls: 2.5111  decode.d7.loss_mask: 1.8998  decode.d7.loss_dice: 3.1752  decode.d8.loss_cls: 2.4731  decode.d8.loss_mask: 1.9741  decode.d8.loss_dice: 3.2232
2026/06/09 15:41:13 - mmengine - INFO - Iter(train) [  700/40000]  base_lr: 9.8426e-05 lr: 9.8426e-05  eta: 10:42:52  time: 0.9705  data_time: 0.0132  memory: 4407  grad_norm: 164.5036  loss: 79.4265  decode.loss_cls: 2.5934  decode.loss_mask: 1.9420  decode.loss_dice: 3.3192  decode.d0.loss_cls: 4.8242  decode.d0.loss_mask: 1.7535  decode.d0.loss_dice: 3.3733  decode.d1.loss_cls: 2.3460  decode.d1.loss_mask: 1.8600  decode.d1.loss_dice: 3.3356  decode.d2.loss_cls: 2.4871  decode.d2.loss_mask: 1.8916  decode.d2.loss_dice: 3.2461  decode.d3.loss_cls: 2.4274  decode.d3.loss_mask: 1.8893  decode.d3.loss_dice: 3.3213  decode.d4.loss_cls: 2.4680  decode.d4.loss_mask: 1.8852  decode.d4.loss_dice: 3.3017  decode.d5.loss_cls: 2.6180  decode.d5.loss_mask: 1.8240  decode.d5.loss_dice: 3.2439  decode.d6.loss_cls: 2.6897  decode.d6.loss_mask: 1.8600  decode.d6.loss_dice: 3.3329  decode.d7.loss_cls: 2.6563  decode.d7.loss_mask: 1.8915  decode.d7.loss_dice: 3.2470  decode.d8.loss_cls: 2.6560  decode.d8.loss_mask: 1.8825  decode.d8.loss_dice: 3.2599
2026/06/09 15:42:01 - mmengine - INFO - Iter(train) [  750/40000]  base_lr: 9.8313e-05 lr: 9.8313e-05  eta: 10:41:13  time: 0.9402  data_time: 0.0125  memory: 4405  grad_norm: 137.1280  loss: 81.0124  decode.loss_cls: 2.6949  decode.loss_mask: 1.8788  decode.loss_dice: 3.4822  decode.d0.loss_cls: 4.7902  decode.d0.loss_mask: 1.7641  decode.d0.loss_dice: 3.5020  decode.d1.loss_cls: 2.3640  decode.d1.loss_mask: 1.8285  decode.d1.loss_dice: 3.4540  decode.d2.loss_cls: 2.4604  decode.d2.loss_mask: 1.8354  decode.d2.loss_dice: 3.3771  decode.d3.loss_cls: 2.5246  decode.d3.loss_mask: 1.8916  decode.d3.loss_dice: 3.4516  decode.d4.loss_cls: 2.5017  decode.d4.loss_mask: 1.8431  decode.d4.loss_dice: 3.4693  decode.d5.loss_cls: 2.5911  decode.d5.loss_mask: 1.8317  decode.d5.loss_dice: 3.5172  decode.d6.loss_cls: 2.7025  decode.d6.loss_mask: 1.8236  decode.d6.loss_dice: 3.4505  decode.d7.loss_cls: 2.7527  decode.d7.loss_mask: 1.7907  decode.d7.loss_dice: 3.4166  decode.d8.loss_cls: 2.7563  decode.d8.loss_mask: 1.8161  decode.d8.loss_dice: 3.4502
2026/06/09 15:42:50 - mmengine - INFO - Iter(train) [  800/40000]  base_lr: 9.8200e-05 lr: 9.8200e-05  eta: 10:40:25  time: 0.9812  data_time: 0.0125  memory: 4400  grad_norm: 143.2883  loss: 76.8497  decode.loss_cls: 2.5954  decode.loss_mask: 1.7387  decode.loss_dice: 3.2784  decode.d0.loss_cls: 4.6701  decode.d0.loss_mask: 1.6932  decode.d0.loss_dice: 3.4289  decode.d1.loss_cls: 2.2119  decode.d1.loss_mask: 1.7760  decode.d1.loss_dice: 3.3122  decode.d2.loss_cls: 2.1892  decode.d2.loss_mask: 1.7160  decode.d2.loss_dice: 3.2358  decode.d3.loss_cls: 2.2583  decode.d3.loss_mask: 1.7488  decode.d3.loss_dice: 3.2780  decode.d4.loss_cls: 2.3121  decode.d4.loss_mask: 1.8073  decode.d4.loss_dice: 3.2916  decode.d5.loss_cls: 2.4895  decode.d5.loss_mask: 1.7206  decode.d5.loss_dice: 3.2267  decode.d6.loss_cls: 2.4543  decode.d6.loss_mask: 1.8071  decode.d6.loss_dice: 3.3077  decode.d7.loss_cls: 2.5851  decode.d7.loss_mask: 1.8155  decode.d7.loss_dice: 3.2802  decode.d8.loss_cls: 2.5984  decode.d8.loss_mask: 1.7437  decode.d8.loss_dice: 3.2790
2026/06/09 15:43:39 - mmengine - INFO - Iter(train) [  850/40000]  base_lr: 9.8088e-05 lr: 9.8088e-05  eta: 10:39:35  time: 0.9786  data_time: 0.0122  memory: 4409  grad_norm: 161.1500  loss: 78.4754  decode.loss_cls: 2.5073  decode.loss_mask: 2.0006  decode.loss_dice: 3.1156  decode.d0.loss_cls: 4.6132  decode.d0.loss_mask: 1.9247  decode.d0.loss_dice: 3.2691  decode.d1.loss_cls: 2.4140  decode.d1.loss_mask: 1.9432  decode.d1.loss_dice: 3.1909  decode.d2.loss_cls: 2.3159  decode.d2.loss_mask: 1.9914  decode.d2.loss_dice: 3.2031  decode.d3.loss_cls: 2.3511  decode.d3.loss_mask: 2.0052  decode.d3.loss_dice: 3.1820  decode.d4.loss_cls: 2.3810  decode.d4.loss_mask: 2.0307  decode.d4.loss_dice: 3.1879  decode.d5.loss_cls: 2.4544  decode.d5.loss_mask: 1.9982  decode.d5.loss_dice: 3.1904  decode.d6.loss_cls: 2.4192  decode.d6.loss_mask: 2.0986  decode.d6.loss_dice: 3.2375  decode.d7.loss_cls: 2.5356  decode.d7.loss_mask: 2.0361  decode.d7.loss_dice: 3.1729  decode.d8.loss_cls: 2.5341  decode.d8.loss_mask: 2.0461  decode.d8.loss_dice: 3.1255
2026/06/09 15:44:28 - mmengine - INFO - Iter(train) [  900/40000]  base_lr: 9.7975e-05 lr: 9.7975e-05  eta: 10:38:47  time: 0.9784  data_time: 0.0121  memory: 4402  grad_norm: 141.7865  loss: 76.6908  decode.loss_cls: 2.4982  decode.loss_mask: 1.9212  decode.loss_dice: 3.1430  decode.d0.loss_cls: 4.5613  decode.d0.loss_mask: 1.8682  decode.d0.loss_dice: 3.2621  decode.d1.loss_cls: 2.2749  decode.d1.loss_mask: 1.9416  decode.d1.loss_dice: 3.1912  decode.d2.loss_cls: 2.2796  decode.d2.loss_mask: 1.8910  decode.d2.loss_dice: 3.1359  decode.d3.loss_cls: 2.2859  decode.d3.loss_mask: 1.9214  decode.d3.loss_dice: 3.1654  decode.d4.loss_cls: 2.3052  decode.d4.loss_mask: 1.9118  decode.d4.loss_dice: 3.1659  decode.d5.loss_cls: 2.4107  decode.d5.loss_mask: 1.8976  decode.d5.loss_dice: 3.1370  decode.d6.loss_cls: 2.4780  decode.d6.loss_mask: 1.9278  decode.d6.loss_dice: 3.1493  decode.d7.loss_cls: 2.4640  decode.d7.loss_mask: 1.9093  decode.d7.loss_dice: 3.0892  decode.d8.loss_cls: 2.3909  decode.d8.loss_mask: 1.9344  decode.d8.loss_dice: 3.1786
2026/06/09 15:45:17 - mmengine - INFO - Iter(train) [  950/40000]  base_lr: 9.7862e-05 lr: 9.7862e-05  eta: 10:37:58  time: 0.9783  data_time: 0.0118  memory: 4429  grad_norm: 189.3987  loss: 77.4037  decode.loss_cls: 2.5436  decode.loss_mask: 1.8356  decode.loss_dice: 3.1993  decode.d0.loss_cls: 4.5056  decode.d0.loss_mask: 1.8030  decode.d0.loss_dice: 3.3457  decode.d1.loss_cls: 2.3178  decode.d1.loss_mask: 1.8598  decode.d1.loss_dice: 3.2364  decode.d2.loss_cls: 2.2697  decode.d2.loss_mask: 1.8825  decode.d2.loss_dice: 3.1992  decode.d3.loss_cls: 2.3673  decode.d3.loss_mask: 1.8322  decode.d3.loss_dice: 3.1831  decode.d4.loss_cls: 2.4115  decode.d4.loss_mask: 1.8669  decode.d4.loss_dice: 3.2066  decode.d5.loss_cls: 2.5160  decode.d5.loss_mask: 1.8194  decode.d5.loss_dice: 3.2012  decode.d6.loss_cls: 2.5677  decode.d6.loss_mask: 1.9234  decode.d6.loss_dice: 3.2346  decode.d7.loss_cls: 2.5422  decode.d7.loss_mask: 1.8785  decode.d7.loss_dice: 3.2361  decode.d8.loss_cls: 2.4667  decode.d8.loss_mask: 1.9105  decode.d8.loss_dice: 3.2414
2026/06/09 15:46:06 - mmengine - INFO - Exp name: dinov3b_m2f_pastis_raster_20260609_152936
2026/06/09 15:46:06 - mmengine - INFO - Iter(train) [ 1000/40000]  base_lr: 9.7749e-05 lr: 9.7749e-05  eta: 10:37:10  time: 0.9801  data_time: 0.0116  memory: 4409  grad_norm: 117.1457  loss: 75.3395  decode.loss_cls: 2.1851  decode.loss_mask: 1.8742  decode.loss_dice: 3.2725  decode.d0.loss_cls: 4.3551  decode.d0.loss_mask: 1.8461  decode.d0.loss_dice: 3.3670  decode.d1.loss_cls: 2.0841  decode.d1.loss_mask: 1.8529  decode.d1.loss_dice: 3.3074  decode.d2.loss_cls: 2.0190  decode.d2.loss_mask: 1.8279  decode.d2.loss_dice: 3.2896  decode.d3.loss_cls: 2.0230  decode.d3.loss_mask: 1.8751  decode.d3.loss_dice: 3.2743  decode.d4.loss_cls: 2.1143  decode.d4.loss_mask: 1.9233  decode.d4.loss_dice: 3.2620  decode.d5.loss_cls: 2.2198  decode.d5.loss_mask: 1.8685  decode.d5.loss_dice: 3.2517  decode.d6.loss_cls: 2.1267  decode.d6.loss_mask: 1.9550  decode.d6.loss_dice: 3.3604  decode.d7.loss_cls: 2.2464  decode.d7.loss_mask: 1.9310  decode.d7.loss_dice: 3.2788  decode.d8.loss_cls: 2.1650  decode.d8.loss_mask: 1.8950  decode.d8.loss_dice: 3.2883
2026/06/09 16:10:07 - mmengine - INFO - Iter(train) [ 1050/40000]  base_lr: 9.7637e-05 lr: 9.7637e-05  eta: 1 day, 0:56:36  time: 52.4449  data_time: 51.9618  memory: 4403  grad_norm: 154.1467  loss: 76.3916  decode.loss_cls: 2.5277  decode.loss_mask: 1.7782  decode.loss_dice: 3.1808  decode.d0.loss_cls: 4.3704  decode.d0.loss_mask: 1.7124  decode.d0.loss_dice: 3.3540  decode.d1.loss_cls: 2.3274  decode.d1.loss_mask: 1.7601  decode.d1.loss_dice: 3.2150  decode.d2.loss_cls: 2.3313  decode.d2.loss_mask: 1.8048  decode.d2.loss_dice: 3.2167  decode.d3.loss_cls: 2.3890  decode.d3.loss_mask: 1.7968  decode.d3.loss_dice: 3.1773  decode.d4.loss_cls: 2.4166  decode.d4.loss_mask: 1.7680  decode.d4.loss_dice: 3.2234  decode.d5.loss_cls: 2.4839  decode.d5.loss_mask: 1.8016  decode.d5.loss_dice: 3.1976  decode.d6.loss_cls: 2.4972  decode.d6.loss_mask: 1.7595  decode.d6.loss_dice: 3.2169  decode.d7.loss_cls: 2.5914  decode.d7.loss_mask: 1.7980  decode.d7.loss_dice: 3.1595  decode.d8.loss_cls: 2.5598  decode.d8.loss_mask: 1.8027  decode.d8.loss_dice: 3.1736
