2026/06/15 19:28:04 - mmengine - INFO - 
------------------------------------------------------------
System environment:
    sys.platform: linux
    Python: 3.12.13 | packaged by Anaconda, Inc. | (main, Mar 19 2026, 20:20:58) [GCC 14.3.0]
    CUDA available: True
    MUSA available: False
    numpy_random_seed: 644601852
    GPU 0: NVIDIA A40
    CUDA_HOME: /home/users_model/miniconda3/envs/mmseg_dino
    NVCC: Cuda compilation tools, release 12.9, V12.9.86
    GCC: gcc (Ubuntu 9.4.0-1ubuntu1~20.04.2) 9.4.0
    PyTorch: 2.7.1
    PyTorch compiling details: PyTorch built with:
  - GCC 14.3
  - C++ Version: 201703
  - Intel(R) oneAPI Math Kernel Library Version 2024.2.2-Product Build 20240823 for Intel(R) 64 architecture applications
  - Intel(R) MKL-DNN v3.7.1 (Git Hash d21fc6dbb4db827872fc8cf05e70f6771bd4937b)
  - OpenMP 201511 (a.k.a. OpenMP 4.5)
  - LAPACK is enabled (usually provided by MKL)
  - NNPACK is enabled
  - CPU capability usage: AVX512
  - CUDA Runtime 12.9
  - NVCC architecture flags: -gencode;arch=compute_50,code=sm_50;-gencode;arch=compute_60,code=sm_60;-gencode;arch=compute_70,code=sm_70;-gencode;arch=compute_75,code=sm_75;-gencode;arch=compute_80,code=sm_80;-gencode;arch=compute_86,code=sm_86;-gencode;arch=compute_90,code=sm_90;-gencode;arch=compute_100,code=sm_100;-gencode;arch=compute_120,code=sm_120;-gencode;arch=compute_120,code=compute_120
  - CuDNN 91.0.2
    - Built with CuDNN 91.0.1
  - Magma 2.9.0
  - Build settings: BLAS_INFO=mkl, BUILD_TYPE=Release, COMMIT_SHA=Unknown, CUDA_VERSION=12.9, CUDNN_VERSION=9.10.1, CXX_COMPILER=/home/conda/feedstock_root/build_artifacts/libtorch_1753846581042/_build_env/bin/x86_64-conda-linux-gnu-c++, CXX_FLAGS=-fmessage-length=0 -march=nocona -mtune=haswell -ftree-vectorize -fPIC -fstack-protector-strong -fno-plt -O2 -ffunction-sections -pipe -isystem /home/conda/feedstock_root/build_artifacts/libtorch_1753846581042/_h_env_placehold_placehold_placehold_placehold_placehold_placehold_placehold_placehold_placehold_placehold_placehold_placehold_placehold_placehold_placehold_placehold_placehold_placehold_pl/include -fdebug-prefix-map=/home/conda/feedstock_root/build_artifacts/libtorch_1753846581042/work=/usr/local/src/conda/libtorch-2.7.1 -fdebug-prefix-map=/home/conda/feedstock_root/build_artifacts/libtorch_1753846581042/_h_env_placehold_placehold_placehold_placehold_placehold_placehold_placehold_placehold_placehold_placehold_placehold_placehold_placehold_placehold_placehold_placehold_placehold_placehold_pl=/usr/local/src/conda-prefix -I/home/conda/feedstock_root/build_artifacts/libtorch_1753846581042/_h_env_placehold_placehold_placehold_placehold_placehold_placehold_placehold_placehold_placehold_placehold_placehold_placehold_placehold_placehold_placehold_placehold_placehold_placehold_pl/targets/x86_64-linux/include -I/home/conda/feedstock_root/build_artifacts/libtorch_1753846581042/_build_env/targets/x86_64-linux/include -w -Wno-deprecated-declarations -Wno-error=maybe-uninitialized -D_GLIBCXX_USE_CXX11_ABI=1 -fvisibility-inlines-hidden -DUSE_PTHREADPOOL -DNDEBUG -DUSE_KINETO -DLIBKINETO_NOROCTRACER -DLIBKINETO_NOXPUPTI=ON -DUSE_FBGEMM -DUSE_PYTORCH_QNNPACK -DUSE_XNNPACK -DSYMBOLICATE_MOBILE_DEBUG_HANDLE -O2 -fPIC -Wall -Wextra -Werror=return-type -Werror=non-virtual-dtor -Werror=range-loop-construct -Werror=bool-operation -Wnarrowing -Wno-missing-field-initializers -Wno-unknown-pragmas -Wno-unused-parameter -Wno-strict-overflow -Wno-strict-aliasing -Wno-stringop-overflow -Wsuggest-override -Wno-psabi -Wno-error=old-style-cast -fdiagnostics-color=always -faligned-new -Wno-maybe-uninitialized -fno-math-errno -fno-trapping-math -Werror=format -Wno-dangling-reference -Wno-error=dangling-reference -Wno-error=redundant-move -Wno-stringop-overflow, LAPACK_INFO=mkl, PERF_WITH_AVX=1, PERF_WITH_AVX2=1, TORCH_VERSION=2.7.1, USE_CUDA=1, USE_CUDNN=ON, USE_CUSPARSELT=OFF, USE_GFLAGS=OFF, USE_GLOG=OFF, USE_GLOO=ON, USE_MKL=ON, USE_MKLDNN=1, USE_MPI=OFF, USE_NCCL=ON, USE_NNPACK=ON, USE_OPENMP=ON, USE_ROCM=OFF, USE_ROCM_KERNEL_ASSERT=OFF, 

    TorchVision: 0.22.1
    OpenCV: 4.13.0
    MMEngine: 0.10.7

Runtime environment:
    cudnn_benchmark: True
    mp_cfg: {'mp_start_method': 'fork', 'opencv_num_threads': 0}
    dist_cfg: {'backend': 'nccl'}
    seed: 644601852
    Distributed launcher: none
    Distributed training: False
    GPU number: 1
------------------------------------------------------------

2026/06/15 19:28:04 - mmengine - INFO - Config:
DINO_CKPT = '/mnt/ht2_nas2/00-model/00-fb/mmseg_data/weights/dinov3_vitl16_pretrain_sat493m-eadcf0ff.pth'
PASTIS_ROOT = '/mnt/ht2_nas2/00-model/00-fb/mmseg_data/PASTIS-R'
auto_scale_lr = dict(base_batch_size=16, enable=False)
crop_size = (
    512,
    512,
)
custom_imports = dict(
    allow_failed_imports=False,
    imports=[
        'custom_datasets.pastis_temporal',
        'custom_models.dinov3_temporal_backbone',
    ])
data_preprocessor = dict(
    bgr_to_rgb=False,
    mean=None,
    pad_val=0,
    seg_pad_val=255,
    size=(
        256,
        256,
    ),
    std=None,
    test_cfg=dict(size_divisor=32),
    type='SegDataPreProcessor')
data_root = 'data/ade/ADEChallengeData2016'
dataset_type = 'ADE20KDataset'
default_hooks = dict(
    checkpoint=dict(
        by_epoch=False,
        interval=2000,
        max_keep_ckpts=3,
        save_best='mIoU',
        type='CheckpointHook'),
    logger=dict(interval=50, log_metric_by_epoch=False, type='LoggerHook'),
    param_scheduler=dict(type='ParamSchedulerHook'),
    sampler_seed=dict(type='DistSamplerSeedHook'),
    timer=dict(type='IterTimerHook'),
    visualization=dict(type='SegVisualizationHook'))
default_scope = 'mmseg'
embed_multi = dict(decay_mult=0.0, lr_mult=1.0)
env_cfg = dict(
    cudnn_benchmark=True,
    dist_cfg=dict(backend='nccl'),
    mp_cfg=dict(mp_start_method='fork', opencv_num_threads=0))
img_ratios = [
    0.5,
    0.75,
    1.0,
    1.25,
    1.5,
    1.75,
]
img_size = 256
in_bands = 10
launcher = 'none'
load_from = None
log_level = 'INFO'
log_processor = dict(by_epoch=False)
model = dict(
    backbone=dict(
        arch='vit_large',
        checkpoint=
        '/mnt/ht2_nas2/00-model/00-fb/mmseg_data/weights/dinov3_vitl16_pretrain_sat493m-eadcf0ff.pth',
        freeze_backbone=False,
        in_bands=10,
        interaction_indexes=[
            5,
            11,
            17,
            23,
        ],
        n_frames=12,
        patch_size=16,
        type='DINOv3TemporalBackbone'),
    data_preprocessor=dict(
        bgr_to_rgb=False,
        mean=None,
        pad_val=0,
        seg_pad_val=255,
        size=(
            256,
            256,
        ),
        std=None,
        test_cfg=dict(size_divisor=32),
        type='SegDataPreProcessor'),
    decode_head=dict(
        align_corners=False,
        enforce_decoder_input_project=False,
        feat_channels=256,
        in_channels=[
            1024,
            1024,
            1024,
            1024,
        ],
        loss_cls=dict(
            class_weight=[
                1.0,
                1.0,
                1.0,
                1.0,
                1.0,
                1.0,
                1.0,
                1.0,
                1.0,
                1.0,
                1.0,
                1.0,
                1.0,
                1.0,
                1.0,
                1.0,
                1.0,
                1.0,
                1.0,
                0.1,
            ],
            loss_weight=2.0,
            reduction='mean',
            type='mmdet.CrossEntropyLoss',
            use_sigmoid=False),
        loss_dice=dict(
            activate=True,
            eps=1.0,
            loss_weight=5.0,
            naive_dice=True,
            reduction='mean',
            type='mmdet.DiceLoss',
            use_sigmoid=True),
        loss_mask=dict(
            loss_weight=5.0,
            reduction='mean',
            type='mmdet.CrossEntropyLoss',
            use_sigmoid=True),
        num_classes=19,
        num_queries=100,
        num_transformer_feat_level=3,
        out_channels=256,
        pixel_decoder=dict(
            act_cfg=dict(type='ReLU'),
            encoder=dict(
                init_cfg=None,
                layer_cfg=dict(
                    ffn_cfg=dict(
                        act_cfg=dict(inplace=True, type='ReLU'),
                        embed_dims=256,
                        feedforward_channels=1024,
                        ffn_drop=0.0,
                        num_fcs=2),
                    self_attn_cfg=dict(
                        batch_first=True,
                        dropout=0.0,
                        embed_dims=256,
                        im2col_step=64,
                        init_cfg=None,
                        norm_cfg=None,
                        num_heads=8,
                        num_levels=3,
                        num_points=4)),
                num_layers=6),
            init_cfg=None,
            norm_cfg=dict(num_groups=32, type='GN'),
            num_outs=3,
            positional_encoding=dict(normalize=True, num_feats=128),
            type='mmdet.MSDeformAttnPixelDecoder'),
        positional_encoding=dict(normalize=True, num_feats=128),
        strides=[
            4,
            8,
            16,
            32,
        ],
        train_cfg=dict(
            assigner=dict(
                match_costs=[
                    dict(type='mmdet.ClassificationCost', weight=2.0),
                    dict(
                        type='mmdet.CrossEntropyLossCost',
                        use_sigmoid=True,
                        weight=5.0),
                    dict(
                        eps=1.0,
                        pred_act=True,
                        type='mmdet.DiceCost',
                        weight=5.0),
                ],
                type='mmdet.HungarianAssigner'),
            importance_sample_ratio=0.75,
            num_points=12544,
            oversample_ratio=3.0,
            sampler=dict(type='mmdet.MaskPseudoSampler')),
        transformer_decoder=dict(
            init_cfg=None,
            layer_cfg=dict(
                cross_attn_cfg=dict(
                    attn_drop=0.0,
                    batch_first=True,
                    dropout_layer=None,
                    embed_dims=256,
                    num_heads=8,
                    proj_drop=0.0),
                ffn_cfg=dict(
                    act_cfg=dict(inplace=True, type='ReLU'),
                    add_identity=True,
                    dropout_layer=None,
                    embed_dims=256,
                    feedforward_channels=2048,
                    ffn_drop=0.0,
                    num_fcs=2),
                self_attn_cfg=dict(
                    attn_drop=0.0,
                    batch_first=True,
                    dropout_layer=None,
                    embed_dims=256,
                    num_heads=8,
                    proj_drop=0.0)),
            num_layers=9,
            return_intermediate=True),
        type='Mask2FormerHead'),
    test_cfg=dict(mode='whole'),
    train_cfg=dict(),
    type='EncoderDecoder')
n_frames = 12
num_classes = 19
optim_wrapper = dict(
    clip_grad=dict(max_norm=0.01, norm_type=2),
    optimizer=dict(
        betas=(
            0.9,
            0.999,
        ),
        eps=1e-08,
        lr=0.0001,
        type='AdamW',
        weight_decay=0.05),
    paramwise_cfg=dict(
        custom_keys=dict({
            'backbone.adapter.backbone':
            dict(decay_mult=1.0, lr_mult=0.05),
            'backbone.adapter.backbone.patch_embed':
            dict(decay_mult=1.0, lr_mult=1.0),
            'backbone.adapter.spm.stem':
            dict(decay_mult=1.0, lr_mult=1.0),
            'level_embed':
            dict(decay_mult=0.0, lr_mult=1.0),
            'query_embed':
            dict(decay_mult=0.0, lr_mult=1.0),
            'query_feat':
            dict(decay_mult=0.0, lr_mult=1.0)
        }),
        norm_decay_mult=0.0),
    type='OptimWrapper')
optimizer = dict(
    betas=(
        0.9,
        0.999,
    ),
    eps=1e-08,
    lr=0.0001,
    type='AdamW',
    weight_decay=0.05)
param_scheduler = [
    dict(
        begin=0, by_epoch=False, end=1500, start_factor=0.001,
        type='LinearLR'),
    dict(
        begin=1500,
        by_epoch=False,
        end=20000,
        eta_min=0,
        power=0.9,
        type='PolyLR'),
]
resume = False
test_cfg = dict(type='TestLoop')
test_dataloader = dict(
    batch_size=4,
    dataset=dict(
        data_root='/mnt/ht2_nas2/00-model/00-fb/mmseg_data/PASTIS-R',
        pipeline=[
            dict(
                img_size=256, num_classes=19, type='LoadPASTISRasterTemporal'),
            dict(type='PackSegInputs'),
        ],
        split='val',
        type='PASTISRasterTemporalDataset'),
    num_workers=4,
    persistent_workers=True,
    sampler=dict(shuffle=False, type='DefaultSampler'))
test_evaluator = dict(
    iou_metrics=[
        'mIoU',
    ], type='IoUMetric')
test_pipeline = [
    dict(type='LoadImageFromFile'),
    dict(keep_ratio=True, scale=(
        2048,
        512,
    ), type='Resize'),
    dict(reduce_zero_label=True, type='LoadAnnotations'),
    dict(type='PackSegInputs'),
]
total_channels = 120
train_cfg = dict(max_iters=20000, type='IterBasedTrainLoop', val_interval=1000)
train_dataloader = dict(
    batch_size=4,
    dataset=dict(
        data_root='/mnt/ht2_nas2/00-model/00-fb/mmseg_data/PASTIS-R',
        pipeline=[
            dict(
                img_size=256, num_classes=19, type='LoadPASTISRasterTemporal'),
            dict(
                direction=[
                    'horizontal',
                    'vertical',
                ],
                prob=0.5,
                type='RandomFlip'),
            dict(prob=0.75, type='PASTISRandomRotate90'),
            dict(type='PackSegInputs'),
        ],
        split='train',
        type='PASTISRasterTemporalDataset'),
    num_workers=4,
    persistent_workers=True,
    sampler=dict(shuffle=True, type='InfiniteSampler'))
train_pipeline = [
    dict(img_size=256, num_classes=19, type='LoadPASTISRasterTemporal'),
    dict(direction=[
        'horizontal',
        'vertical',
    ], prob=0.5, type='RandomFlip'),
    dict(prob=0.75, type='PASTISRandomRotate90'),
    dict(type='PackSegInputs'),
]
tta_model = dict(type='SegTTAModel')
tta_pipeline = [
    dict(backend_args=None, type='LoadImageFromFile'),
    dict(
        transforms=[
            [
                dict(keep_ratio=True, scale_factor=0.5, type='Resize'),
                dict(keep_ratio=True, scale_factor=0.75, type='Resize'),
                dict(keep_ratio=True, scale_factor=1.0, type='Resize'),
                dict(keep_ratio=True, scale_factor=1.25, type='Resize'),
                dict(keep_ratio=True, scale_factor=1.5, type='Resize'),
                dict(keep_ratio=True, scale_factor=1.75, type='Resize'),
            ],
            [
                dict(direction='horizontal', prob=0.0, type='RandomFlip'),
                dict(direction='horizontal', prob=1.0, type='RandomFlip'),
            ],
            [
                dict(type='LoadAnnotations'),
            ],
            [
                dict(type='PackSegInputs'),
            ],
        ],
        type='TestTimeAug'),
]
val_cfg = dict(type='ValLoop')
val_dataloader = dict(
    batch_size=4,
    dataset=dict(
        data_root='/mnt/ht2_nas2/00-model/00-fb/mmseg_data/PASTIS-R',
        pipeline=[
            dict(
                img_size=256, num_classes=19, type='LoadPASTISRasterTemporal'),
            dict(type='PackSegInputs'),
        ],
        split='val',
        type='PASTISRasterTemporalDataset'),
    num_workers=4,
    persistent_workers=True,
    sampler=dict(shuffle=False, type='DefaultSampler'))
val_evaluator = dict(
    iou_metrics=[
        'mIoU',
    ], type='IoUMetric')
val_pipeline = [
    dict(img_size=256, num_classes=19, type='LoadPASTISRasterTemporal'),
    dict(type='PackSegInputs'),
]
vis_backends = [
    dict(type='LocalVisBackend'),
]
visualizer = dict(
    name='visualizer',
    type='SegLocalVisualizer',
    vis_backends=[
        dict(type='LocalVisBackend'),
    ])
work_dir = './work_dirs/dinov3l_m2f_pastis_temporal_v1'

2026/06/15 19:28:09 - mmengine - INFO - Distributed training is not used, all SyncBatchNorm (SyncBN) layers in the model will be automatically reverted to BatchNormXd layers if they are used.
2026/06/15 19:28:09 - mmengine - INFO - Hooks will be executed in the following order:
before_run:
(VERY_HIGH   ) RuntimeInfoHook                    
(BELOW_NORMAL) LoggerHook                         
 -------------------- 
before_train:
(VERY_HIGH   ) RuntimeInfoHook                    
(NORMAL      ) IterTimerHook                      
(VERY_LOW    ) CheckpointHook                     
 -------------------- 
before_train_epoch:
(VERY_HIGH   ) RuntimeInfoHook                    
(NORMAL      ) IterTimerHook                      
(NORMAL      ) DistSamplerSeedHook                
 -------------------- 
before_train_iter:
(VERY_HIGH   ) RuntimeInfoHook                    
(NORMAL      ) IterTimerHook                      
 -------------------- 
after_train_iter:
(VERY_HIGH   ) RuntimeInfoHook                    
(NORMAL      ) IterTimerHook                      
(BELOW_NORMAL) LoggerHook                         
(LOW         ) ParamSchedulerHook                 
(VERY_LOW    ) CheckpointHook                     
 -------------------- 
after_train_epoch:
(NORMAL      ) IterTimerHook                      
(LOW         ) ParamSchedulerHook                 
(VERY_LOW    ) CheckpointHook                     
 -------------------- 
before_val:
(VERY_HIGH   ) RuntimeInfoHook                    
 -------------------- 
before_val_epoch:
(NORMAL      ) IterTimerHook                      
 -------------------- 
before_val_iter:
(NORMAL      ) IterTimerHook                      
 -------------------- 
after_val_iter:
(NORMAL      ) IterTimerHook                      
(NORMAL      ) SegVisualizationHook               
(BELOW_NORMAL) LoggerHook                         
 -------------------- 
after_val_epoch:
(VERY_HIGH   ) RuntimeInfoHook                    
(NORMAL      ) IterTimerHook                      
(BELOW_NORMAL) LoggerHook                         
(LOW         ) ParamSchedulerHook                 
(VERY_LOW    ) CheckpointHook                     
 -------------------- 
after_val:
(VERY_HIGH   ) RuntimeInfoHook                    
 -------------------- 
after_train:
(VERY_HIGH   ) RuntimeInfoHook                    
(VERY_LOW    ) CheckpointHook                     
 -------------------- 
before_test:
(VERY_HIGH   ) RuntimeInfoHook                    
 -------------------- 
before_test_epoch:
(NORMAL      ) IterTimerHook                      
 -------------------- 
before_test_iter:
(NORMAL      ) IterTimerHook                      
 -------------------- 
after_test_iter:
(NORMAL      ) IterTimerHook                      
(NORMAL      ) SegVisualizationHook               
(BELOW_NORMAL) LoggerHook                         
 -------------------- 
after_test_epoch:
(VERY_HIGH   ) RuntimeInfoHook                    
(NORMAL      ) IterTimerHook                      
(BELOW_NORMAL) LoggerHook                         
 -------------------- 
after_test:
(VERY_HIGH   ) RuntimeInfoHook                    
 -------------------- 
after_run:
(BELOW_NORMAL) LoggerHook                         
 -------------------- 
2026/06/15 19:28:14 - mmengine - INFO - paramwise_options -- backbone.adapter.level_embed:lr=0.0001
2026/06/15 19:28:14 - mmengine - INFO - paramwise_options -- backbone.adapter.level_embed:weight_decay=0.0
2026/06/15 19:28:14 - mmengine - INFO - paramwise_options -- backbone.adapter.level_embed:lr_mult=1.0
2026/06/15 19:28:14 - mmengine - INFO - paramwise_options -- backbone.adapter.level_embed:decay_mult=0.0
2026/06/15 19:28:14 - mmengine - INFO - paramwise_options -- backbone.adapter.backbone.cls_token:lr=5e-06
2026/06/15 19:28:14 - mmengine - INFO - paramwise_options -- backbone.adapter.backbone.cls_token:weight_decay=0.05
2026/06/15 19:28:14 - mmengine - INFO - paramwise_options -- backbone.adapter.backbone.cls_token:lr_mult=0.05
2026/06/15 19:28:14 - mmengine - INFO - paramwise_options -- backbone.adapter.backbone.cls_token:decay_mult=1.0
2026/06/15 19:28:14 - mmengine - INFO - paramwise_options -- backbone.adapter.backbone.mask_token:lr=5e-06
2026/06/15 19:28:14 - mmengine - INFO - paramwise_options -- backbone.adapter.backbone.mask_token:weight_decay=0.05
2026/06/15 19:28:14 - mmengine - INFO - paramwise_options -- backbone.adapter.backbone.mask_token:lr_mult=0.05
2026/06/15 19:28:14 - mmengine - INFO - paramwise_options -- backbone.adapter.backbone.mask_token:decay_mult=1.0
2026/06/15 19:28:14 - mmengine - INFO - paramwise_options -- backbone.adapter.backbone.patch_embed.proj.weight:lr=0.0001
2026/06/15 19:28:14 - mmengine - INFO - paramwise_options -- backbone.adapter.backbone.patch_embed.proj.weight:weight_decay=0.05
2026/06/15 19:28:14 - mmengine - INFO - paramwise_options -- backbone.adapter.backbone.patch_embed.proj.weight:lr_mult=1.0
2026/06/15 19:28:14 - mmengine - INFO - paramwise_options -- backbone.adapter.backbone.patch_embed.proj.weight:decay_mult=1.0
2026/06/15 19:28:14 - mmengine - INFO - paramwise_options -- backbone.adapter.backbone.patch_embed.proj.bias:lr=0.0001
2026/06/15 19:28:14 - mmengine - INFO - paramwise_options -- backbone.adapter.backbone.patch_embed.proj.bias:weight_decay=0.05
2026/06/15 19:28:14 - mmengine - INFO - paramwise_options -- backbone.adapter.backbone.patch_embed.proj.bias:lr_mult=1.0
2026/06/15 19:28:14 - mmengine - INFO - paramwise_options -- backbone.adapter.backbone.patch_embed.proj.bias:decay_mult=1.0
2026/06/15 19:28:14 - mmengine - INFO - paramwise_options -- backbone.adapter.backbone.blocks.0.norm1.weight:lr=5e-06
2026/06/15 19:28:14 - mmengine - INFO - paramwise_options -- backbone.adapter.backbone.blocks.0.norm1.weight:weight_decay=0.05
2026/06/15 19:28:14 - mmengine - INFO - paramwise_options -- backbone.adapter.backbone.blocks.0.norm1.weight:lr_mult=0.05
2026/06/15 19:28:14 - mmengine - INFO - paramwise_options -- backbone.adapter.backbone.blocks.0.norm1.weight:decay_mult=1.0
2026/06/15 19:28:14 - mmengine - INFO - paramwise_options -- backbone.adapter.backbone.blocks.0.norm1.bias:lr=5e-06
2026/06/15 19:28:14 - mmengine - INFO - paramwise_options -- backbone.adapter.backbone.blocks.0.norm1.bias:weight_decay=0.05
2026/06/15 19:28:14 - mmengine - INFO - paramwise_options -- backbone.adapter.backbone.blocks.0.norm1.bias:lr_mult=0.05
2026/06/15 19:28:14 - mmengine - INFO - paramwise_options -- backbone.adapter.backbone.blocks.0.norm1.bias:decay_mult=1.0
2026/06/15 19:28:14 - mmengine - INFO - paramwise_options -- backbone.adapter.backbone.blocks.0.attn.qkv.weight:lr=5e-06
2026/06/15 19:28:14 - mmengine - INFO - paramwise_options -- backbone.adapter.backbone.blocks.0.attn.qkv.weight:weight_decay=0.05
2026/06/15 19:28:14 - mmengine - INFO - paramwise_options -- backbone.adapter.backbone.blocks.0.attn.qkv.weight:lr_mult=0.05
2026/06/15 19:28:14 - mmengine - INFO - paramwise_options -- backbone.adapter.backbone.blocks.0.attn.qkv.weight:decay_mult=1.0
2026/06/15 19:28:14 - mmengine - INFO - paramwise_options -- backbone.adapter.backbone.blocks.0.attn.qkv.bias:lr=5e-06
2026/06/15 19:28:14 - mmengine - INFO - paramwise_options -- backbone.adapter.backbone.blocks.0.attn.qkv.bias:weight_decay=0.05
2026/06/15 19:28:14 - mmengine - INFO - paramwise_options -- backbone.adapter.backbone.blocks.0.attn.qkv.bias:lr_mult=0.05
2026/06/15 19:28:14 - mmengine - INFO - paramwise_options -- backbone.adapter.backbone.blocks.0.attn.qkv.bias:decay_mult=1.0
2026/06/15 19:28:14 - mmengine - INFO - paramwise_options -- backbone.adapter.backbone.blocks.0.attn.proj.weight:lr=5e-06
2026/06/15 19:28:14 - mmengine - INFO - paramwise_options -- backbone.adapter.backbone.blocks.0.attn.proj.weight:weight_decay=0.05
2026/06/15 19:28:14 - mmengine - INFO - paramwise_options -- backbone.adapter.backbone.blocks.0.attn.proj.weight:lr_mult=0.05
2026/06/15 19:28:14 - mmengine - INFO - paramwise_options -- backbone.adapter.backbone.blocks.0.attn.proj.weight:decay_mult=1.0
2026/06/15 19:28:14 - mmengine - INFO - paramwise_options -- backbone.adapter.backbone.blocks.0.attn.proj.bias:lr=5e-06
2026/06/15 19:28:14 - mmengine - INFO - paramwise_options -- backbone.adapter.backbone.blocks.0.attn.proj.bias:weight_decay=0.05
2026/06/15 19:28:14 - mmengine - INFO - paramwise_options -- backbone.adapter.backbone.blocks.0.attn.proj.bias:lr_mult=0.05
2026/06/15 19:28:14 - mmengine - INFO - paramwise_options -- backbone.adapter.backbone.blocks.0.attn.proj.bias:decay_mult=1.0
2026/06/15 19:28:14 - mmengine - INFO - paramwise_options -- backbone.adapter.backbone.blocks.0.ls1.gamma:lr=5e-06
2026/06/15 19:28:14 - mmengine - INFO - paramwise_options -- backbone.adapter.backbone.blocks.0.ls1.gamma:weight_decay=0.05
2026/06/15 19:28:14 - mmengine - INFO - paramwise_options -- backbone.adapter.backbone.blocks.0.ls1.gamma:lr_mult=0.05
2026/06/15 19:28:14 - mmengine - INFO - paramwise_options -- backbone.adapter.backbone.blocks.0.ls1.gamma:decay_mult=1.0
2026/06/15 19:28:14 - mmengine - INFO - paramwise_options -- backbone.adapter.backbone.blocks.0.norm2.weight:lr=5e-06
2026/06/15 19:28:14 - mmengine - INFO - paramwise_options -- backbone.adapter.backbone.blocks.0.norm2.weight:weight_decay=0.05
2026/06/15 19:28:14 - mmengine - INFO - paramwise_options -- backbone.adapter.backbone.blocks.0.norm2.weight:lr_mult=0.05
2026/06/15 19:28:14 - mmengine - INFO - paramwise_options -- backbone.adapter.backbone.blocks.0.norm2.weight:decay_mult=1.0
2026/06/15 19:28:14 - mmengine - INFO - paramwise_options -- backbone.adapter.backbone.blocks.0.norm2.bias:lr=5e-06
2026/06/15 19:28:14 - mmengine - INFO - paramwise_options -- backbone.adapter.backbone.blocks.0.norm2.bias:weight_decay=0.05
2026/06/15 19:28:14 - mmengine - INFO - paramwise_options -- backbone.adapter.backbone.blocks.0.norm2.bias:lr_mult=0.05
2026/06/15 19:28:14 - mmengine - INFO - paramwise_options -- backbone.adapter.backbone.blocks.0.norm2.bias:decay_mult=1.0
2026/06/15 19:28:14 - mmengine - INFO - paramwise_options -- backbone.adapter.backbone.blocks.0.mlp.fc1.weight:lr=5e-06
2026/06/15 19:28:14 - mmengine - INFO - paramwise_options -- backbone.adapter.backbone.blocks.0.mlp.fc1.weight:weight_decay=0.05
2026/06/15 19:28:14 - mmengine - INFO - paramwise_options -- backbone.adapter.backbone.blocks.0.mlp.fc1.weight:lr_mult=0.05
2026/06/15 19:28:14 - mmengine - INFO - paramwise_options -- backbone.adapter.backbone.blocks.0.mlp.fc1.weight:decay_mult=1.0
2026/06/15 19:28:14 - mmengine - INFO - paramwise_options -- backbone.adapter.backbone.blocks.0.mlp.fc1.bias:lr=5e-06
2026/06/15 19:28:14 - mmengine - INFO - paramwise_options -- backbone.adapter.backbone.blocks.0.mlp.fc1.bias:weight_decay=0.05
2026/06/15 19:28:14 - mmengine - INFO - paramwise_options -- backbone.adapter.backbone.blocks.0.mlp.fc1.bias:lr_mult=0.05
2026/06/15 19:28:14 - mmengine - INFO - paramwise_options -- backbone.adapter.backbone.blocks.0.mlp.fc1.bias:decay_mult=1.0
2026/06/15 19:28:14 - mmengine - INFO - paramwise_options -- backbone.adapter.backbone.blocks.0.mlp.fc2.weight:lr=5e-06
2026/06/15 19:28:14 - mmengine - INFO - paramwise_options -- backbone.adapter.backbone.blocks.0.mlp.fc2.weight:weight_decay=0.05
2026/06/15 19:28:14 - mmengine - INFO - paramwise_options -- backbone.adapter.backbone.blocks.0.mlp.fc2.weight:lr_mult=0.05
2026/06/15 19:28:14 - mmengine - INFO - paramwise_options -- backbone.adapter.backbone.blocks.0.mlp.fc2.weight:decay_mult=1.0
2026/06/15 19:28:14 - mmengine - INFO - paramwise_options -- backbone.adapter.backbone.blocks.0.mlp.fc2.bias:lr=5e-06
2026/06/15 19:28:14 - mmengine - INFO - paramwise_options -- backbone.adapter.backbone.blocks.0.mlp.fc2.bias:weight_decay=0.05
2026/06/15 19:28:14 - mmengine - INFO - paramwise_options -- backbone.adapter.backbone.blocks.0.mlp.fc2.bias:lr_mult=0.05
2026/06/15 19:28:14 - mmengine - INFO - paramwise_options -- backbone.adapter.backbone.blocks.0.mlp.fc2.bias:decay_mult=1.0
2026/06/15 19:28:14 - mmengine - INFO - paramwise_options -- backbone.adapter.backbone.blocks.0.ls2.gamma:lr=5e-06
2026/06/15 19:28:14 - mmengine - INFO - paramwise_options -- backbone.adapter.backbone.blocks.0.ls2.gamma:weight_decay=0.05
2026/06/15 19:28:14 - mmengine - INFO - paramwise_options -- backbone.adapter.backbone.blocks.0.ls2.gamma:lr_mult=0.05
2026/06/15 19:28:14 - mmengine - INFO - paramwise_options -- backbone.adapter.backbone.blocks.0.ls2.gamma:decay_mult=1.0
2026/06/15 19:28:14 - mmengine - INFO - paramwise_options -- backbone.adapter.backbone.blocks.1.norm1.weight:lr=5e-06
2026/06/15 19:28:14 - mmengine - INFO - paramwise_options -- backbone.adapter.backbone.blocks.1.norm1.weight:weight_decay=0.05
2026/06/15 19:28:14 - mmengine - INFO - paramwise_options -- backbone.adapter.backbone.blocks.1.norm1.weight:lr_mult=0.05
2026/06/15 19:28:14 - mmengine - INFO - paramwise_options -- backbone.adapter.backbone.blocks.1.norm1.weight:decay_mult=1.0
2026/06/15 19:28:14 - mmengine - INFO - paramwise_options -- backbone.adapter.backbone.blocks.1.norm1.bias:lr=5e-06
2026/06/15 19:28:14 - mmengine - INFO - paramwise_options -- backbone.adapter.backbone.blocks.1.norm1.bias:weight_decay=0.05
2026/06/15 19:28:14 - mmengine - INFO - paramwise_options -- backbone.adapter.backbone.blocks.1.norm1.bias:lr_mult=0.05
2026/06/15 19:28:14 - mmengine - INFO - paramwise_options -- backbone.adapter.backbone.blocks.1.norm1.bias:decay_mult=1.0
2026/06/15 19:28:14 - mmengine - INFO - paramwise_options -- backbone.adapter.backbone.blocks.1.attn.qkv.weight:lr=5e-06
2026/06/15 19:28:14 - mmengine - INFO - paramwise_options -- backbone.adapter.backbone.blocks.1.attn.qkv.weight:weight_decay=0.05
2026/06/15 19:28:14 - mmengine - INFO - paramwise_options -- backbone.adapter.backbone.blocks.1.attn.qkv.weight:lr_mult=0.05
2026/06/15 19:28:14 - mmengine - INFO - paramwise_options -- backbone.adapter.backbone.blocks.1.attn.qkv.weight:decay_mult=1.0
2026/06/15 19:28:14 - mmengine - INFO - paramwise_options -- backbone.adapter.backbone.blocks.1.attn.qkv.bias:lr=5e-06
2026/06/15 19:28:14 - mmengine - INFO - paramwise_options -- backbone.adapter.backbone.blocks.1.attn.qkv.bias:weight_decay=0.05
2026/06/15 19:28:14 - mmengine - INFO - paramwise_options -- backbone.adapter.backbone.blocks.1.attn.qkv.bias:lr_mult=0.05
2026/06/15 19:28:14 - mmengine - INFO - paramwise_options -- backbone.adapter.backbone.blocks.1.attn.qkv.bias:decay_mult=1.0
2026/06/15 19:28:14 - mmengine - INFO - paramwise_options -- backbone.adapter.backbone.blocks.1.attn.proj.weight:lr=5e-06
2026/06/15 19:28:14 - mmengine - INFO - paramwise_options -- backbone.adapter.backbone.blocks.1.attn.proj.weight:weight_decay=0.05
2026/06/15 19:28:14 - mmengine - INFO - paramwise_options -- backbone.adapter.backbone.blocks.1.attn.proj.weight:lr_mult=0.05
2026/06/15 19:28:14 - mmengine - INFO - paramwise_options -- backbone.adapter.backbone.blocks.1.attn.proj.weight:decay_mult=1.0
2026/06/15 19:28:14 - mmengine - INFO - paramwise_options -- backbone.adapter.backbone.blocks.1.attn.proj.bias:lr=5e-06
2026/06/15 19:28:14 - mmengine - INFO - paramwise_options -- backbone.adapter.backbone.blocks.1.attn.proj.bias:weight_decay=0.05
2026/06/15 19:28:14 - mmengine - INFO - paramwise_options -- backbone.adapter.backbone.blocks.1.attn.proj.bias:lr_mult=0.05
2026/06/15 19:28:14 - mmengine - INFO - paramwise_options -- backbone.adapter.backbone.blocks.1.attn.proj.bias:decay_mult=1.0
2026/06/15 19:28:14 - mmengine - INFO - paramwise_options -- backbone.adapter.backbone.blocks.1.ls1.gamma:lr=5e-06
2026/06/15 19:28:14 - mmengine - INFO - paramwise_options -- backbone.adapter.backbone.blocks.1.ls1.gamma:weight_decay=0.05
2026/06/15 19:28:14 - mmengine - INFO - paramwise_options -- backbone.adapter.backbone.blocks.1.ls1.gamma:lr_mult=0.05
2026/06/15 19:28:14 - mmengine - INFO - paramwise_options -- backbone.adapter.backbone.blocks.1.ls1.gamma:decay_mult=1.0
2026/06/15 19:28:14 - mmengine - INFO - paramwise_options -- backbone.adapter.backbone.blocks.1.norm2.weight:lr=5e-06
2026/06/15 19:28:14 - mmengine - INFO - paramwise_options -- backbone.adapter.backbone.blocks.1.norm2.weight:weight_decay=0.05
2026/06/15 19:28:14 - mmengine - INFO - paramwise_options -- backbone.adapter.backbone.blocks.1.norm2.weight:lr_mult=0.05
2026/06/15 19:28:14 - mmengine - INFO - paramwise_options -- backbone.adapter.backbone.blocks.1.norm2.weight:decay_mult=1.0
2026/06/15 19:28:14 - mmengine - INFO - paramwise_options -- backbone.adapter.backbone.blocks.1.norm2.bias:lr=5e-06
2026/06/15 19:28:14 - mmengine - INFO - paramwise_options -- backbone.adapter.backbone.blocks.1.norm2.bias:weight_decay=0.05
2026/06/15 19:28:14 - mmengine - INFO - paramwise_options -- backbone.adapter.backbone.blocks.1.norm2.bias:lr_mult=0.05
2026/06/15 19:28:14 - mmengine - INFO - paramwise_options -- backbone.adapter.backbone.blocks.1.norm2.bias:decay_mult=1.0
2026/06/15 19:28:14 - mmengine - INFO - paramwise_options -- backbone.adapter.backbone.blocks.1.mlp.fc1.weight:lr=5e-06
2026/06/15 19:28:14 - mmengine - INFO - paramwise_options -- backbone.adapter.backbone.blocks.1.mlp.fc1.weight:weight_decay=0.05
2026/06/15 19:28:14 - mmengine - INFO - paramwise_options -- backbone.adapter.backbone.blocks.1.mlp.fc1.weight:lr_mult=0.05
2026/06/15 19:28:14 - mmengine - INFO - paramwise_options -- backbone.adapter.backbone.blocks.1.mlp.fc1.weight:decay_mult=1.0
2026/06/15 19:28:14 - mmengine - INFO - paramwise_options -- backbone.adapter.backbone.blocks.1.mlp.fc1.bias:lr=5e-06
2026/06/15 19:28:14 - mmengine - INFO - paramwise_options -- backbone.adapter.backbone.blocks.1.mlp.fc1.bias:weight_decay=0.05
2026/06/15 19:28:14 - mmengine - INFO - paramwise_options -- backbone.adapter.backbone.blocks.1.mlp.fc1.bias:lr_mult=0.05
2026/06/15 19:28:14 - mmengine - INFO - paramwise_options -- backbone.adapter.backbone.blocks.1.mlp.fc1.bias:decay_mult=1.0
2026/06/15 19:28:14 - mmengine - INFO - paramwise_options -- backbone.adapter.backbone.blocks.1.mlp.fc2.weight:lr=5e-06
2026/06/15 19:28:14 - mmengine - INFO - paramwise_options -- backbone.adapter.backbone.blocks.1.mlp.fc2.weight:weight_decay=0.05
2026/06/15 19:28:14 - mmengine - INFO - paramwise_options -- backbone.adapter.backbone.blocks.1.mlp.fc2.weight:lr_mult=0.05
2026/06/15 19:28:14 - mmengine - INFO - paramwise_options -- backbone.adapter.backbone.blocks.1.mlp.fc2.weight:decay_mult=1.0
2026/06/15 19:28:14 - mmengine - INFO - paramwise_options -- backbone.adapter.backbone.blocks.1.mlp.fc2.bias:lr=5e-06
2026/06/15 19:28:14 - mmengine - INFO - paramwise_options -- backbone.adapter.backbone.blocks.1.mlp.fc2.bias:weight_decay=0.05
2026/06/15 19:28:14 - mmengine - INFO - paramwise_options -- backbone.adapter.backbone.blocks.1.mlp.fc2.bias:lr_mult=0.05
2026/06/15 19:28:14 - mmengine - INFO - paramwise_options -- backbone.adapter.backbone.blocks.1.mlp.fc2.bias:decay_mult=1.0
2026/06/15 19:28:14 - mmengine - INFO - paramwise_options -- backbone.adapter.backbone.blocks.1.ls2.gamma:lr=5e-06
2026/06/15 19:28:14 - mmengine - INFO - paramwise_options -- backbone.adapter.backbone.blocks.1.ls2.gamma:weight_decay=0.05
2026/06/15 19:28:14 - mmengine - INFO - paramwise_options -- backbone.adapter.backbone.blocks.1.ls2.gamma:lr_mult=0.05
2026/06/15 19:28:14 - mmengine - INFO - paramwise_options -- backbone.adapter.backbone.blocks.1.ls2.gamma:decay_mult=1.0
2026/06/15 19:28:14 - mmengine - INFO - paramwise_options -- backbone.adapter.backbone.blocks.2.norm1.weight:lr=5e-06
2026/06/15 19:28:14 - mmengine - INFO - paramwise_options -- backbone.adapter.backbone.blocks.2.norm1.weight:weight_decay=0.05
2026/06/15 19:28:14 - mmengine - INFO - paramwise_options -- backbone.adapter.backbone.blocks.2.norm1.weight:lr_mult=0.05
2026/06/15 19:28:14 - mmengine - INFO - paramwise_options -- backbone.adapter.backbone.blocks.2.norm1.weight:decay_mult=1.0
2026/06/15 19:28:14 - mmengine - INFO - paramwise_options -- backbone.adapter.backbone.blocks.2.norm1.bias:lr=5e-06
2026/06/15 19:28:14 - mmengine - INFO - paramwise_options -- backbone.adapter.backbone.blocks.2.norm1.bias:weight_decay=0.05
2026/06/15 19:28:14 - mmengine - INFO - paramwise_options -- backbone.adapter.backbone.blocks.2.norm1.bias:lr_mult=0.05
2026/06/15 19:28:14 - mmengine - INFO - paramwise_options -- backbone.adapter.backbone.blocks.2.norm1.bias:decay_mult=1.0
2026/06/15 19:28:14 - mmengine - INFO - paramwise_options -- backbone.adapter.backbone.blocks.2.attn.qkv.weight:lr=5e-06
2026/06/15 19:28:14 - mmengine - INFO - paramwise_options -- backbone.adapter.backbone.blocks.2.attn.qkv.weight:weight_decay=0.05
2026/06/15 19:28:14 - mmengine - INFO - paramwise_options -- backbone.adapter.backbone.blocks.2.attn.qkv.weight:lr_mult=0.05
2026/06/15 19:28:14 - mmengine - INFO - paramwise_options -- backbone.adapter.backbone.blocks.2.attn.qkv.weight:decay_mult=1.0
2026/06/15 19:28:14 - mmengine - INFO - paramwise_options -- backbone.adapter.backbone.blocks.2.attn.qkv.bias:lr=5e-06
2026/06/15 19:28:14 - mmengine - INFO - paramwise_options -- backbone.adapter.backbone.blocks.2.attn.qkv.bias:weight_decay=0.05
2026/06/15 19:28:14 - mmengine - INFO - paramwise_options -- backbone.adapter.backbone.blocks.2.attn.qkv.bias:lr_mult=0.05
2026/06/15 19:28:14 - mmengine - INFO - paramwise_options -- backbone.adapter.backbone.blocks.2.attn.qkv.bias:decay_mult=1.0
2026/06/15 19:28:14 - mmengine - INFO - paramwise_options -- backbone.adapter.backbone.blocks.2.attn.proj.weight:lr=5e-06
2026/06/15 19:28:14 - mmengine - INFO - paramwise_options -- backbone.adapter.backbone.blocks.2.attn.proj.weight:weight_decay=0.05
2026/06/15 19:28:14 - mmengine - INFO - paramwise_options -- backbone.adapter.backbone.blocks.2.attn.proj.weight:lr_mult=0.05
2026/06/15 19:28:14 - mmengine - INFO - paramwise_options -- backbone.adapter.backbone.blocks.2.attn.proj.weight:decay_mult=1.0
2026/06/15 19:28:14 - mmengine - INFO - paramwise_options -- backbone.adapter.backbone.blocks.2.attn.proj.bias:lr=5e-06
2026/06/15 19:28:14 - mmengine - INFO - paramwise_options -- backbone.adapter.backbone.blocks.2.attn.proj.bias:weight_decay=0.05
2026/06/15 19:28:14 - mmengine - INFO - paramwise_options -- backbone.adapter.backbone.blocks.2.attn.proj.bias:lr_mult=0.05
2026/06/15 19:28:14 - mmengine - INFO - paramwise_options -- backbone.adapter.backbone.blocks.2.attn.proj.bias:decay_mult=1.0
2026/06/15 19:28:14 - mmengine - INFO - paramwise_options -- backbone.adapter.backbone.blocks.2.ls1.gamma:lr=5e-06
2026/06/15 19:28:14 - mmengine - INFO - paramwise_options -- backbone.adapter.backbone.blocks.2.ls1.gamma:weight_decay=0.05
2026/06/15 19:28:14 - mmengine - INFO - paramwise_options -- backbone.adapter.backbone.blocks.2.ls1.gamma:lr_mult=0.05
2026/06/15 19:28:14 - mmengine - INFO - paramwise_options -- backbone.adapter.backbone.blocks.2.ls1.gamma:decay_mult=1.0
2026/06/15 19:28:14 - mmengine - INFO - paramwise_options -- backbone.adapter.backbone.blocks.2.norm2.weight:lr=5e-06
2026/06/15 19:28:14 - mmengine - INFO - paramwise_options -- backbone.adapter.backbone.blocks.2.norm2.weight:weight_decay=0.05
2026/06/15 19:28:14 - mmengine - INFO - paramwise_options -- backbone.adapter.backbone.blocks.2.norm2.weight:lr_mult=0.05
2026/06/15 19:28:14 - mmengine - INFO - paramwise_options -- backbone.adapter.backbone.blocks.2.norm2.weight:decay_mult=1.0
2026/06/15 19:28:14 - mmengine - INFO - paramwise_options -- backbone.adapter.backbone.blocks.2.norm2.bias:lr=5e-06
2026/06/15 19:28:14 - mmengine - INFO - paramwise_options -- backbone.adapter.backbone.blocks.2.norm2.bias:weight_decay=0.05
2026/06/15 19:28:14 - mmengine - INFO - paramwise_options -- backbone.adapter.backbone.blocks.2.norm2.bias:lr_mult=0.05
2026/06/15 19:28:14 - mmengine - INFO - paramwise_options -- backbone.adapter.backbone.blocks.2.norm2.bias:decay_mult=1.0
2026/06/15 19:28:14 - mmengine - INFO - paramwise_options -- backbone.adapter.backbone.blocks.2.mlp.fc1.weight:lr=5e-06
2026/06/15 19:28:14 - mmengine - INFO - paramwise_options -- backbone.adapter.backbone.blocks.2.mlp.fc1.weight:weight_decay=0.05
2026/06/15 19:28:14 - mmengine - INFO - paramwise_options -- backbone.adapter.backbone.blocks.2.mlp.fc1.weight:lr_mult=0.05
2026/06/15 19:28:14 - mmengine - INFO - paramwise_options -- backbone.adapter.backbone.blocks.2.mlp.fc1.weight:decay_mult=1.0
2026/06/15 19:28:14 - mmengine - INFO - paramwise_options -- backbone.adapter.backbone.blocks.2.mlp.fc1.bias:lr=5e-06
2026/06/15 19:28:14 - mmengine - INFO - paramwise_options -- backbone.adapter.backbone.blocks.2.mlp.fc1.bias:weight_decay=0.05
2026/06/15 19:28:14 - mmengine - INFO - paramwise_options -- backbone.adapter.backbone.blocks.2.mlp.fc1.bias:lr_mult=0.05
2026/06/15 19:28:14 - mmengine - INFO - paramwise_options -- backbone.adapter.backbone.blocks.2.mlp.fc1.bias:decay_mult=1.0
2026/06/15 19:28:14 - mmengine - INFO - paramwise_options -- backbone.adapter.backbone.blocks.2.mlp.fc2.weight:lr=5e-06
2026/06/15 19:28:14 - mmengine - INFO - paramwise_options -- backbone.adapter.backbone.blocks.2.mlp.fc2.weight:weight_decay=0.05
2026/06/15 19:28:14 - mmengine - INFO - paramwise_options -- backbone.adapter.backbone.blocks.2.mlp.fc2.weight:lr_mult=0.05
2026/06/15 19:28:14 - mmengine - INFO - paramwise_options -- backbone.adapter.backbone.blocks.2.mlp.fc2.weight:decay_mult=1.0
2026/06/15 19:28:14 - mmengine - INFO - paramwise_options -- backbone.adapter.backbone.blocks.2.mlp.fc2.bias:lr=5e-06
2026/06/15 19:28:14 - mmengine - INFO - paramwise_options -- backbone.adapter.backbone.blocks.2.mlp.fc2.bias:weight_decay=0.05
2026/06/15 19:28:14 - mmengine - INFO - paramwise_options -- backbone.adapter.backbone.blocks.2.mlp.fc2.bias:lr_mult=0.05
2026/06/15 19:28:14 - mmengine - INFO - paramwise_options -- backbone.adapter.backbone.blocks.2.mlp.fc2.bias:decay_mult=1.0
2026/06/15 19:28:14 - mmengine - INFO - paramwise_options -- backbone.adapter.backbone.blocks.2.ls2.gamma:lr=5e-06
2026/06/15 19:28:14 - mmengine - INFO - paramwise_options -- backbone.adapter.backbone.blocks.2.ls2.gamma:weight_decay=0.05
2026/06/15 19:28:14 - mmengine - INFO - paramwise_options -- backbone.adapter.backbone.blocks.2.ls2.gamma:lr_mult=0.05
2026/06/15 19:28:14 - mmengine - INFO - paramwise_options -- backbone.adapter.backbone.blocks.2.ls2.gamma:decay_mult=1.0
2026/06/15 19:28:14 - mmengine - INFO - paramwise_options -- backbone.adapter.backbone.blocks.3.norm1.weight:lr=5e-06
2026/06/15 19:28:14 - mmengine - INFO - paramwise_options -- backbone.adapter.backbone.blocks.3.norm1.weight:weight_decay=0.05
2026/06/15 19:28:14 - mmengine - INFO - paramwise_options -- backbone.adapter.backbone.blocks.3.norm1.weight:lr_mult=0.05
2026/06/15 19:28:14 - mmengine - INFO - paramwise_options -- backbone.adapter.backbone.blocks.3.norm1.weight:decay_mult=1.0
2026/06/15 19:28:14 - mmengine - INFO - paramwise_options -- backbone.adapter.backbone.blocks.3.norm1.bias:lr=5e-06
2026/06/15 19:28:14 - mmengine - INFO - paramwise_options -- backbone.adapter.backbone.blocks.3.norm1.bias:weight_decay=0.05
2026/06/15 19:28:14 - mmengine - INFO - paramwise_options -- backbone.adapter.backbone.blocks.3.norm1.bias:lr_mult=0.05
2026/06/15 19:28:14 - mmengine - INFO - paramwise_options -- backbone.adapter.backbone.blocks.3.norm1.bias:decay_mult=1.0
2026/06/15 19:28:14 - mmengine - INFO - paramwise_options -- backbone.adapter.backbone.blocks.3.attn.qkv.weight:lr=5e-06
2026/06/15 19:28:14 - mmengine - INFO - paramwise_options -- backbone.adapter.backbone.blocks.3.attn.qkv.weight:weight_decay=0.05
2026/06/15 19:28:14 - mmengine - INFO - paramwise_options -- backbone.adapter.backbone.blocks.3.attn.qkv.weight:lr_mult=0.05
2026/06/15 19:28:14 - mmengine - INFO - paramwise_options -- backbone.adapter.backbone.blocks.3.attn.qkv.weight:decay_mult=1.0
2026/06/15 19:28:14 - mmengine - INFO - paramwise_options -- backbone.adapter.backbone.blocks.3.attn.qkv.bias:lr=5e-06
2026/06/15 19:28:14 - mmengine - INFO - paramwise_options -- backbone.adapter.backbone.blocks.3.attn.qkv.bias:weight_decay=0.05
2026/06/15 19:28:14 - mmengine - INFO - paramwise_options -- backbone.adapter.backbone.blocks.3.attn.qkv.bias:lr_mult=0.05
2026/06/15 19:28:14 - mmengine - INFO - paramwise_options -- backbone.adapter.backbone.blocks.3.attn.qkv.bias:decay_mult=1.0
2026/06/15 19:28:14 - mmengine - INFO - paramwise_options -- backbone.adapter.backbone.blocks.3.attn.proj.weight:lr=5e-06
2026/06/15 19:28:14 - mmengine - INFO - paramwise_options -- backbone.adapter.backbone.blocks.3.attn.proj.weight:weight_decay=0.05
2026/06/15 19:28:14 - mmengine - INFO - paramwise_options -- backbone.adapter.backbone.blocks.3.attn.proj.weight:lr_mult=0.05
2026/06/15 19:28:14 - mmengine - INFO - paramwise_options -- backbone.adapter.backbone.blocks.3.attn.proj.weight:decay_mult=1.0
2026/06/15 19:28:14 - mmengine - INFO - paramwise_options -- backbone.adapter.backbone.blocks.3.attn.proj.bias:lr=5e-06
2026/06/15 19:28:14 - mmengine - INFO - paramwise_options -- backbone.adapter.backbone.blocks.3.attn.proj.bias:weight_decay=0.05
2026/06/15 19:28:14 - mmengine - INFO - paramwise_options -- backbone.adapter.backbone.blocks.3.attn.proj.bias:lr_mult=0.05
2026/06/15 19:28:14 - mmengine - INFO - paramwise_options -- backbone.adapter.backbone.blocks.3.attn.proj.bias:decay_mult=1.0
2026/06/15 19:28:14 - mmengine - INFO - paramwise_options -- backbone.adapter.backbone.blocks.3.ls1.gamma:lr=5e-06
2026/06/15 19:28:14 - mmengine - INFO - paramwise_options -- backbone.adapter.backbone.blocks.3.ls1.gamma:weight_decay=0.05
2026/06/15 19:28:14 - mmengine - INFO - paramwise_options -- backbone.adapter.backbone.blocks.3.ls1.gamma:lr_mult=0.05
2026/06/15 19:28:14 - mmengine - INFO - paramwise_options -- backbone.adapter.backbone.blocks.3.ls1.gamma:decay_mult=1.0
2026/06/15 19:28:14 - mmengine - INFO - paramwise_options -- backbone.adapter.backbone.blocks.3.norm2.weight:lr=5e-06
2026/06/15 19:28:14 - mmengine - INFO - paramwise_options -- backbone.adapter.backbone.blocks.3.norm2.weight:weight_decay=0.05
2026/06/15 19:28:14 - mmengine - INFO - paramwise_options -- backbone.adapter.backbone.blocks.3.norm2.weight:lr_mult=0.05
2026/06/15 19:28:14 - mmengine - INFO - paramwise_options -- backbone.adapter.backbone.blocks.3.norm2.weight:decay_mult=1.0
2026/06/15 19:28:14 - mmengine - INFO - paramwise_options -- backbone.adapter.backbone.blocks.3.norm2.bias:lr=5e-06
2026/06/15 19:28:14 - mmengine - INFO - paramwise_options -- backbone.adapter.backbone.blocks.3.norm2.bias:weight_decay=0.05
2026/06/15 19:28:14 - mmengine - INFO - paramwise_options -- backbone.adapter.backbone.blocks.3.norm2.bias:lr_mult=0.05
2026/06/15 19:28:14 - mmengine - INFO - paramwise_options -- backbone.adapter.backbone.blocks.3.norm2.bias:decay_mult=1.0
2026/06/15 19:28:14 - mmengine - INFO - paramwise_options -- backbone.adapter.backbone.blocks.3.mlp.fc1.weight:lr=5e-06
2026/06/15 19:28:14 - mmengine - INFO - paramwise_options -- backbone.adapter.backbone.blocks.3.mlp.fc1.weight:weight_decay=0.05
2026/06/15 19:28:14 - mmengine - INFO - paramwise_options -- backbone.adapter.backbone.blocks.3.mlp.fc1.weight:lr_mult=0.05
2026/06/15 19:28:14 - mmengine - INFO - paramwise_options -- backbone.adapter.backbone.blocks.3.mlp.fc1.weight:decay_mult=1.0
2026/06/15 19:28:14 - mmengine - INFO - paramwise_options -- backbone.adapter.backbone.blocks.3.mlp.fc1.bias:lr=5e-06
2026/06/15 19:28:14 - mmengine - INFO - paramwise_options -- backbone.adapter.backbone.blocks.3.mlp.fc1.bias:weight_decay=0.05
2026/06/15 19:28:14 - mmengine - INFO - paramwise_options -- backbone.adapter.backbone.blocks.3.mlp.fc1.bias:lr_mult=0.05
2026/06/15 19:28:14 - mmengine - INFO - paramwise_options -- backbone.adapter.backbone.blocks.3.mlp.fc1.bias:decay_mult=1.0
2026/06/15 19:28:14 - mmengine - INFO - paramwise_options -- backbone.adapter.backbone.blocks.3.mlp.fc2.weight:lr=5e-06
2026/06/15 19:28:14 - mmengine - INFO - paramwise_options -- backbone.adapter.backbone.blocks.3.mlp.fc2.weight:weight_decay=0.05
2026/06/15 19:28:14 - mmengine - INFO - paramwise_options -- backbone.adapter.backbone.blocks.3.mlp.fc2.weight:lr_mult=0.05
2026/06/15 19:28:14 - mmengine - INFO - paramwise_options -- backbone.adapter.backbone.blocks.3.mlp.fc2.weight:decay_mult=1.0
2026/06/15 19:28:14 - mmengine - INFO - paramwise_options -- backbone.adapter.backbone.blocks.3.mlp.fc2.bias:lr=5e-06
2026/06/15 19:28:14 - mmengine - INFO - paramwise_options -- backbone.adapter.backbone.blocks.3.mlp.fc2.bias:weight_decay=0.05
2026/06/15 19:28:14 - mmengine - INFO - paramwise_options -- backbone.adapter.backbone.blocks.3.mlp.fc2.bias:lr_mult=0.05
2026/06/15 19:28:14 - mmengine - INFO - paramwise_options -- backbone.adapter.backbone.blocks.3.mlp.fc2.bias:decay_mult=1.0
2026/06/15 19:28:14 - mmengine - INFO - paramwise_options -- backbone.adapter.backbone.blocks.3.ls2.gamma:lr=5e-06
2026/06/15 19:28:14 - mmengine - INFO - paramwise_options -- backbone.adapter.backbone.blocks.3.ls2.gamma:weight_decay=0.05
2026/06/15 19:28:14 - mmengine - INFO - paramwise_options -- backbone.adapter.backbone.blocks.3.ls2.gamma:lr_mult=0.05
2026/06/15 19:28:14 - mmengine - INFO - paramwise_options -- backbone.adapter.backbone.blocks.3.ls2.gamma:decay_mult=1.0
2026/06/15 19:28:14 - mmengine - INFO - paramwise_options -- backbone.adapter.backbone.blocks.4.norm1.weight:lr=5e-06
2026/06/15 19:28:14 - mmengine - INFO - paramwise_options -- backbone.adapter.backbone.blocks.4.norm1.weight:weight_decay=0.05
2026/06/15 19:28:14 - mmengine - INFO - paramwise_options -- backbone.adapter.backbone.blocks.4.norm1.weight:lr_mult=0.05
2026/06/15 19:28:14 - mmengine - INFO - paramwise_options -- backbone.adapter.backbone.blocks.4.norm1.weight:decay_mult=1.0
2026/06/15 19:28:14 - mmengine - INFO - paramwise_options -- backbone.adapter.backbone.blocks.4.norm1.bias:lr=5e-06
2026/06/15 19:28:14 - mmengine - INFO - paramwise_options -- backbone.adapter.backbone.blocks.4.norm1.bias:weight_decay=0.05
2026/06/15 19:28:14 - mmengine - INFO - paramwise_options -- backbone.adapter.backbone.blocks.4.norm1.bias:lr_mult=0.05
2026/06/15 19:28:14 - mmengine - INFO - paramwise_options -- backbone.adapter.backbone.blocks.4.norm1.bias:decay_mult=1.0
2026/06/15 19:28:14 - mmengine - INFO - paramwise_options -- backbone.adapter.backbone.blocks.4.attn.qkv.weight:lr=5e-06
2026/06/15 19:28:14 - mmengine - INFO - paramwise_options -- backbone.adapter.backbone.blocks.4.attn.qkv.weight:weight_decay=0.05
2026/06/15 19:28:14 - mmengine - INFO - paramwise_options -- backbone.adapter.backbone.blocks.4.attn.qkv.weight:lr_mult=0.05
2026/06/15 19:28:14 - mmengine - INFO - paramwise_options -- backbone.adapter.backbone.blocks.4.attn.qkv.weight:decay_mult=1.0
2026/06/15 19:28:14 - mmengine - INFO - paramwise_options -- backbone.adapter.backbone.blocks.4.attn.qkv.bias:lr=5e-06
2026/06/15 19:28:14 - mmengine - INFO - paramwise_options -- backbone.adapter.backbone.blocks.4.attn.qkv.bias:weight_decay=0.05
2026/06/15 19:28:14 - mmengine - INFO - paramwise_options -- backbone.adapter.backbone.blocks.4.attn.qkv.bias:lr_mult=0.05
2026/06/15 19:28:14 - mmengine - INFO - paramwise_options -- backbone.adapter.backbone.blocks.4.attn.qkv.bias:decay_mult=1.0
2026/06/15 19:28:14 - mmengine - INFO - paramwise_options -- backbone.adapter.backbone.blocks.4.attn.proj.weight:lr=5e-06
2026/06/15 19:28:14 - mmengine - INFO - paramwise_options -- backbone.adapter.backbone.blocks.4.attn.proj.weight:weight_decay=0.05
2026/06/15 19:28:14 - mmengine - INFO - paramwise_options -- backbone.adapter.backbone.blocks.4.attn.proj.weight:lr_mult=0.05
2026/06/15 19:28:14 - mmengine - INFO - paramwise_options -- backbone.adapter.backbone.blocks.4.attn.proj.weight:decay_mult=1.0
2026/06/15 19:28:14 - mmengine - INFO - paramwise_options -- backbone.adapter.backbone.blocks.4.attn.proj.bias:lr=5e-06
2026/06/15 19:28:14 - mmengine - INFO - paramwise_options -- backbone.adapter.backbone.blocks.4.attn.proj.bias:weight_decay=0.05
2026/06/15 19:28:14 - mmengine - INFO - paramwise_options -- backbone.adapter.backbone.blocks.4.attn.proj.bias:lr_mult=0.05
2026/06/15 19:28:14 - mmengine - INFO - paramwise_options -- backbone.adapter.backbone.blocks.4.attn.proj.bias:decay_mult=1.0
2026/06/15 19:28:14 - mmengine - INFO - paramwise_options -- backbone.adapter.backbone.blocks.4.ls1.gamma:lr=5e-06
2026/06/15 19:28:14 - mmengine - INFO - paramwise_options -- backbone.adapter.backbone.blocks.4.ls1.gamma:weight_decay=0.05
2026/06/15 19:28:14 - mmengine - INFO - paramwise_options -- backbone.adapter.backbone.blocks.4.ls1.gamma:lr_mult=0.05
2026/06/15 19:28:14 - mmengine - INFO - paramwise_options -- backbone.adapter.backbone.blocks.4.ls1.gamma:decay_mult=1.0
2026/06/15 19:28:14 - mmengine - INFO - paramwise_options -- backbone.adapter.backbone.blocks.4.norm2.weight:lr=5e-06
2026/06/15 19:28:14 - mmengine - INFO - paramwise_options -- backbone.adapter.backbone.blocks.4.norm2.weight:weight_decay=0.05
2026/06/15 19:28:14 - mmengine - INFO - paramwise_options -- backbone.adapter.backbone.blocks.4.norm2.weight:lr_mult=0.05
2026/06/15 19:28:14 - mmengine - INFO - paramwise_options -- backbone.adapter.backbone.blocks.4.norm2.weight:decay_mult=1.0
2026/06/15 19:28:14 - mmengine - INFO - paramwise_options -- backbone.adapter.backbone.blocks.4.norm2.bias:lr=5e-06
2026/06/15 19:28:14 - mmengine - INFO - paramwise_options -- backbone.adapter.backbone.blocks.4.norm2.bias:weight_decay=0.05
2026/06/15 19:28:14 - mmengine - INFO - paramwise_options -- backbone.adapter.backbone.blocks.4.norm2.bias:lr_mult=0.05
2026/06/15 19:28:14 - mmengine - INFO - paramwise_options -- backbone.adapter.backbone.blocks.4.norm2.bias:decay_mult=1.0
2026/06/15 19:28:14 - mmengine - INFO - paramwise_options -- backbone.adapter.backbone.blocks.4.mlp.fc1.weight:lr=5e-06
2026/06/15 19:28:14 - mmengine - INFO - paramwise_options -- backbone.adapter.backbone.blocks.4.mlp.fc1.weight:weight_decay=0.05
2026/06/15 19:28:14 - mmengine - INFO - paramwise_options -- backbone.adapter.backbone.blocks.4.mlp.fc1.weight:lr_mult=0.05
2026/06/15 19:28:14 - mmengine - INFO - paramwise_options -- backbone.adapter.backbone.blocks.4.mlp.fc1.weight:decay_mult=1.0
2026/06/15 19:28:14 - mmengine - INFO - paramwise_options -- backbone.adapter.backbone.blocks.4.mlp.fc1.bias:lr=5e-06
2026/06/15 19:28:14 - mmengine - INFO - paramwise_options -- backbone.adapter.backbone.blocks.4.mlp.fc1.bias:weight_decay=0.05
2026/06/15 19:28:14 - mmengine - INFO - paramwise_options -- backbone.adapter.backbone.blocks.4.mlp.fc1.bias:lr_mult=0.05
2026/06/15 19:28:14 - mmengine - INFO - paramwise_options -- backbone.adapter.backbone.blocks.4.mlp.fc1.bias:decay_mult=1.0
2026/06/15 19:28:14 - mmengine - INFO - paramwise_options -- backbone.adapter.backbone.blocks.4.mlp.fc2.weight:lr=5e-06
2026/06/15 19:28:14 - mmengine - INFO - paramwise_options -- backbone.adapter.backbone.blocks.4.mlp.fc2.weight:weight_decay=0.05
2026/06/15 19:28:14 - mmengine - INFO - paramwise_options -- backbone.adapter.backbone.blocks.4.mlp.fc2.weight:lr_mult=0.05
2026/06/15 19:28:14 - mmengine - INFO - paramwise_options -- backbone.adapter.backbone.blocks.4.mlp.fc2.weight:decay_mult=1.0
2026/06/15 19:28:14 - mmengine - INFO - paramwise_options -- backbone.adapter.backbone.blocks.4.mlp.fc2.bias:lr=5e-06
2026/06/15 19:28:14 - mmengine - INFO - paramwise_options -- backbone.adapter.backbone.blocks.4.mlp.fc2.bias:weight_decay=0.05
2026/06/15 19:28:14 - mmengine - INFO - paramwise_options -- backbone.adapter.backbone.blocks.4.mlp.fc2.bias:lr_mult=0.05
2026/06/15 19:28:14 - mmengine - INFO - paramwise_options -- backbone.adapter.backbone.blocks.4.mlp.fc2.bias:decay_mult=1.0
2026/06/15 19:28:14 - mmengine - INFO - paramwise_options -- backbone.adapter.backbone.blocks.4.ls2.gamma:lr=5e-06
2026/06/15 19:28:14 - mmengine - INFO - paramwise_options -- backbone.adapter.backbone.blocks.4.ls2.gamma:weight_decay=0.05
2026/06/15 19:28:14 - mmengine - INFO - paramwise_options -- backbone.adapter.backbone.blocks.4.ls2.gamma:lr_mult=0.05
2026/06/15 19:28:14 - mmengine - INFO - paramwise_options -- backbone.adapter.backbone.blocks.4.ls2.gamma:decay_mult=1.0
2026/06/15 19:28:14 - mmengine - INFO - paramwise_options -- backbone.adapter.backbone.blocks.5.norm1.weight:lr=5e-06
2026/06/15 19:28:14 - mmengine - INFO - paramwise_options -- backbone.adapter.backbone.blocks.5.norm1.weight:weight_decay=0.05
2026/06/15 19:28:14 - mmengine - INFO - paramwise_options -- backbone.adapter.backbone.blocks.5.norm1.weight:lr_mult=0.05
2026/06/15 19:28:14 - mmengine - INFO - paramwise_options -- backbone.adapter.backbone.blocks.5.norm1.weight:decay_mult=1.0
2026/06/15 19:28:14 - mmengine - INFO - paramwise_options -- backbone.adapter.backbone.blocks.5.norm1.bias:lr=5e-06
2026/06/15 19:28:14 - mmengine - INFO - paramwise_options -- backbone.adapter.backbone.blocks.5.norm1.bias:weight_decay=0.05
2026/06/15 19:28:14 - mmengine - INFO - paramwise_options -- backbone.adapter.backbone.blocks.5.norm1.bias:lr_mult=0.05
2026/06/15 19:28:14 - mmengine - INFO - paramwise_options -- backbone.adapter.backbone.blocks.5.norm1.bias:decay_mult=1.0
2026/06/15 19:28:14 - mmengine - INFO - paramwise_options -- backbone.adapter.backbone.blocks.5.attn.qkv.weight:lr=5e-06
2026/06/15 19:28:14 - mmengine - INFO - paramwise_options -- backbone.adapter.backbone.blocks.5.attn.qkv.weight:weight_decay=0.05
2026/06/15 19:28:14 - mmengine - INFO - paramwise_options -- backbone.adapter.backbone.blocks.5.attn.qkv.weight:lr_mult=0.05
2026/06/15 19:28:14 - mmengine - INFO - paramwise_options -- backbone.adapter.backbone.blocks.5.attn.qkv.weight:decay_mult=1.0
2026/06/15 19:28:14 - mmengine - INFO - paramwise_options -- backbone.adapter.backbone.blocks.5.attn.qkv.bias:lr=5e-06
2026/06/15 19:28:14 - mmengine - INFO - paramwise_options -- backbone.adapter.backbone.blocks.5.attn.qkv.bias:weight_decay=0.05
2026/06/15 19:28:14 - mmengine - INFO - paramwise_options -- backbone.adapter.backbone.blocks.5.attn.qkv.bias:lr_mult=0.05
2026/06/15 19:28:14 - mmengine - INFO - paramwise_options -- backbone.adapter.backbone.blocks.5.attn.qkv.bias:decay_mult=1.0
2026/06/15 19:28:14 - mmengine - INFO - paramwise_options -- backbone.adapter.backbone.blocks.5.attn.proj.weight:lr=5e-06
2026/06/15 19:28:14 - mmengine - INFO - paramwise_options -- backbone.adapter.backbone.blocks.5.attn.proj.weight:weight_decay=0.05
2026/06/15 19:28:14 - mmengine - INFO - paramwise_options -- backbone.adapter.backbone.blocks.5.attn.proj.weight:lr_mult=0.05
2026/06/15 19:28:14 - mmengine - INFO - paramwise_options -- backbone.adapter.backbone.blocks.5.attn.proj.weight:decay_mult=1.0
2026/06/15 19:28:14 - mmengine - INFO - paramwise_options -- backbone.adapter.backbone.blocks.5.attn.proj.bias:lr=5e-06
2026/06/15 19:28:14 - mmengine - INFO - paramwise_options -- backbone.adapter.backbone.blocks.5.attn.proj.bias:weight_decay=0.05
2026/06/15 19:28:14 - mmengine - INFO - paramwise_options -- backbone.adapter.backbone.blocks.5.attn.proj.bias:lr_mult=0.05
2026/06/15 19:28:14 - mmengine - INFO - paramwise_options -- backbone.adapter.backbone.blocks.5.attn.proj.bias:decay_mult=1.0
2026/06/15 19:28:14 - mmengine - INFO - paramwise_options -- backbone.adapter.backbone.blocks.5.ls1.gamma:lr=5e-06
2026/06/15 19:28:14 - mmengine - INFO - paramwise_options -- backbone.adapter.backbone.blocks.5.ls1.gamma:weight_decay=0.05
2026/06/15 19:28:14 - mmengine - INFO - paramwise_options -- backbone.adapter.backbone.blocks.5.ls1.gamma:lr_mult=0.05
2026/06/15 19:28:14 - mmengine - INFO - paramwise_options -- backbone.adapter.backbone.blocks.5.ls1.gamma:decay_mult=1.0
2026/06/15 19:28:14 - mmengine - INFO - paramwise_options -- backbone.adapter.backbone.blocks.5.norm2.weight:lr=5e-06
2026/06/15 19:28:14 - mmengine - INFO - paramwise_options -- backbone.adapter.backbone.blocks.5.norm2.weight:weight_decay=0.05
2026/06/15 19:28:15 - mmengine - INFO - paramwise_options -- backbone.adapter.backbone.blocks.5.norm2.weight:lr_mult=0.05
2026/06/15 19:28:15 - mmengine - INFO - paramwise_options -- backbone.adapter.backbone.blocks.5.norm2.weight:decay_mult=1.0
2026/06/15 19:28:15 - mmengine - INFO - paramwise_options -- backbone.adapter.backbone.blocks.5.norm2.bias:lr=5e-06
2026/06/15 19:28:15 - mmengine - INFO - paramwise_options -- backbone.adapter.backbone.blocks.5.norm2.bias:weight_decay=0.05
2026/06/15 19:28:15 - mmengine - INFO - paramwise_options -- backbone.adapter.backbone.blocks.5.norm2.bias:lr_mult=0.05
2026/06/15 19:28:15 - mmengine - INFO - paramwise_options -- backbone.adapter.backbone.blocks.5.norm2.bias:decay_mult=1.0
2026/06/15 19:28:15 - mmengine - INFO - paramwise_options -- backbone.adapter.backbone.blocks.5.mlp.fc1.weight:lr=5e-06
2026/06/15 19:28:15 - mmengine - INFO - paramwise_options -- backbone.adapter.backbone.blocks.5.mlp.fc1.weight:weight_decay=0.05
2026/06/15 19:28:15 - mmengine - INFO - paramwise_options -- backbone.adapter.backbone.blocks.5.mlp.fc1.weight:lr_mult=0.05
2026/06/15 19:28:15 - mmengine - INFO - paramwise_options -- backbone.adapter.backbone.blocks.5.mlp.fc1.weight:decay_mult=1.0
2026/06/15 19:28:15 - mmengine - INFO - paramwise_options -- backbone.adapter.backbone.blocks.5.mlp.fc1.bias:lr=5e-06
2026/06/15 19:28:15 - mmengine - INFO - paramwise_options -- backbone.adapter.backbone.blocks.5.mlp.fc1.bias:weight_decay=0.05
2026/06/15 19:28:15 - mmengine - INFO - paramwise_options -- backbone.adapter.backbone.blocks.5.mlp.fc1.bias:lr_mult=0.05
2026/06/15 19:28:15 - mmengine - INFO - paramwise_options -- backbone.adapter.backbone.blocks.5.mlp.fc1.bias:decay_mult=1.0
2026/06/15 19:28:15 - mmengine - INFO - paramwise_options -- backbone.adapter.backbone.blocks.5.mlp.fc2.weight:lr=5e-06
2026/06/15 19:28:15 - mmengine - INFO - paramwise_options -- backbone.adapter.backbone.blocks.5.mlp.fc2.weight:weight_decay=0.05
2026/06/15 19:28:15 - mmengine - INFO - paramwise_options -- backbone.adapter.backbone.blocks.5.mlp.fc2.weight:lr_mult=0.05
2026/06/15 19:28:15 - mmengine - INFO - paramwise_options -- backbone.adapter.backbone.blocks.5.mlp.fc2.weight:decay_mult=1.0
2026/06/15 19:28:15 - mmengine - INFO - paramwise_options -- backbone.adapter.backbone.blocks.5.mlp.fc2.bias:lr=5e-06
2026/06/15 19:28:15 - mmengine - INFO - paramwise_options -- backbone.adapter.backbone.blocks.5.mlp.fc2.bias:weight_decay=0.05
2026/06/15 19:28:15 - mmengine - INFO - paramwise_options -- backbone.adapter.backbone.blocks.5.mlp.fc2.bias:lr_mult=0.05
2026/06/15 19:28:15 - mmengine - INFO - paramwise_options -- backbone.adapter.backbone.blocks.5.mlp.fc2.bias:decay_mult=1.0
2026/06/15 19:28:15 - mmengine - INFO - paramwise_options -- backbone.adapter.backbone.blocks.5.ls2.gamma:lr=5e-06
2026/06/15 19:28:15 - mmengine - INFO - paramwise_options -- backbone.adapter.backbone.blocks.5.ls2.gamma:weight_decay=0.05
2026/06/15 19:28:15 - mmengine - INFO - paramwise_options -- backbone.adapter.backbone.blocks.5.ls2.gamma:lr_mult=0.05
2026/06/15 19:28:15 - mmengine - INFO - paramwise_options -- backbone.adapter.backbone.blocks.5.ls2.gamma:decay_mult=1.0
2026/06/15 19:28:15 - mmengine - INFO - paramwise_options -- backbone.adapter.backbone.blocks.6.norm1.weight:lr=5e-06
2026/06/15 19:28:15 - mmengine - INFO - paramwise_options -- backbone.adapter.backbone.blocks.6.norm1.weight:weight_decay=0.05
2026/06/15 19:28:15 - mmengine - INFO - paramwise_options -- backbone.adapter.backbone.blocks.6.norm1.weight:lr_mult=0.05
2026/06/15 19:28:15 - mmengine - INFO - paramwise_options -- backbone.adapter.backbone.blocks.6.norm1.weight:decay_mult=1.0
2026/06/15 19:28:15 - mmengine - INFO - paramwise_options -- backbone.adapter.backbone.blocks.6.norm1.bias:lr=5e-06
2026/06/15 19:28:15 - mmengine - INFO - paramwise_options -- backbone.adapter.backbone.blocks.6.norm1.bias:weight_decay=0.05
2026/06/15 19:28:15 - mmengine - INFO - paramwise_options -- backbone.adapter.backbone.blocks.6.norm1.bias:lr_mult=0.05
2026/06/15 19:28:15 - mmengine - INFO - paramwise_options -- backbone.adapter.backbone.blocks.6.norm1.bias:decay_mult=1.0
2026/06/15 19:28:15 - mmengine - INFO - paramwise_options -- backbone.adapter.backbone.blocks.6.attn.qkv.weight:lr=5e-06
2026/06/15 19:28:15 - mmengine - INFO - paramwise_options -- backbone.adapter.backbone.blocks.6.attn.qkv.weight:weight_decay=0.05
2026/06/15 19:28:15 - mmengine - INFO - paramwise_options -- backbone.adapter.backbone.blocks.6.attn.qkv.weight:lr_mult=0.05
2026/06/15 19:28:15 - mmengine - INFO - paramwise_options -- backbone.adapter.backbone.blocks.6.attn.qkv.weight:decay_mult=1.0
2026/06/15 19:28:15 - mmengine - INFO - paramwise_options -- backbone.adapter.backbone.blocks.6.attn.qkv.bias:lr=5e-06
2026/06/15 19:28:15 - mmengine - INFO - paramwise_options -- backbone.adapter.backbone.blocks.6.attn.qkv.bias:weight_decay=0.05
2026/06/15 19:28:15 - mmengine - INFO - paramwise_options -- backbone.adapter.backbone.blocks.6.attn.qkv.bias:lr_mult=0.05
2026/06/15 19:28:15 - mmengine - INFO - paramwise_options -- backbone.adapter.backbone.blocks.6.attn.qkv.bias:decay_mult=1.0
2026/06/15 19:28:15 - mmengine - INFO - paramwise_options -- backbone.adapter.backbone.blocks.6.attn.proj.weight:lr=5e-06
2026/06/15 19:28:15 - mmengine - INFO - paramwise_options -- backbone.adapter.backbone.blocks.6.attn.proj.weight:weight_decay=0.05
2026/06/15 19:28:15 - mmengine - INFO - paramwise_options -- backbone.adapter.backbone.blocks.6.attn.proj.weight:lr_mult=0.05
2026/06/15 19:28:15 - mmengine - INFO - paramwise_options -- backbone.adapter.backbone.blocks.6.attn.proj.weight:decay_mult=1.0
2026/06/15 19:28:15 - mmengine - INFO - paramwise_options -- backbone.adapter.backbone.blocks.6.attn.proj.bias:lr=5e-06
2026/06/15 19:28:15 - mmengine - INFO - paramwise_options -- backbone.adapter.backbone.blocks.6.attn.proj.bias:weight_decay=0.05
2026/06/15 19:28:15 - mmengine - INFO - paramwise_options -- backbone.adapter.backbone.blocks.6.attn.proj.bias:lr_mult=0.05
2026/06/15 19:28:15 - mmengine - INFO - paramwise_options -- backbone.adapter.backbone.blocks.6.attn.proj.bias:decay_mult=1.0
2026/06/15 19:28:15 - mmengine - INFO - paramwise_options -- backbone.adapter.backbone.blocks.6.ls1.gamma:lr=5e-06
2026/06/15 19:28:15 - mmengine - INFO - paramwise_options -- backbone.adapter.backbone.blocks.6.ls1.gamma:weight_decay=0.05
2026/06/15 19:28:15 - mmengine - INFO - paramwise_options -- backbone.adapter.backbone.blocks.6.ls1.gamma:lr_mult=0.05
2026/06/15 19:28:15 - mmengine - INFO - paramwise_options -- backbone.adapter.backbone.blocks.6.ls1.gamma:decay_mult=1.0
2026/06/15 19:28:15 - mmengine - INFO - paramwise_options -- backbone.adapter.backbone.blocks.6.norm2.weight:lr=5e-06
2026/06/15 19:28:15 - mmengine - INFO - paramwise_options -- backbone.adapter.backbone.blocks.6.norm2.weight:weight_decay=0.05
2026/06/15 19:28:15 - mmengine - INFO - paramwise_options -- backbone.adapter.backbone.blocks.6.norm2.weight:lr_mult=0.05
2026/06/15 19:28:15 - mmengine - INFO - paramwise_options -- backbone.adapter.backbone.blocks.6.norm2.weight:decay_mult=1.0
2026/06/15 19:28:15 - mmengine - INFO - paramwise_options -- backbone.adapter.backbone.blocks.6.norm2.bias:lr=5e-06
2026/06/15 19:28:15 - mmengine - INFO - paramwise_options -- backbone.adapter.backbone.blocks.6.norm2.bias:weight_decay=0.05
2026/06/15 19:28:15 - mmengine - INFO - paramwise_options -- backbone.adapter.backbone.blocks.6.norm2.bias:lr_mult=0.05
2026/06/15 19:28:15 - mmengine - INFO - paramwise_options -- backbone.adapter.backbone.blocks.6.norm2.bias:decay_mult=1.0
2026/06/15 19:28:15 - mmengine - INFO - paramwise_options -- backbone.adapter.backbone.blocks.6.mlp.fc1.weight:lr=5e-06
2026/06/15 19:28:15 - mmengine - INFO - paramwise_options -- backbone.adapter.backbone.blocks.6.mlp.fc1.weight:weight_decay=0.05
2026/06/15 19:28:15 - mmengine - INFO - paramwise_options -- backbone.adapter.backbone.blocks.6.mlp.fc1.weight:lr_mult=0.05
2026/06/15 19:28:15 - mmengine - INFO - paramwise_options -- backbone.adapter.backbone.blocks.6.mlp.fc1.weight:decay_mult=1.0
2026/06/15 19:28:15 - mmengine - INFO - paramwise_options -- backbone.adapter.backbone.blocks.6.mlp.fc1.bias:lr=5e-06
2026/06/15 19:28:15 - mmengine - INFO - paramwise_options -- backbone.adapter.backbone.blocks.6.mlp.fc1.bias:weight_decay=0.05
2026/06/15 19:28:15 - mmengine - INFO - paramwise_options -- backbone.adapter.backbone.blocks.6.mlp.fc1.bias:lr_mult=0.05
2026/06/15 19:28:15 - mmengine - INFO - paramwise_options -- backbone.adapter.backbone.blocks.6.mlp.fc1.bias:decay_mult=1.0
2026/06/15 19:28:15 - mmengine - INFO - paramwise_options -- backbone.adapter.backbone.blocks.6.mlp.fc2.weight:lr=5e-06
2026/06/15 19:28:15 - mmengine - INFO - paramwise_options -- backbone.adapter.backbone.blocks.6.mlp.fc2.weight:weight_decay=0.05
2026/06/15 19:28:15 - mmengine - INFO - paramwise_options -- backbone.adapter.backbone.blocks.6.mlp.fc2.weight:lr_mult=0.05
2026/06/15 19:28:15 - mmengine - INFO - paramwise_options -- backbone.adapter.backbone.blocks.6.mlp.fc2.weight:decay_mult=1.0
2026/06/15 19:28:15 - mmengine - INFO - paramwise_options -- backbone.adapter.backbone.blocks.6.mlp.fc2.bias:lr=5e-06
2026/06/15 19:28:15 - mmengine - INFO - paramwise_options -- backbone.adapter.backbone.blocks.6.mlp.fc2.bias:weight_decay=0.05
2026/06/15 19:28:15 - mmengine - INFO - paramwise_options -- backbone.adapter.backbone.blocks.6.mlp.fc2.bias:lr_mult=0.05
2026/06/15 19:28:15 - mmengine - INFO - paramwise_options -- backbone.adapter.backbone.blocks.6.mlp.fc2.bias:decay_mult=1.0
2026/06/15 19:28:15 - mmengine - INFO - paramwise_options -- backbone.adapter.backbone.blocks.6.ls2.gamma:lr=5e-06
2026/06/15 19:28:15 - mmengine - INFO - paramwise_options -- backbone.adapter.backbone.blocks.6.ls2.gamma:weight_decay=0.05
2026/06/15 19:28:15 - mmengine - INFO - paramwise_options -- backbone.adapter.backbone.blocks.6.ls2.gamma:lr_mult=0.05
2026/06/15 19:28:15 - mmengine - INFO - paramwise_options -- backbone.adapter.backbone.blocks.6.ls2.gamma:decay_mult=1.0
2026/06/15 19:28:15 - mmengine - INFO - paramwise_options -- backbone.adapter.backbone.blocks.7.norm1.weight:lr=5e-06
2026/06/15 19:28:15 - mmengine - INFO - paramwise_options -- backbone.adapter.backbone.blocks.7.norm1.weight:weight_decay=0.05
2026/06/15 19:28:15 - mmengine - INFO - paramwise_options -- backbone.adapter.backbone.blocks.7.norm1.weight:lr_mult=0.05
2026/06/15 19:28:15 - mmengine - INFO - paramwise_options -- backbone.adapter.backbone.blocks.7.norm1.weight:decay_mult=1.0
2026/06/15 19:28:15 - mmengine - INFO - paramwise_options -- backbone.adapter.backbone.blocks.7.norm1.bias:lr=5e-06
2026/06/15 19:28:15 - mmengine - INFO - paramwise_options -- backbone.adapter.backbone.blocks.7.norm1.bias:weight_decay=0.05
2026/06/15 19:28:15 - mmengine - INFO - paramwise_options -- backbone.adapter.backbone.blocks.7.norm1.bias:lr_mult=0.05
2026/06/15 19:28:15 - mmengine - INFO - paramwise_options -- backbone.adapter.backbone.blocks.7.norm1.bias:decay_mult=1.0
2026/06/15 19:28:15 - mmengine - INFO - paramwise_options -- backbone.adapter.backbone.blocks.7.attn.qkv.weight:lr=5e-06
2026/06/15 19:28:15 - mmengine - INFO - paramwise_options -- backbone.adapter.backbone.blocks.7.attn.qkv.weight:weight_decay=0.05
2026/06/15 19:28:15 - mmengine - INFO - paramwise_options -- backbone.adapter.backbone.blocks.7.attn.qkv.weight:lr_mult=0.05
2026/06/15 19:28:15 - mmengine - INFO - paramwise_options -- backbone.adapter.backbone.blocks.7.attn.qkv.weight:decay_mult=1.0
2026/06/15 19:28:15 - mmengine - INFO - paramwise_options -- backbone.adapter.backbone.blocks.7.attn.qkv.bias:lr=5e-06
2026/06/15 19:28:15 - mmengine - INFO - paramwise_options -- backbone.adapter.backbone.blocks.7.attn.qkv.bias:weight_decay=0.05
2026/06/15 19:28:15 - mmengine - INFO - paramwise_options -- backbone.adapter.backbone.blocks.7.attn.qkv.bias:lr_mult=0.05
2026/06/15 19:28:15 - mmengine - INFO - paramwise_options -- backbone.adapter.backbone.blocks.7.attn.qkv.bias:decay_mult=1.0
2026/06/15 19:28:15 - mmengine - INFO - paramwise_options -- backbone.adapter.backbone.blocks.7.attn.proj.weight:lr=5e-06
2026/06/15 19:28:15 - mmengine - INFO - paramwise_options -- backbone.adapter.backbone.blocks.7.attn.proj.weight:weight_decay=0.05
2026/06/15 19:28:15 - mmengine - INFO - paramwise_options -- backbone.adapter.backbone.blocks.7.attn.proj.weight:lr_mult=0.05
2026/06/15 19:28:15 - mmengine - INFO - paramwise_options -- backbone.adapter.backbone.blocks.7.attn.proj.weight:decay_mult=1.0
2026/06/15 19:28:15 - mmengine - INFO - paramwise_options -- backbone.adapter.backbone.blocks.7.attn.proj.bias:lr=5e-06
2026/06/15 19:28:15 - mmengine - INFO - paramwise_options -- backbone.adapter.backbone.blocks.7.attn.proj.bias:weight_decay=0.05
2026/06/15 19:28:15 - mmengine - INFO - paramwise_options -- backbone.adapter.backbone.blocks.7.attn.proj.bias:lr_mult=0.05
2026/06/15 19:28:15 - mmengine - INFO - paramwise_options -- backbone.adapter.backbone.blocks.7.attn.proj.bias:decay_mult=1.0
2026/06/15 19:28:15 - mmengine - INFO - paramwise_options -- backbone.adapter.backbone.blocks.7.ls1.gamma:lr=5e-06
2026/06/15 19:28:15 - mmengine - INFO - paramwise_options -- backbone.adapter.backbone.blocks.7.ls1.gamma:weight_decay=0.05
2026/06/15 19:28:15 - mmengine - INFO - paramwise_options -- backbone.adapter.backbone.blocks.7.ls1.gamma:lr_mult=0.05
2026/06/15 19:28:15 - mmengine - INFO - paramwise_options -- backbone.adapter.backbone.blocks.7.ls1.gamma:decay_mult=1.0
2026/06/15 19:28:15 - mmengine - INFO - paramwise_options -- backbone.adapter.backbone.blocks.7.norm2.weight:lr=5e-06
2026/06/15 19:28:15 - mmengine - INFO - paramwise_options -- backbone.adapter.backbone.blocks.7.norm2.weight:weight_decay=0.05
2026/06/15 19:28:15 - mmengine - INFO - paramwise_options -- backbone.adapter.backbone.blocks.7.norm2.weight:lr_mult=0.05
2026/06/15 19:28:15 - mmengine - INFO - paramwise_options -- backbone.adapter.backbone.blocks.7.norm2.weight:decay_mult=1.0
2026/06/15 19:28:15 - mmengine - INFO - paramwise_options -- backbone.adapter.backbone.blocks.7.norm2.bias:lr=5e-06
2026/06/15 19:28:15 - mmengine - INFO - paramwise_options -- backbone.adapter.backbone.blocks.7.norm2.bias:weight_decay=0.05
2026/06/15 19:28:15 - mmengine - INFO - paramwise_options -- backbone.adapter.backbone.blocks.7.norm2.bias:lr_mult=0.05
2026/06/15 19:28:15 - mmengine - INFO - paramwise_options -- backbone.adapter.backbone.blocks.7.norm2.bias:decay_mult=1.0
2026/06/15 19:28:15 - mmengine - INFO - paramwise_options -- backbone.adapter.backbone.blocks.7.mlp.fc1.weight:lr=5e-06
2026/06/15 19:28:15 - mmengine - INFO - paramwise_options -- backbone.adapter.backbone.blocks.7.mlp.fc1.weight:weight_decay=0.05
2026/06/15 19:28:15 - mmengine - INFO - paramwise_options -- backbone.adapter.backbone.blocks.7.mlp.fc1.weight:lr_mult=0.05
2026/06/15 19:28:15 - mmengine - INFO - paramwise_options -- backbone.adapter.backbone.blocks.7.mlp.fc1.weight:decay_mult=1.0
2026/06/15 19:28:15 - mmengine - INFO - paramwise_options -- backbone.adapter.backbone.blocks.7.mlp.fc1.bias:lr=5e-06
2026/06/15 19:28:15 - mmengine - INFO - paramwise_options -- backbone.adapter.backbone.blocks.7.mlp.fc1.bias:weight_decay=0.05
2026/06/15 19:28:15 - mmengine - INFO - paramwise_options -- backbone.adapter.backbone.blocks.7.mlp.fc1.bias:lr_mult=0.05
2026/06/15 19:28:15 - mmengine - INFO - paramwise_options -- backbone.adapter.backbone.blocks.7.mlp.fc1.bias:decay_mult=1.0
2026/06/15 19:28:15 - mmengine - INFO - paramwise_options -- backbone.adapter.backbone.blocks.7.mlp.fc2.weight:lr=5e-06
2026/06/15 19:28:15 - mmengine - INFO - paramwise_options -- backbone.adapter.backbone.blocks.7.mlp.fc2.weight:weight_decay=0.05
2026/06/15 19:28:15 - mmengine - INFO - paramwise_options -- backbone.adapter.backbone.blocks.7.mlp.fc2.weight:lr_mult=0.05
2026/06/15 19:28:15 - mmengine - INFO - paramwise_options -- backbone.adapter.backbone.blocks.7.mlp.fc2.weight:decay_mult=1.0
2026/06/15 19:28:15 - mmengine - INFO - paramwise_options -- backbone.adapter.backbone.blocks.7.mlp.fc2.bias:lr=5e-06
2026/06/15 19:28:15 - mmengine - INFO - paramwise_options -- backbone.adapter.backbone.blocks.7.mlp.fc2.bias:weight_decay=0.05
2026/06/15 19:28:15 - mmengine - INFO - paramwise_options -- backbone.adapter.backbone.blocks.7.mlp.fc2.bias:lr_mult=0.05
2026/06/15 19:28:15 - mmengine - INFO - paramwise_options -- backbone.adapter.backbone.blocks.7.mlp.fc2.bias:decay_mult=1.0
2026/06/15 19:28:15 - mmengine - INFO - paramwise_options -- backbone.adapter.backbone.blocks.7.ls2.gamma:lr=5e-06
2026/06/15 19:28:15 - mmengine - INFO - paramwise_options -- backbone.adapter.backbone.blocks.7.ls2.gamma:weight_decay=0.05
2026/06/15 19:28:15 - mmengine - INFO - paramwise_options -- backbone.adapter.backbone.blocks.7.ls2.gamma:lr_mult=0.05
2026/06/15 19:28:15 - mmengine - INFO - paramwise_options -- backbone.adapter.backbone.blocks.7.ls2.gamma:decay_mult=1.0
2026/06/15 19:28:15 - mmengine - INFO - paramwise_options -- backbone.adapter.backbone.blocks.8.norm1.weight:lr=5e-06
2026/06/15 19:28:15 - mmengine - INFO - paramwise_options -- backbone.adapter.backbone.blocks.8.norm1.weight:weight_decay=0.05
2026/06/15 19:28:15 - mmengine - INFO - paramwise_options -- backbone.adapter.backbone.blocks.8.norm1.weight:lr_mult=0.05
2026/06/15 19:28:15 - mmengine - INFO - paramwise_options -- backbone.adapter.backbone.blocks.8.norm1.weight:decay_mult=1.0
2026/06/15 19:28:15 - mmengine - INFO - paramwise_options -- backbone.adapter.backbone.blocks.8.norm1.bias:lr=5e-06
2026/06/15 19:28:15 - mmengine - INFO - paramwise_options -- backbone.adapter.backbone.blocks.8.norm1.bias:weight_decay=0.05
2026/06/15 19:28:15 - mmengine - INFO - paramwise_options -- backbone.adapter.backbone.blocks.8.norm1.bias:lr_mult=0.05
2026/06/15 19:28:15 - mmengine - INFO - paramwise_options -- backbone.adapter.backbone.blocks.8.norm1.bias:decay_mult=1.0
2026/06/15 19:28:15 - mmengine - INFO - paramwise_options -- backbone.adapter.backbone.blocks.8.attn.qkv.weight:lr=5e-06
2026/06/15 19:28:15 - mmengine - INFO - paramwise_options -- backbone.adapter.backbone.blocks.8.attn.qkv.weight:weight_decay=0.05
2026/06/15 19:28:15 - mmengine - INFO - paramwise_options -- backbone.adapter.backbone.blocks.8.attn.qkv.weight:lr_mult=0.05
2026/06/15 19:28:15 - mmengine - INFO - paramwise_options -- backbone.adapter.backbone.blocks.8.attn.qkv.weight:decay_mult=1.0
2026/06/15 19:28:15 - mmengine - INFO - paramwise_options -- backbone.adapter.backbone.blocks.8.attn.qkv.bias:lr=5e-06
2026/06/15 19:28:15 - mmengine - INFO - paramwise_options -- backbone.adapter.backbone.blocks.8.attn.qkv.bias:weight_decay=0.05
2026/06/15 19:28:15 - mmengine - INFO - paramwise_options -- backbone.adapter.backbone.blocks.8.attn.qkv.bias:lr_mult=0.05
2026/06/15 19:28:15 - mmengine - INFO - paramwise_options -- backbone.adapter.backbone.blocks.8.attn.qkv.bias:decay_mult=1.0
2026/06/15 19:28:15 - mmengine - INFO - paramwise_options -- backbone.adapter.backbone.blocks.8.attn.proj.weight:lr=5e-06
2026/06/15 19:28:15 - mmengine - INFO - paramwise_options -- backbone.adapter.backbone.blocks.8.attn.proj.weight:weight_decay=0.05
2026/06/15 19:28:15 - mmengine - INFO - paramwise_options -- backbone.adapter.backbone.blocks.8.attn.proj.weight:lr_mult=0.05
2026/06/15 19:28:15 - mmengine - INFO - paramwise_options -- backbone.adapter.backbone.blocks.8.attn.proj.weight:decay_mult=1.0
2026/06/15 19:28:15 - mmengine - INFO - paramwise_options -- backbone.adapter.backbone.blocks.8.attn.proj.bias:lr=5e-06
2026/06/15 19:28:15 - mmengine - INFO - paramwise_options -- backbone.adapter.backbone.blocks.8.attn.proj.bias:weight_decay=0.05
2026/06/15 19:28:15 - mmengine - INFO - paramwise_options -- backbone.adapter.backbone.blocks.8.attn.proj.bias:lr_mult=0.05
2026/06/15 19:28:15 - mmengine - INFO - paramwise_options -- backbone.adapter.backbone.blocks.8.attn.proj.bias:decay_mult=1.0
2026/06/15 19:28:15 - mmengine - INFO - paramwise_options -- backbone.adapter.backbone.blocks.8.ls1.gamma:lr=5e-06
2026/06/15 19:28:15 - mmengine - INFO - paramwise_options -- backbone.adapter.backbone.blocks.8.ls1.gamma:weight_decay=0.05
2026/06/15 19:28:15 - mmengine - INFO - paramwise_options -- backbone.adapter.backbone.blocks.8.ls1.gamma:lr_mult=0.05
2026/06/15 19:28:15 - mmengine - INFO - paramwise_options -- backbone.adapter.backbone.blocks.8.ls1.gamma:decay_mult=1.0
2026/06/15 19:28:15 - mmengine - INFO - paramwise_options -- backbone.adapter.backbone.blocks.8.norm2.weight:lr=5e-06
2026/06/15 19:28:15 - mmengine - INFO - paramwise_options -- backbone.adapter.backbone.blocks.8.norm2.weight:weight_decay=0.05
2026/06/15 19:28:15 - mmengine - INFO - paramwise_options -- backbone.adapter.backbone.blocks.8.norm2.weight:lr_mult=0.05
2026/06/15 19:28:15 - mmengine - INFO - paramwise_options -- backbone.adapter.backbone.blocks.8.norm2.weight:decay_mult=1.0
2026/06/15 19:28:15 - mmengine - INFO - paramwise_options -- backbone.adapter.backbone.blocks.8.norm2.bias:lr=5e-06
2026/06/15 19:28:15 - mmengine - INFO - paramwise_options -- backbone.adapter.backbone.blocks.8.norm2.bias:weight_decay=0.05
2026/06/15 19:28:15 - mmengine - INFO - paramwise_options -- backbone.adapter.backbone.blocks.8.norm2.bias:lr_mult=0.05
2026/06/15 19:28:15 - mmengine - INFO - paramwise_options -- backbone.adapter.backbone.blocks.8.norm2.bias:decay_mult=1.0
2026/06/15 19:28:15 - mmengine - INFO - paramwise_options -- backbone.adapter.backbone.blocks.8.mlp.fc1.weight:lr=5e-06
2026/06/15 19:28:15 - mmengine - INFO - paramwise_options -- backbone.adapter.backbone.blocks.8.mlp.fc1.weight:weight_decay=0.05
2026/06/15 19:28:15 - mmengine - INFO - paramwise_options -- backbone.adapter.backbone.blocks.8.mlp.fc1.weight:lr_mult=0.05
2026/06/15 19:28:15 - mmengine - INFO - paramwise_options -- backbone.adapter.backbone.blocks.8.mlp.fc1.weight:decay_mult=1.0
2026/06/15 19:28:15 - mmengine - INFO - paramwise_options -- backbone.adapter.backbone.blocks.8.mlp.fc1.bias:lr=5e-06
2026/06/15 19:28:15 - mmengine - INFO - paramwise_options -- backbone.adapter.backbone.blocks.8.mlp.fc1.bias:weight_decay=0.05
2026/06/15 19:28:15 - mmengine - INFO - paramwise_options -- backbone.adapter.backbone.blocks.8.mlp.fc1.bias:lr_mult=0.05
2026/06/15 19:28:15 - mmengine - INFO - paramwise_options -- backbone.adapter.backbone.blocks.8.mlp.fc1.bias:decay_mult=1.0
2026/06/15 19:28:15 - mmengine - INFO - paramwise_options -- backbone.adapter.backbone.blocks.8.mlp.fc2.weight:lr=5e-06
2026/06/15 19:28:15 - mmengine - INFO - paramwise_options -- backbone.adapter.backbone.blocks.8.mlp.fc2.weight:weight_decay=0.05
2026/06/15 19:28:15 - mmengine - INFO - paramwise_options -- backbone.adapter.backbone.blocks.8.mlp.fc2.weight:lr_mult=0.05
2026/06/15 19:28:15 - mmengine - INFO - paramwise_options -- backbone.adapter.backbone.blocks.8.mlp.fc2.weight:decay_mult=1.0
2026/06/15 19:28:15 - mmengine - INFO - paramwise_options -- backbone.adapter.backbone.blocks.8.mlp.fc2.bias:lr=5e-06
2026/06/15 19:28:15 - mmengine - INFO - paramwise_options -- backbone.adapter.backbone.blocks.8.mlp.fc2.bias:weight_decay=0.05
2026/06/15 19:28:15 - mmengine - INFO - paramwise_options -- backbone.adapter.backbone.blocks.8.mlp.fc2.bias:lr_mult=0.05
2026/06/15 19:28:15 - mmengine - INFO - paramwise_options -- backbone.adapter.backbone.blocks.8.mlp.fc2.bias:decay_mult=1.0
2026/06/15 19:28:15 - mmengine - INFO - paramwise_options -- backbone.adapter.backbone.blocks.8.ls2.gamma:lr=5e-06
2026/06/15 19:28:15 - mmengine - INFO - paramwise_options -- backbone.adapter.backbone.blocks.8.ls2.gamma:weight_decay=0.05
2026/06/15 19:28:15 - mmengine - INFO - paramwise_options -- backbone.adapter.backbone.blocks.8.ls2.gamma:lr_mult=0.05
2026/06/15 19:28:15 - mmengine - INFO - paramwise_options -- backbone.adapter.backbone.blocks.8.ls2.gamma:decay_mult=1.0
2026/06/15 19:28:15 - mmengine - INFO - paramwise_options -- backbone.adapter.backbone.blocks.9.norm1.weight:lr=5e-06
2026/06/15 19:28:15 - mmengine - INFO - paramwise_options -- backbone.adapter.backbone.blocks.9.norm1.weight:weight_decay=0.05
2026/06/15 19:28:15 - mmengine - INFO - paramwise_options -- backbone.adapter.backbone.blocks.9.norm1.weight:lr_mult=0.05
2026/06/15 19:28:15 - mmengine - INFO - paramwise_options -- backbone.adapter.backbone.blocks.9.norm1.weight:decay_mult=1.0
2026/06/15 19:28:15 - mmengine - INFO - paramwise_options -- backbone.adapter.backbone.blocks.9.norm1.bias:lr=5e-06
2026/06/15 19:28:15 - mmengine - INFO - paramwise_options -- backbone.adapter.backbone.blocks.9.norm1.bias:weight_decay=0.05
2026/06/15 19:28:15 - mmengine - INFO - paramwise_options -- backbone.adapter.backbone.blocks.9.norm1.bias:lr_mult=0.05
2026/06/15 19:28:15 - mmengine - INFO - paramwise_options -- backbone.adapter.backbone.blocks.9.norm1.bias:decay_mult=1.0
2026/06/15 19:28:15 - mmengine - INFO - paramwise_options -- backbone.adapter.backbone.blocks.9.attn.qkv.weight:lr=5e-06
2026/06/15 19:28:15 - mmengine - INFO - paramwise_options -- backbone.adapter.backbone.blocks.9.attn.qkv.weight:weight_decay=0.05
2026/06/15 19:28:15 - mmengine - INFO - paramwise_options -- backbone.adapter.backbone.blocks.9.attn.qkv.weight:lr_mult=0.05
2026/06/15 19:28:15 - mmengine - INFO - paramwise_options -- backbone.adapter.backbone.blocks.9.attn.qkv.weight:decay_mult=1.0
2026/06/15 19:28:15 - mmengine - INFO - paramwise_options -- backbone.adapter.backbone.blocks.9.attn.qkv.bias:lr=5e-06
2026/06/15 19:28:15 - mmengine - INFO - paramwise_options -- backbone.adapter.backbone.blocks.9.attn.qkv.bias:weight_decay=0.05
2026/06/15 19:28:15 - mmengine - INFO - paramwise_options -- backbone.adapter.backbone.blocks.9.attn.qkv.bias:lr_mult=0.05
2026/06/15 19:28:15 - mmengine - INFO - paramwise_options -- backbone.adapter.backbone.blocks.9.attn.qkv.bias:decay_mult=1.0
2026/06/15 19:28:15 - mmengine - INFO - paramwise_options -- backbone.adapter.backbone.blocks.9.attn.proj.weight:lr=5e-06
2026/06/15 19:28:15 - mmengine - INFO - paramwise_options -- backbone.adapter.backbone.blocks.9.attn.proj.weight:weight_decay=0.05
2026/06/15 19:28:15 - mmengine - INFO - paramwise_options -- backbone.adapter.backbone.blocks.9.attn.proj.weight:lr_mult=0.05
2026/06/15 19:28:15 - mmengine - INFO - paramwise_options -- backbone.adapter.backbone.blocks.9.attn.proj.weight:decay_mult=1.0
2026/06/15 19:28:15 - mmengine - INFO - paramwise_options -- backbone.adapter.backbone.blocks.9.attn.proj.bias:lr=5e-06
2026/06/15 19:28:15 - mmengine - INFO - paramwise_options -- backbone.adapter.backbone.blocks.9.attn.proj.bias:weight_decay=0.05
2026/06/15 19:28:15 - mmengine - INFO - paramwise_options -- backbone.adapter.backbone.blocks.9.attn.proj.bias:lr_mult=0.05
2026/06/15 19:28:15 - mmengine - INFO - paramwise_options -- backbone.adapter.backbone.blocks.9.attn.proj.bias:decay_mult=1.0
2026/06/15 19:28:15 - mmengine - INFO - paramwise_options -- backbone.adapter.backbone.blocks.9.ls1.gamma:lr=5e-06
2026/06/15 19:28:15 - mmengine - INFO - paramwise_options -- backbone.adapter.backbone.blocks.9.ls1.gamma:weight_decay=0.05
2026/06/15 19:28:15 - mmengine - INFO - paramwise_options -- backbone.adapter.backbone.blocks.9.ls1.gamma:lr_mult=0.05
2026/06/15 19:28:15 - mmengine - INFO - paramwise_options -- backbone.adapter.backbone.blocks.9.ls1.gamma:decay_mult=1.0
2026/06/15 19:28:15 - mmengine - INFO - paramwise_options -- backbone.adapter.backbone.blocks.9.norm2.weight:lr=5e-06
2026/06/15 19:28:15 - mmengine - INFO - paramwise_options -- backbone.adapter.backbone.blocks.9.norm2.weight:weight_decay=0.05
2026/06/15 19:28:15 - mmengine - INFO - paramwise_options -- backbone.adapter.backbone.blocks.9.norm2.weight:lr_mult=0.05
2026/06/15 19:28:15 - mmengine - INFO - paramwise_options -- backbone.adapter.backbone.blocks.9.norm2.weight:decay_mult=1.0
2026/06/15 19:28:15 - mmengine - INFO - paramwise_options -- backbone.adapter.backbone.blocks.9.norm2.bias:lr=5e-06
2026/06/15 19:28:15 - mmengine - INFO - paramwise_options -- backbone.adapter.backbone.blocks.9.norm2.bias:weight_decay=0.05
2026/06/15 19:28:15 - mmengine - INFO - paramwise_options -- backbone.adapter.backbone.blocks.9.norm2.bias:lr_mult=0.05
2026/06/15 19:28:15 - mmengine - INFO - paramwise_options -- backbone.adapter.backbone.blocks.9.norm2.bias:decay_mult=1.0
2026/06/15 19:28:15 - mmengine - INFO - paramwise_options -- backbone.adapter.backbone.blocks.9.mlp.fc1.weight:lr=5e-06
2026/06/15 19:28:15 - mmengine - INFO - paramwise_options -- backbone.adapter.backbone.blocks.9.mlp.fc1.weight:weight_decay=0.05
2026/06/15 19:28:15 - mmengine - INFO - paramwise_options -- backbone.adapter.backbone.blocks.9.mlp.fc1.weight:lr_mult=0.05
2026/06/15 19:28:15 - mmengine - INFO - paramwise_options -- backbone.adapter.backbone.blocks.9.mlp.fc1.weight:decay_mult=1.0
2026/06/15 19:28:15 - mmengine - INFO - paramwise_options -- backbone.adapter.backbone.blocks.9.mlp.fc1.bias:lr=5e-06
2026/06/15 19:28:15 - mmengine - INFO - paramwise_options -- backbone.adapter.backbone.blocks.9.mlp.fc1.bias:weight_decay=0.05
2026/06/15 19:28:15 - mmengine - INFO - paramwise_options -- backbone.adapter.backbone.blocks.9.mlp.fc1.bias:lr_mult=0.05
2026/06/15 19:28:15 - mmengine - INFO - paramwise_options -- backbone.adapter.backbone.blocks.9.mlp.fc1.bias:decay_mult=1.0
2026/06/15 19:28:15 - mmengine - INFO - paramwise_options -- backbone.adapter.backbone.blocks.9.mlp.fc2.weight:lr=5e-06
2026/06/15 19:28:15 - mmengine - INFO - paramwise_options -- backbone.adapter.backbone.blocks.9.mlp.fc2.weight:weight_decay=0.05
2026/06/15 19:28:15 - mmengine - INFO - paramwise_options -- backbone.adapter.backbone.blocks.9.mlp.fc2.weight:lr_mult=0.05
2026/06/15 19:28:15 - mmengine - INFO - paramwise_options -- backbone.adapter.backbone.blocks.9.mlp.fc2.weight:decay_mult=1.0
2026/06/15 19:28:15 - mmengine - INFO - paramwise_options -- backbone.adapter.backbone.blocks.9.mlp.fc2.bias:lr=5e-06
2026/06/15 19:28:15 - mmengine - INFO - paramwise_options -- backbone.adapter.backbone.blocks.9.mlp.fc2.bias:weight_decay=0.05
2026/06/15 19:28:15 - mmengine - INFO - paramwise_options -- backbone.adapter.backbone.blocks.9.mlp.fc2.bias:lr_mult=0.05
2026/06/15 19:28:15 - mmengine - INFO - paramwise_options -- backbone.adapter.backbone.blocks.9.mlp.fc2.bias:decay_mult=1.0
2026/06/15 19:28:15 - mmengine - INFO - paramwise_options -- backbone.adapter.backbone.blocks.9.ls2.gamma:lr=5e-06
2026/06/15 19:28:15 - mmengine - INFO - paramwise_options -- backbone.adapter.backbone.blocks.9.ls2.gamma:weight_decay=0.05
2026/06/15 19:28:15 - mmengine - INFO - paramwise_options -- backbone.adapter.backbone.blocks.9.ls2.gamma:lr_mult=0.05
2026/06/15 19:28:15 - mmengine - INFO - paramwise_options -- backbone.adapter.backbone.blocks.9.ls2.gamma:decay_mult=1.0
2026/06/15 19:28:15 - mmengine - INFO - paramwise_options -- backbone.adapter.backbone.blocks.10.norm1.weight:lr=5e-06
2026/06/15 19:28:15 - mmengine - INFO - paramwise_options -- backbone.adapter.backbone.blocks.10.norm1.weight:weight_decay=0.05
2026/06/15 19:28:15 - mmengine - INFO - paramwise_options -- backbone.adapter.backbone.blocks.10.norm1.weight:lr_mult=0.05
2026/06/15 19:28:15 - mmengine - INFO - paramwise_options -- backbone.adapter.backbone.blocks.10.norm1.weight:decay_mult=1.0
2026/06/15 19:28:15 - mmengine - INFO - paramwise_options -- backbone.adapter.backbone.blocks.10.norm1.bias:lr=5e-06
2026/06/15 19:28:15 - mmengine - INFO - paramwise_options -- backbone.adapter.backbone.blocks.10.norm1.bias:weight_decay=0.05
2026/06/15 19:28:15 - mmengine - INFO - paramwise_options -- backbone.adapter.backbone.blocks.10.norm1.bias:lr_mult=0.05
2026/06/15 19:28:15 - mmengine - INFO - paramwise_options -- backbone.adapter.backbone.blocks.10.norm1.bias:decay_mult=1.0
2026/06/15 19:28:15 - mmengine - INFO - paramwise_options -- backbone.adapter.backbone.blocks.10.attn.qkv.weight:lr=5e-06
2026/06/15 19:28:15 - mmengine - INFO - paramwise_options -- backbone.adapter.backbone.blocks.10.attn.qkv.weight:weight_decay=0.05
2026/06/15 19:28:15 - mmengine - INFO - paramwise_options -- backbone.adapter.backbone.blocks.10.attn.qkv.weight:lr_mult=0.05
2026/06/15 19:28:15 - mmengine - INFO - paramwise_options -- backbone.adapter.backbone.blocks.10.attn.qkv.weight:decay_mult=1.0
2026/06/15 19:28:15 - mmengine - INFO - paramwise_options -- backbone.adapter.backbone.blocks.10.attn.qkv.bias:lr=5e-06
2026/06/15 19:28:15 - mmengine - INFO - paramwise_options -- backbone.adapter.backbone.blocks.10.attn.qkv.bias:weight_decay=0.05
2026/06/15 19:28:15 - mmengine - INFO - paramwise_options -- backbone.adapter.backbone.blocks.10.attn.qkv.bias:lr_mult=0.05
2026/06/15 19:28:15 - mmengine - INFO - paramwise_options -- backbone.adapter.backbone.blocks.10.attn.qkv.bias:decay_mult=1.0
2026/06/15 19:28:15 - mmengine - INFO - paramwise_options -- backbone.adapter.backbone.blocks.10.attn.proj.weight:lr=5e-06
2026/06/15 19:28:15 - mmengine - INFO - paramwise_options -- backbone.adapter.backbone.blocks.10.attn.proj.weight:weight_decay=0.05
2026/06/15 19:28:15 - mmengine - INFO - paramwise_options -- backbone.adapter.backbone.blocks.10.attn.proj.weight:lr_mult=0.05
2026/06/15 19:28:15 - mmengine - INFO - paramwise_options -- backbone.adapter.backbone.blocks.10.attn.proj.weight:decay_mult=1.0
2026/06/15 19:28:15 - mmengine - INFO - paramwise_options -- backbone.adapter.backbone.blocks.10.attn.proj.bias:lr=5e-06
2026/06/15 19:28:15 - mmengine - INFO - paramwise_options -- backbone.adapter.backbone.blocks.10.attn.proj.bias:weight_decay=0.05
2026/06/15 19:28:15 - mmengine - INFO - paramwise_options -- backbone.adapter.backbone.blocks.10.attn.proj.bias:lr_mult=0.05
2026/06/15 19:28:15 - mmengine - INFO - paramwise_options -- backbone.adapter.backbone.blocks.10.attn.proj.bias:decay_mult=1.0
2026/06/15 19:28:15 - mmengine - INFO - paramwise_options -- backbone.adapter.backbone.blocks.10.ls1.gamma:lr=5e-06
2026/06/15 19:28:15 - mmengine - INFO - paramwise_options -- backbone.adapter.backbone.blocks.10.ls1.gamma:weight_decay=0.05
2026/06/15 19:28:15 - mmengine - INFO - paramwise_options -- backbone.adapter.backbone.blocks.10.ls1.gamma:lr_mult=0.05
2026/06/15 19:28:15 - mmengine - INFO - paramwise_options -- backbone.adapter.backbone.blocks.10.ls1.gamma:decay_mult=1.0
2026/06/15 19:28:15 - mmengine - INFO - paramwise_options -- backbone.adapter.backbone.blocks.10.norm2.weight:lr=5e-06
2026/06/15 19:28:15 - mmengine - INFO - paramwise_options -- backbone.adapter.backbone.blocks.10.norm2.weight:weight_decay=0.05
2026/06/15 19:28:15 - mmengine - INFO - paramwise_options -- backbone.adapter.backbone.blocks.10.norm2.weight:lr_mult=0.05
2026/06/15 19:28:15 - mmengine - INFO - paramwise_options -- backbone.adapter.backbone.blocks.10.norm2.weight:decay_mult=1.0
2026/06/15 19:28:15 - mmengine - INFO - paramwise_options -- backbone.adapter.backbone.blocks.10.norm2.bias:lr=5e-06
2026/06/15 19:28:15 - mmengine - INFO - paramwise_options -- backbone.adapter.backbone.blocks.10.norm2.bias:weight_decay=0.05
2026/06/15 19:28:15 - mmengine - INFO - paramwise_options -- backbone.adapter.backbone.blocks.10.norm2.bias:lr_mult=0.05
2026/06/15 19:28:15 - mmengine - INFO - paramwise_options -- backbone.adapter.backbone.blocks.10.norm2.bias:decay_mult=1.0
2026/06/15 19:28:15 - mmengine - INFO - paramwise_options -- backbone.adapter.backbone.blocks.10.mlp.fc1.weight:lr=5e-06
2026/06/15 19:28:15 - mmengine - INFO - paramwise_options -- backbone.adapter.backbone.blocks.10.mlp.fc1.weight:weight_decay=0.05
2026/06/15 19:28:15 - mmengine - INFO - paramwise_options -- backbone.adapter.backbone.blocks.10.mlp.fc1.weight:lr_mult=0.05
2026/06/15 19:28:15 - mmengine - INFO - paramwise_options -- backbone.adapter.backbone.blocks.10.mlp.fc1.weight:decay_mult=1.0
2026/06/15 19:28:15 - mmengine - INFO - paramwise_options -- backbone.adapter.backbone.blocks.10.mlp.fc1.bias:lr=5e-06
2026/06/15 19:28:15 - mmengine - INFO - paramwise_options -- backbone.adapter.backbone.blocks.10.mlp.fc1.bias:weight_decay=0.05
2026/06/15 19:28:15 - mmengine - INFO - paramwise_options -- backbone.adapter.backbone.blocks.10.mlp.fc1.bias:lr_mult=0.05
2026/06/15 19:28:15 - mmengine - INFO - paramwise_options -- backbone.adapter.backbone.blocks.10.mlp.fc1.bias:decay_mult=1.0
2026/06/15 19:28:15 - mmengine - INFO - paramwise_options -- backbone.adapter.backbone.blocks.10.mlp.fc2.weight:lr=5e-06
2026/06/15 19:28:15 - mmengine - INFO - paramwise_options -- backbone.adapter.backbone.blocks.10.mlp.fc2.weight:weight_decay=0.05
2026/06/15 19:28:15 - mmengine - INFO - paramwise_options -- backbone.adapter.backbone.blocks.10.mlp.fc2.weight:lr_mult=0.05
2026/06/15 19:28:15 - mmengine - INFO - paramwise_options -- backbone.adapter.backbone.blocks.10.mlp.fc2.weight:decay_mult=1.0
2026/06/15 19:28:15 - mmengine - INFO - paramwise_options -- backbone.adapter.backbone.blocks.10.mlp.fc2.bias:lr=5e-06
2026/06/15 19:28:15 - mmengine - INFO - paramwise_options -- backbone.adapter.backbone.blocks.10.mlp.fc2.bias:weight_decay=0.05
2026/06/15 19:28:15 - mmengine - INFO - paramwise_options -- backbone.adapter.backbone.blocks.10.mlp.fc2.bias:lr_mult=0.05
2026/06/15 19:28:15 - mmengine - INFO - paramwise_options -- backbone.adapter.backbone.blocks.10.mlp.fc2.bias:decay_mult=1.0
2026/06/15 19:28:15 - mmengine - INFO - paramwise_options -- backbone.adapter.backbone.blocks.10.ls2.gamma:lr=5e-06
2026/06/15 19:28:15 - mmengine - INFO - paramwise_options -- backbone.adapter.backbone.blocks.10.ls2.gamma:weight_decay=0.05
2026/06/15 19:28:15 - mmengine - INFO - paramwise_options -- backbone.adapter.backbone.blocks.10.ls2.gamma:lr_mult=0.05
2026/06/15 19:28:15 - mmengine - INFO - paramwise_options -- backbone.adapter.backbone.blocks.10.ls2.gamma:decay_mult=1.0
2026/06/15 19:28:15 - mmengine - INFO - paramwise_options -- backbone.adapter.backbone.blocks.11.norm1.weight:lr=5e-06
2026/06/15 19:28:15 - mmengine - INFO - paramwise_options -- backbone.adapter.backbone.blocks.11.norm1.weight:weight_decay=0.05
2026/06/15 19:28:15 - mmengine - INFO - paramwise_options -- backbone.adapter.backbone.blocks.11.norm1.weight:lr_mult=0.05
2026/06/15 19:28:15 - mmengine - INFO - paramwise_options -- backbone.adapter.backbone.blocks.11.norm1.weight:decay_mult=1.0
2026/06/15 19:28:15 - mmengine - INFO - paramwise_options -- backbone.adapter.backbone.blocks.11.norm1.bias:lr=5e-06
2026/06/15 19:28:15 - mmengine - INFO - paramwise_options -- backbone.adapter.backbone.blocks.11.norm1.bias:weight_decay=0.05
2026/06/15 19:28:15 - mmengine - INFO - paramwise_options -- backbone.adapter.backbone.blocks.11.norm1.bias:lr_mult=0.05
2026/06/15 19:28:15 - mmengine - INFO - paramwise_options -- backbone.adapter.backbone.blocks.11.norm1.bias:decay_mult=1.0
2026/06/15 19:28:15 - mmengine - INFO - paramwise_options -- backbone.adapter.backbone.blocks.11.attn.qkv.weight:lr=5e-06
2026/06/15 19:28:15 - mmengine - INFO - paramwise_options -- backbone.adapter.backbone.blocks.11.attn.qkv.weight:weight_decay=0.05
2026/06/15 19:28:15 - mmengine - INFO - paramwise_options -- backbone.adapter.backbone.blocks.11.attn.qkv.weight:lr_mult=0.05
2026/06/15 19:28:15 - mmengine - INFO - paramwise_options -- backbone.adapter.backbone.blocks.11.attn.qkv.weight:decay_mult=1.0
2026/06/15 19:28:15 - mmengine - INFO - paramwise_options -- backbone.adapter.backbone.blocks.11.attn.qkv.bias:lr=5e-06
2026/06/15 19:28:15 - mmengine - INFO - paramwise_options -- backbone.adapter.backbone.blocks.11.attn.qkv.bias:weight_decay=0.05
2026/06/15 19:28:15 - mmengine - INFO - paramwise_options -- backbone.adapter.backbone.blocks.11.attn.qkv.bias:lr_mult=0.05
2026/06/15 19:28:15 - mmengine - INFO - paramwise_options -- backbone.adapter.backbone.blocks.11.attn.qkv.bias:decay_mult=1.0
2026/06/15 19:28:15 - mmengine - INFO - paramwise_options -- backbone.adapter.backbone.blocks.11.attn.proj.weight:lr=5e-06
2026/06/15 19:28:15 - mmengine - INFO - paramwise_options -- backbone.adapter.backbone.blocks.11.attn.proj.weight:weight_decay=0.05
2026/06/15 19:28:15 - mmengine - INFO - paramwise_options -- backbone.adapter.backbone.blocks.11.attn.proj.weight:lr_mult=0.05
2026/06/15 19:28:15 - mmengine - INFO - paramwise_options -- backbone.adapter.backbone.blocks.11.attn.proj.weight:decay_mult=1.0
2026/06/15 19:28:15 - mmengine - INFO - paramwise_options -- backbone.adapter.backbone.blocks.11.attn.proj.bias:lr=5e-06
2026/06/15 19:28:15 - mmengine - INFO - paramwise_options -- backbone.adapter.backbone.blocks.11.attn.proj.bias:weight_decay=0.05
2026/06/15 19:28:15 - mmengine - INFO - paramwise_options -- backbone.adapter.backbone.blocks.11.attn.proj.bias:lr_mult=0.05
2026/06/15 19:28:15 - mmengine - INFO - paramwise_options -- backbone.adapter.backbone.blocks.11.attn.proj.bias:decay_mult=1.0
2026/06/15 19:28:15 - mmengine - INFO - paramwise_options -- backbone.adapter.backbone.blocks.11.ls1.gamma:lr=5e-06
2026/06/15 19:28:15 - mmengine - INFO - paramwise_options -- backbone.adapter.backbone.blocks.11.ls1.gamma:weight_decay=0.05
2026/06/15 19:28:15 - mmengine - INFO - paramwise_options -- backbone.adapter.backbone.blocks.11.ls1.gamma:lr_mult=0.05
2026/06/15 19:28:15 - mmengine - INFO - paramwise_options -- backbone.adapter.backbone.blocks.11.ls1.gamma:decay_mult=1.0
2026/06/15 19:28:15 - mmengine - INFO - paramwise_options -- backbone.adapter.backbone.blocks.11.norm2.weight:lr=5e-06
2026/06/15 19:28:15 - mmengine - INFO - paramwise_options -- backbone.adapter.backbone.blocks.11.norm2.weight:weight_decay=0.05
2026/06/15 19:28:15 - mmengine - INFO - paramwise_options -- backbone.adapter.backbone.blocks.11.norm2.weight:lr_mult=0.05
2026/06/15 19:28:15 - mmengine - INFO - paramwise_options -- backbone.adapter.backbone.blocks.11.norm2.weight:decay_mult=1.0
2026/06/15 19:28:15 - mmengine - INFO - paramwise_options -- backbone.adapter.backbone.blocks.11.norm2.bias:lr=5e-06
2026/06/15 19:28:15 - mmengine - INFO - paramwise_options -- backbone.adapter.backbone.blocks.11.norm2.bias:weight_decay=0.05
2026/06/15 19:28:15 - mmengine - INFO - paramwise_options -- backbone.adapter.backbone.blocks.11.norm2.bias:lr_mult=0.05
2026/06/15 19:28:15 - mmengine - INFO - paramwise_options -- backbone.adapter.backbone.blocks.11.norm2.bias:decay_mult=1.0
2026/06/15 19:28:15 - mmengine - INFO - paramwise_options -- backbone.adapter.backbone.blocks.11.mlp.fc1.weight:lr=5e-06
2026/06/15 19:28:15 - mmengine - INFO - paramwise_options -- backbone.adapter.backbone.blocks.11.mlp.fc1.weight:weight_decay=0.05
2026/06/15 19:28:15 - mmengine - INFO - paramwise_options -- backbone.adapter.backbone.blocks.11.mlp.fc1.weight:lr_mult=0.05
2026/06/15 19:28:15 - mmengine - INFO - paramwise_options -- backbone.adapter.backbone.blocks.11.mlp.fc1.weight:decay_mult=1.0
2026/06/15 19:28:15 - mmengine - INFO - paramwise_options -- backbone.adapter.backbone.blocks.11.mlp.fc1.bias:lr=5e-06
2026/06/15 19:28:15 - mmengine - INFO - paramwise_options -- backbone.adapter.backbone.blocks.11.mlp.fc1.bias:weight_decay=0.05
2026/06/15 19:28:15 - mmengine - INFO - paramwise_options -- backbone.adapter.backbone.blocks.11.mlp.fc1.bias:lr_mult=0.05
2026/06/15 19:28:15 - mmengine - INFO - paramwise_options -- backbone.adapter.backbone.blocks.11.mlp.fc1.bias:decay_mult=1.0
2026/06/15 19:28:15 - mmengine - INFO - paramwise_options -- backbone.adapter.backbone.blocks.11.mlp.fc2.weight:lr=5e-06
2026/06/15 19:28:15 - mmengine - INFO - paramwise_options -- backbone.adapter.backbone.blocks.11.mlp.fc2.weight:weight_decay=0.05
2026/06/15 19:28:15 - mmengine - INFO - paramwise_options -- backbone.adapter.backbone.blocks.11.mlp.fc2.weight:lr_mult=0.05
2026/06/15 19:28:15 - mmengine - INFO - paramwise_options -- backbone.adapter.backbone.blocks.11.mlp.fc2.weight:decay_mult=1.0
2026/06/15 19:28:15 - mmengine - INFO - paramwise_options -- backbone.adapter.backbone.blocks.11.mlp.fc2.bias:lr=5e-06
2026/06/15 19:28:15 - mmengine - INFO - paramwise_options -- backbone.adapter.backbone.blocks.11.mlp.fc2.bias:weight_decay=0.05
2026/06/15 19:28:15 - mmengine - INFO - paramwise_options -- backbone.adapter.backbone.blocks.11.mlp.fc2.bias:lr_mult=0.05
2026/06/15 19:28:15 - mmengine - INFO - paramwise_options -- backbone.adapter.backbone.blocks.11.mlp.fc2.bias:decay_mult=1.0
2026/06/15 19:28:15 - mmengine - INFO - paramwise_options -- backbone.adapter.backbone.blocks.11.ls2.gamma:lr=5e-06
2026/06/15 19:28:15 - mmengine - INFO - paramwise_options -- backbone.adapter.backbone.blocks.11.ls2.gamma:weight_decay=0.05
2026/06/15 19:28:15 - mmengine - INFO - paramwise_options -- backbone.adapter.backbone.blocks.11.ls2.gamma:lr_mult=0.05
2026/06/15 19:28:15 - mmengine - INFO - paramwise_options -- backbone.adapter.backbone.blocks.11.ls2.gamma:decay_mult=1.0
2026/06/15 19:28:15 - mmengine - INFO - paramwise_options -- backbone.adapter.backbone.blocks.12.norm1.weight:lr=5e-06
2026/06/15 19:28:15 - mmengine - INFO - paramwise_options -- backbone.adapter.backbone.blocks.12.norm1.weight:weight_decay=0.05
2026/06/15 19:28:15 - mmengine - INFO - paramwise_options -- backbone.adapter.backbone.blocks.12.norm1.weight:lr_mult=0.05
2026/06/15 19:28:15 - mmengine - INFO - paramwise_options -- backbone.adapter.backbone.blocks.12.norm1.weight:decay_mult=1.0
2026/06/15 19:28:15 - mmengine - INFO - paramwise_options -- backbone.adapter.backbone.blocks.12.norm1.bias:lr=5e-06
2026/06/15 19:28:15 - mmengine - INFO - paramwise_options -- backbone.adapter.backbone.blocks.12.norm1.bias:weight_decay=0.05
2026/06/15 19:28:15 - mmengine - INFO - paramwise_options -- backbone.adapter.backbone.blocks.12.norm1.bias:lr_mult=0.05
2026/06/15 19:28:15 - mmengine - INFO - paramwise_options -- backbone.adapter.backbone.blocks.12.norm1.bias:decay_mult=1.0
2026/06/15 19:28:15 - mmengine - INFO - paramwise_options -- backbone.adapter.backbone.blocks.12.attn.qkv.weight:lr=5e-06
2026/06/15 19:28:15 - mmengine - INFO - paramwise_options -- backbone.adapter.backbone.blocks.12.attn.qkv.weight:weight_decay=0.05
2026/06/15 19:28:15 - mmengine - INFO - paramwise_options -- backbone.adapter.backbone.blocks.12.attn.qkv.weight:lr_mult=0.05
2026/06/15 19:28:15 - mmengine - INFO - paramwise_options -- backbone.adapter.backbone.blocks.12.attn.qkv.weight:decay_mult=1.0
2026/06/15 19:28:15 - mmengine - INFO - paramwise_options -- backbone.adapter.backbone.blocks.12.attn.qkv.bias:lr=5e-06
2026/06/15 19:28:15 - mmengine - INFO - paramwise_options -- backbone.adapter.backbone.blocks.12.attn.qkv.bias:weight_decay=0.05
2026/06/15 19:28:15 - mmengine - INFO - paramwise_options -- backbone.adapter.backbone.blocks.12.attn.qkv.bias:lr_mult=0.05
2026/06/15 19:28:15 - mmengine - INFO - paramwise_options -- backbone.adapter.backbone.blocks.12.attn.qkv.bias:decay_mult=1.0
2026/06/15 19:28:15 - mmengine - INFO - paramwise_options -- backbone.adapter.backbone.blocks.12.attn.proj.weight:lr=5e-06
2026/06/15 19:28:15 - mmengine - INFO - paramwise_options -- backbone.adapter.backbone.blocks.12.attn.proj.weight:weight_decay=0.05
2026/06/15 19:28:15 - mmengine - INFO - paramwise_options -- backbone.adapter.backbone.blocks.12.attn.proj.weight:lr_mult=0.05
2026/06/15 19:28:15 - mmengine - INFO - paramwise_options -- backbone.adapter.backbone.blocks.12.attn.proj.weight:decay_mult=1.0
2026/06/15 19:28:15 - mmengine - INFO - paramwise_options -- backbone.adapter.backbone.blocks.12.attn.proj.bias:lr=5e-06
2026/06/15 19:28:15 - mmengine - INFO - paramwise_options -- backbone.adapter.backbone.blocks.12.attn.proj.bias:weight_decay=0.05
2026/06/15 19:28:15 - mmengine - INFO - paramwise_options -- backbone.adapter.backbone.blocks.12.attn.proj.bias:lr_mult=0.05
2026/06/15 19:28:15 - mmengine - INFO - paramwise_options -- backbone.adapter.backbone.blocks.12.attn.proj.bias:decay_mult=1.0
2026/06/15 19:28:15 - mmengine - INFO - paramwise_options -- backbone.adapter.backbone.blocks.12.ls1.gamma:lr=5e-06
2026/06/15 19:28:15 - mmengine - INFO - paramwise_options -- backbone.adapter.backbone.blocks.12.ls1.gamma:weight_decay=0.05
2026/06/15 19:28:15 - mmengine - INFO - paramwise_options -- backbone.adapter.backbone.blocks.12.ls1.gamma:lr_mult=0.05
2026/06/15 19:28:15 - mmengine - INFO - paramwise_options -- backbone.adapter.backbone.blocks.12.ls1.gamma:decay_mult=1.0
2026/06/15 19:28:15 - mmengine - INFO - paramwise_options -- backbone.adapter.backbone.blocks.12.norm2.weight:lr=5e-06
2026/06/15 19:28:15 - mmengine - INFO - paramwise_options -- backbone.adapter.backbone.blocks.12.norm2.weight:weight_decay=0.05
2026/06/15 19:28:15 - mmengine - INFO - paramwise_options -- backbone.adapter.backbone.blocks.12.norm2.weight:lr_mult=0.05
2026/06/15 19:28:15 - mmengine - INFO - paramwise_options -- backbone.adapter.backbone.blocks.12.norm2.weight:decay_mult=1.0
2026/06/15 19:28:15 - mmengine - INFO - paramwise_options -- backbone.adapter.backbone.blocks.12.norm2.bias:lr=5e-06
2026/06/15 19:28:15 - mmengine - INFO - paramwise_options -- backbone.adapter.backbone.blocks.12.norm2.bias:weight_decay=0.05
2026/06/15 19:28:15 - mmengine - INFO - paramwise_options -- backbone.adapter.backbone.blocks.12.norm2.bias:lr_mult=0.05
2026/06/15 19:28:15 - mmengine - INFO - paramwise_options -- backbone.adapter.backbone.blocks.12.norm2.bias:decay_mult=1.0
2026/06/15 19:28:15 - mmengine - INFO - paramwise_options -- backbone.adapter.backbone.blocks.12.mlp.fc1.weight:lr=5e-06
2026/06/15 19:28:15 - mmengine - INFO - paramwise_options -- backbone.adapter.backbone.blocks.12.mlp.fc1.weight:weight_decay=0.05
2026/06/15 19:28:15 - mmengine - INFO - paramwise_options -- backbone.adapter.backbone.blocks.12.mlp.fc1.weight:lr_mult=0.05
2026/06/15 19:28:15 - mmengine - INFO - paramwise_options -- backbone.adapter.backbone.blocks.12.mlp.fc1.weight:decay_mult=1.0
2026/06/15 19:28:15 - mmengine - INFO - paramwise_options -- backbone.adapter.backbone.blocks.12.mlp.fc1.bias:lr=5e-06
2026/06/15 19:28:15 - mmengine - INFO - paramwise_options -- backbone.adapter.backbone.blocks.12.mlp.fc1.bias:weight_decay=0.05
2026/06/15 19:28:15 - mmengine - INFO - paramwise_options -- backbone.adapter.backbone.blocks.12.mlp.fc1.bias:lr_mult=0.05
2026/06/15 19:28:15 - mmengine - INFO - paramwise_options -- backbone.adapter.backbone.blocks.12.mlp.fc1.bias:decay_mult=1.0
2026/06/15 19:28:15 - mmengine - INFO - paramwise_options -- backbone.adapter.backbone.blocks.12.mlp.fc2.weight:lr=5e-06
2026/06/15 19:28:15 - mmengine - INFO - paramwise_options -- backbone.adapter.backbone.blocks.12.mlp.fc2.weight:weight_decay=0.05
2026/06/15 19:28:15 - mmengine - INFO - paramwise_options -- backbone.adapter.backbone.blocks.12.mlp.fc2.weight:lr_mult=0.05
2026/06/15 19:28:15 - mmengine - INFO - paramwise_options -- backbone.adapter.backbone.blocks.12.mlp.fc2.weight:decay_mult=1.0
2026/06/15 19:28:15 - mmengine - INFO - paramwise_options -- backbone.adapter.backbone.blocks.12.mlp.fc2.bias:lr=5e-06
2026/06/15 19:28:15 - mmengine - INFO - paramwise_options -- backbone.adapter.backbone.blocks.12.mlp.fc2.bias:weight_decay=0.05
2026/06/15 19:28:15 - mmengine - INFO - paramwise_options -- backbone.adapter.backbone.blocks.12.mlp.fc2.bias:lr_mult=0.05
2026/06/15 19:28:15 - mmengine - INFO - paramwise_options -- backbone.adapter.backbone.blocks.12.mlp.fc2.bias:decay_mult=1.0
2026/06/15 19:28:15 - mmengine - INFO - paramwise_options -- backbone.adapter.backbone.blocks.12.ls2.gamma:lr=5e-06
2026/06/15 19:28:15 - mmengine - INFO - paramwise_options -- backbone.adapter.backbone.blocks.12.ls2.gamma:weight_decay=0.05
2026/06/15 19:28:15 - mmengine - INFO - paramwise_options -- backbone.adapter.backbone.blocks.12.ls2.gamma:lr_mult=0.05
2026/06/15 19:28:15 - mmengine - INFO - paramwise_options -- backbone.adapter.backbone.blocks.12.ls2.gamma:decay_mult=1.0
2026/06/15 19:28:15 - mmengine - INFO - paramwise_options -- backbone.adapter.backbone.blocks.13.norm1.weight:lr=5e-06
2026/06/15 19:28:15 - mmengine - INFO - paramwise_options -- backbone.adapter.backbone.blocks.13.norm1.weight:weight_decay=0.05
2026/06/15 19:28:15 - mmengine - INFO - paramwise_options -- backbone.adapter.backbone.blocks.13.norm1.weight:lr_mult=0.05
2026/06/15 19:28:15 - mmengine - INFO - paramwise_options -- backbone.adapter.backbone.blocks.13.norm1.weight:decay_mult=1.0
2026/06/15 19:28:15 - mmengine - INFO - paramwise_options -- backbone.adapter.backbone.blocks.13.norm1.bias:lr=5e-06
2026/06/15 19:28:15 - mmengine - INFO - paramwise_options -- backbone.adapter.backbone.blocks.13.norm1.bias:weight_decay=0.05
2026/06/15 19:28:15 - mmengine - INFO - paramwise_options -- backbone.adapter.backbone.blocks.13.norm1.bias:lr_mult=0.05
2026/06/15 19:28:15 - mmengine - INFO - paramwise_options -- backbone.adapter.backbone.blocks.13.norm1.bias:decay_mult=1.0
2026/06/15 19:28:15 - mmengine - INFO - paramwise_options -- backbone.adapter.backbone.blocks.13.attn.qkv.weight:lr=5e-06
2026/06/15 19:28:15 - mmengine - INFO - paramwise_options -- backbone.adapter.backbone.blocks.13.attn.qkv.weight:weight_decay=0.05
2026/06/15 19:28:15 - mmengine - INFO - paramwise_options -- backbone.adapter.backbone.blocks.13.attn.qkv.weight:lr_mult=0.05
2026/06/15 19:28:15 - mmengine - INFO - paramwise_options -- backbone.adapter.backbone.blocks.13.attn.qkv.weight:decay_mult=1.0
2026/06/15 19:28:15 - mmengine - INFO - paramwise_options -- backbone.adapter.backbone.blocks.13.attn.qkv.bias:lr=5e-06
2026/06/15 19:28:15 - mmengine - INFO - paramwise_options -- backbone.adapter.backbone.blocks.13.attn.qkv.bias:weight_decay=0.05
2026/06/15 19:28:15 - mmengine - INFO - paramwise_options -- backbone.adapter.backbone.blocks.13.attn.qkv.bias:lr_mult=0.05
2026/06/15 19:28:15 - mmengine - INFO - paramwise_options -- backbone.adapter.backbone.blocks.13.attn.qkv.bias:decay_mult=1.0
2026/06/15 19:28:15 - mmengine - INFO - paramwise_options -- backbone.adapter.backbone.blocks.13.attn.proj.weight:lr=5e-06
2026/06/15 19:28:15 - mmengine - INFO - paramwise_options -- backbone.adapter.backbone.blocks.13.attn.proj.weight:weight_decay=0.05
2026/06/15 19:28:15 - mmengine - INFO - paramwise_options -- backbone.adapter.backbone.blocks.13.attn.proj.weight:lr_mult=0.05
2026/06/15 19:28:15 - mmengine - INFO - paramwise_options -- backbone.adapter.backbone.blocks.13.attn.proj.weight:decay_mult=1.0
2026/06/15 19:28:15 - mmengine - INFO - paramwise_options -- backbone.adapter.backbone.blocks.13.attn.proj.bias:lr=5e-06
2026/06/15 19:28:15 - mmengine - INFO - paramwise_options -- backbone.adapter.backbone.blocks.13.attn.proj.bias:weight_decay=0.05
2026/06/15 19:28:15 - mmengine - INFO - paramwise_options -- backbone.adapter.backbone.blocks.13.attn.proj.bias:lr_mult=0.05
2026/06/15 19:28:15 - mmengine - INFO - paramwise_options -- backbone.adapter.backbone.blocks.13.attn.proj.bias:decay_mult=1.0
2026/06/15 19:28:15 - mmengine - INFO - paramwise_options -- backbone.adapter.backbone.blocks.13.ls1.gamma:lr=5e-06
2026/06/15 19:28:15 - mmengine - INFO - paramwise_options -- backbone.adapter.backbone.blocks.13.ls1.gamma:weight_decay=0.05
2026/06/15 19:28:15 - mmengine - INFO - paramwise_options -- backbone.adapter.backbone.blocks.13.ls1.gamma:lr_mult=0.05
2026/06/15 19:28:15 - mmengine - INFO - paramwise_options -- backbone.adapter.backbone.blocks.13.ls1.gamma:decay_mult=1.0
2026/06/15 19:28:15 - mmengine - INFO - paramwise_options -- backbone.adapter.backbone.blocks.13.norm2.weight:lr=5e-06
2026/06/15 19:28:15 - mmengine - INFO - paramwise_options -- backbone.adapter.backbone.blocks.13.norm2.weight:weight_decay=0.05
2026/06/15 19:28:15 - mmengine - INFO - paramwise_options -- backbone.adapter.backbone.blocks.13.norm2.weight:lr_mult=0.05
2026/06/15 19:28:15 - mmengine - INFO - paramwise_options -- backbone.adapter.backbone.blocks.13.norm2.weight:decay_mult=1.0
2026/06/15 19:28:15 - mmengine - INFO - paramwise_options -- backbone.adapter.backbone.blocks.13.norm2.bias:lr=5e-06
2026/06/15 19:28:15 - mmengine - INFO - paramwise_options -- backbone.adapter.backbone.blocks.13.norm2.bias:weight_decay=0.05
2026/06/15 19:28:15 - mmengine - INFO - paramwise_options -- backbone.adapter.backbone.blocks.13.norm2.bias:lr_mult=0.05
2026/06/15 19:28:15 - mmengine - INFO - paramwise_options -- backbone.adapter.backbone.blocks.13.norm2.bias:decay_mult=1.0
2026/06/15 19:28:15 - mmengine - INFO - paramwise_options -- backbone.adapter.backbone.blocks.13.mlp.fc1.weight:lr=5e-06
2026/06/15 19:28:15 - mmengine - INFO - paramwise_options -- backbone.adapter.backbone.blocks.13.mlp.fc1.weight:weight_decay=0.05
2026/06/15 19:28:15 - mmengine - INFO - paramwise_options -- backbone.adapter.backbone.blocks.13.mlp.fc1.weight:lr_mult=0.05
2026/06/15 19:28:15 - mmengine - INFO - paramwise_options -- backbone.adapter.backbone.blocks.13.mlp.fc1.weight:decay_mult=1.0
2026/06/15 19:28:15 - mmengine - INFO - paramwise_options -- backbone.adapter.backbone.blocks.13.mlp.fc1.bias:lr=5e-06
2026/06/15 19:28:15 - mmengine - INFO - paramwise_options -- backbone.adapter.backbone.blocks.13.mlp.fc1.bias:weight_decay=0.05
2026/06/15 19:28:15 - mmengine - INFO - paramwise_options -- backbone.adapter.backbone.blocks.13.mlp.fc1.bias:lr_mult=0.05
2026/06/15 19:28:15 - mmengine - INFO - paramwise_options -- backbone.adapter.backbone.blocks.13.mlp.fc1.bias:decay_mult=1.0
2026/06/15 19:28:15 - mmengine - INFO - paramwise_options -- backbone.adapter.backbone.blocks.13.mlp.fc2.weight:lr=5e-06
2026/06/15 19:28:15 - mmengine - INFO - paramwise_options -- backbone.adapter.backbone.blocks.13.mlp.fc2.weight:weight_decay=0.05
2026/06/15 19:28:15 - mmengine - INFO - paramwise_options -- backbone.adapter.backbone.blocks.13.mlp.fc2.weight:lr_mult=0.05
2026/06/15 19:28:15 - mmengine - INFO - paramwise_options -- backbone.adapter.backbone.blocks.13.mlp.fc2.weight:decay_mult=1.0
2026/06/15 19:28:15 - mmengine - INFO - paramwise_options -- backbone.adapter.backbone.blocks.13.mlp.fc2.bias:lr=5e-06
2026/06/15 19:28:15 - mmengine - INFO - paramwise_options -- backbone.adapter.backbone.blocks.13.mlp.fc2.bias:weight_decay=0.05
2026/06/15 19:28:15 - mmengine - INFO - paramwise_options -- backbone.adapter.backbone.blocks.13.mlp.fc2.bias:lr_mult=0.05
2026/06/15 19:28:15 - mmengine - INFO - paramwise_options -- backbone.adapter.backbone.blocks.13.mlp.fc2.bias:decay_mult=1.0
2026/06/15 19:28:15 - mmengine - INFO - paramwise_options -- backbone.adapter.backbone.blocks.13.ls2.gamma:lr=5e-06
2026/06/15 19:28:15 - mmengine - INFO - paramwise_options -- backbone.adapter.backbone.blocks.13.ls2.gamma:weight_decay=0.05
2026/06/15 19:28:15 - mmengine - INFO - paramwise_options -- backbone.adapter.backbone.blocks.13.ls2.gamma:lr_mult=0.05
2026/06/15 19:28:15 - mmengine - INFO - paramwise_options -- backbone.adapter.backbone.blocks.13.ls2.gamma:decay_mult=1.0
2026/06/15 19:28:15 - mmengine - INFO - paramwise_options -- backbone.adapter.backbone.blocks.14.norm1.weight:lr=5e-06
2026/06/15 19:28:15 - mmengine - INFO - paramwise_options -- backbone.adapter.backbone.blocks.14.norm1.weight:weight_decay=0.05
2026/06/15 19:28:15 - mmengine - INFO - paramwise_options -- backbone.adapter.backbone.blocks.14.norm1.weight:lr_mult=0.05
2026/06/15 19:28:15 - mmengine - INFO - paramwise_options -- backbone.adapter.backbone.blocks.14.norm1.weight:decay_mult=1.0
2026/06/15 19:28:15 - mmengine - INFO - paramwise_options -- backbone.adapter.backbone.blocks.14.norm1.bias:lr=5e-06
2026/06/15 19:28:15 - mmengine - INFO - paramwise_options -- backbone.adapter.backbone.blocks.14.norm1.bias:weight_decay=0.05
2026/06/15 19:28:15 - mmengine - INFO - paramwise_options -- backbone.adapter.backbone.blocks.14.norm1.bias:lr_mult=0.05
2026/06/15 19:28:15 - mmengine - INFO - paramwise_options -- backbone.adapter.backbone.blocks.14.norm1.bias:decay_mult=1.0
2026/06/15 19:28:15 - mmengine - INFO - paramwise_options -- backbone.adapter.backbone.blocks.14.attn.qkv.weight:lr=5e-06
2026/06/15 19:28:15 - mmengine - INFO - paramwise_options -- backbone.adapter.backbone.blocks.14.attn.qkv.weight:weight_decay=0.05
2026/06/15 19:28:15 - mmengine - INFO - paramwise_options -- backbone.adapter.backbone.blocks.14.attn.qkv.weight:lr_mult=0.05
2026/06/15 19:28:15 - mmengine - INFO - paramwise_options -- backbone.adapter.backbone.blocks.14.attn.qkv.weight:decay_mult=1.0
2026/06/15 19:28:15 - mmengine - INFO - paramwise_options -- backbone.adapter.backbone.blocks.14.attn.qkv.bias:lr=5e-06
2026/06/15 19:28:15 - mmengine - INFO - paramwise_options -- backbone.adapter.backbone.blocks.14.attn.qkv.bias:weight_decay=0.05
2026/06/15 19:28:15 - mmengine - INFO - paramwise_options -- backbone.adapter.backbone.blocks.14.attn.qkv.bias:lr_mult=0.05
2026/06/15 19:28:15 - mmengine - INFO - paramwise_options -- backbone.adapter.backbone.blocks.14.attn.qkv.bias:decay_mult=1.0
2026/06/15 19:28:15 - mmengine - INFO - paramwise_options -- backbone.adapter.backbone.blocks.14.attn.proj.weight:lr=5e-06
2026/06/15 19:28:15 - mmengine - INFO - paramwise_options -- backbone.adapter.backbone.blocks.14.attn.proj.weight:weight_decay=0.05
2026/06/15 19:28:15 - mmengine - INFO - paramwise_options -- backbone.adapter.backbone.blocks.14.attn.proj.weight:lr_mult=0.05
2026/06/15 19:28:15 - mmengine - INFO - paramwise_options -- backbone.adapter.backbone.blocks.14.attn.proj.weight:decay_mult=1.0
2026/06/15 19:28:15 - mmengine - INFO - paramwise_options -- backbone.adapter.backbone.blocks.14.attn.proj.bias:lr=5e-06
2026/06/15 19:28:15 - mmengine - INFO - paramwise_options -- backbone.adapter.backbone.blocks.14.attn.proj.bias:weight_decay=0.05
2026/06/15 19:28:15 - mmengine - INFO - paramwise_options -- backbone.adapter.backbone.blocks.14.attn.proj.bias:lr_mult=0.05
2026/06/15 19:28:15 - mmengine - INFO - paramwise_options -- backbone.adapter.backbone.blocks.14.attn.proj.bias:decay_mult=1.0
2026/06/15 19:28:15 - mmengine - INFO - paramwise_options -- backbone.adapter.backbone.blocks.14.ls1.gamma:lr=5e-06
2026/06/15 19:28:15 - mmengine - INFO - paramwise_options -- backbone.adapter.backbone.blocks.14.ls1.gamma:weight_decay=0.05
2026/06/15 19:28:15 - mmengine - INFO - paramwise_options -- backbone.adapter.backbone.blocks.14.ls1.gamma:lr_mult=0.05
2026/06/15 19:28:15 - mmengine - INFO - paramwise_options -- backbone.adapter.backbone.blocks.14.ls1.gamma:decay_mult=1.0
2026/06/15 19:28:15 - mmengine - INFO - paramwise_options -- backbone.adapter.backbone.blocks.14.norm2.weight:lr=5e-06
2026/06/15 19:28:15 - mmengine - INFO - paramwise_options -- backbone.adapter.backbone.blocks.14.norm2.weight:weight_decay=0.05
2026/06/15 19:28:15 - mmengine - INFO - paramwise_options -- backbone.adapter.backbone.blocks.14.norm2.weight:lr_mult=0.05
2026/06/15 19:28:15 - mmengine - INFO - paramwise_options -- backbone.adapter.backbone.blocks.14.norm2.weight:decay_mult=1.0
2026/06/15 19:28:15 - mmengine - INFO - paramwise_options -- backbone.adapter.backbone.blocks.14.norm2.bias:lr=5e-06
2026/06/15 19:28:15 - mmengine - INFO - paramwise_options -- backbone.adapter.backbone.blocks.14.norm2.bias:weight_decay=0.05
2026/06/15 19:28:15 - mmengine - INFO - paramwise_options -- backbone.adapter.backbone.blocks.14.norm2.bias:lr_mult=0.05
2026/06/15 19:28:15 - mmengine - INFO - paramwise_options -- backbone.adapter.backbone.blocks.14.norm2.bias:decay_mult=1.0
2026/06/15 19:28:15 - mmengine - INFO - paramwise_options -- backbone.adapter.backbone.blocks.14.mlp.fc1.weight:lr=5e-06
2026/06/15 19:28:15 - mmengine - INFO - paramwise_options -- backbone.adapter.backbone.blocks.14.mlp.fc1.weight:weight_decay=0.05
2026/06/15 19:28:15 - mmengine - INFO - paramwise_options -- backbone.adapter.backbone.blocks.14.mlp.fc1.weight:lr_mult=0.05
2026/06/15 19:28:15 - mmengine - INFO - paramwise_options -- backbone.adapter.backbone.blocks.14.mlp.fc1.weight:decay_mult=1.0
2026/06/15 19:28:15 - mmengine - INFO - paramwise_options -- backbone.adapter.backbone.blocks.14.mlp.fc1.bias:lr=5e-06
2026/06/15 19:28:15 - mmengine - INFO - paramwise_options -- backbone.adapter.backbone.blocks.14.mlp.fc1.bias:weight_decay=0.05
2026/06/15 19:28:15 - mmengine - INFO - paramwise_options -- backbone.adapter.backbone.blocks.14.mlp.fc1.bias:lr_mult=0.05
2026/06/15 19:28:15 - mmengine - INFO - paramwise_options -- backbone.adapter.backbone.blocks.14.mlp.fc1.bias:decay_mult=1.0
2026/06/15 19:28:15 - mmengine - INFO - paramwise_options -- backbone.adapter.backbone.blocks.14.mlp.fc2.weight:lr=5e-06
2026/06/15 19:28:15 - mmengine - INFO - paramwise_options -- backbone.adapter.backbone.blocks.14.mlp.fc2.weight:weight_decay=0.05
2026/06/15 19:28:16 - mmengine - INFO - paramwise_options -- backbone.adapter.backbone.blocks.14.mlp.fc2.weight:lr_mult=0.05
2026/06/15 19:28:16 - mmengine - INFO - paramwise_options -- backbone.adapter.backbone.blocks.14.mlp.fc2.weight:decay_mult=1.0
2026/06/15 19:28:16 - mmengine - INFO - paramwise_options -- backbone.adapter.backbone.blocks.14.mlp.fc2.bias:lr=5e-06
2026/06/15 19:28:16 - mmengine - INFO - paramwise_options -- backbone.adapter.backbone.blocks.14.mlp.fc2.bias:weight_decay=0.05
2026/06/15 19:28:16 - mmengine - INFO - paramwise_options -- backbone.adapter.backbone.blocks.14.mlp.fc2.bias:lr_mult=0.05
2026/06/15 19:28:16 - mmengine - INFO - paramwise_options -- backbone.adapter.backbone.blocks.14.mlp.fc2.bias:decay_mult=1.0
2026/06/15 19:28:16 - mmengine - INFO - paramwise_options -- backbone.adapter.backbone.blocks.14.ls2.gamma:lr=5e-06
2026/06/15 19:28:16 - mmengine - INFO - paramwise_options -- backbone.adapter.backbone.blocks.14.ls2.gamma:weight_decay=0.05
2026/06/15 19:28:16 - mmengine - INFO - paramwise_options -- backbone.adapter.backbone.blocks.14.ls2.gamma:lr_mult=0.05
2026/06/15 19:28:16 - mmengine - INFO - paramwise_options -- backbone.adapter.backbone.blocks.14.ls2.gamma:decay_mult=1.0
2026/06/15 19:28:16 - mmengine - INFO - paramwise_options -- backbone.adapter.backbone.blocks.15.norm1.weight:lr=5e-06
2026/06/15 19:28:16 - mmengine - INFO - paramwise_options -- backbone.adapter.backbone.blocks.15.norm1.weight:weight_decay=0.05
2026/06/15 19:28:16 - mmengine - INFO - paramwise_options -- backbone.adapter.backbone.blocks.15.norm1.weight:lr_mult=0.05
2026/06/15 19:28:16 - mmengine - INFO - paramwise_options -- backbone.adapter.backbone.blocks.15.norm1.weight:decay_mult=1.0
2026/06/15 19:28:16 - mmengine - INFO - paramwise_options -- backbone.adapter.backbone.blocks.15.norm1.bias:lr=5e-06
2026/06/15 19:28:16 - mmengine - INFO - paramwise_options -- backbone.adapter.backbone.blocks.15.norm1.bias:weight_decay=0.05
2026/06/15 19:28:16 - mmengine - INFO - paramwise_options -- backbone.adapter.backbone.blocks.15.norm1.bias:lr_mult=0.05
2026/06/15 19:28:16 - mmengine - INFO - paramwise_options -- backbone.adapter.backbone.blocks.15.norm1.bias:decay_mult=1.0
2026/06/15 19:28:16 - mmengine - INFO - paramwise_options -- backbone.adapter.backbone.blocks.15.attn.qkv.weight:lr=5e-06
2026/06/15 19:28:16 - mmengine - INFO - paramwise_options -- backbone.adapter.backbone.blocks.15.attn.qkv.weight:weight_decay=0.05
2026/06/15 19:28:16 - mmengine - INFO - paramwise_options -- backbone.adapter.backbone.blocks.15.attn.qkv.weight:lr_mult=0.05
2026/06/15 19:28:16 - mmengine - INFO - paramwise_options -- backbone.adapter.backbone.blocks.15.attn.qkv.weight:decay_mult=1.0
2026/06/15 19:28:16 - mmengine - INFO - paramwise_options -- backbone.adapter.backbone.blocks.15.attn.qkv.bias:lr=5e-06
2026/06/15 19:28:16 - mmengine - INFO - paramwise_options -- backbone.adapter.backbone.blocks.15.attn.qkv.bias:weight_decay=0.05
2026/06/15 19:28:16 - mmengine - INFO - paramwise_options -- backbone.adapter.backbone.blocks.15.attn.qkv.bias:lr_mult=0.05
2026/06/15 19:28:16 - mmengine - INFO - paramwise_options -- backbone.adapter.backbone.blocks.15.attn.qkv.bias:decay_mult=1.0
2026/06/15 19:28:16 - mmengine - INFO - paramwise_options -- backbone.adapter.backbone.blocks.15.attn.proj.weight:lr=5e-06
2026/06/15 19:28:16 - mmengine - INFO - paramwise_options -- backbone.adapter.backbone.blocks.15.attn.proj.weight:weight_decay=0.05
2026/06/15 19:28:16 - mmengine - INFO - paramwise_options -- backbone.adapter.backbone.blocks.15.attn.proj.weight:lr_mult=0.05
2026/06/15 19:28:16 - mmengine - INFO - paramwise_options -- backbone.adapter.backbone.blocks.15.attn.proj.weight:decay_mult=1.0
2026/06/15 19:28:16 - mmengine - INFO - paramwise_options -- backbone.adapter.backbone.blocks.15.attn.proj.bias:lr=5e-06
2026/06/15 19:28:16 - mmengine - INFO - paramwise_options -- backbone.adapter.backbone.blocks.15.attn.proj.bias:weight_decay=0.05
2026/06/15 19:28:16 - mmengine - INFO - paramwise_options -- backbone.adapter.backbone.blocks.15.attn.proj.bias:lr_mult=0.05
2026/06/15 19:28:16 - mmengine - INFO - paramwise_options -- backbone.adapter.backbone.blocks.15.attn.proj.bias:decay_mult=1.0
2026/06/15 19:28:16 - mmengine - INFO - paramwise_options -- backbone.adapter.backbone.blocks.15.ls1.gamma:lr=5e-06
2026/06/15 19:28:16 - mmengine - INFO - paramwise_options -- backbone.adapter.backbone.blocks.15.ls1.gamma:weight_decay=0.05
2026/06/15 19:28:16 - mmengine - INFO - paramwise_options -- backbone.adapter.backbone.blocks.15.ls1.gamma:lr_mult=0.05
2026/06/15 19:28:16 - mmengine - INFO - paramwise_options -- backbone.adapter.backbone.blocks.15.ls1.gamma:decay_mult=1.0
2026/06/15 19:28:16 - mmengine - INFO - paramwise_options -- backbone.adapter.backbone.blocks.15.norm2.weight:lr=5e-06
2026/06/15 19:28:16 - mmengine - INFO - paramwise_options -- backbone.adapter.backbone.blocks.15.norm2.weight:weight_decay=0.05
2026/06/15 19:28:16 - mmengine - INFO - paramwise_options -- backbone.adapter.backbone.blocks.15.norm2.weight:lr_mult=0.05
2026/06/15 19:28:16 - mmengine - INFO - paramwise_options -- backbone.adapter.backbone.blocks.15.norm2.weight:decay_mult=1.0
2026/06/15 19:28:16 - mmengine - INFO - paramwise_options -- backbone.adapter.backbone.blocks.15.norm2.bias:lr=5e-06
2026/06/15 19:28:16 - mmengine - INFO - paramwise_options -- backbone.adapter.backbone.blocks.15.norm2.bias:weight_decay=0.05
2026/06/15 19:28:16 - mmengine - INFO - paramwise_options -- backbone.adapter.backbone.blocks.15.norm2.bias:lr_mult=0.05
2026/06/15 19:28:16 - mmengine - INFO - paramwise_options -- backbone.adapter.backbone.blocks.15.norm2.bias:decay_mult=1.0
2026/06/15 19:28:16 - mmengine - INFO - paramwise_options -- backbone.adapter.backbone.blocks.15.mlp.fc1.weight:lr=5e-06
2026/06/15 19:28:16 - mmengine - INFO - paramwise_options -- backbone.adapter.backbone.blocks.15.mlp.fc1.weight:weight_decay=0.05
2026/06/15 19:28:16 - mmengine - INFO - paramwise_options -- backbone.adapter.backbone.blocks.15.mlp.fc1.weight:lr_mult=0.05
2026/06/15 19:28:16 - mmengine - INFO - paramwise_options -- backbone.adapter.backbone.blocks.15.mlp.fc1.weight:decay_mult=1.0
2026/06/15 19:28:16 - mmengine - INFO - paramwise_options -- backbone.adapter.backbone.blocks.15.mlp.fc1.bias:lr=5e-06
2026/06/15 19:28:16 - mmengine - INFO - paramwise_options -- backbone.adapter.backbone.blocks.15.mlp.fc1.bias:weight_decay=0.05
2026/06/15 19:28:16 - mmengine - INFO - paramwise_options -- backbone.adapter.backbone.blocks.15.mlp.fc1.bias:lr_mult=0.05
2026/06/15 19:28:16 - mmengine - INFO - paramwise_options -- backbone.adapter.backbone.blocks.15.mlp.fc1.bias:decay_mult=1.0
2026/06/15 19:28:16 - mmengine - INFO - paramwise_options -- backbone.adapter.backbone.blocks.15.mlp.fc2.weight:lr=5e-06
2026/06/15 19:28:16 - mmengine - INFO - paramwise_options -- backbone.adapter.backbone.blocks.15.mlp.fc2.weight:weight_decay=0.05
2026/06/15 19:28:16 - mmengine - INFO - paramwise_options -- backbone.adapter.backbone.blocks.15.mlp.fc2.weight:lr_mult=0.05
2026/06/15 19:28:16 - mmengine - INFO - paramwise_options -- backbone.adapter.backbone.blocks.15.mlp.fc2.weight:decay_mult=1.0
2026/06/15 19:28:16 - mmengine - INFO - paramwise_options -- backbone.adapter.backbone.blocks.15.mlp.fc2.bias:lr=5e-06
2026/06/15 19:28:16 - mmengine - INFO - paramwise_options -- backbone.adapter.backbone.blocks.15.mlp.fc2.bias:weight_decay=0.05
2026/06/15 19:28:16 - mmengine - INFO - paramwise_options -- backbone.adapter.backbone.blocks.15.mlp.fc2.bias:lr_mult=0.05
2026/06/15 19:28:16 - mmengine - INFO - paramwise_options -- backbone.adapter.backbone.blocks.15.mlp.fc2.bias:decay_mult=1.0
2026/06/15 19:28:16 - mmengine - INFO - paramwise_options -- backbone.adapter.backbone.blocks.15.ls2.gamma:lr=5e-06
2026/06/15 19:28:16 - mmengine - INFO - paramwise_options -- backbone.adapter.backbone.blocks.15.ls2.gamma:weight_decay=0.05
2026/06/15 19:28:16 - mmengine - INFO - paramwise_options -- backbone.adapter.backbone.blocks.15.ls2.gamma:lr_mult=0.05
2026/06/15 19:28:16 - mmengine - INFO - paramwise_options -- backbone.adapter.backbone.blocks.15.ls2.gamma:decay_mult=1.0
2026/06/15 19:28:16 - mmengine - INFO - paramwise_options -- backbone.adapter.backbone.blocks.16.norm1.weight:lr=5e-06
2026/06/15 19:28:16 - mmengine - INFO - paramwise_options -- backbone.adapter.backbone.blocks.16.norm1.weight:weight_decay=0.05
2026/06/15 19:28:16 - mmengine - INFO - paramwise_options -- backbone.adapter.backbone.blocks.16.norm1.weight:lr_mult=0.05
2026/06/15 19:28:16 - mmengine - INFO - paramwise_options -- backbone.adapter.backbone.blocks.16.norm1.weight:decay_mult=1.0
2026/06/15 19:28:16 - mmengine - INFO - paramwise_options -- backbone.adapter.backbone.blocks.16.norm1.bias:lr=5e-06
2026/06/15 19:28:16 - mmengine - INFO - paramwise_options -- backbone.adapter.backbone.blocks.16.norm1.bias:weight_decay=0.05
2026/06/15 19:28:16 - mmengine - INFO - paramwise_options -- backbone.adapter.backbone.blocks.16.norm1.bias:lr_mult=0.05
2026/06/15 19:28:16 - mmengine - INFO - paramwise_options -- backbone.adapter.backbone.blocks.16.norm1.bias:decay_mult=1.0
2026/06/15 19:28:16 - mmengine - INFO - paramwise_options -- backbone.adapter.backbone.blocks.16.attn.qkv.weight:lr=5e-06
2026/06/15 19:28:16 - mmengine - INFO - paramwise_options -- backbone.adapter.backbone.blocks.16.attn.qkv.weight:weight_decay=0.05
2026/06/15 19:28:16 - mmengine - INFO - paramwise_options -- backbone.adapter.backbone.blocks.16.attn.qkv.weight:lr_mult=0.05
2026/06/15 19:28:16 - mmengine - INFO - paramwise_options -- backbone.adapter.backbone.blocks.16.attn.qkv.weight:decay_mult=1.0
2026/06/15 19:28:16 - mmengine - INFO - paramwise_options -- backbone.adapter.backbone.blocks.16.attn.qkv.bias:lr=5e-06
2026/06/15 19:28:16 - mmengine - INFO - paramwise_options -- backbone.adapter.backbone.blocks.16.attn.qkv.bias:weight_decay=0.05
2026/06/15 19:28:16 - mmengine - INFO - paramwise_options -- backbone.adapter.backbone.blocks.16.attn.qkv.bias:lr_mult=0.05
2026/06/15 19:28:16 - mmengine - INFO - paramwise_options -- backbone.adapter.backbone.blocks.16.attn.qkv.bias:decay_mult=1.0
2026/06/15 19:28:16 - mmengine - INFO - paramwise_options -- backbone.adapter.backbone.blocks.16.attn.proj.weight:lr=5e-06
2026/06/15 19:28:16 - mmengine - INFO - paramwise_options -- backbone.adapter.backbone.blocks.16.attn.proj.weight:weight_decay=0.05
2026/06/15 19:28:16 - mmengine - INFO - paramwise_options -- backbone.adapter.backbone.blocks.16.attn.proj.weight:lr_mult=0.05
2026/06/15 19:28:16 - mmengine - INFO - paramwise_options -- backbone.adapter.backbone.blocks.16.attn.proj.weight:decay_mult=1.0
2026/06/15 19:28:16 - mmengine - INFO - paramwise_options -- backbone.adapter.backbone.blocks.16.attn.proj.bias:lr=5e-06
2026/06/15 19:28:16 - mmengine - INFO - paramwise_options -- backbone.adapter.backbone.blocks.16.attn.proj.bias:weight_decay=0.05
2026/06/15 19:28:16 - mmengine - INFO - paramwise_options -- backbone.adapter.backbone.blocks.16.attn.proj.bias:lr_mult=0.05
2026/06/15 19:28:16 - mmengine - INFO - paramwise_options -- backbone.adapter.backbone.blocks.16.attn.proj.bias:decay_mult=1.0
2026/06/15 19:28:16 - mmengine - INFO - paramwise_options -- backbone.adapter.backbone.blocks.16.ls1.gamma:lr=5e-06
2026/06/15 19:28:16 - mmengine - INFO - paramwise_options -- backbone.adapter.backbone.blocks.16.ls1.gamma:weight_decay=0.05
2026/06/15 19:28:16 - mmengine - INFO - paramwise_options -- backbone.adapter.backbone.blocks.16.ls1.gamma:lr_mult=0.05
2026/06/15 19:28:16 - mmengine - INFO - paramwise_options -- backbone.adapter.backbone.blocks.16.ls1.gamma:decay_mult=1.0
2026/06/15 19:28:16 - mmengine - INFO - paramwise_options -- backbone.adapter.backbone.blocks.16.norm2.weight:lr=5e-06
2026/06/15 19:28:16 - mmengine - INFO - paramwise_options -- backbone.adapter.backbone.blocks.16.norm2.weight:weight_decay=0.05
2026/06/15 19:28:16 - mmengine - INFO - paramwise_options -- backbone.adapter.backbone.blocks.16.norm2.weight:lr_mult=0.05
2026/06/15 19:28:16 - mmengine - INFO - paramwise_options -- backbone.adapter.backbone.blocks.16.norm2.weight:decay_mult=1.0
2026/06/15 19:28:16 - mmengine - INFO - paramwise_options -- backbone.adapter.backbone.blocks.16.norm2.bias:lr=5e-06
2026/06/15 19:28:16 - mmengine - INFO - paramwise_options -- backbone.adapter.backbone.blocks.16.norm2.bias:weight_decay=0.05
2026/06/15 19:28:16 - mmengine - INFO - paramwise_options -- backbone.adapter.backbone.blocks.16.norm2.bias:lr_mult=0.05
2026/06/15 19:28:16 - mmengine - INFO - paramwise_options -- backbone.adapter.backbone.blocks.16.norm2.bias:decay_mult=1.0
2026/06/15 19:28:16 - mmengine - INFO - paramwise_options -- backbone.adapter.backbone.blocks.16.mlp.fc1.weight:lr=5e-06
2026/06/15 19:28:16 - mmengine - INFO - paramwise_options -- backbone.adapter.backbone.blocks.16.mlp.fc1.weight:weight_decay=0.05
2026/06/15 19:28:16 - mmengine - INFO - paramwise_options -- backbone.adapter.backbone.blocks.16.mlp.fc1.weight:lr_mult=0.05
2026/06/15 19:28:16 - mmengine - INFO - paramwise_options -- backbone.adapter.backbone.blocks.16.mlp.fc1.weight:decay_mult=1.0
2026/06/15 19:28:16 - mmengine - INFO - paramwise_options -- backbone.adapter.backbone.blocks.16.mlp.fc1.bias:lr=5e-06
2026/06/15 19:28:16 - mmengine - INFO - paramwise_options -- backbone.adapter.backbone.blocks.16.mlp.fc1.bias:weight_decay=0.05
2026/06/15 19:28:16 - mmengine - INFO - paramwise_options -- backbone.adapter.backbone.blocks.16.mlp.fc1.bias:lr_mult=0.05
2026/06/15 19:28:16 - mmengine - INFO - paramwise_options -- backbone.adapter.backbone.blocks.16.mlp.fc1.bias:decay_mult=1.0
2026/06/15 19:28:16 - mmengine - INFO - paramwise_options -- backbone.adapter.backbone.blocks.16.mlp.fc2.weight:lr=5e-06
2026/06/15 19:28:16 - mmengine - INFO - paramwise_options -- backbone.adapter.backbone.blocks.16.mlp.fc2.weight:weight_decay=0.05
2026/06/15 19:28:16 - mmengine - INFO - paramwise_options -- backbone.adapter.backbone.blocks.16.mlp.fc2.weight:lr_mult=0.05
2026/06/15 19:28:16 - mmengine - INFO - paramwise_options -- backbone.adapter.backbone.blocks.16.mlp.fc2.weight:decay_mult=1.0
2026/06/15 19:28:16 - mmengine - INFO - paramwise_options -- backbone.adapter.backbone.blocks.16.mlp.fc2.bias:lr=5e-06
2026/06/15 19:28:16 - mmengine - INFO - paramwise_options -- backbone.adapter.backbone.blocks.16.mlp.fc2.bias:weight_decay=0.05
2026/06/15 19:28:16 - mmengine - INFO - paramwise_options -- backbone.adapter.backbone.blocks.16.mlp.fc2.bias:lr_mult=0.05
2026/06/15 19:28:16 - mmengine - INFO - paramwise_options -- backbone.adapter.backbone.blocks.16.mlp.fc2.bias:decay_mult=1.0
2026/06/15 19:28:16 - mmengine - INFO - paramwise_options -- backbone.adapter.backbone.blocks.16.ls2.gamma:lr=5e-06
2026/06/15 19:28:16 - mmengine - INFO - paramwise_options -- backbone.adapter.backbone.blocks.16.ls2.gamma:weight_decay=0.05
2026/06/15 19:28:16 - mmengine - INFO - paramwise_options -- backbone.adapter.backbone.blocks.16.ls2.gamma:lr_mult=0.05
2026/06/15 19:28:16 - mmengine - INFO - paramwise_options -- backbone.adapter.backbone.blocks.16.ls2.gamma:decay_mult=1.0
2026/06/15 19:28:16 - mmengine - INFO - paramwise_options -- backbone.adapter.backbone.blocks.17.norm1.weight:lr=5e-06
2026/06/15 19:28:16 - mmengine - INFO - paramwise_options -- backbone.adapter.backbone.blocks.17.norm1.weight:weight_decay=0.05
2026/06/15 19:28:16 - mmengine - INFO - paramwise_options -- backbone.adapter.backbone.blocks.17.norm1.weight:lr_mult=0.05
2026/06/15 19:28:16 - mmengine - INFO - paramwise_options -- backbone.adapter.backbone.blocks.17.norm1.weight:decay_mult=1.0
2026/06/15 19:28:16 - mmengine - INFO - paramwise_options -- backbone.adapter.backbone.blocks.17.norm1.bias:lr=5e-06
2026/06/15 19:28:16 - mmengine - INFO - paramwise_options -- backbone.adapter.backbone.blocks.17.norm1.bias:weight_decay=0.05
2026/06/15 19:28:16 - mmengine - INFO - paramwise_options -- backbone.adapter.backbone.blocks.17.norm1.bias:lr_mult=0.05
2026/06/15 19:28:16 - mmengine - INFO - paramwise_options -- backbone.adapter.backbone.blocks.17.norm1.bias:decay_mult=1.0
2026/06/15 19:28:16 - mmengine - INFO - paramwise_options -- backbone.adapter.backbone.blocks.17.attn.qkv.weight:lr=5e-06
2026/06/15 19:28:16 - mmengine - INFO - paramwise_options -- backbone.adapter.backbone.blocks.17.attn.qkv.weight:weight_decay=0.05
2026/06/15 19:28:16 - mmengine - INFO - paramwise_options -- backbone.adapter.backbone.blocks.17.attn.qkv.weight:lr_mult=0.05
2026/06/15 19:28:16 - mmengine - INFO - paramwise_options -- backbone.adapter.backbone.blocks.17.attn.qkv.weight:decay_mult=1.0
2026/06/15 19:28:16 - mmengine - INFO - paramwise_options -- backbone.adapter.backbone.blocks.17.attn.qkv.bias:lr=5e-06
2026/06/15 19:28:16 - mmengine - INFO - paramwise_options -- backbone.adapter.backbone.blocks.17.attn.qkv.bias:weight_decay=0.05
2026/06/15 19:28:16 - mmengine - INFO - paramwise_options -- backbone.adapter.backbone.blocks.17.attn.qkv.bias:lr_mult=0.05
2026/06/15 19:28:16 - mmengine - INFO - paramwise_options -- backbone.adapter.backbone.blocks.17.attn.qkv.bias:decay_mult=1.0
2026/06/15 19:28:16 - mmengine - INFO - paramwise_options -- backbone.adapter.backbone.blocks.17.attn.proj.weight:lr=5e-06
2026/06/15 19:28:16 - mmengine - INFO - paramwise_options -- backbone.adapter.backbone.blocks.17.attn.proj.weight:weight_decay=0.05
2026/06/15 19:28:16 - mmengine - INFO - paramwise_options -- backbone.adapter.backbone.blocks.17.attn.proj.weight:lr_mult=0.05
2026/06/15 19:28:16 - mmengine - INFO - paramwise_options -- backbone.adapter.backbone.blocks.17.attn.proj.weight:decay_mult=1.0
2026/06/15 19:28:16 - mmengine - INFO - paramwise_options -- backbone.adapter.backbone.blocks.17.attn.proj.bias:lr=5e-06
2026/06/15 19:28:16 - mmengine - INFO - paramwise_options -- backbone.adapter.backbone.blocks.17.attn.proj.bias:weight_decay=0.05
2026/06/15 19:28:16 - mmengine - INFO - paramwise_options -- backbone.adapter.backbone.blocks.17.attn.proj.bias:lr_mult=0.05
2026/06/15 19:28:16 - mmengine - INFO - paramwise_options -- backbone.adapter.backbone.blocks.17.attn.proj.bias:decay_mult=1.0
2026/06/15 19:28:16 - mmengine - INFO - paramwise_options -- backbone.adapter.backbone.blocks.17.ls1.gamma:lr=5e-06
2026/06/15 19:28:16 - mmengine - INFO - paramwise_options -- backbone.adapter.backbone.blocks.17.ls1.gamma:weight_decay=0.05
2026/06/15 19:28:16 - mmengine - INFO - paramwise_options -- backbone.adapter.backbone.blocks.17.ls1.gamma:lr_mult=0.05
2026/06/15 19:28:16 - mmengine - INFO - paramwise_options -- backbone.adapter.backbone.blocks.17.ls1.gamma:decay_mult=1.0
2026/06/15 19:28:16 - mmengine - INFO - paramwise_options -- backbone.adapter.backbone.blocks.17.norm2.weight:lr=5e-06
2026/06/15 19:28:16 - mmengine - INFO - paramwise_options -- backbone.adapter.backbone.blocks.17.norm2.weight:weight_decay=0.05
2026/06/15 19:28:16 - mmengine - INFO - paramwise_options -- backbone.adapter.backbone.blocks.17.norm2.weight:lr_mult=0.05
2026/06/15 19:28:16 - mmengine - INFO - paramwise_options -- backbone.adapter.backbone.blocks.17.norm2.weight:decay_mult=1.0
2026/06/15 19:28:16 - mmengine - INFO - paramwise_options -- backbone.adapter.backbone.blocks.17.norm2.bias:lr=5e-06
2026/06/15 19:28:16 - mmengine - INFO - paramwise_options -- backbone.adapter.backbone.blocks.17.norm2.bias:weight_decay=0.05
2026/06/15 19:28:16 - mmengine - INFO - paramwise_options -- backbone.adapter.backbone.blocks.17.norm2.bias:lr_mult=0.05
2026/06/15 19:28:16 - mmengine - INFO - paramwise_options -- backbone.adapter.backbone.blocks.17.norm2.bias:decay_mult=1.0
2026/06/15 19:28:16 - mmengine - INFO - paramwise_options -- backbone.adapter.backbone.blocks.17.mlp.fc1.weight:lr=5e-06
2026/06/15 19:28:16 - mmengine - INFO - paramwise_options -- backbone.adapter.backbone.blocks.17.mlp.fc1.weight:weight_decay=0.05
2026/06/15 19:28:16 - mmengine - INFO - paramwise_options -- backbone.adapter.backbone.blocks.17.mlp.fc1.weight:lr_mult=0.05
2026/06/15 19:28:16 - mmengine - INFO - paramwise_options -- backbone.adapter.backbone.blocks.17.mlp.fc1.weight:decay_mult=1.0
2026/06/15 19:28:16 - mmengine - INFO - paramwise_options -- backbone.adapter.backbone.blocks.17.mlp.fc1.bias:lr=5e-06
2026/06/15 19:28:16 - mmengine - INFO - paramwise_options -- backbone.adapter.backbone.blocks.17.mlp.fc1.bias:weight_decay=0.05
2026/06/15 19:28:16 - mmengine - INFO - paramwise_options -- backbone.adapter.backbone.blocks.17.mlp.fc1.bias:lr_mult=0.05
2026/06/15 19:28:16 - mmengine - INFO - paramwise_options -- backbone.adapter.backbone.blocks.17.mlp.fc1.bias:decay_mult=1.0
2026/06/15 19:28:16 - mmengine - INFO - paramwise_options -- backbone.adapter.backbone.blocks.17.mlp.fc2.weight:lr=5e-06
2026/06/15 19:28:16 - mmengine - INFO - paramwise_options -- backbone.adapter.backbone.blocks.17.mlp.fc2.weight:weight_decay=0.05
2026/06/15 19:28:16 - mmengine - INFO - paramwise_options -- backbone.adapter.backbone.blocks.17.mlp.fc2.weight:lr_mult=0.05
2026/06/15 19:28:16 - mmengine - INFO - paramwise_options -- backbone.adapter.backbone.blocks.17.mlp.fc2.weight:decay_mult=1.0
2026/06/15 19:28:16 - mmengine - INFO - paramwise_options -- backbone.adapter.backbone.blocks.17.mlp.fc2.bias:lr=5e-06
2026/06/15 19:28:16 - mmengine - INFO - paramwise_options -- backbone.adapter.backbone.blocks.17.mlp.fc2.bias:weight_decay=0.05
2026/06/15 19:28:16 - mmengine - INFO - paramwise_options -- backbone.adapter.backbone.blocks.17.mlp.fc2.bias:lr_mult=0.05
2026/06/15 19:28:16 - mmengine - INFO - paramwise_options -- backbone.adapter.backbone.blocks.17.mlp.fc2.bias:decay_mult=1.0
2026/06/15 19:28:16 - mmengine - INFO - paramwise_options -- backbone.adapter.backbone.blocks.17.ls2.gamma:lr=5e-06
2026/06/15 19:28:16 - mmengine - INFO - paramwise_options -- backbone.adapter.backbone.blocks.17.ls2.gamma:weight_decay=0.05
2026/06/15 19:28:16 - mmengine - INFO - paramwise_options -- backbone.adapter.backbone.blocks.17.ls2.gamma:lr_mult=0.05
2026/06/15 19:28:16 - mmengine - INFO - paramwise_options -- backbone.adapter.backbone.blocks.17.ls2.gamma:decay_mult=1.0
2026/06/15 19:28:16 - mmengine - INFO - paramwise_options -- backbone.adapter.backbone.blocks.18.norm1.weight:lr=5e-06
2026/06/15 19:28:16 - mmengine - INFO - paramwise_options -- backbone.adapter.backbone.blocks.18.norm1.weight:weight_decay=0.05
2026/06/15 19:28:16 - mmengine - INFO - paramwise_options -- backbone.adapter.backbone.blocks.18.norm1.weight:lr_mult=0.05
2026/06/15 19:28:16 - mmengine - INFO - paramwise_options -- backbone.adapter.backbone.blocks.18.norm1.weight:decay_mult=1.0
2026/06/15 19:28:16 - mmengine - INFO - paramwise_options -- backbone.adapter.backbone.blocks.18.norm1.bias:lr=5e-06
2026/06/15 19:28:16 - mmengine - INFO - paramwise_options -- backbone.adapter.backbone.blocks.18.norm1.bias:weight_decay=0.05
2026/06/15 19:28:16 - mmengine - INFO - paramwise_options -- backbone.adapter.backbone.blocks.18.norm1.bias:lr_mult=0.05
2026/06/15 19:28:16 - mmengine - INFO - paramwise_options -- backbone.adapter.backbone.blocks.18.norm1.bias:decay_mult=1.0
2026/06/15 19:28:16 - mmengine - INFO - paramwise_options -- backbone.adapter.backbone.blocks.18.attn.qkv.weight:lr=5e-06
2026/06/15 19:28:16 - mmengine - INFO - paramwise_options -- backbone.adapter.backbone.blocks.18.attn.qkv.weight:weight_decay=0.05
2026/06/15 19:28:16 - mmengine - INFO - paramwise_options -- backbone.adapter.backbone.blocks.18.attn.qkv.weight:lr_mult=0.05
2026/06/15 19:28:16 - mmengine - INFO - paramwise_options -- backbone.adapter.backbone.blocks.18.attn.qkv.weight:decay_mult=1.0
2026/06/15 19:28:16 - mmengine - INFO - paramwise_options -- backbone.adapter.backbone.blocks.18.attn.qkv.bias:lr=5e-06
2026/06/15 19:28:16 - mmengine - INFO - paramwise_options -- backbone.adapter.backbone.blocks.18.attn.qkv.bias:weight_decay=0.05
2026/06/15 19:28:16 - mmengine - INFO - paramwise_options -- backbone.adapter.backbone.blocks.18.attn.qkv.bias:lr_mult=0.05
2026/06/15 19:28:16 - mmengine - INFO - paramwise_options -- backbone.adapter.backbone.blocks.18.attn.qkv.bias:decay_mult=1.0
2026/06/15 19:28:16 - mmengine - INFO - paramwise_options -- backbone.adapter.backbone.blocks.18.attn.proj.weight:lr=5e-06
2026/06/15 19:28:16 - mmengine - INFO - paramwise_options -- backbone.adapter.backbone.blocks.18.attn.proj.weight:weight_decay=0.05
2026/06/15 19:28:16 - mmengine - INFO - paramwise_options -- backbone.adapter.backbone.blocks.18.attn.proj.weight:lr_mult=0.05
2026/06/15 19:28:16 - mmengine - INFO - paramwise_options -- backbone.adapter.backbone.blocks.18.attn.proj.weight:decay_mult=1.0
2026/06/15 19:28:16 - mmengine - INFO - paramwise_options -- backbone.adapter.backbone.blocks.18.attn.proj.bias:lr=5e-06
2026/06/15 19:28:16 - mmengine - INFO - paramwise_options -- backbone.adapter.backbone.blocks.18.attn.proj.bias:weight_decay=0.05
2026/06/15 19:28:16 - mmengine - INFO - paramwise_options -- backbone.adapter.backbone.blocks.18.attn.proj.bias:lr_mult=0.05
2026/06/15 19:28:16 - mmengine - INFO - paramwise_options -- backbone.adapter.backbone.blocks.18.attn.proj.bias:decay_mult=1.0
2026/06/15 19:28:16 - mmengine - INFO - paramwise_options -- backbone.adapter.backbone.blocks.18.ls1.gamma:lr=5e-06
2026/06/15 19:28:16 - mmengine - INFO - paramwise_options -- backbone.adapter.backbone.blocks.18.ls1.gamma:weight_decay=0.05
2026/06/15 19:28:16 - mmengine - INFO - paramwise_options -- backbone.adapter.backbone.blocks.18.ls1.gamma:lr_mult=0.05
2026/06/15 19:28:16 - mmengine - INFO - paramwise_options -- backbone.adapter.backbone.blocks.18.ls1.gamma:decay_mult=1.0
2026/06/15 19:28:16 - mmengine - INFO - paramwise_options -- backbone.adapter.backbone.blocks.18.norm2.weight:lr=5e-06
2026/06/15 19:28:16 - mmengine - INFO - paramwise_options -- backbone.adapter.backbone.blocks.18.norm2.weight:weight_decay=0.05
2026/06/15 19:28:16 - mmengine - INFO - paramwise_options -- backbone.adapter.backbone.blocks.18.norm2.weight:lr_mult=0.05
2026/06/15 19:28:16 - mmengine - INFO - paramwise_options -- backbone.adapter.backbone.blocks.18.norm2.weight:decay_mult=1.0
2026/06/15 19:28:16 - mmengine - INFO - paramwise_options -- backbone.adapter.backbone.blocks.18.norm2.bias:lr=5e-06
2026/06/15 19:28:16 - mmengine - INFO - paramwise_options -- backbone.adapter.backbone.blocks.18.norm2.bias:weight_decay=0.05
2026/06/15 19:28:16 - mmengine - INFO - paramwise_options -- backbone.adapter.backbone.blocks.18.norm2.bias:lr_mult=0.05
2026/06/15 19:28:16 - mmengine - INFO - paramwise_options -- backbone.adapter.backbone.blocks.18.norm2.bias:decay_mult=1.0
2026/06/15 19:28:16 - mmengine - INFO - paramwise_options -- backbone.adapter.backbone.blocks.18.mlp.fc1.weight:lr=5e-06
2026/06/15 19:28:16 - mmengine - INFO - paramwise_options -- backbone.adapter.backbone.blocks.18.mlp.fc1.weight:weight_decay=0.05
2026/06/15 19:28:16 - mmengine - INFO - paramwise_options -- backbone.adapter.backbone.blocks.18.mlp.fc1.weight:lr_mult=0.05
2026/06/15 19:28:16 - mmengine - INFO - paramwise_options -- backbone.adapter.backbone.blocks.18.mlp.fc1.weight:decay_mult=1.0
2026/06/15 19:28:16 - mmengine - INFO - paramwise_options -- backbone.adapter.backbone.blocks.18.mlp.fc1.bias:lr=5e-06
2026/06/15 19:28:16 - mmengine - INFO - paramwise_options -- backbone.adapter.backbone.blocks.18.mlp.fc1.bias:weight_decay=0.05
2026/06/15 19:28:16 - mmengine - INFO - paramwise_options -- backbone.adapter.backbone.blocks.18.mlp.fc1.bias:lr_mult=0.05
2026/06/15 19:28:16 - mmengine - INFO - paramwise_options -- backbone.adapter.backbone.blocks.18.mlp.fc1.bias:decay_mult=1.0
2026/06/15 19:28:16 - mmengine - INFO - paramwise_options -- backbone.adapter.backbone.blocks.18.mlp.fc2.weight:lr=5e-06
2026/06/15 19:28:16 - mmengine - INFO - paramwise_options -- backbone.adapter.backbone.blocks.18.mlp.fc2.weight:weight_decay=0.05
2026/06/15 19:28:16 - mmengine - INFO - paramwise_options -- backbone.adapter.backbone.blocks.18.mlp.fc2.weight:lr_mult=0.05
2026/06/15 19:28:16 - mmengine - INFO - paramwise_options -- backbone.adapter.backbone.blocks.18.mlp.fc2.weight:decay_mult=1.0
2026/06/15 19:28:16 - mmengine - INFO - paramwise_options -- backbone.adapter.backbone.blocks.18.mlp.fc2.bias:lr=5e-06
2026/06/15 19:28:16 - mmengine - INFO - paramwise_options -- backbone.adapter.backbone.blocks.18.mlp.fc2.bias:weight_decay=0.05
2026/06/15 19:28:16 - mmengine - INFO - paramwise_options -- backbone.adapter.backbone.blocks.18.mlp.fc2.bias:lr_mult=0.05
2026/06/15 19:28:16 - mmengine - INFO - paramwise_options -- backbone.adapter.backbone.blocks.18.mlp.fc2.bias:decay_mult=1.0
2026/06/15 19:28:16 - mmengine - INFO - paramwise_options -- backbone.adapter.backbone.blocks.18.ls2.gamma:lr=5e-06
2026/06/15 19:28:16 - mmengine - INFO - paramwise_options -- backbone.adapter.backbone.blocks.18.ls2.gamma:weight_decay=0.05
2026/06/15 19:28:16 - mmengine - INFO - paramwise_options -- backbone.adapter.backbone.blocks.18.ls2.gamma:lr_mult=0.05
2026/06/15 19:28:16 - mmengine - INFO - paramwise_options -- backbone.adapter.backbone.blocks.18.ls2.gamma:decay_mult=1.0
2026/06/15 19:28:16 - mmengine - INFO - paramwise_options -- backbone.adapter.backbone.blocks.19.norm1.weight:lr=5e-06
2026/06/15 19:28:16 - mmengine - INFO - paramwise_options -- backbone.adapter.backbone.blocks.19.norm1.weight:weight_decay=0.05
2026/06/15 19:28:16 - mmengine - INFO - paramwise_options -- backbone.adapter.backbone.blocks.19.norm1.weight:lr_mult=0.05
2026/06/15 19:28:16 - mmengine - INFO - paramwise_options -- backbone.adapter.backbone.blocks.19.norm1.weight:decay_mult=1.0
2026/06/15 19:28:16 - mmengine - INFO - paramwise_options -- backbone.adapter.backbone.blocks.19.norm1.bias:lr=5e-06
2026/06/15 19:28:16 - mmengine - INFO - paramwise_options -- backbone.adapter.backbone.blocks.19.norm1.bias:weight_decay=0.05
2026/06/15 19:28:16 - mmengine - INFO - paramwise_options -- backbone.adapter.backbone.blocks.19.norm1.bias:lr_mult=0.05
2026/06/15 19:28:16 - mmengine - INFO - paramwise_options -- backbone.adapter.backbone.blocks.19.norm1.bias:decay_mult=1.0
2026/06/15 19:28:16 - mmengine - INFO - paramwise_options -- backbone.adapter.backbone.blocks.19.attn.qkv.weight:lr=5e-06
2026/06/15 19:28:16 - mmengine - INFO - paramwise_options -- backbone.adapter.backbone.blocks.19.attn.qkv.weight:weight_decay=0.05
2026/06/15 19:28:16 - mmengine - INFO - paramwise_options -- backbone.adapter.backbone.blocks.19.attn.qkv.weight:lr_mult=0.05
2026/06/15 19:28:16 - mmengine - INFO - paramwise_options -- backbone.adapter.backbone.blocks.19.attn.qkv.weight:decay_mult=1.0
2026/06/15 19:28:16 - mmengine - INFO - paramwise_options -- backbone.adapter.backbone.blocks.19.attn.qkv.bias:lr=5e-06
2026/06/15 19:28:16 - mmengine - INFO - paramwise_options -- backbone.adapter.backbone.blocks.19.attn.qkv.bias:weight_decay=0.05
2026/06/15 19:28:16 - mmengine - INFO - paramwise_options -- backbone.adapter.backbone.blocks.19.attn.qkv.bias:lr_mult=0.05
2026/06/15 19:28:16 - mmengine - INFO - paramwise_options -- backbone.adapter.backbone.blocks.19.attn.qkv.bias:decay_mult=1.0
2026/06/15 19:28:16 - mmengine - INFO - paramwise_options -- backbone.adapter.backbone.blocks.19.attn.proj.weight:lr=5e-06
2026/06/15 19:28:16 - mmengine - INFO - paramwise_options -- backbone.adapter.backbone.blocks.19.attn.proj.weight:weight_decay=0.05
2026/06/15 19:28:16 - mmengine - INFO - paramwise_options -- backbone.adapter.backbone.blocks.19.attn.proj.weight:lr_mult=0.05
2026/06/15 19:28:16 - mmengine - INFO - paramwise_options -- backbone.adapter.backbone.blocks.19.attn.proj.weight:decay_mult=1.0
2026/06/15 19:28:16 - mmengine - INFO - paramwise_options -- backbone.adapter.backbone.blocks.19.attn.proj.bias:lr=5e-06
2026/06/15 19:28:16 - mmengine - INFO - paramwise_options -- backbone.adapter.backbone.blocks.19.attn.proj.bias:weight_decay=0.05
2026/06/15 19:28:16 - mmengine - INFO - paramwise_options -- backbone.adapter.backbone.blocks.19.attn.proj.bias:lr_mult=0.05
2026/06/15 19:28:16 - mmengine - INFO - paramwise_options -- backbone.adapter.backbone.blocks.19.attn.proj.bias:decay_mult=1.0
2026/06/15 19:28:16 - mmengine - INFO - paramwise_options -- backbone.adapter.backbone.blocks.19.ls1.gamma:lr=5e-06
2026/06/15 19:28:16 - mmengine - INFO - paramwise_options -- backbone.adapter.backbone.blocks.19.ls1.gamma:weight_decay=0.05
2026/06/15 19:28:16 - mmengine - INFO - paramwise_options -- backbone.adapter.backbone.blocks.19.ls1.gamma:lr_mult=0.05
2026/06/15 19:28:16 - mmengine - INFO - paramwise_options -- backbone.adapter.backbone.blocks.19.ls1.gamma:decay_mult=1.0
2026/06/15 19:28:16 - mmengine - INFO - paramwise_options -- backbone.adapter.backbone.blocks.19.norm2.weight:lr=5e-06
2026/06/15 19:28:16 - mmengine - INFO - paramwise_options -- backbone.adapter.backbone.blocks.19.norm2.weight:weight_decay=0.05
2026/06/15 19:28:16 - mmengine - INFO - paramwise_options -- backbone.adapter.backbone.blocks.19.norm2.weight:lr_mult=0.05
2026/06/15 19:28:16 - mmengine - INFO - paramwise_options -- backbone.adapter.backbone.blocks.19.norm2.weight:decay_mult=1.0
2026/06/15 19:28:16 - mmengine - INFO - paramwise_options -- backbone.adapter.backbone.blocks.19.norm2.bias:lr=5e-06
2026/06/15 19:28:16 - mmengine - INFO - paramwise_options -- backbone.adapter.backbone.blocks.19.norm2.bias:weight_decay=0.05
2026/06/15 19:28:16 - mmengine - INFO - paramwise_options -- backbone.adapter.backbone.blocks.19.norm2.bias:lr_mult=0.05
2026/06/15 19:28:16 - mmengine - INFO - paramwise_options -- backbone.adapter.backbone.blocks.19.norm2.bias:decay_mult=1.0
2026/06/15 19:28:16 - mmengine - INFO - paramwise_options -- backbone.adapter.backbone.blocks.19.mlp.fc1.weight:lr=5e-06
2026/06/15 19:28:16 - mmengine - INFO - paramwise_options -- backbone.adapter.backbone.blocks.19.mlp.fc1.weight:weight_decay=0.05
2026/06/15 19:28:16 - mmengine - INFO - paramwise_options -- backbone.adapter.backbone.blocks.19.mlp.fc1.weight:lr_mult=0.05
2026/06/15 19:28:16 - mmengine - INFO - paramwise_options -- backbone.adapter.backbone.blocks.19.mlp.fc1.weight:decay_mult=1.0
2026/06/15 19:28:16 - mmengine - INFO - paramwise_options -- backbone.adapter.backbone.blocks.19.mlp.fc1.bias:lr=5e-06
2026/06/15 19:28:16 - mmengine - INFO - paramwise_options -- backbone.adapter.backbone.blocks.19.mlp.fc1.bias:weight_decay=0.05
2026/06/15 19:28:16 - mmengine - INFO - paramwise_options -- backbone.adapter.backbone.blocks.19.mlp.fc1.bias:lr_mult=0.05
2026/06/15 19:28:16 - mmengine - INFO - paramwise_options -- backbone.adapter.backbone.blocks.19.mlp.fc1.bias:decay_mult=1.0
2026/06/15 19:28:16 - mmengine - INFO - paramwise_options -- backbone.adapter.backbone.blocks.19.mlp.fc2.weight:lr=5e-06
2026/06/15 19:28:16 - mmengine - INFO - paramwise_options -- backbone.adapter.backbone.blocks.19.mlp.fc2.weight:weight_decay=0.05
2026/06/15 19:28:16 - mmengine - INFO - paramwise_options -- backbone.adapter.backbone.blocks.19.mlp.fc2.weight:lr_mult=0.05
2026/06/15 19:28:16 - mmengine - INFO - paramwise_options -- backbone.adapter.backbone.blocks.19.mlp.fc2.weight:decay_mult=1.0
2026/06/15 19:28:16 - mmengine - INFO - paramwise_options -- backbone.adapter.backbone.blocks.19.mlp.fc2.bias:lr=5e-06
2026/06/15 19:28:16 - mmengine - INFO - paramwise_options -- backbone.adapter.backbone.blocks.19.mlp.fc2.bias:weight_decay=0.05
2026/06/15 19:28:16 - mmengine - INFO - paramwise_options -- backbone.adapter.backbone.blocks.19.mlp.fc2.bias:lr_mult=0.05
2026/06/15 19:28:16 - mmengine - INFO - paramwise_options -- backbone.adapter.backbone.blocks.19.mlp.fc2.bias:decay_mult=1.0
2026/06/15 19:28:16 - mmengine - INFO - paramwise_options -- backbone.adapter.backbone.blocks.19.ls2.gamma:lr=5e-06
2026/06/15 19:28:16 - mmengine - INFO - paramwise_options -- backbone.adapter.backbone.blocks.19.ls2.gamma:weight_decay=0.05
2026/06/15 19:28:16 - mmengine - INFO - paramwise_options -- backbone.adapter.backbone.blocks.19.ls2.gamma:lr_mult=0.05
2026/06/15 19:28:16 - mmengine - INFO - paramwise_options -- backbone.adapter.backbone.blocks.19.ls2.gamma:decay_mult=1.0
2026/06/15 19:28:16 - mmengine - INFO - paramwise_options -- backbone.adapter.backbone.blocks.20.norm1.weight:lr=5e-06
2026/06/15 19:28:16 - mmengine - INFO - paramwise_options -- backbone.adapter.backbone.blocks.20.norm1.weight:weight_decay=0.05
2026/06/15 19:28:16 - mmengine - INFO - paramwise_options -- backbone.adapter.backbone.blocks.20.norm1.weight:lr_mult=0.05
2026/06/15 19:28:16 - mmengine - INFO - paramwise_options -- backbone.adapter.backbone.blocks.20.norm1.weight:decay_mult=1.0
2026/06/15 19:28:16 - mmengine - INFO - paramwise_options -- backbone.adapter.backbone.blocks.20.norm1.bias:lr=5e-06
2026/06/15 19:28:16 - mmengine - INFO - paramwise_options -- backbone.adapter.backbone.blocks.20.norm1.bias:weight_decay=0.05
2026/06/15 19:28:16 - mmengine - INFO - paramwise_options -- backbone.adapter.backbone.blocks.20.norm1.bias:lr_mult=0.05
2026/06/15 19:28:16 - mmengine - INFO - paramwise_options -- backbone.adapter.backbone.blocks.20.norm1.bias:decay_mult=1.0
2026/06/15 19:28:16 - mmengine - INFO - paramwise_options -- backbone.adapter.backbone.blocks.20.attn.qkv.weight:lr=5e-06
2026/06/15 19:28:16 - mmengine - INFO - paramwise_options -- backbone.adapter.backbone.blocks.20.attn.qkv.weight:weight_decay=0.05
2026/06/15 19:28:16 - mmengine - INFO - paramwise_options -- backbone.adapter.backbone.blocks.20.attn.qkv.weight:lr_mult=0.05
2026/06/15 19:28:16 - mmengine - INFO - paramwise_options -- backbone.adapter.backbone.blocks.20.attn.qkv.weight:decay_mult=1.0
2026/06/15 19:28:16 - mmengine - INFO - paramwise_options -- backbone.adapter.backbone.blocks.20.attn.qkv.bias:lr=5e-06
2026/06/15 19:28:16 - mmengine - INFO - paramwise_options -- backbone.adapter.backbone.blocks.20.attn.qkv.bias:weight_decay=0.05
2026/06/15 19:28:16 - mmengine - INFO - paramwise_options -- backbone.adapter.backbone.blocks.20.attn.qkv.bias:lr_mult=0.05
2026/06/15 19:28:16 - mmengine - INFO - paramwise_options -- backbone.adapter.backbone.blocks.20.attn.qkv.bias:decay_mult=1.0
2026/06/15 19:28:16 - mmengine - INFO - paramwise_options -- backbone.adapter.backbone.blocks.20.attn.proj.weight:lr=5e-06
2026/06/15 19:28:16 - mmengine - INFO - paramwise_options -- backbone.adapter.backbone.blocks.20.attn.proj.weight:weight_decay=0.05
2026/06/15 19:28:16 - mmengine - INFO - paramwise_options -- backbone.adapter.backbone.blocks.20.attn.proj.weight:lr_mult=0.05
2026/06/15 19:28:16 - mmengine - INFO - paramwise_options -- backbone.adapter.backbone.blocks.20.attn.proj.weight:decay_mult=1.0
2026/06/15 19:28:16 - mmengine - INFO - paramwise_options -- backbone.adapter.backbone.blocks.20.attn.proj.bias:lr=5e-06
2026/06/15 19:28:16 - mmengine - INFO - paramwise_options -- backbone.adapter.backbone.blocks.20.attn.proj.bias:weight_decay=0.05
2026/06/15 19:28:16 - mmengine - INFO - paramwise_options -- backbone.adapter.backbone.blocks.20.attn.proj.bias:lr_mult=0.05
2026/06/15 19:28:16 - mmengine - INFO - paramwise_options -- backbone.adapter.backbone.blocks.20.attn.proj.bias:decay_mult=1.0
2026/06/15 19:28:16 - mmengine - INFO - paramwise_options -- backbone.adapter.backbone.blocks.20.ls1.gamma:lr=5e-06
2026/06/15 19:28:16 - mmengine - INFO - paramwise_options -- backbone.adapter.backbone.blocks.20.ls1.gamma:weight_decay=0.05
2026/06/15 19:28:16 - mmengine - INFO - paramwise_options -- backbone.adapter.backbone.blocks.20.ls1.gamma:lr_mult=0.05
2026/06/15 19:28:16 - mmengine - INFO - paramwise_options -- backbone.adapter.backbone.blocks.20.ls1.gamma:decay_mult=1.0
2026/06/15 19:28:16 - mmengine - INFO - paramwise_options -- backbone.adapter.backbone.blocks.20.norm2.weight:lr=5e-06
2026/06/15 19:28:16 - mmengine - INFO - paramwise_options -- backbone.adapter.backbone.blocks.20.norm2.weight:weight_decay=0.05
2026/06/15 19:28:16 - mmengine - INFO - paramwise_options -- backbone.adapter.backbone.blocks.20.norm2.weight:lr_mult=0.05
2026/06/15 19:28:16 - mmengine - INFO - paramwise_options -- backbone.adapter.backbone.blocks.20.norm2.weight:decay_mult=1.0
2026/06/15 19:28:16 - mmengine - INFO - paramwise_options -- backbone.adapter.backbone.blocks.20.norm2.bias:lr=5e-06
2026/06/15 19:28:16 - mmengine - INFO - paramwise_options -- backbone.adapter.backbone.blocks.20.norm2.bias:weight_decay=0.05
2026/06/15 19:28:16 - mmengine - INFO - paramwise_options -- backbone.adapter.backbone.blocks.20.norm2.bias:lr_mult=0.05
2026/06/15 19:28:16 - mmengine - INFO - paramwise_options -- backbone.adapter.backbone.blocks.20.norm2.bias:decay_mult=1.0
2026/06/15 19:28:16 - mmengine - INFO - paramwise_options -- backbone.adapter.backbone.blocks.20.mlp.fc1.weight:lr=5e-06
2026/06/15 19:28:16 - mmengine - INFO - paramwise_options -- backbone.adapter.backbone.blocks.20.mlp.fc1.weight:weight_decay=0.05
2026/06/15 19:28:16 - mmengine - INFO - paramwise_options -- backbone.adapter.backbone.blocks.20.mlp.fc1.weight:lr_mult=0.05
2026/06/15 19:28:16 - mmengine - INFO - paramwise_options -- backbone.adapter.backbone.blocks.20.mlp.fc1.weight:decay_mult=1.0
2026/06/15 19:28:16 - mmengine - INFO - paramwise_options -- backbone.adapter.backbone.blocks.20.mlp.fc1.bias:lr=5e-06
2026/06/15 19:28:16 - mmengine - INFO - paramwise_options -- backbone.adapter.backbone.blocks.20.mlp.fc1.bias:weight_decay=0.05
2026/06/15 19:28:16 - mmengine - INFO - paramwise_options -- backbone.adapter.backbone.blocks.20.mlp.fc1.bias:lr_mult=0.05
2026/06/15 19:28:16 - mmengine - INFO - paramwise_options -- backbone.adapter.backbone.blocks.20.mlp.fc1.bias:decay_mult=1.0
2026/06/15 19:28:16 - mmengine - INFO - paramwise_options -- backbone.adapter.backbone.blocks.20.mlp.fc2.weight:lr=5e-06
2026/06/15 19:28:16 - mmengine - INFO - paramwise_options -- backbone.adapter.backbone.blocks.20.mlp.fc2.weight:weight_decay=0.05
2026/06/15 19:28:16 - mmengine - INFO - paramwise_options -- backbone.adapter.backbone.blocks.20.mlp.fc2.weight:lr_mult=0.05
2026/06/15 19:28:16 - mmengine - INFO - paramwise_options -- backbone.adapter.backbone.blocks.20.mlp.fc2.weight:decay_mult=1.0
2026/06/15 19:28:16 - mmengine - INFO - paramwise_options -- backbone.adapter.backbone.blocks.20.mlp.fc2.bias:lr=5e-06
2026/06/15 19:28:16 - mmengine - INFO - paramwise_options -- backbone.adapter.backbone.blocks.20.mlp.fc2.bias:weight_decay=0.05
2026/06/15 19:28:16 - mmengine - INFO - paramwise_options -- backbone.adapter.backbone.blocks.20.mlp.fc2.bias:lr_mult=0.05
2026/06/15 19:28:16 - mmengine - INFO - paramwise_options -- backbone.adapter.backbone.blocks.20.mlp.fc2.bias:decay_mult=1.0
2026/06/15 19:28:16 - mmengine - INFO - paramwise_options -- backbone.adapter.backbone.blocks.20.ls2.gamma:lr=5e-06
2026/06/15 19:28:16 - mmengine - INFO - paramwise_options -- backbone.adapter.backbone.blocks.20.ls2.gamma:weight_decay=0.05
2026/06/15 19:28:16 - mmengine - INFO - paramwise_options -- backbone.adapter.backbone.blocks.20.ls2.gamma:lr_mult=0.05
2026/06/15 19:28:16 - mmengine - INFO - paramwise_options -- backbone.adapter.backbone.blocks.20.ls2.gamma:decay_mult=1.0
2026/06/15 19:28:16 - mmengine - INFO - paramwise_options -- backbone.adapter.backbone.blocks.21.norm1.weight:lr=5e-06
2026/06/15 19:28:16 - mmengine - INFO - paramwise_options -- backbone.adapter.backbone.blocks.21.norm1.weight:weight_decay=0.05
2026/06/15 19:28:16 - mmengine - INFO - paramwise_options -- backbone.adapter.backbone.blocks.21.norm1.weight:lr_mult=0.05
2026/06/15 19:28:16 - mmengine - INFO - paramwise_options -- backbone.adapter.backbone.blocks.21.norm1.weight:decay_mult=1.0
2026/06/15 19:28:16 - mmengine - INFO - paramwise_options -- backbone.adapter.backbone.blocks.21.norm1.bias:lr=5e-06
2026/06/15 19:28:16 - mmengine - INFO - paramwise_options -- backbone.adapter.backbone.blocks.21.norm1.bias:weight_decay=0.05
2026/06/15 19:28:16 - mmengine - INFO - paramwise_options -- backbone.adapter.backbone.blocks.21.norm1.bias:lr_mult=0.05
2026/06/15 19:28:16 - mmengine - INFO - paramwise_options -- backbone.adapter.backbone.blocks.21.norm1.bias:decay_mult=1.0
2026/06/15 19:28:16 - mmengine - INFO - paramwise_options -- backbone.adapter.backbone.blocks.21.attn.qkv.weight:lr=5e-06
2026/06/15 19:28:16 - mmengine - INFO - paramwise_options -- backbone.adapter.backbone.blocks.21.attn.qkv.weight:weight_decay=0.05
2026/06/15 19:28:16 - mmengine - INFO - paramwise_options -- backbone.adapter.backbone.blocks.21.attn.qkv.weight:lr_mult=0.05
2026/06/15 19:28:16 - mmengine - INFO - paramwise_options -- backbone.adapter.backbone.blocks.21.attn.qkv.weight:decay_mult=1.0
2026/06/15 19:28:16 - mmengine - INFO - paramwise_options -- backbone.adapter.backbone.blocks.21.attn.qkv.bias:lr=5e-06
2026/06/15 19:28:16 - mmengine - INFO - paramwise_options -- backbone.adapter.backbone.blocks.21.attn.qkv.bias:weight_decay=0.05
2026/06/15 19:28:16 - mmengine - INFO - paramwise_options -- backbone.adapter.backbone.blocks.21.attn.qkv.bias:lr_mult=0.05
2026/06/15 19:28:16 - mmengine - INFO - paramwise_options -- backbone.adapter.backbone.blocks.21.attn.qkv.bias:decay_mult=1.0
2026/06/15 19:28:16 - mmengine - INFO - paramwise_options -- backbone.adapter.backbone.blocks.21.attn.proj.weight:lr=5e-06
2026/06/15 19:28:16 - mmengine - INFO - paramwise_options -- backbone.adapter.backbone.blocks.21.attn.proj.weight:weight_decay=0.05
2026/06/15 19:28:16 - mmengine - INFO - paramwise_options -- backbone.adapter.backbone.blocks.21.attn.proj.weight:lr_mult=0.05
2026/06/15 19:28:16 - mmengine - INFO - paramwise_options -- backbone.adapter.backbone.blocks.21.attn.proj.weight:decay_mult=1.0
2026/06/15 19:28:16 - mmengine - INFO - paramwise_options -- backbone.adapter.backbone.blocks.21.attn.proj.bias:lr=5e-06
2026/06/15 19:28:16 - mmengine - INFO - paramwise_options -- backbone.adapter.backbone.blocks.21.attn.proj.bias:weight_decay=0.05
2026/06/15 19:28:16 - mmengine - INFO - paramwise_options -- backbone.adapter.backbone.blocks.21.attn.proj.bias:lr_mult=0.05
2026/06/15 19:28:16 - mmengine - INFO - paramwise_options -- backbone.adapter.backbone.blocks.21.attn.proj.bias:decay_mult=1.0
2026/06/15 19:28:16 - mmengine - INFO - paramwise_options -- backbone.adapter.backbone.blocks.21.ls1.gamma:lr=5e-06
2026/06/15 19:28:16 - mmengine - INFO - paramwise_options -- backbone.adapter.backbone.blocks.21.ls1.gamma:weight_decay=0.05
2026/06/15 19:28:16 - mmengine - INFO - paramwise_options -- backbone.adapter.backbone.blocks.21.ls1.gamma:lr_mult=0.05
2026/06/15 19:28:16 - mmengine - INFO - paramwise_options -- backbone.adapter.backbone.blocks.21.ls1.gamma:decay_mult=1.0
2026/06/15 19:28:16 - mmengine - INFO - paramwise_options -- backbone.adapter.backbone.blocks.21.norm2.weight:lr=5e-06
2026/06/15 19:28:16 - mmengine - INFO - paramwise_options -- backbone.adapter.backbone.blocks.21.norm2.weight:weight_decay=0.05
2026/06/15 19:28:16 - mmengine - INFO - paramwise_options -- backbone.adapter.backbone.blocks.21.norm2.weight:lr_mult=0.05
2026/06/15 19:28:16 - mmengine - INFO - paramwise_options -- backbone.adapter.backbone.blocks.21.norm2.weight:decay_mult=1.0
2026/06/15 19:28:16 - mmengine - INFO - paramwise_options -- backbone.adapter.backbone.blocks.21.norm2.bias:lr=5e-06
2026/06/15 19:28:16 - mmengine - INFO - paramwise_options -- backbone.adapter.backbone.blocks.21.norm2.bias:weight_decay=0.05
2026/06/15 19:28:16 - mmengine - INFO - paramwise_options -- backbone.adapter.backbone.blocks.21.norm2.bias:lr_mult=0.05
2026/06/15 19:28:16 - mmengine - INFO - paramwise_options -- backbone.adapter.backbone.blocks.21.norm2.bias:decay_mult=1.0
2026/06/15 19:28:16 - mmengine - INFO - paramwise_options -- backbone.adapter.backbone.blocks.21.mlp.fc1.weight:lr=5e-06
2026/06/15 19:28:16 - mmengine - INFO - paramwise_options -- backbone.adapter.backbone.blocks.21.mlp.fc1.weight:weight_decay=0.05
2026/06/15 19:28:16 - mmengine - INFO - paramwise_options -- backbone.adapter.backbone.blocks.21.mlp.fc1.weight:lr_mult=0.05
2026/06/15 19:28:16 - mmengine - INFO - paramwise_options -- backbone.adapter.backbone.blocks.21.mlp.fc1.weight:decay_mult=1.0
2026/06/15 19:28:16 - mmengine - INFO - paramwise_options -- backbone.adapter.backbone.blocks.21.mlp.fc1.bias:lr=5e-06
2026/06/15 19:28:16 - mmengine - INFO - paramwise_options -- backbone.adapter.backbone.blocks.21.mlp.fc1.bias:weight_decay=0.05
2026/06/15 19:28:16 - mmengine - INFO - paramwise_options -- backbone.adapter.backbone.blocks.21.mlp.fc1.bias:lr_mult=0.05
2026/06/15 19:28:16 - mmengine - INFO - paramwise_options -- backbone.adapter.backbone.blocks.21.mlp.fc1.bias:decay_mult=1.0
2026/06/15 19:28:16 - mmengine - INFO - paramwise_options -- backbone.adapter.backbone.blocks.21.mlp.fc2.weight:lr=5e-06
2026/06/15 19:28:16 - mmengine - INFO - paramwise_options -- backbone.adapter.backbone.blocks.21.mlp.fc2.weight:weight_decay=0.05
2026/06/15 19:28:16 - mmengine - INFO - paramwise_options -- backbone.adapter.backbone.blocks.21.mlp.fc2.weight:lr_mult=0.05
2026/06/15 19:28:16 - mmengine - INFO - paramwise_options -- backbone.adapter.backbone.blocks.21.mlp.fc2.weight:decay_mult=1.0
2026/06/15 19:28:16 - mmengine - INFO - paramwise_options -- backbone.adapter.backbone.blocks.21.mlp.fc2.bias:lr=5e-06
2026/06/15 19:28:16 - mmengine - INFO - paramwise_options -- backbone.adapter.backbone.blocks.21.mlp.fc2.bias:weight_decay=0.05
2026/06/15 19:28:16 - mmengine - INFO - paramwise_options -- backbone.adapter.backbone.blocks.21.mlp.fc2.bias:lr_mult=0.05
2026/06/15 19:28:16 - mmengine - INFO - paramwise_options -- backbone.adapter.backbone.blocks.21.mlp.fc2.bias:decay_mult=1.0
2026/06/15 19:28:16 - mmengine - INFO - paramwise_options -- backbone.adapter.backbone.blocks.21.ls2.gamma:lr=5e-06
2026/06/15 19:28:16 - mmengine - INFO - paramwise_options -- backbone.adapter.backbone.blocks.21.ls2.gamma:weight_decay=0.05
2026/06/15 19:28:16 - mmengine - INFO - paramwise_options -- backbone.adapter.backbone.blocks.21.ls2.gamma:lr_mult=0.05
2026/06/15 19:28:16 - mmengine - INFO - paramwise_options -- backbone.adapter.backbone.blocks.21.ls2.gamma:decay_mult=1.0
2026/06/15 19:28:16 - mmengine - INFO - paramwise_options -- backbone.adapter.backbone.blocks.22.norm1.weight:lr=5e-06
2026/06/15 19:28:16 - mmengine - INFO - paramwise_options -- backbone.adapter.backbone.blocks.22.norm1.weight:weight_decay=0.05
2026/06/15 19:28:16 - mmengine - INFO - paramwise_options -- backbone.adapter.backbone.blocks.22.norm1.weight:lr_mult=0.05
2026/06/15 19:28:16 - mmengine - INFO - paramwise_options -- backbone.adapter.backbone.blocks.22.norm1.weight:decay_mult=1.0
2026/06/15 19:28:16 - mmengine - INFO - paramwise_options -- backbone.adapter.backbone.blocks.22.norm1.bias:lr=5e-06
2026/06/15 19:28:16 - mmengine - INFO - paramwise_options -- backbone.adapter.backbone.blocks.22.norm1.bias:weight_decay=0.05
2026/06/15 19:28:16 - mmengine - INFO - paramwise_options -- backbone.adapter.backbone.blocks.22.norm1.bias:lr_mult=0.05
2026/06/15 19:28:16 - mmengine - INFO - paramwise_options -- backbone.adapter.backbone.blocks.22.norm1.bias:decay_mult=1.0
2026/06/15 19:28:16 - mmengine - INFO - paramwise_options -- backbone.adapter.backbone.blocks.22.attn.qkv.weight:lr=5e-06
2026/06/15 19:28:16 - mmengine - INFO - paramwise_options -- backbone.adapter.backbone.blocks.22.attn.qkv.weight:weight_decay=0.05
2026/06/15 19:28:16 - mmengine - INFO - paramwise_options -- backbone.adapter.backbone.blocks.22.attn.qkv.weight:lr_mult=0.05
2026/06/15 19:28:16 - mmengine - INFO - paramwise_options -- backbone.adapter.backbone.blocks.22.attn.qkv.weight:decay_mult=1.0
2026/06/15 19:28:16 - mmengine - INFO - paramwise_options -- backbone.adapter.backbone.blocks.22.attn.qkv.bias:lr=5e-06
2026/06/15 19:28:16 - mmengine - INFO - paramwise_options -- backbone.adapter.backbone.blocks.22.attn.qkv.bias:weight_decay=0.05
2026/06/15 19:28:16 - mmengine - INFO - paramwise_options -- backbone.adapter.backbone.blocks.22.attn.qkv.bias:lr_mult=0.05
2026/06/15 19:28:16 - mmengine - INFO - paramwise_options -- backbone.adapter.backbone.blocks.22.attn.qkv.bias:decay_mult=1.0
2026/06/15 19:28:16 - mmengine - INFO - paramwise_options -- backbone.adapter.backbone.blocks.22.attn.proj.weight:lr=5e-06
2026/06/15 19:28:16 - mmengine - INFO - paramwise_options -- backbone.adapter.backbone.blocks.22.attn.proj.weight:weight_decay=0.05
2026/06/15 19:28:16 - mmengine - INFO - paramwise_options -- backbone.adapter.backbone.blocks.22.attn.proj.weight:lr_mult=0.05
2026/06/15 19:28:16 - mmengine - INFO - paramwise_options -- backbone.adapter.backbone.blocks.22.attn.proj.weight:decay_mult=1.0
2026/06/15 19:28:16 - mmengine - INFO - paramwise_options -- backbone.adapter.backbone.blocks.22.attn.proj.bias:lr=5e-06
2026/06/15 19:28:16 - mmengine - INFO - paramwise_options -- backbone.adapter.backbone.blocks.22.attn.proj.bias:weight_decay=0.05
2026/06/15 19:28:16 - mmengine - INFO - paramwise_options -- backbone.adapter.backbone.blocks.22.attn.proj.bias:lr_mult=0.05
2026/06/15 19:28:16 - mmengine - INFO - paramwise_options -- backbone.adapter.backbone.blocks.22.attn.proj.bias:decay_mult=1.0
2026/06/15 19:28:16 - mmengine - INFO - paramwise_options -- backbone.adapter.backbone.blocks.22.ls1.gamma:lr=5e-06
2026/06/15 19:28:16 - mmengine - INFO - paramwise_options -- backbone.adapter.backbone.blocks.22.ls1.gamma:weight_decay=0.05
2026/06/15 19:28:16 - mmengine - INFO - paramwise_options -- backbone.adapter.backbone.blocks.22.ls1.gamma:lr_mult=0.05
2026/06/15 19:28:16 - mmengine - INFO - paramwise_options -- backbone.adapter.backbone.blocks.22.ls1.gamma:decay_mult=1.0
2026/06/15 19:28:16 - mmengine - INFO - paramwise_options -- backbone.adapter.backbone.blocks.22.norm2.weight:lr=5e-06
2026/06/15 19:28:16 - mmengine - INFO - paramwise_options -- backbone.adapter.backbone.blocks.22.norm2.weight:weight_decay=0.05
2026/06/15 19:28:16 - mmengine - INFO - paramwise_options -- backbone.adapter.backbone.blocks.22.norm2.weight:lr_mult=0.05
2026/06/15 19:28:16 - mmengine - INFO - paramwise_options -- backbone.adapter.backbone.blocks.22.norm2.weight:decay_mult=1.0
2026/06/15 19:28:16 - mmengine - INFO - paramwise_options -- backbone.adapter.backbone.blocks.22.norm2.bias:lr=5e-06
2026/06/15 19:28:16 - mmengine - INFO - paramwise_options -- backbone.adapter.backbone.blocks.22.norm2.bias:weight_decay=0.05
2026/06/15 19:28:16 - mmengine - INFO - paramwise_options -- backbone.adapter.backbone.blocks.22.norm2.bias:lr_mult=0.05
2026/06/15 19:28:16 - mmengine - INFO - paramwise_options -- backbone.adapter.backbone.blocks.22.norm2.bias:decay_mult=1.0
2026/06/15 19:28:16 - mmengine - INFO - paramwise_options -- backbone.adapter.backbone.blocks.22.mlp.fc1.weight:lr=5e-06
2026/06/15 19:28:16 - mmengine - INFO - paramwise_options -- backbone.adapter.backbone.blocks.22.mlp.fc1.weight:weight_decay=0.05
2026/06/15 19:28:16 - mmengine - INFO - paramwise_options -- backbone.adapter.backbone.blocks.22.mlp.fc1.weight:lr_mult=0.05
2026/06/15 19:28:16 - mmengine - INFO - paramwise_options -- backbone.adapter.backbone.blocks.22.mlp.fc1.weight:decay_mult=1.0
2026/06/15 19:28:16 - mmengine - INFO - paramwise_options -- backbone.adapter.backbone.blocks.22.mlp.fc1.bias:lr=5e-06
2026/06/15 19:28:16 - mmengine - INFO - paramwise_options -- backbone.adapter.backbone.blocks.22.mlp.fc1.bias:weight_decay=0.05
2026/06/15 19:28:16 - mmengine - INFO - paramwise_options -- backbone.adapter.backbone.blocks.22.mlp.fc1.bias:lr_mult=0.05
2026/06/15 19:28:16 - mmengine - INFO - paramwise_options -- backbone.adapter.backbone.blocks.22.mlp.fc1.bias:decay_mult=1.0
2026/06/15 19:28:16 - mmengine - INFO - paramwise_options -- backbone.adapter.backbone.blocks.22.mlp.fc2.weight:lr=5e-06
2026/06/15 19:28:16 - mmengine - INFO - paramwise_options -- backbone.adapter.backbone.blocks.22.mlp.fc2.weight:weight_decay=0.05
2026/06/15 19:28:16 - mmengine - INFO - paramwise_options -- backbone.adapter.backbone.blocks.22.mlp.fc2.weight:lr_mult=0.05
2026/06/15 19:28:16 - mmengine - INFO - paramwise_options -- backbone.adapter.backbone.blocks.22.mlp.fc2.weight:decay_mult=1.0
2026/06/15 19:28:16 - mmengine - INFO - paramwise_options -- backbone.adapter.backbone.blocks.22.mlp.fc2.bias:lr=5e-06
2026/06/15 19:28:16 - mmengine - INFO - paramwise_options -- backbone.adapter.backbone.blocks.22.mlp.fc2.bias:weight_decay=0.05
2026/06/15 19:28:16 - mmengine - INFO - paramwise_options -- backbone.adapter.backbone.blocks.22.mlp.fc2.bias:lr_mult=0.05
2026/06/15 19:28:16 - mmengine - INFO - paramwise_options -- backbone.adapter.backbone.blocks.22.mlp.fc2.bias:decay_mult=1.0
2026/06/15 19:28:16 - mmengine - INFO - paramwise_options -- backbone.adapter.backbone.blocks.22.ls2.gamma:lr=5e-06
2026/06/15 19:28:16 - mmengine - INFO - paramwise_options -- backbone.adapter.backbone.blocks.22.ls2.gamma:weight_decay=0.05
2026/06/15 19:28:16 - mmengine - INFO - paramwise_options -- backbone.adapter.backbone.blocks.22.ls2.gamma:lr_mult=0.05
2026/06/15 19:28:16 - mmengine - INFO - paramwise_options -- backbone.adapter.backbone.blocks.22.ls2.gamma:decay_mult=1.0
2026/06/15 19:28:16 - mmengine - INFO - paramwise_options -- backbone.adapter.backbone.blocks.23.norm1.weight:lr=5e-06
2026/06/15 19:28:16 - mmengine - INFO - paramwise_options -- backbone.adapter.backbone.blocks.23.norm1.weight:weight_decay=0.05
2026/06/15 19:28:16 - mmengine - INFO - paramwise_options -- backbone.adapter.backbone.blocks.23.norm1.weight:lr_mult=0.05
2026/06/15 19:28:16 - mmengine - INFO - paramwise_options -- backbone.adapter.backbone.blocks.23.norm1.weight:decay_mult=1.0
2026/06/15 19:28:16 - mmengine - INFO - paramwise_options -- backbone.adapter.backbone.blocks.23.norm1.bias:lr=5e-06
2026/06/15 19:28:16 - mmengine - INFO - paramwise_options -- backbone.adapter.backbone.blocks.23.norm1.bias:weight_decay=0.05
2026/06/15 19:28:16 - mmengine - INFO - paramwise_options -- backbone.adapter.backbone.blocks.23.norm1.bias:lr_mult=0.05
2026/06/15 19:28:16 - mmengine - INFO - paramwise_options -- backbone.adapter.backbone.blocks.23.norm1.bias:decay_mult=1.0
2026/06/15 19:28:16 - mmengine - INFO - paramwise_options -- backbone.adapter.backbone.blocks.23.attn.qkv.weight:lr=5e-06
2026/06/15 19:28:16 - mmengine - INFO - paramwise_options -- backbone.adapter.backbone.blocks.23.attn.qkv.weight:weight_decay=0.05
2026/06/15 19:28:16 - mmengine - INFO - paramwise_options -- backbone.adapter.backbone.blocks.23.attn.qkv.weight:lr_mult=0.05
2026/06/15 19:28:16 - mmengine - INFO - paramwise_options -- backbone.adapter.backbone.blocks.23.attn.qkv.weight:decay_mult=1.0
2026/06/15 19:28:16 - mmengine - INFO - paramwise_options -- backbone.adapter.backbone.blocks.23.attn.qkv.bias:lr=5e-06
2026/06/15 19:28:16 - mmengine - INFO - paramwise_options -- backbone.adapter.backbone.blocks.23.attn.qkv.bias:weight_decay=0.05
2026/06/15 19:28:16 - mmengine - INFO - paramwise_options -- backbone.adapter.backbone.blocks.23.attn.qkv.bias:lr_mult=0.05
2026/06/15 19:28:16 - mmengine - INFO - paramwise_options -- backbone.adapter.backbone.blocks.23.attn.qkv.bias:decay_mult=1.0
2026/06/15 19:28:16 - mmengine - INFO - paramwise_options -- backbone.adapter.backbone.blocks.23.attn.proj.weight:lr=5e-06
2026/06/15 19:28:16 - mmengine - INFO - paramwise_options -- backbone.adapter.backbone.blocks.23.attn.proj.weight:weight_decay=0.05
2026/06/15 19:28:16 - mmengine - INFO - paramwise_options -- backbone.adapter.backbone.blocks.23.attn.proj.weight:lr_mult=0.05
2026/06/15 19:28:16 - mmengine - INFO - paramwise_options -- backbone.adapter.backbone.blocks.23.attn.proj.weight:decay_mult=1.0
2026/06/15 19:28:16 - mmengine - INFO - paramwise_options -- backbone.adapter.backbone.blocks.23.attn.proj.bias:lr=5e-06
2026/06/15 19:28:16 - mmengine - INFO - paramwise_options -- backbone.adapter.backbone.blocks.23.attn.proj.bias:weight_decay=0.05
2026/06/15 19:28:16 - mmengine - INFO - paramwise_options -- backbone.adapter.backbone.blocks.23.attn.proj.bias:lr_mult=0.05
2026/06/15 19:28:16 - mmengine - INFO - paramwise_options -- backbone.adapter.backbone.blocks.23.attn.proj.bias:decay_mult=1.0
2026/06/15 19:28:16 - mmengine - INFO - paramwise_options -- backbone.adapter.backbone.blocks.23.ls1.gamma:lr=5e-06
2026/06/15 19:28:16 - mmengine - INFO - paramwise_options -- backbone.adapter.backbone.blocks.23.ls1.gamma:weight_decay=0.05
2026/06/15 19:28:16 - mmengine - INFO - paramwise_options -- backbone.adapter.backbone.blocks.23.ls1.gamma:lr_mult=0.05
2026/06/15 19:28:16 - mmengine - INFO - paramwise_options -- backbone.adapter.backbone.blocks.23.ls1.gamma:decay_mult=1.0
2026/06/15 19:28:16 - mmengine - INFO - paramwise_options -- backbone.adapter.backbone.blocks.23.norm2.weight:lr=5e-06
2026/06/15 19:28:16 - mmengine - INFO - paramwise_options -- backbone.adapter.backbone.blocks.23.norm2.weight:weight_decay=0.05
2026/06/15 19:28:16 - mmengine - INFO - paramwise_options -- backbone.adapter.backbone.blocks.23.norm2.weight:lr_mult=0.05
2026/06/15 19:28:16 - mmengine - INFO - paramwise_options -- backbone.adapter.backbone.blocks.23.norm2.weight:decay_mult=1.0
2026/06/15 19:28:16 - mmengine - INFO - paramwise_options -- backbone.adapter.backbone.blocks.23.norm2.bias:lr=5e-06
2026/06/15 19:28:16 - mmengine - INFO - paramwise_options -- backbone.adapter.backbone.blocks.23.norm2.bias:weight_decay=0.05
2026/06/15 19:28:16 - mmengine - INFO - paramwise_options -- backbone.adapter.backbone.blocks.23.norm2.bias:lr_mult=0.05
2026/06/15 19:28:16 - mmengine - INFO - paramwise_options -- backbone.adapter.backbone.blocks.23.norm2.bias:decay_mult=1.0
2026/06/15 19:28:16 - mmengine - INFO - paramwise_options -- backbone.adapter.backbone.blocks.23.mlp.fc1.weight:lr=5e-06
2026/06/15 19:28:16 - mmengine - INFO - paramwise_options -- backbone.adapter.backbone.blocks.23.mlp.fc1.weight:weight_decay=0.05
2026/06/15 19:28:16 - mmengine - INFO - paramwise_options -- backbone.adapter.backbone.blocks.23.mlp.fc1.weight:lr_mult=0.05
2026/06/15 19:28:16 - mmengine - INFO - paramwise_options -- backbone.adapter.backbone.blocks.23.mlp.fc1.weight:decay_mult=1.0
2026/06/15 19:28:16 - mmengine - INFO - paramwise_options -- backbone.adapter.backbone.blocks.23.mlp.fc1.bias:lr=5e-06
2026/06/15 19:28:16 - mmengine - INFO - paramwise_options -- backbone.adapter.backbone.blocks.23.mlp.fc1.bias:weight_decay=0.05
2026/06/15 19:28:16 - mmengine - INFO - paramwise_options -- backbone.adapter.backbone.blocks.23.mlp.fc1.bias:lr_mult=0.05
2026/06/15 19:28:16 - mmengine - INFO - paramwise_options -- backbone.adapter.backbone.blocks.23.mlp.fc1.bias:decay_mult=1.0
2026/06/15 19:28:16 - mmengine - INFO - paramwise_options -- backbone.adapter.backbone.blocks.23.mlp.fc2.weight:lr=5e-06
2026/06/15 19:28:16 - mmengine - INFO - paramwise_options -- backbone.adapter.backbone.blocks.23.mlp.fc2.weight:weight_decay=0.05
2026/06/15 19:28:16 - mmengine - INFO - paramwise_options -- backbone.adapter.backbone.blocks.23.mlp.fc2.weight:lr_mult=0.05
2026/06/15 19:28:16 - mmengine - INFO - paramwise_options -- backbone.adapter.backbone.blocks.23.mlp.fc2.weight:decay_mult=1.0
2026/06/15 19:28:16 - mmengine - INFO - paramwise_options -- backbone.adapter.backbone.blocks.23.mlp.fc2.bias:lr=5e-06
2026/06/15 19:28:16 - mmengine - INFO - paramwise_options -- backbone.adapter.backbone.blocks.23.mlp.fc2.bias:weight_decay=0.05
2026/06/15 19:28:16 - mmengine - INFO - paramwise_options -- backbone.adapter.backbone.blocks.23.mlp.fc2.bias:lr_mult=0.05
2026/06/15 19:28:16 - mmengine - INFO - paramwise_options -- backbone.adapter.backbone.blocks.23.mlp.fc2.bias:decay_mult=1.0
2026/06/15 19:28:16 - mmengine - INFO - paramwise_options -- backbone.adapter.backbone.blocks.23.ls2.gamma:lr=5e-06
2026/06/15 19:28:16 - mmengine - INFO - paramwise_options -- backbone.adapter.backbone.blocks.23.ls2.gamma:weight_decay=0.05
2026/06/15 19:28:16 - mmengine - INFO - paramwise_options -- backbone.adapter.backbone.blocks.23.ls2.gamma:lr_mult=0.05
2026/06/15 19:28:16 - mmengine - INFO - paramwise_options -- backbone.adapter.backbone.blocks.23.ls2.gamma:decay_mult=1.0
2026/06/15 19:28:16 - mmengine - INFO - paramwise_options -- backbone.adapter.backbone.norm.weight:lr=5e-06
2026/06/15 19:28:16 - mmengine - INFO - paramwise_options -- backbone.adapter.backbone.norm.weight:weight_decay=0.05
2026/06/15 19:28:16 - mmengine - INFO - paramwise_options -- backbone.adapter.backbone.norm.weight:lr_mult=0.05
2026/06/15 19:28:16 - mmengine - INFO - paramwise_options -- backbone.adapter.backbone.norm.weight:decay_mult=1.0
2026/06/15 19:28:16 - mmengine - INFO - paramwise_options -- backbone.adapter.backbone.norm.bias:lr=5e-06
2026/06/15 19:28:16 - mmengine - INFO - paramwise_options -- backbone.adapter.backbone.norm.bias:weight_decay=0.05
2026/06/15 19:28:16 - mmengine - INFO - paramwise_options -- backbone.adapter.backbone.norm.bias:lr_mult=0.05
2026/06/15 19:28:16 - mmengine - INFO - paramwise_options -- backbone.adapter.backbone.norm.bias:decay_mult=1.0
2026/06/15 19:28:16 - mmengine - INFO - paramwise_options -- backbone.adapter.spm.stem.0.weight:lr=0.0001
2026/06/15 19:28:16 - mmengine - INFO - paramwise_options -- backbone.adapter.spm.stem.0.weight:weight_decay=0.05
2026/06/15 19:28:16 - mmengine - INFO - paramwise_options -- backbone.adapter.spm.stem.0.weight:lr_mult=1.0
2026/06/15 19:28:16 - mmengine - INFO - paramwise_options -- backbone.adapter.spm.stem.0.weight:decay_mult=1.0
2026/06/15 19:28:16 - mmengine - INFO - paramwise_options -- backbone.adapter.spm.stem.1.weight:lr=0.0001
2026/06/15 19:28:16 - mmengine - INFO - paramwise_options -- backbone.adapter.spm.stem.1.weight:weight_decay=0.05
2026/06/15 19:28:16 - mmengine - INFO - paramwise_options -- backbone.adapter.spm.stem.1.weight:lr_mult=1.0
2026/06/15 19:28:16 - mmengine - INFO - paramwise_options -- backbone.adapter.spm.stem.1.weight:decay_mult=1.0
2026/06/15 19:28:16 - mmengine - INFO - paramwise_options -- backbone.adapter.spm.stem.1.bias:lr=0.0001
2026/06/15 19:28:16 - mmengine - INFO - paramwise_options -- backbone.adapter.spm.stem.1.bias:weight_decay=0.05
2026/06/15 19:28:16 - mmengine - INFO - paramwise_options -- backbone.adapter.spm.stem.1.bias:lr_mult=1.0
2026/06/15 19:28:16 - mmengine - INFO - paramwise_options -- backbone.adapter.spm.stem.1.bias:decay_mult=1.0
2026/06/15 19:28:16 - mmengine - INFO - paramwise_options -- backbone.adapter.spm.stem.3.weight:lr=0.0001
2026/06/15 19:28:16 - mmengine - INFO - paramwise_options -- backbone.adapter.spm.stem.3.weight:weight_decay=0.05
2026/06/15 19:28:16 - mmengine - INFO - paramwise_options -- backbone.adapter.spm.stem.3.weight:lr_mult=1.0
2026/06/15 19:28:17 - mmengine - INFO - paramwise_options -- backbone.adapter.spm.stem.3.weight:decay_mult=1.0
2026/06/15 19:28:17 - mmengine - INFO - paramwise_options -- backbone.adapter.spm.stem.4.weight:lr=0.0001
2026/06/15 19:28:17 - mmengine - INFO - paramwise_options -- backbone.adapter.spm.stem.4.weight:weight_decay=0.05
2026/06/15 19:28:17 - mmengine - INFO - paramwise_options -- backbone.adapter.spm.stem.4.weight:lr_mult=1.0
2026/06/15 19:28:17 - mmengine - INFO - paramwise_options -- backbone.adapter.spm.stem.4.weight:decay_mult=1.0
2026/06/15 19:28:17 - mmengine - INFO - paramwise_options -- backbone.adapter.spm.stem.4.bias:lr=0.0001
2026/06/15 19:28:17 - mmengine - INFO - paramwise_options -- backbone.adapter.spm.stem.4.bias:weight_decay=0.05
2026/06/15 19:28:17 - mmengine - INFO - paramwise_options -- backbone.adapter.spm.stem.4.bias:lr_mult=1.0
2026/06/15 19:28:17 - mmengine - INFO - paramwise_options -- backbone.adapter.spm.stem.4.bias:decay_mult=1.0
2026/06/15 19:28:17 - mmengine - INFO - paramwise_options -- backbone.adapter.spm.stem.6.weight:lr=0.0001
2026/06/15 19:28:17 - mmengine - INFO - paramwise_options -- backbone.adapter.spm.stem.6.weight:weight_decay=0.05
2026/06/15 19:28:17 - mmengine - INFO - paramwise_options -- backbone.adapter.spm.stem.6.weight:lr_mult=1.0
2026/06/15 19:28:17 - mmengine - INFO - paramwise_options -- backbone.adapter.spm.stem.6.weight:decay_mult=1.0
2026/06/15 19:28:17 - mmengine - INFO - paramwise_options -- backbone.adapter.spm.stem.7.weight:lr=0.0001
2026/06/15 19:28:17 - mmengine - INFO - paramwise_options -- backbone.adapter.spm.stem.7.weight:weight_decay=0.05
2026/06/15 19:28:17 - mmengine - INFO - paramwise_options -- backbone.adapter.spm.stem.7.weight:lr_mult=1.0
2026/06/15 19:28:17 - mmengine - INFO - paramwise_options -- backbone.adapter.spm.stem.7.weight:decay_mult=1.0
2026/06/15 19:28:17 - mmengine - INFO - paramwise_options -- backbone.adapter.spm.stem.7.bias:lr=0.0001
2026/06/15 19:28:17 - mmengine - INFO - paramwise_options -- backbone.adapter.spm.stem.7.bias:weight_decay=0.05
2026/06/15 19:28:17 - mmengine - INFO - paramwise_options -- backbone.adapter.spm.stem.7.bias:lr_mult=1.0
2026/06/15 19:28:17 - mmengine - INFO - paramwise_options -- backbone.adapter.spm.stem.7.bias:decay_mult=1.0
2026/06/15 19:28:17 - mmengine - INFO - paramwise_options -- backbone.adapter.spm.conv2.1.weight:weight_decay=0.0
2026/06/15 19:28:17 - mmengine - INFO - paramwise_options -- backbone.adapter.spm.conv2.1.bias:weight_decay=0.0
2026/06/15 19:28:17 - mmengine - INFO - paramwise_options -- backbone.adapter.spm.conv3.1.weight:weight_decay=0.0
2026/06/15 19:28:17 - mmengine - INFO - paramwise_options -- backbone.adapter.spm.conv3.1.bias:weight_decay=0.0
2026/06/15 19:28:17 - mmengine - INFO - paramwise_options -- backbone.adapter.spm.conv4.1.weight:weight_decay=0.0
2026/06/15 19:28:17 - mmengine - INFO - paramwise_options -- backbone.adapter.spm.conv4.1.bias:weight_decay=0.0
2026/06/15 19:28:17 - mmengine - INFO - paramwise_options -- backbone.adapter.interactions.0.extractor.query_norm.weight:weight_decay=0.0
2026/06/15 19:28:17 - mmengine - INFO - paramwise_options -- backbone.adapter.interactions.0.extractor.query_norm.bias:weight_decay=0.0
2026/06/15 19:28:17 - mmengine - INFO - paramwise_options -- backbone.adapter.interactions.0.extractor.feat_norm.weight:weight_decay=0.0
2026/06/15 19:28:17 - mmengine - INFO - paramwise_options -- backbone.adapter.interactions.0.extractor.feat_norm.bias:weight_decay=0.0
2026/06/15 19:28:17 - mmengine - INFO - paramwise_options -- backbone.adapter.interactions.0.extractor.ffn_norm.weight:weight_decay=0.0
2026/06/15 19:28:17 - mmengine - INFO - paramwise_options -- backbone.adapter.interactions.0.extractor.ffn_norm.bias:weight_decay=0.0
2026/06/15 19:28:17 - mmengine - INFO - paramwise_options -- backbone.adapter.interactions.1.extractor.query_norm.weight:weight_decay=0.0
2026/06/15 19:28:17 - mmengine - INFO - paramwise_options -- backbone.adapter.interactions.1.extractor.query_norm.bias:weight_decay=0.0
2026/06/15 19:28:17 - mmengine - INFO - paramwise_options -- backbone.adapter.interactions.1.extractor.feat_norm.weight:weight_decay=0.0
2026/06/15 19:28:17 - mmengine - INFO - paramwise_options -- backbone.adapter.interactions.1.extractor.feat_norm.bias:weight_decay=0.0
2026/06/15 19:28:17 - mmengine - INFO - paramwise_options -- backbone.adapter.interactions.1.extractor.ffn_norm.weight:weight_decay=0.0
2026/06/15 19:28:17 - mmengine - INFO - paramwise_options -- backbone.adapter.interactions.1.extractor.ffn_norm.bias:weight_decay=0.0
2026/06/15 19:28:17 - mmengine - INFO - paramwise_options -- backbone.adapter.interactions.2.extractor.query_norm.weight:weight_decay=0.0
2026/06/15 19:28:17 - mmengine - INFO - paramwise_options -- backbone.adapter.interactions.2.extractor.query_norm.bias:weight_decay=0.0
2026/06/15 19:28:17 - mmengine - INFO - paramwise_options -- backbone.adapter.interactions.2.extractor.feat_norm.weight:weight_decay=0.0
2026/06/15 19:28:17 - mmengine - INFO - paramwise_options -- backbone.adapter.interactions.2.extractor.feat_norm.bias:weight_decay=0.0
2026/06/15 19:28:17 - mmengine - INFO - paramwise_options -- backbone.adapter.interactions.2.extractor.ffn_norm.weight:weight_decay=0.0
2026/06/15 19:28:17 - mmengine - INFO - paramwise_options -- backbone.adapter.interactions.2.extractor.ffn_norm.bias:weight_decay=0.0
2026/06/15 19:28:17 - mmengine - INFO - paramwise_options -- backbone.adapter.interactions.3.extractor.query_norm.weight:weight_decay=0.0
2026/06/15 19:28:17 - mmengine - INFO - paramwise_options -- backbone.adapter.interactions.3.extractor.query_norm.bias:weight_decay=0.0
2026/06/15 19:28:17 - mmengine - INFO - paramwise_options -- backbone.adapter.interactions.3.extractor.feat_norm.weight:weight_decay=0.0
2026/06/15 19:28:17 - mmengine - INFO - paramwise_options -- backbone.adapter.interactions.3.extractor.feat_norm.bias:weight_decay=0.0
2026/06/15 19:28:17 - mmengine - INFO - paramwise_options -- backbone.adapter.interactions.3.extractor.ffn_norm.weight:weight_decay=0.0
2026/06/15 19:28:17 - mmengine - INFO - paramwise_options -- backbone.adapter.interactions.3.extractor.ffn_norm.bias:weight_decay=0.0
2026/06/15 19:28:17 - mmengine - INFO - paramwise_options -- backbone.adapter.interactions.3.extra_extractors.0.query_norm.weight:weight_decay=0.0
2026/06/15 19:28:17 - mmengine - INFO - paramwise_options -- backbone.adapter.interactions.3.extra_extractors.0.query_norm.bias:weight_decay=0.0
2026/06/15 19:28:17 - mmengine - INFO - paramwise_options -- backbone.adapter.interactions.3.extra_extractors.0.feat_norm.weight:weight_decay=0.0
2026/06/15 19:28:17 - mmengine - INFO - paramwise_options -- backbone.adapter.interactions.3.extra_extractors.0.feat_norm.bias:weight_decay=0.0
2026/06/15 19:28:17 - mmengine - INFO - paramwise_options -- backbone.adapter.interactions.3.extra_extractors.0.ffn_norm.weight:weight_decay=0.0
2026/06/15 19:28:17 - mmengine - INFO - paramwise_options -- backbone.adapter.interactions.3.extra_extractors.0.ffn_norm.bias:weight_decay=0.0
2026/06/15 19:28:17 - mmengine - INFO - paramwise_options -- backbone.adapter.interactions.3.extra_extractors.1.query_norm.weight:weight_decay=0.0
2026/06/15 19:28:17 - mmengine - INFO - paramwise_options -- backbone.adapter.interactions.3.extra_extractors.1.query_norm.bias:weight_decay=0.0
2026/06/15 19:28:17 - mmengine - INFO - paramwise_options -- backbone.adapter.interactions.3.extra_extractors.1.feat_norm.weight:weight_decay=0.0
2026/06/15 19:28:17 - mmengine - INFO - paramwise_options -- backbone.adapter.interactions.3.extra_extractors.1.feat_norm.bias:weight_decay=0.0
2026/06/15 19:28:17 - mmengine - INFO - paramwise_options -- backbone.adapter.interactions.3.extra_extractors.1.ffn_norm.weight:weight_decay=0.0
2026/06/15 19:28:17 - mmengine - INFO - paramwise_options -- backbone.adapter.interactions.3.extra_extractors.1.ffn_norm.bias:weight_decay=0.0
2026/06/15 19:28:17 - mmengine - INFO - paramwise_options -- backbone.adapter.norm1.weight:weight_decay=0.0
2026/06/15 19:28:17 - mmengine - INFO - paramwise_options -- backbone.adapter.norm1.bias:weight_decay=0.0
2026/06/15 19:28:17 - mmengine - INFO - paramwise_options -- backbone.adapter.norm2.weight:weight_decay=0.0
2026/06/15 19:28:17 - mmengine - INFO - paramwise_options -- backbone.adapter.norm2.bias:weight_decay=0.0
2026/06/15 19:28:17 - mmengine - INFO - paramwise_options -- backbone.adapter.norm3.weight:weight_decay=0.0
2026/06/15 19:28:17 - mmengine - INFO - paramwise_options -- backbone.adapter.norm3.bias:weight_decay=0.0
2026/06/15 19:28:17 - mmengine - INFO - paramwise_options -- backbone.adapter.norm4.weight:weight_decay=0.0
2026/06/15 19:28:17 - mmengine - INFO - paramwise_options -- backbone.adapter.norm4.bias:weight_decay=0.0
2026/06/15 19:28:17 - mmengine - INFO - paramwise_options -- decode_head.pixel_decoder.input_convs.0.gn.weight:weight_decay=0.0
2026/06/15 19:28:17 - mmengine - INFO - paramwise_options -- decode_head.pixel_decoder.input_convs.0.gn.bias:weight_decay=0.0
2026/06/15 19:28:17 - mmengine - INFO - paramwise_options -- decode_head.pixel_decoder.input_convs.1.gn.weight:weight_decay=0.0
2026/06/15 19:28:17 - mmengine - INFO - paramwise_options -- decode_head.pixel_decoder.input_convs.1.gn.bias:weight_decay=0.0
2026/06/15 19:28:17 - mmengine - INFO - paramwise_options -- decode_head.pixel_decoder.input_convs.2.gn.weight:weight_decay=0.0
2026/06/15 19:28:17 - mmengine - INFO - paramwise_options -- decode_head.pixel_decoder.input_convs.2.gn.bias:weight_decay=0.0
2026/06/15 19:28:17 - mmengine - INFO - paramwise_options -- decode_head.pixel_decoder.encoder.layers.0.norms.0.weight:weight_decay=0.0
2026/06/15 19:28:17 - mmengine - INFO - paramwise_options -- decode_head.pixel_decoder.encoder.layers.0.norms.0.bias:weight_decay=0.0
2026/06/15 19:28:17 - mmengine - INFO - paramwise_options -- decode_head.pixel_decoder.encoder.layers.0.norms.1.weight:weight_decay=0.0
2026/06/15 19:28:17 - mmengine - INFO - paramwise_options -- decode_head.pixel_decoder.encoder.layers.0.norms.1.bias:weight_decay=0.0
2026/06/15 19:28:17 - mmengine - INFO - paramwise_options -- decode_head.pixel_decoder.encoder.layers.1.norms.0.weight:weight_decay=0.0
2026/06/15 19:28:17 - mmengine - INFO - paramwise_options -- decode_head.pixel_decoder.encoder.layers.1.norms.0.bias:weight_decay=0.0
2026/06/15 19:28:17 - mmengine - INFO - paramwise_options -- decode_head.pixel_decoder.encoder.layers.1.norms.1.weight:weight_decay=0.0
2026/06/15 19:28:17 - mmengine - INFO - paramwise_options -- decode_head.pixel_decoder.encoder.layers.1.norms.1.bias:weight_decay=0.0
2026/06/15 19:28:17 - mmengine - INFO - paramwise_options -- decode_head.pixel_decoder.encoder.layers.2.norms.0.weight:weight_decay=0.0
2026/06/15 19:28:17 - mmengine - INFO - paramwise_options -- decode_head.pixel_decoder.encoder.layers.2.norms.0.bias:weight_decay=0.0
2026/06/15 19:28:17 - mmengine - INFO - paramwise_options -- decode_head.pixel_decoder.encoder.layers.2.norms.1.weight:weight_decay=0.0
2026/06/15 19:28:17 - mmengine - INFO - paramwise_options -- decode_head.pixel_decoder.encoder.layers.2.norms.1.bias:weight_decay=0.0
2026/06/15 19:28:17 - mmengine - INFO - paramwise_options -- decode_head.pixel_decoder.encoder.layers.3.norms.0.weight:weight_decay=0.0
2026/06/15 19:28:17 - mmengine - INFO - paramwise_options -- decode_head.pixel_decoder.encoder.layers.3.norms.0.bias:weight_decay=0.0
2026/06/15 19:28:17 - mmengine - INFO - paramwise_options -- decode_head.pixel_decoder.encoder.layers.3.norms.1.weight:weight_decay=0.0
2026/06/15 19:28:17 - mmengine - INFO - paramwise_options -- decode_head.pixel_decoder.encoder.layers.3.norms.1.bias:weight_decay=0.0
2026/06/15 19:28:17 - mmengine - INFO - paramwise_options -- decode_head.pixel_decoder.encoder.layers.4.norms.0.weight:weight_decay=0.0
2026/06/15 19:28:17 - mmengine - INFO - paramwise_options -- decode_head.pixel_decoder.encoder.layers.4.norms.0.bias:weight_decay=0.0
2026/06/15 19:28:17 - mmengine - INFO - paramwise_options -- decode_head.pixel_decoder.encoder.layers.4.norms.1.weight:weight_decay=0.0
2026/06/15 19:28:17 - mmengine - INFO - paramwise_options -- decode_head.pixel_decoder.encoder.layers.4.norms.1.bias:weight_decay=0.0
2026/06/15 19:28:17 - mmengine - INFO - paramwise_options -- decode_head.pixel_decoder.encoder.layers.5.norms.0.weight:weight_decay=0.0
2026/06/15 19:28:17 - mmengine - INFO - paramwise_options -- decode_head.pixel_decoder.encoder.layers.5.norms.0.bias:weight_decay=0.0
2026/06/15 19:28:17 - mmengine - INFO - paramwise_options -- decode_head.pixel_decoder.encoder.layers.5.norms.1.weight:weight_decay=0.0
2026/06/15 19:28:17 - mmengine - INFO - paramwise_options -- decode_head.pixel_decoder.encoder.layers.5.norms.1.bias:weight_decay=0.0
2026/06/15 19:28:17 - mmengine - INFO - paramwise_options -- decode_head.pixel_decoder.lateral_convs.0.gn.weight:weight_decay=0.0
2026/06/15 19:28:17 - mmengine - INFO - paramwise_options -- decode_head.pixel_decoder.lateral_convs.0.gn.bias:weight_decay=0.0
2026/06/15 19:28:17 - mmengine - INFO - paramwise_options -- decode_head.pixel_decoder.output_convs.0.gn.weight:weight_decay=0.0
2026/06/15 19:28:17 - mmengine - INFO - paramwise_options -- decode_head.pixel_decoder.output_convs.0.gn.bias:weight_decay=0.0
2026/06/15 19:28:17 - mmengine - INFO - paramwise_options -- decode_head.transformer_decoder.layers.0.norms.0.weight:weight_decay=0.0
2026/06/15 19:28:17 - mmengine - INFO - paramwise_options -- decode_head.transformer_decoder.layers.0.norms.0.bias:weight_decay=0.0
2026/06/15 19:28:17 - mmengine - INFO - paramwise_options -- decode_head.transformer_decoder.layers.0.norms.1.weight:weight_decay=0.0
2026/06/15 19:28:17 - mmengine - INFO - paramwise_options -- decode_head.transformer_decoder.layers.0.norms.1.bias:weight_decay=0.0
2026/06/15 19:28:17 - mmengine - INFO - paramwise_options -- decode_head.transformer_decoder.layers.0.norms.2.weight:weight_decay=0.0
2026/06/15 19:28:17 - mmengine - INFO - paramwise_options -- decode_head.transformer_decoder.layers.0.norms.2.bias:weight_decay=0.0
2026/06/15 19:28:17 - mmengine - INFO - paramwise_options -- decode_head.transformer_decoder.layers.1.norms.0.weight:weight_decay=0.0
2026/06/15 19:28:17 - mmengine - INFO - paramwise_options -- decode_head.transformer_decoder.layers.1.norms.0.bias:weight_decay=0.0
2026/06/15 19:28:17 - mmengine - INFO - paramwise_options -- decode_head.transformer_decoder.layers.1.norms.1.weight:weight_decay=0.0
2026/06/15 19:28:17 - mmengine - INFO - paramwise_options -- decode_head.transformer_decoder.layers.1.norms.1.bias:weight_decay=0.0
2026/06/15 19:28:17 - mmengine - INFO - paramwise_options -- decode_head.transformer_decoder.layers.1.norms.2.weight:weight_decay=0.0
2026/06/15 19:28:17 - mmengine - INFO - paramwise_options -- decode_head.transformer_decoder.layers.1.norms.2.bias:weight_decay=0.0
2026/06/15 19:28:17 - mmengine - INFO - paramwise_options -- decode_head.transformer_decoder.layers.2.norms.0.weight:weight_decay=0.0
2026/06/15 19:28:17 - mmengine - INFO - paramwise_options -- decode_head.transformer_decoder.layers.2.norms.0.bias:weight_decay=0.0
2026/06/15 19:28:17 - mmengine - INFO - paramwise_options -- decode_head.transformer_decoder.layers.2.norms.1.weight:weight_decay=0.0
2026/06/15 19:28:17 - mmengine - INFO - paramwise_options -- decode_head.transformer_decoder.layers.2.norms.1.bias:weight_decay=0.0
2026/06/15 19:28:17 - mmengine - INFO - paramwise_options -- decode_head.transformer_decoder.layers.2.norms.2.weight:weight_decay=0.0
2026/06/15 19:28:17 - mmengine - INFO - paramwise_options -- decode_head.transformer_decoder.layers.2.norms.2.bias:weight_decay=0.0
2026/06/15 19:28:17 - mmengine - INFO - paramwise_options -- decode_head.transformer_decoder.layers.3.norms.0.weight:weight_decay=0.0
2026/06/15 19:28:17 - mmengine - INFO - paramwise_options -- decode_head.transformer_decoder.layers.3.norms.0.bias:weight_decay=0.0
2026/06/15 19:28:17 - mmengine - INFO - paramwise_options -- decode_head.transformer_decoder.layers.3.norms.1.weight:weight_decay=0.0
2026/06/15 19:28:17 - mmengine - INFO - paramwise_options -- decode_head.transformer_decoder.layers.3.norms.1.bias:weight_decay=0.0
2026/06/15 19:28:17 - mmengine - INFO - paramwise_options -- decode_head.transformer_decoder.layers.3.norms.2.weight:weight_decay=0.0
2026/06/15 19:28:17 - mmengine - INFO - paramwise_options -- decode_head.transformer_decoder.layers.3.norms.2.bias:weight_decay=0.0
2026/06/15 19:28:17 - mmengine - INFO - paramwise_options -- decode_head.transformer_decoder.layers.4.norms.0.weight:weight_decay=0.0
2026/06/15 19:28:17 - mmengine - INFO - paramwise_options -- decode_head.transformer_decoder.layers.4.norms.0.bias:weight_decay=0.0
2026/06/15 19:28:17 - mmengine - INFO - paramwise_options -- decode_head.transformer_decoder.layers.4.norms.1.weight:weight_decay=0.0
2026/06/15 19:28:17 - mmengine - INFO - paramwise_options -- decode_head.transformer_decoder.layers.4.norms.1.bias:weight_decay=0.0
2026/06/15 19:28:17 - mmengine - INFO - paramwise_options -- decode_head.transformer_decoder.layers.4.norms.2.weight:weight_decay=0.0
2026/06/15 19:28:17 - mmengine - INFO - paramwise_options -- decode_head.transformer_decoder.layers.4.norms.2.bias:weight_decay=0.0
2026/06/15 19:28:17 - mmengine - INFO - paramwise_options -- decode_head.transformer_decoder.layers.5.norms.0.weight:weight_decay=0.0
2026/06/15 19:28:17 - mmengine - INFO - paramwise_options -- decode_head.transformer_decoder.layers.5.norms.0.bias:weight_decay=0.0
2026/06/15 19:28:17 - mmengine - INFO - paramwise_options -- decode_head.transformer_decoder.layers.5.norms.1.weight:weight_decay=0.0
2026/06/15 19:28:17 - mmengine - INFO - paramwise_options -- decode_head.transformer_decoder.layers.5.norms.1.bias:weight_decay=0.0
2026/06/15 19:28:17 - mmengine - INFO - paramwise_options -- decode_head.transformer_decoder.layers.5.norms.2.weight:weight_decay=0.0
2026/06/15 19:28:17 - mmengine - INFO - paramwise_options -- decode_head.transformer_decoder.layers.5.norms.2.bias:weight_decay=0.0
2026/06/15 19:28:17 - mmengine - INFO - paramwise_options -- decode_head.transformer_decoder.layers.6.norms.0.weight:weight_decay=0.0
2026/06/15 19:28:17 - mmengine - INFO - paramwise_options -- decode_head.transformer_decoder.layers.6.norms.0.bias:weight_decay=0.0
2026/06/15 19:28:17 - mmengine - INFO - paramwise_options -- decode_head.transformer_decoder.layers.6.norms.1.weight:weight_decay=0.0
2026/06/15 19:28:17 - mmengine - INFO - paramwise_options -- decode_head.transformer_decoder.layers.6.norms.1.bias:weight_decay=0.0
2026/06/15 19:28:17 - mmengine - INFO - paramwise_options -- decode_head.transformer_decoder.layers.6.norms.2.weight:weight_decay=0.0
2026/06/15 19:28:17 - mmengine - INFO - paramwise_options -- decode_head.transformer_decoder.layers.6.norms.2.bias:weight_decay=0.0
2026/06/15 19:28:17 - mmengine - INFO - paramwise_options -- decode_head.transformer_decoder.layers.7.norms.0.weight:weight_decay=0.0
2026/06/15 19:28:17 - mmengine - INFO - paramwise_options -- decode_head.transformer_decoder.layers.7.norms.0.bias:weight_decay=0.0
2026/06/15 19:28:17 - mmengine - INFO - paramwise_options -- decode_head.transformer_decoder.layers.7.norms.1.weight:weight_decay=0.0
2026/06/15 19:28:17 - mmengine - INFO - paramwise_options -- decode_head.transformer_decoder.layers.7.norms.1.bias:weight_decay=0.0
2026/06/15 19:28:17 - mmengine - INFO - paramwise_options -- decode_head.transformer_decoder.layers.7.norms.2.weight:weight_decay=0.0
2026/06/15 19:28:17 - mmengine - INFO - paramwise_options -- decode_head.transformer_decoder.layers.7.norms.2.bias:weight_decay=0.0
2026/06/15 19:28:17 - mmengine - INFO - paramwise_options -- decode_head.transformer_decoder.layers.8.norms.0.weight:weight_decay=0.0
2026/06/15 19:28:17 - mmengine - INFO - paramwise_options -- decode_head.transformer_decoder.layers.8.norms.0.bias:weight_decay=0.0
2026/06/15 19:28:17 - mmengine - INFO - paramwise_options -- decode_head.transformer_decoder.layers.8.norms.1.weight:weight_decay=0.0
2026/06/15 19:28:17 - mmengine - INFO - paramwise_options -- decode_head.transformer_decoder.layers.8.norms.1.bias:weight_decay=0.0
2026/06/15 19:28:17 - mmengine - INFO - paramwise_options -- decode_head.transformer_decoder.layers.8.norms.2.weight:weight_decay=0.0
2026/06/15 19:28:17 - mmengine - INFO - paramwise_options -- decode_head.transformer_decoder.layers.8.norms.2.bias:weight_decay=0.0
2026/06/15 19:28:17 - mmengine - INFO - paramwise_options -- decode_head.transformer_decoder.post_norm.weight:weight_decay=0.0
2026/06/15 19:28:17 - mmengine - INFO - paramwise_options -- decode_head.transformer_decoder.post_norm.bias:weight_decay=0.0
2026/06/15 19:28:17 - mmengine - INFO - paramwise_options -- decode_head.query_embed.weight:lr=0.0001
2026/06/15 19:28:17 - mmengine - INFO - paramwise_options -- decode_head.query_embed.weight:weight_decay=0.0
2026/06/15 19:28:17 - mmengine - INFO - paramwise_options -- decode_head.query_embed.weight:lr_mult=1.0
2026/06/15 19:28:17 - mmengine - INFO - paramwise_options -- decode_head.query_embed.weight:decay_mult=0.0
2026/06/15 19:28:17 - mmengine - INFO - paramwise_options -- decode_head.query_feat.weight:lr=0.0001
2026/06/15 19:28:17 - mmengine - INFO - paramwise_options -- decode_head.query_feat.weight:weight_decay=0.0
2026/06/15 19:28:17 - mmengine - INFO - paramwise_options -- decode_head.query_feat.weight:lr_mult=1.0
2026/06/15 19:28:17 - mmengine - INFO - paramwise_options -- decode_head.query_feat.weight:decay_mult=0.0
2026/06/15 19:28:17 - mmengine - INFO - paramwise_options -- decode_head.level_embed.weight:lr=0.0001
2026/06/15 19:28:17 - mmengine - INFO - paramwise_options -- decode_head.level_embed.weight:weight_decay=0.0
2026/06/15 19:28:17 - mmengine - INFO - paramwise_options -- decode_head.level_embed.weight:lr_mult=1.0
2026/06/15 19:28:17 - mmengine - INFO - paramwise_options -- decode_head.level_embed.weight:decay_mult=0.0
2026/06/15 19:28:19 - mmengine - WARNING - The prefix is not set in metric class IoUMetric.
Name of parameter - Initialization information

backbone.adapter.level_embed - torch.Size([3, 1024]): 
The value is the same before and after calling `init_weights` of EncoderDecoder  

backbone.adapter.backbone.cls_token - torch.Size([1, 1, 1024]): 
The value is the same before and after calling `init_weights` of EncoderDecoder  

backbone.adapter.backbone.mask_token - torch.Size([1, 1024]): 
The value is the same before and after calling `init_weights` of EncoderDecoder  

backbone.adapter.backbone.patch_embed.proj.weight - torch.Size([1024, 3, 16, 16]): 
The value is the same before and after calling `init_weights` of EncoderDecoder  

backbone.adapter.backbone.patch_embed.proj.bias - torch.Size([1024]): 
The value is the same before and after calling `init_weights` of EncoderDecoder  

backbone.adapter.backbone.blocks.0.norm1.weight - torch.Size([1024]): 
The value is the same before and after calling `init_weights` of EncoderDecoder  

backbone.adapter.backbone.blocks.0.norm1.bias - torch.Size([1024]): 
The value is the same before and after calling `init_weights` of EncoderDecoder  

backbone.adapter.backbone.blocks.0.attn.qkv.weight - torch.Size([3072, 1024]): 
The value is the same before and after calling `init_weights` of EncoderDecoder  

backbone.adapter.backbone.blocks.0.attn.qkv.bias - torch.Size([3072]): 
The value is the same before and after calling `init_weights` of EncoderDecoder  

backbone.adapter.backbone.blocks.0.attn.proj.weight - torch.Size([1024, 1024]): 
The value is the same before and after calling `init_weights` of EncoderDecoder  

backbone.adapter.backbone.blocks.0.attn.proj.bias - torch.Size([1024]): 
The value is the same before and after calling `init_weights` of EncoderDecoder  

backbone.adapter.backbone.blocks.0.ls1.gamma - torch.Size([1024]): 
The value is the same before and after calling `init_weights` of EncoderDecoder  

backbone.adapter.backbone.blocks.0.norm2.weight - torch.Size([1024]): 
The value is the same before and after calling `init_weights` of EncoderDecoder  

backbone.adapter.backbone.blocks.0.norm2.bias - torch.Size([1024]): 
The value is the same before and after calling `init_weights` of EncoderDecoder  

backbone.adapter.backbone.blocks.0.mlp.fc1.weight - torch.Size([4096, 1024]): 
The value is the same before and after calling `init_weights` of EncoderDecoder  

backbone.adapter.backbone.blocks.0.mlp.fc1.bias - torch.Size([4096]): 
The value is the same before and after calling `init_weights` of EncoderDecoder  

backbone.adapter.backbone.blocks.0.mlp.fc2.weight - torch.Size([1024, 4096]): 
The value is the same before and after calling `init_weights` of EncoderDecoder  

backbone.adapter.backbone.blocks.0.mlp.fc2.bias - torch.Size([1024]): 
The value is the same before and after calling `init_weights` of EncoderDecoder  

backbone.adapter.backbone.blocks.0.ls2.gamma - torch.Size([1024]): 
The value is the same before and after calling `init_weights` of EncoderDecoder  

backbone.adapter.backbone.blocks.1.norm1.weight - torch.Size([1024]): 
The value is the same before and after calling `init_weights` of EncoderDecoder  

backbone.adapter.backbone.blocks.1.norm1.bias - torch.Size([1024]): 
The value is the same before and after calling `init_weights` of EncoderDecoder  

backbone.adapter.backbone.blocks.1.attn.qkv.weight - torch.Size([3072, 1024]): 
The value is the same before and after calling `init_weights` of EncoderDecoder  

backbone.adapter.backbone.blocks.1.attn.qkv.bias - torch.Size([3072]): 
The value is the same before and after calling `init_weights` of EncoderDecoder  

backbone.adapter.backbone.blocks.1.attn.proj.weight - torch.Size([1024, 1024]): 
The value is the same before and after calling `init_weights` of EncoderDecoder  

backbone.adapter.backbone.blocks.1.attn.proj.bias - torch.Size([1024]): 
The value is the same before and after calling `init_weights` of EncoderDecoder  

backbone.adapter.backbone.blocks.1.ls1.gamma - torch.Size([1024]): 
The value is the same before and after calling `init_weights` of EncoderDecoder  

backbone.adapter.backbone.blocks.1.norm2.weight - torch.Size([1024]): 
The value is the same before and after calling `init_weights` of EncoderDecoder  

backbone.adapter.backbone.blocks.1.norm2.bias - torch.Size([1024]): 
The value is the same before and after calling `init_weights` of EncoderDecoder  

backbone.adapter.backbone.blocks.1.mlp.fc1.weight - torch.Size([4096, 1024]): 
The value is the same before and after calling `init_weights` of EncoderDecoder  

backbone.adapter.backbone.blocks.1.mlp.fc1.bias - torch.Size([4096]): 
The value is the same before and after calling `init_weights` of EncoderDecoder  

backbone.adapter.backbone.blocks.1.mlp.fc2.weight - torch.Size([1024, 4096]): 
The value is the same before and after calling `init_weights` of EncoderDecoder  

backbone.adapter.backbone.blocks.1.mlp.fc2.bias - torch.Size([1024]): 
The value is the same before and after calling `init_weights` of EncoderDecoder  

backbone.adapter.backbone.blocks.1.ls2.gamma - torch.Size([1024]): 
The value is the same before and after calling `init_weights` of EncoderDecoder  

backbone.adapter.backbone.blocks.2.norm1.weight - torch.Size([1024]): 
The value is the same before and after calling `init_weights` of EncoderDecoder  

backbone.adapter.backbone.blocks.2.norm1.bias - torch.Size([1024]): 
The value is the same before and after calling `init_weights` of EncoderDecoder  

backbone.adapter.backbone.blocks.2.attn.qkv.weight - torch.Size([3072, 1024]): 
The value is the same before and after calling `init_weights` of EncoderDecoder  

backbone.adapter.backbone.blocks.2.attn.qkv.bias - torch.Size([3072]): 
The value is the same before and after calling `init_weights` of EncoderDecoder  

backbone.adapter.backbone.blocks.2.attn.proj.weight - torch.Size([1024, 1024]): 
The value is the same before and after calling `init_weights` of EncoderDecoder  

backbone.adapter.backbone.blocks.2.attn.proj.bias - torch.Size([1024]): 
The value is the same before and after calling `init_weights` of EncoderDecoder  

backbone.adapter.backbone.blocks.2.ls1.gamma - torch.Size([1024]): 
The value is the same before and after calling `init_weights` of EncoderDecoder  

backbone.adapter.backbone.blocks.2.norm2.weight - torch.Size([1024]): 
The value is the same before and after calling `init_weights` of EncoderDecoder  

backbone.adapter.backbone.blocks.2.norm2.bias - torch.Size([1024]): 
The value is the same before and after calling `init_weights` of EncoderDecoder  

backbone.adapter.backbone.blocks.2.mlp.fc1.weight - torch.Size([4096, 1024]): 
The value is the same before and after calling `init_weights` of EncoderDecoder  

backbone.adapter.backbone.blocks.2.mlp.fc1.bias - torch.Size([4096]): 
The value is the same before and after calling `init_weights` of EncoderDecoder  

backbone.adapter.backbone.blocks.2.mlp.fc2.weight - torch.Size([1024, 4096]): 
The value is the same before and after calling `init_weights` of EncoderDecoder  

backbone.adapter.backbone.blocks.2.mlp.fc2.bias - torch.Size([1024]): 
The value is the same before and after calling `init_weights` of EncoderDecoder  

backbone.adapter.backbone.blocks.2.ls2.gamma - torch.Size([1024]): 
The value is the same before and after calling `init_weights` of EncoderDecoder  

backbone.adapter.backbone.blocks.3.norm1.weight - torch.Size([1024]): 
The value is the same before and after calling `init_weights` of EncoderDecoder  

backbone.adapter.backbone.blocks.3.norm1.bias - torch.Size([1024]): 
The value is the same before and after calling `init_weights` of EncoderDecoder  

backbone.adapter.backbone.blocks.3.attn.qkv.weight - torch.Size([3072, 1024]): 
The value is the same before and after calling `init_weights` of EncoderDecoder  

backbone.adapter.backbone.blocks.3.attn.qkv.bias - torch.Size([3072]): 
The value is the same before and after calling `init_weights` of EncoderDecoder  

backbone.adapter.backbone.blocks.3.attn.proj.weight - torch.Size([1024, 1024]): 
The value is the same before and after calling `init_weights` of EncoderDecoder  

backbone.adapter.backbone.blocks.3.attn.proj.bias - torch.Size([1024]): 
The value is the same before and after calling `init_weights` of EncoderDecoder  

backbone.adapter.backbone.blocks.3.ls1.gamma - torch.Size([1024]): 
The value is the same before and after calling `init_weights` of EncoderDecoder  

backbone.adapter.backbone.blocks.3.norm2.weight - torch.Size([1024]): 
The value is the same before and after calling `init_weights` of EncoderDecoder  

backbone.adapter.backbone.blocks.3.norm2.bias - torch.Size([1024]): 
The value is the same before and after calling `init_weights` of EncoderDecoder  

backbone.adapter.backbone.blocks.3.mlp.fc1.weight - torch.Size([4096, 1024]): 
The value is the same before and after calling `init_weights` of EncoderDecoder  

backbone.adapter.backbone.blocks.3.mlp.fc1.bias - torch.Size([4096]): 
The value is the same before and after calling `init_weights` of EncoderDecoder  

backbone.adapter.backbone.blocks.3.mlp.fc2.weight - torch.Size([1024, 4096]): 
The value is the same before and after calling `init_weights` of EncoderDecoder  

backbone.adapter.backbone.blocks.3.mlp.fc2.bias - torch.Size([1024]): 
The value is the same before and after calling `init_weights` of EncoderDecoder  

backbone.adapter.backbone.blocks.3.ls2.gamma - torch.Size([1024]): 
The value is the same before and after calling `init_weights` of EncoderDecoder  

backbone.adapter.backbone.blocks.4.norm1.weight - torch.Size([1024]): 
The value is the same before and after calling `init_weights` of EncoderDecoder  

backbone.adapter.backbone.blocks.4.norm1.bias - torch.Size([1024]): 
The value is the same before and after calling `init_weights` of EncoderDecoder  

backbone.adapter.backbone.blocks.4.attn.qkv.weight - torch.Size([3072, 1024]): 
The value is the same before and after calling `init_weights` of EncoderDecoder  

backbone.adapter.backbone.blocks.4.attn.qkv.bias - torch.Size([3072]): 
The value is the same before and after calling `init_weights` of EncoderDecoder  

backbone.adapter.backbone.blocks.4.attn.proj.weight - torch.Size([1024, 1024]): 
The value is the same before and after calling `init_weights` of EncoderDecoder  

backbone.adapter.backbone.blocks.4.attn.proj.bias - torch.Size([1024]): 
The value is the same before and after calling `init_weights` of EncoderDecoder  

backbone.adapter.backbone.blocks.4.ls1.gamma - torch.Size([1024]): 
The value is the same before and after calling `init_weights` of EncoderDecoder  

backbone.adapter.backbone.blocks.4.norm2.weight - torch.Size([1024]): 
The value is the same before and after calling `init_weights` of EncoderDecoder  

backbone.adapter.backbone.blocks.4.norm2.bias - torch.Size([1024]): 
The value is the same before and after calling `init_weights` of EncoderDecoder  

backbone.adapter.backbone.blocks.4.mlp.fc1.weight - torch.Size([4096, 1024]): 
The value is the same before and after calling `init_weights` of EncoderDecoder  

backbone.adapter.backbone.blocks.4.mlp.fc1.bias - torch.Size([4096]): 
The value is the same before and after calling `init_weights` of EncoderDecoder  

backbone.adapter.backbone.blocks.4.mlp.fc2.weight - torch.Size([1024, 4096]): 
The value is the same before and after calling `init_weights` of EncoderDecoder  

backbone.adapter.backbone.blocks.4.mlp.fc2.bias - torch.Size([1024]): 
The value is the same before and after calling `init_weights` of EncoderDecoder  

backbone.adapter.backbone.blocks.4.ls2.gamma - torch.Size([1024]): 
The value is the same before and after calling `init_weights` of EncoderDecoder  

backbone.adapter.backbone.blocks.5.norm1.weight - torch.Size([1024]): 
The value is the same before and after calling `init_weights` of EncoderDecoder  

backbone.adapter.backbone.blocks.5.norm1.bias - torch.Size([1024]): 
The value is the same before and after calling `init_weights` of EncoderDecoder  

backbone.adapter.backbone.blocks.5.attn.qkv.weight - torch.Size([3072, 1024]): 
The value is the same before and after calling `init_weights` of EncoderDecoder  

backbone.adapter.backbone.blocks.5.attn.qkv.bias - torch.Size([3072]): 
The value is the same before and after calling `init_weights` of EncoderDecoder  

backbone.adapter.backbone.blocks.5.attn.proj.weight - torch.Size([1024, 1024]): 
The value is the same before and after calling `init_weights` of EncoderDecoder  

backbone.adapter.backbone.blocks.5.attn.proj.bias - torch.Size([1024]): 
The value is the same before and after calling `init_weights` of EncoderDecoder  

backbone.adapter.backbone.blocks.5.ls1.gamma - torch.Size([1024]): 
The value is the same before and after calling `init_weights` of EncoderDecoder  

backbone.adapter.backbone.blocks.5.norm2.weight - torch.Size([1024]): 
The value is the same before and after calling `init_weights` of EncoderDecoder  

backbone.adapter.backbone.blocks.5.norm2.bias - torch.Size([1024]): 
The value is the same before and after calling `init_weights` of EncoderDecoder  

backbone.adapter.backbone.blocks.5.mlp.fc1.weight - torch.Size([4096, 1024]): 
The value is the same before and after calling `init_weights` of EncoderDecoder  

backbone.adapter.backbone.blocks.5.mlp.fc1.bias - torch.Size([4096]): 
The value is the same before and after calling `init_weights` of EncoderDecoder  

backbone.adapter.backbone.blocks.5.mlp.fc2.weight - torch.Size([1024, 4096]): 
The value is the same before and after calling `init_weights` of EncoderDecoder  

backbone.adapter.backbone.blocks.5.mlp.fc2.bias - torch.Size([1024]): 
The value is the same before and after calling `init_weights` of EncoderDecoder  

backbone.adapter.backbone.blocks.5.ls2.gamma - torch.Size([1024]): 
The value is the same before and after calling `init_weights` of EncoderDecoder  

backbone.adapter.backbone.blocks.6.norm1.weight - torch.Size([1024]): 
The value is the same before and after calling `init_weights` of EncoderDecoder  

backbone.adapter.backbone.blocks.6.norm1.bias - torch.Size([1024]): 
The value is the same before and after calling `init_weights` of EncoderDecoder  

backbone.adapter.backbone.blocks.6.attn.qkv.weight - torch.Size([3072, 1024]): 
The value is the same before and after calling `init_weights` of EncoderDecoder  

backbone.adapter.backbone.blocks.6.attn.qkv.bias - torch.Size([3072]): 
The value is the same before and after calling `init_weights` of EncoderDecoder  

backbone.adapter.backbone.blocks.6.attn.proj.weight - torch.Size([1024, 1024]): 
The value is the same before and after calling `init_weights` of EncoderDecoder  

backbone.adapter.backbone.blocks.6.attn.proj.bias - torch.Size([1024]): 
The value is the same before and after calling `init_weights` of EncoderDecoder  

backbone.adapter.backbone.blocks.6.ls1.gamma - torch.Size([1024]): 
The value is the same before and after calling `init_weights` of EncoderDecoder  

backbone.adapter.backbone.blocks.6.norm2.weight - torch.Size([1024]): 
The value is the same before and after calling `init_weights` of EncoderDecoder  

backbone.adapter.backbone.blocks.6.norm2.bias - torch.Size([1024]): 
The value is the same before and after calling `init_weights` of EncoderDecoder  

backbone.adapter.backbone.blocks.6.mlp.fc1.weight - torch.Size([4096, 1024]): 
The value is the same before and after calling `init_weights` of EncoderDecoder  

backbone.adapter.backbone.blocks.6.mlp.fc1.bias - torch.Size([4096]): 
The value is the same before and after calling `init_weights` of EncoderDecoder  

backbone.adapter.backbone.blocks.6.mlp.fc2.weight - torch.Size([1024, 4096]): 
The value is the same before and after calling `init_weights` of EncoderDecoder  

backbone.adapter.backbone.blocks.6.mlp.fc2.bias - torch.Size([1024]): 
The value is the same before and after calling `init_weights` of EncoderDecoder  

backbone.adapter.backbone.blocks.6.ls2.gamma - torch.Size([1024]): 
The value is the same before and after calling `init_weights` of EncoderDecoder  

backbone.adapter.backbone.blocks.7.norm1.weight - torch.Size([1024]): 
The value is the same before and after calling `init_weights` of EncoderDecoder  

backbone.adapter.backbone.blocks.7.norm1.bias - torch.Size([1024]): 
The value is the same before and after calling `init_weights` of EncoderDecoder  

backbone.adapter.backbone.blocks.7.attn.qkv.weight - torch.Size([3072, 1024]): 
The value is the same before and after calling `init_weights` of EncoderDecoder  

backbone.adapter.backbone.blocks.7.attn.qkv.bias - torch.Size([3072]): 
The value is the same before and after calling `init_weights` of EncoderDecoder  

backbone.adapter.backbone.blocks.7.attn.proj.weight - torch.Size([1024, 1024]): 
The value is the same before and after calling `init_weights` of EncoderDecoder  

backbone.adapter.backbone.blocks.7.attn.proj.bias - torch.Size([1024]): 
The value is the same before and after calling `init_weights` of EncoderDecoder  

backbone.adapter.backbone.blocks.7.ls1.gamma - torch.Size([1024]): 
The value is the same before and after calling `init_weights` of EncoderDecoder  

backbone.adapter.backbone.blocks.7.norm2.weight - torch.Size([1024]): 
The value is the same before and after calling `init_weights` of EncoderDecoder  

backbone.adapter.backbone.blocks.7.norm2.bias - torch.Size([1024]): 
The value is the same before and after calling `init_weights` of EncoderDecoder  

backbone.adapter.backbone.blocks.7.mlp.fc1.weight - torch.Size([4096, 1024]): 
The value is the same before and after calling `init_weights` of EncoderDecoder  

backbone.adapter.backbone.blocks.7.mlp.fc1.bias - torch.Size([4096]): 
The value is the same before and after calling `init_weights` of EncoderDecoder  

backbone.adapter.backbone.blocks.7.mlp.fc2.weight - torch.Size([1024, 4096]): 
The value is the same before and after calling `init_weights` of EncoderDecoder  

backbone.adapter.backbone.blocks.7.mlp.fc2.bias - torch.Size([1024]): 
The value is the same before and after calling `init_weights` of EncoderDecoder  

backbone.adapter.backbone.blocks.7.ls2.gamma - torch.Size([1024]): 
The value is the same before and after calling `init_weights` of EncoderDecoder  

backbone.adapter.backbone.blocks.8.norm1.weight - torch.Size([1024]): 
The value is the same before and after calling `init_weights` of EncoderDecoder  

backbone.adapter.backbone.blocks.8.norm1.bias - torch.Size([1024]): 
The value is the same before and after calling `init_weights` of EncoderDecoder  

backbone.adapter.backbone.blocks.8.attn.qkv.weight - torch.Size([3072, 1024]): 
The value is the same before and after calling `init_weights` of EncoderDecoder  

backbone.adapter.backbone.blocks.8.attn.qkv.bias - torch.Size([3072]): 
The value is the same before and after calling `init_weights` of EncoderDecoder  

backbone.adapter.backbone.blocks.8.attn.proj.weight - torch.Size([1024, 1024]): 
The value is the same before and after calling `init_weights` of EncoderDecoder  

backbone.adapter.backbone.blocks.8.attn.proj.bias - torch.Size([1024]): 
The value is the same before and after calling `init_weights` of EncoderDecoder  

backbone.adapter.backbone.blocks.8.ls1.gamma - torch.Size([1024]): 
The value is the same before and after calling `init_weights` of EncoderDecoder  

backbone.adapter.backbone.blocks.8.norm2.weight - torch.Size([1024]): 
The value is the same before and after calling `init_weights` of EncoderDecoder  

backbone.adapter.backbone.blocks.8.norm2.bias - torch.Size([1024]): 
The value is the same before and after calling `init_weights` of EncoderDecoder  

backbone.adapter.backbone.blocks.8.mlp.fc1.weight - torch.Size([4096, 1024]): 
The value is the same before and after calling `init_weights` of EncoderDecoder  

backbone.adapter.backbone.blocks.8.mlp.fc1.bias - torch.Size([4096]): 
The value is the same before and after calling `init_weights` of EncoderDecoder  

backbone.adapter.backbone.blocks.8.mlp.fc2.weight - torch.Size([1024, 4096]): 
The value is the same before and after calling `init_weights` of EncoderDecoder  

backbone.adapter.backbone.blocks.8.mlp.fc2.bias - torch.Size([1024]): 
The value is the same before and after calling `init_weights` of EncoderDecoder  

backbone.adapter.backbone.blocks.8.ls2.gamma - torch.Size([1024]): 
The value is the same before and after calling `init_weights` of EncoderDecoder  

backbone.adapter.backbone.blocks.9.norm1.weight - torch.Size([1024]): 
The value is the same before and after calling `init_weights` of EncoderDecoder  

backbone.adapter.backbone.blocks.9.norm1.bias - torch.Size([1024]): 
The value is the same before and after calling `init_weights` of EncoderDecoder  

backbone.adapter.backbone.blocks.9.attn.qkv.weight - torch.Size([3072, 1024]): 
The value is the same before and after calling `init_weights` of EncoderDecoder  

backbone.adapter.backbone.blocks.9.attn.qkv.bias - torch.Size([3072]): 
The value is the same before and after calling `init_weights` of EncoderDecoder  

backbone.adapter.backbone.blocks.9.attn.proj.weight - torch.Size([1024, 1024]): 
The value is the same before and after calling `init_weights` of EncoderDecoder  

backbone.adapter.backbone.blocks.9.attn.proj.bias - torch.Size([1024]): 
The value is the same before and after calling `init_weights` of EncoderDecoder  

backbone.adapter.backbone.blocks.9.ls1.gamma - torch.Size([1024]): 
The value is the same before and after calling `init_weights` of EncoderDecoder  

backbone.adapter.backbone.blocks.9.norm2.weight - torch.Size([1024]): 
The value is the same before and after calling `init_weights` of EncoderDecoder  

backbone.adapter.backbone.blocks.9.norm2.bias - torch.Size([1024]): 
The value is the same before and after calling `init_weights` of EncoderDecoder  

backbone.adapter.backbone.blocks.9.mlp.fc1.weight - torch.Size([4096, 1024]): 
The value is the same before and after calling `init_weights` of EncoderDecoder  

backbone.adapter.backbone.blocks.9.mlp.fc1.bias - torch.Size([4096]): 
The value is the same before and after calling `init_weights` of EncoderDecoder  

backbone.adapter.backbone.blocks.9.mlp.fc2.weight - torch.Size([1024, 4096]): 
The value is the same before and after calling `init_weights` of EncoderDecoder  

backbone.adapter.backbone.blocks.9.mlp.fc2.bias - torch.Size([1024]): 
The value is the same before and after calling `init_weights` of EncoderDecoder  

backbone.adapter.backbone.blocks.9.ls2.gamma - torch.Size([1024]): 
The value is the same before and after calling `init_weights` of EncoderDecoder  

backbone.adapter.backbone.blocks.10.norm1.weight - torch.Size([1024]): 
The value is the same before and after calling `init_weights` of EncoderDecoder  

backbone.adapter.backbone.blocks.10.norm1.bias - torch.Size([1024]): 
The value is the same before and after calling `init_weights` of EncoderDecoder  

backbone.adapter.backbone.blocks.10.attn.qkv.weight - torch.Size([3072, 1024]): 
The value is the same before and after calling `init_weights` of EncoderDecoder  

backbone.adapter.backbone.blocks.10.attn.qkv.bias - torch.Size([3072]): 
The value is the same before and after calling `init_weights` of EncoderDecoder  

backbone.adapter.backbone.blocks.10.attn.proj.weight - torch.Size([1024, 1024]): 
The value is the same before and after calling `init_weights` of EncoderDecoder  

backbone.adapter.backbone.blocks.10.attn.proj.bias - torch.Size([1024]): 
The value is the same before and after calling `init_weights` of EncoderDecoder  

backbone.adapter.backbone.blocks.10.ls1.gamma - torch.Size([1024]): 
The value is the same before and after calling `init_weights` of EncoderDecoder  

backbone.adapter.backbone.blocks.10.norm2.weight - torch.Size([1024]): 
The value is the same before and after calling `init_weights` of EncoderDecoder  

backbone.adapter.backbone.blocks.10.norm2.bias - torch.Size([1024]): 
The value is the same before and after calling `init_weights` of EncoderDecoder  

backbone.adapter.backbone.blocks.10.mlp.fc1.weight - torch.Size([4096, 1024]): 
The value is the same before and after calling `init_weights` of EncoderDecoder  

backbone.adapter.backbone.blocks.10.mlp.fc1.bias - torch.Size([4096]): 
The value is the same before and after calling `init_weights` of EncoderDecoder  

backbone.adapter.backbone.blocks.10.mlp.fc2.weight - torch.Size([1024, 4096]): 
The value is the same before and after calling `init_weights` of EncoderDecoder  

backbone.adapter.backbone.blocks.10.mlp.fc2.bias - torch.Size([1024]): 
The value is the same before and after calling `init_weights` of EncoderDecoder  

backbone.adapter.backbone.blocks.10.ls2.gamma - torch.Size([1024]): 
The value is the same before and after calling `init_weights` of EncoderDecoder  

backbone.adapter.backbone.blocks.11.norm1.weight - torch.Size([1024]): 
The value is the same before and after calling `init_weights` of EncoderDecoder  

backbone.adapter.backbone.blocks.11.norm1.bias - torch.Size([1024]): 
The value is the same before and after calling `init_weights` of EncoderDecoder  

backbone.adapter.backbone.blocks.11.attn.qkv.weight - torch.Size([3072, 1024]): 
The value is the same before and after calling `init_weights` of EncoderDecoder  

backbone.adapter.backbone.blocks.11.attn.qkv.bias - torch.Size([3072]): 
The value is the same before and after calling `init_weights` of EncoderDecoder  

backbone.adapter.backbone.blocks.11.attn.proj.weight - torch.Size([1024, 1024]): 
The value is the same before and after calling `init_weights` of EncoderDecoder  

backbone.adapter.backbone.blocks.11.attn.proj.bias - torch.Size([1024]): 
The value is the same before and after calling `init_weights` of EncoderDecoder  

backbone.adapter.backbone.blocks.11.ls1.gamma - torch.Size([1024]): 
The value is the same before and after calling `init_weights` of EncoderDecoder  

backbone.adapter.backbone.blocks.11.norm2.weight - torch.Size([1024]): 
The value is the same before and after calling `init_weights` of EncoderDecoder  

backbone.adapter.backbone.blocks.11.norm2.bias - torch.Size([1024]): 
The value is the same before and after calling `init_weights` of EncoderDecoder  

backbone.adapter.backbone.blocks.11.mlp.fc1.weight - torch.Size([4096, 1024]): 
The value is the same before and after calling `init_weights` of EncoderDecoder  

backbone.adapter.backbone.blocks.11.mlp.fc1.bias - torch.Size([4096]): 
The value is the same before and after calling `init_weights` of EncoderDecoder  

backbone.adapter.backbone.blocks.11.mlp.fc2.weight - torch.Size([1024, 4096]): 
The value is the same before and after calling `init_weights` of EncoderDecoder  

backbone.adapter.backbone.blocks.11.mlp.fc2.bias - torch.Size([1024]): 
The value is the same before and after calling `init_weights` of EncoderDecoder  

backbone.adapter.backbone.blocks.11.ls2.gamma - torch.Size([1024]): 
The value is the same before and after calling `init_weights` of EncoderDecoder  

backbone.adapter.backbone.blocks.12.norm1.weight - torch.Size([1024]): 
The value is the same before and after calling `init_weights` of EncoderDecoder  

backbone.adapter.backbone.blocks.12.norm1.bias - torch.Size([1024]): 
The value is the same before and after calling `init_weights` of EncoderDecoder  

backbone.adapter.backbone.blocks.12.attn.qkv.weight - torch.Size([3072, 1024]): 
The value is the same before and after calling `init_weights` of EncoderDecoder  

backbone.adapter.backbone.blocks.12.attn.qkv.bias - torch.Size([3072]): 
The value is the same before and after calling `init_weights` of EncoderDecoder  

backbone.adapter.backbone.blocks.12.attn.proj.weight - torch.Size([1024, 1024]): 
The value is the same before and after calling `init_weights` of EncoderDecoder  

backbone.adapter.backbone.blocks.12.attn.proj.bias - torch.Size([1024]): 
The value is the same before and after calling `init_weights` of EncoderDecoder  

backbone.adapter.backbone.blocks.12.ls1.gamma - torch.Size([1024]): 
The value is the same before and after calling `init_weights` of EncoderDecoder  

backbone.adapter.backbone.blocks.12.norm2.weight - torch.Size([1024]): 
The value is the same before and after calling `init_weights` of EncoderDecoder  

backbone.adapter.backbone.blocks.12.norm2.bias - torch.Size([1024]): 
The value is the same before and after calling `init_weights` of EncoderDecoder  

backbone.adapter.backbone.blocks.12.mlp.fc1.weight - torch.Size([4096, 1024]): 
The value is the same before and after calling `init_weights` of EncoderDecoder  

backbone.adapter.backbone.blocks.12.mlp.fc1.bias - torch.Size([4096]): 
The value is the same before and after calling `init_weights` of EncoderDecoder  

backbone.adapter.backbone.blocks.12.mlp.fc2.weight - torch.Size([1024, 4096]): 
The value is the same before and after calling `init_weights` of EncoderDecoder  

backbone.adapter.backbone.blocks.12.mlp.fc2.bias - torch.Size([1024]): 
The value is the same before and after calling `init_weights` of EncoderDecoder  

backbone.adapter.backbone.blocks.12.ls2.gamma - torch.Size([1024]): 
The value is the same before and after calling `init_weights` of EncoderDecoder  

backbone.adapter.backbone.blocks.13.norm1.weight - torch.Size([1024]): 
The value is the same before and after calling `init_weights` of EncoderDecoder  

backbone.adapter.backbone.blocks.13.norm1.bias - torch.Size([1024]): 
The value is the same before and after calling `init_weights` of EncoderDecoder  

backbone.adapter.backbone.blocks.13.attn.qkv.weight - torch.Size([3072, 1024]): 
The value is the same before and after calling `init_weights` of EncoderDecoder  

backbone.adapter.backbone.blocks.13.attn.qkv.bias - torch.Size([3072]): 
The value is the same before and after calling `init_weights` of EncoderDecoder  

backbone.adapter.backbone.blocks.13.attn.proj.weight - torch.Size([1024, 1024]): 
The value is the same before and after calling `init_weights` of EncoderDecoder  

backbone.adapter.backbone.blocks.13.attn.proj.bias - torch.Size([1024]): 
The value is the same before and after calling `init_weights` of EncoderDecoder  

backbone.adapter.backbone.blocks.13.ls1.gamma - torch.Size([1024]): 
The value is the same before and after calling `init_weights` of EncoderDecoder  

backbone.adapter.backbone.blocks.13.norm2.weight - torch.Size([1024]): 
The value is the same before and after calling `init_weights` of EncoderDecoder  

backbone.adapter.backbone.blocks.13.norm2.bias - torch.Size([1024]): 
The value is the same before and after calling `init_weights` of EncoderDecoder  

backbone.adapter.backbone.blocks.13.mlp.fc1.weight - torch.Size([4096, 1024]): 
The value is the same before and after calling `init_weights` of EncoderDecoder  

backbone.adapter.backbone.blocks.13.mlp.fc1.bias - torch.Size([4096]): 
The value is the same before and after calling `init_weights` of EncoderDecoder  

backbone.adapter.backbone.blocks.13.mlp.fc2.weight - torch.Size([1024, 4096]): 
The value is the same before and after calling `init_weights` of EncoderDecoder  

backbone.adapter.backbone.blocks.13.mlp.fc2.bias - torch.Size([1024]): 
The value is the same before and after calling `init_weights` of EncoderDecoder  

backbone.adapter.backbone.blocks.13.ls2.gamma - torch.Size([1024]): 
The value is the same before and after calling `init_weights` of EncoderDecoder  

backbone.adapter.backbone.blocks.14.norm1.weight - torch.Size([1024]): 
The value is the same before and after calling `init_weights` of EncoderDecoder  

backbone.adapter.backbone.blocks.14.norm1.bias - torch.Size([1024]): 
The value is the same before and after calling `init_weights` of EncoderDecoder  

backbone.adapter.backbone.blocks.14.attn.qkv.weight - torch.Size([3072, 1024]): 
The value is the same before and after calling `init_weights` of EncoderDecoder  

backbone.adapter.backbone.blocks.14.attn.qkv.bias - torch.Size([3072]): 
The value is the same before and after calling `init_weights` of EncoderDecoder  

backbone.adapter.backbone.blocks.14.attn.proj.weight - torch.Size([1024, 1024]): 
The value is the same before and after calling `init_weights` of EncoderDecoder  

backbone.adapter.backbone.blocks.14.attn.proj.bias - torch.Size([1024]): 
The value is the same before and after calling `init_weights` of EncoderDecoder  

backbone.adapter.backbone.blocks.14.ls1.gamma - torch.Size([1024]): 
The value is the same before and after calling `init_weights` of EncoderDecoder  

backbone.adapter.backbone.blocks.14.norm2.weight - torch.Size([1024]): 
The value is the same before and after calling `init_weights` of EncoderDecoder  

backbone.adapter.backbone.blocks.14.norm2.bias - torch.Size([1024]): 
The value is the same before and after calling `init_weights` of EncoderDecoder  

backbone.adapter.backbone.blocks.14.mlp.fc1.weight - torch.Size([4096, 1024]): 
The value is the same before and after calling `init_weights` of EncoderDecoder  

backbone.adapter.backbone.blocks.14.mlp.fc1.bias - torch.Size([4096]): 
The value is the same before and after calling `init_weights` of EncoderDecoder  

backbone.adapter.backbone.blocks.14.mlp.fc2.weight - torch.Size([1024, 4096]): 
The value is the same before and after calling `init_weights` of EncoderDecoder  

backbone.adapter.backbone.blocks.14.mlp.fc2.bias - torch.Size([1024]): 
The value is the same before and after calling `init_weights` of EncoderDecoder  

backbone.adapter.backbone.blocks.14.ls2.gamma - torch.Size([1024]): 
The value is the same before and after calling `init_weights` of EncoderDecoder  

backbone.adapter.backbone.blocks.15.norm1.weight - torch.Size([1024]): 
The value is the same before and after calling `init_weights` of EncoderDecoder  

backbone.adapter.backbone.blocks.15.norm1.bias - torch.Size([1024]): 
The value is the same before and after calling `init_weights` of EncoderDecoder  

backbone.adapter.backbone.blocks.15.attn.qkv.weight - torch.Size([3072, 1024]): 
The value is the same before and after calling `init_weights` of EncoderDecoder  

backbone.adapter.backbone.blocks.15.attn.qkv.bias - torch.Size([3072]): 
The value is the same before and after calling `init_weights` of EncoderDecoder  

backbone.adapter.backbone.blocks.15.attn.proj.weight - torch.Size([1024, 1024]): 
The value is the same before and after calling `init_weights` of EncoderDecoder  

backbone.adapter.backbone.blocks.15.attn.proj.bias - torch.Size([1024]): 
The value is the same before and after calling `init_weights` of EncoderDecoder  

backbone.adapter.backbone.blocks.15.ls1.gamma - torch.Size([1024]): 
The value is the same before and after calling `init_weights` of EncoderDecoder  

backbone.adapter.backbone.blocks.15.norm2.weight - torch.Size([1024]): 
The value is the same before and after calling `init_weights` of EncoderDecoder  

backbone.adapter.backbone.blocks.15.norm2.bias - torch.Size([1024]): 
The value is the same before and after calling `init_weights` of EncoderDecoder  

backbone.adapter.backbone.blocks.15.mlp.fc1.weight - torch.Size([4096, 1024]): 
The value is the same before and after calling `init_weights` of EncoderDecoder  

backbone.adapter.backbone.blocks.15.mlp.fc1.bias - torch.Size([4096]): 
The value is the same before and after calling `init_weights` of EncoderDecoder  

backbone.adapter.backbone.blocks.15.mlp.fc2.weight - torch.Size([1024, 4096]): 
The value is the same before and after calling `init_weights` of EncoderDecoder  

backbone.adapter.backbone.blocks.15.mlp.fc2.bias - torch.Size([1024]): 
The value is the same before and after calling `init_weights` of EncoderDecoder  

backbone.adapter.backbone.blocks.15.ls2.gamma - torch.Size([1024]): 
The value is the same before and after calling `init_weights` of EncoderDecoder  

backbone.adapter.backbone.blocks.16.norm1.weight - torch.Size([1024]): 
The value is the same before and after calling `init_weights` of EncoderDecoder  

backbone.adapter.backbone.blocks.16.norm1.bias - torch.Size([1024]): 
The value is the same before and after calling `init_weights` of EncoderDecoder  

backbone.adapter.backbone.blocks.16.attn.qkv.weight - torch.Size([3072, 1024]): 
The value is the same before and after calling `init_weights` of EncoderDecoder  

backbone.adapter.backbone.blocks.16.attn.qkv.bias - torch.Size([3072]): 
The value is the same before and after calling `init_weights` of EncoderDecoder  

backbone.adapter.backbone.blocks.16.attn.proj.weight - torch.Size([1024, 1024]): 
The value is the same before and after calling `init_weights` of EncoderDecoder  

backbone.adapter.backbone.blocks.16.attn.proj.bias - torch.Size([1024]): 
The value is the same before and after calling `init_weights` of EncoderDecoder  

backbone.adapter.backbone.blocks.16.ls1.gamma - torch.Size([1024]): 
The value is the same before and after calling `init_weights` of EncoderDecoder  

backbone.adapter.backbone.blocks.16.norm2.weight - torch.Size([1024]): 
The value is the same before and after calling `init_weights` of EncoderDecoder  

backbone.adapter.backbone.blocks.16.norm2.bias - torch.Size([1024]): 
The value is the same before and after calling `init_weights` of EncoderDecoder  

backbone.adapter.backbone.blocks.16.mlp.fc1.weight - torch.Size([4096, 1024]): 
The value is the same before and after calling `init_weights` of EncoderDecoder  

backbone.adapter.backbone.blocks.16.mlp.fc1.bias - torch.Size([4096]): 
The value is the same before and after calling `init_weights` of EncoderDecoder  

backbone.adapter.backbone.blocks.16.mlp.fc2.weight - torch.Size([1024, 4096]): 
The value is the same before and after calling `init_weights` of EncoderDecoder  

backbone.adapter.backbone.blocks.16.mlp.fc2.bias - torch.Size([1024]): 
The value is the same before and after calling `init_weights` of EncoderDecoder  

backbone.adapter.backbone.blocks.16.ls2.gamma - torch.Size([1024]): 
The value is the same before and after calling `init_weights` of EncoderDecoder  

backbone.adapter.backbone.blocks.17.norm1.weight - torch.Size([1024]): 
The value is the same before and after calling `init_weights` of EncoderDecoder  

backbone.adapter.backbone.blocks.17.norm1.bias - torch.Size([1024]): 
The value is the same before and after calling `init_weights` of EncoderDecoder  

backbone.adapter.backbone.blocks.17.attn.qkv.weight - torch.Size([3072, 1024]): 
The value is the same before and after calling `init_weights` of EncoderDecoder  

backbone.adapter.backbone.blocks.17.attn.qkv.bias - torch.Size([3072]): 
The value is the same before and after calling `init_weights` of EncoderDecoder  

backbone.adapter.backbone.blocks.17.attn.proj.weight - torch.Size([1024, 1024]): 
The value is the same before and after calling `init_weights` of EncoderDecoder  

backbone.adapter.backbone.blocks.17.attn.proj.bias - torch.Size([1024]): 
The value is the same before and after calling `init_weights` of EncoderDecoder  

backbone.adapter.backbone.blocks.17.ls1.gamma - torch.Size([1024]): 
The value is the same before and after calling `init_weights` of EncoderDecoder  

backbone.adapter.backbone.blocks.17.norm2.weight - torch.Size([1024]): 
The value is the same before and after calling `init_weights` of EncoderDecoder  

backbone.adapter.backbone.blocks.17.norm2.bias - torch.Size([1024]): 
The value is the same before and after calling `init_weights` of EncoderDecoder  

backbone.adapter.backbone.blocks.17.mlp.fc1.weight - torch.Size([4096, 1024]): 
The value is the same before and after calling `init_weights` of EncoderDecoder  

backbone.adapter.backbone.blocks.17.mlp.fc1.bias - torch.Size([4096]): 
The value is the same before and after calling `init_weights` of EncoderDecoder  

backbone.adapter.backbone.blocks.17.mlp.fc2.weight - torch.Size([1024, 4096]): 
The value is the same before and after calling `init_weights` of EncoderDecoder  

backbone.adapter.backbone.blocks.17.mlp.fc2.bias - torch.Size([1024]): 
The value is the same before and after calling `init_weights` of EncoderDecoder  

backbone.adapter.backbone.blocks.17.ls2.gamma - torch.Size([1024]): 
The value is the same before and after calling `init_weights` of EncoderDecoder  

backbone.adapter.backbone.blocks.18.norm1.weight - torch.Size([1024]): 
The value is the same before and after calling `init_weights` of EncoderDecoder  

backbone.adapter.backbone.blocks.18.norm1.bias - torch.Size([1024]): 
The value is the same before and after calling `init_weights` of EncoderDecoder  

backbone.adapter.backbone.blocks.18.attn.qkv.weight - torch.Size([3072, 1024]): 
The value is the same before and after calling `init_weights` of EncoderDecoder  

backbone.adapter.backbone.blocks.18.attn.qkv.bias - torch.Size([3072]): 
The value is the same before and after calling `init_weights` of EncoderDecoder  

backbone.adapter.backbone.blocks.18.attn.proj.weight - torch.Size([1024, 1024]): 
The value is the same before and after calling `init_weights` of EncoderDecoder  

backbone.adapter.backbone.blocks.18.attn.proj.bias - torch.Size([1024]): 
The value is the same before and after calling `init_weights` of EncoderDecoder  

backbone.adapter.backbone.blocks.18.ls1.gamma - torch.Size([1024]): 
The value is the same before and after calling `init_weights` of EncoderDecoder  

backbone.adapter.backbone.blocks.18.norm2.weight - torch.Size([1024]): 
The value is the same before and after calling `init_weights` of EncoderDecoder  

backbone.adapter.backbone.blocks.18.norm2.bias - torch.Size([1024]): 
The value is the same before and after calling `init_weights` of EncoderDecoder  

backbone.adapter.backbone.blocks.18.mlp.fc1.weight - torch.Size([4096, 1024]): 
The value is the same before and after calling `init_weights` of EncoderDecoder  

backbone.adapter.backbone.blocks.18.mlp.fc1.bias - torch.Size([4096]): 
The value is the same before and after calling `init_weights` of EncoderDecoder  

backbone.adapter.backbone.blocks.18.mlp.fc2.weight - torch.Size([1024, 4096]): 
The value is the same before and after calling `init_weights` of EncoderDecoder  

backbone.adapter.backbone.blocks.18.mlp.fc2.bias - torch.Size([1024]): 
The value is the same before and after calling `init_weights` of EncoderDecoder  

backbone.adapter.backbone.blocks.18.ls2.gamma - torch.Size([1024]): 
The value is the same before and after calling `init_weights` of EncoderDecoder  

backbone.adapter.backbone.blocks.19.norm1.weight - torch.Size([1024]): 
The value is the same before and after calling `init_weights` of EncoderDecoder  

backbone.adapter.backbone.blocks.19.norm1.bias - torch.Size([1024]): 
The value is the same before and after calling `init_weights` of EncoderDecoder  

backbone.adapter.backbone.blocks.19.attn.qkv.weight - torch.Size([3072, 1024]): 
The value is the same before and after calling `init_weights` of EncoderDecoder  

backbone.adapter.backbone.blocks.19.attn.qkv.bias - torch.Size([3072]): 
The value is the same before and after calling `init_weights` of EncoderDecoder  

backbone.adapter.backbone.blocks.19.attn.proj.weight - torch.Size([1024, 1024]): 
The value is the same before and after calling `init_weights` of EncoderDecoder  

backbone.adapter.backbone.blocks.19.attn.proj.bias - torch.Size([1024]): 
The value is the same before and after calling `init_weights` of EncoderDecoder  

backbone.adapter.backbone.blocks.19.ls1.gamma - torch.Size([1024]): 
The value is the same before and after calling `init_weights` of EncoderDecoder  

backbone.adapter.backbone.blocks.19.norm2.weight - torch.Size([1024]): 
The value is the same before and after calling `init_weights` of EncoderDecoder  

backbone.adapter.backbone.blocks.19.norm2.bias - torch.Size([1024]): 
The value is the same before and after calling `init_weights` of EncoderDecoder  

backbone.adapter.backbone.blocks.19.mlp.fc1.weight - torch.Size([4096, 1024]): 
The value is the same before and after calling `init_weights` of EncoderDecoder  

backbone.adapter.backbone.blocks.19.mlp.fc1.bias - torch.Size([4096]): 
The value is the same before and after calling `init_weights` of EncoderDecoder  

backbone.adapter.backbone.blocks.19.mlp.fc2.weight - torch.Size([1024, 4096]): 
The value is the same before and after calling `init_weights` of EncoderDecoder  

backbone.adapter.backbone.blocks.19.mlp.fc2.bias - torch.Size([1024]): 
The value is the same before and after calling `init_weights` of EncoderDecoder  

backbone.adapter.backbone.blocks.19.ls2.gamma - torch.Size([1024]): 
The value is the same before and after calling `init_weights` of EncoderDecoder  

backbone.adapter.backbone.blocks.20.norm1.weight - torch.Size([1024]): 
The value is the same before and after calling `init_weights` of EncoderDecoder  

backbone.adapter.backbone.blocks.20.norm1.bias - torch.Size([1024]): 
The value is the same before and after calling `init_weights` of EncoderDecoder  

backbone.adapter.backbone.blocks.20.attn.qkv.weight - torch.Size([3072, 1024]): 
The value is the same before and after calling `init_weights` of EncoderDecoder  

backbone.adapter.backbone.blocks.20.attn.qkv.bias - torch.Size([3072]): 
The value is the same before and after calling `init_weights` of EncoderDecoder  

backbone.adapter.backbone.blocks.20.attn.proj.weight - torch.Size([1024, 1024]): 
The value is the same before and after calling `init_weights` of EncoderDecoder  

backbone.adapter.backbone.blocks.20.attn.proj.bias - torch.Size([1024]): 
The value is the same before and after calling `init_weights` of EncoderDecoder  

backbone.adapter.backbone.blocks.20.ls1.gamma - torch.Size([1024]): 
The value is the same before and after calling `init_weights` of EncoderDecoder  

backbone.adapter.backbone.blocks.20.norm2.weight - torch.Size([1024]): 
The value is the same before and after calling `init_weights` of EncoderDecoder  

backbone.adapter.backbone.blocks.20.norm2.bias - torch.Size([1024]): 
The value is the same before and after calling `init_weights` of EncoderDecoder  

backbone.adapter.backbone.blocks.20.mlp.fc1.weight - torch.Size([4096, 1024]): 
The value is the same before and after calling `init_weights` of EncoderDecoder  

backbone.adapter.backbone.blocks.20.mlp.fc1.bias - torch.Size([4096]): 
The value is the same before and after calling `init_weights` of EncoderDecoder  

backbone.adapter.backbone.blocks.20.mlp.fc2.weight - torch.Size([1024, 4096]): 
The value is the same before and after calling `init_weights` of EncoderDecoder  

backbone.adapter.backbone.blocks.20.mlp.fc2.bias - torch.Size([1024]): 
The value is the same before and after calling `init_weights` of EncoderDecoder  

backbone.adapter.backbone.blocks.20.ls2.gamma - torch.Size([1024]): 
The value is the same before and after calling `init_weights` of EncoderDecoder  

backbone.adapter.backbone.blocks.21.norm1.weight - torch.Size([1024]): 
The value is the same before and after calling `init_weights` of EncoderDecoder  

backbone.adapter.backbone.blocks.21.norm1.bias - torch.Size([1024]): 
The value is the same before and after calling `init_weights` of EncoderDecoder  

backbone.adapter.backbone.blocks.21.attn.qkv.weight - torch.Size([3072, 1024]): 
The value is the same before and after calling `init_weights` of EncoderDecoder  

backbone.adapter.backbone.blocks.21.attn.qkv.bias - torch.Size([3072]): 
The value is the same before and after calling `init_weights` of EncoderDecoder  

backbone.adapter.backbone.blocks.21.attn.proj.weight - torch.Size([1024, 1024]): 
The value is the same before and after calling `init_weights` of EncoderDecoder  

backbone.adapter.backbone.blocks.21.attn.proj.bias - torch.Size([1024]): 
The value is the same before and after calling `init_weights` of EncoderDecoder  

backbone.adapter.backbone.blocks.21.ls1.gamma - torch.Size([1024]): 
The value is the same before and after calling `init_weights` of EncoderDecoder  

backbone.adapter.backbone.blocks.21.norm2.weight - torch.Size([1024]): 
The value is the same before and after calling `init_weights` of EncoderDecoder  

backbone.adapter.backbone.blocks.21.norm2.bias - torch.Size([1024]): 
The value is the same before and after calling `init_weights` of EncoderDecoder  

backbone.adapter.backbone.blocks.21.mlp.fc1.weight - torch.Size([4096, 1024]): 
The value is the same before and after calling `init_weights` of EncoderDecoder  

backbone.adapter.backbone.blocks.21.mlp.fc1.bias - torch.Size([4096]): 
The value is the same before and after calling `init_weights` of EncoderDecoder  

backbone.adapter.backbone.blocks.21.mlp.fc2.weight - torch.Size([1024, 4096]): 
The value is the same before and after calling `init_weights` of EncoderDecoder  

backbone.adapter.backbone.blocks.21.mlp.fc2.bias - torch.Size([1024]): 
The value is the same before and after calling `init_weights` of EncoderDecoder  

backbone.adapter.backbone.blocks.21.ls2.gamma - torch.Size([1024]): 
The value is the same before and after calling `init_weights` of EncoderDecoder  

backbone.adapter.backbone.blocks.22.norm1.weight - torch.Size([1024]): 
The value is the same before and after calling `init_weights` of EncoderDecoder  

backbone.adapter.backbone.blocks.22.norm1.bias - torch.Size([1024]): 
The value is the same before and after calling `init_weights` of EncoderDecoder  

backbone.adapter.backbone.blocks.22.attn.qkv.weight - torch.Size([3072, 1024]): 
The value is the same before and after calling `init_weights` of EncoderDecoder  

backbone.adapter.backbone.blocks.22.attn.qkv.bias - torch.Size([3072]): 
The value is the same before and after calling `init_weights` of EncoderDecoder  

backbone.adapter.backbone.blocks.22.attn.proj.weight - torch.Size([1024, 1024]): 
The value is the same before and after calling `init_weights` of EncoderDecoder  

backbone.adapter.backbone.blocks.22.attn.proj.bias - torch.Size([1024]): 
The value is the same before and after calling `init_weights` of EncoderDecoder  

backbone.adapter.backbone.blocks.22.ls1.gamma - torch.Size([1024]): 
The value is the same before and after calling `init_weights` of EncoderDecoder  

backbone.adapter.backbone.blocks.22.norm2.weight - torch.Size([1024]): 
The value is the same before and after calling `init_weights` of EncoderDecoder  

backbone.adapter.backbone.blocks.22.norm2.bias - torch.Size([1024]): 
The value is the same before and after calling `init_weights` of EncoderDecoder  

backbone.adapter.backbone.blocks.22.mlp.fc1.weight - torch.Size([4096, 1024]): 
The value is the same before and after calling `init_weights` of EncoderDecoder  

backbone.adapter.backbone.blocks.22.mlp.fc1.bias - torch.Size([4096]): 
The value is the same before and after calling `init_weights` of EncoderDecoder  

backbone.adapter.backbone.blocks.22.mlp.fc2.weight - torch.Size([1024, 4096]): 
The value is the same before and after calling `init_weights` of EncoderDecoder  

backbone.adapter.backbone.blocks.22.mlp.fc2.bias - torch.Size([1024]): 
The value is the same before and after calling `init_weights` of EncoderDecoder  

backbone.adapter.backbone.blocks.22.ls2.gamma - torch.Size([1024]): 
The value is the same before and after calling `init_weights` of EncoderDecoder  

backbone.adapter.backbone.blocks.23.norm1.weight - torch.Size([1024]): 
The value is the same before and after calling `init_weights` of EncoderDecoder  

backbone.adapter.backbone.blocks.23.norm1.bias - torch.Size([1024]): 
The value is the same before and after calling `init_weights` of EncoderDecoder  

backbone.adapter.backbone.blocks.23.attn.qkv.weight - torch.Size([3072, 1024]): 
The value is the same before and after calling `init_weights` of EncoderDecoder  

backbone.adapter.backbone.blocks.23.attn.qkv.bias - torch.Size([3072]): 
The value is the same before and after calling `init_weights` of EncoderDecoder  

backbone.adapter.backbone.blocks.23.attn.proj.weight - torch.Size([1024, 1024]): 
The value is the same before and after calling `init_weights` of EncoderDecoder  

backbone.adapter.backbone.blocks.23.attn.proj.bias - torch.Size([1024]): 
The value is the same before and after calling `init_weights` of EncoderDecoder  

backbone.adapter.backbone.blocks.23.ls1.gamma - torch.Size([1024]): 
The value is the same before and after calling `init_weights` of EncoderDecoder  

backbone.adapter.backbone.blocks.23.norm2.weight - torch.Size([1024]): 
The value is the same before and after calling `init_weights` of EncoderDecoder  

backbone.adapter.backbone.blocks.23.norm2.bias - torch.Size([1024]): 
The value is the same before and after calling `init_weights` of EncoderDecoder  

backbone.adapter.backbone.blocks.23.mlp.fc1.weight - torch.Size([4096, 1024]): 
The value is the same before and after calling `init_weights` of EncoderDecoder  

backbone.adapter.backbone.blocks.23.mlp.fc1.bias - torch.Size([4096]): 
The value is the same before and after calling `init_weights` of EncoderDecoder  

backbone.adapter.backbone.blocks.23.mlp.fc2.weight - torch.Size([1024, 4096]): 
The value is the same before and after calling `init_weights` of EncoderDecoder  

backbone.adapter.backbone.blocks.23.mlp.fc2.bias - torch.Size([1024]): 
The value is the same before and after calling `init_weights` of EncoderDecoder  

backbone.adapter.backbone.blocks.23.ls2.gamma - torch.Size([1024]): 
The value is the same before and after calling `init_weights` of EncoderDecoder  

backbone.adapter.backbone.norm.weight - torch.Size([1024]): 
The value is the same before and after calling `init_weights` of EncoderDecoder  

backbone.adapter.backbone.norm.bias - torch.Size([1024]): 
The value is the same before and after calling `init_weights` of EncoderDecoder  

backbone.adapter.spm.stem.0.weight - torch.Size([64, 3, 3, 3]): 
The value is the same before and after calling `init_weights` of EncoderDecoder  

backbone.adapter.spm.stem.1.weight - torch.Size([64]): 
The value is the same before and after calling `init_weights` of EncoderDecoder  

backbone.adapter.spm.stem.1.bias - torch.Size([64]): 
The value is the same before and after calling `init_weights` of EncoderDecoder  

backbone.adapter.spm.stem.3.weight - torch.Size([64, 64, 3, 3]): 
The value is the same before and after calling `init_weights` of EncoderDecoder  

backbone.adapter.spm.stem.4.weight - torch.Size([64]): 
The value is the same before and after calling `init_weights` of EncoderDecoder  

backbone.adapter.spm.stem.4.bias - torch.Size([64]): 
The value is the same before and after calling `init_weights` of EncoderDecoder  

backbone.adapter.spm.stem.6.weight - torch.Size([64, 64, 3, 3]): 
The value is the same before and after calling `init_weights` of EncoderDecoder  

backbone.adapter.spm.stem.7.weight - torch.Size([64]): 
The value is the same before and after calling `init_weights` of EncoderDecoder  

backbone.adapter.spm.stem.7.bias - torch.Size([64]): 
The value is the same before and after calling `init_weights` of EncoderDecoder  

backbone.adapter.spm.conv2.0.weight - torch.Size([128, 64, 3, 3]): 
The value is the same before and after calling `init_weights` of EncoderDecoder  

backbone.adapter.spm.conv2.1.weight - torch.Size([128]): 
The value is the same before and after calling `init_weights` of EncoderDecoder  

backbone.adapter.spm.conv2.1.bias - torch.Size([128]): 
The value is the same before and after calling `init_weights` of EncoderDecoder  

backbone.adapter.spm.conv3.0.weight - torch.Size([256, 128, 3, 3]): 
The value is the same before and after calling `init_weights` of EncoderDecoder  

backbone.adapter.spm.conv3.1.weight - torch.Size([256]): 
The value is the same before and after calling `init_weights` of EncoderDecoder  

backbone.adapter.spm.conv3.1.bias - torch.Size([256]): 
The value is the same before and after calling `init_weights` of EncoderDecoder  

backbone.adapter.spm.conv4.0.weight - torch.Size([256, 256, 3, 3]): 
The value is the same before and after calling `init_weights` of EncoderDecoder  

backbone.adapter.spm.conv4.1.weight - torch.Size([256]): 
The value is the same before and after calling `init_weights` of EncoderDecoder  

backbone.adapter.spm.conv4.1.bias - torch.Size([256]): 
The value is the same before and after calling `init_weights` of EncoderDecoder  

backbone.adapter.spm.fc1.weight - torch.Size([1024, 64, 1, 1]): 
The value is the same before and after calling `init_weights` of EncoderDecoder  

backbone.adapter.spm.fc1.bias - torch.Size([1024]): 
The value is the same before and after calling `init_weights` of EncoderDecoder  

backbone.adapter.spm.fc2.weight - torch.Size([1024, 128, 1, 1]): 
The value is the same before and after calling `init_weights` of EncoderDecoder  

backbone.adapter.spm.fc2.bias - torch.Size([1024]): 
The value is the same before and after calling `init_weights` of EncoderDecoder  

backbone.adapter.spm.fc3.weight - torch.Size([1024, 256, 1, 1]): 
The value is the same before and after calling `init_weights` of EncoderDecoder  

backbone.adapter.spm.fc3.bias - torch.Size([1024]): 
The value is the same before and after calling `init_weights` of EncoderDecoder  

backbone.adapter.spm.fc4.weight - torch.Size([1024, 256, 1, 1]): 
The value is the same before and after calling `init_weights` of EncoderDecoder  

backbone.adapter.spm.fc4.bias - torch.Size([1024]): 
The value is the same before and after calling `init_weights` of EncoderDecoder  

backbone.adapter.interactions.0.extractor.query_norm.weight - torch.Size([1024]): 
The value is the same before and after calling `init_weights` of EncoderDecoder  

backbone.adapter.interactions.0.extractor.query_norm.bias - torch.Size([1024]): 
The value is the same before and after calling `init_weights` of EncoderDecoder  

backbone.adapter.interactions.0.extractor.feat_norm.weight - torch.Size([1024]): 
The value is the same before and after calling `init_weights` of EncoderDecoder  

backbone.adapter.interactions.0.extractor.feat_norm.bias - torch.Size([1024]): 
The value is the same before and after calling `init_weights` of EncoderDecoder  

backbone.adapter.interactions.0.extractor.attn.attn.sampling_offsets.weight - torch.Size([128, 1024]): 
The value is the same before and after calling `init_weights` of EncoderDecoder  

backbone.adapter.interactions.0.extractor.attn.attn.sampling_offsets.bias - torch.Size([128]): 
The value is the same before and after calling `init_weights` of EncoderDecoder  

backbone.adapter.interactions.0.extractor.attn.attn.attention_weights.weight - torch.Size([64, 1024]): 
The value is the same before and after calling `init_weights` of EncoderDecoder  

backbone.adapter.interactions.0.extractor.attn.attn.attention_weights.bias - torch.Size([64]): 
The value is the same before and after calling `init_weights` of EncoderDecoder  

backbone.adapter.interactions.0.extractor.attn.attn.value_proj.weight - torch.Size([1024, 1024]): 
The value is the same before and after calling `init_weights` of EncoderDecoder  

backbone.adapter.interactions.0.extractor.attn.attn.value_proj.bias - torch.Size([1024]): 
The value is the same before and after calling `init_weights` of EncoderDecoder  

backbone.adapter.interactions.0.extractor.attn.attn.output_proj.weight - torch.Size([1024, 1024]): 
The value is the same before and after calling `init_weights` of EncoderDecoder  

backbone.adapter.interactions.0.extractor.attn.attn.output_proj.bias - torch.Size([1024]): 
The value is the same before and after calling `init_weights` of EncoderDecoder  

backbone.adapter.interactions.0.extractor.ffn.fc1.weight - torch.Size([256, 1024]): 
The value is the same before and after calling `init_weights` of EncoderDecoder  

backbone.adapter.interactions.0.extractor.ffn.fc1.bias - torch.Size([256]): 
The value is the same before and after calling `init_weights` of EncoderDecoder  

backbone.adapter.interactions.0.extractor.ffn.dwconv.dwconv.weight - torch.Size([256, 1, 3, 3]): 
The value is the same before and after calling `init_weights` of EncoderDecoder  

backbone.adapter.interactions.0.extractor.ffn.dwconv.dwconv.bias - torch.Size([256]): 
The value is the same before and after calling `init_weights` of EncoderDecoder  

backbone.adapter.interactions.0.extractor.ffn.fc2.weight - torch.Size([1024, 256]): 
The value is the same before and after calling `init_weights` of EncoderDecoder  

backbone.adapter.interactions.0.extractor.ffn.fc2.bias - torch.Size([1024]): 
The value is the same before and after calling `init_weights` of EncoderDecoder  

backbone.adapter.interactions.0.extractor.ffn_norm.weight - torch.Size([1024]): 
The value is the same before and after calling `init_weights` of EncoderDecoder  

backbone.adapter.interactions.0.extractor.ffn_norm.bias - torch.Size([1024]): 
The value is the same before and after calling `init_weights` of EncoderDecoder  

backbone.adapter.interactions.1.extractor.query_norm.weight - torch.Size([1024]): 
The value is the same before and after calling `init_weights` of EncoderDecoder  

backbone.adapter.interactions.1.extractor.query_norm.bias - torch.Size([1024]): 
The value is the same before and after calling `init_weights` of EncoderDecoder  

backbone.adapter.interactions.1.extractor.feat_norm.weight - torch.Size([1024]): 
The value is the same before and after calling `init_weights` of EncoderDecoder  

backbone.adapter.interactions.1.extractor.feat_norm.bias - torch.Size([1024]): 
The value is the same before and after calling `init_weights` of EncoderDecoder  

backbone.adapter.interactions.1.extractor.attn.attn.sampling_offsets.weight - torch.Size([128, 1024]): 
The value is the same before and after calling `init_weights` of EncoderDecoder  

backbone.adapter.interactions.1.extractor.attn.attn.sampling_offsets.bias - torch.Size([128]): 
The value is the same before and after calling `init_weights` of EncoderDecoder  

backbone.adapter.interactions.1.extractor.attn.attn.attention_weights.weight - torch.Size([64, 1024]): 
The value is the same before and after calling `init_weights` of EncoderDecoder  

backbone.adapter.interactions.1.extractor.attn.attn.attention_weights.bias - torch.Size([64]): 
The value is the same before and after calling `init_weights` of EncoderDecoder  

backbone.adapter.interactions.1.extractor.attn.attn.value_proj.weight - torch.Size([1024, 1024]): 
The value is the same before and after calling `init_weights` of EncoderDecoder  

backbone.adapter.interactions.1.extractor.attn.attn.value_proj.bias - torch.Size([1024]): 
The value is the same before and after calling `init_weights` of EncoderDecoder  

backbone.adapter.interactions.1.extractor.attn.attn.output_proj.weight - torch.Size([1024, 1024]): 
The value is the same before and after calling `init_weights` of EncoderDecoder  

backbone.adapter.interactions.1.extractor.attn.attn.output_proj.bias - torch.Size([1024]): 
The value is the same before and after calling `init_weights` of EncoderDecoder  

backbone.adapter.interactions.1.extractor.ffn.fc1.weight - torch.Size([256, 1024]): 
The value is the same before and after calling `init_weights` of EncoderDecoder  

backbone.adapter.interactions.1.extractor.ffn.fc1.bias - torch.Size([256]): 
The value is the same before and after calling `init_weights` of EncoderDecoder  

backbone.adapter.interactions.1.extractor.ffn.dwconv.dwconv.weight - torch.Size([256, 1, 3, 3]): 
The value is the same before and after calling `init_weights` of EncoderDecoder  

backbone.adapter.interactions.1.extractor.ffn.dwconv.dwconv.bias - torch.Size([256]): 
The value is the same before and after calling `init_weights` of EncoderDecoder  

backbone.adapter.interactions.1.extractor.ffn.fc2.weight - torch.Size([1024, 256]): 
The value is the same before and after calling `init_weights` of EncoderDecoder  

backbone.adapter.interactions.1.extractor.ffn.fc2.bias - torch.Size([1024]): 
The value is the same before and after calling `init_weights` of EncoderDecoder  

backbone.adapter.interactions.1.extractor.ffn_norm.weight - torch.Size([1024]): 
The value is the same before and after calling `init_weights` of EncoderDecoder  

backbone.adapter.interactions.1.extractor.ffn_norm.bias - torch.Size([1024]): 
The value is the same before and after calling `init_weights` of EncoderDecoder  

backbone.adapter.interactions.2.extractor.query_norm.weight - torch.Size([1024]): 
The value is the same before and after calling `init_weights` of EncoderDecoder  

backbone.adapter.interactions.2.extractor.query_norm.bias - torch.Size([1024]): 
The value is the same before and after calling `init_weights` of EncoderDecoder  

backbone.adapter.interactions.2.extractor.feat_norm.weight - torch.Size([1024]): 
The value is the same before and after calling `init_weights` of EncoderDecoder  

backbone.adapter.interactions.2.extractor.feat_norm.bias - torch.Size([1024]): 
The value is the same before and after calling `init_weights` of EncoderDecoder  

backbone.adapter.interactions.2.extractor.attn.attn.sampling_offsets.weight - torch.Size([128, 1024]): 
The value is the same before and after calling `init_weights` of EncoderDecoder  

backbone.adapter.interactions.2.extractor.attn.attn.sampling_offsets.bias - torch.Size([128]): 
The value is the same before and after calling `init_weights` of EncoderDecoder  

backbone.adapter.interactions.2.extractor.attn.attn.attention_weights.weight - torch.Size([64, 1024]): 
The value is the same before and after calling `init_weights` of EncoderDecoder  

backbone.adapter.interactions.2.extractor.attn.attn.attention_weights.bias - torch.Size([64]): 
The value is the same before and after calling `init_weights` of EncoderDecoder  

backbone.adapter.interactions.2.extractor.attn.attn.value_proj.weight - torch.Size([1024, 1024]): 
The value is the same before and after calling `init_weights` of EncoderDecoder  

backbone.adapter.interactions.2.extractor.attn.attn.value_proj.bias - torch.Size([1024]): 
The value is the same before and after calling `init_weights` of EncoderDecoder  

backbone.adapter.interactions.2.extractor.attn.attn.output_proj.weight - torch.Size([1024, 1024]): 
The value is the same before and after calling `init_weights` of EncoderDecoder  

backbone.adapter.interactions.2.extractor.attn.attn.output_proj.bias - torch.Size([1024]): 
The value is the same before and after calling `init_weights` of EncoderDecoder  

backbone.adapter.interactions.2.extractor.ffn.fc1.weight - torch.Size([256, 1024]): 
The value is the same before and after calling `init_weights` of EncoderDecoder  

backbone.adapter.interactions.2.extractor.ffn.fc1.bias - torch.Size([256]): 
The value is the same before and after calling `init_weights` of EncoderDecoder  

backbone.adapter.interactions.2.extractor.ffn.dwconv.dwconv.weight - torch.Size([256, 1, 3, 3]): 
The value is the same before and after calling `init_weights` of EncoderDecoder  

backbone.adapter.interactions.2.extractor.ffn.dwconv.dwconv.bias - torch.Size([256]): 
The value is the same before and after calling `init_weights` of EncoderDecoder  

backbone.adapter.interactions.2.extractor.ffn.fc2.weight - torch.Size([1024, 256]): 
The value is the same before and after calling `init_weights` of EncoderDecoder  

backbone.adapter.interactions.2.extractor.ffn.fc2.bias - torch.Size([1024]): 
The value is the same before and after calling `init_weights` of EncoderDecoder  

backbone.adapter.interactions.2.extractor.ffn_norm.weight - torch.Size([1024]): 
The value is the same before and after calling `init_weights` of EncoderDecoder  

backbone.adapter.interactions.2.extractor.ffn_norm.bias - torch.Size([1024]): 
The value is the same before and after calling `init_weights` of EncoderDecoder  

backbone.adapter.interactions.3.extractor.query_norm.weight - torch.Size([1024]): 
The value is the same before and after calling `init_weights` of EncoderDecoder  

backbone.adapter.interactions.3.extractor.query_norm.bias - torch.Size([1024]): 
The value is the same before and after calling `init_weights` of EncoderDecoder  

backbone.adapter.interactions.3.extractor.feat_norm.weight - torch.Size([1024]): 
The value is the same before and after calling `init_weights` of EncoderDecoder  

backbone.adapter.interactions.3.extractor.feat_norm.bias - torch.Size([1024]): 
The value is the same before and after calling `init_weights` of EncoderDecoder  

backbone.adapter.interactions.3.extractor.attn.attn.sampling_offsets.weight - torch.Size([128, 1024]): 
The value is the same before and after calling `init_weights` of EncoderDecoder  

backbone.adapter.interactions.3.extractor.attn.attn.sampling_offsets.bias - torch.Size([128]): 
The value is the same before and after calling `init_weights` of EncoderDecoder  

backbone.adapter.interactions.3.extractor.attn.attn.attention_weights.weight - torch.Size([64, 1024]): 
The value is the same before and after calling `init_weights` of EncoderDecoder  

backbone.adapter.interactions.3.extractor.attn.attn.attention_weights.bias - torch.Size([64]): 
The value is the same before and after calling `init_weights` of EncoderDecoder  

backbone.adapter.interactions.3.extractor.attn.attn.value_proj.weight - torch.Size([1024, 1024]): 
The value is the same before and after calling `init_weights` of EncoderDecoder  

backbone.adapter.interactions.3.extractor.attn.attn.value_proj.bias - torch.Size([1024]): 
The value is the same before and after calling `init_weights` of EncoderDecoder  

backbone.adapter.interactions.3.extractor.attn.attn.output_proj.weight - torch.Size([1024, 1024]): 
The value is the same before and after calling `init_weights` of EncoderDecoder  

backbone.adapter.interactions.3.extractor.attn.attn.output_proj.bias - torch.Size([1024]): 
The value is the same before and after calling `init_weights` of EncoderDecoder  

backbone.adapter.interactions.3.extractor.ffn.fc1.weight - torch.Size([256, 1024]): 
The value is the same before and after calling `init_weights` of EncoderDecoder  

backbone.adapter.interactions.3.extractor.ffn.fc1.bias - torch.Size([256]): 
The value is the same before and after calling `init_weights` of EncoderDecoder  

backbone.adapter.interactions.3.extractor.ffn.dwconv.dwconv.weight - torch.Size([256, 1, 3, 3]): 
The value is the same before and after calling `init_weights` of EncoderDecoder  

backbone.adapter.interactions.3.extractor.ffn.dwconv.dwconv.bias - torch.Size([256]): 
The value is the same before and after calling `init_weights` of EncoderDecoder  

backbone.adapter.interactions.3.extractor.ffn.fc2.weight - torch.Size([1024, 256]): 
The value is the same before and after calling `init_weights` of EncoderDecoder  

backbone.adapter.interactions.3.extractor.ffn.fc2.bias - torch.Size([1024]): 
The value is the same before and after calling `init_weights` of EncoderDecoder  

backbone.adapter.interactions.3.extractor.ffn_norm.weight - torch.Size([1024]): 
The value is the same before and after calling `init_weights` of EncoderDecoder  

backbone.adapter.interactions.3.extractor.ffn_norm.bias - torch.Size([1024]): 
The value is the same before and after calling `init_weights` of EncoderDecoder  

backbone.adapter.interactions.3.extra_extractors.0.query_norm.weight - torch.Size([1024]): 
The value is the same before and after calling `init_weights` of EncoderDecoder  

backbone.adapter.interactions.3.extra_extractors.0.query_norm.bias - torch.Size([1024]): 
The value is the same before and after calling `init_weights` of EncoderDecoder  

backbone.adapter.interactions.3.extra_extractors.0.feat_norm.weight - torch.Size([1024]): 
The value is the same before and after calling `init_weights` of EncoderDecoder  

backbone.adapter.interactions.3.extra_extractors.0.feat_norm.bias - torch.Size([1024]): 
The value is the same before and after calling `init_weights` of EncoderDecoder  

backbone.adapter.interactions.3.extra_extractors.0.attn.attn.sampling_offsets.weight - torch.Size([128, 1024]): 
The value is the same before and after calling `init_weights` of EncoderDecoder  

backbone.adapter.interactions.3.extra_extractors.0.attn.attn.sampling_offsets.bias - torch.Size([128]): 
The value is the same before and after calling `init_weights` of EncoderDecoder  

backbone.adapter.interactions.3.extra_extractors.0.attn.attn.attention_weights.weight - torch.Size([64, 1024]): 
The value is the same before and after calling `init_weights` of EncoderDecoder  

backbone.adapter.interactions.3.extra_extractors.0.attn.attn.attention_weights.bias - torch.Size([64]): 
The value is the same before and after calling `init_weights` of EncoderDecoder  

backbone.adapter.interactions.3.extra_extractors.0.attn.attn.value_proj.weight - torch.Size([1024, 1024]): 
The value is the same before and after calling `init_weights` of EncoderDecoder  

backbone.adapter.interactions.3.extra_extractors.0.attn.attn.value_proj.bias - torch.Size([1024]): 
The value is the same before and after calling `init_weights` of EncoderDecoder  

backbone.adapter.interactions.3.extra_extractors.0.attn.attn.output_proj.weight - torch.Size([1024, 1024]): 
The value is the same before and after calling `init_weights` of EncoderDecoder  

backbone.adapter.interactions.3.extra_extractors.0.attn.attn.output_proj.bias - torch.Size([1024]): 
The value is the same before and after calling `init_weights` of EncoderDecoder  

backbone.adapter.interactions.3.extra_extractors.0.ffn.fc1.weight - torch.Size([256, 1024]): 
The value is the same before and after calling `init_weights` of EncoderDecoder  

backbone.adapter.interactions.3.extra_extractors.0.ffn.fc1.bias - torch.Size([256]): 
The value is the same before and after calling `init_weights` of EncoderDecoder  

backbone.adapter.interactions.3.extra_extractors.0.ffn.dwconv.dwconv.weight - torch.Size([256, 1, 3, 3]): 
The value is the same before and after calling `init_weights` of EncoderDecoder  

backbone.adapter.interactions.3.extra_extractors.0.ffn.dwconv.dwconv.bias - torch.Size([256]): 
The value is the same before and after calling `init_weights` of EncoderDecoder  

backbone.adapter.interactions.3.extra_extractors.0.ffn.fc2.weight - torch.Size([1024, 256]): 
The value is the same before and after calling `init_weights` of EncoderDecoder  

backbone.adapter.interactions.3.extra_extractors.0.ffn.fc2.bias - torch.Size([1024]): 
The value is the same before and after calling `init_weights` of EncoderDecoder  

backbone.adapter.interactions.3.extra_extractors.0.ffn_norm.weight - torch.Size([1024]): 
The value is the same before and after calling `init_weights` of EncoderDecoder  

backbone.adapter.interactions.3.extra_extractors.0.ffn_norm.bias - torch.Size([1024]): 
The value is the same before and after calling `init_weights` of EncoderDecoder  

backbone.adapter.interactions.3.extra_extractors.1.query_norm.weight - torch.Size([1024]): 
The value is the same before and after calling `init_weights` of EncoderDecoder  

backbone.adapter.interactions.3.extra_extractors.1.query_norm.bias - torch.Size([1024]): 
The value is the same before and after calling `init_weights` of EncoderDecoder  

backbone.adapter.interactions.3.extra_extractors.1.feat_norm.weight - torch.Size([1024]): 
The value is the same before and after calling `init_weights` of EncoderDecoder  

backbone.adapter.interactions.3.extra_extractors.1.feat_norm.bias - torch.Size([1024]): 
The value is the same before and after calling `init_weights` of EncoderDecoder  

backbone.adapter.interactions.3.extra_extractors.1.attn.attn.sampling_offsets.weight - torch.Size([128, 1024]): 
The value is the same before and after calling `init_weights` of EncoderDecoder  

backbone.adapter.interactions.3.extra_extractors.1.attn.attn.sampling_offsets.bias - torch.Size([128]): 
The value is the same before and after calling `init_weights` of EncoderDecoder  

backbone.adapter.interactions.3.extra_extractors.1.attn.attn.attention_weights.weight - torch.Size([64, 1024]): 
The value is the same before and after calling `init_weights` of EncoderDecoder  

backbone.adapter.interactions.3.extra_extractors.1.attn.attn.attention_weights.bias - torch.Size([64]): 
The value is the same before and after calling `init_weights` of EncoderDecoder  

backbone.adapter.interactions.3.extra_extractors.1.attn.attn.value_proj.weight - torch.Size([1024, 1024]): 
The value is the same before and after calling `init_weights` of EncoderDecoder  

backbone.adapter.interactions.3.extra_extractors.1.attn.attn.value_proj.bias - torch.Size([1024]): 
The value is the same before and after calling `init_weights` of EncoderDecoder  

backbone.adapter.interactions.3.extra_extractors.1.attn.attn.output_proj.weight - torch.Size([1024, 1024]): 
The value is the same before and after calling `init_weights` of EncoderDecoder  

backbone.adapter.interactions.3.extra_extractors.1.attn.attn.output_proj.bias - torch.Size([1024]): 
The value is the same before and after calling `init_weights` of EncoderDecoder  

backbone.adapter.interactions.3.extra_extractors.1.ffn.fc1.weight - torch.Size([256, 1024]): 
The value is the same before and after calling `init_weights` of EncoderDecoder  

backbone.adapter.interactions.3.extra_extractors.1.ffn.fc1.bias - torch.Size([256]): 
The value is the same before and after calling `init_weights` of EncoderDecoder  

backbone.adapter.interactions.3.extra_extractors.1.ffn.dwconv.dwconv.weight - torch.Size([256, 1, 3, 3]): 
The value is the same before and after calling `init_weights` of EncoderDecoder  

backbone.adapter.interactions.3.extra_extractors.1.ffn.dwconv.dwconv.bias - torch.Size([256]): 
The value is the same before and after calling `init_weights` of EncoderDecoder  

backbone.adapter.interactions.3.extra_extractors.1.ffn.fc2.weight - torch.Size([1024, 256]): 
The value is the same before and after calling `init_weights` of EncoderDecoder  

backbone.adapter.interactions.3.extra_extractors.1.ffn.fc2.bias - torch.Size([1024]): 
The value is the same before and after calling `init_weights` of EncoderDecoder  

backbone.adapter.interactions.3.extra_extractors.1.ffn_norm.weight - torch.Size([1024]): 
The value is the same before and after calling `init_weights` of EncoderDecoder  

backbone.adapter.interactions.3.extra_extractors.1.ffn_norm.bias - torch.Size([1024]): 
The value is the same before and after calling `init_weights` of EncoderDecoder  

backbone.adapter.up.weight - torch.Size([1024, 1024, 2, 2]): 
The value is the same before and after calling `init_weights` of EncoderDecoder  

backbone.adapter.up.bias - torch.Size([1024]): 
The value is the same before and after calling `init_weights` of EncoderDecoder  

backbone.adapter.norm1.weight - torch.Size([1024]): 
The value is the same before and after calling `init_weights` of EncoderDecoder  

backbone.adapter.norm1.bias - torch.Size([1024]): 
The value is the same before and after calling `init_weights` of EncoderDecoder  

backbone.adapter.norm2.weight - torch.Size([1024]): 
The value is the same before and after calling `init_weights` of EncoderDecoder  

backbone.adapter.norm2.bias - torch.Size([1024]): 
The value is the same before and after calling `init_weights` of EncoderDecoder  

backbone.adapter.norm3.weight - torch.Size([1024]): 
The value is the same before and after calling `init_weights` of EncoderDecoder  

backbone.adapter.norm3.bias - torch.Size([1024]): 
The value is the same before and after calling `init_weights` of EncoderDecoder  

backbone.adapter.norm4.weight - torch.Size([1024]): 
The value is the same before and after calling `init_weights` of EncoderDecoder  

backbone.adapter.norm4.bias - torch.Size([1024]): 
The value is the same before and after calling `init_weights` of EncoderDecoder  

backbone.input_proj.weight - torch.Size([3, 10, 1, 1]): 
The value is the same before and after calling `init_weights` of EncoderDecoder  

backbone.input_proj.bias - torch.Size([3]): 
The value is the same before and after calling `init_weights` of EncoderDecoder  

decode_head.pixel_decoder.input_convs.0.conv.weight - torch.Size([256, 1024, 1, 1]): 
Initialized by user-defined `init_weights` in Mask2FormerHead  

decode_head.pixel_decoder.input_convs.0.conv.bias - torch.Size([256]): 
The value is the same before and after calling `init_weights` of EncoderDecoder  

decode_head.pixel_decoder.input_convs.0.gn.weight - torch.Size([256]): 
The value is the same before and after calling `init_weights` of EncoderDecoder  

decode_head.pixel_decoder.input_convs.0.gn.bias - torch.Size([256]): 
The value is the same before and after calling `init_weights` of EncoderDecoder  

decode_head.pixel_decoder.input_convs.1.conv.weight - torch.Size([256, 1024, 1, 1]): 
Initialized by user-defined `init_weights` in Mask2FormerHead  

decode_head.pixel_decoder.input_convs.1.conv.bias - torch.Size([256]): 
The value is the same before and after calling `init_weights` of EncoderDecoder  

decode_head.pixel_decoder.input_convs.1.gn.weight - torch.Size([256]): 
The value is the same before and after calling `init_weights` of EncoderDecoder  

decode_head.pixel_decoder.input_convs.1.gn.bias - torch.Size([256]): 
The value is the same before and after calling `init_weights` of EncoderDecoder  

decode_head.pixel_decoder.input_convs.2.conv.weight - torch.Size([256, 1024, 1, 1]): 
Initialized by user-defined `init_weights` in Mask2FormerHead  

decode_head.pixel_decoder.input_convs.2.conv.bias - torch.Size([256]): 
The value is the same before and after calling `init_weights` of EncoderDecoder  

decode_head.pixel_decoder.input_convs.2.gn.weight - torch.Size([256]): 
The value is the same before and after calling `init_weights` of EncoderDecoder  

decode_head.pixel_decoder.input_convs.2.gn.bias - torch.Size([256]): 
The value is the same before and after calling `init_weights` of EncoderDecoder  

decode_head.pixel_decoder.encoder.layers.0.self_attn.sampling_offsets.weight - torch.Size([192, 256]): 
The value is the same before and after calling `init_weights` of EncoderDecoder  

decode_head.pixel_decoder.encoder.layers.0.self_attn.sampling_offsets.bias - torch.Size([192]): 
Initialized by user-defined `init_weights` in Mask2FormerHead  

decode_head.pixel_decoder.encoder.layers.0.self_attn.attention_weights.weight - torch.Size([96, 256]): 
The value is the same before and after calling `init_weights` of EncoderDecoder  

decode_head.pixel_decoder.encoder.layers.0.self_attn.attention_weights.bias - torch.Size([96]): 
The value is the same before and after calling `init_weights` of EncoderDecoder  

decode_head.pixel_decoder.encoder.layers.0.self_attn.value_proj.weight - torch.Size([256, 256]): 
Initialized by user-defined `init_weights` in Mask2FormerHead  

decode_head.pixel_decoder.encoder.layers.0.self_attn.value_proj.bias - torch.Size([256]): 
The value is the same before and after calling `init_weights` of EncoderDecoder  

decode_head.pixel_decoder.encoder.layers.0.self_attn.output_proj.weight - torch.Size([256, 256]): 
Initialized by user-defined `init_weights` in Mask2FormerHead  

decode_head.pixel_decoder.encoder.layers.0.self_attn.output_proj.bias - torch.Size([256]): 
The value is the same before and after calling `init_weights` of EncoderDecoder  

decode_head.pixel_decoder.encoder.layers.0.ffn.layers.0.0.weight - torch.Size([1024, 256]): 
Initialized by user-defined `init_weights` in Mask2FormerHead  

decode_head.pixel_decoder.encoder.layers.0.ffn.layers.0.0.bias - torch.Size([1024]): 
The value is the same before and after calling `init_weights` of EncoderDecoder  

decode_head.pixel_decoder.encoder.layers.0.ffn.layers.1.weight - torch.Size([256, 1024]): 
Initialized by user-defined `init_weights` in Mask2FormerHead  

decode_head.pixel_decoder.encoder.layers.0.ffn.layers.1.bias - torch.Size([256]): 
The value is the same before and after calling `init_weights` of EncoderDecoder  

decode_head.pixel_decoder.encoder.layers.0.norms.0.weight - torch.Size([256]): 
The value is the same before and after calling `init_weights` of EncoderDecoder  

decode_head.pixel_decoder.encoder.layers.0.norms.0.bias - torch.Size([256]): 
The value is the same before and after calling `init_weights` of EncoderDecoder  

decode_head.pixel_decoder.encoder.layers.0.norms.1.weight - torch.Size([256]): 
The value is the same before and after calling `init_weights` of EncoderDecoder  

decode_head.pixel_decoder.encoder.layers.0.norms.1.bias - torch.Size([256]): 
The value is the same before and after calling `init_weights` of EncoderDecoder  

decode_head.pixel_decoder.encoder.layers.1.self_attn.sampling_offsets.weight - torch.Size([192, 256]): 
The value is the same before and after calling `init_weights` of EncoderDecoder  

decode_head.pixel_decoder.encoder.layers.1.self_attn.sampling_offsets.bias - torch.Size([192]): 
Initialized by user-defined `init_weights` in Mask2FormerHead  

decode_head.pixel_decoder.encoder.layers.1.self_attn.attention_weights.weight - torch.Size([96, 256]): 
The value is the same before and after calling `init_weights` of EncoderDecoder  

decode_head.pixel_decoder.encoder.layers.1.self_attn.attention_weights.bias - torch.Size([96]): 
The value is the same before and after calling `init_weights` of EncoderDecoder  

decode_head.pixel_decoder.encoder.layers.1.self_attn.value_proj.weight - torch.Size([256, 256]): 
Initialized by user-defined `init_weights` in Mask2FormerHead  

decode_head.pixel_decoder.encoder.layers.1.self_attn.value_proj.bias - torch.Size([256]): 
The value is the same before and after calling `init_weights` of EncoderDecoder  

decode_head.pixel_decoder.encoder.layers.1.self_attn.output_proj.weight - torch.Size([256, 256]): 
Initialized by user-defined `init_weights` in Mask2FormerHead  

decode_head.pixel_decoder.encoder.layers.1.self_attn.output_proj.bias - torch.Size([256]): 
The value is the same before and after calling `init_weights` of EncoderDecoder  

decode_head.pixel_decoder.encoder.layers.1.ffn.layers.0.0.weight - torch.Size([1024, 256]): 
Initialized by user-defined `init_weights` in Mask2FormerHead  

decode_head.pixel_decoder.encoder.layers.1.ffn.layers.0.0.bias - torch.Size([1024]): 
The value is the same before and after calling `init_weights` of EncoderDecoder  

decode_head.pixel_decoder.encoder.layers.1.ffn.layers.1.weight - torch.Size([256, 1024]): 
Initialized by user-defined `init_weights` in Mask2FormerHead  

decode_head.pixel_decoder.encoder.layers.1.ffn.layers.1.bias - torch.Size([256]): 
The value is the same before and after calling `init_weights` of EncoderDecoder  

decode_head.pixel_decoder.encoder.layers.1.norms.0.weight - torch.Size([256]): 
The value is the same before and after calling `init_weights` of EncoderDecoder  

decode_head.pixel_decoder.encoder.layers.1.norms.0.bias - torch.Size([256]): 
The value is the same before and after calling `init_weights` of EncoderDecoder  

decode_head.pixel_decoder.encoder.layers.1.norms.1.weight - torch.Size([256]): 
The value is the same before and after calling `init_weights` of EncoderDecoder  

decode_head.pixel_decoder.encoder.layers.1.norms.1.bias - torch.Size([256]): 
The value is the same before and after calling `init_weights` of EncoderDecoder  

decode_head.pixel_decoder.encoder.layers.2.self_attn.sampling_offsets.weight - torch.Size([192, 256]): 
The value is the same before and after calling `init_weights` of EncoderDecoder  

decode_head.pixel_decoder.encoder.layers.2.self_attn.sampling_offsets.bias - torch.Size([192]): 
Initialized by user-defined `init_weights` in Mask2FormerHead  

decode_head.pixel_decoder.encoder.layers.2.self_attn.attention_weights.weight - torch.Size([96, 256]): 
The value is the same before and after calling `init_weights` of EncoderDecoder  

decode_head.pixel_decoder.encoder.layers.2.self_attn.attention_weights.bias - torch.Size([96]): 
The value is the same before and after calling `init_weights` of EncoderDecoder  

decode_head.pixel_decoder.encoder.layers.2.self_attn.value_proj.weight - torch.Size([256, 256]): 
Initialized by user-defined `init_weights` in Mask2FormerHead  

decode_head.pixel_decoder.encoder.layers.2.self_attn.value_proj.bias - torch.Size([256]): 
The value is the same before and after calling `init_weights` of EncoderDecoder  

decode_head.pixel_decoder.encoder.layers.2.self_attn.output_proj.weight - torch.Size([256, 256]): 
Initialized by user-defined `init_weights` in Mask2FormerHead  

decode_head.pixel_decoder.encoder.layers.2.self_attn.output_proj.bias - torch.Size([256]): 
The value is the same before and after calling `init_weights` of EncoderDecoder  

decode_head.pixel_decoder.encoder.layers.2.ffn.layers.0.0.weight - torch.Size([1024, 256]): 
Initialized by user-defined `init_weights` in Mask2FormerHead  

decode_head.pixel_decoder.encoder.layers.2.ffn.layers.0.0.bias - torch.Size([1024]): 
The value is the same before and after calling `init_weights` of EncoderDecoder  

decode_head.pixel_decoder.encoder.layers.2.ffn.layers.1.weight - torch.Size([256, 1024]): 
Initialized by user-defined `init_weights` in Mask2FormerHead  

decode_head.pixel_decoder.encoder.layers.2.ffn.layers.1.bias - torch.Size([256]): 
The value is the same before and after calling `init_weights` of EncoderDecoder  

decode_head.pixel_decoder.encoder.layers.2.norms.0.weight - torch.Size([256]): 
The value is the same before and after calling `init_weights` of EncoderDecoder  

decode_head.pixel_decoder.encoder.layers.2.norms.0.bias - torch.Size([256]): 
The value is the same before and after calling `init_weights` of EncoderDecoder  

decode_head.pixel_decoder.encoder.layers.2.norms.1.weight - torch.Size([256]): 
The value is the same before and after calling `init_weights` of EncoderDecoder  

decode_head.pixel_decoder.encoder.layers.2.norms.1.bias - torch.Size([256]): 
The value is the same before and after calling `init_weights` of EncoderDecoder  

decode_head.pixel_decoder.encoder.layers.3.self_attn.sampling_offsets.weight - torch.Size([192, 256]): 
The value is the same before and after calling `init_weights` of EncoderDecoder  

decode_head.pixel_decoder.encoder.layers.3.self_attn.sampling_offsets.bias - torch.Size([192]): 
Initialized by user-defined `init_weights` in Mask2FormerHead  

decode_head.pixel_decoder.encoder.layers.3.self_attn.attention_weights.weight - torch.Size([96, 256]): 
The value is the same before and after calling `init_weights` of EncoderDecoder  

decode_head.pixel_decoder.encoder.layers.3.self_attn.attention_weights.bias - torch.Size([96]): 
The value is the same before and after calling `init_weights` of EncoderDecoder  

decode_head.pixel_decoder.encoder.layers.3.self_attn.value_proj.weight - torch.Size([256, 256]): 
Initialized by user-defined `init_weights` in Mask2FormerHead  

decode_head.pixel_decoder.encoder.layers.3.self_attn.value_proj.bias - torch.Size([256]): 
The value is the same before and after calling `init_weights` of EncoderDecoder  

decode_head.pixel_decoder.encoder.layers.3.self_attn.output_proj.weight - torch.Size([256, 256]): 
Initialized by user-defined `init_weights` in Mask2FormerHead  

decode_head.pixel_decoder.encoder.layers.3.self_attn.output_proj.bias - torch.Size([256]): 
The value is the same before and after calling `init_weights` of EncoderDecoder  

decode_head.pixel_decoder.encoder.layers.3.ffn.layers.0.0.weight - torch.Size([1024, 256]): 
Initialized by user-defined `init_weights` in Mask2FormerHead  

decode_head.pixel_decoder.encoder.layers.3.ffn.layers.0.0.bias - torch.Size([1024]): 
The value is the same before and after calling `init_weights` of EncoderDecoder  

decode_head.pixel_decoder.encoder.layers.3.ffn.layers.1.weight - torch.Size([256, 1024]): 
Initialized by user-defined `init_weights` in Mask2FormerHead  

decode_head.pixel_decoder.encoder.layers.3.ffn.layers.1.bias - torch.Size([256]): 
The value is the same before and after calling `init_weights` of EncoderDecoder  

decode_head.pixel_decoder.encoder.layers.3.norms.0.weight - torch.Size([256]): 
The value is the same before and after calling `init_weights` of EncoderDecoder  

decode_head.pixel_decoder.encoder.layers.3.norms.0.bias - torch.Size([256]): 
The value is the same before and after calling `init_weights` of EncoderDecoder  

decode_head.pixel_decoder.encoder.layers.3.norms.1.weight - torch.Size([256]): 
The value is the same before and after calling `init_weights` of EncoderDecoder  

decode_head.pixel_decoder.encoder.layers.3.norms.1.bias - torch.Size([256]): 
The value is the same before and after calling `init_weights` of EncoderDecoder  

decode_head.pixel_decoder.encoder.layers.4.self_attn.sampling_offsets.weight - torch.Size([192, 256]): 
The value is the same before and after calling `init_weights` of EncoderDecoder  

decode_head.pixel_decoder.encoder.layers.4.self_attn.sampling_offsets.bias - torch.Size([192]): 
Initialized by user-defined `init_weights` in Mask2FormerHead  

decode_head.pixel_decoder.encoder.layers.4.self_attn.attention_weights.weight - torch.Size([96, 256]): 
The value is the same before and after calling `init_weights` of EncoderDecoder  

decode_head.pixel_decoder.encoder.layers.4.self_attn.attention_weights.bias - torch.Size([96]): 
The value is the same before and after calling `init_weights` of EncoderDecoder  

decode_head.pixel_decoder.encoder.layers.4.self_attn.value_proj.weight - torch.Size([256, 256]): 
Initialized by user-defined `init_weights` in Mask2FormerHead  

decode_head.pixel_decoder.encoder.layers.4.self_attn.value_proj.bias - torch.Size([256]): 
The value is the same before and after calling `init_weights` of EncoderDecoder  

decode_head.pixel_decoder.encoder.layers.4.self_attn.output_proj.weight - torch.Size([256, 256]): 
Initialized by user-defined `init_weights` in Mask2FormerHead  

decode_head.pixel_decoder.encoder.layers.4.self_attn.output_proj.bias - torch.Size([256]): 
The value is the same before and after calling `init_weights` of EncoderDecoder  

decode_head.pixel_decoder.encoder.layers.4.ffn.layers.0.0.weight - torch.Size([1024, 256]): 
Initialized by user-defined `init_weights` in Mask2FormerHead  

decode_head.pixel_decoder.encoder.layers.4.ffn.layers.0.0.bias - torch.Size([1024]): 
The value is the same before and after calling `init_weights` of EncoderDecoder  

decode_head.pixel_decoder.encoder.layers.4.ffn.layers.1.weight - torch.Size([256, 1024]): 
Initialized by user-defined `init_weights` in Mask2FormerHead  

decode_head.pixel_decoder.encoder.layers.4.ffn.layers.1.bias - torch.Size([256]): 
The value is the same before and after calling `init_weights` of EncoderDecoder  

decode_head.pixel_decoder.encoder.layers.4.norms.0.weight - torch.Size([256]): 
The value is the same before and after calling `init_weights` of EncoderDecoder  

decode_head.pixel_decoder.encoder.layers.4.norms.0.bias - torch.Size([256]): 
The value is the same before and after calling `init_weights` of EncoderDecoder  

decode_head.pixel_decoder.encoder.layers.4.norms.1.weight - torch.Size([256]): 
The value is the same before and after calling `init_weights` of EncoderDecoder  

decode_head.pixel_decoder.encoder.layers.4.norms.1.bias - torch.Size([256]): 
The value is the same before and after calling `init_weights` of EncoderDecoder  

decode_head.pixel_decoder.encoder.layers.5.self_attn.sampling_offsets.weight - torch.Size([192, 256]): 
The value is the same before and after calling `init_weights` of EncoderDecoder  

decode_head.pixel_decoder.encoder.layers.5.self_attn.sampling_offsets.bias - torch.Size([192]): 
Initialized by user-defined `init_weights` in Mask2FormerHead  

decode_head.pixel_decoder.encoder.layers.5.self_attn.attention_weights.weight - torch.Size([96, 256]): 
The value is the same before and after calling `init_weights` of EncoderDecoder  

decode_head.pixel_decoder.encoder.layers.5.self_attn.attention_weights.bias - torch.Size([96]): 
The value is the same before and after calling `init_weights` of EncoderDecoder  

decode_head.pixel_decoder.encoder.layers.5.self_attn.value_proj.weight - torch.Size([256, 256]): 
Initialized by user-defined `init_weights` in Mask2FormerHead  

decode_head.pixel_decoder.encoder.layers.5.self_attn.value_proj.bias - torch.Size([256]): 
The value is the same before and after calling `init_weights` of EncoderDecoder  

decode_head.pixel_decoder.encoder.layers.5.self_attn.output_proj.weight - torch.Size([256, 256]): 
Initialized by user-defined `init_weights` in Mask2FormerHead  

decode_head.pixel_decoder.encoder.layers.5.self_attn.output_proj.bias - torch.Size([256]): 
The value is the same before and after calling `init_weights` of EncoderDecoder  

decode_head.pixel_decoder.encoder.layers.5.ffn.layers.0.0.weight - torch.Size([1024, 256]): 
Initialized by user-defined `init_weights` in Mask2FormerHead  

decode_head.pixel_decoder.encoder.layers.5.ffn.layers.0.0.bias - torch.Size([1024]): 
The value is the same before and after calling `init_weights` of EncoderDecoder  

decode_head.pixel_decoder.encoder.layers.5.ffn.layers.1.weight - torch.Size([256, 1024]): 
Initialized by user-defined `init_weights` in Mask2FormerHead  

decode_head.pixel_decoder.encoder.layers.5.ffn.layers.1.bias - torch.Size([256]): 
The value is the same before and after calling `init_weights` of EncoderDecoder  

decode_head.pixel_decoder.encoder.layers.5.norms.0.weight - torch.Size([256]): 
The value is the same before and after calling `init_weights` of EncoderDecoder  

decode_head.pixel_decoder.encoder.layers.5.norms.0.bias - torch.Size([256]): 
The value is the same before and after calling `init_weights` of EncoderDecoder  

decode_head.pixel_decoder.encoder.layers.5.norms.1.weight - torch.Size([256]): 
The value is the same before and after calling `init_weights` of EncoderDecoder  

decode_head.pixel_decoder.encoder.layers.5.norms.1.bias - torch.Size([256]): 
The value is the same before and after calling `init_weights` of EncoderDecoder  

decode_head.pixel_decoder.level_encoding.weight - torch.Size([3, 256]): 
Initialized by user-defined `init_weights` in Mask2FormerHead  

decode_head.pixel_decoder.lateral_convs.0.conv.weight - torch.Size([256, 1024, 1, 1]): 
Initialized by user-defined `init_weights` in Mask2FormerHead  

decode_head.pixel_decoder.lateral_convs.0.gn.weight - torch.Size([256]): 
The value is the same before and after calling `init_weights` of EncoderDecoder  

decode_head.pixel_decoder.lateral_convs.0.gn.bias - torch.Size([256]): 
The value is the same before and after calling `init_weights` of EncoderDecoder  

decode_head.pixel_decoder.output_convs.0.conv.weight - torch.Size([256, 256, 3, 3]): 
Initialized by user-defined `init_weights` in Mask2FormerHead  

decode_head.pixel_decoder.output_convs.0.gn.weight - torch.Size([256]): 
The value is the same before and after calling `init_weights` of EncoderDecoder  

decode_head.pixel_decoder.output_convs.0.gn.bias - torch.Size([256]): 
The value is the same before and after calling `init_weights` of EncoderDecoder  

decode_head.pixel_decoder.mask_feature.weight - torch.Size([256, 256, 1, 1]): 
Initialized by user-defined `init_weights` in Mask2FormerHead  

decode_head.pixel_decoder.mask_feature.bias - torch.Size([256]): 
Initialized by user-defined `init_weights` in Mask2FormerHead  

decode_head.transformer_decoder.layers.0.self_attn.attn.in_proj_weight - torch.Size([768, 256]): 
Initialized by user-defined `init_weights` in Mask2FormerHead  

decode_head.transformer_decoder.layers.0.self_attn.attn.in_proj_bias - torch.Size([768]): 
The value is the same before and after calling `init_weights` of EncoderDecoder  

decode_head.transformer_decoder.layers.0.self_attn.attn.out_proj.weight - torch.Size([256, 256]): 
Initialized by user-defined `init_weights` in Mask2FormerHead  

decode_head.transformer_decoder.layers.0.self_attn.attn.out_proj.bias - torch.Size([256]): 
The value is the same before and after calling `init_weights` of EncoderDecoder  

decode_head.transformer_decoder.layers.0.cross_attn.attn.in_proj_weight - torch.Size([768, 256]): 
Initialized by user-defined `init_weights` in Mask2FormerHead  

decode_head.transformer_decoder.layers.0.cross_attn.attn.in_proj_bias - torch.Size([768]): 
The value is the same before and after calling `init_weights` of EncoderDecoder  

decode_head.transformer_decoder.layers.0.cross_attn.attn.out_proj.weight - torch.Size([256, 256]): 
Initialized by user-defined `init_weights` in Mask2FormerHead  

decode_head.transformer_decoder.layers.0.cross_attn.attn.out_proj.bias - torch.Size([256]): 
The value is the same before and after calling `init_weights` of EncoderDecoder  

decode_head.transformer_decoder.layers.0.ffn.layers.0.0.weight - torch.Size([2048, 256]): 
Initialized by user-defined `init_weights` in Mask2FormerHead  

decode_head.transformer_decoder.layers.0.ffn.layers.0.0.bias - torch.Size([2048]): 
The value is the same before and after calling `init_weights` of EncoderDecoder  

decode_head.transformer_decoder.layers.0.ffn.layers.1.weight - torch.Size([256, 2048]): 
Initialized by user-defined `init_weights` in Mask2FormerHead  

decode_head.transformer_decoder.layers.0.ffn.layers.1.bias - torch.Size([256]): 
The value is the same before and after calling `init_weights` of EncoderDecoder  

decode_head.transformer_decoder.layers.0.norms.0.weight - torch.Size([256]): 
The value is the same before and after calling `init_weights` of EncoderDecoder  

decode_head.transformer_decoder.layers.0.norms.0.bias - torch.Size([256]): 
The value is the same before and after calling `init_weights` of EncoderDecoder  

decode_head.transformer_decoder.layers.0.norms.1.weight - torch.Size([256]): 
The value is the same before and after calling `init_weights` of EncoderDecoder  

decode_head.transformer_decoder.layers.0.norms.1.bias - torch.Size([256]): 
The value is the same before and after calling `init_weights` of EncoderDecoder  

decode_head.transformer_decoder.layers.0.norms.2.weight - torch.Size([256]): 
The value is the same before and after calling `init_weights` of EncoderDecoder  

decode_head.transformer_decoder.layers.0.norms.2.bias - torch.Size([256]): 
The value is the same before and after calling `init_weights` of EncoderDecoder  

decode_head.transformer_decoder.layers.1.self_attn.attn.in_proj_weight - torch.Size([768, 256]): 
Initialized by user-defined `init_weights` in Mask2FormerHead  

decode_head.transformer_decoder.layers.1.self_attn.attn.in_proj_bias - torch.Size([768]): 
The value is the same before and after calling `init_weights` of EncoderDecoder  

decode_head.transformer_decoder.layers.1.self_attn.attn.out_proj.weight - torch.Size([256, 256]): 
Initialized by user-defined `init_weights` in Mask2FormerHead  

decode_head.transformer_decoder.layers.1.self_attn.attn.out_proj.bias - torch.Size([256]): 
The value is the same before and after calling `init_weights` of EncoderDecoder  

decode_head.transformer_decoder.layers.1.cross_attn.attn.in_proj_weight - torch.Size([768, 256]): 
Initialized by user-defined `init_weights` in Mask2FormerHead  

decode_head.transformer_decoder.layers.1.cross_attn.attn.in_proj_bias - torch.Size([768]): 
The value is the same before and after calling `init_weights` of EncoderDecoder  

decode_head.transformer_decoder.layers.1.cross_attn.attn.out_proj.weight - torch.Size([256, 256]): 
Initialized by user-defined `init_weights` in Mask2FormerHead  

decode_head.transformer_decoder.layers.1.cross_attn.attn.out_proj.bias - torch.Size([256]): 
The value is the same before and after calling `init_weights` of EncoderDecoder  

decode_head.transformer_decoder.layers.1.ffn.layers.0.0.weight - torch.Size([2048, 256]): 
Initialized by user-defined `init_weights` in Mask2FormerHead  

decode_head.transformer_decoder.layers.1.ffn.layers.0.0.bias - torch.Size([2048]): 
The value is the same before and after calling `init_weights` of EncoderDecoder  

decode_head.transformer_decoder.layers.1.ffn.layers.1.weight - torch.Size([256, 2048]): 
Initialized by user-defined `init_weights` in Mask2FormerHead  

decode_head.transformer_decoder.layers.1.ffn.layers.1.bias - torch.Size([256]): 
The value is the same before and after calling `init_weights` of EncoderDecoder  

decode_head.transformer_decoder.layers.1.norms.0.weight - torch.Size([256]): 
The value is the same before and after calling `init_weights` of EncoderDecoder  

decode_head.transformer_decoder.layers.1.norms.0.bias - torch.Size([256]): 
The value is the same before and after calling `init_weights` of EncoderDecoder  

decode_head.transformer_decoder.layers.1.norms.1.weight - torch.Size([256]): 
The value is the same before and after calling `init_weights` of EncoderDecoder  

decode_head.transformer_decoder.layers.1.norms.1.bias - torch.Size([256]): 
The value is the same before and after calling `init_weights` of EncoderDecoder  

decode_head.transformer_decoder.layers.1.norms.2.weight - torch.Size([256]): 
The value is the same before and after calling `init_weights` of EncoderDecoder  

decode_head.transformer_decoder.layers.1.norms.2.bias - torch.Size([256]): 
The value is the same before and after calling `init_weights` of EncoderDecoder  

decode_head.transformer_decoder.layers.2.self_attn.attn.in_proj_weight - torch.Size([768, 256]): 
Initialized by user-defined `init_weights` in Mask2FormerHead  

decode_head.transformer_decoder.layers.2.self_attn.attn.in_proj_bias - torch.Size([768]): 
The value is the same before and after calling `init_weights` of EncoderDecoder  

decode_head.transformer_decoder.layers.2.self_attn.attn.out_proj.weight - torch.Size([256, 256]): 
Initialized by user-defined `init_weights` in Mask2FormerHead  

decode_head.transformer_decoder.layers.2.self_attn.attn.out_proj.bias - torch.Size([256]): 
The value is the same before and after calling `init_weights` of EncoderDecoder  

decode_head.transformer_decoder.layers.2.cross_attn.attn.in_proj_weight - torch.Size([768, 256]): 
Initialized by user-defined `init_weights` in Mask2FormerHead  

decode_head.transformer_decoder.layers.2.cross_attn.attn.in_proj_bias - torch.Size([768]): 
The value is the same before and after calling `init_weights` of EncoderDecoder  

decode_head.transformer_decoder.layers.2.cross_attn.attn.out_proj.weight - torch.Size([256, 256]): 
Initialized by user-defined `init_weights` in Mask2FormerHead  

decode_head.transformer_decoder.layers.2.cross_attn.attn.out_proj.bias - torch.Size([256]): 
The value is the same before and after calling `init_weights` of EncoderDecoder  

decode_head.transformer_decoder.layers.2.ffn.layers.0.0.weight - torch.Size([2048, 256]): 
Initialized by user-defined `init_weights` in Mask2FormerHead  

decode_head.transformer_decoder.layers.2.ffn.layers.0.0.bias - torch.Size([2048]): 
The value is the same before and after calling `init_weights` of EncoderDecoder  

decode_head.transformer_decoder.layers.2.ffn.layers.1.weight - torch.Size([256, 2048]): 
Initialized by user-defined `init_weights` in Mask2FormerHead  

decode_head.transformer_decoder.layers.2.ffn.layers.1.bias - torch.Size([256]): 
The value is the same before and after calling `init_weights` of EncoderDecoder  

decode_head.transformer_decoder.layers.2.norms.0.weight - torch.Size([256]): 
The value is the same before and after calling `init_weights` of EncoderDecoder  

decode_head.transformer_decoder.layers.2.norms.0.bias - torch.Size([256]): 
The value is the same before and after calling `init_weights` of EncoderDecoder  

decode_head.transformer_decoder.layers.2.norms.1.weight - torch.Size([256]): 
The value is the same before and after calling `init_weights` of EncoderDecoder  

decode_head.transformer_decoder.layers.2.norms.1.bias - torch.Size([256]): 
The value is the same before and after calling `init_weights` of EncoderDecoder  

decode_head.transformer_decoder.layers.2.norms.2.weight - torch.Size([256]): 
The value is the same before and after calling `init_weights` of EncoderDecoder  

decode_head.transformer_decoder.layers.2.norms.2.bias - torch.Size([256]): 
The value is the same before and after calling `init_weights` of EncoderDecoder  

decode_head.transformer_decoder.layers.3.self_attn.attn.in_proj_weight - torch.Size([768, 256]): 
Initialized by user-defined `init_weights` in Mask2FormerHead  

decode_head.transformer_decoder.layers.3.self_attn.attn.in_proj_bias - torch.Size([768]): 
The value is the same before and after calling `init_weights` of EncoderDecoder  

decode_head.transformer_decoder.layers.3.self_attn.attn.out_proj.weight - torch.Size([256, 256]): 
Initialized by user-defined `init_weights` in Mask2FormerHead  

decode_head.transformer_decoder.layers.3.self_attn.attn.out_proj.bias - torch.Size([256]): 
The value is the same before and after calling `init_weights` of EncoderDecoder  

decode_head.transformer_decoder.layers.3.cross_attn.attn.in_proj_weight - torch.Size([768, 256]): 
Initialized by user-defined `init_weights` in Mask2FormerHead  

decode_head.transformer_decoder.layers.3.cross_attn.attn.in_proj_bias - torch.Size([768]): 
The value is the same before and after calling `init_weights` of EncoderDecoder  

decode_head.transformer_decoder.layers.3.cross_attn.attn.out_proj.weight - torch.Size([256, 256]): 
Initialized by user-defined `init_weights` in Mask2FormerHead  

decode_head.transformer_decoder.layers.3.cross_attn.attn.out_proj.bias - torch.Size([256]): 
The value is the same before and after calling `init_weights` of EncoderDecoder  

decode_head.transformer_decoder.layers.3.ffn.layers.0.0.weight - torch.Size([2048, 256]): 
Initialized by user-defined `init_weights` in Mask2FormerHead  

decode_head.transformer_decoder.layers.3.ffn.layers.0.0.bias - torch.Size([2048]): 
The value is the same before and after calling `init_weights` of EncoderDecoder  

decode_head.transformer_decoder.layers.3.ffn.layers.1.weight - torch.Size([256, 2048]): 
Initialized by user-defined `init_weights` in Mask2FormerHead  

decode_head.transformer_decoder.layers.3.ffn.layers.1.bias - torch.Size([256]): 
The value is the same before and after calling `init_weights` of EncoderDecoder  

decode_head.transformer_decoder.layers.3.norms.0.weight - torch.Size([256]): 
The value is the same before and after calling `init_weights` of EncoderDecoder  

decode_head.transformer_decoder.layers.3.norms.0.bias - torch.Size([256]): 
The value is the same before and after calling `init_weights` of EncoderDecoder  

decode_head.transformer_decoder.layers.3.norms.1.weight - torch.Size([256]): 
The value is the same before and after calling `init_weights` of EncoderDecoder  

decode_head.transformer_decoder.layers.3.norms.1.bias - torch.Size([256]): 
The value is the same before and after calling `init_weights` of EncoderDecoder  

decode_head.transformer_decoder.layers.3.norms.2.weight - torch.Size([256]): 
The value is the same before and after calling `init_weights` of EncoderDecoder  

decode_head.transformer_decoder.layers.3.norms.2.bias - torch.Size([256]): 
The value is the same before and after calling `init_weights` of EncoderDecoder  

decode_head.transformer_decoder.layers.4.self_attn.attn.in_proj_weight - torch.Size([768, 256]): 
Initialized by user-defined `init_weights` in Mask2FormerHead  

decode_head.transformer_decoder.layers.4.self_attn.attn.in_proj_bias - torch.Size([768]): 
The value is the same before and after calling `init_weights` of EncoderDecoder  

decode_head.transformer_decoder.layers.4.self_attn.attn.out_proj.weight - torch.Size([256, 256]): 
Initialized by user-defined `init_weights` in Mask2FormerHead  

decode_head.transformer_decoder.layers.4.self_attn.attn.out_proj.bias - torch.Size([256]): 
The value is the same before and after calling `init_weights` of EncoderDecoder  

decode_head.transformer_decoder.layers.4.cross_attn.attn.in_proj_weight - torch.Size([768, 256]): 
Initialized by user-defined `init_weights` in Mask2FormerHead  

decode_head.transformer_decoder.layers.4.cross_attn.attn.in_proj_bias - torch.Size([768]): 
The value is the same before and after calling `init_weights` of EncoderDecoder  

decode_head.transformer_decoder.layers.4.cross_attn.attn.out_proj.weight - torch.Size([256, 256]): 
Initialized by user-defined `init_weights` in Mask2FormerHead  

decode_head.transformer_decoder.layers.4.cross_attn.attn.out_proj.bias - torch.Size([256]): 
The value is the same before and after calling `init_weights` of EncoderDecoder  

decode_head.transformer_decoder.layers.4.ffn.layers.0.0.weight - torch.Size([2048, 256]): 
Initialized by user-defined `init_weights` in Mask2FormerHead  

decode_head.transformer_decoder.layers.4.ffn.layers.0.0.bias - torch.Size([2048]): 
The value is the same before and after calling `init_weights` of EncoderDecoder  

decode_head.transformer_decoder.layers.4.ffn.layers.1.weight - torch.Size([256, 2048]): 
Initialized by user-defined `init_weights` in Mask2FormerHead  

decode_head.transformer_decoder.layers.4.ffn.layers.1.bias - torch.Size([256]): 
The value is the same before and after calling `init_weights` of EncoderDecoder  

decode_head.transformer_decoder.layers.4.norms.0.weight - torch.Size([256]): 
The value is the same before and after calling `init_weights` of EncoderDecoder  

decode_head.transformer_decoder.layers.4.norms.0.bias - torch.Size([256]): 
The value is the same before and after calling `init_weights` of EncoderDecoder  

decode_head.transformer_decoder.layers.4.norms.1.weight - torch.Size([256]): 
The value is the same before and after calling `init_weights` of EncoderDecoder  

decode_head.transformer_decoder.layers.4.norms.1.bias - torch.Size([256]): 
The value is the same before and after calling `init_weights` of EncoderDecoder  

decode_head.transformer_decoder.layers.4.norms.2.weight - torch.Size([256]): 
The value is the same before and after calling `init_weights` of EncoderDecoder  

decode_head.transformer_decoder.layers.4.norms.2.bias - torch.Size([256]): 
The value is the same before and after calling `init_weights` of EncoderDecoder  

decode_head.transformer_decoder.layers.5.self_attn.attn.in_proj_weight - torch.Size([768, 256]): 
Initialized by user-defined `init_weights` in Mask2FormerHead  

decode_head.transformer_decoder.layers.5.self_attn.attn.in_proj_bias - torch.Size([768]): 
The value is the same before and after calling `init_weights` of EncoderDecoder  

decode_head.transformer_decoder.layers.5.self_attn.attn.out_proj.weight - torch.Size([256, 256]): 
Initialized by user-defined `init_weights` in Mask2FormerHead  

decode_head.transformer_decoder.layers.5.self_attn.attn.out_proj.bias - torch.Size([256]): 
The value is the same before and after calling `init_weights` of EncoderDecoder  

decode_head.transformer_decoder.layers.5.cross_attn.attn.in_proj_weight - torch.Size([768, 256]): 
Initialized by user-defined `init_weights` in Mask2FormerHead  

decode_head.transformer_decoder.layers.5.cross_attn.attn.in_proj_bias - torch.Size([768]): 
The value is the same before and after calling `init_weights` of EncoderDecoder  

decode_head.transformer_decoder.layers.5.cross_attn.attn.out_proj.weight - torch.Size([256, 256]): 
Initialized by user-defined `init_weights` in Mask2FormerHead  

decode_head.transformer_decoder.layers.5.cross_attn.attn.out_proj.bias - torch.Size([256]): 
The value is the same before and after calling `init_weights` of EncoderDecoder  

decode_head.transformer_decoder.layers.5.ffn.layers.0.0.weight - torch.Size([2048, 256]): 
Initialized by user-defined `init_weights` in Mask2FormerHead  

decode_head.transformer_decoder.layers.5.ffn.layers.0.0.bias - torch.Size([2048]): 
The value is the same before and after calling `init_weights` of EncoderDecoder  

decode_head.transformer_decoder.layers.5.ffn.layers.1.weight - torch.Size([256, 2048]): 
Initialized by user-defined `init_weights` in Mask2FormerHead  

decode_head.transformer_decoder.layers.5.ffn.layers.1.bias - torch.Size([256]): 
The value is the same before and after calling `init_weights` of EncoderDecoder  

decode_head.transformer_decoder.layers.5.norms.0.weight - torch.Size([256]): 
The value is the same before and after calling `init_weights` of EncoderDecoder  

decode_head.transformer_decoder.layers.5.norms.0.bias - torch.Size([256]): 
The value is the same before and after calling `init_weights` of EncoderDecoder  

decode_head.transformer_decoder.layers.5.norms.1.weight - torch.Size([256]): 
The value is the same before and after calling `init_weights` of EncoderDecoder  

decode_head.transformer_decoder.layers.5.norms.1.bias - torch.Size([256]): 
The value is the same before and after calling `init_weights` of EncoderDecoder  

decode_head.transformer_decoder.layers.5.norms.2.weight - torch.Size([256]): 
The value is the same before and after calling `init_weights` of EncoderDecoder  

decode_head.transformer_decoder.layers.5.norms.2.bias - torch.Size([256]): 
The value is the same before and after calling `init_weights` of EncoderDecoder  

decode_head.transformer_decoder.layers.6.self_attn.attn.in_proj_weight - torch.Size([768, 256]): 
Initialized by user-defined `init_weights` in Mask2FormerHead  

decode_head.transformer_decoder.layers.6.self_attn.attn.in_proj_bias - torch.Size([768]): 
The value is the same before and after calling `init_weights` of EncoderDecoder  

decode_head.transformer_decoder.layers.6.self_attn.attn.out_proj.weight - torch.Size([256, 256]): 
Initialized by user-defined `init_weights` in Mask2FormerHead  

decode_head.transformer_decoder.layers.6.self_attn.attn.out_proj.bias - torch.Size([256]): 
The value is the same before and after calling `init_weights` of EncoderDecoder  

decode_head.transformer_decoder.layers.6.cross_attn.attn.in_proj_weight - torch.Size([768, 256]): 
Initialized by user-defined `init_weights` in Mask2FormerHead  

decode_head.transformer_decoder.layers.6.cross_attn.attn.in_proj_bias - torch.Size([768]): 
The value is the same before and after calling `init_weights` of EncoderDecoder  

decode_head.transformer_decoder.layers.6.cross_attn.attn.out_proj.weight - torch.Size([256, 256]): 
Initialized by user-defined `init_weights` in Mask2FormerHead  

decode_head.transformer_decoder.layers.6.cross_attn.attn.out_proj.bias - torch.Size([256]): 
The value is the same before and after calling `init_weights` of EncoderDecoder  

decode_head.transformer_decoder.layers.6.ffn.layers.0.0.weight - torch.Size([2048, 256]): 
Initialized by user-defined `init_weights` in Mask2FormerHead  

decode_head.transformer_decoder.layers.6.ffn.layers.0.0.bias - torch.Size([2048]): 
The value is the same before and after calling `init_weights` of EncoderDecoder  

decode_head.transformer_decoder.layers.6.ffn.layers.1.weight - torch.Size([256, 2048]): 
Initialized by user-defined `init_weights` in Mask2FormerHead  

decode_head.transformer_decoder.layers.6.ffn.layers.1.bias - torch.Size([256]): 
The value is the same before and after calling `init_weights` of EncoderDecoder  

decode_head.transformer_decoder.layers.6.norms.0.weight - torch.Size([256]): 
The value is the same before and after calling `init_weights` of EncoderDecoder  

decode_head.transformer_decoder.layers.6.norms.0.bias - torch.Size([256]): 
The value is the same before and after calling `init_weights` of EncoderDecoder  

decode_head.transformer_decoder.layers.6.norms.1.weight - torch.Size([256]): 
The value is the same before and after calling `init_weights` of EncoderDecoder  

decode_head.transformer_decoder.layers.6.norms.1.bias - torch.Size([256]): 
The value is the same before and after calling `init_weights` of EncoderDecoder  

decode_head.transformer_decoder.layers.6.norms.2.weight - torch.Size([256]): 
The value is the same before and after calling `init_weights` of EncoderDecoder  

decode_head.transformer_decoder.layers.6.norms.2.bias - torch.Size([256]): 
The value is the same before and after calling `init_weights` of EncoderDecoder  

decode_head.transformer_decoder.layers.7.self_attn.attn.in_proj_weight - torch.Size([768, 256]): 
Initialized by user-defined `init_weights` in Mask2FormerHead  

decode_head.transformer_decoder.layers.7.self_attn.attn.in_proj_bias - torch.Size([768]): 
The value is the same before and after calling `init_weights` of EncoderDecoder  

decode_head.transformer_decoder.layers.7.self_attn.attn.out_proj.weight - torch.Size([256, 256]): 
Initialized by user-defined `init_weights` in Mask2FormerHead  

decode_head.transformer_decoder.layers.7.self_attn.attn.out_proj.bias - torch.Size([256]): 
The value is the same before and after calling `init_weights` of EncoderDecoder  

decode_head.transformer_decoder.layers.7.cross_attn.attn.in_proj_weight - torch.Size([768, 256]): 
Initialized by user-defined `init_weights` in Mask2FormerHead  

decode_head.transformer_decoder.layers.7.cross_attn.attn.in_proj_bias - torch.Size([768]): 
The value is the same before and after calling `init_weights` of EncoderDecoder  

decode_head.transformer_decoder.layers.7.cross_attn.attn.out_proj.weight - torch.Size([256, 256]): 
Initialized by user-defined `init_weights` in Mask2FormerHead  

decode_head.transformer_decoder.layers.7.cross_attn.attn.out_proj.bias - torch.Size([256]): 
The value is the same before and after calling `init_weights` of EncoderDecoder  

decode_head.transformer_decoder.layers.7.ffn.layers.0.0.weight - torch.Size([2048, 256]): 
Initialized by user-defined `init_weights` in Mask2FormerHead  

decode_head.transformer_decoder.layers.7.ffn.layers.0.0.bias - torch.Size([2048]): 
The value is the same before and after calling `init_weights` of EncoderDecoder  

decode_head.transformer_decoder.layers.7.ffn.layers.1.weight - torch.Size([256, 2048]): 
Initialized by user-defined `init_weights` in Mask2FormerHead  

decode_head.transformer_decoder.layers.7.ffn.layers.1.bias - torch.Size([256]): 
The value is the same before and after calling `init_weights` of EncoderDecoder  

decode_head.transformer_decoder.layers.7.norms.0.weight - torch.Size([256]): 
The value is the same before and after calling `init_weights` of EncoderDecoder  

decode_head.transformer_decoder.layers.7.norms.0.bias - torch.Size([256]): 
The value is the same before and after calling `init_weights` of EncoderDecoder  

decode_head.transformer_decoder.layers.7.norms.1.weight - torch.Size([256]): 
The value is the same before and after calling `init_weights` of EncoderDecoder  

decode_head.transformer_decoder.layers.7.norms.1.bias - torch.Size([256]): 
The value is the same before and after calling `init_weights` of EncoderDecoder  

decode_head.transformer_decoder.layers.7.norms.2.weight - torch.Size([256]): 
The value is the same before and after calling `init_weights` of EncoderDecoder  

decode_head.transformer_decoder.layers.7.norms.2.bias - torch.Size([256]): 
The value is the same before and after calling `init_weights` of EncoderDecoder  

decode_head.transformer_decoder.layers.8.self_attn.attn.in_proj_weight - torch.Size([768, 256]): 
Initialized by user-defined `init_weights` in Mask2FormerHead  

decode_head.transformer_decoder.layers.8.self_attn.attn.in_proj_bias - torch.Size([768]): 
The value is the same before and after calling `init_weights` of EncoderDecoder  

decode_head.transformer_decoder.layers.8.self_attn.attn.out_proj.weight - torch.Size([256, 256]): 
Initialized by user-defined `init_weights` in Mask2FormerHead  

decode_head.transformer_decoder.layers.8.self_attn.attn.out_proj.bias - torch.Size([256]): 
The value is the same before and after calling `init_weights` of EncoderDecoder  

decode_head.transformer_decoder.layers.8.cross_attn.attn.in_proj_weight - torch.Size([768, 256]): 
Initialized by user-defined `init_weights` in Mask2FormerHead  

decode_head.transformer_decoder.layers.8.cross_attn.attn.in_proj_bias - torch.Size([768]): 
The value is the same before and after calling `init_weights` of EncoderDecoder  

decode_head.transformer_decoder.layers.8.cross_attn.attn.out_proj.weight - torch.Size([256, 256]): 
Initialized by user-defined `init_weights` in Mask2FormerHead  

decode_head.transformer_decoder.layers.8.cross_attn.attn.out_proj.bias - torch.Size([256]): 
The value is the same before and after calling `init_weights` of EncoderDecoder  

decode_head.transformer_decoder.layers.8.ffn.layers.0.0.weight - torch.Size([2048, 256]): 
Initialized by user-defined `init_weights` in Mask2FormerHead  

decode_head.transformer_decoder.layers.8.ffn.layers.0.0.bias - torch.Size([2048]): 
The value is the same before and after calling `init_weights` of EncoderDecoder  

decode_head.transformer_decoder.layers.8.ffn.layers.1.weight - torch.Size([256, 2048]): 
Initialized by user-defined `init_weights` in Mask2FormerHead  

decode_head.transformer_decoder.layers.8.ffn.layers.1.bias - torch.Size([256]): 
The value is the same before and after calling `init_weights` of EncoderDecoder  

decode_head.transformer_decoder.layers.8.norms.0.weight - torch.Size([256]): 
The value is the same before and after calling `init_weights` of EncoderDecoder  

decode_head.transformer_decoder.layers.8.norms.0.bias - torch.Size([256]): 
The value is the same before and after calling `init_weights` of EncoderDecoder  

decode_head.transformer_decoder.layers.8.norms.1.weight - torch.Size([256]): 
The value is the same before and after calling `init_weights` of EncoderDecoder  

decode_head.transformer_decoder.layers.8.norms.1.bias - torch.Size([256]): 
The value is the same before and after calling `init_weights` of EncoderDecoder  

decode_head.transformer_decoder.layers.8.norms.2.weight - torch.Size([256]): 
The value is the same before and after calling `init_weights` of EncoderDecoder  

decode_head.transformer_decoder.layers.8.norms.2.bias - torch.Size([256]): 
The value is the same before and after calling `init_weights` of EncoderDecoder  

decode_head.transformer_decoder.post_norm.weight - torch.Size([256]): 
The value is the same before and after calling `init_weights` of EncoderDecoder  

decode_head.transformer_decoder.post_norm.bias - torch.Size([256]): 
The value is the same before and after calling `init_weights` of EncoderDecoder  

decode_head.query_embed.weight - torch.Size([100, 256]): 
The value is the same before and after calling `init_weights` of EncoderDecoder  

decode_head.query_feat.weight - torch.Size([100, 256]): 
The value is the same before and after calling `init_weights` of EncoderDecoder  

decode_head.level_embed.weight - torch.Size([3, 256]): 
The value is the same before and after calling `init_weights` of EncoderDecoder  

decode_head.cls_embed.weight - torch.Size([20, 256]): 
The value is the same before and after calling `init_weights` of EncoderDecoder  

decode_head.cls_embed.bias - torch.Size([20]): 
The value is the same before and after calling `init_weights` of EncoderDecoder  

decode_head.mask_embed.0.weight - torch.Size([256, 256]): 
The value is the same before and after calling `init_weights` of EncoderDecoder  

decode_head.mask_embed.0.bias - torch.Size([256]): 
The value is the same before and after calling `init_weights` of EncoderDecoder  

decode_head.mask_embed.2.weight - torch.Size([256, 256]): 
The value is the same before and after calling `init_weights` of EncoderDecoder  

decode_head.mask_embed.2.bias - torch.Size([256]): 
The value is the same before and after calling `init_weights` of EncoderDecoder  

decode_head.mask_embed.4.weight - torch.Size([256, 256]): 
The value is the same before and after calling `init_weights` of EncoderDecoder  

decode_head.mask_embed.4.bias - torch.Size([256]): 
The value is the same before and after calling `init_weights` of EncoderDecoder  
2026/06/15 19:28:19 - mmengine - WARNING - "FileClient" will be deprecated in future. Please use io functions in https://mmengine.readthedocs.io/en/latest/api/fileio.html#file-io
2026/06/15 19:28:19 - mmengine - WARNING - "HardDiskBackend" is the alias of "LocalBackend" and the former will be deprecated in future.
2026/06/15 19:28:19 - mmengine - INFO - Checkpoints will be saved to /mnt/ht2-nas2/00-model/00-fb/mmseg_dino/work_dirs/dinov3l_m2f_pastis_temporal_v1.
2026/06/15 19:29:25 - mmengine - INFO - Iter(train) [   50/20000]  base_lr: 3.3656e-06 lr: 3.3656e-06  eta: 7:17:40  time: 1.2598  data_time: 0.0258  memory: 14893  grad_norm: 116.2316  loss: 109.8632  decode.loss_cls: 4.0263  decode.loss_mask: 2.0877  decode.loss_dice: 4.4397  decode.d0.loss_cls: 5.9237  decode.d0.loss_mask: 2.1451  decode.d0.loss_dice: 3.9696  decode.d1.loss_cls: 5.5818  decode.d1.loss_mask: 2.0317  decode.d1.loss_dice: 4.0593  decode.d2.loss_cls: 4.7998  decode.d2.loss_mask: 2.0246  decode.d2.loss_dice: 4.1368  decode.d3.loss_cls: 4.7641  decode.d3.loss_mask: 2.0199  decode.d3.loss_dice: 4.2448  decode.d4.loss_cls: 4.7982  decode.d4.loss_mask: 2.0025  decode.d4.loss_dice: 4.3992  decode.d5.loss_cls: 4.1829  decode.d5.loss_mask: 2.0388  decode.d5.loss_dice: 4.4227  decode.d6.loss_cls: 4.2270  decode.d6.loss_mask: 2.0639  decode.d6.loss_dice: 4.4871  decode.d7.loss_cls: 4.0493  decode.d7.loss_mask: 2.0579  decode.d7.loss_dice: 4.4503  decode.d8.loss_cls: 3.9175  decode.d8.loss_mask: 2.0643  decode.d8.loss_dice: 4.4469
2026/06/15 19:30:28 - mmengine - INFO - Iter(train) [  100/20000]  base_lr: 6.6978e-06 lr: 6.6978e-06  eta: 7:08:26  time: 1.2593  data_time: 0.0242  memory: 8609  grad_norm: 73.6208  loss: 98.5626  decode.loss_cls: 3.5326  decode.loss_mask: 2.0593  decode.loss_dice: 4.3366  decode.d0.loss_cls: 5.9334  decode.d0.loss_mask: 1.9222  decode.d0.loss_dice: 3.9538  decode.d1.loss_cls: 3.6827  decode.d1.loss_mask: 1.8905  decode.d1.loss_dice: 3.9702  decode.d2.loss_cls: 3.4768  decode.d2.loss_mask: 1.8690  decode.d2.loss_dice: 4.0149  decode.d3.loss_cls: 3.4350  decode.d3.loss_mask: 1.8540  decode.d3.loss_dice: 4.0807  decode.d4.loss_cls: 3.5134  decode.d4.loss_mask: 1.8288  decode.d4.loss_dice: 4.1718  decode.d5.loss_cls: 3.4852  decode.d5.loss_mask: 1.9253  decode.d5.loss_dice: 4.2464  decode.d6.loss_cls: 3.5285  decode.d6.loss_mask: 1.9518  decode.d6.loss_dice: 4.2990  decode.d7.loss_cls: 3.5249  decode.d7.loss_mask: 1.9542  decode.d7.loss_dice: 4.2990  decode.d8.loss_cls: 3.5252  decode.d8.loss_mask: 1.9698  decode.d8.loss_dice: 4.3275
2026/06/15 19:31:31 - mmengine - INFO - Iter(train) [  150/20000]  base_lr: 1.0030e-05 lr: 1.0030e-05  eta: 7:04:31  time: 1.2677  data_time: 0.0261  memory: 8609  grad_norm: 66.6492  loss: 95.7226  decode.loss_cls: 3.5252  decode.loss_mask: 1.7951  decode.loss_dice: 4.1184  decode.d0.loss_cls: 5.9641  decode.d0.loss_mask: 1.9432  decode.d0.loss_dice: 3.9087  decode.d1.loss_cls: 3.5265  decode.d1.loss_mask: 1.9105  decode.d1.loss_dice: 3.9096  decode.d2.loss_cls: 3.4015  decode.d2.loss_mask: 1.8564  decode.d2.loss_dice: 3.9782  decode.d3.loss_cls: 3.3272  decode.d3.loss_mask: 1.8833  decode.d3.loss_dice: 3.9725  decode.d4.loss_cls: 3.4506  decode.d4.loss_mask: 1.8759  decode.d4.loss_dice: 3.9803  decode.d5.loss_cls: 3.4315  decode.d5.loss_mask: 1.8550  decode.d5.loss_dice: 4.0246  decode.d6.loss_cls: 3.4457  decode.d6.loss_mask: 1.8535  decode.d6.loss_dice: 4.0180  decode.d7.loss_cls: 3.4949  decode.d7.loss_mask: 1.8181  decode.d7.loss_dice: 4.0510  decode.d8.loss_cls: 3.5203  decode.d8.loss_mask: 1.7853  decode.d8.loss_dice: 4.0975
2026/06/15 19:32:35 - mmengine - INFO - Iter(train) [  200/20000]  base_lr: 1.3362e-05 lr: 1.3362e-05  eta: 7:02:31  time: 1.2747  data_time: 0.0279  memory: 8609  grad_norm: 86.2010  loss: 93.0498  decode.loss_cls: 3.3426  decode.loss_mask: 1.9518  decode.loss_dice: 3.8711  decode.d0.loss_cls: 5.9869  decode.d0.loss_mask: 1.9763  decode.d0.loss_dice: 3.7686  decode.d1.loss_cls: 3.4692  decode.d1.loss_mask: 1.9866  decode.d1.loss_dice: 3.7370  decode.d2.loss_cls: 3.3553  decode.d2.loss_mask: 1.9826  decode.d2.loss_dice: 3.7496  decode.d3.loss_cls: 3.1728  decode.d3.loss_mask: 1.9916  decode.d3.loss_dice: 3.7639  decode.d4.loss_cls: 3.2039  decode.d4.loss_mask: 1.9644  decode.d4.loss_dice: 3.7742  decode.d5.loss_cls: 3.1664  decode.d5.loss_mask: 1.9837  decode.d5.loss_dice: 3.7837  decode.d6.loss_cls: 3.1802  decode.d6.loss_mask: 1.9689  decode.d6.loss_dice: 3.7931  decode.d7.loss_cls: 3.2797  decode.d7.loss_mask: 1.9590  decode.d7.loss_dice: 3.8281  decode.d8.loss_cls: 3.2621  decode.d8.loss_mask: 1.9421  decode.d8.loss_dice: 3.8544
2026/06/15 19:33:39 - mmengine - INFO - Iter(train) [  250/20000]  base_lr: 1.6694e-05 lr: 1.6694e-05  eta: 7:01:07  time: 1.2819  data_time: 0.0285  memory: 8609  grad_norm: 125.6402  loss: 89.3754  decode.loss_cls: 3.0196  decode.loss_mask: 2.0751  decode.loss_dice: 3.5704  decode.d0.loss_cls: 6.0547  decode.d0.loss_mask: 2.1198  decode.d0.loss_dice: 3.5918  decode.d1.loss_cls: 3.1952  decode.d1.loss_mask: 2.1002  decode.d1.loss_dice: 3.5062  decode.d2.loss_cls: 3.0617  decode.d2.loss_mask: 2.1094  decode.d2.loss_dice: 3.4763  decode.d3.loss_cls: 2.9552  decode.d3.loss_mask: 2.1018  decode.d3.loss_dice: 3.4873  decode.d4.loss_cls: 2.9511  decode.d4.loss_mask: 2.0966  decode.d4.loss_dice: 3.4778  decode.d5.loss_cls: 2.9620  decode.d5.loss_mask: 2.0861  decode.d5.loss_dice: 3.5203  decode.d6.loss_cls: 2.9567  decode.d6.loss_mask: 2.0915  decode.d6.loss_dice: 3.5258  decode.d7.loss_cls: 2.9685  decode.d7.loss_mask: 2.0953  decode.d7.loss_dice: 3.5672  decode.d8.loss_cls: 2.9720  decode.d8.loss_mask: 2.0915  decode.d8.loss_dice: 3.5884
2026/06/15 19:34:43 - mmengine - INFO - Iter(train) [  300/20000]  base_lr: 2.0027e-05 lr: 2.0027e-05  eta: 7:00:21  time: 1.2865  data_time: 0.0292  memory: 8609  grad_norm: 104.3993  loss: 89.3100  decode.loss_cls: 3.2309  decode.loss_mask: 1.9674  decode.loss_dice: 3.4837  decode.d0.loss_cls: 6.0110  decode.d0.loss_mask: 1.9539  decode.d0.loss_dice: 3.5866  decode.d1.loss_cls: 3.3881  decode.d1.loss_mask: 1.9635  decode.d1.loss_dice: 3.5163  decode.d2.loss_cls: 3.2409  decode.d2.loss_mask: 1.9481  decode.d2.loss_dice: 3.4480  decode.d3.loss_cls: 3.2385  decode.d3.loss_mask: 1.9172  decode.d3.loss_dice: 3.4496  decode.d4.loss_cls: 3.1871  decode.d4.loss_mask: 1.9338  decode.d4.loss_dice: 3.4367  decode.d5.loss_cls: 3.1219  decode.d5.loss_mask: 1.9488  decode.d5.loss_dice: 3.4661  decode.d6.loss_cls: 3.1426  decode.d6.loss_mask: 1.9553  decode.d6.loss_dice: 3.4680  decode.d7.loss_cls: 3.1778  decode.d7.loss_mask: 1.9704  decode.d7.loss_dice: 3.4771  decode.d8.loss_cls: 3.2110  decode.d8.loss_mask: 1.9674  decode.d8.loss_dice: 3.5023
2026/06/15 19:35:48 - mmengine - INFO - Iter(train) [  350/20000]  base_lr: 2.3359e-05 lr: 2.3359e-05  eta: 6:59:54  time: 1.2942  data_time: 0.0312  memory: 8609  grad_norm: 120.9624  loss: 86.9880  decode.loss_cls: 3.0539  decode.loss_mask: 2.0477  decode.loss_dice: 3.3365  decode.d0.loss_cls: 6.0774  decode.d0.loss_mask: 2.0108  decode.d0.loss_dice: 3.4160  decode.d1.loss_cls: 3.2373  decode.d1.loss_mask: 2.0288  decode.d1.loss_dice: 3.3381  decode.d2.loss_cls: 3.0785  decode.d2.loss_mask: 2.0323  decode.d2.loss_dice: 3.2780  decode.d3.loss_cls: 2.9970  decode.d3.loss_mask: 2.0243  decode.d3.loss_dice: 3.3002  decode.d4.loss_cls: 3.0152  decode.d4.loss_mask: 1.9967  decode.d4.loss_dice: 3.2913  decode.d5.loss_cls: 3.0048  decode.d5.loss_mask: 2.0551  decode.d5.loss_dice: 3.2611  decode.d6.loss_cls: 2.9954  decode.d6.loss_mask: 2.0442  decode.d6.loss_dice: 3.2244  decode.d7.loss_cls: 3.0239  decode.d7.loss_mask: 2.0597  decode.d7.loss_dice: 3.3168  decode.d8.loss_cls: 3.0913  decode.d8.loss_mask: 2.0546  decode.d8.loss_dice: 3.2967
2026/06/15 19:36:06 - mmengine - INFO - Exp name: dinov3l_m2f_pastis_temporal_v1_20260615_192803
2026/06/15 19:36:52 - mmengine - INFO - Iter(train) [  400/20000]  base_lr: 2.6691e-05 lr: 2.6691e-05  eta: 6:59:17  time: 1.2863  data_time: 0.0299  memory: 8609  grad_norm: 127.4514  loss: 81.7316  decode.loss_cls: 2.6979  decode.loss_mask: 1.9871  decode.loss_dice: 3.1480  decode.d0.loss_cls: 6.0143  decode.d0.loss_mask: 2.0089  decode.d0.loss_dice: 3.3369  decode.d1.loss_cls: 2.9849  decode.d1.loss_mask: 1.9978  decode.d1.loss_dice: 3.2014  decode.d2.loss_cls: 2.7624  decode.d2.loss_mask: 1.9976  decode.d2.loss_dice: 3.1557  decode.d3.loss_cls: 2.6387  decode.d3.loss_mask: 1.9580  decode.d3.loss_dice: 3.1250  decode.d4.loss_cls: 2.6381  decode.d4.loss_mask: 1.9621  decode.d4.loss_dice: 3.1522  decode.d5.loss_cls: 2.6026  decode.d5.loss_mask: 1.9923  decode.d5.loss_dice: 3.1239  decode.d6.loss_cls: 2.5702  decode.d6.loss_mask: 1.9995  decode.d6.loss_dice: 3.1057  decode.d7.loss_cls: 2.5988  decode.d7.loss_mask: 2.0149  decode.d7.loss_dice: 3.1641  decode.d8.loss_cls: 2.6443  decode.d8.loss_mask: 2.0023  decode.d8.loss_dice: 3.1459
2026/06/15 19:37:57 - mmengine - INFO - Iter(train) [  450/20000]  base_lr: 3.0023e-05 lr: 3.0023e-05  eta: 6:58:24  time: 1.2922  data_time: 0.0314  memory: 8609  grad_norm: 114.0683  loss: 81.9409  decode.loss_cls: 2.9049  decode.loss_mask: 1.8995  decode.loss_dice: 3.0863  decode.d0.loss_cls: 5.9979  decode.d0.loss_mask: 1.9180  decode.d0.loss_dice: 3.3179  decode.d1.loss_cls: 3.1772  decode.d1.loss_mask: 1.8787  decode.d1.loss_dice: 3.1930  decode.d2.loss_cls: 2.9932  decode.d2.loss_mask: 1.8825  decode.d2.loss_dice: 3.0891  decode.d3.loss_cls: 2.8529  decode.d3.loss_mask: 1.8732  decode.d3.loss_dice: 3.0417  decode.d4.loss_cls: 2.8276  decode.d4.loss_mask: 1.8716  decode.d4.loss_dice: 3.0567  decode.d5.loss_cls: 2.8297  decode.d5.loss_mask: 1.9072  decode.d5.loss_dice: 3.0613  decode.d6.loss_cls: 2.7548  decode.d6.loss_mask: 1.9285  decode.d6.loss_dice: 3.0697  decode.d7.loss_cls: 2.7938  decode.d7.loss_mask: 1.9105  decode.d7.loss_dice: 3.0546  decode.d8.loss_cls: 2.8031  decode.d8.loss_mask: 1.8924  decode.d8.loss_dice: 3.0735
2026/06/15 19:39:01 - mmengine - INFO - Iter(train) [  500/20000]  base_lr: 3.3356e-05 lr: 3.3356e-05  eta: 6:57:39  time: 1.3058  data_time: 0.0339  memory: 8609  grad_norm: 125.4476  loss: 79.0005  decode.loss_cls: 2.7352  decode.loss_mask: 1.9443  decode.loss_dice: 3.0128  decode.d0.loss_cls: 5.9963  decode.d0.loss_mask: 1.8627  decode.d0.loss_dice: 3.2576  decode.d1.loss_cls: 2.8604  decode.d1.loss_mask: 1.8753  decode.d1.loss_dice: 3.1547  decode.d2.loss_cls: 2.6481  decode.d2.loss_mask: 1.8887  decode.d2.loss_dice: 3.0602  decode.d3.loss_cls: 2.5640  decode.d3.loss_mask: 1.8876  decode.d3.loss_dice: 3.0080  decode.d4.loss_cls: 2.5388  decode.d4.loss_mask: 1.8868  decode.d4.loss_dice: 3.0313  decode.d5.loss_cls: 2.4984  decode.d5.loss_mask: 1.9088  decode.d5.loss_dice: 2.9996  decode.d6.loss_cls: 2.5282  decode.d6.loss_mask: 1.8999  decode.d6.loss_dice: 3.0239  decode.d7.loss_cls: 2.5311  decode.d7.loss_mask: 1.8861  decode.d7.loss_dice: 3.0179  decode.d8.loss_cls: 2.5790  decode.d8.loss_mask: 1.8879  decode.d8.loss_dice: 3.0268
2026/06/15 19:40:06 - mmengine - INFO - Iter(train) [  550/20000]  base_lr: 3.6688e-05 lr: 3.6688e-05  eta: 6:56:58  time: 1.2898  data_time: 0.0308  memory: 8609  grad_norm: 126.5775  loss: 80.1825  decode.loss_cls: 2.8033  decode.loss_mask: 1.9943  decode.loss_dice: 3.0319  decode.d0.loss_cls: 5.9024  decode.d0.loss_mask: 1.9108  decode.d0.loss_dice: 3.2658  decode.d1.loss_cls: 2.9610  decode.d1.loss_mask: 1.9142  decode.d1.loss_dice: 3.0957  decode.d2.loss_cls: 2.7622  decode.d2.loss_mask: 1.9589  decode.d2.loss_dice: 3.0000  decode.d3.loss_cls: 2.6625  decode.d3.loss_mask: 1.9510  decode.d3.loss_dice: 3.0040  decode.d4.loss_cls: 2.5543  decode.d4.loss_mask: 1.9485  decode.d4.loss_dice: 3.0268  decode.d5.loss_cls: 2.5572  decode.d5.loss_mask: 1.9832  decode.d5.loss_dice: 2.9684  decode.d6.loss_cls: 2.6020  decode.d6.loss_mask: 1.9710  decode.d6.loss_dice: 2.9553  decode.d7.loss_cls: 2.6893  decode.d7.loss_mask: 1.9574  decode.d7.loss_dice: 3.0308  decode.d8.loss_cls: 2.7694  decode.d8.loss_mask: 1.9457  decode.d8.loss_dice: 3.0051
2026/06/15 19:41:10 - mmengine - INFO - Iter(train) [  600/20000]  base_lr: 4.0020e-05 lr: 4.0020e-05  eta: 6:55:47  time: 1.2851  data_time: 0.0297  memory: 8609  grad_norm: 124.6550  loss: 76.4332  decode.loss_cls: 2.4519  decode.loss_mask: 1.9455  decode.loss_dice: 2.8678  decode.d0.loss_cls: 5.8410  decode.d0.loss_mask: 1.9221  decode.d0.loss_dice: 3.1415  decode.d1.loss_cls: 2.6551  decode.d1.loss_mask: 1.9182  decode.d1.loss_dice: 2.9950  decode.d2.loss_cls: 2.4835  decode.d2.loss_mask: 1.9709  decode.d2.loss_dice: 2.8940  decode.d3.loss_cls: 2.4390  decode.d3.loss_mask: 1.9542  decode.d3.loss_dice: 2.8824  decode.d4.loss_cls: 2.3986  decode.d4.loss_mask: 1.9778  decode.d4.loss_dice: 2.8678  decode.d5.loss_cls: 2.3771  decode.d5.loss_mask: 1.9444  decode.d5.loss_dice: 2.8635  decode.d6.loss_cls: 2.3629  decode.d6.loss_mask: 1.9564  decode.d6.loss_dice: 2.8567  decode.d7.loss_cls: 2.3720  decode.d7.loss_mask: 1.9674  decode.d7.loss_dice: 2.8559  decode.d8.loss_cls: 2.4374  decode.d8.loss_mask: 1.9386  decode.d8.loss_dice: 2.8946
2026/06/15 19:42:15 - mmengine - INFO - Iter(train) [  650/20000]  base_lr: 4.3352e-05 lr: 4.3352e-05  eta: 6:54:46  time: 1.2872  data_time: 0.0327  memory: 8609  grad_norm: 151.0005  loss: 76.8180  decode.loss_cls: 2.5146  decode.loss_mask: 1.9034  decode.loss_dice: 2.9368  decode.d0.loss_cls: 5.7715  decode.d0.loss_mask: 1.8152  decode.d0.loss_dice: 3.1686  decode.d1.loss_cls: 2.7271  decode.d1.loss_mask: 1.8391  decode.d1.loss_dice: 3.0513  decode.d2.loss_cls: 2.5832  decode.d2.loss_mask: 1.8398  decode.d2.loss_dice: 2.9389  decode.d3.loss_cls: 2.4634  decode.d3.loss_mask: 1.8614  decode.d3.loss_dice: 2.9509  decode.d4.loss_cls: 2.4755  decode.d4.loss_mask: 1.9033  decode.d4.loss_dice: 2.9616  decode.d5.loss_cls: 2.5498  decode.d5.loss_mask: 1.8888  decode.d5.loss_dice: 2.8848  decode.d6.loss_cls: 2.4825  decode.d6.loss_mask: 1.9004  decode.d6.loss_dice: 2.8898  decode.d7.loss_cls: 2.4958  decode.d7.loss_mask: 1.8649  decode.d7.loss_dice: 2.9086  decode.d8.loss_cls: 2.4912  decode.d8.loss_mask: 1.8561  decode.d8.loss_dice: 2.8996
2026/06/15 19:43:19 - mmengine - INFO - Iter(train) [  700/20000]  base_lr: 4.6684e-05 lr: 4.6684e-05  eta: 6:53:35  time: 1.2791  data_time: 0.0279  memory: 8609  grad_norm: 120.5255  loss: 75.1733  decode.loss_cls: 2.5983  decode.loss_mask: 1.9325  decode.loss_dice: 2.7017  decode.d0.loss_cls: 5.7437  decode.d0.loss_mask: 1.8400  decode.d0.loss_dice: 3.0612  decode.d1.loss_cls: 2.7149  decode.d1.loss_mask: 1.8144  decode.d1.loss_dice: 2.8213  decode.d2.loss_cls: 2.5953  decode.d2.loss_mask: 1.8566  decode.d2.loss_dice: 2.7564  decode.d3.loss_cls: 2.5195  decode.d3.loss_mask: 1.8674  decode.d3.loss_dice: 2.7164  decode.d4.loss_cls: 2.5126  decode.d4.loss_mask: 1.9169  decode.d4.loss_dice: 2.7202  decode.d5.loss_cls: 2.5498  decode.d5.loss_mask: 1.8922  decode.d5.loss_dice: 2.6897  decode.d6.loss_cls: 2.5092  decode.d6.loss_mask: 1.8837  decode.d6.loss_dice: 2.6588  decode.d7.loss_cls: 2.5448  decode.d7.loss_mask: 1.8872  decode.d7.loss_dice: 2.6715  decode.d8.loss_cls: 2.5789  decode.d8.loss_mask: 1.9089  decode.d8.loss_dice: 2.7090
2026/06/15 19:44:23 - mmengine - INFO - Iter(train) [  750/20000]  base_lr: 5.0017e-05 lr: 5.0017e-05  eta: 6:52:23  time: 1.2830  data_time: 0.0294  memory: 8609  grad_norm: 117.2357  loss: 72.4553  decode.loss_cls: 2.5525  decode.loss_mask: 1.8237  decode.loss_dice: 2.5213  decode.d0.loss_cls: 5.6349  decode.d0.loss_mask: 1.8564  decode.d0.loss_dice: 2.8943  decode.d1.loss_cls: 2.5509  decode.d1.loss_mask: 1.8278  decode.d1.loss_dice: 2.7150  decode.d2.loss_cls: 2.4371  decode.d2.loss_mask: 1.8588  decode.d2.loss_dice: 2.6156  decode.d3.loss_cls: 2.4625  decode.d3.loss_mask: 1.8506  decode.d3.loss_dice: 2.5650  decode.d4.loss_cls: 2.5515  decode.d4.loss_mask: 1.8029  decode.d4.loss_dice: 2.5092  decode.d5.loss_cls: 2.5090  decode.d5.loss_mask: 1.8238  decode.d5.loss_dice: 2.5268  decode.d6.loss_cls: 2.4831  decode.d6.loss_mask: 1.8568  decode.d6.loss_dice: 2.4797  decode.d7.loss_cls: 2.5154  decode.d7.loss_mask: 1.8525  decode.d7.loss_dice: 2.5082  decode.d8.loss_cls: 2.5594  decode.d8.loss_mask: 1.8130  decode.d8.loss_dice: 2.4976
2026/06/15 19:45:27 - mmengine - INFO - Iter(train) [  800/20000]  base_lr: 5.3349e-05 lr: 5.3349e-05  eta: 6:51:26  time: 1.2824  data_time: 0.0306  memory: 8609  grad_norm: 111.5488  loss: 73.4483  decode.loss_cls: 2.4231  decode.loss_mask: 1.9996  decode.loss_dice: 2.6753  decode.d0.loss_cls: 5.5828  decode.d0.loss_mask: 1.8888  decode.d0.loss_dice: 2.9627  decode.d1.loss_cls: 2.4966  decode.d1.loss_mask: 1.8957  decode.d1.loss_dice: 2.7319  decode.d2.loss_cls: 2.3535  decode.d2.loss_mask: 1.9317  decode.d2.loss_dice: 2.6701  decode.d3.loss_cls: 2.3050  decode.d3.loss_mask: 1.9403  decode.d3.loss_dice: 2.6628  decode.d4.loss_cls: 2.3105  decode.d4.loss_mask: 1.9666  decode.d4.loss_dice: 2.6701  decode.d5.loss_cls: 2.3410  decode.d5.loss_mask: 2.0077  decode.d5.loss_dice: 2.6350  decode.d6.loss_cls: 2.3231  decode.d6.loss_mask: 1.9667  decode.d6.loss_dice: 2.6724  decode.d7.loss_cls: 2.3189  decode.d7.loss_mask: 1.9964  decode.d7.loss_dice: 2.6573  decode.d8.loss_cls: 2.3798  decode.d8.loss_mask: 2.0040  decode.d8.loss_dice: 2.6789
2026/06/15 19:46:32 - mmengine - INFO - Iter(train) [  850/20000]  base_lr: 5.6681e-05 lr: 5.6681e-05  eta: 6:50:21  time: 1.2846  data_time: 0.0319  memory: 8609  grad_norm: 117.8761  loss: 73.1925  decode.loss_cls: 2.3411  decode.loss_mask: 1.9995  decode.loss_dice: 2.7329  decode.d0.loss_cls: 5.5312  decode.d0.loss_mask: 1.8387  decode.d0.loss_dice: 3.0119  decode.d1.loss_cls: 2.4347  decode.d1.loss_mask: 1.8760  decode.d1.loss_dice: 2.8169  decode.d2.loss_cls: 2.3345  decode.d2.loss_mask: 1.8881  decode.d2.loss_dice: 2.6876  decode.d3.loss_cls: 2.3158  decode.d3.loss_mask: 1.8735  decode.d3.loss_dice: 2.6785  decode.d4.loss_cls: 2.3369  decode.d4.loss_mask: 1.8620  decode.d4.loss_dice: 2.6880  decode.d5.loss_cls: 2.3634  decode.d5.loss_mask: 1.9184  decode.d5.loss_dice: 2.6593  decode.d6.loss_cls: 2.3487  decode.d6.loss_mask: 1.9623  decode.d6.loss_dice: 2.6904  decode.d7.loss_cls: 2.3606  decode.d7.loss_mask: 1.9458  decode.d7.loss_dice: 2.6839  decode.d8.loss_cls: 2.3658  decode.d8.loss_mask: 1.9628  decode.d8.loss_dice: 2.6831
2026/06/15 19:47:36 - mmengine - INFO - Iter(train) [  900/20000]  base_lr: 6.0013e-05 lr: 6.0013e-05  eta: 6:49:14  time: 1.2833  data_time: 0.0305  memory: 8609  grad_norm: 114.5134  loss: 74.2252  decode.loss_cls: 2.5680  decode.loss_mask: 1.9314  decode.loss_dice: 2.7203  decode.d0.loss_cls: 5.4733  decode.d0.loss_mask: 1.8304  decode.d0.loss_dice: 2.9755  decode.d1.loss_cls: 2.6508  decode.d1.loss_mask: 1.8444  decode.d1.loss_dice: 2.7554  decode.d2.loss_cls: 2.4846  decode.d2.loss_mask: 1.8650  decode.d2.loss_dice: 2.6765  decode.d3.loss_cls: 2.4426  decode.d3.loss_mask: 1.8970  decode.d3.loss_dice: 2.6454  decode.d4.loss_cls: 2.4530  decode.d4.loss_mask: 1.9501  decode.d4.loss_dice: 2.6664  decode.d5.loss_cls: 2.4978  decode.d5.loss_mask: 1.9262  decode.d5.loss_dice: 2.6641  decode.d6.loss_cls: 2.4176  decode.d6.loss_mask: 1.9734  decode.d6.loss_dice: 2.6580  decode.d7.loss_cls: 2.4557  decode.d7.loss_mask: 1.9682  decode.d7.loss_dice: 2.6749  decode.d8.loss_cls: 2.4758  decode.d8.loss_mask: 1.9821  decode.d8.loss_dice: 2.7014
2026/06/15 19:48:40 - mmengine - INFO - Iter(train) [  950/20000]  base_lr: 6.3346e-05 lr: 6.3346e-05  eta: 6:48:04  time: 1.2795  data_time: 0.0300  memory: 8609  grad_norm: 112.7989  loss: 71.1387  decode.loss_cls: 2.3027  decode.loss_mask: 1.9121  decode.loss_dice: 2.6517  decode.d0.loss_cls: 5.3297  decode.d0.loss_mask: 1.8358  decode.d0.loss_dice: 2.9163  decode.d1.loss_cls: 2.3918  decode.d1.loss_mask: 1.8849  decode.d1.loss_dice: 2.7124  decode.d2.loss_cls: 2.2564  decode.d2.loss_mask: 1.9091  decode.d2.loss_dice: 2.6449  decode.d3.loss_cls: 2.2525  decode.d3.loss_mask: 1.8800  decode.d3.loss_dice: 2.5801  decode.d4.loss_cls: 2.2749  decode.d4.loss_mask: 1.8853  decode.d4.loss_dice: 2.5842  decode.d5.loss_cls: 2.3093  decode.d5.loss_mask: 1.8578  decode.d5.loss_dice: 2.5709  decode.d6.loss_cls: 2.2844  decode.d6.loss_mask: 1.8737  decode.d6.loss_dice: 2.5727  decode.d7.loss_cls: 2.2628  decode.d7.loss_mask: 1.8497  decode.d7.loss_dice: 2.6017  decode.d8.loss_cls: 2.2760  decode.d8.loss_mask: 1.8628  decode.d8.loss_dice: 2.6120
2026/06/15 19:49:44 - mmengine - INFO - Exp name: dinov3l_m2f_pastis_temporal_v1_20260615_192803
2026/06/15 19:49:44 - mmengine - INFO - Iter(train) [ 1000/20000]  base_lr: 6.6678e-05 lr: 6.6678e-05  eta: 6:47:05  time: 1.2895  data_time: 0.0318  memory: 8609  grad_norm: 129.9863  loss: 68.7003  decode.loss_cls: 2.1223  decode.loss_mask: 1.9224  decode.loss_dice: 2.5679  decode.d0.loss_cls: 5.2610  decode.d0.loss_mask: 1.8263  decode.d0.loss_dice: 2.9040  decode.d1.loss_cls: 2.2885  decode.d1.loss_mask: 1.8054  decode.d1.loss_dice: 2.6244  decode.d2.loss_cls: 2.1029  decode.d2.loss_mask: 1.8256  decode.d2.loss_dice: 2.5501  decode.d3.loss_cls: 2.0324  decode.d3.loss_mask: 1.8324  decode.d3.loss_dice: 2.5321  decode.d4.loss_cls: 2.0541  decode.d4.loss_mask: 1.8422  decode.d4.loss_dice: 2.5311  decode.d5.loss_cls: 2.1034  decode.d5.loss_mask: 1.8529  decode.d5.loss_dice: 2.5338  decode.d6.loss_cls: 2.0628  decode.d6.loss_mask: 1.9085  decode.d6.loss_dice: 2.5192  decode.d7.loss_cls: 2.0743  decode.d7.loss_mask: 1.9069  decode.d7.loss_dice: 2.5159  decode.d8.loss_cls: 2.1724  decode.d8.loss_mask: 1.8941  decode.d8.loss_dice: 2.5311
2026/06/15 19:50:10 - mmengine - INFO - Iter(val) [ 50/121]    eta: 0:00:36  time: 0.5043  data_time: 0.0181  memory: 6109  
2026/06/15 19:50:36 - mmengine - INFO - Iter(val) [100/121]    eta: 0:00:10  time: 0.5043  data_time: 0.0169  memory: 6109  
2026/06/15 19:50:47 - mmengine - INFO - per class results:
2026/06/15 19:50:47 - mmengine - INFO - 
+---------+-------+-------+
|  Class  |  IoU  |  Acc  |
+---------+-------+-------+
|  crop_1 | 69.12 | 78.46 |
|  crop_2 | 55.43 | 72.49 |
|  crop_3 | 21.96 | 29.89 |
|  crop_4 | 24.53 | 60.42 |
|  crop_5 |  5.47 | 20.85 |
|  crop_6 | 24.94 | 49.57 |
|  crop_7 |  0.0  |  0.0  |
|  crop_8 |  0.0  |  0.0  |
|  crop_9 | 26.36 | 38.83 |
| crop_10 |  0.0  |  0.0  |
| crop_11 |  0.0  |  0.0  |
| crop_12 |  0.28 |  0.31 |
| crop_13 |  1.55 |  1.88 |
| crop_14 |  0.0  |  0.0  |
| crop_15 |  5.29 |  6.58 |
| crop_16 |  0.0  |  0.0  |
| crop_17 |  0.0  |  0.0  |
| crop_18 |  0.0  |  0.0  |
| crop_19 |  0.0  |  0.0  |
+---------+-------+-------+
2026/06/15 19:50:47 - mmengine - INFO - Iter(val) [121/121]    aAcc: 60.4700  mIoU: 12.3700  mAcc: 18.9100  data_time: 0.0239  time: 0.5141
2026/06/15 19:50:53 - mmengine - INFO - The best checkpoint with 12.3700 mIoU at 1000 iter is saved to best_mIoU_iter_1000.pth.
2026/06/15 19:51:57 - mmengine - INFO - Iter(train) [ 1050/20000]  base_lr: 7.0010e-05 lr: 7.0010e-05  eta: 6:47:55  time: 1.2905  data_time: 0.0314  memory: 10899  grad_norm: 104.3641  loss: 69.5039  decode.loss_cls: 2.3266  decode.loss_mask: 1.8787  decode.loss_dice: 2.5055  decode.d0.loss_cls: 5.2267  decode.d0.loss_mask: 1.7753  decode.d0.loss_dice: 2.7972  decode.d1.loss_cls: 2.3928  decode.d1.loss_mask: 1.7787  decode.d1.loss_dice: 2.5555  decode.d2.loss_cls: 2.2142  decode.d2.loss_mask: 1.8303  decode.d2.loss_dice: 2.5076  decode.d3.loss_cls: 2.2229  decode.d3.loss_mask: 1.8057  decode.d3.loss_dice: 2.4533  decode.d4.loss_cls: 2.2681  decode.d4.loss_mask: 1.8437  decode.d4.loss_dice: 2.4745  decode.d5.loss_cls: 2.3019  decode.d5.loss_mask: 1.8281  decode.d5.loss_dice: 2.4882  decode.d6.loss_cls: 2.2798  decode.d6.loss_mask: 1.8597  decode.d6.loss_dice: 2.4896  decode.d7.loss_cls: 2.3221  decode.d7.loss_mask: 1.8887  decode.d7.loss_dice: 2.4947  decode.d8.loss_cls: 2.2887  decode.d8.loss_mask: 1.9057  decode.d8.loss_dice: 2.4996
2026/06/15 19:53:02 - mmengine - INFO - Iter(train) [ 1100/20000]  base_lr: 7.3342e-05 lr: 7.3342e-05  eta: 6:46:51  time: 1.2925  data_time: 0.0318  memory: 8609  grad_norm: 120.8229  loss: 70.9712  decode.loss_cls: 2.4070  decode.loss_mask: 1.8651  decode.loss_dice: 2.6130  decode.d0.loss_cls: 5.0971  decode.d0.loss_mask: 1.7828  decode.d0.loss_dice: 2.8540  decode.d1.loss_cls: 2.4551  decode.d1.loss_mask: 1.7923  decode.d1.loss_dice: 2.6243  decode.d2.loss_cls: 2.3763  decode.d2.loss_mask: 1.8104  decode.d2.loss_dice: 2.5888  decode.d3.loss_cls: 2.3636  decode.d3.loss_mask: 1.8165  decode.d3.loss_dice: 2.5394  decode.d4.loss_cls: 2.3782  decode.d4.loss_mask: 1.8526  decode.d4.loss_dice: 2.5332  decode.d5.loss_cls: 2.3495  decode.d5.loss_mask: 1.8633  decode.d5.loss_dice: 2.5720  decode.d6.loss_cls: 2.3186  decode.d6.loss_mask: 1.8640  decode.d6.loss_dice: 2.5944  decode.d7.loss_cls: 2.3818  decode.d7.loss_mask: 1.8592  decode.d7.loss_dice: 2.5801  decode.d8.loss_cls: 2.3583  decode.d8.loss_mask: 1.8829  decode.d8.loss_dice: 2.5975
2026/06/15 19:54:07 - mmengine - INFO - Iter(train) [ 1150/20000]  base_lr: 7.6674e-05 lr: 7.6674e-05  eta: 6:45:51  time: 1.2997  data_time: 0.0332  memory: 8609  grad_norm: 110.0591  loss: 70.6683  decode.loss_cls: 2.4211  decode.loss_mask: 1.8262  decode.loss_dice: 2.6151  decode.d0.loss_cls: 5.0843  decode.d0.loss_mask: 1.7459  decode.d0.loss_dice: 2.8859  decode.d1.loss_cls: 2.4913  decode.d1.loss_mask: 1.7924  decode.d1.loss_dice: 2.6837  decode.d2.loss_cls: 2.2873  decode.d2.loss_mask: 1.8258  decode.d2.loss_dice: 2.6379  decode.d3.loss_cls: 2.2825  decode.d3.loss_mask: 1.8099  decode.d3.loss_dice: 2.6038  decode.d4.loss_cls: 2.2955  decode.d4.loss_mask: 1.7990  decode.d4.loss_dice: 2.5869  decode.d5.loss_cls: 2.2951  decode.d5.loss_mask: 1.7979  decode.d5.loss_dice: 2.5818  decode.d6.loss_cls: 2.3251  decode.d6.loss_mask: 1.8131  decode.d6.loss_dice: 2.5986  decode.d7.loss_cls: 2.3716  decode.d7.loss_mask: 1.8102  decode.d7.loss_dice: 2.5995  decode.d8.loss_cls: 2.3886  decode.d8.loss_mask: 1.8157  decode.d8.loss_dice: 2.5967
2026/06/15 19:55:11 - mmengine - INFO - Iter(train) [ 1200/20000]  base_lr: 8.0007e-05 lr: 8.0007e-05  eta: 6:44:48  time: 1.2895  data_time: 0.0305  memory: 8609  grad_norm: 118.5050  loss: 66.6406  decode.loss_cls: 2.1144  decode.loss_mask: 1.8675  decode.loss_dice: 2.3959  decode.d0.loss_cls: 4.8756  decode.d0.loss_mask: 1.8088  decode.d0.loss_dice: 2.6972  decode.d1.loss_cls: 2.0346  decode.d1.loss_mask: 1.8661  decode.d1.loss_dice: 2.5153  decode.d2.loss_cls: 2.0077  decode.d2.loss_mask: 1.8619  decode.d2.loss_dice: 2.4615  decode.d3.loss_cls: 2.0508  decode.d3.loss_mask: 1.8461  decode.d3.loss_dice: 2.3836  decode.d4.loss_cls: 2.0494  decode.d4.loss_mask: 1.8457  decode.d4.loss_dice: 2.4162  decode.d5.loss_cls: 2.0746  decode.d5.loss_mask: 1.9149  decode.d5.loss_dice: 2.4594  decode.d6.loss_cls: 2.1040  decode.d6.loss_mask: 1.8712  decode.d6.loss_dice: 2.3886  decode.d7.loss_cls: 2.0831  decode.d7.loss_mask: 1.8836  decode.d7.loss_dice: 2.4185  decode.d8.loss_cls: 2.1031  decode.d8.loss_mask: 1.8494  decode.d8.loss_dice: 2.3920
2026/06/15 19:56:16 - mmengine - INFO - Iter(train) [ 1250/20000]  base_lr: 8.3339e-05 lr: 8.3339e-05  eta: 6:43:44  time: 1.2859  data_time: 0.0316  memory: 8609  grad_norm: 114.3356  loss: 66.9731  decode.loss_cls: 2.0677  decode.loss_mask: 1.7980  decode.loss_dice: 2.5410  decode.d0.loss_cls: 4.7911  decode.d0.loss_mask: 1.7381  decode.d0.loss_dice: 2.8120  decode.d1.loss_cls: 2.1441  decode.d1.loss_mask: 1.7728  decode.d1.loss_dice: 2.5839  decode.d2.loss_cls: 2.0459  decode.d2.loss_mask: 1.7815  decode.d2.loss_dice: 2.5531  decode.d3.loss_cls: 2.0170  decode.d3.loss_mask: 1.8096  decode.d3.loss_dice: 2.5299  decode.d4.loss_cls: 2.0307  decode.d4.loss_mask: 1.8263  decode.d4.loss_dice: 2.5571  decode.d5.loss_cls: 2.0082  decode.d5.loss_mask: 1.7950  decode.d5.loss_dice: 2.5377  decode.d6.loss_cls: 2.0562  decode.d6.loss_mask: 1.8116  decode.d6.loss_dice: 2.5365  decode.d7.loss_cls: 2.0707  decode.d7.loss_mask: 1.8086  decode.d7.loss_dice: 2.5577  decode.d8.loss_cls: 2.0827  decode.d8.loss_mask: 1.7916  decode.d8.loss_dice: 2.5166
2026/06/15 19:57:21 - mmengine - INFO - Iter(train) [ 1300/20000]  base_lr: 8.6671e-05 lr: 8.6671e-05  eta: 6:42:40  time: 1.2997  data_time: 0.0338  memory: 8609  grad_norm: 113.8707  loss: 65.3844  decode.loss_cls: 1.9205  decode.loss_mask: 1.8191  decode.loss_dice: 2.4315  decode.d0.loss_cls: 4.6911  decode.d0.loss_mask: 1.7906  decode.d0.loss_dice: 2.7425  decode.d1.loss_cls: 2.0142  decode.d1.loss_mask: 1.8372  decode.d1.loss_dice: 2.5504  decode.d2.loss_cls: 1.9044  decode.d2.loss_mask: 1.8769  decode.d2.loss_dice: 2.4897  decode.d3.loss_cls: 1.9277  decode.d3.loss_mask: 1.8595  decode.d3.loss_dice: 2.4631  decode.d4.loss_cls: 1.8859  decode.d4.loss_mask: 1.9065  decode.d4.loss_dice: 2.4864  decode.d5.loss_cls: 1.9174  decode.d5.loss_mask: 1.8465  decode.d5.loss_dice: 2.4623  decode.d6.loss_cls: 1.8881  decode.d6.loss_mask: 1.8409  decode.d6.loss_dice: 2.4317  decode.d7.loss_cls: 1.8949  decode.d7.loss_mask: 1.8272  decode.d7.loss_dice: 2.4562  decode.d8.loss_cls: 1.9474  decode.d8.loss_mask: 1.8349  decode.d8.loss_dice: 2.4396
2026/06/15 19:58:26 - mmengine - INFO - Iter(train) [ 1350/20000]  base_lr: 9.0003e-05 lr: 9.0003e-05  eta: 6:41:39  time: 1.2926  data_time: 0.0309  memory: 8609  grad_norm: 110.0276  loss: 65.5907  decode.loss_cls: 2.0257  decode.loss_mask: 1.8542  decode.loss_dice: 2.4604  decode.d0.loss_cls: 4.5660  decode.d0.loss_mask: 1.8550  decode.d0.loss_dice: 2.6931  decode.d1.loss_cls: 2.0210  decode.d1.loss_mask: 1.8311  decode.d1.loss_dice: 2.4956  decode.d2.loss_cls: 1.9905  decode.d2.loss_mask: 1.8443  decode.d2.loss_dice: 2.4474  decode.d3.loss_cls: 1.9567  decode.d3.loss_mask: 1.8395  decode.d3.loss_dice: 2.4533  decode.d4.loss_cls: 1.9434  decode.d4.loss_mask: 1.8254  decode.d4.loss_dice: 2.4253  decode.d5.loss_cls: 1.9924  decode.d5.loss_mask: 1.8253  decode.d5.loss_dice: 2.4290  decode.d6.loss_cls: 1.9839  decode.d6.loss_mask: 1.8451  decode.d6.loss_dice: 2.4303  decode.d7.loss_cls: 1.9982  decode.d7.loss_mask: 1.8326  decode.d7.loss_dice: 2.4357  decode.d8.loss_cls: 2.0318  decode.d8.loss_mask: 1.8226  decode.d8.loss_dice: 2.4358
2026/06/15 19:59:30 - mmengine - INFO - Iter(train) [ 1400/20000]  base_lr: 9.3336e-05 lr: 9.3336e-05  eta: 6:40:33  time: 1.2792  data_time: 0.0274  memory: 8609  grad_norm: 101.6965  loss: 68.5733  decode.loss_cls: 2.1207  decode.loss_mask: 1.8003  decode.loss_dice: 2.7130  decode.d0.loss_cls: 4.5341  decode.d0.loss_mask: 1.7382  decode.d0.loss_dice: 2.8653  decode.d1.loss_cls: 2.1983  decode.d1.loss_mask: 1.7813  decode.d1.loss_dice: 2.7448  decode.d2.loss_cls: 2.0136  decode.d2.loss_mask: 1.8023  decode.d2.loss_dice: 2.7313  decode.d3.loss_cls: 2.0083  decode.d3.loss_mask: 1.7942  decode.d3.loss_dice: 2.6779  decode.d4.loss_cls: 1.9923  decode.d4.loss_mask: 1.8196  decode.d4.loss_dice: 2.6939  decode.d5.loss_cls: 2.1026  decode.d5.loss_mask: 1.8011  decode.d5.loss_dice: 2.6964  decode.d6.loss_cls: 2.1603  decode.d6.loss_mask: 1.7786  decode.d6.loss_dice: 2.6700  decode.d7.loss_cls: 2.1542  decode.d7.loss_mask: 1.8163  decode.d7.loss_dice: 2.6911  decode.d8.loss_cls: 2.1466  decode.d8.loss_mask: 1.8363  decode.d8.loss_dice: 2.6904
2026/06/15 20:00:34 - mmengine - INFO - Iter(train) [ 1450/20000]  base_lr: 9.6668e-05 lr: 9.6668e-05  eta: 6:39:25  time: 1.2843  data_time: 0.0303  memory: 8609  grad_norm: 122.7803  loss: 65.8913  decode.loss_cls: 2.0193  decode.loss_mask: 1.9040  decode.loss_dice: 2.4906  decode.d0.loss_cls: 4.3799  decode.d0.loss_mask: 1.8361  decode.d0.loss_dice: 2.6904  decode.d1.loss_cls: 1.9573  decode.d1.loss_mask: 1.8778  decode.d1.loss_dice: 2.5302  decode.d2.loss_cls: 1.9204  decode.d2.loss_mask: 1.8712  decode.d2.loss_dice: 2.5032  decode.d3.loss_cls: 1.8823  decode.d3.loss_mask: 1.8880  decode.d3.loss_dice: 2.4989  decode.d4.loss_cls: 1.8998  decode.d4.loss_mask: 1.9084  decode.d4.loss_dice: 2.4707  decode.d5.loss_cls: 1.9273  decode.d5.loss_mask: 1.9050  decode.d5.loss_dice: 2.4753  decode.d6.loss_cls: 1.9006  decode.d6.loss_mask: 1.9065  decode.d6.loss_dice: 2.4947  decode.d7.loss_cls: 1.9528  decode.d7.loss_mask: 1.9047  decode.d7.loss_dice: 2.4914  decode.d8.loss_cls: 1.9710  decode.d8.loss_mask: 1.9442  decode.d8.loss_dice: 2.4892
2026/06/15 20:01:38 - mmengine - INFO - Iter(train) [ 1500/20000]  base_lr: 1.0000e-04 lr: 1.0000e-04  eta: 6:38:13  time: 1.2830  data_time: 0.0283  memory: 8609  grad_norm: 100.5988  loss: 63.8366  decode.loss_cls: 1.9780  decode.loss_mask: 1.7253  decode.loss_dice: 2.4768  decode.d0.loss_cls: 4.3171  decode.d0.loss_mask: 1.6669  decode.d0.loss_dice: 2.6821  decode.d1.loss_cls: 1.9901  decode.d1.loss_mask: 1.7049  decode.d1.loss_dice: 2.5374  decode.d2.loss_cls: 1.8432  decode.d2.loss_mask: 1.7247  decode.d2.loss_dice: 2.4916  decode.d3.loss_cls: 1.8457  decode.d3.loss_mask: 1.7405  decode.d3.loss_dice: 2.4616  decode.d4.loss_cls: 1.8670  decode.d4.loss_mask: 1.7649  decode.d4.loss_dice: 2.5014  decode.d5.loss_cls: 1.9199  decode.d5.loss_mask: 1.7311  decode.d5.loss_dice: 2.4753  decode.d6.loss_cls: 1.9207  decode.d6.loss_mask: 1.7343  decode.d6.loss_dice: 2.4469  decode.d7.loss_cls: 1.9277  decode.d7.loss_mask: 1.7357  decode.d7.loss_dice: 2.4595  decode.d8.loss_cls: 1.9632  decode.d8.loss_mask: 1.7306  decode.d8.loss_dice: 2.4726
2026/06/15 20:02:43 - mmengine - INFO - Iter(train) [ 1550/20000]  base_lr: 9.9762e-05 lr: 9.9762e-05  eta: 6:37:09  time: 1.2961  data_time: 0.0318  memory: 8609  grad_norm: 111.5112  loss: 64.7627  decode.loss_cls: 2.0230  decode.loss_mask: 1.8275  decode.loss_dice: 2.4601  decode.d0.loss_cls: 4.2012  decode.d0.loss_mask: 1.7104  decode.d0.loss_dice: 2.6839  decode.d1.loss_cls: 2.0342  decode.d1.loss_mask: 1.7451  decode.d1.loss_dice: 2.5092  decode.d2.loss_cls: 1.9506  decode.d2.loss_mask: 1.7540  decode.d2.loss_dice: 2.4712  decode.d3.loss_cls: 1.9673  decode.d3.loss_mask: 1.7757  decode.d3.loss_dice: 2.4823  decode.d4.loss_cls: 1.9782  decode.d4.loss_mask: 1.7665  decode.d4.loss_dice: 2.4692  decode.d5.loss_cls: 1.9902  decode.d5.loss_mask: 1.7921  decode.d5.loss_dice: 2.4619  decode.d6.loss_cls: 1.9495  decode.d6.loss_mask: 1.7850  decode.d6.loss_dice: 2.4680  decode.d7.loss_cls: 1.9906  decode.d7.loss_mask: 1.8031  decode.d7.loss_dice: 2.4714  decode.d8.loss_cls: 1.9733  decode.d8.loss_mask: 1.8003  decode.d8.loss_dice: 2.4677
2026/06/15 20:03:48 - mmengine - INFO - Iter(train) [ 1600/20000]  base_lr: 9.9518e-05 lr: 9.9518e-05  eta: 6:36:06  time: 1.2964  data_time: 0.0299  memory: 8609  grad_norm: 105.3019  loss: 63.5495  decode.loss_cls: 1.9357  decode.loss_mask: 1.8382  decode.loss_dice: 2.4058  decode.d0.loss_cls: 4.0882  decode.d0.loss_mask: 1.8290  decode.d0.loss_dice: 2.6176  decode.d1.loss_cls: 1.8924  decode.d1.loss_mask: 1.8914  decode.d1.loss_dice: 2.4799  decode.d2.loss_cls: 1.8281  decode.d2.loss_mask: 1.8768  decode.d2.loss_dice: 2.4421  decode.d3.loss_cls: 1.8084  decode.d3.loss_mask: 1.8588  decode.d3.loss_dice: 2.3818  decode.d4.loss_cls: 1.8071  decode.d4.loss_mask: 1.8714  decode.d4.loss_dice: 2.3972  decode.d5.loss_cls: 1.8340  decode.d5.loss_mask: 1.8270  decode.d5.loss_dice: 2.3638  decode.d6.loss_cls: 1.8531  decode.d6.loss_mask: 1.8175  decode.d6.loss_dice: 2.3525  decode.d7.loss_cls: 1.8842  decode.d7.loss_mask: 1.8437  decode.d7.loss_dice: 2.3820  decode.d8.loss_cls: 1.8772  decode.d8.loss_mask: 1.8511  decode.d8.loss_dice: 2.4136
2026/06/15 20:04:52 - mmengine - INFO - Iter(train) [ 1650/20000]  base_lr: 9.9275e-05 lr: 9.9275e-05  eta: 6:35:03  time: 1.2912  data_time: 0.0287  memory: 8609  grad_norm: 104.3630  loss: 64.1355  decode.loss_cls: 2.0682  decode.loss_mask: 1.7244  decode.loss_dice: 2.4370  decode.d0.loss_cls: 4.0449  decode.d0.loss_mask: 1.7201  decode.d0.loss_dice: 2.6108  decode.d1.loss_cls: 2.0791  decode.d1.loss_mask: 1.7536  decode.d1.loss_dice: 2.4460  decode.d2.loss_cls: 2.0651  decode.d2.loss_mask: 1.7332  decode.d2.loss_dice: 2.4017  decode.d3.loss_cls: 2.0370  decode.d3.loss_mask: 1.7387  decode.d3.loss_dice: 2.3760  decode.d4.loss_cls: 2.0523  decode.d4.loss_mask: 1.7262  decode.d4.loss_dice: 2.3858  decode.d5.loss_cls: 2.0682  decode.d5.loss_mask: 1.7212  decode.d5.loss_dice: 2.3835  decode.d6.loss_cls: 2.0309  decode.d6.loss_mask: 1.7474  decode.d6.loss_dice: 2.3723  decode.d7.loss_cls: 2.0330  decode.d7.loss_mask: 1.7381  decode.d7.loss_dice: 2.4037  decode.d8.loss_cls: 2.0707  decode.d8.loss_mask: 1.7249  decode.d8.loss_dice: 2.4416
2026/06/15 20:05:57 - mmengine - INFO - Iter(train) [ 1700/20000]  base_lr: 9.9031e-05 lr: 9.9031e-05  eta: 6:33:59  time: 1.2915  data_time: 0.0301  memory: 8609  grad_norm: 105.8523  loss: 63.1015  decode.loss_cls: 1.9524  decode.loss_mask: 1.7388  decode.loss_dice: 2.4111  decode.d0.loss_cls: 3.9412  decode.d0.loss_mask: 1.7331  decode.d0.loss_dice: 2.6635  decode.d1.loss_cls: 1.9381  decode.d1.loss_mask: 1.7626  decode.d1.loss_dice: 2.4934  decode.d2.loss_cls: 1.9230  decode.d2.loss_mask: 1.7642  decode.d2.loss_dice: 2.4139  decode.d3.loss_cls: 1.8572  decode.d3.loss_mask: 1.7462  decode.d3.loss_dice: 2.3997  decode.d4.loss_cls: 1.8233  decode.d4.loss_mask: 1.7755  decode.d4.loss_dice: 2.4317  decode.d5.loss_cls: 1.8925  decode.d5.loss_mask: 1.7701  decode.d5.loss_dice: 2.4129  decode.d6.loss_cls: 1.8485  decode.d6.loss_mask: 1.7722  decode.d6.loss_dice: 2.4320  decode.d7.loss_cls: 1.9538  decode.d7.loss_mask: 1.7515  decode.d7.loss_dice: 2.4334  decode.d8.loss_cls: 1.8820  decode.d8.loss_mask: 1.7619  decode.d8.loss_dice: 2.4217
2026/06/15 20:07:02 - mmengine - INFO - Iter(train) [ 1750/20000]  base_lr: 9.8788e-05 lr: 9.8788e-05  eta: 6:32:55  time: 1.2920  data_time: 0.0292  memory: 8609  grad_norm: 94.8636  loss: 61.3146  decode.loss_cls: 2.0646  decode.loss_mask: 1.6602  decode.loss_dice: 2.2451  decode.d0.loss_cls: 3.8445  decode.d0.loss_mask: 1.6401  decode.d0.loss_dice: 2.5802  decode.d1.loss_cls: 2.0609  decode.d1.loss_mask: 1.6831  decode.d1.loss_dice: 2.3576  decode.d2.loss_cls: 1.9593  decode.d2.loss_mask: 1.6466  decode.d2.loss_dice: 2.2751  decode.d3.loss_cls: 1.9257  decode.d3.loss_mask: 1.6731  decode.d3.loss_dice: 2.2282  decode.d4.loss_cls: 1.9161  decode.d4.loss_mask: 1.6667  decode.d4.loss_dice: 2.2396  decode.d5.loss_cls: 1.9741  decode.d5.loss_mask: 1.6707  decode.d5.loss_dice: 2.2275  decode.d6.loss_cls: 1.9548  decode.d6.loss_mask: 1.7059  decode.d6.loss_dice: 2.2438  decode.d7.loss_cls: 2.0012  decode.d7.loss_mask: 1.6917  decode.d7.loss_dice: 2.2303  decode.d8.loss_cls: 2.0329  decode.d8.loss_mask: 1.6724  decode.d8.loss_dice: 2.2427
2026/06/15 20:08:06 - mmengine - INFO - Iter(train) [ 1800/20000]  base_lr: 9.8544e-05 lr: 9.8544e-05  eta: 6:31:47  time: 1.2831  data_time: 0.0263  memory: 8609  grad_norm: 102.8740  loss: 60.0217  decode.loss_cls: 1.8086  decode.loss_mask: 1.6957  decode.loss_dice: 2.3040  decode.d0.loss_cls: 3.7381  decode.d0.loss_mask: 1.6956  decode.d0.loss_dice: 2.5764  decode.d1.loss_cls: 1.7892  decode.d1.loss_mask: 1.7250  decode.d1.loss_dice: 2.3991  decode.d2.loss_cls: 1.6989  decode.d2.loss_mask: 1.7462  decode.d2.loss_dice: 2.3525  decode.d3.loss_cls: 1.7059  decode.d3.loss_mask: 1.6845  decode.d3.loss_dice: 2.2975  decode.d4.loss_cls: 1.7609  decode.d4.loss_mask: 1.6859  decode.d4.loss_dice: 2.2973  decode.d5.loss_cls: 1.7589  decode.d5.loss_mask: 1.6799  decode.d5.loss_dice: 2.3093  decode.d6.loss_cls: 1.7774  decode.d6.loss_mask: 1.6668  decode.d6.loss_dice: 2.3011  decode.d7.loss_cls: 1.7660  decode.d7.loss_mask: 1.6763  decode.d7.loss_dice: 2.3095  decode.d8.loss_cls: 1.8269  decode.d8.loss_mask: 1.6727  decode.d8.loss_dice: 2.3155
2026/06/15 20:09:11 - mmengine - INFO - Iter(train) [ 1850/20000]  base_lr: 9.8300e-05 lr: 9.8300e-05  eta: 6:30:43  time: 1.2893  data_time: 0.0263  memory: 8609  grad_norm: 112.6733  loss: 60.4130  decode.loss_cls: 1.7393  decode.loss_mask: 1.7295  decode.loss_dice: 2.3815  decode.d0.loss_cls: 3.6376  decode.d0.loss_mask: 1.7183  decode.d0.loss_dice: 2.5829  decode.d1.loss_cls: 1.7604  decode.d1.loss_mask: 1.7093  decode.d1.loss_dice: 2.4240  decode.d2.loss_cls: 1.7490  decode.d2.loss_mask: 1.7173  decode.d2.loss_dice: 2.3855  decode.d3.loss_cls: 1.6512  decode.d3.loss_mask: 1.7594  decode.d3.loss_dice: 2.3505  decode.d4.loss_cls: 1.7095  decode.d4.loss_mask: 1.7300  decode.d4.loss_dice: 2.3660  decode.d5.loss_cls: 1.7196  decode.d5.loss_mask: 1.7391  decode.d5.loss_dice: 2.3583  decode.d6.loss_cls: 1.7352  decode.d6.loss_mask: 1.7349  decode.d6.loss_dice: 2.3581  decode.d7.loss_cls: 1.7284  decode.d7.loss_mask: 1.7288  decode.d7.loss_dice: 2.3697  decode.d8.loss_cls: 1.7390  decode.d8.loss_mask: 1.7142  decode.d8.loss_dice: 2.3859
2026/06/15 20:10:15 - mmengine - INFO - Iter(train) [ 1900/20000]  base_lr: 9.8057e-05 lr: 9.8057e-05  eta: 6:29:36  time: 1.2887  data_time: 0.0302  memory: 8609  grad_norm: 96.9918  loss: 58.1441  decode.loss_cls: 1.7749  decode.loss_mask: 1.6908  decode.loss_dice: 2.1971  decode.d0.loss_cls: 3.4982  decode.d0.loss_mask: 1.6841  decode.d0.loss_dice: 2.4708  decode.d1.loss_cls: 1.6925  decode.d1.loss_mask: 1.7153  decode.d1.loss_dice: 2.3035  decode.d2.loss_cls: 1.6007  decode.d2.loss_mask: 1.7088  decode.d2.loss_dice: 2.2782  decode.d3.loss_cls: 1.6414  decode.d3.loss_mask: 1.6674  decode.d3.loss_dice: 2.2392  decode.d4.loss_cls: 1.6938  decode.d4.loss_mask: 1.6854  decode.d4.loss_dice: 2.2122  decode.d5.loss_cls: 1.6996  decode.d5.loss_mask: 1.7031  decode.d5.loss_dice: 2.2289  decode.d6.loss_cls: 1.7284  decode.d6.loss_mask: 1.6860  decode.d6.loss_dice: 2.1915  decode.d7.loss_cls: 1.7034  decode.d7.loss_mask: 1.6613  decode.d7.loss_dice: 2.1893  decode.d8.loss_cls: 1.7397  decode.d8.loss_mask: 1.6757  decode.d8.loss_dice: 2.1828
2026/06/15 20:11:19 - mmengine - INFO - Iter(train) [ 1950/20000]  base_lr: 9.7813e-05 lr: 9.7813e-05  eta: 6:28:29  time: 1.2855  data_time: 0.0269  memory: 8609  grad_norm: 96.9996  loss: 60.1379  decode.loss_cls: 1.7977  decode.loss_mask: 1.7532  decode.loss_dice: 2.3110  decode.d0.loss_cls: 3.4585  decode.d0.loss_mask: 1.7350  decode.d0.loss_dice: 2.5523  decode.d1.loss_cls: 1.6753  decode.d1.loss_mask: 1.7796  decode.d1.loss_dice: 2.3917  decode.d2.loss_cls: 1.6667  decode.d2.loss_mask: 1.7789  decode.d2.loss_dice: 2.3577  decode.d3.loss_cls: 1.6296  decode.d3.loss_mask: 1.7657  decode.d3.loss_dice: 2.3310  decode.d4.loss_cls: 1.6579  decode.d4.loss_mask: 1.7708  decode.d4.loss_dice: 2.3329  decode.d5.loss_cls: 1.7126  decode.d5.loss_mask: 1.7717  decode.d5.loss_dice: 2.3283  decode.d6.loss_cls: 1.7667  decode.d6.loss_mask: 1.7649  decode.d6.loss_dice: 2.3102  decode.d7.loss_cls: 1.7826  decode.d7.loss_mask: 1.7649  decode.d7.loss_dice: 2.3092  decode.d8.loss_cls: 1.7833  decode.d8.loss_mask: 1.7819  decode.d8.loss_dice: 2.3157
2026/06/15 20:12:23 - mmengine - INFO - Exp name: dinov3l_m2f_pastis_temporal_v1_20260615_192803
2026/06/15 20:12:23 - mmengine - INFO - Iter(train) [ 2000/20000]  base_lr: 9.7569e-05 lr: 9.7569e-05  eta: 6:27:20  time: 1.2793  data_time: 0.0255  memory: 8609  grad_norm: 106.6427  loss: 59.1070  decode.loss_cls: 1.6511  decode.loss_mask: 1.7794  decode.loss_dice: 2.3330  decode.d0.loss_cls: 3.3490  decode.d0.loss_mask: 1.7490  decode.d0.loss_dice: 2.5554  decode.d1.loss_cls: 1.5789  decode.d1.loss_mask: 1.7515  decode.d1.loss_dice: 2.4345  decode.d2.loss_cls: 1.4786  decode.d2.loss_mask: 1.7972  decode.d2.loss_dice: 2.3944  decode.d3.loss_cls: 1.5208  decode.d3.loss_mask: 1.7714  decode.d3.loss_dice: 2.3844  decode.d4.loss_cls: 1.5853  decode.d4.loss_mask: 1.7469  decode.d4.loss_dice: 2.3512  decode.d5.loss_cls: 1.6122  decode.d5.loss_mask: 1.7470  decode.d5.loss_dice: 2.3470  decode.d6.loss_cls: 1.6125  decode.d6.loss_mask: 1.7689  decode.d6.loss_dice: 2.3486  decode.d7.loss_cls: 1.6045  decode.d7.loss_mask: 1.7756  decode.d7.loss_dice: 2.3376  decode.d8.loss_cls: 1.5988  decode.d8.loss_mask: 1.7929  decode.d8.loss_dice: 2.3493
2026/06/15 20:12:23 - mmengine - INFO - Saving checkpoint at 2000 iterations
2026/06/15 20:12:57 - mmengine - INFO - Iter(val) [ 50/121]    eta: 0:00:36  time: 0.5002  data_time: 0.0172  memory: 6109  
2026/06/15 20:13:22 - mmengine - INFO - Iter(val) [100/121]    eta: 0:00:10  time: 0.5018  data_time: 0.0179  memory: 6109  
2026/06/15 20:13:33 - mmengine - INFO - per class results:
2026/06/15 20:13:33 - mmengine - INFO - 
+---------+-------+-------+
|  Class  |  IoU  |  Acc  |
+---------+-------+-------+
|  crop_1 | 71.11 | 84.01 |
|  crop_2 | 55.62 | 63.74 |
|  crop_3 | 59.47 | 75.75 |
|  crop_4 |  63.7 | 78.14 |
|  crop_5 | 29.22 | 79.39 |
|  crop_6 | 52.39 |  85.7 |
|  crop_7 |  0.1  |  0.11 |
|  crop_8 | 18.11 | 38.99 |
|  crop_9 | 33.84 | 61.25 |
| crop_10 | 43.24 | 56.95 |
| crop_11 | 14.71 | 20.43 |
| crop_12 | 16.28 | 17.84 |
| crop_13 | 13.81 | 32.88 |
| crop_14 |  7.31 |  8.82 |
| crop_15 | 10.41 | 14.75 |
| crop_16 | 25.12 | 56.31 |
| crop_17 | 13.31 | 19.22 |
| crop_18 |  0.24 |  0.25 |
| crop_19 |  0.0  |  0.0  |
+---------+-------+-------+
2026/06/15 20:13:33 - mmengine - INFO - Iter(val) [121/121]    aAcc: 71.5900  mIoU: 27.7900  mAcc: 41.8200  data_time: 0.0205  time: 0.5045
2026/06/15 20:13:33 - mmengine - INFO - The previous best checkpoint /mnt/ht2-nas2/00-model/00-fb/mmseg_dino/work_dirs/dinov3l_m2f_pastis_temporal_v1/best_mIoU_iter_1000.pth is removed
2026/06/15 20:13:38 - mmengine - INFO - The best checkpoint with 27.7900 mIoU at 2000 iter is saved to best_mIoU_iter_2000.pth.
2026/06/15 20:14:55 - mmengine - INFO - Iter(train) [ 2050/20000]  base_lr: 9.7325e-05 lr: 9.7325e-05  eta: 6:28:49  time: 1.2787  data_time: 0.0278  memory: 8609  grad_norm: 98.9892  loss: 55.6549  decode.loss_cls: 1.5665  decode.loss_mask: 1.7098  decode.loss_dice: 2.1745  decode.d0.loss_cls: 3.1490  decode.d0.loss_mask: 1.7046  decode.d0.loss_dice: 2.3622  decode.d1.loss_cls: 1.4868  decode.d1.loss_mask: 1.7187  decode.d1.loss_dice: 2.2503  decode.d2.loss_cls: 1.4268  decode.d2.loss_mask: 1.7108  decode.d2.loss_dice: 2.2026  decode.d3.loss_cls: 1.4368  decode.d3.loss_mask: 1.7053  decode.d3.loss_dice: 2.1711  decode.d4.loss_cls: 1.4322  decode.d4.loss_mask: 1.7170  decode.d4.loss_dice: 2.1597  decode.d5.loss_cls: 1.5143  decode.d5.loss_mask: 1.7102  decode.d5.loss_dice: 2.1507  decode.d6.loss_cls: 1.5124  decode.d6.loss_mask: 1.6967  decode.d6.loss_dice: 2.1455  decode.d7.loss_cls: 1.5334  decode.d7.loss_mask: 1.7042  decode.d7.loss_dice: 2.1606  decode.d8.loss_cls: 1.5518  decode.d8.loss_mask: 1.7058  decode.d8.loss_dice: 2.1845
2026/06/15 20:15:59 - mmengine - INFO - Iter(train) [ 2100/20000]  base_lr: 9.7081e-05 lr: 9.7081e-05  eta: 6:27:34  time: 1.2749  data_time: 0.0277  memory: 8609  grad_norm: 106.2143  loss: 61.8823  decode.loss_cls: 1.8270  decode.loss_mask: 1.7719  decode.loss_dice: 2.3756  decode.d0.loss_cls: 3.2833  decode.d0.loss_mask: 1.7741  decode.d0.loss_dice: 2.6363  decode.d1.loss_cls: 1.9231  decode.d1.loss_mask: 1.7944  decode.d1.loss_dice: 2.4755  decode.d2.loss_cls: 1.8448  decode.d2.loss_mask: 1.7989  decode.d2.loss_dice: 2.4102  decode.d3.loss_cls: 1.8278  decode.d3.loss_mask: 1.7835  decode.d3.loss_dice: 2.3560  decode.d4.loss_cls: 1.8464  decode.d4.loss_mask: 1.8027  decode.d4.loss_dice: 2.3821  decode.d5.loss_cls: 1.9007  decode.d5.loss_mask: 1.7567  decode.d5.loss_dice: 2.3662  decode.d6.loss_cls: 1.8493  decode.d6.loss_mask: 1.7718  decode.d6.loss_dice: 2.3421  decode.d7.loss_cls: 1.8661  decode.d7.loss_mask: 1.7588  decode.d7.loss_dice: 2.3685  decode.d8.loss_cls: 1.8446  decode.d8.loss_mask: 1.7716  decode.d8.loss_dice: 2.3726
2026/06/15 20:17:03 - mmengine - INFO - Iter(train) [ 2150/20000]  base_lr: 9.6837e-05 lr: 9.6837e-05  eta: 6:26:22  time: 1.2823  data_time: 0.0297  memory: 8609  grad_norm: 118.2914  loss: 57.0470  decode.loss_cls: 1.6220  decode.loss_mask: 1.6710  decode.loss_dice: 2.2544  decode.d0.loss_cls: 3.0933  decode.d0.loss_mask: 1.6717  decode.d0.loss_dice: 2.5328  decode.d1.loss_cls: 1.5499  decode.d1.loss_mask: 1.7268  decode.d1.loss_dice: 2.3767  decode.d2.loss_cls: 1.5178  decode.d2.loss_mask: 1.7022  decode.d2.loss_dice: 2.3389  decode.d3.loss_cls: 1.5082  decode.d3.loss_mask: 1.6491  decode.d3.loss_dice: 2.2660  decode.d4.loss_cls: 1.5650  decode.d4.loss_mask: 1.6656  decode.d4.loss_dice: 2.2735  decode.d5.loss_cls: 1.5763  decode.d5.loss_mask: 1.6835  decode.d5.loss_dice: 2.2831  decode.d6.loss_cls: 1.5804  decode.d6.loss_mask: 1.6733  decode.d6.loss_dice: 2.2556  decode.d7.loss_cls: 1.5477  decode.d7.loss_mask: 1.6794  decode.d7.loss_dice: 2.2783  decode.d8.loss_cls: 1.5571  decode.d8.loss_mask: 1.6766  decode.d8.loss_dice: 2.2708
2026/06/15 20:18:07 - mmengine - INFO - Iter(train) [ 2200/20000]  base_lr: 9.6593e-05 lr: 9.6593e-05  eta: 6:25:12  time: 1.2926  data_time: 0.0306  memory: 8609  grad_norm: 115.5185  loss: 53.6618  decode.loss_cls: 1.3883  decode.loss_mask: 1.7165  decode.loss_dice: 2.0958  decode.d0.loss_cls: 2.8889  decode.d0.loss_mask: 1.7278  decode.d0.loss_dice: 2.3253  decode.d1.loss_cls: 1.3918  decode.d1.loss_mask: 1.7165  decode.d1.loss_dice: 2.1889  decode.d2.loss_cls: 1.3393  decode.d2.loss_mask: 1.7181  decode.d2.loss_dice: 2.1197  decode.d3.loss_cls: 1.3346  decode.d3.loss_mask: 1.7130  decode.d3.loss_dice: 2.0969  decode.d4.loss_cls: 1.3405  decode.d4.loss_mask: 1.6954  decode.d4.loss_dice: 2.1141  decode.d5.loss_cls: 1.4000  decode.d5.loss_mask: 1.6939  decode.d5.loss_dice: 2.0994  decode.d6.loss_cls: 1.4057  decode.d6.loss_mask: 1.7144  decode.d6.loss_dice: 2.0606  decode.d7.loss_cls: 1.3977  decode.d7.loss_mask: 1.7010  decode.d7.loss_dice: 2.0798  decode.d8.loss_cls: 1.3921  decode.d8.loss_mask: 1.7076  decode.d8.loss_dice: 2.0984
2026/06/15 20:19:12 - mmengine - INFO - Iter(train) [ 2250/20000]  base_lr: 9.6349e-05 lr: 9.6349e-05  eta: 6:24:06  time: 1.2859  data_time: 0.0277  memory: 8609  grad_norm: 101.5772  loss: 55.8911  decode.loss_cls: 1.6138  decode.loss_mask: 1.6891  decode.loss_dice: 2.0899  decode.d0.loss_cls: 3.0713  decode.d0.loss_mask: 1.6940  decode.d0.loss_dice: 2.3214  decode.d1.loss_cls: 1.7203  decode.d1.loss_mask: 1.7340  decode.d1.loss_dice: 2.1896  decode.d2.loss_cls: 1.5931  decode.d2.loss_mask: 1.7245  decode.d2.loss_dice: 2.1345  decode.d3.loss_cls: 1.5841  decode.d3.loss_mask: 1.6923  decode.d3.loss_dice: 2.0938  decode.d4.loss_cls: 1.5687  decode.d4.loss_mask: 1.6966  decode.d4.loss_dice: 2.1320  decode.d5.loss_cls: 1.6092  decode.d5.loss_mask: 1.6878  decode.d5.loss_dice: 2.1268  decode.d6.loss_cls: 1.5826  decode.d6.loss_mask: 1.7102  decode.d6.loss_dice: 2.0902  decode.d7.loss_cls: 1.5648  decode.d7.loss_mask: 1.7069  decode.d7.loss_dice: 2.0943  decode.d8.loss_cls: 1.5909  decode.d8.loss_mask: 1.6880  decode.d8.loss_dice: 2.0965
2026/06/15 20:20:16 - mmengine - INFO - Iter(train) [ 2300/20000]  base_lr: 9.6104e-05 lr: 9.6104e-05  eta: 6:22:56  time: 1.2822  data_time: 0.0284  memory: 8609  grad_norm: 110.0264  loss: 53.6243  decode.loss_cls: 1.4035  decode.loss_mask: 1.6795  decode.loss_dice: 2.0720  decode.d0.loss_cls: 2.8869  decode.d0.loss_mask: 1.6624  decode.d0.loss_dice: 2.2888  decode.d1.loss_cls: 1.4987  decode.d1.loss_mask: 1.6943  decode.d1.loss_dice: 2.1774  decode.d2.loss_cls: 1.3811  decode.d2.loss_mask: 1.7007  decode.d2.loss_dice: 2.1020  decode.d3.loss_cls: 1.3888  decode.d3.loss_mask: 1.6888  decode.d3.loss_dice: 2.0856  decode.d4.loss_cls: 1.3895  decode.d4.loss_mask: 1.7149  decode.d4.loss_dice: 2.0931  decode.d5.loss_cls: 1.4460  decode.d5.loss_mask: 1.6913  decode.d5.loss_dice: 2.0808  decode.d6.loss_cls: 1.3988  decode.d6.loss_mask: 1.6847  decode.d6.loss_dice: 2.0833  decode.d7.loss_cls: 1.3640  decode.d7.loss_mask: 1.6973  decode.d7.loss_dice: 2.0874  decode.d8.loss_cls: 1.3994  decode.d8.loss_mask: 1.7009  decode.d8.loss_dice: 2.0825
2026/06/15 20:21:20 - mmengine - INFO - Iter(train) [ 2350/20000]  base_lr: 9.5860e-05 lr: 9.5860e-05  eta: 6:21:44  time: 1.2859  data_time: 0.0295  memory: 8609  grad_norm: 88.0953  loss: 53.3672  decode.loss_cls: 1.3618  decode.loss_mask: 1.5673  decode.loss_dice: 2.2206  decode.d0.loss_cls: 2.7839  decode.d0.loss_mask: 1.5348  decode.d0.loss_dice: 2.3953  decode.d1.loss_cls: 1.6066  decode.d1.loss_mask: 1.5297  decode.d1.loss_dice: 2.2565  decode.d2.loss_cls: 1.4335  decode.d2.loss_mask: 1.5224  decode.d2.loss_dice: 2.2362  decode.d3.loss_cls: 1.3888  decode.d3.loss_mask: 1.5283  decode.d3.loss_dice: 2.2036  decode.d4.loss_cls: 1.4220  decode.d4.loss_mask: 1.5124  decode.d4.loss_dice: 2.2148  decode.d5.loss_cls: 1.4482  decode.d5.loss_mask: 1.5308  decode.d5.loss_dice: 2.2058  decode.d6.loss_cls: 1.4026  decode.d6.loss_mask: 1.5219  decode.d6.loss_dice: 2.1855  decode.d7.loss_cls: 1.4320  decode.d7.loss_mask: 1.5316  decode.d7.loss_dice: 2.2100  decode.d8.loss_cls: 1.3961  decode.d8.loss_mask: 1.5615  decode.d8.loss_dice: 2.2227
2026/06/15 20:22:24 - mmengine - INFO - Iter(train) [ 2400/20000]  base_lr: 9.5615e-05 lr: 9.5615e-05  eta: 6:20:32  time: 1.2713  data_time: 0.0269  memory: 8609  grad_norm: 111.5166  loss: 55.1218  decode.loss_cls: 1.4354  decode.loss_mask: 1.6743  decode.loss_dice: 2.2475  decode.d0.loss_cls: 2.7282  decode.d0.loss_mask: 1.6795  decode.d0.loss_dice: 2.4523  decode.d1.loss_cls: 1.5513  decode.d1.loss_mask: 1.6609  decode.d1.loss_dice: 2.3176  decode.d2.loss_cls: 1.4654  decode.d2.loss_mask: 1.6457  decode.d2.loss_dice: 2.2504  decode.d3.loss_cls: 1.4268  decode.d3.loss_mask: 1.6258  decode.d3.loss_dice: 2.2091  decode.d4.loss_cls: 1.4522  decode.d4.loss_mask: 1.6442  decode.d4.loss_dice: 2.2306  decode.d5.loss_cls: 1.4155  decode.d5.loss_mask: 1.6458  decode.d5.loss_dice: 2.2347  decode.d6.loss_cls: 1.4618  decode.d6.loss_mask: 1.6713  decode.d6.loss_dice: 2.2344  decode.d7.loss_cls: 1.4320  decode.d7.loss_mask: 1.6981  decode.d7.loss_dice: 2.2571  decode.d8.loss_cls: 1.4547  decode.d8.loss_mask: 1.6879  decode.d8.loss_dice: 2.2313
2026/06/15 20:23:29 - mmengine - INFO - Iter(train) [ 2450/20000]  base_lr: 9.5371e-05 lr: 9.5371e-05  eta: 6:19:26  time: 1.3010  data_time: 0.0276  memory: 8609  grad_norm: 106.8420  loss: 53.8477  decode.loss_cls: 1.4010  decode.loss_mask: 1.6448  decode.loss_dice: 2.2046  decode.d0.loss_cls: 2.6375  decode.d0.loss_mask: 1.6454  decode.d0.loss_dice: 2.4195  decode.d1.loss_cls: 1.4583  decode.d1.loss_mask: 1.6377  decode.d1.loss_dice: 2.2636  decode.d2.loss_cls: 1.4111  decode.d2.loss_mask: 1.6524  decode.d2.loss_dice: 2.2077  decode.d3.loss_cls: 1.3397  decode.d3.loss_mask: 1.6453  decode.d3.loss_dice: 2.1877  decode.d4.loss_cls: 1.3841  decode.d4.loss_mask: 1.6410  decode.d4.loss_dice: 2.2224  decode.d5.loss_cls: 1.3504  decode.d5.loss_mask: 1.6185  decode.d5.loss_dice: 2.2011  decode.d6.loss_cls: 1.4143  decode.d6.loss_mask: 1.6282  decode.d6.loss_dice: 2.1706  decode.d7.loss_cls: 1.3594  decode.d7.loss_mask: 1.6329  decode.d7.loss_dice: 2.2020  decode.d8.loss_cls: 1.3958  decode.d8.loss_mask: 1.6620  decode.d8.loss_dice: 2.2085
2026/06/15 20:24:33 - mmengine - INFO - Iter(train) [ 2500/20000]  base_lr: 9.5126e-05 lr: 9.5126e-05  eta: 6:18:16  time: 1.2822  data_time: 0.0287  memory: 8609  grad_norm: 102.4101  loss: 52.9767  decode.loss_cls: 1.3220  decode.loss_mask: 1.7016  decode.loss_dice: 2.1248  decode.d0.loss_cls: 2.5481  decode.d0.loss_mask: 1.6903  decode.d0.loss_dice: 2.3509  decode.d1.loss_cls: 1.4468  decode.d1.loss_mask: 1.6538  decode.d1.loss_dice: 2.1946  decode.d2.loss_cls: 1.3228  decode.d2.loss_mask: 1.6699  decode.d2.loss_dice: 2.1683  decode.d3.loss_cls: 1.2700  decode.d3.loss_mask: 1.6707  decode.d3.loss_dice: 2.1412  decode.d4.loss_cls: 1.2773  decode.d4.loss_mask: 1.6723  decode.d4.loss_dice: 2.1299  decode.d5.loss_cls: 1.2910  decode.d5.loss_mask: 1.7136  decode.d5.loss_dice: 2.1499  decode.d6.loss_cls: 1.3120  decode.d6.loss_mask: 1.6866  decode.d6.loss_dice: 2.1243  decode.d7.loss_cls: 1.3082  decode.d7.loss_mask: 1.6927  decode.d7.loss_dice: 2.1669  decode.d8.loss_cls: 1.3388  decode.d8.loss_mask: 1.6993  decode.d8.loss_dice: 2.1379
2026/06/15 20:25:37 - mmengine - INFO - Iter(train) [ 2550/20000]  base_lr: 9.4882e-05 lr: 9.4882e-05  eta: 6:17:05  time: 1.2795  data_time: 0.0286  memory: 8609  grad_norm: 104.7512  loss: 54.5729  decode.loss_cls: 1.4323  decode.loss_mask: 1.6601  decode.loss_dice: 2.2275  decode.d0.loss_cls: 2.5835  decode.d0.loss_mask: 1.6232  decode.d0.loss_dice: 2.4884  decode.d1.loss_cls: 1.5917  decode.d1.loss_mask: 1.6094  decode.d1.loss_dice: 2.2921  decode.d2.loss_cls: 1.4703  decode.d2.loss_mask: 1.6210  decode.d2.loss_dice: 2.2754  decode.d3.loss_cls: 1.4051  decode.d3.loss_mask: 1.6120  decode.d3.loss_dice: 2.2222  decode.d4.loss_cls: 1.4278  decode.d4.loss_mask: 1.6290  decode.d4.loss_dice: 2.2237  decode.d5.loss_cls: 1.4640  decode.d5.loss_mask: 1.6233  decode.d5.loss_dice: 2.2014  decode.d6.loss_cls: 1.4209  decode.d6.loss_mask: 1.6357  decode.d6.loss_dice: 2.2262  decode.d7.loss_cls: 1.4107  decode.d7.loss_mask: 1.6221  decode.d7.loss_dice: 2.2288  decode.d8.loss_cls: 1.4808  decode.d8.loss_mask: 1.6309  decode.d8.loss_dice: 2.2337
2026/06/15 20:26:40 - mmengine - INFO - Iter(train) [ 2600/20000]  base_lr: 9.4637e-05 lr: 9.4637e-05  eta: 6:15:52  time: 1.2818  data_time: 0.0341  memory: 8609  grad_norm: 96.7757  loss: 50.8046  decode.loss_cls: 1.2226  decode.loss_mask: 1.6714  decode.loss_dice: 2.0754  decode.d0.loss_cls: 2.3963  decode.d0.loss_mask: 1.6651  decode.d0.loss_dice: 2.2184  decode.d1.loss_cls: 1.2428  decode.d1.loss_mask: 1.6983  decode.d1.loss_dice: 2.1227  decode.d2.loss_cls: 1.1766  decode.d2.loss_mask: 1.6807  decode.d2.loss_dice: 2.0832  decode.d3.loss_cls: 1.1716  decode.d3.loss_mask: 1.6510  decode.d3.loss_dice: 2.0465  decode.d4.loss_cls: 1.2018  decode.d4.loss_mask: 1.6685  decode.d4.loss_dice: 2.0468  decode.d5.loss_cls: 1.2062  decode.d5.loss_mask: 1.6860  decode.d5.loss_dice: 2.0430  decode.d6.loss_cls: 1.1816  decode.d6.loss_mask: 1.6812  decode.d6.loss_dice: 2.0651  decode.d7.loss_cls: 1.2080  decode.d7.loss_mask: 1.6768  decode.d7.loss_dice: 2.0539  decode.d8.loss_cls: 1.2306  decode.d8.loss_mask: 1.6720  decode.d8.loss_dice: 2.0604
2026/06/15 20:27:44 - mmengine - INFO - Iter(train) [ 2650/20000]  base_lr: 9.4392e-05 lr: 9.4392e-05  eta: 6:14:41  time: 1.2737  data_time: 0.0279  memory: 8609  grad_norm: 94.7024  loss: 51.1880  decode.loss_cls: 1.2627  decode.loss_mask: 1.6562  decode.loss_dice: 2.0461  decode.d0.loss_cls: 2.3753  decode.d0.loss_mask: 1.6589  decode.d0.loss_dice: 2.2999  decode.d1.loss_cls: 1.3108  decode.d1.loss_mask: 1.6711  decode.d1.loss_dice: 2.1437  decode.d2.loss_cls: 1.2296  decode.d2.loss_mask: 1.6974  decode.d2.loss_dice: 2.1129  decode.d3.loss_cls: 1.1867  decode.d3.loss_mask: 1.7037  decode.d3.loss_dice: 2.0558  decode.d4.loss_cls: 1.2015  decode.d4.loss_mask: 1.6926  decode.d4.loss_dice: 2.0707  decode.d5.loss_cls: 1.2057  decode.d5.loss_mask: 1.7004  decode.d5.loss_dice: 2.0613  decode.d6.loss_cls: 1.2556  decode.d6.loss_mask: 1.6315  decode.d6.loss_dice: 2.0403  decode.d7.loss_cls: 1.2399  decode.d7.loss_mask: 1.6627  decode.d7.loss_dice: 2.0810  decode.d8.loss_cls: 1.2256  decode.d8.loss_mask: 1.6608  decode.d8.loss_dice: 2.0478
2026/06/15 20:28:48 - mmengine - INFO - Iter(train) [ 2700/20000]  base_lr: 9.4147e-05 lr: 9.4147e-05  eta: 6:13:30  time: 1.2724  data_time: 0.0247  memory: 8609  grad_norm: 92.5765  loss: 51.8173  decode.loss_cls: 1.4395  decode.loss_mask: 1.6293  decode.loss_dice: 2.0496  decode.d0.loss_cls: 2.4212  decode.d0.loss_mask: 1.6505  decode.d0.loss_dice: 2.3145  decode.d1.loss_cls: 1.4443  decode.d1.loss_mask: 1.6195  decode.d1.loss_dice: 2.1366  decode.d2.loss_cls: 1.3455  decode.d2.loss_mask: 1.6242  decode.d2.loss_dice: 2.0592  decode.d3.loss_cls: 1.3744  decode.d3.loss_mask: 1.5917  decode.d3.loss_dice: 1.9914  decode.d4.loss_cls: 1.3732  decode.d4.loss_mask: 1.5970  decode.d4.loss_dice: 2.0185  decode.d5.loss_cls: 1.3645  decode.d5.loss_mask: 1.5963  decode.d5.loss_dice: 2.0495  decode.d6.loss_cls: 1.3985  decode.d6.loss_mask: 1.5973  decode.d6.loss_dice: 1.9992  decode.d7.loss_cls: 1.4337  decode.d7.loss_mask: 1.5851  decode.d7.loss_dice: 2.0250  decode.d8.loss_cls: 1.4472  decode.d8.loss_mask: 1.5997  decode.d8.loss_dice: 2.0411
2026/06/15 20:29:52 - mmengine - INFO - Iter(train) [ 2750/20000]  base_lr: 9.3902e-05 lr: 9.3902e-05  eta: 6:12:18  time: 1.2755  data_time: 0.0275  memory: 8609  grad_norm: 85.2899  loss: 50.8480  decode.loss_cls: 1.2032  decode.loss_mask: 1.6841  decode.loss_dice: 2.0551  decode.d0.loss_cls: 2.2873  decode.d0.loss_mask: 1.6927  decode.d0.loss_dice: 2.2208  decode.d1.loss_cls: 1.3246  decode.d1.loss_mask: 1.6918  decode.d1.loss_dice: 2.1278  decode.d2.loss_cls: 1.2410  decode.d2.loss_mask: 1.6572  decode.d2.loss_dice: 2.0809  decode.d3.loss_cls: 1.2085  decode.d3.loss_mask: 1.6639  decode.d3.loss_dice: 2.0498  decode.d4.loss_cls: 1.2139  decode.d4.loss_mask: 1.6792  decode.d4.loss_dice: 2.0400  decode.d5.loss_cls: 1.1827  decode.d5.loss_mask: 1.6835  decode.d5.loss_dice: 2.0488  decode.d6.loss_cls: 1.1933  decode.d6.loss_mask: 1.6881  decode.d6.loss_dice: 2.0172  decode.d7.loss_cls: 1.2012  decode.d7.loss_mask: 1.7014  decode.d7.loss_dice: 2.0232  decode.d8.loss_cls: 1.2564  decode.d8.loss_mask: 1.6908  decode.d8.loss_dice: 2.0397
2026/06/15 20:30:56 - mmengine - INFO - Iter(train) [ 2800/20000]  base_lr: 9.3657e-05 lr: 9.3657e-05  eta: 6:11:09  time: 1.2798  data_time: 0.0273  memory: 8609  grad_norm: 96.8292  loss: 52.0129  decode.loss_cls: 1.2539  decode.loss_mask: 1.7039  decode.loss_dice: 2.0821  decode.d0.loss_cls: 2.3106  decode.d0.loss_mask: 1.6997  decode.d0.loss_dice: 2.3288  decode.d1.loss_cls: 1.3614  decode.d1.loss_mask: 1.6891  decode.d1.loss_dice: 2.1820  decode.d2.loss_cls: 1.2507  decode.d2.loss_mask: 1.7210  decode.d2.loss_dice: 2.1434  decode.d3.loss_cls: 1.2899  decode.d3.loss_mask: 1.6988  decode.d3.loss_dice: 2.0679  decode.d4.loss_cls: 1.2352  decode.d4.loss_mask: 1.7094  decode.d4.loss_dice: 2.1243  decode.d5.loss_cls: 1.2360  decode.d5.loss_mask: 1.6942  decode.d5.loss_dice: 2.1143  decode.d6.loss_cls: 1.2357  decode.d6.loss_mask: 1.6768  decode.d6.loss_dice: 2.0734  decode.d7.loss_cls: 1.2849  decode.d7.loss_mask: 1.6779  decode.d7.loss_dice: 2.0880  decode.d8.loss_cls: 1.3308  decode.d8.loss_mask: 1.6823  decode.d8.loss_dice: 2.0664
2026/06/15 20:32:00 - mmengine - INFO - Iter(train) [ 2850/20000]  base_lr: 9.3412e-05 lr: 9.3412e-05  eta: 6:10:03  time: 1.2945  data_time: 0.0329  memory: 8609  grad_norm: 93.3297  loss: 49.5917  decode.loss_cls: 1.0910  decode.loss_mask: 1.7030  decode.loss_dice: 2.0492  decode.d0.loss_cls: 2.0910  decode.d0.loss_mask: 1.7234  decode.d0.loss_dice: 2.2105  decode.d1.loss_cls: 1.1469  decode.d1.loss_mask: 1.7161  decode.d1.loss_dice: 2.1273  decode.d2.loss_cls: 1.0778  decode.d2.loss_mask: 1.7082  decode.d2.loss_dice: 2.0636  decode.d3.loss_cls: 1.0642  decode.d3.loss_mask: 1.7096  decode.d3.loss_dice: 2.0341  decode.d4.loss_cls: 1.0764  decode.d4.loss_mask: 1.7015  decode.d4.loss_dice: 2.0585  decode.d5.loss_cls: 1.0873  decode.d5.loss_mask: 1.7089  decode.d5.loss_dice: 2.0556  decode.d6.loss_cls: 1.0453  decode.d6.loss_mask: 1.7129  decode.d6.loss_dice: 2.0249  decode.d7.loss_cls: 1.0404  decode.d7.loss_mask: 1.7062  decode.d7.loss_dice: 2.0334  decode.d8.loss_cls: 1.0924  decode.d8.loss_mask: 1.6925  decode.d8.loss_dice: 2.0393
2026/06/15 20:33:04 - mmengine - INFO - Iter(train) [ 2900/20000]  base_lr: 9.3167e-05 lr: 9.3167e-05  eta: 6:08:55  time: 1.2834  data_time: 0.0292  memory: 8609  grad_norm: 82.4604  loss: 54.0440  decode.loss_cls: 1.5033  decode.loss_mask: 1.5851  decode.loss_dice: 2.1862  decode.d0.loss_cls: 2.3879  decode.d0.loss_mask: 1.6053  decode.d0.loss_dice: 2.4636  decode.d1.loss_cls: 1.5091  decode.d1.loss_mask: 1.6123  decode.d1.loss_dice: 2.3167  decode.d2.loss_cls: 1.4250  decode.d2.loss_mask: 1.5891  decode.d2.loss_dice: 2.2691  decode.d3.loss_cls: 1.4948  decode.d3.loss_mask: 1.5863  decode.d3.loss_dice: 2.1799  decode.d4.loss_cls: 1.4657  decode.d4.loss_mask: 1.5835  decode.d4.loss_dice: 2.2231  decode.d5.loss_cls: 1.5004  decode.d5.loss_mask: 1.5759  decode.d5.loss_dice: 2.2042  decode.d6.loss_cls: 1.4712  decode.d6.loss_mask: 1.5741  decode.d6.loss_dice: 2.1874  decode.d7.loss_cls: 1.4743  decode.d7.loss_mask: 1.5963  decode.d7.loss_dice: 2.2064  decode.d8.loss_cls: 1.4918  decode.d8.loss_mask: 1.5820  decode.d8.loss_dice: 2.1941
2026/06/15 20:34:08 - mmengine - INFO - Iter(train) [ 2950/20000]  base_lr: 9.2922e-05 lr: 9.2922e-05  eta: 6:07:46  time: 1.2823  data_time: 0.0273  memory: 8609  grad_norm: 97.4487  loss: 50.0620  decode.loss_cls: 1.3024  decode.loss_mask: 1.5765  decode.loss_dice: 1.9930  decode.d0.loss_cls: 2.1839  decode.d0.loss_mask: 1.5417  decode.d0.loss_dice: 2.1983  decode.d1.loss_cls: 1.4152  decode.d1.loss_mask: 1.5584  decode.d1.loss_dice: 2.1066  decode.d2.loss_cls: 1.2963  decode.d2.loss_mask: 1.5624  decode.d2.loss_dice: 2.0658  decode.d3.loss_cls: 1.3492  decode.d3.loss_mask: 1.5452  decode.d3.loss_dice: 1.9813  decode.d4.loss_cls: 1.3486  decode.d4.loss_mask: 1.5534  decode.d4.loss_dice: 1.9997  decode.d5.loss_cls: 1.3428  decode.d5.loss_mask: 1.5322  decode.d5.loss_dice: 1.9843  decode.d6.loss_cls: 1.3676  decode.d6.loss_mask: 1.5455  decode.d6.loss_dice: 1.9687  decode.d7.loss_cls: 1.3794  decode.d7.loss_mask: 1.5323  decode.d7.loss_dice: 1.9735  decode.d8.loss_cls: 1.3192  decode.d8.loss_mask: 1.5640  decode.d8.loss_dice: 1.9745
2026/06/15 20:35:13 - mmengine - INFO - Exp name: dinov3l_m2f_pastis_temporal_v1_20260615_192803
2026/06/15 20:35:13 - mmengine - INFO - Iter(train) [ 3000/20000]  base_lr: 9.2677e-05 lr: 9.2677e-05  eta: 6:06:40  time: 1.2876  data_time: 0.0295  memory: 8609  grad_norm: 95.4890  loss: 50.1363  decode.loss_cls: 1.3329  decode.loss_mask: 1.6095  decode.loss_dice: 1.9699  decode.d0.loss_cls: 2.1066  decode.d0.loss_mask: 1.6426  decode.d0.loss_dice: 2.2393  decode.d1.loss_cls: 1.3951  decode.d1.loss_mask: 1.6147  decode.d1.loss_dice: 2.0483  decode.d2.loss_cls: 1.2473  decode.d2.loss_mask: 1.6299  decode.d2.loss_dice: 2.0363  decode.d3.loss_cls: 1.2485  decode.d3.loss_mask: 1.6343  decode.d3.loss_dice: 1.9982  decode.d4.loss_cls: 1.2610  decode.d4.loss_mask: 1.6145  decode.d4.loss_dice: 1.9931  decode.d5.loss_cls: 1.2879  decode.d5.loss_mask: 1.6033  decode.d5.loss_dice: 1.9935  decode.d6.loss_cls: 1.2923  decode.d6.loss_mask: 1.6114  decode.d6.loss_dice: 1.9702  decode.d7.loss_cls: 1.3085  decode.d7.loss_mask: 1.5999  decode.d7.loss_dice: 1.9680  decode.d8.loss_cls: 1.2960  decode.d8.loss_mask: 1.6090  decode.d8.loss_dice: 1.9744
2026/06/15 20:35:38 - mmengine - INFO - Iter(val) [ 50/121]    eta: 0:00:36  time: 0.5054  data_time: 0.0197  memory: 6109  
2026/06/15 20:36:04 - mmengine - INFO - Iter(val) [100/121]    eta: 0:00:10  time: 0.5044  data_time: 0.0187  memory: 6109  
2026/06/15 20:36:14 - mmengine - INFO - per class results:
2026/06/15 20:36:14 - mmengine - INFO - 
+---------+-------+-------+
|  Class  |  IoU  |  Acc  |
+---------+-------+-------+
|  crop_1 | 71.75 | 81.37 |
|  crop_2 | 61.14 | 75.37 |
|  crop_3 | 61.54 | 66.72 |
|  crop_4 | 72.58 |  84.9 |
|  crop_5 | 46.76 | 68.73 |
|  crop_6 | 73.63 | 90.31 |
|  crop_7 |  8.14 | 10.37 |
|  crop_8 | 29.83 |  46.6 |
|  crop_9 | 36.57 | 65.89 |
| crop_10 | 66.61 | 86.71 |
| crop_11 | 15.07 | 50.37 |
| crop_12 | 40.09 | 73.43 |
| crop_13 | 19.06 | 40.56 |
| crop_14 |  0.64 |  0.67 |
| crop_15 | 21.43 | 47.78 |
| crop_16 | 25.96 | 32.55 |
| crop_17 | 22.87 | 35.31 |
| crop_18 | 10.45 | 15.84 |
| crop_19 |  10.2 | 19.51 |
+---------+-------+-------+
2026/06/15 20:36:14 - mmengine - INFO - Iter(val) [121/121]    aAcc: 74.7300  mIoU: 36.5400  mAcc: 52.2600  data_time: 0.0221  time: 0.5045
2026/06/15 20:36:14 - mmengine - INFO - The previous best checkpoint /mnt/ht2-nas2/00-model/00-fb/mmseg_dino/work_dirs/dinov3l_m2f_pastis_temporal_v1/best_mIoU_iter_2000.pth is removed
2026/06/15 20:36:20 - mmengine - INFO - The best checkpoint with 36.5400 mIoU at 3000 iter is saved to best_mIoU_iter_3000.pth.
2026/06/15 20:37:31 - mmengine - INFO - Iter(train) [ 3050/20000]  base_lr: 9.2431e-05 lr: 9.2431e-05  eta: 6:06:44  time: 1.2750  data_time: 0.0263  memory: 8609  grad_norm: 83.7348  loss: 50.6367  decode.loss_cls: 1.2715  decode.loss_mask: 1.5529  decode.loss_dice: 2.0624  decode.d0.loss_cls: 2.1520  decode.d0.loss_mask: 1.5662  decode.d0.loss_dice: 2.3072  decode.d1.loss_cls: 1.3780  decode.d1.loss_mask: 1.5754  decode.d1.loss_dice: 2.1822  decode.d2.loss_cls: 1.3103  decode.d2.loss_mask: 1.5598  decode.d2.loss_dice: 2.1289  decode.d3.loss_cls: 1.3338  decode.d3.loss_mask: 1.5430  decode.d3.loss_dice: 2.0492  decode.d4.loss_cls: 1.3121  decode.d4.loss_mask: 1.5458  decode.d4.loss_dice: 2.0973  decode.d5.loss_cls: 1.3664  decode.d5.loss_mask: 1.5535  decode.d5.loss_dice: 2.0596  decode.d6.loss_cls: 1.2849  decode.d6.loss_mask: 1.5632  decode.d6.loss_dice: 2.0592  decode.d7.loss_cls: 1.2653  decode.d7.loss_mask: 1.5659  decode.d7.loss_dice: 2.0728  decode.d8.loss_cls: 1.3044  decode.d8.loss_mask: 1.5555  decode.d8.loss_dice: 2.0582
2026/06/15 20:38:35 - mmengine - INFO - Iter(train) [ 3100/20000]  base_lr: 9.2186e-05 lr: 9.2186e-05  eta: 6:05:34  time: 1.2776  data_time: 0.0288  memory: 8609  grad_norm: 99.7546  loss: 51.6980  decode.loss_cls: 1.3188  decode.loss_mask: 1.6023  decode.loss_dice: 2.1545  decode.d0.loss_cls: 2.0513  decode.d0.loss_mask: 1.6029  decode.d0.loss_dice: 2.3533  decode.d1.loss_cls: 1.3808  decode.d1.loss_mask: 1.6087  decode.d1.loss_dice: 2.2450  decode.d2.loss_cls: 1.3297  decode.d2.loss_mask: 1.5506  decode.d2.loss_dice: 2.1721  decode.d3.loss_cls: 1.3431  decode.d3.loss_mask: 1.5402  decode.d3.loss_dice: 2.1101  decode.d4.loss_cls: 1.3625  decode.d4.loss_mask: 1.5557  decode.d4.loss_dice: 2.1372  decode.d5.loss_cls: 1.3229  decode.d5.loss_mask: 1.5839  decode.d5.loss_dice: 2.1547  decode.d6.loss_cls: 1.3782  decode.d6.loss_mask: 1.5705  decode.d6.loss_dice: 2.1406  decode.d7.loss_cls: 1.3612  decode.d7.loss_mask: 1.5839  decode.d7.loss_dice: 2.1384  decode.d8.loss_cls: 1.2683  decode.d8.loss_mask: 1.6219  decode.d8.loss_dice: 2.1546
2026/06/15 20:39:39 - mmengine - INFO - Iter(train) [ 3150/20000]  base_lr: 9.1940e-05 lr: 9.1940e-05  eta: 6:04:24  time: 1.2789  data_time: 0.0286  memory: 8609  grad_norm: 110.6161  loss: 49.1121  decode.loss_cls: 1.2695  decode.loss_mask: 1.5615  decode.loss_dice: 1.9602  decode.d0.loss_cls: 2.0049  decode.d0.loss_mask: 1.5642  decode.d0.loss_dice: 2.2213  decode.d1.loss_cls: 1.3388  decode.d1.loss_mask: 1.5978  decode.d1.loss_dice: 2.0869  decode.d2.loss_cls: 1.2624  decode.d2.loss_mask: 1.5777  decode.d2.loss_dice: 2.0088  decode.d3.loss_cls: 1.2476  decode.d3.loss_mask: 1.5464  decode.d3.loss_dice: 1.9632  decode.d4.loss_cls: 1.2634  decode.d4.loss_mask: 1.5484  decode.d4.loss_dice: 1.9363  decode.d5.loss_cls: 1.2469  decode.d5.loss_mask: 1.5762  decode.d5.loss_dice: 1.9722  decode.d6.loss_cls: 1.2576  decode.d6.loss_mask: 1.5735  decode.d6.loss_dice: 1.9638  decode.d7.loss_cls: 1.2693  decode.d7.loss_mask: 1.5693  decode.d7.loss_dice: 1.9521  decode.d8.loss_cls: 1.2623  decode.d8.loss_mask: 1.5621  decode.d8.loss_dice: 1.9477
2026/06/15 20:40:43 - mmengine - INFO - Iter(train) [ 3200/20000]  base_lr: 9.1695e-05 lr: 9.1695e-05  eta: 6:03:15  time: 1.2820  data_time: 0.0280  memory: 8609  grad_norm: 90.4046  loss: 53.4012  decode.loss_cls: 1.5046  decode.loss_mask: 1.5791  decode.loss_dice: 2.1329  decode.d0.loss_cls: 2.2290  decode.d0.loss_mask: 1.5972  decode.d0.loss_dice: 2.3896  decode.d1.loss_cls: 1.5972  decode.d1.loss_mask: 1.5997  decode.d1.loss_dice: 2.2448  decode.d2.loss_cls: 1.4998  decode.d2.loss_mask: 1.5905  decode.d2.loss_dice: 2.1637  decode.d3.loss_cls: 1.4919  decode.d3.loss_mask: 1.5989  decode.d3.loss_dice: 2.1334  decode.d4.loss_cls: 1.5297  decode.d4.loss_mask: 1.5938  decode.d4.loss_dice: 2.1434  decode.d5.loss_cls: 1.4946  decode.d5.loss_mask: 1.5734  decode.d5.loss_dice: 2.1099  decode.d6.loss_cls: 1.4818  decode.d6.loss_mask: 1.5665  decode.d6.loss_dice: 2.1180  decode.d7.loss_cls: 1.4750  decode.d7.loss_mask: 1.5963  decode.d7.loss_dice: 2.1317  decode.d8.loss_cls: 1.4945  decode.d8.loss_mask: 1.5922  decode.d8.loss_dice: 2.1477
2026/06/15 20:41:47 - mmengine - INFO - Iter(train) [ 3250/20000]  base_lr: 9.1449e-05 lr: 9.1449e-05  eta: 6:02:06  time: 1.2797  data_time: 0.0277  memory: 8609  grad_norm: 97.5602  loss: 49.5246  decode.loss_cls: 1.3273  decode.loss_mask: 1.5817  decode.loss_dice: 1.9455  decode.d0.loss_cls: 1.8978  decode.d0.loss_mask: 1.5929  decode.d0.loss_dice: 2.2166  decode.d1.loss_cls: 1.4001  decode.d1.loss_mask: 1.6079  decode.d1.loss_dice: 2.0935  decode.d2.loss_cls: 1.3404  decode.d2.loss_mask: 1.5987  decode.d2.loss_dice: 2.0498  decode.d3.loss_cls: 1.2387  decode.d3.loss_mask: 1.5920  decode.d3.loss_dice: 1.9832  decode.d4.loss_cls: 1.2077  decode.d4.loss_mask: 1.5919  decode.d4.loss_dice: 1.9973  decode.d5.loss_cls: 1.2465  decode.d5.loss_mask: 1.5907  decode.d5.loss_dice: 1.9898  decode.d6.loss_cls: 1.2302  decode.d6.loss_mask: 1.5978  decode.d6.loss_dice: 1.9581  decode.d7.loss_cls: 1.2564  decode.d7.loss_mask: 1.5889  decode.d7.loss_dice: 1.9756  decode.d8.loss_cls: 1.2740  decode.d8.loss_mask: 1.5914  decode.d8.loss_dice: 1.9622
2026/06/15 20:42:51 - mmengine - INFO - Iter(train) [ 3300/20000]  base_lr: 9.1203e-05 lr: 9.1203e-05  eta: 6:00:55  time: 1.2662  data_time: 0.0243  memory: 8609  grad_norm: 88.7936  loss: 48.0695  decode.loss_cls: 1.1863  decode.loss_mask: 1.5477  decode.loss_dice: 1.9085  decode.d0.loss_cls: 1.9595  decode.d0.loss_mask: 1.6031  decode.d0.loss_dice: 2.2108  decode.d1.loss_cls: 1.2839  decode.d1.loss_mask: 1.5763  decode.d1.loss_dice: 2.0554  decode.d2.loss_cls: 1.2173  decode.d2.loss_mask: 1.5572  decode.d2.loss_dice: 1.9882  decode.d3.loss_cls: 1.2064  decode.d3.loss_mask: 1.5550  decode.d3.loss_dice: 1.9162  decode.d4.loss_cls: 1.1913  decode.d4.loss_mask: 1.5538  decode.d4.loss_dice: 1.9165  decode.d5.loss_cls: 1.1899  decode.d5.loss_mask: 1.5633  decode.d5.loss_dice: 1.9287  decode.d6.loss_cls: 1.2015  decode.d6.loss_mask: 1.5490  decode.d6.loss_dice: 1.9016  decode.d7.loss_cls: 1.1976  decode.d7.loss_mask: 1.5590  decode.d7.loss_dice: 1.9047  decode.d8.loss_cls: 1.1759  decode.d8.loss_mask: 1.5586  decode.d8.loss_dice: 1.9063
2026/06/15 20:43:54 - mmengine - INFO - Iter(train) [ 3350/20000]  base_lr: 9.0958e-05 lr: 9.0958e-05  eta: 5:59:43  time: 1.2722  data_time: 0.0278  memory: 8609  grad_norm: 89.1440  loss: 45.5004  decode.loss_cls: 1.1206  decode.loss_mask: 1.4923  decode.loss_dice: 1.7764  decode.d0.loss_cls: 1.8811  decode.d0.loss_mask: 1.5436  decode.d0.loss_dice: 2.0044  decode.d1.loss_cls: 1.2237  decode.d1.loss_mask: 1.5189  decode.d1.loss_dice: 1.9084  decode.d2.loss_cls: 1.1200  decode.d2.loss_mask: 1.5163  decode.d2.loss_dice: 1.8444  decode.d3.loss_cls: 1.1543  decode.d3.loss_mask: 1.5061  decode.d3.loss_dice: 1.7619  decode.d4.loss_cls: 1.1357  decode.d4.loss_mask: 1.4969  decode.d4.loss_dice: 1.8081  decode.d5.loss_cls: 1.1248  decode.d5.loss_mask: 1.4953  decode.d5.loss_dice: 1.8194  decode.d6.loss_cls: 1.1525  decode.d6.loss_mask: 1.4740  decode.d6.loss_dice: 1.7927  decode.d7.loss_cls: 1.1355  decode.d7.loss_mask: 1.4844  decode.d7.loss_dice: 1.7850  decode.d8.loss_cls: 1.1589  decode.d8.loss_mask: 1.4935  decode.d8.loss_dice: 1.7712
2026/06/15 20:44:58 - mmengine - INFO - Iter(train) [ 3400/20000]  base_lr: 9.0712e-05 lr: 9.0712e-05  eta: 5:58:33  time: 1.2824  data_time: 0.0297  memory: 8609  grad_norm: 107.9563  loss: 50.7957  decode.loss_cls: 1.1610  decode.loss_mask: 1.6778  decode.loss_dice: 2.1196  decode.d0.loss_cls: 1.8855  decode.d0.loss_mask: 1.6711  decode.d0.loss_dice: 2.3130  decode.d1.loss_cls: 1.3087  decode.d1.loss_mask: 1.6709  decode.d1.loss_dice: 2.2266  decode.d2.loss_cls: 1.1727  decode.d2.loss_mask: 1.6573  decode.d2.loss_dice: 2.1645  decode.d3.loss_cls: 1.1153  decode.d3.loss_mask: 1.6661  decode.d3.loss_dice: 2.1413  decode.d4.loss_cls: 1.1180  decode.d4.loss_mask: 1.6756  decode.d4.loss_dice: 2.1612  decode.d5.loss_cls: 1.1133  decode.d5.loss_mask: 1.6824  decode.d5.loss_dice: 2.1290  decode.d6.loss_cls: 1.1744  decode.d6.loss_mask: 1.6906  decode.d6.loss_dice: 2.1151  decode.d7.loss_cls: 1.1701  decode.d7.loss_mask: 1.6919  decode.d7.loss_dice: 2.1334  decode.d8.loss_cls: 1.1784  decode.d8.loss_mask: 1.6920  decode.d8.loss_dice: 2.1187
2026/06/15 20:46:02 - mmengine - INFO - Iter(train) [ 3450/20000]  base_lr: 9.0466e-05 lr: 9.0466e-05  eta: 5:57:24  time: 1.2768  data_time: 0.0259  memory: 8609  grad_norm: 98.7427  loss: 47.0259  decode.loss_cls: 1.1461  decode.loss_mask: 1.5586  decode.loss_dice: 1.8278  decode.d0.loss_cls: 1.8201  decode.d0.loss_mask: 1.6151  decode.d0.loss_dice: 2.0926  decode.d1.loss_cls: 1.1928  decode.d1.loss_mask: 1.5808  decode.d1.loss_dice: 1.9655  decode.d2.loss_cls: 1.1800  decode.d2.loss_mask: 1.5760  decode.d2.loss_dice: 1.8810  decode.d3.loss_cls: 1.1512  decode.d3.loss_mask: 1.5775  decode.d3.loss_dice: 1.8628  decode.d4.loss_cls: 1.1549  decode.d4.loss_mask: 1.5914  decode.d4.loss_dice: 1.8502  decode.d5.loss_cls: 1.1811  decode.d5.loss_mask: 1.5808  decode.d5.loss_dice: 1.8335  decode.d6.loss_cls: 1.1519  decode.d6.loss_mask: 1.5838  decode.d6.loss_dice: 1.8248  decode.d7.loss_cls: 1.1890  decode.d7.loss_mask: 1.5830  decode.d7.loss_dice: 1.8572  decode.d8.loss_cls: 1.1903  decode.d8.loss_mask: 1.5702  decode.d8.loss_dice: 1.8558
2026/06/15 20:47:06 - mmengine - INFO - Iter(train) [ 3500/20000]  base_lr: 9.0220e-05 lr: 9.0220e-05  eta: 5:56:17  time: 1.2844  data_time: 0.0289  memory: 8609  grad_norm: 86.9685  loss: 46.4316  decode.loss_cls: 1.1493  decode.loss_mask: 1.5635  decode.loss_dice: 1.8038  decode.d0.loss_cls: 1.6994  decode.d0.loss_mask: 1.6018  decode.d0.loss_dice: 1.9976  decode.d1.loss_cls: 1.2049  decode.d1.loss_mask: 1.5851  decode.d1.loss_dice: 1.9191  decode.d2.loss_cls: 1.1262  decode.d2.loss_mask: 1.5815  decode.d2.loss_dice: 1.8672  decode.d3.loss_cls: 1.1815  decode.d3.loss_mask: 1.5534  decode.d3.loss_dice: 1.8294  decode.d4.loss_cls: 1.1439  decode.d4.loss_mask: 1.5688  decode.d4.loss_dice: 1.8353  decode.d5.loss_cls: 1.1474  decode.d5.loss_mask: 1.5834  decode.d5.loss_dice: 1.8348  decode.d6.loss_cls: 1.1629  decode.d6.loss_mask: 1.5698  decode.d6.loss_dice: 1.7985  decode.d7.loss_cls: 1.1817  decode.d7.loss_mask: 1.5604  decode.d7.loss_dice: 1.8361  decode.d8.loss_cls: 1.1408  decode.d8.loss_mask: 1.5824  decode.d8.loss_dice: 1.8214
2026/06/15 20:48:11 - mmengine - INFO - Iter(train) [ 3550/20000]  base_lr: 8.9974e-05 lr: 8.9974e-05  eta: 5:55:10  time: 1.2907  data_time: 0.0293  memory: 8609  grad_norm: 87.1112  loss: 47.1434  decode.loss_cls: 1.0970  decode.loss_mask: 1.5639  decode.loss_dice: 1.9473  decode.d0.loss_cls: 1.8013  decode.d0.loss_mask: 1.5395  decode.d0.loss_dice: 2.1834  decode.d1.loss_cls: 1.1979  decode.d1.loss_mask: 1.5434  decode.d1.loss_dice: 2.0274  decode.d2.loss_cls: 1.1110  decode.d2.loss_mask: 1.5118  decode.d2.loss_dice: 1.9738  decode.d3.loss_cls: 1.0728  decode.d3.loss_mask: 1.5349  decode.d3.loss_dice: 1.9550  decode.d4.loss_cls: 1.0857  decode.d4.loss_mask: 1.5440  decode.d4.loss_dice: 1.9621  decode.d5.loss_cls: 1.1264  decode.d5.loss_mask: 1.5403  decode.d5.loss_dice: 1.9441  decode.d6.loss_cls: 1.1471  decode.d6.loss_mask: 1.5416  decode.d6.loss_dice: 1.9509  decode.d7.loss_cls: 1.0964  decode.d7.loss_mask: 1.5592  decode.d7.loss_dice: 1.9702  decode.d8.loss_cls: 1.1123  decode.d8.loss_mask: 1.5564  decode.d8.loss_dice: 1.9462
2026/06/15 20:49:15 - mmengine - INFO - Iter(train) [ 3600/20000]  base_lr: 8.9728e-05 lr: 8.9728e-05  eta: 5:54:02  time: 1.2833  data_time: 0.0294  memory: 8609  grad_norm: 89.1624  loss: 50.2245  decode.loss_cls: 1.2345  decode.loss_mask: 1.5579  decode.loss_dice: 2.0809  decode.d0.loss_cls: 1.8351  decode.d0.loss_mask: 1.6167  decode.d0.loss_dice: 2.3113  decode.d1.loss_cls: 1.2281  decode.d1.loss_mask: 1.6016  decode.d1.loss_dice: 2.2324  decode.d2.loss_cls: 1.1546  decode.d2.loss_mask: 1.5940  decode.d2.loss_dice: 2.2308  decode.d3.loss_cls: 1.2153  decode.d3.loss_mask: 1.5624  decode.d3.loss_dice: 2.1359  decode.d4.loss_cls: 1.2158  decode.d4.loss_mask: 1.5675  decode.d4.loss_dice: 2.1371  decode.d5.loss_cls: 1.2278  decode.d5.loss_mask: 1.5957  decode.d5.loss_dice: 2.1537  decode.d6.loss_cls: 1.2208  decode.d6.loss_mask: 1.5850  decode.d6.loss_dice: 2.1153  decode.d7.loss_cls: 1.2217  decode.d7.loss_mask: 1.5865  decode.d7.loss_dice: 2.1024  decode.d8.loss_cls: 1.2446  decode.d8.loss_mask: 1.5735  decode.d8.loss_dice: 2.0857
2026/06/15 20:50:19 - mmengine - INFO - Iter(train) [ 3650/20000]  base_lr: 8.9481e-05 lr: 8.9481e-05  eta: 5:52:53  time: 1.2832  data_time: 0.0288  memory: 8609  grad_norm: 89.5152  loss: 48.0705  decode.loss_cls: 1.2093  decode.loss_mask: 1.5371  decode.loss_dice: 1.9576  decode.d0.loss_cls: 1.8312  decode.d0.loss_mask: 1.5212  decode.d0.loss_dice: 2.1838  decode.d1.loss_cls: 1.3373  decode.d1.loss_mask: 1.5494  decode.d1.loss_dice: 2.0609  decode.d2.loss_cls: 1.2140  decode.d2.loss_mask: 1.5370  decode.d2.loss_dice: 1.9843  decode.d3.loss_cls: 1.1421  decode.d3.loss_mask: 1.5327  decode.d3.loss_dice: 1.9876  decode.d4.loss_cls: 1.1774  decode.d4.loss_mask: 1.5163  decode.d4.loss_dice: 1.9935  decode.d5.loss_cls: 1.2102  decode.d5.loss_mask: 1.5143  decode.d5.loss_dice: 1.9759  decode.d6.loss_cls: 1.2207  decode.d6.loss_mask: 1.5156  decode.d6.loss_dice: 1.9632  decode.d7.loss_cls: 1.1649  decode.d7.loss_mask: 1.5299  decode.d7.loss_dice: 1.9762  decode.d8.loss_cls: 1.2149  decode.d8.loss_mask: 1.5409  decode.d8.loss_dice: 1.9709
2026/06/15 20:51:23 - mmengine - INFO - Iter(train) [ 3700/20000]  base_lr: 8.9235e-05 lr: 8.9235e-05  eta: 5:51:46  time: 1.2799  data_time: 0.0280  memory: 8609  grad_norm: 87.7975  loss: 47.3490  decode.loss_cls: 1.2009  decode.loss_mask: 1.5644  decode.loss_dice: 1.8926  decode.d0.loss_cls: 1.6692  decode.d0.loss_mask: 1.6084  decode.d0.loss_dice: 2.0841  decode.d1.loss_cls: 1.1479  decode.d1.loss_mask: 1.6359  decode.d1.loss_dice: 2.0071  decode.d2.loss_cls: 1.1338  decode.d2.loss_mask: 1.6011  decode.d2.loss_dice: 1.9466  decode.d3.loss_cls: 1.1267  decode.d3.loss_mask: 1.5744  decode.d3.loss_dice: 1.9036  decode.d4.loss_cls: 1.1388  decode.d4.loss_mask: 1.5975  decode.d4.loss_dice: 1.9067  decode.d5.loss_cls: 1.1262  decode.d5.loss_mask: 1.5909  decode.d5.loss_dice: 1.9019  decode.d6.loss_cls: 1.1907  decode.d6.loss_mask: 1.5866  decode.d6.loss_dice: 1.8937  decode.d7.loss_cls: 1.1872  decode.d7.loss_mask: 1.5711  decode.d7.loss_dice: 1.9064  decode.d8.loss_cls: 1.1939  decode.d8.loss_mask: 1.5638  decode.d8.loss_dice: 1.8970
2026/06/15 20:52:27 - mmengine - INFO - Iter(train) [ 3750/20000]  base_lr: 8.8989e-05 lr: 8.8989e-05  eta: 5:50:39  time: 1.2849  data_time: 0.0296  memory: 8609  grad_norm: 87.0067  loss: 44.3980  decode.loss_cls: 1.0890  decode.loss_mask: 1.4703  decode.loss_dice: 1.8000  decode.d0.loss_cls: 1.6778  decode.d0.loss_mask: 1.4980  decode.d0.loss_dice: 2.0417  decode.d1.loss_cls: 1.3104  decode.d1.loss_mask: 1.4579  decode.d1.loss_dice: 1.8554  decode.d2.loss_cls: 1.0993  decode.d2.loss_mask: 1.4649  decode.d2.loss_dice: 1.7793  decode.d3.loss_cls: 1.0888  decode.d3.loss_mask: 1.4499  decode.d3.loss_dice: 1.7716  decode.d4.loss_cls: 1.0612  decode.d4.loss_mask: 1.4209  decode.d4.loss_dice: 1.7818  decode.d5.loss_cls: 1.0530  decode.d5.loss_mask: 1.4412  decode.d5.loss_dice: 1.7781  decode.d6.loss_cls: 1.0888  decode.d6.loss_mask: 1.4506  decode.d6.loss_dice: 1.7745  decode.d7.loss_cls: 1.1178  decode.d7.loss_mask: 1.4530  decode.d7.loss_dice: 1.7816  decode.d8.loss_cls: 1.0762  decode.d8.loss_mask: 1.4698  decode.d8.loss_dice: 1.7950
2026/06/15 20:53:31 - mmengine - INFO - Iter(train) [ 3800/20000]  base_lr: 8.8742e-05 lr: 8.8742e-05  eta: 5:49:31  time: 1.2876  data_time: 0.0293  memory: 8609  grad_norm: 98.8871  loss: 52.4292  decode.loss_cls: 1.3793  decode.loss_mask: 1.6699  decode.loss_dice: 2.0959  decode.d0.loss_cls: 1.8944  decode.d0.loss_mask: 1.6891  decode.d0.loss_dice: 2.3000  decode.d1.loss_cls: 1.4497  decode.d1.loss_mask: 1.6704  decode.d1.loss_dice: 2.1640  decode.d2.loss_cls: 1.3760  decode.d2.loss_mask: 1.6687  decode.d2.loss_dice: 2.1338  decode.d3.loss_cls: 1.4256  decode.d3.loss_mask: 1.6344  decode.d3.loss_dice: 2.0751  decode.d4.loss_cls: 1.4782  decode.d4.loss_mask: 1.6211  decode.d4.loss_dice: 2.0772  decode.d5.loss_cls: 1.4398  decode.d5.loss_mask: 1.6289  decode.d5.loss_dice: 2.0760  decode.d6.loss_cls: 1.4277  decode.d6.loss_mask: 1.6275  decode.d6.loss_dice: 2.0684  decode.d7.loss_cls: 1.4046  decode.d7.loss_mask: 1.6588  decode.d7.loss_dice: 2.1241  decode.d8.loss_cls: 1.4054  decode.d8.loss_mask: 1.6589  decode.d8.loss_dice: 2.1063
2026/06/15 20:54:35 - mmengine - INFO - Iter(train) [ 3850/20000]  base_lr: 8.8496e-05 lr: 8.8496e-05  eta: 5:48:24  time: 1.2833  data_time: 0.0286  memory: 8609  grad_norm: 102.7075  loss: 48.9950  decode.loss_cls: 1.2063  decode.loss_mask: 1.5496  decode.loss_dice: 2.0260  decode.d0.loss_cls: 1.7661  decode.d0.loss_mask: 1.6136  decode.d0.loss_dice: 2.2385  decode.d1.loss_cls: 1.3891  decode.d1.loss_mask: 1.5794  decode.d1.loss_dice: 2.1495  decode.d2.loss_cls: 1.1980  decode.d2.loss_mask: 1.5957  decode.d2.loss_dice: 2.0740  decode.d3.loss_cls: 1.1702  decode.d3.loss_mask: 1.5609  decode.d3.loss_dice: 2.0037  decode.d4.loss_cls: 1.2128  decode.d4.loss_mask: 1.5360  decode.d4.loss_dice: 2.0170  decode.d5.loss_cls: 1.2696  decode.d5.loss_mask: 1.5454  decode.d5.loss_dice: 1.9910  decode.d6.loss_cls: 1.1901  decode.d6.loss_mask: 1.5396  decode.d6.loss_dice: 1.9995  decode.d7.loss_cls: 1.2558  decode.d7.loss_mask: 1.5214  decode.d7.loss_dice: 2.0102  decode.d8.loss_cls: 1.2081  decode.d8.loss_mask: 1.5461  decode.d8.loss_dice: 2.0319
2026/06/15 20:55:39 - mmengine - INFO - Iter(train) [ 3900/20000]  base_lr: 8.8249e-05 lr: 8.8249e-05  eta: 5:47:16  time: 1.2825  data_time: 0.0299  memory: 8609  grad_norm: 87.5993  loss: 46.0419  decode.loss_cls: 1.2509  decode.loss_mask: 1.4783  decode.loss_dice: 1.7968  decode.d0.loss_cls: 1.6884  decode.d0.loss_mask: 1.5219  decode.d0.loss_dice: 2.0714  decode.d1.loss_cls: 1.3679  decode.d1.loss_mask: 1.4834  decode.d1.loss_dice: 1.8984  decode.d2.loss_cls: 1.2256  decode.d2.loss_mask: 1.5056  decode.d2.loss_dice: 1.8346  decode.d3.loss_cls: 1.1833  decode.d3.loss_mask: 1.5056  decode.d3.loss_dice: 1.7917  decode.d4.loss_cls: 1.1737  decode.d4.loss_mask: 1.5040  decode.d4.loss_dice: 1.7993  decode.d5.loss_cls: 1.1457  decode.d5.loss_mask: 1.5173  decode.d5.loss_dice: 1.8103  decode.d6.loss_cls: 1.1621  decode.d6.loss_mask: 1.4988  decode.d6.loss_dice: 1.8018  decode.d7.loss_cls: 1.2075  decode.d7.loss_mask: 1.4980  decode.d7.loss_dice: 1.8057  decode.d8.loss_cls: 1.2013  decode.d8.loss_mask: 1.4975  decode.d8.loss_dice: 1.8149
2026/06/15 20:56:43 - mmengine - INFO - Iter(train) [ 3950/20000]  base_lr: 8.8002e-05 lr: 8.8002e-05  eta: 5:46:10  time: 1.2843  data_time: 0.0288  memory: 8609  grad_norm: 100.0281  loss: 45.3831  decode.loss_cls: 1.1494  decode.loss_mask: 1.5047  decode.loss_dice: 1.8301  decode.d0.loss_cls: 1.6300  decode.d0.loss_mask: 1.5139  decode.d0.loss_dice: 2.0921  decode.d1.loss_cls: 1.1746  decode.d1.loss_mask: 1.4634  decode.d1.loss_dice: 1.9743  decode.d2.loss_cls: 1.0449  decode.d2.loss_mask: 1.5105  decode.d2.loss_dice: 1.9091  decode.d3.loss_cls: 1.0882  decode.d3.loss_mask: 1.4763  decode.d3.loss_dice: 1.8466  decode.d4.loss_cls: 1.0858  decode.d4.loss_mask: 1.4969  decode.d4.loss_dice: 1.8667  decode.d5.loss_cls: 1.0860  decode.d5.loss_mask: 1.5020  decode.d5.loss_dice: 1.8505  decode.d6.loss_cls: 1.1188  decode.d6.loss_mask: 1.4921  decode.d6.loss_dice: 1.8231  decode.d7.loss_cls: 1.1389  decode.d7.loss_mask: 1.4767  decode.d7.loss_dice: 1.8291  decode.d8.loss_cls: 1.0714  decode.d8.loss_mask: 1.4985  decode.d8.loss_dice: 1.8384
2026/06/15 20:57:47 - mmengine - INFO - Exp name: dinov3l_m2f_pastis_temporal_v1_20260615_192803
2026/06/15 20:57:47 - mmengine - INFO - Iter(train) [ 4000/20000]  base_lr: 8.7756e-05 lr: 8.7756e-05  eta: 5:45:02  time: 1.2719  data_time: 0.0273  memory: 8609  grad_norm: 86.7200  loss: 47.1871  decode.loss_cls: 1.1195  decode.loss_mask: 1.5647  decode.loss_dice: 1.9384  decode.d0.loss_cls: 1.6149  decode.d0.loss_mask: 1.5734  decode.d0.loss_dice: 2.0961  decode.d1.loss_cls: 1.1770  decode.d1.loss_mask: 1.5966  decode.d1.loss_dice: 2.0439  decode.d2.loss_cls: 1.1362  decode.d2.loss_mask: 1.6062  decode.d2.loss_dice: 2.0042  decode.d3.loss_cls: 1.1112  decode.d3.loss_mask: 1.5624  decode.d3.loss_dice: 1.9439  decode.d4.loss_cls: 1.1121  decode.d4.loss_mask: 1.5746  decode.d4.loss_dice: 1.9254  decode.d5.loss_cls: 1.0883  decode.d5.loss_mask: 1.5754  decode.d5.loss_dice: 1.9459  decode.d6.loss_cls: 1.1303  decode.d6.loss_mask: 1.5605  decode.d6.loss_dice: 1.9267  decode.d7.loss_cls: 1.1365  decode.d7.loss_mask: 1.5498  decode.d7.loss_dice: 1.9358  decode.d8.loss_cls: 1.1105  decode.d8.loss_mask: 1.5719  decode.d8.loss_dice: 1.9547
2026/06/15 20:57:47 - mmengine - INFO - Saving checkpoint at 4000 iterations
2026/06/15 20:58:28 - mmengine - INFO - Iter(val) [ 50/121]    eta: 0:00:36  time: 0.5008  data_time: 0.0183  memory: 6109  
2026/06/15 20:58:53 - mmengine - INFO - Iter(val) [100/121]    eta: 0:00:10  time: 0.5053  data_time: 0.0200  memory: 6109  
2026/06/15 20:59:03 - mmengine - INFO - per class results:
2026/06/15 20:59:03 - mmengine - INFO - 
+---------+-------+-------+
|  Class  |  IoU  |  Acc  |
+---------+-------+-------+
|  crop_1 | 72.09 | 81.17 |
|  crop_2 | 62.65 | 79.36 |
|  crop_3 | 58.18 | 62.18 |
|  crop_4 | 72.72 |  90.8 |
|  crop_5 | 47.02 | 69.55 |
|  crop_6 | 80.71 |  86.1 |
|  crop_7 | 20.74 |  33.8 |
|  crop_8 | 17.81 |  19.3 |
|  crop_9 | 42.45 | 66.11 |
| crop_10 |  53.3 | 56.68 |
| crop_11 |  14.0 | 56.93 |
| crop_12 | 35.75 | 82.07 |
| crop_13 | 17.88 | 52.64 |
| crop_14 |  7.5  |  9.31 |
| crop_15 | 21.98 | 29.54 |
| crop_16 |  32.1 | 42.57 |
| crop_17 | 31.46 | 46.24 |
| crop_18 | 16.32 | 24.34 |
| crop_19 |  2.52 |  2.96 |
+---------+-------+-------+
2026/06/15 20:59:03 - mmengine - INFO - Iter(val) [121/121]    aAcc: 75.3200  mIoU: 37.2200  mAcc: 52.1900  data_time: 0.0220  time: 0.5015
2026/06/15 20:59:03 - mmengine - INFO - The previous best checkpoint /mnt/ht2-nas2/00-model/00-fb/mmseg_dino/work_dirs/dinov3l_m2f_pastis_temporal_v1/best_mIoU_iter_3000.pth is removed
2026/06/15 20:59:09 - mmengine - INFO - The best checkpoint with 37.2200 mIoU at 4000 iter is saved to best_mIoU_iter_4000.pth.
2026/06/15 21:00:21 - mmengine - INFO - Iter(train) [ 4050/20000]  base_lr: 8.7509e-05 lr: 8.7509e-05  eta: 5:44:49  time: 1.2838  data_time: 0.0266  memory: 8609  grad_norm: 99.8303  loss: 46.1770  decode.loss_cls: 1.1423  decode.loss_mask: 1.5222  decode.loss_dice: 1.8425  decode.d0.loss_cls: 1.7076  decode.d0.loss_mask: 1.4757  decode.d0.loss_dice: 2.0271  decode.d1.loss_cls: 1.2615  decode.d1.loss_mask: 1.5421  decode.d1.loss_dice: 1.9774  decode.d2.loss_cls: 1.1347  decode.d2.loss_mask: 1.5307  decode.d2.loss_dice: 1.8876  decode.d3.loss_cls: 1.1297  decode.d3.loss_mask: 1.5431  decode.d3.loss_dice: 1.8546  decode.d4.loss_cls: 1.1354  decode.d4.loss_mask: 1.5370  decode.d4.loss_dice: 1.8452  decode.d5.loss_cls: 1.1040  decode.d5.loss_mask: 1.5555  decode.d5.loss_dice: 1.8515  decode.d6.loss_cls: 1.1184  decode.d6.loss_mask: 1.5217  decode.d6.loss_dice: 1.8518  decode.d7.loss_cls: 1.1553  decode.d7.loss_mask: 1.5278  decode.d7.loss_dice: 1.8602  decode.d8.loss_cls: 1.1690  decode.d8.loss_mask: 1.5194  decode.d8.loss_dice: 1.8460
2026/06/15 21:01:25 - mmengine - INFO - Iter(train) [ 4100/20000]  base_lr: 8.7262e-05 lr: 8.7262e-05  eta: 5:43:42  time: 1.2845  data_time: 0.0277  memory: 8609  grad_norm: 93.6427  loss: 45.2554  decode.loss_cls: 1.1260  decode.loss_mask: 1.3626  decode.loss_dice: 1.8709  decode.d0.loss_cls: 1.7093  decode.d0.loss_mask: 1.4034  decode.d0.loss_dice: 2.1494  decode.d1.loss_cls: 1.3262  decode.d1.loss_mask: 1.4044  decode.d1.loss_dice: 1.9989  decode.d2.loss_cls: 1.1585  decode.d2.loss_mask: 1.3631  decode.d2.loss_dice: 1.9283  decode.d3.loss_cls: 1.1717  decode.d3.loss_mask: 1.3483  decode.d3.loss_dice: 1.8737  decode.d4.loss_cls: 1.1740  decode.d4.loss_mask: 1.3590  decode.d4.loss_dice: 1.8639  decode.d5.loss_cls: 1.1583  decode.d5.loss_mask: 1.3821  decode.d5.loss_dice: 1.8724  decode.d6.loss_cls: 1.1701  decode.d6.loss_mask: 1.3788  decode.d6.loss_dice: 1.8768  decode.d7.loss_cls: 1.1533  decode.d7.loss_mask: 1.3859  decode.d7.loss_dice: 1.8867  decode.d8.loss_cls: 1.1207  decode.d8.loss_mask: 1.3773  decode.d8.loss_dice: 1.9012
2026/06/15 21:02:30 - mmengine - INFO - Iter(train) [ 4150/20000]  base_lr: 8.7015e-05 lr: 8.7015e-05  eta: 5:42:36  time: 1.2930  data_time: 0.0315  memory: 8609  grad_norm: 92.9469  loss: 46.3228  decode.loss_cls: 0.9850  decode.loss_mask: 1.6263  decode.loss_dice: 1.9246  decode.d0.loss_cls: 1.5356  decode.d0.loss_mask: 1.6459  decode.d0.loss_dice: 2.1246  decode.d1.loss_cls: 1.1179  decode.d1.loss_mask: 1.6279  decode.d1.loss_dice: 1.9961  decode.d2.loss_cls: 0.9885  decode.d2.loss_mask: 1.6146  decode.d2.loss_dice: 1.9658  decode.d3.loss_cls: 0.9903  decode.d3.loss_mask: 1.5871  decode.d3.loss_dice: 1.9412  decode.d4.loss_cls: 0.9639  decode.d4.loss_mask: 1.6014  decode.d4.loss_dice: 1.9579  decode.d5.loss_cls: 0.9722  decode.d5.loss_mask: 1.6015  decode.d5.loss_dice: 1.9527  decode.d6.loss_cls: 1.0122  decode.d6.loss_mask: 1.6122  decode.d6.loss_dice: 1.9074  decode.d7.loss_cls: 0.9386  decode.d7.loss_mask: 1.6345  decode.d7.loss_dice: 1.9399  decode.d8.loss_cls: 1.0092  decode.d8.loss_mask: 1.6175  decode.d8.loss_dice: 1.9301
2026/06/15 21:03:34 - mmengine - INFO - Iter(train) [ 4200/20000]  base_lr: 8.6768e-05 lr: 8.6768e-05  eta: 5:41:29  time: 1.2847  data_time: 0.0259  memory: 8609  grad_norm: 100.0878  loss: 45.4909  decode.loss_cls: 1.0766  decode.loss_mask: 1.5400  decode.loss_dice: 1.8341  decode.d0.loss_cls: 1.6364  decode.d0.loss_mask: 1.5489  decode.d0.loss_dice: 2.0381  decode.d1.loss_cls: 1.1282  decode.d1.loss_mask: 1.5931  decode.d1.loss_dice: 1.9399  decode.d2.loss_cls: 0.9772  decode.d2.loss_mask: 1.5968  decode.d2.loss_dice: 1.9220  decode.d3.loss_cls: 1.0568  decode.d3.loss_mask: 1.5254  decode.d3.loss_dice: 1.8502  decode.d4.loss_cls: 1.0156  decode.d4.loss_mask: 1.5309  decode.d4.loss_dice: 1.8510  decode.d5.loss_cls: 1.0526  decode.d5.loss_mask: 1.5685  decode.d5.loss_dice: 1.8434  decode.d6.loss_cls: 1.0621  decode.d6.loss_mask: 1.5594  decode.d6.loss_dice: 1.8199  decode.d7.loss_cls: 1.0496  decode.d7.loss_mask: 1.5559  decode.d7.loss_dice: 1.8376  decode.d8.loss_cls: 1.0950  decode.d8.loss_mask: 1.5601  decode.d8.loss_dice: 1.8255
2026/06/15 21:04:38 - mmengine - INFO - Iter(train) [ 4250/20000]  base_lr: 8.6521e-05 lr: 8.6521e-05  eta: 5:40:21  time: 1.2763  data_time: 0.0281  memory: 8609  grad_norm: 87.0191  loss: 41.9250  decode.loss_cls: 0.9678  decode.loss_mask: 1.4162  decode.loss_dice: 1.6767  decode.d0.loss_cls: 1.4605  decode.d0.loss_mask: 1.4632  decode.d0.loss_dice: 1.8507  decode.d1.loss_cls: 1.0413  decode.d1.loss_mask: 1.4853  decode.d1.loss_dice: 1.7888  decode.d2.loss_cls: 1.0143  decode.d2.loss_mask: 1.4355  decode.d2.loss_dice: 1.7004  decode.d3.loss_cls: 0.9950  decode.d3.loss_mask: 1.4305  decode.d3.loss_dice: 1.6607  decode.d4.loss_cls: 1.0430  decode.d4.loss_mask: 1.4358  decode.d4.loss_dice: 1.6805  decode.d5.loss_cls: 1.0521  decode.d5.loss_mask: 1.4295  decode.d5.loss_dice: 1.6608  decode.d6.loss_cls: 1.0071  decode.d6.loss_mask: 1.4208  decode.d6.loss_dice: 1.6410  decode.d7.loss_cls: 0.9954  decode.d7.loss_mask: 1.4288  decode.d7.loss_dice: 1.6620  decode.d8.loss_cls: 0.9620  decode.d8.loss_mask: 1.4398  decode.d8.loss_dice: 1.6794
2026/06/15 21:05:42 - mmengine - INFO - Iter(train) [ 4300/20000]  base_lr: 8.6273e-05 lr: 8.6273e-05  eta: 5:39:14  time: 1.2767  data_time: 0.0304  memory: 8609  grad_norm: 79.2242  loss: 48.1869  decode.loss_cls: 1.1939  decode.loss_mask: 1.5406  decode.loss_dice: 2.0179  decode.d0.loss_cls: 1.6124  decode.d0.loss_mask: 1.5537  decode.d0.loss_dice: 2.1764  decode.d1.loss_cls: 1.2598  decode.d1.loss_mask: 1.5539  decode.d1.loss_dice: 2.1024  decode.d2.loss_cls: 1.2380  decode.d2.loss_mask: 1.5247  decode.d2.loss_dice: 2.0367  decode.d3.loss_cls: 1.1845  decode.d3.loss_mask: 1.5328  decode.d3.loss_dice: 2.0164  decode.d4.loss_cls: 1.2001  decode.d4.loss_mask: 1.5513  decode.d4.loss_dice: 2.0039  decode.d5.loss_cls: 1.1957  decode.d5.loss_mask: 1.5571  decode.d5.loss_dice: 1.9821  decode.d6.loss_cls: 1.1372  decode.d6.loss_mask: 1.5556  decode.d6.loss_dice: 2.0033  decode.d7.loss_cls: 1.1429  decode.d7.loss_mask: 1.5336  decode.d7.loss_dice: 2.0132  decode.d8.loss_cls: 1.2134  decode.d8.loss_mask: 1.5268  decode.d8.loss_dice: 2.0266
2026/06/15 21:06:46 - mmengine - INFO - Iter(train) [ 4350/20000]  base_lr: 8.6026e-05 lr: 8.6026e-05  eta: 5:38:05  time: 1.2749  data_time: 0.0288  memory: 8609  grad_norm: 84.1513  loss: 45.6184  decode.loss_cls: 1.0268  decode.loss_mask: 1.5370  decode.loss_dice: 1.9180  decode.d0.loss_cls: 1.4955  decode.d0.loss_mask: 1.5363  decode.d0.loss_dice: 2.1154  decode.d1.loss_cls: 1.0971  decode.d1.loss_mask: 1.5729  decode.d1.loss_dice: 2.0411  decode.d2.loss_cls: 1.0227  decode.d2.loss_mask: 1.5279  decode.d2.loss_dice: 1.9572  decode.d3.loss_cls: 1.0037  decode.d3.loss_mask: 1.5371  decode.d3.loss_dice: 1.9410  decode.d4.loss_cls: 0.9625  decode.d4.loss_mask: 1.5261  decode.d4.loss_dice: 1.9643  decode.d5.loss_cls: 0.9760  decode.d5.loss_mask: 1.4983  decode.d5.loss_dice: 1.9543  decode.d6.loss_cls: 1.0137  decode.d6.loss_mask: 1.5316  decode.d6.loss_dice: 1.9169  decode.d7.loss_cls: 1.0010  decode.d7.loss_mask: 1.5332  decode.d7.loss_dice: 1.9388  decode.d8.loss_cls: 1.0078  decode.d8.loss_mask: 1.5285  decode.d8.loss_dice: 1.9357
2026/06/15 21:07:50 - mmengine - INFO - Iter(train) [ 4400/20000]  base_lr: 8.5779e-05 lr: 8.5779e-05  eta: 5:36:57  time: 1.2794  data_time: 0.0284  memory: 8609  grad_norm: 85.2502  loss: 41.0126  decode.loss_cls: 0.9029  decode.loss_mask: 1.4626  decode.loss_dice: 1.7083  decode.d0.loss_cls: 1.3683  decode.d0.loss_mask: 1.4030  decode.d0.loss_dice: 1.8479  decode.d1.loss_cls: 0.9494  decode.d1.loss_mask: 1.4503  decode.d1.loss_dice: 1.7774  decode.d2.loss_cls: 0.8703  decode.d2.loss_mask: 1.4411  decode.d2.loss_dice: 1.7586  decode.d3.loss_cls: 0.8454  decode.d3.loss_mask: 1.4497  decode.d3.loss_dice: 1.7138  decode.d4.loss_cls: 0.8370  decode.d4.loss_mask: 1.4537  decode.d4.loss_dice: 1.7022  decode.d5.loss_cls: 0.8625  decode.d5.loss_mask: 1.4588  decode.d5.loss_dice: 1.7113  decode.d6.loss_cls: 0.8348  decode.d6.loss_mask: 1.4509  decode.d6.loss_dice: 1.7107  decode.d7.loss_cls: 0.8186  decode.d7.loss_mask: 1.4588  decode.d7.loss_dice: 1.7340  decode.d8.loss_cls: 0.8648  decode.d8.loss_mask: 1.4459  decode.d8.loss_dice: 1.7195
2026/06/15 21:08:54 - mmengine - INFO - Iter(train) [ 4450/20000]  base_lr: 8.5531e-05 lr: 8.5531e-05  eta: 5:35:50  time: 1.2861  data_time: 0.0296  memory: 8609  grad_norm: 86.1287  loss: 42.5535  decode.loss_cls: 0.9318  decode.loss_mask: 1.4656  decode.loss_dice: 1.7643  decode.d0.loss_cls: 1.4416  decode.d0.loss_mask: 1.4759  decode.d0.loss_dice: 1.9648  decode.d1.loss_cls: 1.0630  decode.d1.loss_mask: 1.4690  decode.d1.loss_dice: 1.8584  decode.d2.loss_cls: 0.9162  decode.d2.loss_mask: 1.4614  decode.d2.loss_dice: 1.8154  decode.d3.loss_cls: 0.9111  decode.d3.loss_mask: 1.4652  decode.d3.loss_dice: 1.8065  decode.d4.loss_cls: 0.9132  decode.d4.loss_mask: 1.4582  decode.d4.loss_dice: 1.8123  decode.d5.loss_cls: 0.9246  decode.d5.loss_mask: 1.4618  decode.d5.loss_dice: 1.7846  decode.d6.loss_cls: 0.8514  decode.d6.loss_mask: 1.4661  decode.d6.loss_dice: 1.7777  decode.d7.loss_cls: 0.8601  decode.d7.loss_mask: 1.4649  decode.d7.loss_dice: 1.7920  decode.d8.loss_cls: 0.9186  decode.d8.loss_mask: 1.4738  decode.d8.loss_dice: 1.7843
2026/06/15 21:09:58 - mmengine - INFO - Iter(train) [ 4500/20000]  base_lr: 8.5284e-05 lr: 8.5284e-05  eta: 5:34:43  time: 1.2818  data_time: 0.0289  memory: 8609  grad_norm: 80.0124  loss: 42.6282  decode.loss_cls: 0.9046  decode.loss_mask: 1.4673  decode.loss_dice: 1.7430  decode.d0.loss_cls: 1.4758  decode.d0.loss_mask: 1.5110  decode.d0.loss_dice: 1.9143  decode.d1.loss_cls: 1.0326  decode.d1.loss_mask: 1.5224  decode.d1.loss_dice: 1.8156  decode.d2.loss_cls: 0.9502  decode.d2.loss_mask: 1.5208  decode.d2.loss_dice: 1.7802  decode.d3.loss_cls: 0.9547  decode.d3.loss_mask: 1.4936  decode.d3.loss_dice: 1.7298  decode.d4.loss_cls: 0.9807  decode.d4.loss_mask: 1.4882  decode.d4.loss_dice: 1.7074  decode.d5.loss_cls: 0.9715  decode.d5.loss_mask: 1.4929  decode.d5.loss_dice: 1.7320  decode.d6.loss_cls: 0.9282  decode.d6.loss_mask: 1.4914  decode.d6.loss_dice: 1.7250  decode.d7.loss_cls: 0.9572  decode.d7.loss_mask: 1.4785  decode.d7.loss_dice: 1.7148  decode.d8.loss_cls: 0.9360  decode.d8.loss_mask: 1.4774  decode.d8.loss_dice: 1.7312
2026/06/15 21:11:02 - mmengine - INFO - Iter(train) [ 4550/20000]  base_lr: 8.5036e-05 lr: 8.5036e-05  eta: 5:33:36  time: 1.2763  data_time: 0.0272  memory: 8609  grad_norm: 92.9742  loss: 44.4309  decode.loss_cls: 0.9932  decode.loss_mask: 1.5247  decode.loss_dice: 1.8038  decode.d0.loss_cls: 1.5013  decode.d0.loss_mask: 1.5064  decode.d0.loss_dice: 2.0356  decode.d1.loss_cls: 1.1510  decode.d1.loss_mask: 1.5088  decode.d1.loss_dice: 1.9403  decode.d2.loss_cls: 1.0269  decode.d2.loss_mask: 1.5218  decode.d2.loss_dice: 1.8583  decode.d3.loss_cls: 1.0021  decode.d3.loss_mask: 1.5113  decode.d3.loss_dice: 1.8038  decode.d4.loss_cls: 1.0563  decode.d4.loss_mask: 1.5050  decode.d4.loss_dice: 1.8033  decode.d5.loss_cls: 1.0297  decode.d5.loss_mask: 1.5130  decode.d5.loss_dice: 1.8093  decode.d6.loss_cls: 0.9965  decode.d6.loss_mask: 1.5318  decode.d6.loss_dice: 1.8059  decode.d7.loss_cls: 1.0304  decode.d7.loss_mask: 1.5263  decode.d7.loss_dice: 1.7992  decode.d8.loss_cls: 1.0281  decode.d8.loss_mask: 1.5153  decode.d8.loss_dice: 1.7914
2026/06/15 21:12:06 - mmengine - INFO - Iter(train) [ 4600/20000]  base_lr: 8.4788e-05 lr: 8.4788e-05  eta: 5:32:28  time: 1.2748  data_time: 0.0273  memory: 8609  grad_norm: 99.5378  loss: 44.9396  decode.loss_cls: 1.0112  decode.loss_mask: 1.5550  decode.loss_dice: 1.7809  decode.d0.loss_cls: 1.5867  decode.d0.loss_mask: 1.6163  decode.d0.loss_dice: 2.0348  decode.d1.loss_cls: 1.1347  decode.d1.loss_mask: 1.6129  decode.d1.loss_dice: 1.9293  decode.d2.loss_cls: 1.0190  decode.d2.loss_mask: 1.5924  decode.d2.loss_dice: 1.8441  decode.d3.loss_cls: 1.0108  decode.d3.loss_mask: 1.5836  decode.d3.loss_dice: 1.7877  decode.d4.loss_cls: 0.9930  decode.d4.loss_mask: 1.5785  decode.d4.loss_dice: 1.8063  decode.d5.loss_cls: 1.0053  decode.d5.loss_mask: 1.5687  decode.d5.loss_dice: 1.7913  decode.d6.loss_cls: 0.9948  decode.d6.loss_mask: 1.5762  decode.d6.loss_dice: 1.7924  decode.d7.loss_cls: 1.0148  decode.d7.loss_mask: 1.5448  decode.d7.loss_dice: 1.7829  decode.d8.loss_cls: 1.0295  decode.d8.loss_mask: 1.5614  decode.d8.loss_dice: 1.8002
2026/06/15 21:13:10 - mmengine - INFO - Iter(train) [ 4650/20000]  base_lr: 8.4540e-05 lr: 8.4540e-05  eta: 5:31:20  time: 1.2827  data_time: 0.0309  memory: 8609  grad_norm: 95.1862  loss: 46.2779  decode.loss_cls: 1.1028  decode.loss_mask: 1.5430  decode.loss_dice: 1.9242  decode.d0.loss_cls: 1.5398  decode.d0.loss_mask: 1.6026  decode.d0.loss_dice: 2.0878  decode.d1.loss_cls: 1.0962  decode.d1.loss_mask: 1.5678  decode.d1.loss_dice: 1.9916  decode.d2.loss_cls: 1.0413  decode.d2.loss_mask: 1.5747  decode.d2.loss_dice: 1.9473  decode.d3.loss_cls: 1.1005  decode.d3.loss_mask: 1.5406  decode.d3.loss_dice: 1.8970  decode.d4.loss_cls: 1.0600  decode.d4.loss_mask: 1.5504  decode.d4.loss_dice: 1.9225  decode.d5.loss_cls: 1.0704  decode.d5.loss_mask: 1.5608  decode.d5.loss_dice: 1.9167  decode.d6.loss_cls: 1.1091  decode.d6.loss_mask: 1.5345  decode.d6.loss_dice: 1.8712  decode.d7.loss_cls: 1.1420  decode.d7.loss_mask: 1.5443  decode.d7.loss_dice: 1.8853  decode.d8.loss_cls: 1.0986  decode.d8.loss_mask: 1.5651  decode.d8.loss_dice: 1.8897
2026/06/15 21:14:14 - mmengine - INFO - Iter(train) [ 4700/20000]  base_lr: 8.4292e-05 lr: 8.4292e-05  eta: 5:30:13  time: 1.2846  data_time: 0.0303  memory: 8609  grad_norm: 84.2093  loss: 47.3206  decode.loss_cls: 1.1973  decode.loss_mask: 1.5904  decode.loss_dice: 1.8845  decode.d0.loss_cls: 1.5599  decode.d0.loss_mask: 1.6194  decode.d0.loss_dice: 2.0618  decode.d1.loss_cls: 1.2846  decode.d1.loss_mask: 1.6101  decode.d1.loss_dice: 1.9734  decode.d2.loss_cls: 1.2045  decode.d2.loss_mask: 1.5996  decode.d2.loss_dice: 1.9266  decode.d3.loss_cls: 1.1307  decode.d3.loss_mask: 1.5988  decode.d3.loss_dice: 1.8841  decode.d4.loss_cls: 1.1388  decode.d4.loss_mask: 1.6166  decode.d4.loss_dice: 1.8924  decode.d5.loss_cls: 1.1806  decode.d5.loss_mask: 1.5783  decode.d5.loss_dice: 1.8754  decode.d6.loss_cls: 1.1499  decode.d6.loss_mask: 1.5882  decode.d6.loss_dice: 1.8716  decode.d7.loss_cls: 1.1990  decode.d7.loss_mask: 1.5757  decode.d7.loss_dice: 1.8946  decode.d8.loss_cls: 1.1742  decode.d8.loss_mask: 1.5778  decode.d8.loss_dice: 1.8817
2026/06/15 21:15:18 - mmengine - INFO - Iter(train) [ 4750/20000]  base_lr: 8.4045e-05 lr: 8.4045e-05  eta: 5:29:06  time: 1.2818  data_time: 0.0299  memory: 8609  grad_norm: 81.6891  loss: 43.6060  decode.loss_cls: 1.1323  decode.loss_mask: 1.4042  decode.loss_dice: 1.7094  decode.d0.loss_cls: 1.5476  decode.d0.loss_mask: 1.4254  decode.d0.loss_dice: 2.0111  decode.d1.loss_cls: 1.2743  decode.d1.loss_mask: 1.4181  decode.d1.loss_dice: 1.8600  decode.d2.loss_cls: 1.1568  decode.d2.loss_mask: 1.4177  decode.d2.loss_dice: 1.7582  decode.d3.loss_cls: 1.0942  decode.d3.loss_mask: 1.4149  decode.d3.loss_dice: 1.7256  decode.d4.loss_cls: 1.1313  decode.d4.loss_mask: 1.3971  decode.d4.loss_dice: 1.7175  decode.d5.loss_cls: 1.1280  decode.d5.loss_mask: 1.3994  decode.d5.loss_dice: 1.7374  decode.d6.loss_cls: 1.1179  decode.d6.loss_mask: 1.4190  decode.d6.loss_dice: 1.7147  decode.d7.loss_cls: 1.0948  decode.d7.loss_mask: 1.4101  decode.d7.loss_dice: 1.7318  decode.d8.loss_cls: 1.1128  decode.d8.loss_mask: 1.4079  decode.d8.loss_dice: 1.7365
2026/06/15 21:16:22 - mmengine - INFO - Iter(train) [ 4800/20000]  base_lr: 8.3796e-05 lr: 8.3796e-05  eta: 5:28:00  time: 1.2876  data_time: 0.0312  memory: 8609  grad_norm: 95.2945  loss: 42.3654  decode.loss_cls: 0.8312  decode.loss_mask: 1.4422  decode.loss_dice: 1.8208  decode.d0.loss_cls: 1.3499  decode.d0.loss_mask: 1.4888  decode.d0.loss_dice: 2.0255  decode.d1.loss_cls: 0.9645  decode.d1.loss_mask: 1.5034  decode.d1.loss_dice: 1.9615  decode.d2.loss_cls: 0.8831  decode.d2.loss_mask: 1.4615  decode.d2.loss_dice: 1.8530  decode.d3.loss_cls: 0.8796  decode.d3.loss_mask: 1.4632  decode.d3.loss_dice: 1.8229  decode.d4.loss_cls: 0.8124  decode.d4.loss_mask: 1.4454  decode.d4.loss_dice: 1.8448  decode.d5.loss_cls: 0.8552  decode.d5.loss_mask: 1.4584  decode.d5.loss_dice: 1.8288  decode.d6.loss_cls: 0.8227  decode.d6.loss_mask: 1.4551  decode.d6.loss_dice: 1.8253  decode.d7.loss_cls: 0.8513  decode.d7.loss_mask: 1.4465  decode.d7.loss_dice: 1.8403  decode.d8.loss_cls: 0.8478  decode.d8.loss_mask: 1.4450  decode.d8.loss_dice: 1.8352
2026/06/15 21:17:26 - mmengine - INFO - Iter(train) [ 4850/20000]  base_lr: 8.3548e-05 lr: 8.3548e-05  eta: 5:26:53  time: 1.2842  data_time: 0.0300  memory: 8609  grad_norm: 86.7137  loss: 43.6930  decode.loss_cls: 0.9909  decode.loss_mask: 1.4798  decode.loss_dice: 1.8075  decode.d0.loss_cls: 1.4054  decode.d0.loss_mask: 1.5122  decode.d0.loss_dice: 2.0309  decode.d1.loss_cls: 1.1021  decode.d1.loss_mask: 1.5001  decode.d1.loss_dice: 1.9353  decode.d2.loss_cls: 1.0061  decode.d2.loss_mask: 1.5021  decode.d2.loss_dice: 1.8342  decode.d3.loss_cls: 0.9731  decode.d3.loss_mask: 1.4925  decode.d3.loss_dice: 1.8009  decode.d4.loss_cls: 0.9912  decode.d4.loss_mask: 1.4981  decode.d4.loss_dice: 1.7888  decode.d5.loss_cls: 0.9822  decode.d5.loss_mask: 1.4736  decode.d5.loss_dice: 1.7867  decode.d6.loss_cls: 0.9524  decode.d6.loss_mask: 1.4925  decode.d6.loss_dice: 1.8065  decode.d7.loss_cls: 0.9529  decode.d7.loss_mask: 1.4844  decode.d7.loss_dice: 1.8032  decode.d8.loss_cls: 1.0131  decode.d8.loss_mask: 1.4858  decode.d8.loss_dice: 1.8085
2026/06/15 21:18:31 - mmengine - INFO - Iter(train) [ 4900/20000]  base_lr: 8.3300e-05 lr: 8.3300e-05  eta: 5:25:48  time: 1.2861  data_time: 0.0308  memory: 8609  grad_norm: 87.8165  loss: 42.7353  decode.loss_cls: 0.9186  decode.loss_mask: 1.5345  decode.loss_dice: 1.7852  decode.d0.loss_cls: 1.3979  decode.d0.loss_mask: 1.5282  decode.d0.loss_dice: 1.9445  decode.d1.loss_cls: 0.9504  decode.d1.loss_mask: 1.5444  decode.d1.loss_dice: 1.8932  decode.d2.loss_cls: 0.9321  decode.d2.loss_mask: 1.5094  decode.d2.loss_dice: 1.8240  decode.d3.loss_cls: 0.8268  decode.d3.loss_mask: 1.5231  decode.d3.loss_dice: 1.8033  decode.d4.loss_cls: 0.8388  decode.d4.loss_mask: 1.5256  decode.d4.loss_dice: 1.7934  decode.d5.loss_cls: 0.8258  decode.d5.loss_mask: 1.5120  decode.d5.loss_dice: 1.7931  decode.d6.loss_cls: 0.8674  decode.d6.loss_mask: 1.5321  decode.d6.loss_dice: 1.7834  decode.d7.loss_cls: 0.8639  decode.d7.loss_mask: 1.5079  decode.d7.loss_dice: 1.7847  decode.d8.loss_cls: 0.8906  decode.d8.loss_mask: 1.5182  decode.d8.loss_dice: 1.7830
2026/06/15 21:19:35 - mmengine - INFO - Iter(train) [ 4950/20000]  base_lr: 8.3052e-05 lr: 8.3052e-05  eta: 5:24:41  time: 1.2775  data_time: 0.0276  memory: 8609  grad_norm: 101.0053  loss: 42.0883  decode.loss_cls: 0.8387  decode.loss_mask: 1.4970  decode.loss_dice: 1.7562  decode.d0.loss_cls: 1.3658  decode.d0.loss_mask: 1.5210  decode.d0.loss_dice: 1.9461  decode.d1.loss_cls: 0.9829  decode.d1.loss_mask: 1.5204  decode.d1.loss_dice: 1.8891  decode.d2.loss_cls: 0.8777  decode.d2.loss_mask: 1.4748  decode.d2.loss_dice: 1.8143  decode.d3.loss_cls: 0.8547  decode.d3.loss_mask: 1.4742  decode.d3.loss_dice: 1.7629  decode.d4.loss_cls: 0.8189  decode.d4.loss_mask: 1.4943  decode.d4.loss_dice: 1.7563  decode.d5.loss_cls: 0.8811  decode.d5.loss_mask: 1.4781  decode.d5.loss_dice: 1.7476  decode.d6.loss_cls: 0.8625  decode.d6.loss_mask: 1.4940  decode.d6.loss_dice: 1.7635  decode.d7.loss_cls: 0.8601  decode.d7.loss_mask: 1.4881  decode.d7.loss_dice: 1.7474  decode.d8.loss_cls: 0.8646  decode.d8.loss_mask: 1.4962  decode.d8.loss_dice: 1.7599
2026/06/15 21:20:39 - mmengine - INFO - Exp name: dinov3l_m2f_pastis_temporal_v1_20260615_192803
2026/06/15 21:20:39 - mmengine - INFO - Iter(train) [ 5000/20000]  base_lr: 8.2804e-05 lr: 8.2804e-05  eta: 5:23:34  time: 1.2816  data_time: 0.0296  memory: 8609  grad_norm: 76.0099  loss: 44.5153  decode.loss_cls: 1.0435  decode.loss_mask: 1.5077  decode.loss_dice: 1.7936  decode.d0.loss_cls: 1.4546  decode.d0.loss_mask: 1.5253  decode.d0.loss_dice: 2.0285  decode.d1.loss_cls: 1.1404  decode.d1.loss_mask: 1.5211  decode.d1.loss_dice: 1.9411  decode.d2.loss_cls: 1.0391  decode.d2.loss_mask: 1.5436  decode.d2.loss_dice: 1.8731  decode.d3.loss_cls: 1.0112  decode.d3.loss_mask: 1.5108  decode.d3.loss_dice: 1.8461  decode.d4.loss_cls: 1.0371  decode.d4.loss_mask: 1.4924  decode.d4.loss_dice: 1.8355  decode.d5.loss_cls: 1.0190  decode.d5.loss_mask: 1.5145  decode.d5.loss_dice: 1.8519  decode.d6.loss_cls: 1.0467  decode.d6.loss_mask: 1.4923  decode.d6.loss_dice: 1.7931  decode.d7.loss_cls: 1.0398  decode.d7.loss_mask: 1.4842  decode.d7.loss_dice: 1.8000  decode.d8.loss_cls: 1.0269  decode.d8.loss_mask: 1.4995  decode.d8.loss_dice: 1.8026
2026/06/15 21:21:05 - mmengine - INFO - Iter(val) [ 50/121]    eta: 0:00:36  time: 0.5134  data_time: 0.0220  memory: 6109  
2026/06/15 21:21:31 - mmengine - INFO - Iter(val) [100/121]    eta: 0:00:10  time: 0.5137  data_time: 0.0225  memory: 6109  
2026/06/15 21:21:41 - mmengine - INFO - per class results:
2026/06/15 21:21:41 - mmengine - INFO - 
+---------+-------+-------+
|  Class  |  IoU  |  Acc  |
+---------+-------+-------+
|  crop_1 | 72.99 | 83.26 |
|  crop_2 | 62.11 | 76.28 |
|  crop_3 | 71.03 | 76.96 |
|  crop_4 | 77.11 |  88.3 |
|  crop_5 | 58.19 | 71.87 |
|  crop_6 | 82.14 |  89.9 |
|  crop_7 | 27.51 |  39.5 |
|  crop_8 | 32.35 | 40.32 |
|  crop_9 |  43.6 | 62.08 |
| crop_10 | 72.18 | 80.46 |
| crop_11 | 21.53 | 64.93 |
| crop_12 | 46.42 | 82.95 |
| crop_13 | 22.93 | 59.64 |
| crop_14 |  22.9 | 44.25 |
| crop_15 | 24.82 | 46.78 |
| crop_16 | 38.58 | 55.29 |
| crop_17 | 33.13 | 38.51 |
| crop_18 | 15.56 |  23.9 |
| crop_19 |  3.79 |  5.3  |
+---------+-------+-------+
2026/06/15 21:21:41 - mmengine - INFO - Iter(val) [121/121]    aAcc: 77.6700  mIoU: 43.6200  mAcc: 59.5000  data_time: 0.0245  time: 0.5106
2026/06/15 21:21:41 - mmengine - INFO - The previous best checkpoint /mnt/ht2-nas2/00-model/00-fb/mmseg_dino/work_dirs/dinov3l_m2f_pastis_temporal_v1/best_mIoU_iter_4000.pth is removed
2026/06/15 21:21:46 - mmengine - INFO - The best checkpoint with 43.6200 mIoU at 5000 iter is saved to best_mIoU_iter_5000.pth.
2026/06/15 21:22:58 - mmengine - INFO - Iter(train) [ 5050/20000]  base_lr: 8.2555e-05 lr: 8.2555e-05  eta: 5:23:05  time: 1.2846  data_time: 0.0307  memory: 8609  grad_norm: 88.7878  loss: 43.8294  decode.loss_cls: 0.9362  decode.loss_mask: 1.4882  decode.loss_dice: 1.8719  decode.d0.loss_cls: 1.3506  decode.d0.loss_mask: 1.5637  decode.d0.loss_dice: 2.0174  decode.d1.loss_cls: 1.0444  decode.d1.loss_mask: 1.5157  decode.d1.loss_dice: 1.9270  decode.d2.loss_cls: 0.9371  decode.d2.loss_mask: 1.5055  decode.d2.loss_dice: 1.8832  decode.d3.loss_cls: 0.9230  decode.d3.loss_mask: 1.4830  decode.d3.loss_dice: 1.8425  decode.d4.loss_cls: 0.9763  decode.d4.loss_mask: 1.5017  decode.d4.loss_dice: 1.8411  decode.d5.loss_cls: 0.9700  decode.d5.loss_mask: 1.4872  decode.d5.loss_dice: 1.8399  decode.d6.loss_cls: 0.9274  decode.d6.loss_mask: 1.5016  decode.d6.loss_dice: 1.8392  decode.d7.loss_cls: 0.9366  decode.d7.loss_mask: 1.5015  decode.d7.loss_dice: 1.8845  decode.d8.loss_cls: 0.9429  decode.d8.loss_mask: 1.5064  decode.d8.loss_dice: 1.8838
2026/06/15 21:24:02 - mmengine - INFO - Iter(train) [ 5100/20000]  base_lr: 8.2307e-05 lr: 8.2307e-05  eta: 5:21:58  time: 1.2882  data_time: 0.0305  memory: 8609  grad_norm: 90.5296  loss: 42.2815  decode.loss_cls: 0.9085  decode.loss_mask: 1.4047  decode.loss_dice: 1.7849  decode.d0.loss_cls: 1.5140  decode.d0.loss_mask: 1.4174  decode.d0.loss_dice: 1.9564  decode.d1.loss_cls: 1.1279  decode.d1.loss_mask: 1.4206  decode.d1.loss_dice: 1.8514  decode.d2.loss_cls: 0.9719  decode.d2.loss_mask: 1.4000  decode.d2.loss_dice: 1.7763  decode.d3.loss_cls: 1.0134  decode.d3.loss_mask: 1.3941  decode.d3.loss_dice: 1.7485  decode.d4.loss_cls: 0.9983  decode.d4.loss_mask: 1.4052  decode.d4.loss_dice: 1.7417  decode.d5.loss_cls: 0.9722  decode.d5.loss_mask: 1.3924  decode.d5.loss_dice: 1.7424  decode.d6.loss_cls: 0.9803  decode.d6.loss_mask: 1.4003  decode.d6.loss_dice: 1.7412  decode.d7.loss_cls: 0.9797  decode.d7.loss_mask: 1.3809  decode.d7.loss_dice: 1.7448  decode.d8.loss_cls: 0.9599  decode.d8.loss_mask: 1.3874  decode.d8.loss_dice: 1.7648
2026/06/15 21:25:06 - mmengine - INFO - Iter(train) [ 5150/20000]  base_lr: 8.2058e-05 lr: 8.2058e-05  eta: 5:20:52  time: 1.2867  data_time: 0.0314  memory: 8609  grad_norm: 91.2370  loss: 43.4046  decode.loss_cls: 0.9790  decode.loss_mask: 1.4855  decode.loss_dice: 1.7974  decode.d0.loss_cls: 1.2979  decode.d0.loss_mask: 1.4538  decode.d0.loss_dice: 1.9888  decode.d1.loss_cls: 0.9693  decode.d1.loss_mask: 1.4782  decode.d1.loss_dice: 1.9503  decode.d2.loss_cls: 0.9824  decode.d2.loss_mask: 1.4749  decode.d2.loss_dice: 1.8369  decode.d3.loss_cls: 1.0459  decode.d3.loss_mask: 1.4644  decode.d3.loss_dice: 1.7900  decode.d4.loss_cls: 1.0014  decode.d4.loss_mask: 1.4677  decode.d4.loss_dice: 1.8268  decode.d5.loss_cls: 0.9898  decode.d5.loss_mask: 1.4731  decode.d5.loss_dice: 1.8131  decode.d6.loss_cls: 0.9651  decode.d6.loss_mask: 1.4801  decode.d6.loss_dice: 1.8234  decode.d7.loss_cls: 0.9631  decode.d7.loss_mask: 1.4628  decode.d7.loss_dice: 1.8023  decode.d8.loss_cls: 1.0395  decode.d8.loss_mask: 1.4995  decode.d8.loss_dice: 1.8025
2026/06/15 21:26:11 - mmengine - INFO - Iter(train) [ 5200/20000]  base_lr: 8.1809e-05 lr: 8.1809e-05  eta: 5:19:46  time: 1.2870  data_time: 0.0308  memory: 8609  grad_norm: 89.9801  loss: 42.1970  decode.loss_cls: 0.9507  decode.loss_mask: 1.4353  decode.loss_dice: 1.7239  decode.d0.loss_cls: 1.4140  decode.d0.loss_mask: 1.4697  decode.d0.loss_dice: 1.9343  decode.d1.loss_cls: 1.0538  decode.d1.loss_mask: 1.4612  decode.d1.loss_dice: 1.8238  decode.d2.loss_cls: 0.9562  decode.d2.loss_mask: 1.4348  decode.d2.loss_dice: 1.7579  decode.d3.loss_cls: 0.9512  decode.d3.loss_mask: 1.4346  decode.d3.loss_dice: 1.7302  decode.d4.loss_cls: 0.9566  decode.d4.loss_mask: 1.4393  decode.d4.loss_dice: 1.7528  decode.d5.loss_cls: 0.9302  decode.d5.loss_mask: 1.4397  decode.d5.loss_dice: 1.7582  decode.d6.loss_cls: 0.9438  decode.d6.loss_mask: 1.4404  decode.d6.loss_dice: 1.7406  decode.d7.loss_cls: 0.9678  decode.d7.loss_mask: 1.4306  decode.d7.loss_dice: 1.7324  decode.d8.loss_cls: 0.9917  decode.d8.loss_mask: 1.4326  decode.d8.loss_dice: 1.7086
2026/06/15 21:27:15 - mmengine - INFO - Iter(train) [ 5250/20000]  base_lr: 8.1560e-05 lr: 8.1560e-05  eta: 5:18:39  time: 1.2837  data_time: 0.0307  memory: 8609  grad_norm: 95.7340  loss: 41.8106  decode.loss_cls: 0.9512  decode.loss_mask: 1.3696  decode.loss_dice: 1.7436  decode.d0.loss_cls: 1.4508  decode.d0.loss_mask: 1.4351  decode.d0.loss_dice: 1.9900  decode.d1.loss_cls: 1.0795  decode.d1.loss_mask: 1.4201  decode.d1.loss_dice: 1.8844  decode.d2.loss_cls: 0.9283  decode.d2.loss_mask: 1.3809  decode.d2.loss_dice: 1.7629  decode.d3.loss_cls: 0.9182  decode.d3.loss_mask: 1.3640  decode.d3.loss_dice: 1.7415  decode.d4.loss_cls: 1.0245  decode.d4.loss_mask: 1.3496  decode.d4.loss_dice: 1.7012  decode.d5.loss_cls: 0.9903  decode.d5.loss_mask: 1.3466  decode.d5.loss_dice: 1.6996  decode.d6.loss_cls: 1.0150  decode.d6.loss_mask: 1.3610  decode.d6.loss_dice: 1.7079  decode.d7.loss_cls: 0.9716  decode.d7.loss_mask: 1.3818  decode.d7.loss_dice: 1.7442  decode.d8.loss_cls: 0.9788  decode.d8.loss_mask: 1.3721  decode.d8.loss_dice: 1.7462
2026/06/15 21:28:19 - mmengine - INFO - Iter(train) [ 5300/20000]  base_lr: 8.1312e-05 lr: 8.1312e-05  eta: 5:17:33  time: 1.2886  data_time: 0.0315  memory: 8609  grad_norm: 88.9283  loss: 41.4912  decode.loss_cls: 0.9489  decode.loss_mask: 1.3689  decode.loss_dice: 1.7118  decode.d0.loss_cls: 1.4196  decode.d0.loss_mask: 1.4024  decode.d0.loss_dice: 1.8900  decode.d1.loss_cls: 1.0410  decode.d1.loss_mask: 1.3933  decode.d1.loss_dice: 1.8178  decode.d2.loss_cls: 1.0114  decode.d2.loss_mask: 1.3833  decode.d2.loss_dice: 1.7344  decode.d3.loss_cls: 0.9847  decode.d3.loss_mask: 1.3668  decode.d3.loss_dice: 1.7103  decode.d4.loss_cls: 1.0391  decode.d4.loss_mask: 1.3660  decode.d4.loss_dice: 1.6958  decode.d5.loss_cls: 0.9945  decode.d5.loss_mask: 1.3625  decode.d5.loss_dice: 1.6953  decode.d6.loss_cls: 0.9783  decode.d6.loss_mask: 1.3721  decode.d6.loss_dice: 1.7043  decode.d7.loss_cls: 0.9660  decode.d7.loss_mask: 1.3610  decode.d7.loss_dice: 1.7113  decode.d8.loss_cls: 0.9990  decode.d8.loss_mask: 1.3618  decode.d8.loss_dice: 1.6994
2026/06/15 21:29:23 - mmengine - INFO - Iter(train) [ 5350/20000]  base_lr: 8.1063e-05 lr: 8.1063e-05  eta: 5:16:27  time: 1.2834  data_time: 0.0297  memory: 8609  grad_norm: 90.0223  loss: 44.3133  decode.loss_cls: 0.9057  decode.loss_mask: 1.5496  decode.loss_dice: 1.8979  decode.d0.loss_cls: 1.5049  decode.d0.loss_mask: 1.5429  decode.d0.loss_dice: 2.0191  decode.d1.loss_cls: 1.0867  decode.d1.loss_mask: 1.5624  decode.d1.loss_dice: 1.9670  decode.d2.loss_cls: 0.9068  decode.d2.loss_mask: 1.5538  decode.d2.loss_dice: 1.9414  decode.d3.loss_cls: 0.8995  decode.d3.loss_mask: 1.5381  decode.d3.loss_dice: 1.8746  decode.d4.loss_cls: 0.8953  decode.d4.loss_mask: 1.5258  decode.d4.loss_dice: 1.8795  decode.d5.loss_cls: 0.9129  decode.d5.loss_mask: 1.5283  decode.d5.loss_dice: 1.8829  decode.d6.loss_cls: 0.8893  decode.d6.loss_mask: 1.5135  decode.d6.loss_dice: 1.8844  decode.d7.loss_cls: 0.9058  decode.d7.loss_mask: 1.5364  decode.d7.loss_dice: 1.8748  decode.d8.loss_cls: 0.9144  decode.d8.loss_mask: 1.5339  decode.d8.loss_dice: 1.8855
2026/06/15 21:30:28 - mmengine - INFO - Iter(train) [ 5400/20000]  base_lr: 8.0814e-05 lr: 8.0814e-05  eta: 5:15:21  time: 1.2847  data_time: 0.0316  memory: 8609  grad_norm: 95.9307  loss: 42.8113  decode.loss_cls: 0.9205  decode.loss_mask: 1.5006  decode.loss_dice: 1.7400  decode.d0.loss_cls: 1.3952  decode.d0.loss_mask: 1.5157  decode.d0.loss_dice: 1.9425  decode.d1.loss_cls: 1.1787  decode.d1.loss_mask: 1.4475  decode.d1.loss_dice: 1.8299  decode.d2.loss_cls: 0.9311  decode.d2.loss_mask: 1.4891  decode.d2.loss_dice: 1.8130  decode.d3.loss_cls: 0.9547  decode.d3.loss_mask: 1.4999  decode.d3.loss_dice: 1.7572  decode.d4.loss_cls: 0.9501  decode.d4.loss_mask: 1.4748  decode.d4.loss_dice: 1.7641  decode.d5.loss_cls: 0.9428  decode.d5.loss_mask: 1.4677  decode.d5.loss_dice: 1.7605  decode.d6.loss_cls: 0.9373  decode.d6.loss_mask: 1.4656  decode.d6.loss_dice: 1.7500  decode.d7.loss_cls: 0.9380  decode.d7.loss_mask: 1.4880  decode.d7.loss_dice: 1.7604  decode.d8.loss_cls: 0.9583  decode.d8.loss_mask: 1.4796  decode.d8.loss_dice: 1.7586
2026/06/15 21:31:32 - mmengine - INFO - Iter(train) [ 5450/20000]  base_lr: 8.0564e-05 lr: 8.0564e-05  eta: 5:14:14  time: 1.2933  data_time: 0.0318  memory: 8609  grad_norm: 81.7672  loss: 43.2781  decode.loss_cls: 0.9160  decode.loss_mask: 1.5284  decode.loss_dice: 1.7680  decode.d0.loss_cls: 1.3969  decode.d0.loss_mask: 1.5774  decode.d0.loss_dice: 1.9680  decode.d1.loss_cls: 1.0649  decode.d1.loss_mask: 1.5337  decode.d1.loss_dice: 1.8602  decode.d2.loss_cls: 0.9412  decode.d2.loss_mask: 1.5148  decode.d2.loss_dice: 1.8210  decode.d3.loss_cls: 0.9297  decode.d3.loss_mask: 1.5361  decode.d3.loss_dice: 1.7511  decode.d4.loss_cls: 0.9562  decode.d4.loss_mask: 1.5442  decode.d4.loss_dice: 1.7714  decode.d5.loss_cls: 0.9483  decode.d5.loss_mask: 1.5421  decode.d5.loss_dice: 1.7780  decode.d6.loss_cls: 0.9136  decode.d6.loss_mask: 1.5420  decode.d6.loss_dice: 1.7634  decode.d7.loss_cls: 0.9189  decode.d7.loss_mask: 1.5298  decode.d7.loss_dice: 1.7618  decode.d8.loss_cls: 0.8933  decode.d8.loss_mask: 1.5262  decode.d8.loss_dice: 1.7816
2026/06/15 21:32:37 - mmengine - INFO - Iter(train) [ 5500/20000]  base_lr: 8.0315e-05 lr: 8.0315e-05  eta: 5:13:09  time: 1.2911  data_time: 0.0325  memory: 8609  grad_norm: 86.0139  loss: 40.1343  decode.loss_cls: 0.8175  decode.loss_mask: 1.4002  decode.loss_dice: 1.6896  decode.d0.loss_cls: 1.4106  decode.d0.loss_mask: 1.4237  decode.d0.loss_dice: 1.8317  decode.d1.loss_cls: 1.0097  decode.d1.loss_mask: 1.4159  decode.d1.loss_dice: 1.8010  decode.d2.loss_cls: 0.8743  decode.d2.loss_mask: 1.3902  decode.d2.loss_dice: 1.7299  decode.d3.loss_cls: 0.7926  decode.d3.loss_mask: 1.3688  decode.d3.loss_dice: 1.7008  decode.d4.loss_cls: 0.7986  decode.d4.loss_mask: 1.3831  decode.d4.loss_dice: 1.7085  decode.d5.loss_cls: 0.7697  decode.d5.loss_mask: 1.3842  decode.d5.loss_dice: 1.7099  decode.d6.loss_cls: 0.8045  decode.d6.loss_mask: 1.4091  decode.d6.loss_dice: 1.6960  decode.d7.loss_cls: 0.7982  decode.d7.loss_mask: 1.4079  decode.d7.loss_dice: 1.7148  decode.d8.loss_cls: 0.7782  decode.d8.loss_mask: 1.3998  decode.d8.loss_dice: 1.7153
2026/06/15 21:33:42 - mmengine - INFO - Iter(train) [ 5550/20000]  base_lr: 8.0066e-05 lr: 8.0066e-05  eta: 5:12:05  time: 1.3015  data_time: 0.0336  memory: 8609  grad_norm: 91.7513  loss: 39.5608  decode.loss_cls: 0.7682  decode.loss_mask: 1.4216  decode.loss_dice: 1.5649  decode.d0.loss_cls: 1.4898  decode.d0.loss_mask: 1.4805  decode.d0.loss_dice: 1.7885  decode.d1.loss_cls: 0.9505  decode.d1.loss_mask: 1.4646  decode.d1.loss_dice: 1.7325  decode.d2.loss_cls: 0.8191  decode.d2.loss_mask: 1.4421  decode.d2.loss_dice: 1.6226  decode.d3.loss_cls: 0.8249  decode.d3.loss_mask: 1.4541  decode.d3.loss_dice: 1.5880  decode.d4.loss_cls: 0.8178  decode.d4.loss_mask: 1.4498  decode.d4.loss_dice: 1.6017  decode.d5.loss_cls: 0.8341  decode.d5.loss_mask: 1.4299  decode.d5.loss_dice: 1.6041  decode.d6.loss_cls: 0.7637  decode.d6.loss_mask: 1.4461  decode.d6.loss_dice: 1.5787  decode.d7.loss_cls: 0.7969  decode.d7.loss_mask: 1.4356  decode.d7.loss_dice: 1.5797  decode.d8.loss_cls: 0.7883  decode.d8.loss_mask: 1.4393  decode.d8.loss_dice: 1.5833
2026/06/15 21:34:46 - mmengine - INFO - Iter(train) [ 5600/20000]  base_lr: 7.9817e-05 lr: 7.9817e-05  eta: 5:10:59  time: 1.2815  data_time: 0.0313  memory: 8609  grad_norm: 85.6694  loss: 43.3761  decode.loss_cls: 0.8778  decode.loss_mask: 1.5077  decode.loss_dice: 1.8733  decode.d0.loss_cls: 1.3361  decode.d0.loss_mask: 1.5335  decode.d0.loss_dice: 2.0118  decode.d1.loss_cls: 0.9078  decode.d1.loss_mask: 1.5335  decode.d1.loss_dice: 1.9582  decode.d2.loss_cls: 0.8490  decode.d2.loss_mask: 1.5110  decode.d2.loss_dice: 1.9122  decode.d3.loss_cls: 0.8866  decode.d3.loss_mask: 1.5193  decode.d3.loss_dice: 1.8522  decode.d4.loss_cls: 0.8866  decode.d4.loss_mask: 1.5058  decode.d4.loss_dice: 1.8594  decode.d5.loss_cls: 0.8436  decode.d5.loss_mask: 1.5140  decode.d5.loss_dice: 1.8772  decode.d6.loss_cls: 0.9265  decode.d6.loss_mask: 1.4941  decode.d6.loss_dice: 1.8566  decode.d7.loss_cls: 0.8977  decode.d7.loss_mask: 1.5131  decode.d7.loss_dice: 1.8578  decode.d8.loss_cls: 0.9433  decode.d8.loss_mask: 1.4959  decode.d8.loss_dice: 1.8347
2026/06/15 21:35:51 - mmengine - INFO - Iter(train) [ 5650/20000]  base_lr: 7.9567e-05 lr: 7.9567e-05  eta: 5:09:54  time: 1.2916  data_time: 0.0342  memory: 8609  grad_norm: 82.4298  loss: 43.0009  decode.loss_cls: 0.9437  decode.loss_mask: 1.5042  decode.loss_dice: 1.7494  decode.d0.loss_cls: 1.3548  decode.d0.loss_mask: 1.5864  decode.d0.loss_dice: 1.9707  decode.d1.loss_cls: 1.1012  decode.d1.loss_mask: 1.5143  decode.d1.loss_dice: 1.8265  decode.d2.loss_cls: 1.0191  decode.d2.loss_mask: 1.4870  decode.d2.loss_dice: 1.7725  decode.d3.loss_cls: 0.9587  decode.d3.loss_mask: 1.4766  decode.d3.loss_dice: 1.7428  decode.d4.loss_cls: 0.9597  decode.d4.loss_mask: 1.5008  decode.d4.loss_dice: 1.7412  decode.d5.loss_cls: 0.9552  decode.d5.loss_mask: 1.4867  decode.d5.loss_dice: 1.7440  decode.d6.loss_cls: 0.9565  decode.d6.loss_mask: 1.4744  decode.d6.loss_dice: 1.7377  decode.d7.loss_cls: 0.9822  decode.d7.loss_mask: 1.4951  decode.d7.loss_dice: 1.7364  decode.d8.loss_cls: 0.9853  decode.d8.loss_mask: 1.5051  decode.d8.loss_dice: 1.7326
2026/06/15 21:36:55 - mmengine - INFO - Iter(train) [ 5700/20000]  base_lr: 7.9317e-05 lr: 7.9317e-05  eta: 5:08:48  time: 1.2945  data_time: 0.0334  memory: 8609  grad_norm: 91.9309  loss: 43.3592  decode.loss_cls: 0.8824  decode.loss_mask: 1.5599  decode.loss_dice: 1.8218  decode.d0.loss_cls: 1.2515  decode.d0.loss_mask: 1.5756  decode.d0.loss_dice: 2.0152  decode.d1.loss_cls: 0.8719  decode.d1.loss_mask: 1.5952  decode.d1.loss_dice: 1.9632  decode.d2.loss_cls: 0.8520  decode.d2.loss_mask: 1.5679  decode.d2.loss_dice: 1.8694  decode.d3.loss_cls: 0.8379  decode.d3.loss_mask: 1.5749  decode.d3.loss_dice: 1.8463  decode.d4.loss_cls: 0.8562  decode.d4.loss_mask: 1.5637  decode.d4.loss_dice: 1.8522  decode.d5.loss_cls: 0.8428  decode.d5.loss_mask: 1.5432  decode.d5.loss_dice: 1.8318  decode.d6.loss_cls: 0.8630  decode.d6.loss_mask: 1.5508  decode.d6.loss_dice: 1.8171  decode.d7.loss_cls: 0.8694  decode.d7.loss_mask: 1.5607  decode.d7.loss_dice: 1.8380  decode.d8.loss_cls: 0.8811  decode.d8.loss_mask: 1.5625  decode.d8.loss_dice: 1.8418
2026/06/15 21:38:00 - mmengine - INFO - Iter(train) [ 5750/20000]  base_lr: 7.9068e-05 lr: 7.9068e-05  eta: 5:07:43  time: 1.2858  data_time: 0.0314  memory: 8609  grad_norm: 87.6228  loss: 42.4677  decode.loss_cls: 0.8345  decode.loss_mask: 1.5680  decode.loss_dice: 1.7379  decode.d0.loss_cls: 1.2903  decode.d0.loss_mask: 1.5845  decode.d0.loss_dice: 1.9443  decode.d1.loss_cls: 0.9357  decode.d1.loss_mask: 1.6031  decode.d1.loss_dice: 1.8700  decode.d2.loss_cls: 0.8518  decode.d2.loss_mask: 1.5888  decode.d2.loss_dice: 1.7881  decode.d3.loss_cls: 0.8836  decode.d3.loss_mask: 1.5519  decode.d3.loss_dice: 1.7364  decode.d4.loss_cls: 0.8732  decode.d4.loss_mask: 1.5656  decode.d4.loss_dice: 1.7542  decode.d5.loss_cls: 0.8354  decode.d5.loss_mask: 1.5668  decode.d5.loss_dice: 1.7607  decode.d6.loss_cls: 0.8383  decode.d6.loss_mask: 1.5511  decode.d6.loss_dice: 1.7328  decode.d7.loss_cls: 0.8407  decode.d7.loss_mask: 1.5416  decode.d7.loss_dice: 1.7277  decode.d8.loss_cls: 0.8543  decode.d8.loss_mask: 1.5259  decode.d8.loss_dice: 1.7305
2026/06/15 21:39:04 - mmengine - INFO - Iter(train) [ 5800/20000]  base_lr: 7.8818e-05 lr: 7.8818e-05  eta: 5:06:37  time: 1.2858  data_time: 0.0323  memory: 8609  grad_norm: 88.9798  loss: 41.4564  decode.loss_cls: 0.9601  decode.loss_mask: 1.4422  decode.loss_dice: 1.6462  decode.d0.loss_cls: 1.4399  decode.d0.loss_mask: 1.4709  decode.d0.loss_dice: 1.8631  decode.d1.loss_cls: 1.0841  decode.d1.loss_mask: 1.4416  decode.d1.loss_dice: 1.8129  decode.d2.loss_cls: 0.9992  decode.d2.loss_mask: 1.4269  decode.d2.loss_dice: 1.7176  decode.d3.loss_cls: 0.9075  decode.d3.loss_mask: 1.4187  decode.d3.loss_dice: 1.6692  decode.d4.loss_cls: 0.9385  decode.d4.loss_mask: 1.4274  decode.d4.loss_dice: 1.6487  decode.d5.loss_cls: 0.9288  decode.d5.loss_mask: 1.4415  decode.d5.loss_dice: 1.6558  decode.d6.loss_cls: 0.9382  decode.d6.loss_mask: 1.4298  decode.d6.loss_dice: 1.6531  decode.d7.loss_cls: 0.9523  decode.d7.loss_mask: 1.4392  decode.d7.loss_dice: 1.6581  decode.d8.loss_cls: 0.9477  decode.d8.loss_mask: 1.4514  decode.d8.loss_dice: 1.6459
2026/06/15 21:40:08 - mmengine - INFO - Iter(train) [ 5850/20000]  base_lr: 7.8568e-05 lr: 7.8568e-05  eta: 5:05:31  time: 1.2873  data_time: 0.0332  memory: 8609  grad_norm: 87.0381  loss: 42.0769  decode.loss_cls: 0.9203  decode.loss_mask: 1.5354  decode.loss_dice: 1.6298  decode.d0.loss_cls: 1.4992  decode.d0.loss_mask: 1.5347  decode.d0.loss_dice: 1.8613  decode.d1.loss_cls: 1.1166  decode.d1.loss_mask: 1.5473  decode.d1.loss_dice: 1.7628  decode.d2.loss_cls: 0.9623  decode.d2.loss_mask: 1.5392  decode.d2.loss_dice: 1.6823  decode.d3.loss_cls: 0.9469  decode.d3.loss_mask: 1.4938  decode.d3.loss_dice: 1.6696  decode.d4.loss_cls: 0.9319  decode.d4.loss_mask: 1.4846  decode.d4.loss_dice: 1.6647  decode.d5.loss_cls: 0.9240  decode.d5.loss_mask: 1.5123  decode.d5.loss_dice: 1.6363  decode.d6.loss_cls: 0.9198  decode.d6.loss_mask: 1.5209  decode.d6.loss_dice: 1.6530  decode.d7.loss_cls: 0.8902  decode.d7.loss_mask: 1.5258  decode.d7.loss_dice: 1.6458  decode.d8.loss_cls: 0.9205  decode.d8.loss_mask: 1.5239  decode.d8.loss_dice: 1.6215
2026/06/15 21:41:13 - mmengine - INFO - Iter(train) [ 5900/20000]  base_lr: 7.8318e-05 lr: 7.8318e-05  eta: 5:04:26  time: 1.2946  data_time: 0.0342  memory: 8609  grad_norm: 96.0180  loss: 42.0408  decode.loss_cls: 0.8183  decode.loss_mask: 1.5299  decode.loss_dice: 1.7421  decode.d0.loss_cls: 1.2320  decode.d0.loss_mask: 1.5570  decode.d0.loss_dice: 1.9314  decode.d1.loss_cls: 0.9260  decode.d1.loss_mask: 1.5442  decode.d1.loss_dice: 1.8484  decode.d2.loss_cls: 0.9099  decode.d2.loss_mask: 1.5379  decode.d2.loss_dice: 1.7766  decode.d3.loss_cls: 0.8648  decode.d3.loss_mask: 1.5362  decode.d3.loss_dice: 1.7348  decode.d4.loss_cls: 0.8208  decode.d4.loss_mask: 1.5735  decode.d4.loss_dice: 1.7478  decode.d5.loss_cls: 0.8583  decode.d5.loss_mask: 1.5420  decode.d5.loss_dice: 1.7182  decode.d6.loss_cls: 0.8390  decode.d6.loss_mask: 1.5177  decode.d6.loss_dice: 1.7026  decode.d7.loss_cls: 0.8530  decode.d7.loss_mask: 1.5172  decode.d7.loss_dice: 1.7327  decode.d8.loss_cls: 0.8694  decode.d8.loss_mask: 1.5097  decode.d8.loss_dice: 1.7495
2026/06/15 21:42:17 - mmengine - INFO - Iter(train) [ 5950/20000]  base_lr: 7.8068e-05 lr: 7.8068e-05  eta: 5:03:21  time: 1.2885  data_time: 0.0331  memory: 8609  grad_norm: 78.5327  loss: 40.5187  decode.loss_cls: 0.9819  decode.loss_mask: 1.3567  decode.loss_dice: 1.5867  decode.d0.loss_cls: 1.3978  decode.d0.loss_mask: 1.4481  decode.d0.loss_dice: 1.8259  decode.d1.loss_cls: 1.0022  decode.d1.loss_mask: 1.4496  decode.d1.loss_dice: 1.7529  decode.d2.loss_cls: 0.9261  decode.d2.loss_mask: 1.3916  decode.d2.loss_dice: 1.6737  decode.d3.loss_cls: 0.9236  decode.d3.loss_mask: 1.3810  decode.d3.loss_dice: 1.6244  decode.d4.loss_cls: 0.9492  decode.d4.loss_mask: 1.3744  decode.d4.loss_dice: 1.6286  decode.d5.loss_cls: 0.9464  decode.d5.loss_mask: 1.3799  decode.d5.loss_dice: 1.6258  decode.d6.loss_cls: 0.9180  decode.d6.loss_mask: 1.3937  decode.d6.loss_dice: 1.6087  decode.d7.loss_cls: 0.9552  decode.d7.loss_mask: 1.4182  decode.d7.loss_dice: 1.6206  decode.d8.loss_cls: 0.9188  decode.d8.loss_mask: 1.4158  decode.d8.loss_dice: 1.6436
2026/06/15 21:43:22 - mmengine - INFO - Exp name: dinov3l_m2f_pastis_temporal_v1_20260615_192803
2026/06/15 21:43:22 - mmengine - INFO - Iter(train) [ 6000/20000]  base_lr: 7.7818e-05 lr: 7.7818e-05  eta: 5:02:16  time: 1.2933  data_time: 0.0339  memory: 8609  grad_norm: 84.8129  loss: 40.8818  decode.loss_cls: 0.8503  decode.loss_mask: 1.4570  decode.loss_dice: 1.7184  decode.d0.loss_cls: 1.3451  decode.d0.loss_mask: 1.4566  decode.d0.loss_dice: 1.9011  decode.d1.loss_cls: 1.0060  decode.d1.loss_mask: 1.4543  decode.d1.loss_dice: 1.7966  decode.d2.loss_cls: 0.8659  decode.d2.loss_mask: 1.4422  decode.d2.loss_dice: 1.7128  decode.d3.loss_cls: 0.8407  decode.d3.loss_mask: 1.4471  decode.d3.loss_dice: 1.6836  decode.d4.loss_cls: 0.8334  decode.d4.loss_mask: 1.4517  decode.d4.loss_dice: 1.6911  decode.d5.loss_cls: 0.8142  decode.d5.loss_mask: 1.4424  decode.d5.loss_dice: 1.6971  decode.d6.loss_cls: 0.8149  decode.d6.loss_mask: 1.4459  decode.d6.loss_dice: 1.7251  decode.d7.loss_cls: 0.7884  decode.d7.loss_mask: 1.4621  decode.d7.loss_dice: 1.7268  decode.d8.loss_cls: 0.8432  decode.d8.loss_mask: 1.4589  decode.d8.loss_dice: 1.7090
2026/06/15 21:43:22 - mmengine - INFO - Saving checkpoint at 6000 iterations
2026/06/15 21:43:55 - mmengine - INFO - Iter(val) [ 50/121]    eta: 0:00:36  time: 0.5037  data_time: 0.0194  memory: 6109  
2026/06/15 21:44:20 - mmengine - INFO - Iter(val) [100/121]    eta: 0:00:10  time: 0.5127  data_time: 0.0221  memory: 6109  
2026/06/15 21:44:31 - mmengine - INFO - per class results:
2026/06/15 21:44:31 - mmengine - INFO - 
+---------+-------+-------+
|  Class  |  IoU  |  Acc  |
+---------+-------+-------+
|  crop_1 | 71.71 | 80.45 |
|  crop_2 | 61.28 | 77.45 |
|  crop_3 | 75.84 | 83.82 |
|  crop_4 | 78.61 | 88.09 |
|  crop_5 | 60.81 | 86.22 |
|  crop_6 | 82.17 | 94.02 |
|  crop_7 | 30.53 | 46.12 |
|  crop_8 |  40.7 | 70.01 |
|  crop_9 | 40.79 | 55.94 |
| crop_10 |  76.1 |  89.5 |
| crop_11 | 26.58 | 46.37 |
| crop_12 | 42.78 | 85.93 |
| crop_13 | 14.01 |  47.7 |
| crop_14 | 27.62 | 49.93 |
| crop_15 | 19.02 | 26.84 |
| crop_16 | 42.58 | 56.77 |
| crop_17 | 38.53 |  57.5 |
| crop_18 | 17.86 | 25.41 |
| crop_19 |  8.97 | 13.46 |
+---------+-------+-------+
2026/06/15 21:44:31 - mmengine - INFO - Iter(val) [121/121]    aAcc: 77.6100  mIoU: 45.0800  mAcc: 62.1900  data_time: 0.0239  time: 0.5078
2026/06/15 21:44:31 - mmengine - INFO - The previous best checkpoint /mnt/ht2-nas2/00-model/00-fb/mmseg_dino/work_dirs/dinov3l_m2f_pastis_temporal_v1/best_mIoU_iter_5000.pth is removed
2026/06/15 21:44:37 - mmengine - INFO - The best checkpoint with 45.0800 mIoU at 6000 iter is saved to best_mIoU_iter_6000.pth.
2026/06/15 21:45:49 - mmengine - INFO - Iter(train) [ 6050/20000]  base_lr: 7.7568e-05 lr: 7.7568e-05  eta: 5:01:41  time: 1.2750  data_time: 0.0271  memory: 8609  grad_norm: 87.5263  loss: 40.6373  decode.loss_cls: 0.7451  decode.loss_mask: 1.4959  decode.loss_dice: 1.7316  decode.d0.loss_cls: 1.2265  decode.d0.loss_mask: 1.5728  decode.d0.loss_dice: 1.8860  decode.d1.loss_cls: 0.9193  decode.d1.loss_mask: 1.5235  decode.d1.loss_dice: 1.8103  decode.d2.loss_cls: 0.7962  decode.d2.loss_mask: 1.4939  decode.d2.loss_dice: 1.7459  decode.d3.loss_cls: 0.7785  decode.d3.loss_mask: 1.4790  decode.d3.loss_dice: 1.7186  decode.d4.loss_cls: 0.7537  decode.d4.loss_mask: 1.4752  decode.d4.loss_dice: 1.7202  decode.d5.loss_cls: 0.7510  decode.d5.loss_mask: 1.4851  decode.d5.loss_dice: 1.7022  decode.d6.loss_cls: 0.7316  decode.d6.loss_mask: 1.4987  decode.d6.loss_dice: 1.7118  decode.d7.loss_cls: 0.7250  decode.d7.loss_mask: 1.4880  decode.d7.loss_dice: 1.7111  decode.d8.loss_cls: 0.7885  decode.d8.loss_mask: 1.4657  decode.d8.loss_dice: 1.7063
2026/06/15 21:46:53 - mmengine - INFO - Iter(train) [ 6100/20000]  base_lr: 7.7318e-05 lr: 7.7318e-05  eta: 5:00:35  time: 1.2910  data_time: 0.0324  memory: 8609  grad_norm: 89.1245  loss: 40.5391  decode.loss_cls: 0.6702  decode.loss_mask: 1.4851  decode.loss_dice: 1.8037  decode.d0.loss_cls: 1.0632  decode.d0.loss_mask: 1.5541  decode.d0.loss_dice: 1.9708  decode.d1.loss_cls: 0.7256  decode.d1.loss_mask: 1.5005  decode.d1.loss_dice: 1.8991  decode.d2.loss_cls: 0.6641  decode.d2.loss_mask: 1.4951  decode.d2.loss_dice: 1.8406  decode.d3.loss_cls: 0.7022  decode.d3.loss_mask: 1.4795  decode.d3.loss_dice: 1.8336  decode.d4.loss_cls: 0.6845  decode.d4.loss_mask: 1.4745  decode.d4.loss_dice: 1.8139  decode.d5.loss_cls: 0.6882  decode.d5.loss_mask: 1.4731  decode.d5.loss_dice: 1.8290  decode.d6.loss_cls: 0.6955  decode.d6.loss_mask: 1.4819  decode.d6.loss_dice: 1.8097  decode.d7.loss_cls: 0.6603  decode.d7.loss_mask: 1.4692  decode.d7.loss_dice: 1.8041  decode.d8.loss_cls: 0.6734  decode.d8.loss_mask: 1.4795  decode.d8.loss_dice: 1.8147
2026/06/15 21:47:58 - mmengine - INFO - Iter(train) [ 6150/20000]  base_lr: 7.7068e-05 lr: 7.7068e-05  eta: 4:59:30  time: 1.2963  data_time: 0.0358  memory: 8609  grad_norm: 105.0661  loss: 43.8932  decode.loss_cls: 0.9242  decode.loss_mask: 1.5196  decode.loss_dice: 1.8593  decode.d0.loss_cls: 1.3519  decode.d0.loss_mask: 1.5736  decode.d0.loss_dice: 2.0549  decode.d1.loss_cls: 1.0571  decode.d1.loss_mask: 1.5560  decode.d1.loss_dice: 1.9394  decode.d2.loss_cls: 0.9539  decode.d2.loss_mask: 1.5096  decode.d2.loss_dice: 1.8789  decode.d3.loss_cls: 0.9159  decode.d3.loss_mask: 1.4924  decode.d3.loss_dice: 1.8686  decode.d4.loss_cls: 0.9175  decode.d4.loss_mask: 1.5045  decode.d4.loss_dice: 1.8625  decode.d5.loss_cls: 0.9251  decode.d5.loss_mask: 1.5075  decode.d5.loss_dice: 1.8579  decode.d6.loss_cls: 0.8890  decode.d6.loss_mask: 1.5357  decode.d6.loss_dice: 1.8673  decode.d7.loss_cls: 0.9001  decode.d7.loss_mask: 1.5208  decode.d7.loss_dice: 1.8588  decode.d8.loss_cls: 0.8931  decode.d8.loss_mask: 1.5309  decode.d8.loss_dice: 1.8671
2026/06/15 21:49:03 - mmengine - INFO - Iter(train) [ 6200/20000]  base_lr: 7.6817e-05 lr: 7.6817e-05  eta: 4:58:25  time: 1.2949  data_time: 0.0347  memory: 8609  grad_norm: 104.6678  loss: 42.0218  decode.loss_cls: 0.8771  decode.loss_mask: 1.4469  decode.loss_dice: 1.7495  decode.d0.loss_cls: 1.4228  decode.d0.loss_mask: 1.4675  decode.d0.loss_dice: 1.9832  decode.d1.loss_cls: 1.0859  decode.d1.loss_mask: 1.4507  decode.d1.loss_dice: 1.8899  decode.d2.loss_cls: 0.9289  decode.d2.loss_mask: 1.4567  decode.d2.loss_dice: 1.7887  decode.d3.loss_cls: 0.8668  decode.d3.loss_mask: 1.4468  decode.d3.loss_dice: 1.7734  decode.d4.loss_cls: 0.8654  decode.d4.loss_mask: 1.4427  decode.d4.loss_dice: 1.7855  decode.d5.loss_cls: 0.9072  decode.d5.loss_mask: 1.4162  decode.d5.loss_dice: 1.7428  decode.d6.loss_cls: 0.9246  decode.d6.loss_mask: 1.4161  decode.d6.loss_dice: 1.7257  decode.d7.loss_cls: 0.8960  decode.d7.loss_mask: 1.4366  decode.d7.loss_dice: 1.7462  decode.d8.loss_cls: 0.9036  decode.d8.loss_mask: 1.4359  decode.d8.loss_dice: 1.7425
2026/06/15 21:50:08 - mmengine - INFO - Iter(train) [ 6250/20000]  base_lr: 7.6567e-05 lr: 7.6567e-05  eta: 4:57:20  time: 1.2971  data_time: 0.0345  memory: 8609  grad_norm: 93.9604  loss: 38.9372  decode.loss_cls: 0.8623  decode.loss_mask: 1.3969  decode.loss_dice: 1.5824  decode.d0.loss_cls: 1.2343  decode.d0.loss_mask: 1.4002  decode.d0.loss_dice: 1.7672  decode.d1.loss_cls: 0.9454  decode.d1.loss_mask: 1.4056  decode.d1.loss_dice: 1.6825  decode.d2.loss_cls: 0.8589  decode.d2.loss_mask: 1.3964  decode.d2.loss_dice: 1.6420  decode.d3.loss_cls: 0.8019  decode.d3.loss_mask: 1.3869  decode.d3.loss_dice: 1.5901  decode.d4.loss_cls: 0.8257  decode.d4.loss_mask: 1.3846  decode.d4.loss_dice: 1.5694  decode.d5.loss_cls: 0.8270  decode.d5.loss_mask: 1.3875  decode.d5.loss_dice: 1.5726  decode.d6.loss_cls: 0.8670  decode.d6.loss_mask: 1.3748  decode.d6.loss_dice: 1.5572  decode.d7.loss_cls: 0.8518  decode.d7.loss_mask: 1.3709  decode.d7.loss_dice: 1.5652  decode.d8.loss_cls: 0.8867  decode.d8.loss_mask: 1.3619  decode.d8.loss_dice: 1.5820
2026/06/15 21:51:13 - mmengine - INFO - Iter(train) [ 6300/20000]  base_lr: 7.6316e-05 lr: 7.6316e-05  eta: 4:56:15  time: 1.2963  data_time: 0.0336  memory: 8609  grad_norm: 91.5710  loss: 41.5539  decode.loss_cls: 0.9632  decode.loss_mask: 1.4183  decode.loss_dice: 1.6682  decode.d0.loss_cls: 1.4893  decode.d0.loss_mask: 1.4863  decode.d0.loss_dice: 1.8731  decode.d1.loss_cls: 0.9748  decode.d1.loss_mask: 1.4752  decode.d1.loss_dice: 1.8106  decode.d2.loss_cls: 0.8687  decode.d2.loss_mask: 1.4483  decode.d2.loss_dice: 1.7619  decode.d3.loss_cls: 0.9231  decode.d3.loss_mask: 1.4560  decode.d3.loss_dice: 1.7061  decode.d4.loss_cls: 0.8949  decode.d4.loss_mask: 1.4420  decode.d4.loss_dice: 1.7112  decode.d5.loss_cls: 0.8753  decode.d5.loss_mask: 1.4432  decode.d5.loss_dice: 1.7023  decode.d6.loss_cls: 0.9207  decode.d6.loss_mask: 1.4400  decode.d6.loss_dice: 1.6821  decode.d7.loss_cls: 0.9456  decode.d7.loss_mask: 1.4327  decode.d7.loss_dice: 1.6838  decode.d8.loss_cls: 0.9084  decode.d8.loss_mask: 1.4478  decode.d8.loss_dice: 1.7009
2026/06/15 21:52:17 - mmengine - INFO - Iter(train) [ 6350/20000]  base_lr: 7.6065e-05 lr: 7.6065e-05  eta: 4:55:09  time: 1.2885  data_time: 0.0335  memory: 8609  grad_norm: 89.3242  loss: 40.6743  decode.loss_cls: 0.7910  decode.loss_mask: 1.5689  decode.loss_dice: 1.6395  decode.d0.loss_cls: 1.2943  decode.d0.loss_mask: 1.5606  decode.d0.loss_dice: 1.8081  decode.d1.loss_cls: 0.9482  decode.d1.loss_mask: 1.5363  decode.d1.loss_dice: 1.7356  decode.d2.loss_cls: 0.7792  decode.d2.loss_mask: 1.5667  decode.d2.loss_dice: 1.6840  decode.d3.loss_cls: 0.7350  decode.d3.loss_mask: 1.5233  decode.d3.loss_dice: 1.6634  decode.d4.loss_cls: 0.7454  decode.d4.loss_mask: 1.5609  decode.d4.loss_dice: 1.6701  decode.d5.loss_cls: 0.7672  decode.d5.loss_mask: 1.5580  decode.d5.loss_dice: 1.6633  decode.d6.loss_cls: 0.7383  decode.d6.loss_mask: 1.5688  decode.d6.loss_dice: 1.6644  decode.d7.loss_cls: 0.7687  decode.d7.loss_mask: 1.5416  decode.d7.loss_dice: 1.6478  decode.d8.loss_cls: 0.7570  decode.d8.loss_mask: 1.5463  decode.d8.loss_dice: 1.6426
2026/06/15 21:53:21 - mmengine - INFO - Iter(train) [ 6400/20000]  base_lr: 7.5814e-05 lr: 7.5814e-05  eta: 4:54:03  time: 1.2892  data_time: 0.0327  memory: 8609  grad_norm: 85.8084  loss: 39.9542  decode.loss_cls: 0.7970  decode.loss_mask: 1.4933  decode.loss_dice: 1.6364  decode.d0.loss_cls: 1.1735  decode.d0.loss_mask: 1.5741  decode.d0.loss_dice: 1.8441  decode.d1.loss_cls: 0.8314  decode.d1.loss_mask: 1.5462  decode.d1.loss_dice: 1.7402  decode.d2.loss_cls: 0.7404  decode.d2.loss_mask: 1.4756  decode.d2.loss_dice: 1.6783  decode.d3.loss_cls: 0.7637  decode.d3.loss_mask: 1.4828  decode.d3.loss_dice: 1.6553  decode.d4.loss_cls: 0.7418  decode.d4.loss_mask: 1.5007  decode.d4.loss_dice: 1.6379  decode.d5.loss_cls: 0.7768  decode.d5.loss_mask: 1.4814  decode.d5.loss_dice: 1.6071  decode.d6.loss_cls: 0.8008  decode.d6.loss_mask: 1.4905  decode.d6.loss_dice: 1.6305  decode.d7.loss_cls: 0.7781  decode.d7.loss_mask: 1.5020  decode.d7.loss_dice: 1.6488  decode.d8.loss_cls: 0.7699  decode.d8.loss_mask: 1.5026  decode.d8.loss_dice: 1.6527
2026/06/15 21:54:26 - mmengine - INFO - Iter(train) [ 6450/20000]  base_lr: 7.5563e-05 lr: 7.5563e-05  eta: 4:52:58  time: 1.2939  data_time: 0.0340  memory: 8609  grad_norm: 73.7397  loss: 38.2145  decode.loss_cls: 0.8410  decode.loss_mask: 1.2909  decode.loss_dice: 1.5677  decode.d0.loss_cls: 1.3489  decode.d0.loss_mask: 1.3248  decode.d0.loss_dice: 1.7704  decode.d1.loss_cls: 1.0157  decode.d1.loss_mask: 1.3081  decode.d1.loss_dice: 1.6832  decode.d2.loss_cls: 0.8835  decode.d2.loss_mask: 1.3191  decode.d2.loss_dice: 1.6146  decode.d3.loss_cls: 0.8657  decode.d3.loss_mask: 1.3158  decode.d3.loss_dice: 1.5745  decode.d4.loss_cls: 0.8069  decode.d4.loss_mask: 1.3220  decode.d4.loss_dice: 1.5976  decode.d5.loss_cls: 0.8363  decode.d5.loss_mask: 1.3128  decode.d5.loss_dice: 1.5971  decode.d6.loss_cls: 0.7797  decode.d6.loss_mask: 1.3152  decode.d6.loss_dice: 1.5640  decode.d7.loss_cls: 0.7433  decode.d7.loss_mask: 1.3104  decode.d7.loss_dice: 1.5924  decode.d8.loss_cls: 0.8009  decode.d8.loss_mask: 1.3143  decode.d8.loss_dice: 1.5976
2026/06/15 21:55:31 - mmengine - INFO - Iter(train) [ 6500/20000]  base_lr: 7.5312e-05 lr: 7.5312e-05  eta: 4:51:52  time: 1.2863  data_time: 0.0318  memory: 8609  grad_norm: 81.5883  loss: 40.2123  decode.loss_cls: 0.8467  decode.loss_mask: 1.4295  decode.loss_dice: 1.6390  decode.d0.loss_cls: 1.3337  decode.d0.loss_mask: 1.4559  decode.d0.loss_dice: 1.8396  decode.d1.loss_cls: 0.9670  decode.d1.loss_mask: 1.4782  decode.d1.loss_dice: 1.7692  decode.d2.loss_cls: 0.7729  decode.d2.loss_mask: 1.4501  decode.d2.loss_dice: 1.7219  decode.d3.loss_cls: 0.8036  decode.d3.loss_mask: 1.4338  decode.d3.loss_dice: 1.6702  decode.d4.loss_cls: 0.8560  decode.d4.loss_mask: 1.4148  decode.d4.loss_dice: 1.6534  decode.d5.loss_cls: 0.8640  decode.d5.loss_mask: 1.4229  decode.d5.loss_dice: 1.6642  decode.d6.loss_cls: 0.8536  decode.d6.loss_mask: 1.4250  decode.d6.loss_dice: 1.6331  decode.d7.loss_cls: 0.8415  decode.d7.loss_mask: 1.4209  decode.d7.loss_dice: 1.6399  decode.d8.loss_cls: 0.8296  decode.d8.loss_mask: 1.4334  decode.d8.loss_dice: 1.6488
2026/06/15 21:56:35 - mmengine - INFO - Iter(train) [ 6550/20000]  base_lr: 7.5061e-05 lr: 7.5061e-05  eta: 4:50:46  time: 1.2802  data_time: 0.0303  memory: 8609  grad_norm: 96.0265  loss: 38.4659  decode.loss_cls: 0.7354  decode.loss_mask: 1.4187  decode.loss_dice: 1.5609  decode.d0.loss_cls: 1.1599  decode.d0.loss_mask: 1.4355  decode.d0.loss_dice: 1.7092  decode.d1.loss_cls: 0.9313  decode.d1.loss_mask: 1.4435  decode.d1.loss_dice: 1.6449  decode.d2.loss_cls: 0.8247  decode.d2.loss_mask: 1.4373  decode.d2.loss_dice: 1.5778  decode.d3.loss_cls: 0.8031  decode.d3.loss_mask: 1.4382  decode.d3.loss_dice: 1.5556  decode.d4.loss_cls: 0.7842  decode.d4.loss_mask: 1.4409  decode.d4.loss_dice: 1.5621  decode.d5.loss_cls: 0.7701  decode.d5.loss_mask: 1.4540  decode.d5.loss_dice: 1.5503  decode.d6.loss_cls: 0.7812  decode.d6.loss_mask: 1.4349  decode.d6.loss_dice: 1.5518  decode.d7.loss_cls: 0.7753  decode.d7.loss_mask: 1.4286  decode.d7.loss_dice: 1.5371  decode.d8.loss_cls: 0.7603  decode.d8.loss_mask: 1.4273  decode.d8.loss_dice: 1.5315
2026/06/15 21:57:39 - mmengine - INFO - Iter(train) [ 6600/20000]  base_lr: 7.4810e-05 lr: 7.4810e-05  eta: 4:49:40  time: 1.2894  data_time: 0.0335  memory: 8609  grad_norm: 85.3921  loss: 39.1759  decode.loss_cls: 0.8774  decode.loss_mask: 1.3248  decode.loss_dice: 1.5958  decode.d0.loss_cls: 1.3517  decode.d0.loss_mask: 1.3487  decode.d0.loss_dice: 1.8109  decode.d1.loss_cls: 1.0441  decode.d1.loss_mask: 1.3459  decode.d1.loss_dice: 1.7305  decode.d2.loss_cls: 0.9417  decode.d2.loss_mask: 1.3419  decode.d2.loss_dice: 1.6248  decode.d3.loss_cls: 0.9319  decode.d3.loss_mask: 1.3392  decode.d3.loss_dice: 1.5840  decode.d4.loss_cls: 0.9032  decode.d4.loss_mask: 1.3351  decode.d4.loss_dice: 1.5942  decode.d5.loss_cls: 0.9240  decode.d5.loss_mask: 1.3072  decode.d5.loss_dice: 1.5829  decode.d6.loss_cls: 0.8803  decode.d6.loss_mask: 1.3161  decode.d6.loss_dice: 1.5869  decode.d7.loss_cls: 0.8672  decode.d7.loss_mask: 1.3101  decode.d7.loss_dice: 1.5838  decode.d8.loss_cls: 0.8718  decode.d8.loss_mask: 1.3232  decode.d8.loss_dice: 1.5967
2026/06/15 21:58:44 - mmengine - INFO - Iter(train) [ 6650/20000]  base_lr: 7.4559e-05 lr: 7.4559e-05  eta: 4:48:35  time: 1.2967  data_time: 0.0345  memory: 8609  grad_norm: 90.4388  loss: 42.0435  decode.loss_cls: 0.7933  decode.loss_mask: 1.4130  decode.loss_dice: 1.8679  decode.d0.loss_cls: 1.2574  decode.d0.loss_mask: 1.4372  decode.d0.loss_dice: 2.0694  decode.d1.loss_cls: 0.9528  decode.d1.loss_mask: 1.4357  decode.d1.loss_dice: 2.0077  decode.d2.loss_cls: 0.8867  decode.d2.loss_mask: 1.3885  decode.d2.loss_dice: 1.8961  decode.d3.loss_cls: 0.8368  decode.d3.loss_mask: 1.4084  decode.d3.loss_dice: 1.8881  decode.d4.loss_cls: 0.8377  decode.d4.loss_mask: 1.3951  decode.d4.loss_dice: 1.8833  decode.d5.loss_cls: 0.8133  decode.d5.loss_mask: 1.4063  decode.d5.loss_dice: 1.8772  decode.d6.loss_cls: 0.8200  decode.d6.loss_mask: 1.4069  decode.d6.loss_dice: 1.8555  decode.d7.loss_cls: 0.8233  decode.d7.loss_mask: 1.4122  decode.d7.loss_dice: 1.8698  decode.d8.loss_cls: 0.8112  decode.d8.loss_mask: 1.4120  decode.d8.loss_dice: 1.8808
2026/06/15 21:59:48 - mmengine - INFO - Iter(train) [ 6700/20000]  base_lr: 7.4308e-05 lr: 7.4308e-05  eta: 4:47:30  time: 1.2945  data_time: 0.0321  memory: 8609  grad_norm: 90.0626  loss: 39.7817  decode.loss_cls: 0.7508  decode.loss_mask: 1.4593  decode.loss_dice: 1.6665  decode.d0.loss_cls: 1.2387  decode.d0.loss_mask: 1.4635  decode.d0.loss_dice: 1.8440  decode.d1.loss_cls: 0.9033  decode.d1.loss_mask: 1.4551  decode.d1.loss_dice: 1.7566  decode.d2.loss_cls: 0.8115  decode.d2.loss_mask: 1.4436  decode.d2.loss_dice: 1.7019  decode.d3.loss_cls: 0.7911  decode.d3.loss_mask: 1.4263  decode.d3.loss_dice: 1.6830  decode.d4.loss_cls: 0.8006  decode.d4.loss_mask: 1.4236  decode.d4.loss_dice: 1.6847  decode.d5.loss_cls: 0.7922  decode.d5.loss_mask: 1.4313  decode.d5.loss_dice: 1.6774  decode.d6.loss_cls: 0.7524  decode.d6.loss_mask: 1.4354  decode.d6.loss_dice: 1.6795  decode.d7.loss_cls: 0.7358  decode.d7.loss_mask: 1.4471  decode.d7.loss_dice: 1.6814  decode.d8.loss_cls: 0.7028  decode.d8.loss_mask: 1.4534  decode.d8.loss_dice: 1.6889
2026/06/15 22:00:53 - mmengine - INFO - Iter(train) [ 6750/20000]  base_lr: 7.4056e-05 lr: 7.4056e-05  eta: 4:46:24  time: 1.2938  data_time: 0.0327  memory: 8609  grad_norm: 85.3712  loss: 35.9360  decode.loss_cls: 0.6733  decode.loss_mask: 1.3192  decode.loss_dice: 1.4801  decode.d0.loss_cls: 1.2203  decode.d0.loss_mask: 1.3620  decode.d0.loss_dice: 1.6668  decode.d1.loss_cls: 0.8871  decode.d1.loss_mask: 1.3565  decode.d1.loss_dice: 1.5765  decode.d2.loss_cls: 0.7524  decode.d2.loss_mask: 1.3077  decode.d2.loss_dice: 1.4943  decode.d3.loss_cls: 0.7027  decode.d3.loss_mask: 1.3049  decode.d3.loss_dice: 1.4668  decode.d4.loss_cls: 0.7056  decode.d4.loss_mask: 1.3145  decode.d4.loss_dice: 1.4773  decode.d5.loss_cls: 0.6887  decode.d5.loss_mask: 1.3080  decode.d5.loss_dice: 1.4742  decode.d6.loss_cls: 0.6796  decode.d6.loss_mask: 1.3121  decode.d6.loss_dice: 1.4840  decode.d7.loss_cls: 0.6609  decode.d7.loss_mask: 1.3154  decode.d7.loss_dice: 1.4805  decode.d8.loss_cls: 0.6688  decode.d8.loss_mask: 1.3138  decode.d8.loss_dice: 1.4821
2026/06/15 22:01:58 - mmengine - INFO - Iter(train) [ 6800/20000]  base_lr: 7.3805e-05 lr: 7.3805e-05  eta: 4:45:19  time: 1.2983  data_time: 0.0326  memory: 8609  grad_norm: 89.4766  loss: 41.6595  decode.loss_cls: 0.7884  decode.loss_mask: 1.5169  decode.loss_dice: 1.7282  decode.d0.loss_cls: 1.2688  decode.d0.loss_mask: 1.5990  decode.d0.loss_dice: 1.9381  decode.d1.loss_cls: 0.9274  decode.d1.loss_mask: 1.5615  decode.d1.loss_dice: 1.8188  decode.d2.loss_cls: 0.7964  decode.d2.loss_mask: 1.5588  decode.d2.loss_dice: 1.8047  decode.d3.loss_cls: 0.8030  decode.d3.loss_mask: 1.5130  decode.d3.loss_dice: 1.7579  decode.d4.loss_cls: 0.7887  decode.d4.loss_mask: 1.5212  decode.d4.loss_dice: 1.7412  decode.d5.loss_cls: 0.8138  decode.d5.loss_mask: 1.5136  decode.d5.loss_dice: 1.7334  decode.d6.loss_cls: 0.7808  decode.d6.loss_mask: 1.5330  decode.d6.loss_dice: 1.7289  decode.d7.loss_cls: 0.8039  decode.d7.loss_mask: 1.5259  decode.d7.loss_dice: 1.7376  decode.d8.loss_cls: 0.7822  decode.d8.loss_mask: 1.5363  decode.d8.loss_dice: 1.7382
2026/06/15 22:03:02 - mmengine - INFO - Iter(train) [ 6850/20000]  base_lr: 7.3553e-05 lr: 7.3553e-05  eta: 4:44:13  time: 1.2830  data_time: 0.0311  memory: 8609  grad_norm: 95.4096  loss: 39.3449  decode.loss_cls: 0.8341  decode.loss_mask: 1.4133  decode.loss_dice: 1.5668  decode.d0.loss_cls: 1.2962  decode.d0.loss_mask: 1.4529  decode.d0.loss_dice: 1.7552  decode.d1.loss_cls: 0.9402  decode.d1.loss_mask: 1.4305  decode.d1.loss_dice: 1.6835  decode.d2.loss_cls: 0.8689  decode.d2.loss_mask: 1.4195  decode.d2.loss_dice: 1.5975  decode.d3.loss_cls: 0.8652  decode.d3.loss_mask: 1.3986  decode.d3.loss_dice: 1.5654  decode.d4.loss_cls: 0.8972  decode.d4.loss_mask: 1.4079  decode.d4.loss_dice: 1.5561  decode.d5.loss_cls: 0.8775  decode.d5.loss_mask: 1.4078  decode.d5.loss_dice: 1.5612  decode.d6.loss_cls: 0.8201  decode.d6.loss_mask: 1.4089  decode.d6.loss_dice: 1.5888  decode.d7.loss_cls: 0.8562  decode.d7.loss_mask: 1.4115  decode.d7.loss_dice: 1.6049  decode.d8.loss_cls: 0.8605  decode.d8.loss_mask: 1.4141  decode.d8.loss_dice: 1.5842
2026/06/15 22:04:06 - mmengine - INFO - Iter(train) [ 6900/20000]  base_lr: 7.3301e-05 lr: 7.3301e-05  eta: 4:43:07  time: 1.2857  data_time: 0.0322  memory: 8609  grad_norm: 88.2242  loss: 38.3848  decode.loss_cls: 0.7092  decode.loss_mask: 1.4338  decode.loss_dice: 1.5659  decode.d0.loss_cls: 1.3138  decode.d0.loss_mask: 1.4515  decode.d0.loss_dice: 1.7464  decode.d1.loss_cls: 0.8626  decode.d1.loss_mask: 1.4433  decode.d1.loss_dice: 1.6702  decode.d2.loss_cls: 0.7565  decode.d2.loss_mask: 1.4417  decode.d2.loss_dice: 1.6147  decode.d3.loss_cls: 0.7956  decode.d3.loss_mask: 1.3956  decode.d3.loss_dice: 1.5712  decode.d4.loss_cls: 0.7557  decode.d4.loss_mask: 1.4079  decode.d4.loss_dice: 1.5752  decode.d5.loss_cls: 0.7133  decode.d5.loss_mask: 1.4363  decode.d5.loss_dice: 1.5903  decode.d6.loss_cls: 0.7305  decode.d6.loss_mask: 1.4139  decode.d6.loss_dice: 1.5529  decode.d7.loss_cls: 0.7005  decode.d7.loss_mask: 1.4451  decode.d7.loss_dice: 1.5661  decode.d8.loss_cls: 0.7192  decode.d8.loss_mask: 1.4395  decode.d8.loss_dice: 1.5661
2026/06/15 22:05:11 - mmengine - INFO - Iter(train) [ 6950/20000]  base_lr: 7.3049e-05 lr: 7.3049e-05  eta: 4:42:02  time: 1.2943  data_time: 0.0334  memory: 8609  grad_norm: 78.4010  loss: 38.4127  decode.loss_cls: 0.8448  decode.loss_mask: 1.3205  decode.loss_dice: 1.5473  decode.d0.loss_cls: 1.3330  decode.d0.loss_mask: 1.3663  decode.d0.loss_dice: 1.7912  decode.d1.loss_cls: 1.0170  decode.d1.loss_mask: 1.3629  decode.d1.loss_dice: 1.6335  decode.d2.loss_cls: 0.8310  decode.d2.loss_mask: 1.3435  decode.d2.loss_dice: 1.5801  decode.d3.loss_cls: 0.8744  decode.d3.loss_mask: 1.3206  decode.d3.loss_dice: 1.5504  decode.d4.loss_cls: 0.8693  decode.d4.loss_mask: 1.3308  decode.d4.loss_dice: 1.5584  decode.d5.loss_cls: 0.8925  decode.d5.loss_mask: 1.3244  decode.d5.loss_dice: 1.5539  decode.d6.loss_cls: 0.8446  decode.d6.loss_mask: 1.3222  decode.d6.loss_dice: 1.5419  decode.d7.loss_cls: 0.8591  decode.d7.loss_mask: 1.3289  decode.d7.loss_dice: 1.5407  decode.d8.loss_cls: 0.8673  decode.d8.loss_mask: 1.3126  decode.d8.loss_dice: 1.5497
2026/06/15 22:06:16 - mmengine - INFO - Exp name: dinov3l_m2f_pastis_temporal_v1_20260615_192803
2026/06/15 22:06:16 - mmengine - INFO - Iter(train) [ 7000/20000]  base_lr: 7.2797e-05 lr: 7.2797e-05  eta: 4:40:57  time: 1.2896  data_time: 0.0330  memory: 8609  grad_norm: 94.9769  loss: 38.8117  decode.loss_cls: 0.8328  decode.loss_mask: 1.3490  decode.loss_dice: 1.5703  decode.d0.loss_cls: 1.2498  decode.d0.loss_mask: 1.3913  decode.d0.loss_dice: 1.8148  decode.d1.loss_cls: 0.9480  decode.d1.loss_mask: 1.3970  decode.d1.loss_dice: 1.7173  decode.d2.loss_cls: 0.8315  decode.d2.loss_mask: 1.3758  decode.d2.loss_dice: 1.6401  decode.d3.loss_cls: 0.8390  decode.d3.loss_mask: 1.3705  decode.d3.loss_dice: 1.5979  decode.d4.loss_cls: 0.8544  decode.d4.loss_mask: 1.3739  decode.d4.loss_dice: 1.5924  decode.d5.loss_cls: 0.8085  decode.d5.loss_mask: 1.3795  decode.d5.loss_dice: 1.6055  decode.d6.loss_cls: 0.7869  decode.d6.loss_mask: 1.3901  decode.d6.loss_dice: 1.5825  decode.d7.loss_cls: 0.8048  decode.d7.loss_mask: 1.3827  decode.d7.loss_dice: 1.5748  decode.d8.loss_cls: 0.7995  decode.d8.loss_mask: 1.3723  decode.d8.loss_dice: 1.5786
2026/06/15 22:06:42 - mmengine - INFO - Iter(val) [ 50/121]    eta: 0:00:37  time: 0.5182  data_time: 0.0250  memory: 6109  
2026/06/15 22:07:08 - mmengine - INFO - Iter(val) [100/121]    eta: 0:00:10  time: 0.5164  data_time: 0.0244  memory: 6109  
2026/06/15 22:07:18 - mmengine - INFO - per class results:
2026/06/15 22:07:18 - mmengine - INFO - 
+---------+-------+-------+
|  Class  |  IoU  |  Acc  |
+---------+-------+-------+
|  crop_1 | 73.56 | 83.96 |
|  crop_2 | 60.68 | 71.19 |
|  crop_3 | 74.49 |  83.3 |
|  crop_4 | 79.05 | 88.78 |
|  crop_5 | 63.46 | 81.49 |
|  crop_6 | 83.98 | 90.56 |
|  crop_7 | 30.38 | 52.84 |
|  crop_8 | 43.93 | 67.23 |
|  crop_9 | 46.46 | 65.76 |
| crop_10 | 76.23 | 92.56 |
| crop_11 | 23.75 | 40.41 |
| crop_12 | 41.35 |  69.8 |
| crop_13 | 21.61 | 45.54 |
| crop_14 | 28.13 | 31.47 |
| crop_15 | 27.01 | 55.45 |
| crop_16 | 48.39 | 76.47 |
| crop_17 | 41.43 | 55.61 |
| crop_18 | 22.41 | 39.37 |
| crop_19 | 14.42 | 35.28 |
+---------+-------+-------+
2026/06/15 22:07:18 - mmengine - INFO - Iter(val) [121/121]    aAcc: 78.6200  mIoU: 47.4100  mAcc: 64.5800  data_time: 0.0271  time: 0.5156
2026/06/15 22:07:18 - mmengine - INFO - The previous best checkpoint /mnt/ht2-nas2/00-model/00-fb/mmseg_dino/work_dirs/dinov3l_m2f_pastis_temporal_v1/best_mIoU_iter_6000.pth is removed
2026/06/15 22:07:24 - mmengine - INFO - The best checkpoint with 47.4100 mIoU at 7000 iter is saved to best_mIoU_iter_7000.pth.
2026/06/15 22:08:36 - mmengine - INFO - Iter(train) [ 7050/20000]  base_lr: 7.2545e-05 lr: 7.2545e-05  eta: 4:40:16  time: 1.2839  data_time: 0.0315  memory: 8609  grad_norm: 81.1067  loss: 40.3076  decode.loss_cls: 0.9238  decode.loss_mask: 1.3667  decode.loss_dice: 1.5915  decode.d0.loss_cls: 1.3791  decode.d0.loss_mask: 1.4240  decode.d0.loss_dice: 1.8495  decode.d1.loss_cls: 1.0315  decode.d1.loss_mask: 1.4256  decode.d1.loss_dice: 1.7934  decode.d2.loss_cls: 0.9425  decode.d2.loss_mask: 1.3851  decode.d2.loss_dice: 1.7033  decode.d3.loss_cls: 0.9186  decode.d3.loss_mask: 1.3606  decode.d3.loss_dice: 1.6627  decode.d4.loss_cls: 0.9420  decode.d4.loss_mask: 1.3637  decode.d4.loss_dice: 1.6557  decode.d5.loss_cls: 0.9204  decode.d5.loss_mask: 1.3425  decode.d5.loss_dice: 1.6421  decode.d6.loss_cls: 0.9445  decode.d6.loss_mask: 1.3514  decode.d6.loss_dice: 1.6124  decode.d7.loss_cls: 0.9235  decode.d7.loss_mask: 1.3575  decode.d7.loss_dice: 1.6050  decode.d8.loss_cls: 0.9230  decode.d8.loss_mask: 1.3584  decode.d8.loss_dice: 1.6078
2026/06/15 22:09:40 - mmengine - INFO - Iter(train) [ 7100/20000]  base_lr: 7.2293e-05 lr: 7.2293e-05  eta: 4:39:10  time: 1.2995  data_time: 0.0340  memory: 8609  grad_norm: 94.2069  loss: 39.8957  decode.loss_cls: 0.8242  decode.loss_mask: 1.3981  decode.loss_dice: 1.7073  decode.d0.loss_cls: 1.2196  decode.d0.loss_mask: 1.4096  decode.d0.loss_dice: 1.9055  decode.d1.loss_cls: 0.9189  decode.d1.loss_mask: 1.4156  decode.d1.loss_dice: 1.8341  decode.d2.loss_cls: 0.7893  decode.d2.loss_mask: 1.4089  decode.d2.loss_dice: 1.7652  decode.d3.loss_cls: 0.7451  decode.d3.loss_mask: 1.4004  decode.d3.loss_dice: 1.7280  decode.d4.loss_cls: 0.7466  decode.d4.loss_mask: 1.3987  decode.d4.loss_dice: 1.7417  decode.d5.loss_cls: 0.7243  decode.d5.loss_mask: 1.3959  decode.d5.loss_dice: 1.7451  decode.d6.loss_cls: 0.7479  decode.d6.loss_mask: 1.3938  decode.d6.loss_dice: 1.7273  decode.d7.loss_cls: 0.7851  decode.d7.loss_mask: 1.3828  decode.d7.loss_dice: 1.7170  decode.d8.loss_cls: 0.8124  decode.d8.loss_mask: 1.3851  decode.d8.loss_dice: 1.7221
2026/06/15 22:10:45 - mmengine - INFO - Iter(train) [ 7150/20000]  base_lr: 7.2041e-05 lr: 7.2041e-05  eta: 4:38:05  time: 1.2984  data_time: 0.0354  memory: 8609  grad_norm: 79.4998  loss: 36.4377  decode.loss_cls: 0.5141  decode.loss_mask: 1.3859  decode.loss_dice: 1.6179  decode.d0.loss_cls: 1.0033  decode.d0.loss_mask: 1.4627  decode.d0.loss_dice: 1.7624  decode.d1.loss_cls: 0.5963  decode.d1.loss_mask: 1.4229  decode.d1.loss_dice: 1.7253  decode.d2.loss_cls: 0.5667  decode.d2.loss_mask: 1.4023  decode.d2.loss_dice: 1.6741  decode.d3.loss_cls: 0.5323  decode.d3.loss_mask: 1.3988  decode.d3.loss_dice: 1.6384  decode.d4.loss_cls: 0.5184  decode.d4.loss_mask: 1.4066  decode.d4.loss_dice: 1.6430  decode.d5.loss_cls: 0.5321  decode.d5.loss_mask: 1.4045  decode.d5.loss_dice: 1.6452  decode.d6.loss_cls: 0.4930  decode.d6.loss_mask: 1.3905  decode.d6.loss_dice: 1.6232  decode.d7.loss_cls: 0.5147  decode.d7.loss_mask: 1.3855  decode.d7.loss_dice: 1.6303  decode.d8.loss_cls: 0.5075  decode.d8.loss_mask: 1.4028  decode.d8.loss_dice: 1.6369
2026/06/15 22:11:50 - mmengine - INFO - Iter(train) [ 7200/20000]  base_lr: 7.1789e-05 lr: 7.1789e-05  eta: 4:37:00  time: 1.2949  data_time: 0.0342  memory: 8609  grad_norm: 85.5486  loss: 36.8388  decode.loss_cls: 0.8186  decode.loss_mask: 1.2757  decode.loss_dice: 1.5371  decode.d0.loss_cls: 1.3070  decode.d0.loss_mask: 1.3085  decode.d0.loss_dice: 1.6877  decode.d1.loss_cls: 0.9048  decode.d1.loss_mask: 1.2936  decode.d1.loss_dice: 1.6061  decode.d2.loss_cls: 0.8338  decode.d2.loss_mask: 1.2873  decode.d2.loss_dice: 1.5302  decode.d3.loss_cls: 0.7968  decode.d3.loss_mask: 1.2691  decode.d3.loss_dice: 1.5211  decode.d4.loss_cls: 0.8382  decode.d4.loss_mask: 1.2353  decode.d4.loss_dice: 1.5005  decode.d5.loss_cls: 0.7811  decode.d5.loss_mask: 1.2574  decode.d5.loss_dice: 1.5078  decode.d6.loss_cls: 0.8103  decode.d6.loss_mask: 1.2628  decode.d6.loss_dice: 1.5029  decode.d7.loss_cls: 0.8167  decode.d7.loss_mask: 1.2613  decode.d7.loss_dice: 1.4981  decode.d8.loss_cls: 0.8186  decode.d8.loss_mask: 1.2569  decode.d8.loss_dice: 1.5138
2026/06/15 22:12:55 - mmengine - INFO - Iter(train) [ 7250/20000]  base_lr: 7.1536e-05 lr: 7.1536e-05  eta: 4:35:56  time: 1.3058  data_time: 0.0353  memory: 8609  grad_norm: 91.0745  loss: 40.5906  decode.loss_cls: 0.8576  decode.loss_mask: 1.4137  decode.loss_dice: 1.6858  decode.d0.loss_cls: 1.3192  decode.d0.loss_mask: 1.4295  decode.d0.loss_dice: 1.8849  decode.d1.loss_cls: 0.9938  decode.d1.loss_mask: 1.4591  decode.d1.loss_dice: 1.8118  decode.d2.loss_cls: 0.9174  decode.d2.loss_mask: 1.3981  decode.d2.loss_dice: 1.7203  decode.d3.loss_cls: 0.8933  decode.d3.loss_mask: 1.3961  decode.d3.loss_dice: 1.6687  decode.d4.loss_cls: 0.9112  decode.d4.loss_mask: 1.3886  decode.d4.loss_dice: 1.6685  decode.d5.loss_cls: 0.8655  decode.d5.loss_mask: 1.3919  decode.d5.loss_dice: 1.6646  decode.d6.loss_cls: 0.8701  decode.d6.loss_mask: 1.4041  decode.d6.loss_dice: 1.6721  decode.d7.loss_cls: 0.8548  decode.d7.loss_mask: 1.4253  decode.d7.loss_dice: 1.6760  decode.d8.loss_cls: 0.8577  decode.d8.loss_mask: 1.4144  decode.d8.loss_dice: 1.6763
2026/06/15 22:14:00 - mmengine - INFO - Iter(train) [ 7300/20000]  base_lr: 7.1284e-05 lr: 7.1284e-05  eta: 4:34:51  time: 1.2887  data_time: 0.0329  memory: 8609  grad_norm: 85.9321  loss: 39.3899  decode.loss_cls: 0.7305  decode.loss_mask: 1.4057  decode.loss_dice: 1.6521  decode.d0.loss_cls: 1.2565  decode.d0.loss_mask: 1.4112  decode.d0.loss_dice: 1.8422  decode.d1.loss_cls: 0.9774  decode.d1.loss_mask: 1.3977  decode.d1.loss_dice: 1.7534  decode.d2.loss_cls: 0.7646  decode.d2.loss_mask: 1.4056  decode.d2.loss_dice: 1.7099  decode.d3.loss_cls: 0.8449  decode.d3.loss_mask: 1.3980  decode.d3.loss_dice: 1.6430  decode.d4.loss_cls: 0.8024  decode.d4.loss_mask: 1.4101  decode.d4.loss_dice: 1.6671  decode.d5.loss_cls: 0.7784  decode.d5.loss_mask: 1.4223  decode.d5.loss_dice: 1.6615  decode.d6.loss_cls: 0.7373  decode.d6.loss_mask: 1.4128  decode.d6.loss_dice: 1.6657  decode.d7.loss_cls: 0.7596  decode.d7.loss_mask: 1.4043  decode.d7.loss_dice: 1.6656  decode.d8.loss_cls: 0.7405  decode.d8.loss_mask: 1.4168  decode.d8.loss_dice: 1.6526
2026/06/15 22:15:05 - mmengine - INFO - Iter(train) [ 7350/20000]  base_lr: 7.1031e-05 lr: 7.1031e-05  eta: 4:33:45  time: 1.3025  data_time: 0.0346  memory: 8609  grad_norm: 88.5449  loss: 40.0130  decode.loss_cls: 0.7501  decode.loss_mask: 1.4304  decode.loss_dice: 1.6788  decode.d0.loss_cls: 1.3626  decode.d0.loss_mask: 1.4821  decode.d0.loss_dice: 1.8156  decode.d1.loss_cls: 0.9140  decode.d1.loss_mask: 1.4740  decode.d1.loss_dice: 1.7803  decode.d2.loss_cls: 0.8589  decode.d2.loss_mask: 1.4424  decode.d2.loss_dice: 1.6972  decode.d3.loss_cls: 0.8404  decode.d3.loss_mask: 1.4214  decode.d3.loss_dice: 1.6421  decode.d4.loss_cls: 0.8057  decode.d4.loss_mask: 1.4311  decode.d4.loss_dice: 1.6563  decode.d5.loss_cls: 0.8188  decode.d5.loss_mask: 1.4319  decode.d5.loss_dice: 1.6565  decode.d6.loss_cls: 0.7920  decode.d6.loss_mask: 1.4234  decode.d6.loss_dice: 1.6529  decode.d7.loss_cls: 0.7478  decode.d7.loss_mask: 1.4506  decode.d7.loss_dice: 1.6696  decode.d8.loss_cls: 0.7699  decode.d8.loss_mask: 1.4312  decode.d8.loss_dice: 1.6852
2026/06/15 22:16:10 - mmengine - INFO - Iter(train) [ 7400/20000]  base_lr: 7.0778e-05 lr: 7.0778e-05  eta: 4:32:41  time: 1.2953  data_time: 0.0354  memory: 8609  grad_norm: 92.7990  loss: 39.4311  decode.loss_cls: 0.6979  decode.loss_mask: 1.4185  decode.loss_dice: 1.6949  decode.d0.loss_cls: 1.2404  decode.d0.loss_mask: 1.4808  decode.d0.loss_dice: 1.8975  decode.d1.loss_cls: 0.9054  decode.d1.loss_mask: 1.4526  decode.d1.loss_dice: 1.7656  decode.d2.loss_cls: 0.7336  decode.d2.loss_mask: 1.4401  decode.d2.loss_dice: 1.7416  decode.d3.loss_cls: 0.7446  decode.d3.loss_mask: 1.4220  decode.d3.loss_dice: 1.6873  decode.d4.loss_cls: 0.7145  decode.d4.loss_mask: 1.4312  decode.d4.loss_dice: 1.6973  decode.d5.loss_cls: 0.7398  decode.d5.loss_mask: 1.4218  decode.d5.loss_dice: 1.6801  decode.d6.loss_cls: 0.7051  decode.d6.loss_mask: 1.4286  decode.d6.loss_dice: 1.6734  decode.d7.loss_cls: 0.6973  decode.d7.loss_mask: 1.4243  decode.d7.loss_dice: 1.6834  decode.d8.loss_cls: 0.7084  decode.d8.loss_mask: 1.4216  decode.d8.loss_dice: 1.6817
2026/06/15 22:17:14 - mmengine - INFO - Iter(train) [ 7450/20000]  base_lr: 7.0525e-05 lr: 7.0525e-05  eta: 4:31:35  time: 1.2902  data_time: 0.0323  memory: 8609  grad_norm: 81.3948  loss: 36.9776  decode.loss_cls: 0.6099  decode.loss_mask: 1.3326  decode.loss_dice: 1.6223  decode.d0.loss_cls: 1.2012  decode.d0.loss_mask: 1.3750  decode.d0.loss_dice: 1.7565  decode.d1.loss_cls: 0.7993  decode.d1.loss_mask: 1.3464  decode.d1.loss_dice: 1.7269  decode.d2.loss_cls: 0.7205  decode.d2.loss_mask: 1.3474  decode.d2.loss_dice: 1.6419  decode.d3.loss_cls: 0.6663  decode.d3.loss_mask: 1.3353  decode.d3.loss_dice: 1.6017  decode.d4.loss_cls: 0.6134  decode.d4.loss_mask: 1.3389  decode.d4.loss_dice: 1.6275  decode.d5.loss_cls: 0.6477  decode.d5.loss_mask: 1.3504  decode.d5.loss_dice: 1.6232  decode.d6.loss_cls: 0.6387  decode.d6.loss_mask: 1.3372  decode.d6.loss_dice: 1.5940  decode.d7.loss_cls: 0.6151  decode.d7.loss_mask: 1.3309  decode.d7.loss_dice: 1.5931  decode.d8.loss_cls: 0.6263  decode.d8.loss_mask: 1.3454  decode.d8.loss_dice: 1.6123
2026/06/15 22:18:19 - mmengine - INFO - Iter(train) [ 7500/20000]  base_lr: 7.0273e-05 lr: 7.0273e-05  eta: 4:30:30  time: 1.2947  data_time: 0.0325  memory: 8609  grad_norm: 79.3231  loss: 37.1811  decode.loss_cls: 0.8034  decode.loss_mask: 1.2461  decode.loss_dice: 1.5423  decode.d0.loss_cls: 1.2795  decode.d0.loss_mask: 1.2785  decode.d0.loss_dice: 1.7306  decode.d1.loss_cls: 0.9470  decode.d1.loss_mask: 1.2543  decode.d1.loss_dice: 1.6796  decode.d2.loss_cls: 0.8302  decode.d2.loss_mask: 1.2500  decode.d2.loss_dice: 1.6132  decode.d3.loss_cls: 0.8686  decode.d3.loss_mask: 1.2288  decode.d3.loss_dice: 1.5292  decode.d4.loss_cls: 0.8371  decode.d4.loss_mask: 1.2319  decode.d4.loss_dice: 1.5435  decode.d5.loss_cls: 0.8384  decode.d5.loss_mask: 1.2325  decode.d5.loss_dice: 1.5686  decode.d6.loss_cls: 0.8415  decode.d6.loss_mask: 1.2338  decode.d6.loss_dice: 1.5554  decode.d7.loss_cls: 0.8292  decode.d7.loss_mask: 1.2336  decode.d7.loss_dice: 1.5384  decode.d8.loss_cls: 0.8167  decode.d8.loss_mask: 1.2387  decode.d8.loss_dice: 1.5605
2026/06/15 22:19:24 - mmengine - INFO - Iter(train) [ 7550/20000]  base_lr: 7.0019e-05 lr: 7.0019e-05  eta: 4:29:24  time: 1.3002  data_time: 0.0344  memory: 8609  grad_norm: 96.9717  loss: 37.7840  decode.loss_cls: 0.7202  decode.loss_mask: 1.3037  decode.loss_dice: 1.6529  decode.d0.loss_cls: 1.1491  decode.d0.loss_mask: 1.3310  decode.d0.loss_dice: 1.8496  decode.d1.loss_cls: 0.8385  decode.d1.loss_mask: 1.2933  decode.d1.loss_dice: 1.7474  decode.d2.loss_cls: 0.7627  decode.d2.loss_mask: 1.2962  decode.d2.loss_dice: 1.7160  decode.d3.loss_cls: 0.7276  decode.d3.loss_mask: 1.3069  decode.d3.loss_dice: 1.6807  decode.d4.loss_cls: 0.7253  decode.d4.loss_mask: 1.2946  decode.d4.loss_dice: 1.6743  decode.d5.loss_cls: 0.7178  decode.d5.loss_mask: 1.3050  decode.d5.loss_dice: 1.6617  decode.d6.loss_cls: 0.6876  decode.d6.loss_mask: 1.3116  decode.d6.loss_dice: 1.6681  decode.d7.loss_cls: 0.7106  decode.d7.loss_mask: 1.3053  decode.d7.loss_dice: 1.6544  decode.d8.loss_cls: 0.7478  decode.d8.loss_mask: 1.2938  decode.d8.loss_dice: 1.6503
2026/06/15 22:20:29 - mmengine - INFO - Iter(train) [ 7600/20000]  base_lr: 6.9766e-05 lr: 6.9766e-05  eta: 4:28:19  time: 1.2926  data_time: 0.0316  memory: 8609  grad_norm: 81.1186  loss: 39.5095  decode.loss_cls: 0.7635  decode.loss_mask: 1.4011  decode.loss_dice: 1.6483  decode.d0.loss_cls: 1.3423  decode.d0.loss_mask: 1.4205  decode.d0.loss_dice: 1.8194  decode.d1.loss_cls: 0.9169  decode.d1.loss_mask: 1.4206  decode.d1.loss_dice: 1.7813  decode.d2.loss_cls: 0.8284  decode.d2.loss_mask: 1.4212  decode.d2.loss_dice: 1.7180  decode.d3.loss_cls: 0.7898  decode.d3.loss_mask: 1.4016  decode.d3.loss_dice: 1.6731  decode.d4.loss_cls: 0.8344  decode.d4.loss_mask: 1.3967  decode.d4.loss_dice: 1.6525  decode.d5.loss_cls: 0.8071  decode.d5.loss_mask: 1.3858  decode.d5.loss_dice: 1.6617  decode.d6.loss_cls: 0.7672  decode.d6.loss_mask: 1.3827  decode.d6.loss_dice: 1.6515  decode.d7.loss_cls: 0.7685  decode.d7.loss_mask: 1.3938  decode.d7.loss_dice: 1.6473  decode.d8.loss_cls: 0.7768  decode.d8.loss_mask: 1.3987  decode.d8.loss_dice: 1.6389
2026/06/15 22:21:33 - mmengine - INFO - Iter(train) [ 7650/20000]  base_lr: 6.9513e-05 lr: 6.9513e-05  eta: 4:27:14  time: 1.2896  data_time: 0.0309  memory: 8609  grad_norm: 73.3554  loss: 35.1465  decode.loss_cls: 0.5543  decode.loss_mask: 1.2552  decode.loss_dice: 1.5590  decode.d0.loss_cls: 1.1868  decode.d0.loss_mask: 1.3068  decode.d0.loss_dice: 1.7153  decode.d1.loss_cls: 0.8146  decode.d1.loss_mask: 1.2924  decode.d1.loss_dice: 1.6274  decode.d2.loss_cls: 0.6478  decode.d2.loss_mask: 1.2784  decode.d2.loss_dice: 1.5894  decode.d3.loss_cls: 0.5942  decode.d3.loss_mask: 1.2636  decode.d3.loss_dice: 1.5708  decode.d4.loss_cls: 0.5940  decode.d4.loss_mask: 1.2468  decode.d4.loss_dice: 1.5636  decode.d5.loss_cls: 0.5919  decode.d5.loss_mask: 1.2457  decode.d5.loss_dice: 1.5550  decode.d6.loss_cls: 0.5565  decode.d6.loss_mask: 1.2437  decode.d6.loss_dice: 1.5546  decode.d7.loss_cls: 0.5428  decode.d7.loss_mask: 1.2464  decode.d7.loss_dice: 1.5778  decode.d8.loss_cls: 0.5490  decode.d8.loss_mask: 1.2499  decode.d8.loss_dice: 1.5730
2026/06/15 22:22:38 - mmengine - INFO - Iter(train) [ 7700/20000]  base_lr: 6.9260e-05 lr: 6.9260e-05  eta: 4:26:09  time: 1.2993  data_time: 0.0340  memory: 8609  grad_norm: 83.0961  loss: 37.7468  decode.loss_cls: 0.6368  decode.loss_mask: 1.4282  decode.loss_dice: 1.6007  decode.d0.loss_cls: 1.2253  decode.d0.loss_mask: 1.4605  decode.d0.loss_dice: 1.7961  decode.d1.loss_cls: 0.8294  decode.d1.loss_mask: 1.4460  decode.d1.loss_dice: 1.6862  decode.d2.loss_cls: 0.6536  decode.d2.loss_mask: 1.4304  decode.d2.loss_dice: 1.6389  decode.d3.loss_cls: 0.6549  decode.d3.loss_mask: 1.4252  decode.d3.loss_dice: 1.6072  decode.d4.loss_cls: 0.6372  decode.d4.loss_mask: 1.4196  decode.d4.loss_dice: 1.6034  decode.d5.loss_cls: 0.6155  decode.d5.loss_mask: 1.4234  decode.d5.loss_dice: 1.6076  decode.d6.loss_cls: 0.6132  decode.d6.loss_mask: 1.4248  decode.d6.loss_dice: 1.6029  decode.d7.loss_cls: 0.6162  decode.d7.loss_mask: 1.4210  decode.d7.loss_dice: 1.6062  decode.d8.loss_cls: 0.6053  decode.d8.loss_mask: 1.4213  decode.d8.loss_dice: 1.6100
2026/06/15 22:23:43 - mmengine - INFO - Iter(train) [ 7750/20000]  base_lr: 6.9006e-05 lr: 6.9006e-05  eta: 4:25:04  time: 1.3017  data_time: 0.0345  memory: 8609  grad_norm: 94.8597  loss: 38.5642  decode.loss_cls: 0.7046  decode.loss_mask: 1.3361  decode.loss_dice: 1.6601  decode.d0.loss_cls: 1.1475  decode.d0.loss_mask: 1.3751  decode.d0.loss_dice: 1.8695  decode.d1.loss_cls: 0.9345  decode.d1.loss_mask: 1.3867  decode.d1.loss_dice: 1.7919  decode.d2.loss_cls: 0.8125  decode.d2.loss_mask: 1.3479  decode.d2.loss_dice: 1.6896  decode.d3.loss_cls: 0.7736  decode.d3.loss_mask: 1.3404  decode.d3.loss_dice: 1.6652  decode.d4.loss_cls: 0.7655  decode.d4.loss_mask: 1.3445  decode.d4.loss_dice: 1.6685  decode.d5.loss_cls: 0.7391  decode.d5.loss_mask: 1.3529  decode.d5.loss_dice: 1.6781  decode.d6.loss_cls: 0.7269  decode.d6.loss_mask: 1.3368  decode.d6.loss_dice: 1.6571  decode.d7.loss_cls: 0.7568  decode.d7.loss_mask: 1.3292  decode.d7.loss_dice: 1.6542  decode.d8.loss_cls: 0.6879  decode.d8.loss_mask: 1.3530  decode.d8.loss_dice: 1.6787
2026/06/15 22:24:48 - mmengine - INFO - Iter(train) [ 7800/20000]  base_lr: 6.8753e-05 lr: 6.8753e-05  eta: 4:23:59  time: 1.2977  data_time: 0.0342  memory: 8609  grad_norm: 92.5781  loss: 39.3964  decode.loss_cls: 0.7606  decode.loss_mask: 1.3859  decode.loss_dice: 1.6347  decode.d0.loss_cls: 1.3073  decode.d0.loss_mask: 1.4656  decode.d0.loss_dice: 1.8253  decode.d1.loss_cls: 0.8971  decode.d1.loss_mask: 1.4338  decode.d1.loss_dice: 1.7793  decode.d2.loss_cls: 0.8088  decode.d2.loss_mask: 1.4083  decode.d2.loss_dice: 1.7287  decode.d3.loss_cls: 0.7514  decode.d3.loss_mask: 1.3992  decode.d3.loss_dice: 1.6867  decode.d4.loss_cls: 0.7396  decode.d4.loss_mask: 1.4057  decode.d4.loss_dice: 1.7099  decode.d5.loss_cls: 0.7340  decode.d5.loss_mask: 1.4062  decode.d5.loss_dice: 1.6929  decode.d6.loss_cls: 0.7705  decode.d6.loss_mask: 1.3862  decode.d6.loss_dice: 1.6564  decode.d7.loss_cls: 0.7715  decode.d7.loss_mask: 1.3925  decode.d7.loss_dice: 1.6508  decode.d8.loss_cls: 0.7890  decode.d8.loss_mask: 1.3892  decode.d8.loss_dice: 1.6291
2026/06/15 22:25:53 - mmengine - INFO - Iter(train) [ 7850/20000]  base_lr: 6.8499e-05 lr: 6.8499e-05  eta: 4:22:54  time: 1.2916  data_time: 0.0315  memory: 8609  grad_norm: 93.5402  loss: 40.3033  decode.loss_cls: 0.7087  decode.loss_mask: 1.4962  decode.loss_dice: 1.6793  decode.d0.loss_cls: 1.2747  decode.d0.loss_mask: 1.5014  decode.d0.loss_dice: 1.8615  decode.d1.loss_cls: 0.9002  decode.d1.loss_mask: 1.5203  decode.d1.loss_dice: 1.7767  decode.d2.loss_cls: 0.8221  decode.d2.loss_mask: 1.5026  decode.d2.loss_dice: 1.7103  decode.d3.loss_cls: 0.7939  decode.d3.loss_mask: 1.5106  decode.d3.loss_dice: 1.6843  decode.d4.loss_cls: 0.7500  decode.d4.loss_mask: 1.4986  decode.d4.loss_dice: 1.6814  decode.d5.loss_cls: 0.7867  decode.d5.loss_mask: 1.4856  decode.d5.loss_dice: 1.6589  decode.d6.loss_cls: 0.7356  decode.d6.loss_mask: 1.4853  decode.d6.loss_dice: 1.6611  decode.d7.loss_cls: 0.7440  decode.d7.loss_mask: 1.4863  decode.d7.loss_dice: 1.6828  decode.d8.loss_cls: 0.7418  decode.d8.loss_mask: 1.4829  decode.d8.loss_dice: 1.6798
2026/06/15 22:26:57 - mmengine - INFO - Iter(train) [ 7900/20000]  base_lr: 6.8245e-05 lr: 6.8245e-05  eta: 4:21:48  time: 1.2935  data_time: 0.0322  memory: 8609  grad_norm: 97.7344  loss: 38.5355  decode.loss_cls: 0.6730  decode.loss_mask: 1.3406  decode.loss_dice: 1.6943  decode.d0.loss_cls: 1.2196  decode.d0.loss_mask: 1.3571  decode.d0.loss_dice: 1.8355  decode.d1.loss_cls: 0.8177  decode.d1.loss_mask: 1.3812  decode.d1.loss_dice: 1.8314  decode.d2.loss_cls: 0.8360  decode.d2.loss_mask: 1.3414  decode.d2.loss_dice: 1.7278  decode.d3.loss_cls: 0.7266  decode.d3.loss_mask: 1.3489  decode.d3.loss_dice: 1.6908  decode.d4.loss_cls: 0.6948  decode.d4.loss_mask: 1.3490  decode.d4.loss_dice: 1.6998  decode.d5.loss_cls: 0.6971  decode.d5.loss_mask: 1.3586  decode.d5.loss_dice: 1.7088  decode.d6.loss_cls: 0.7272  decode.d6.loss_mask: 1.3347  decode.d6.loss_dice: 1.6858  decode.d7.loss_cls: 0.7071  decode.d7.loss_mask: 1.3297  decode.d7.loss_dice: 1.6977  decode.d8.loss_cls: 0.7125  decode.d8.loss_mask: 1.3200  decode.d8.loss_dice: 1.6907
2026/06/15 22:28:02 - mmengine - INFO - Iter(train) [ 7950/20000]  base_lr: 6.7992e-05 lr: 6.7992e-05  eta: 4:20:44  time: 1.3177  data_time: 0.0344  memory: 8609  grad_norm: 94.7233  loss: 37.7972  decode.loss_cls: 0.6347  decode.loss_mask: 1.4494  decode.loss_dice: 1.6213  decode.d0.loss_cls: 1.0812  decode.d0.loss_mask: 1.5106  decode.d0.loss_dice: 1.6873  decode.d1.loss_cls: 0.7771  decode.d1.loss_mask: 1.4683  decode.d1.loss_dice: 1.6594  decode.d2.loss_cls: 0.6300  decode.d2.loss_mask: 1.4564  decode.d2.loss_dice: 1.6222  decode.d3.loss_cls: 0.6417  decode.d3.loss_mask: 1.4556  decode.d3.loss_dice: 1.5973  decode.d4.loss_cls: 0.6830  decode.d4.loss_mask: 1.4490  decode.d4.loss_dice: 1.5817  decode.d5.loss_cls: 0.6704  decode.d5.loss_mask: 1.4414  decode.d5.loss_dice: 1.5936  decode.d6.loss_cls: 0.6629  decode.d6.loss_mask: 1.4489  decode.d6.loss_dice: 1.5757  decode.d7.loss_cls: 0.6544  decode.d7.loss_mask: 1.4465  decode.d7.loss_dice: 1.5890  decode.d8.loss_cls: 0.6855  decode.d8.loss_mask: 1.4361  decode.d8.loss_dice: 1.5867
2026/06/15 22:29:07 - mmengine - INFO - Exp name: dinov3l_m2f_pastis_temporal_v1_20260615_192803
2026/06/15 22:29:07 - mmengine - INFO - Iter(train) [ 8000/20000]  base_lr: 6.7738e-05 lr: 6.7738e-05  eta: 4:19:39  time: 1.2984  data_time: 0.0342  memory: 8609  grad_norm: 88.9205  loss: 35.1713  decode.loss_cls: 0.4785  decode.loss_mask: 1.3786  decode.loss_dice: 1.5161  decode.d0.loss_cls: 1.1281  decode.d0.loss_mask: 1.3872  decode.d0.loss_dice: 1.6641  decode.d1.loss_cls: 0.7103  decode.d1.loss_mask: 1.4008  decode.d1.loss_dice: 1.6070  decode.d2.loss_cls: 0.6023  decode.d2.loss_mask: 1.3722  decode.d2.loss_dice: 1.5297  decode.d3.loss_cls: 0.5717  decode.d3.loss_mask: 1.3623  decode.d3.loss_dice: 1.4965  decode.d4.loss_cls: 0.5463  decode.d4.loss_mask: 1.3693  decode.d4.loss_dice: 1.4914  decode.d5.loss_cls: 0.5345  decode.d5.loss_mask: 1.3782  decode.d5.loss_dice: 1.5001  decode.d6.loss_cls: 0.5224  decode.d6.loss_mask: 1.3639  decode.d6.loss_dice: 1.4884  decode.d7.loss_cls: 0.5078  decode.d7.loss_mask: 1.3722  decode.d7.loss_dice: 1.4993  decode.d8.loss_cls: 0.5218  decode.d8.loss_mask: 1.3676  decode.d8.loss_dice: 1.5024
2026/06/15 22:29:07 - mmengine - INFO - Saving checkpoint at 8000 iterations
2026/06/15 22:29:40 - mmengine - INFO - Iter(val) [ 50/121]    eta: 0:00:36  time: 0.5087  data_time: 0.0202  memory: 6109  
2026/06/15 22:30:06 - mmengine - INFO - Iter(val) [100/121]    eta: 0:00:10  time: 0.5176  data_time: 0.0239  memory: 6109  
2026/06/15 22:30:16 - mmengine - INFO - per class results:
2026/06/15 22:30:16 - mmengine - INFO - 
+---------+-------+-------+
|  Class  |  IoU  |  Acc  |
+---------+-------+-------+
|  crop_1 | 73.22 | 85.87 |
|  crop_2 | 61.42 |  73.9 |
|  crop_3 | 74.58 | 87.74 |
|  crop_4 | 79.52 | 86.57 |
|  crop_5 | 65.81 | 78.08 |
|  crop_6 |  84.7 | 91.64 |
|  crop_7 | 32.27 | 55.24 |
|  crop_8 | 45.49 | 71.87 |
|  crop_9 | 42.88 | 53.28 |
| crop_10 | 79.62 | 86.97 |
| crop_11 | 19.64 | 32.44 |
| crop_12 |  45.4 |  62.8 |
| crop_13 | 25.33 | 50.96 |
| crop_14 | 33.44 | 50.46 |
| crop_15 | 30.31 |  51.2 |
| crop_16 | 54.02 |  67.5 |
| crop_17 | 40.45 | 54.16 |
| crop_18 | 15.57 |  18.1 |
| crop_19 | 14.99 | 19.59 |
+---------+-------+-------+
2026/06/15 22:30:16 - mmengine - INFO - Iter(val) [121/121]    aAcc: 79.3800  mIoU: 48.3500  mAcc: 62.0200  data_time: 0.0242  time: 0.5103
2026/06/15 22:30:17 - mmengine - INFO - The previous best checkpoint /mnt/ht2-nas2/00-model/00-fb/mmseg_dino/work_dirs/dinov3l_m2f_pastis_temporal_v1/best_mIoU_iter_7000.pth is removed
2026/06/15 22:30:23 - mmengine - INFO - The best checkpoint with 48.3500 mIoU at 8000 iter is saved to best_mIoU_iter_8000.pth.
2026/06/15 22:31:35 - mmengine - INFO - Iter(train) [ 8050/20000]  base_lr: 6.7484e-05 lr: 6.7484e-05  eta: 4:18:54  time: 1.2929  data_time: 0.0338  memory: 8609  grad_norm: 81.9115  loss: 36.0853  decode.loss_cls: 0.6989  decode.loss_mask: 1.2824  decode.loss_dice: 1.4717  decode.d0.loss_cls: 1.2509  decode.d0.loss_mask: 1.3748  decode.d0.loss_dice: 1.6979  decode.d1.loss_cls: 0.8815  decode.d1.loss_mask: 1.3205  decode.d1.loss_dice: 1.5807  decode.d2.loss_cls: 0.7840  decode.d2.loss_mask: 1.2943  decode.d2.loss_dice: 1.5011  decode.d3.loss_cls: 0.7421  decode.d3.loss_mask: 1.2796  decode.d3.loss_dice: 1.4723  decode.d4.loss_cls: 0.7657  decode.d4.loss_mask: 1.2742  decode.d4.loss_dice: 1.4755  decode.d5.loss_cls: 0.7488  decode.d5.loss_mask: 1.2876  decode.d5.loss_dice: 1.4901  decode.d6.loss_cls: 0.6974  decode.d6.loss_mask: 1.2798  decode.d6.loss_dice: 1.4886  decode.d7.loss_cls: 0.7202  decode.d7.loss_mask: 1.2732  decode.d7.loss_dice: 1.4788  decode.d8.loss_cls: 0.7034  decode.d8.loss_mask: 1.2828  decode.d8.loss_dice: 1.4867
2026/06/15 22:32:40 - mmengine - INFO - Iter(train) [ 8100/20000]  base_lr: 6.7229e-05 lr: 6.7229e-05  eta: 4:17:49  time: 1.2974  data_time: 0.0333  memory: 8609  grad_norm: 99.3676  loss: 38.0644  decode.loss_cls: 0.6705  decode.loss_mask: 1.3907  decode.loss_dice: 1.6068  decode.d0.loss_cls: 1.2145  decode.d0.loss_mask: 1.4333  decode.d0.loss_dice: 1.7727  decode.d1.loss_cls: 0.8738  decode.d1.loss_mask: 1.4021  decode.d1.loss_dice: 1.6953  decode.d2.loss_cls: 0.7218  decode.d2.loss_mask: 1.3811  decode.d2.loss_dice: 1.6536  decode.d3.loss_cls: 0.7196  decode.d3.loss_mask: 1.3921  decode.d3.loss_dice: 1.6132  decode.d4.loss_cls: 0.7132  decode.d4.loss_mask: 1.3973  decode.d4.loss_dice: 1.6270  decode.d5.loss_cls: 0.6787  decode.d5.loss_mask: 1.3954  decode.d5.loss_dice: 1.6309  decode.d6.loss_cls: 0.7004  decode.d6.loss_mask: 1.3809  decode.d6.loss_dice: 1.6225  decode.d7.loss_cls: 0.6665  decode.d7.loss_mask: 1.3789  decode.d7.loss_dice: 1.6367  decode.d8.loss_cls: 0.6779  decode.d8.loss_mask: 1.3845  decode.d8.loss_dice: 1.6326
2026/06/15 22:33:45 - mmengine - INFO - Iter(train) [ 8150/20000]  base_lr: 6.6975e-05 lr: 6.6975e-05  eta: 4:16:44  time: 1.2982  data_time: 0.0342  memory: 8609  grad_norm: 100.4110  loss: 37.6342  decode.loss_cls: 0.6157  decode.loss_mask: 1.4664  decode.loss_dice: 1.6076  decode.d0.loss_cls: 0.9864  decode.d0.loss_mask: 1.5046  decode.d0.loss_dice: 1.7610  decode.d1.loss_cls: 0.6800  decode.d1.loss_mask: 1.5001  decode.d1.loss_dice: 1.7064  decode.d2.loss_cls: 0.5758  decode.d2.loss_mask: 1.4715  decode.d2.loss_dice: 1.6597  decode.d3.loss_cls: 0.5929  decode.d3.loss_mask: 1.4792  decode.d3.loss_dice: 1.6264  decode.d4.loss_cls: 0.5418  decode.d4.loss_mask: 1.4674  decode.d4.loss_dice: 1.6370  decode.d5.loss_cls: 0.5923  decode.d5.loss_mask: 1.4602  decode.d5.loss_dice: 1.6402  decode.d6.loss_cls: 0.6152  decode.d6.loss_mask: 1.4555  decode.d6.loss_dice: 1.6218  decode.d7.loss_cls: 0.6083  decode.d7.loss_mask: 1.4603  decode.d7.loss_dice: 1.6184  decode.d8.loss_cls: 0.5931  decode.d8.loss_mask: 1.4689  decode.d8.loss_dice: 1.6200
2026/06/15 22:34:49 - mmengine - INFO - Iter(train) [ 8200/20000]  base_lr: 6.6721e-05 lr: 6.6721e-05  eta: 4:15:39  time: 1.2914  data_time: 0.0333  memory: 8609  grad_norm: 78.9670  loss: 36.1712  decode.loss_cls: 0.6850  decode.loss_mask: 1.2954  decode.loss_dice: 1.4883  decode.d0.loss_cls: 1.2439  decode.d0.loss_mask: 1.3554  decode.d0.loss_dice: 1.7039  decode.d1.loss_cls: 0.8493  decode.d1.loss_mask: 1.3488  decode.d1.loss_dice: 1.6380  decode.d2.loss_cls: 0.7118  decode.d2.loss_mask: 1.3330  decode.d2.loss_dice: 1.5406  decode.d3.loss_cls: 0.6858  decode.d3.loss_mask: 1.3132  decode.d3.loss_dice: 1.5140  decode.d4.loss_cls: 0.7043  decode.d4.loss_mask: 1.3253  decode.d4.loss_dice: 1.5007  decode.d5.loss_cls: 0.6755  decode.d5.loss_mask: 1.3165  decode.d5.loss_dice: 1.4910  decode.d6.loss_cls: 0.6714  decode.d6.loss_mask: 1.3170  decode.d6.loss_dice: 1.4886  decode.d7.loss_cls: 0.6744  decode.d7.loss_mask: 1.3115  decode.d7.loss_dice: 1.5091  decode.d8.loss_cls: 0.6787  decode.d8.loss_mask: 1.3030  decode.d8.loss_dice: 1.4978
2026/06/15 22:35:54 - mmengine - INFO - Iter(train) [ 8250/20000]  base_lr: 6.6466e-05 lr: 6.6466e-05  eta: 4:14:33  time: 1.2930  data_time: 0.0350  memory: 8609  grad_norm: 100.8575  loss: 38.7037  decode.loss_cls: 0.6484  decode.loss_mask: 1.4859  decode.loss_dice: 1.6007  decode.d0.loss_cls: 1.1543  decode.d0.loss_mask: 1.5254  decode.d0.loss_dice: 1.8062  decode.d1.loss_cls: 0.7434  decode.d1.loss_mask: 1.4794  decode.d1.loss_dice: 1.7438  decode.d2.loss_cls: 0.6830  decode.d2.loss_mask: 1.4960  decode.d2.loss_dice: 1.6828  decode.d3.loss_cls: 0.6739  decode.d3.loss_mask: 1.4859  decode.d3.loss_dice: 1.6542  decode.d4.loss_cls: 0.6659  decode.d4.loss_mask: 1.4779  decode.d4.loss_dice: 1.6577  decode.d5.loss_cls: 0.6810  decode.d5.loss_mask: 1.4698  decode.d5.loss_dice: 1.6358  decode.d6.loss_cls: 0.6762  decode.d6.loss_mask: 1.4668  decode.d6.loss_dice: 1.6084  decode.d7.loss_cls: 0.6926  decode.d7.loss_mask: 1.4628  decode.d7.loss_dice: 1.6065  decode.d8.loss_cls: 0.6389  decode.d8.loss_mask: 1.4821  decode.d8.loss_dice: 1.6182
2026/06/15 22:36:59 - mmengine - INFO - Iter(train) [ 8300/20000]  base_lr: 6.6212e-05 lr: 6.6212e-05  eta: 4:13:28  time: 1.2986  data_time: 0.0343  memory: 8609  grad_norm: 75.7707  loss: 36.8369  decode.loss_cls: 0.6680  decode.loss_mask: 1.3523  decode.loss_dice: 1.5434  decode.d0.loss_cls: 1.1598  decode.d0.loss_mask: 1.3986  decode.d0.loss_dice: 1.7211  decode.d1.loss_cls: 0.8689  decode.d1.loss_mask: 1.4002  decode.d1.loss_dice: 1.6531  decode.d2.loss_cls: 0.7072  decode.d2.loss_mask: 1.3863  decode.d2.loss_dice: 1.6411  decode.d3.loss_cls: 0.6865  decode.d3.loss_mask: 1.3425  decode.d3.loss_dice: 1.5563  decode.d4.loss_cls: 0.6645  decode.d4.loss_mask: 1.3485  decode.d4.loss_dice: 1.5483  decode.d5.loss_cls: 0.6590  decode.d5.loss_mask: 1.3539  decode.d5.loss_dice: 1.5399  decode.d6.loss_cls: 0.6132  decode.d6.loss_mask: 1.3565  decode.d6.loss_dice: 1.5520  decode.d7.loss_cls: 0.6369  decode.d7.loss_mask: 1.3539  decode.d7.loss_dice: 1.5675  decode.d8.loss_cls: 0.6279  decode.d8.loss_mask: 1.3584  decode.d8.loss_dice: 1.5711
2026/06/15 22:38:04 - mmengine - INFO - Iter(train) [ 8350/20000]  base_lr: 6.5957e-05 lr: 6.5957e-05  eta: 4:12:23  time: 1.3008  data_time: 0.0337  memory: 8609  grad_norm: 84.2262  loss: 38.6776  decode.loss_cls: 0.6707  decode.loss_mask: 1.3707  decode.loss_dice: 1.7080  decode.d0.loss_cls: 1.1767  decode.d0.loss_mask: 1.4254  decode.d0.loss_dice: 1.8887  decode.d1.loss_cls: 0.7903  decode.d1.loss_mask: 1.4192  decode.d1.loss_dice: 1.8044  decode.d2.loss_cls: 0.7239  decode.d2.loss_mask: 1.3930  decode.d2.loss_dice: 1.7280  decode.d3.loss_cls: 0.6928  decode.d3.loss_mask: 1.3523  decode.d3.loss_dice: 1.7144  decode.d4.loss_cls: 0.6745  decode.d4.loss_mask: 1.3721  decode.d4.loss_dice: 1.7045  decode.d5.loss_cls: 0.6716  decode.d5.loss_mask: 1.3710  decode.d5.loss_dice: 1.6985  decode.d6.loss_cls: 0.7426  decode.d6.loss_mask: 1.3523  decode.d6.loss_dice: 1.6861  decode.d7.loss_cls: 0.7190  decode.d7.loss_mask: 1.3660  decode.d7.loss_dice: 1.6873  decode.d8.loss_cls: 0.6913  decode.d8.loss_mask: 1.3734  decode.d8.loss_dice: 1.7089
2026/06/15 22:39:09 - mmengine - INFO - Iter(train) [ 8400/20000]  base_lr: 6.5702e-05 lr: 6.5702e-05  eta: 4:11:18  time: 1.3025  data_time: 0.0370  memory: 8609  grad_norm: 94.0589  loss: 38.1792  decode.loss_cls: 0.6667  decode.loss_mask: 1.3466  decode.loss_dice: 1.7082  decode.d0.loss_cls: 1.1392  decode.d0.loss_mask: 1.4008  decode.d0.loss_dice: 1.8757  decode.d1.loss_cls: 0.8331  decode.d1.loss_mask: 1.3827  decode.d1.loss_dice: 1.7920  decode.d2.loss_cls: 0.7459  decode.d2.loss_mask: 1.3635  decode.d2.loss_dice: 1.7266  decode.d3.loss_cls: 0.7161  decode.d3.loss_mask: 1.3328  decode.d3.loss_dice: 1.6927  decode.d4.loss_cls: 0.6561  decode.d4.loss_mask: 1.3407  decode.d4.loss_dice: 1.6993  decode.d5.loss_cls: 0.6435  decode.d5.loss_mask: 1.3319  decode.d5.loss_dice: 1.7058  decode.d6.loss_cls: 0.6596  decode.d6.loss_mask: 1.3413  decode.d6.loss_dice: 1.6968  decode.d7.loss_cls: 0.6427  decode.d7.loss_mask: 1.3459  decode.d7.loss_dice: 1.6926  decode.d8.loss_cls: 0.6385  decode.d8.loss_mask: 1.3518  decode.d8.loss_dice: 1.7098
2026/06/15 22:40:14 - mmengine - INFO - Iter(train) [ 8450/20000]  base_lr: 6.5447e-05 lr: 6.5447e-05  eta: 4:10:13  time: 1.2950  data_time: 0.0337  memory: 8609  grad_norm: 89.3014  loss: 38.6007  decode.loss_cls: 0.7929  decode.loss_mask: 1.3063  decode.loss_dice: 1.6407  decode.d0.loss_cls: 1.4094  decode.d0.loss_mask: 1.3523  decode.d0.loss_dice: 1.8125  decode.d1.loss_cls: 0.9029  decode.d1.loss_mask: 1.3356  decode.d1.loss_dice: 1.7737  decode.d2.loss_cls: 0.7907  decode.d2.loss_mask: 1.3165  decode.d2.loss_dice: 1.6830  decode.d3.loss_cls: 0.7690  decode.d3.loss_mask: 1.3295  decode.d3.loss_dice: 1.6607  decode.d4.loss_cls: 0.7941  decode.d4.loss_mask: 1.3017  decode.d4.loss_dice: 1.6430  decode.d5.loss_cls: 0.8269  decode.d5.loss_mask: 1.3091  decode.d5.loss_dice: 1.6401  decode.d6.loss_cls: 0.7912  decode.d6.loss_mask: 1.3192  decode.d6.loss_dice: 1.6433  decode.d7.loss_cls: 0.7691  decode.d7.loss_mask: 1.3156  decode.d7.loss_dice: 1.6351  decode.d8.loss_cls: 0.8125  decode.d8.loss_mask: 1.3105  decode.d8.loss_dice: 1.6136
2026/06/15 22:41:19 - mmengine - INFO - Iter(train) [ 8500/20000]  base_lr: 6.5192e-05 lr: 6.5192e-05  eta: 4:09:08  time: 1.2958  data_time: 0.0343  memory: 8609  grad_norm: 87.6386  loss: 37.1078  decode.loss_cls: 0.5890  decode.loss_mask: 1.3807  decode.loss_dice: 1.5760  decode.d0.loss_cls: 1.1934  decode.d0.loss_mask: 1.4436  decode.d0.loss_dice: 1.7559  decode.d1.loss_cls: 0.8643  decode.d1.loss_mask: 1.4183  decode.d1.loss_dice: 1.6626  decode.d2.loss_cls: 0.6585  decode.d2.loss_mask: 1.4050  decode.d2.loss_dice: 1.6103  decode.d3.loss_cls: 0.6369  decode.d3.loss_mask: 1.3855  decode.d3.loss_dice: 1.5775  decode.d4.loss_cls: 0.6696  decode.d4.loss_mask: 1.3799  decode.d4.loss_dice: 1.5569  decode.d5.loss_cls: 0.6556  decode.d5.loss_mask: 1.3806  decode.d5.loss_dice: 1.5863  decode.d6.loss_cls: 0.6035  decode.d6.loss_mask: 1.3996  decode.d6.loss_dice: 1.5830  decode.d7.loss_cls: 0.6137  decode.d7.loss_mask: 1.3797  decode.d7.loss_dice: 1.5807  decode.d8.loss_cls: 0.6049  decode.d8.loss_mask: 1.3743  decode.d8.loss_dice: 1.5819
2026/06/15 22:42:23 - mmengine - INFO - Iter(train) [ 8550/20000]  base_lr: 6.4937e-05 lr: 6.4937e-05  eta: 4:08:02  time: 1.2904  data_time: 0.0323  memory: 8609  grad_norm: 88.4750  loss: 37.2823  decode.loss_cls: 0.7473  decode.loss_mask: 1.2818  decode.loss_dice: 1.5309  decode.d0.loss_cls: 1.3843  decode.d0.loss_mask: 1.3357  decode.d0.loss_dice: 1.7756  decode.d1.loss_cls: 0.9697  decode.d1.loss_mask: 1.2928  decode.d1.loss_dice: 1.6559  decode.d2.loss_cls: 0.8156  decode.d2.loss_mask: 1.2765  decode.d2.loss_dice: 1.5910  decode.d3.loss_cls: 0.7669  decode.d3.loss_mask: 1.2711  decode.d3.loss_dice: 1.5523  decode.d4.loss_cls: 0.7598  decode.d4.loss_mask: 1.2709  decode.d4.loss_dice: 1.5564  decode.d5.loss_cls: 0.7716  decode.d5.loss_mask: 1.2758  decode.d5.loss_dice: 1.5640  decode.d6.loss_cls: 0.7521  decode.d6.loss_mask: 1.2975  decode.d6.loss_dice: 1.5609  decode.d7.loss_cls: 0.7702  decode.d7.loss_mask: 1.2867  decode.d7.loss_dice: 1.5533  decode.d8.loss_cls: 0.7725  decode.d8.loss_mask: 1.2871  decode.d8.loss_dice: 1.5562
2026/06/15 22:43:28 - mmengine - INFO - Iter(train) [ 8600/20000]  base_lr: 6.4682e-05 lr: 6.4682e-05  eta: 4:06:57  time: 1.3020  data_time: 0.0339  memory: 8609  grad_norm: 81.2453  loss: 35.7731  decode.loss_cls: 0.6904  decode.loss_mask: 1.3005  decode.loss_dice: 1.4715  decode.d0.loss_cls: 1.0937  decode.d0.loss_mask: 1.3406  decode.d0.loss_dice: 1.7013  decode.d1.loss_cls: 0.7713  decode.d1.loss_mask: 1.3087  decode.d1.loss_dice: 1.6355  decode.d2.loss_cls: 0.6665  decode.d2.loss_mask: 1.3023  decode.d2.loss_dice: 1.5690  decode.d3.loss_cls: 0.6878  decode.d3.loss_mask: 1.2982  decode.d3.loss_dice: 1.5082  decode.d4.loss_cls: 0.7003  decode.d4.loss_mask: 1.3096  decode.d4.loss_dice: 1.5204  decode.d5.loss_cls: 0.6995  decode.d5.loss_mask: 1.3102  decode.d5.loss_dice: 1.4979  decode.d6.loss_cls: 0.6695  decode.d6.loss_mask: 1.3060  decode.d6.loss_dice: 1.4834  decode.d7.loss_cls: 0.6779  decode.d7.loss_mask: 1.2940  decode.d7.loss_dice: 1.4896  decode.d8.loss_cls: 0.6966  decode.d8.loss_mask: 1.2929  decode.d8.loss_dice: 1.4797
2026/06/15 22:44:33 - mmengine - INFO - Iter(train) [ 8650/20000]  base_lr: 6.4426e-05 lr: 6.4426e-05  eta: 4:05:52  time: 1.2849  data_time: 0.0333  memory: 8609  grad_norm: 90.0025  loss: 36.0065  decode.loss_cls: 0.5424  decode.loss_mask: 1.3736  decode.loss_dice: 1.5676  decode.d0.loss_cls: 0.9881  decode.d0.loss_mask: 1.4468  decode.d0.loss_dice: 1.7443  decode.d1.loss_cls: 0.7309  decode.d1.loss_mask: 1.4044  decode.d1.loss_dice: 1.6692  decode.d2.loss_cls: 0.6156  decode.d2.loss_mask: 1.3834  decode.d2.loss_dice: 1.5995  decode.d3.loss_cls: 0.5300  decode.d3.loss_mask: 1.3805  decode.d3.loss_dice: 1.5892  decode.d4.loss_cls: 0.5363  decode.d4.loss_mask: 1.3738  decode.d4.loss_dice: 1.5961  decode.d5.loss_cls: 0.5317  decode.d5.loss_mask: 1.3629  decode.d5.loss_dice: 1.5950  decode.d6.loss_cls: 0.5689  decode.d6.loss_mask: 1.3580  decode.d6.loss_dice: 1.5604  decode.d7.loss_cls: 0.5252  decode.d7.loss_mask: 1.3611  decode.d7.loss_dice: 1.5823  decode.d8.loss_cls: 0.5565  decode.d8.loss_mask: 1.3622  decode.d8.loss_dice: 1.5706
2026/06/15 22:45:38 - mmengine - INFO - Iter(train) [ 8700/20000]  base_lr: 6.4171e-05 lr: 6.4171e-05  eta: 4:04:46  time: 1.2928  data_time: 0.0337  memory: 8609  grad_norm: 97.0086  loss: 37.0736  decode.loss_cls: 0.6499  decode.loss_mask: 1.4317  decode.loss_dice: 1.5402  decode.d0.loss_cls: 1.0125  decode.d0.loss_mask: 1.4823  decode.d0.loss_dice: 1.7498  decode.d1.loss_cls: 0.7415  decode.d1.loss_mask: 1.4593  decode.d1.loss_dice: 1.6354  decode.d2.loss_cls: 0.6290  decode.d2.loss_mask: 1.4322  decode.d2.loss_dice: 1.5739  decode.d3.loss_cls: 0.6725  decode.d3.loss_mask: 1.4034  decode.d3.loss_dice: 1.5283  decode.d4.loss_cls: 0.6566  decode.d4.loss_mask: 1.4308  decode.d4.loss_dice: 1.5536  decode.d5.loss_cls: 0.6416  decode.d5.loss_mask: 1.4513  decode.d5.loss_dice: 1.5532  decode.d6.loss_cls: 0.6456  decode.d6.loss_mask: 1.4255  decode.d6.loss_dice: 1.5337  decode.d7.loss_cls: 0.6550  decode.d7.loss_mask: 1.4210  decode.d7.loss_dice: 1.5483  decode.d8.loss_cls: 0.6437  decode.d8.loss_mask: 1.4224  decode.d8.loss_dice: 1.5493
2026/06/15 22:46:42 - mmengine - INFO - Iter(train) [ 8750/20000]  base_lr: 6.3915e-05 lr: 6.3915e-05  eta: 4:03:41  time: 1.2895  data_time: 0.0338  memory: 8609  grad_norm: 83.0477  loss: 36.2631  decode.loss_cls: 0.5966  decode.loss_mask: 1.3538  decode.loss_dice: 1.5484  decode.d0.loss_cls: 1.1478  decode.d0.loss_mask: 1.3784  decode.d0.loss_dice: 1.7176  decode.d1.loss_cls: 0.7973  decode.d1.loss_mask: 1.3793  decode.d1.loss_dice: 1.6522  decode.d2.loss_cls: 0.6787  decode.d2.loss_mask: 1.3679  decode.d2.loss_dice: 1.5957  decode.d3.loss_cls: 0.6310  decode.d3.loss_mask: 1.3524  decode.d3.loss_dice: 1.5400  decode.d4.loss_cls: 0.6256  decode.d4.loss_mask: 1.3527  decode.d4.loss_dice: 1.5457  decode.d5.loss_cls: 0.6180  decode.d5.loss_mask: 1.3423  decode.d5.loss_dice: 1.5480  decode.d6.loss_cls: 0.5843  decode.d6.loss_mask: 1.3534  decode.d6.loss_dice: 1.5507  decode.d7.loss_cls: 0.5859  decode.d7.loss_mask: 1.3564  decode.d7.loss_dice: 1.5604  decode.d8.loss_cls: 0.6063  decode.d8.loss_mask: 1.3487  decode.d8.loss_dice: 1.5476
2026/06/15 22:47:47 - mmengine - INFO - Iter(train) [ 8800/20000]  base_lr: 6.3659e-05 lr: 6.3659e-05  eta: 4:02:35  time: 1.2838  data_time: 0.0296  memory: 8609  grad_norm: 78.5214  loss: 35.1742  decode.loss_cls: 0.5273  decode.loss_mask: 1.3296  decode.loss_dice: 1.5485  decode.d0.loss_cls: 1.0063  decode.d0.loss_mask: 1.3680  decode.d0.loss_dice: 1.6956  decode.d1.loss_cls: 0.6530  decode.d1.loss_mask: 1.3552  decode.d1.loss_dice: 1.6412  decode.d2.loss_cls: 0.6036  decode.d2.loss_mask: 1.3206  decode.d2.loss_dice: 1.5819  decode.d3.loss_cls: 0.5664  decode.d3.loss_mask: 1.3187  decode.d3.loss_dice: 1.5534  decode.d4.loss_cls: 0.5426  decode.d4.loss_mask: 1.3264  decode.d4.loss_dice: 1.5567  decode.d5.loss_cls: 0.5359  decode.d5.loss_mask: 1.3435  decode.d5.loss_dice: 1.5635  decode.d6.loss_cls: 0.5343  decode.d6.loss_mask: 1.3302  decode.d6.loss_dice: 1.5533  decode.d7.loss_cls: 0.5242  decode.d7.loss_mask: 1.3384  decode.d7.loss_dice: 1.5472  decode.d8.loss_cls: 0.5405  decode.d8.loss_mask: 1.3274  decode.d8.loss_dice: 1.5407
2026/06/15 22:48:51 - mmengine - INFO - Iter(train) [ 8850/20000]  base_lr: 6.3404e-05 lr: 6.3404e-05  eta: 4:01:29  time: 1.2949  data_time: 0.0331  memory: 8609  grad_norm: 84.5670  loss: 35.2897  decode.loss_cls: 0.6278  decode.loss_mask: 1.2758  decode.loss_dice: 1.5085  decode.d0.loss_cls: 1.0995  decode.d0.loss_mask: 1.3091  decode.d0.loss_dice: 1.6938  decode.d1.loss_cls: 0.8173  decode.d1.loss_mask: 1.3086  decode.d1.loss_dice: 1.6153  decode.d2.loss_cls: 0.6892  decode.d2.loss_mask: 1.3054  decode.d2.loss_dice: 1.5592  decode.d3.loss_cls: 0.6050  decode.d3.loss_mask: 1.2942  decode.d3.loss_dice: 1.5366  decode.d4.loss_cls: 0.6018  decode.d4.loss_mask: 1.2822  decode.d4.loss_dice: 1.5220  decode.d5.loss_cls: 0.5810  decode.d5.loss_mask: 1.2841  decode.d5.loss_dice: 1.5226  decode.d6.loss_cls: 0.6181  decode.d6.loss_mask: 1.2817  decode.d6.loss_dice: 1.5196  decode.d7.loss_cls: 0.6074  decode.d7.loss_mask: 1.2746  decode.d7.loss_dice: 1.5181  decode.d8.loss_cls: 0.6087  decode.d8.loss_mask: 1.2861  decode.d8.loss_dice: 1.5361
2026/06/15 22:49:56 - mmengine - INFO - Iter(train) [ 8900/20000]  base_lr: 6.3148e-05 lr: 6.3148e-05  eta: 4:00:24  time: 1.2961  data_time: 0.0339  memory: 8609  grad_norm: 91.8243  loss: 36.5167  decode.loss_cls: 0.6122  decode.loss_mask: 1.3579  decode.loss_dice: 1.5406  decode.d0.loss_cls: 1.0578  decode.d0.loss_mask: 1.3950  decode.d0.loss_dice: 1.7417  decode.d1.loss_cls: 0.7465  decode.d1.loss_mask: 1.3930  decode.d1.loss_dice: 1.6884  decode.d2.loss_cls: 0.7434  decode.d2.loss_mask: 1.3720  decode.d2.loss_dice: 1.5828  decode.d3.loss_cls: 0.6285  decode.d3.loss_mask: 1.3535  decode.d3.loss_dice: 1.5651  decode.d4.loss_cls: 0.6734  decode.d4.loss_mask: 1.3538  decode.d4.loss_dice: 1.5583  decode.d5.loss_cls: 0.6207  decode.d5.loss_mask: 1.3532  decode.d5.loss_dice: 1.5641  decode.d6.loss_cls: 0.6017  decode.d6.loss_mask: 1.3649  decode.d6.loss_dice: 1.5754  decode.d7.loss_cls: 0.6082  decode.d7.loss_mask: 1.3578  decode.d7.loss_dice: 1.5626  decode.d8.loss_cls: 0.6436  decode.d8.loss_mask: 1.3599  decode.d8.loss_dice: 1.5406
2026/06/15 22:51:00 - mmengine - INFO - Iter(train) [ 8950/20000]  base_lr: 6.2892e-05 lr: 6.2892e-05  eta: 3:59:18  time: 1.2896  data_time: 0.0311  memory: 8609  grad_norm: 98.3353  loss: 36.6129  decode.loss_cls: 0.6697  decode.loss_mask: 1.3981  decode.loss_dice: 1.4766  decode.d0.loss_cls: 1.1647  decode.d0.loss_mask: 1.4376  decode.d0.loss_dice: 1.6806  decode.d1.loss_cls: 0.8834  decode.d1.loss_mask: 1.3716  decode.d1.loss_dice: 1.6120  decode.d2.loss_cls: 0.7525  decode.d2.loss_mask: 1.3284  decode.d2.loss_dice: 1.5280  decode.d3.loss_cls: 0.8043  decode.d3.loss_mask: 1.3349  decode.d3.loss_dice: 1.4488  decode.d4.loss_cls: 0.7486  decode.d4.loss_mask: 1.3428  decode.d4.loss_dice: 1.4593  decode.d5.loss_cls: 0.7177  decode.d5.loss_mask: 1.3522  decode.d5.loss_dice: 1.4782  decode.d6.loss_cls: 0.7196  decode.d6.loss_mask: 1.3449  decode.d6.loss_dice: 1.4647  decode.d7.loss_cls: 0.7045  decode.d7.loss_mask: 1.3759  decode.d7.loss_dice: 1.4617  decode.d8.loss_cls: 0.7218  decode.d8.loss_mask: 1.3668  decode.d8.loss_dice: 1.4629
2026/06/15 22:52:05 - mmengine - INFO - Exp name: dinov3l_m2f_pastis_temporal_v1_20260615_192803
2026/06/15 22:52:05 - mmengine - INFO - Iter(train) [ 9000/20000]  base_lr: 6.2635e-05 lr: 6.2635e-05  eta: 3:58:13  time: 1.2976  data_time: 0.0332  memory: 8609  grad_norm: 88.4826  loss: 37.4885  decode.loss_cls: 0.6118  decode.loss_mask: 1.3705  decode.loss_dice: 1.6542  decode.d0.loss_cls: 1.2258  decode.d0.loss_mask: 1.3859  decode.d0.loss_dice: 1.7850  decode.d1.loss_cls: 0.7990  decode.d1.loss_mask: 1.3947  decode.d1.loss_dice: 1.7284  decode.d2.loss_cls: 0.6865  decode.d2.loss_mask: 1.3687  decode.d2.loss_dice: 1.7180  decode.d3.loss_cls: 0.6529  decode.d3.loss_mask: 1.3542  decode.d3.loss_dice: 1.6489  decode.d4.loss_cls: 0.6354  decode.d4.loss_mask: 1.3344  decode.d4.loss_dice: 1.6408  decode.d5.loss_cls: 0.6188  decode.d5.loss_mask: 1.3516  decode.d5.loss_dice: 1.6530  decode.d6.loss_cls: 0.5805  decode.d6.loss_mask: 1.3696  decode.d6.loss_dice: 1.6540  decode.d7.loss_cls: 0.5696  decode.d7.loss_mask: 1.3822  decode.d7.loss_dice: 1.6702  decode.d8.loss_cls: 0.6266  decode.d8.loss_mask: 1.3674  decode.d8.loss_dice: 1.6501
2026/06/15 22:52:31 - mmengine - INFO - Iter(val) [ 50/121]    eta: 0:00:37  time: 0.5209  data_time: 0.0269  memory: 6109  
2026/06/15 22:52:57 - mmengine - INFO - Iter(val) [100/121]    eta: 0:00:10  time: 0.5180  data_time: 0.0247  memory: 6109  
2026/06/15 22:53:08 - mmengine - INFO - per class results:
2026/06/15 22:53:08 - mmengine - INFO - 
+---------+-------+-------+
|  Class  |  IoU  |  Acc  |
+---------+-------+-------+
|  crop_1 | 73.44 | 84.55 |
|  crop_2 | 60.11 | 75.69 |
|  crop_3 | 76.18 | 85.03 |
|  crop_4 | 79.75 | 89.51 |
|  crop_5 | 66.28 | 75.33 |
|  crop_6 | 84.92 | 91.41 |
|  crop_7 | 32.86 | 51.97 |
|  crop_8 | 46.96 | 59.72 |
|  crop_9 | 46.99 | 65.66 |
| crop_10 | 79.59 | 89.33 |
| crop_11 | 26.36 | 59.84 |
| crop_12 | 47.96 | 82.13 |
| crop_13 | 24.54 | 35.77 |
| crop_14 | 32.34 | 63.88 |
| crop_15 | 16.41 | 20.87 |
| crop_16 |  52.1 | 65.43 |
| crop_17 | 38.64 | 50.35 |
| crop_18 | 18.87 | 30.54 |
| crop_19 | 15.54 |  29.7 |
+---------+-------+-------+
2026/06/15 22:53:08 - mmengine - INFO - Iter(val) [121/121]    aAcc: 79.2000  mIoU: 48.4100  mAcc: 63.5100  data_time: 0.0281  time: 0.5181
2026/06/15 22:53:08 - mmengine - INFO - The previous best checkpoint /mnt/ht2-nas2/00-model/00-fb/mmseg_dino/work_dirs/dinov3l_m2f_pastis_temporal_v1/best_mIoU_iter_8000.pth is removed
2026/06/15 22:53:14 - mmengine - INFO - The best checkpoint with 48.4100 mIoU at 9000 iter is saved to best_mIoU_iter_9000.pth.
2026/06/15 22:54:26 - mmengine - INFO - Iter(train) [ 9050/20000]  base_lr: 6.2379e-05 lr: 6.2379e-05  eta: 3:57:24  time: 1.2953  data_time: 0.0319  memory: 8609  grad_norm: 86.3159  loss: 35.6051  decode.loss_cls: 0.5355  decode.loss_mask: 1.3115  decode.loss_dice: 1.5697  decode.d0.loss_cls: 1.1941  decode.d0.loss_mask: 1.3385  decode.d0.loss_dice: 1.6992  decode.d1.loss_cls: 0.7923  decode.d1.loss_mask: 1.3314  decode.d1.loss_dice: 1.6353  decode.d2.loss_cls: 0.6377  decode.d2.loss_mask: 1.3024  decode.d2.loss_dice: 1.5883  decode.d3.loss_cls: 0.5767  decode.d3.loss_mask: 1.3051  decode.d3.loss_dice: 1.5495  decode.d4.loss_cls: 0.5966  decode.d4.loss_mask: 1.3273  decode.d4.loss_dice: 1.5549  decode.d5.loss_cls: 0.5820  decode.d5.loss_mask: 1.3166  decode.d5.loss_dice: 1.5575  decode.d6.loss_cls: 0.5515  decode.d6.loss_mask: 1.3128  decode.d6.loss_dice: 1.5589  decode.d7.loss_cls: 0.5721  decode.d7.loss_mask: 1.3139  decode.d7.loss_dice: 1.5590  decode.d8.loss_cls: 0.5543  decode.d8.loss_mask: 1.3178  decode.d8.loss_dice: 1.5628
2026/06/15 22:55:31 - mmengine - INFO - Iter(train) [ 9100/20000]  base_lr: 6.2123e-05 lr: 6.2123e-05  eta: 3:56:19  time: 1.2914  data_time: 0.0320  memory: 8609  grad_norm: 94.3000  loss: 36.8408  decode.loss_cls: 0.6853  decode.loss_mask: 1.2889  decode.loss_dice: 1.5570  decode.d0.loss_cls: 1.3140  decode.d0.loss_mask: 1.3372  decode.d0.loss_dice: 1.7528  decode.d1.loss_cls: 0.8803  decode.d1.loss_mask: 1.3116  decode.d1.loss_dice: 1.6579  decode.d2.loss_cls: 0.7751  decode.d2.loss_mask: 1.3016  decode.d2.loss_dice: 1.6011  decode.d3.loss_cls: 0.7465  decode.d3.loss_mask: 1.2802  decode.d3.loss_dice: 1.5745  decode.d4.loss_cls: 0.7180  decode.d4.loss_mask: 1.2907  decode.d4.loss_dice: 1.5734  decode.d5.loss_cls: 0.7147  decode.d5.loss_mask: 1.2822  decode.d5.loss_dice: 1.5572  decode.d6.loss_cls: 0.6935  decode.d6.loss_mask: 1.2843  decode.d6.loss_dice: 1.5635  decode.d7.loss_cls: 0.7211  decode.d7.loss_mask: 1.2714  decode.d7.loss_dice: 1.5673  decode.d8.loss_cls: 0.7055  decode.d8.loss_mask: 1.2796  decode.d8.loss_dice: 1.5543
2026/06/15 22:56:36 - mmengine - INFO - Iter(train) [ 9150/20000]  base_lr: 6.1866e-05 lr: 6.1866e-05  eta: 3:55:13  time: 1.2922  data_time: 0.0327  memory: 8609  grad_norm: 80.2808  loss: 36.5629  decode.loss_cls: 0.5373  decode.loss_mask: 1.3557  decode.loss_dice: 1.6246  decode.d0.loss_cls: 1.0727  decode.d0.loss_mask: 1.4330  decode.d0.loss_dice: 1.8179  decode.d1.loss_cls: 0.7092  decode.d1.loss_mask: 1.3943  decode.d1.loss_dice: 1.7204  decode.d2.loss_cls: 0.6126  decode.d2.loss_mask: 1.3748  decode.d2.loss_dice: 1.6808  decode.d3.loss_cls: 0.5244  decode.d3.loss_mask: 1.3844  decode.d3.loss_dice: 1.6492  decode.d4.loss_cls: 0.5284  decode.d4.loss_mask: 1.3680  decode.d4.loss_dice: 1.6471  decode.d5.loss_cls: 0.5384  decode.d5.loss_mask: 1.3654  decode.d5.loss_dice: 1.6417  decode.d6.loss_cls: 0.5400  decode.d6.loss_mask: 1.3608  decode.d6.loss_dice: 1.6269  decode.d7.loss_cls: 0.5191  decode.d7.loss_mask: 1.3682  decode.d7.loss_dice: 1.6255  decode.d8.loss_cls: 0.5443  decode.d8.loss_mask: 1.3576  decode.d8.loss_dice: 1.6403
2026/06/15 22:57:40 - mmengine - INFO - Iter(train) [ 9200/20000]  base_lr: 6.1610e-05 lr: 6.1610e-05  eta: 3:54:08  time: 1.2840  data_time: 0.0310  memory: 8609  grad_norm: 90.7330  loss: 34.4251  decode.loss_cls: 0.5923  decode.loss_mask: 1.2461  decode.loss_dice: 1.4659  decode.d0.loss_cls: 1.0640  decode.d0.loss_mask: 1.2585  decode.d0.loss_dice: 1.6572  decode.d1.loss_cls: 0.7553  decode.d1.loss_mask: 1.2731  decode.d1.loss_dice: 1.5668  decode.d2.loss_cls: 0.6791  decode.d2.loss_mask: 1.2425  decode.d2.loss_dice: 1.4959  decode.d3.loss_cls: 0.6187  decode.d3.loss_mask: 1.2565  decode.d3.loss_dice: 1.4805  decode.d4.loss_cls: 0.5878  decode.d4.loss_mask: 1.2629  decode.d4.loss_dice: 1.5119  decode.d5.loss_cls: 0.6002  decode.d5.loss_mask: 1.2694  decode.d5.loss_dice: 1.4988  decode.d6.loss_cls: 0.6137  decode.d6.loss_mask: 1.2619  decode.d6.loss_dice: 1.4672  decode.d7.loss_cls: 0.6401  decode.d7.loss_mask: 1.2645  decode.d7.loss_dice: 1.4598  decode.d8.loss_cls: 0.6498  decode.d8.loss_mask: 1.2393  decode.d8.loss_dice: 1.4453
2026/06/15 22:58:45 - mmengine - INFO - Iter(train) [ 9250/20000]  base_lr: 6.1353e-05 lr: 6.1353e-05  eta: 3:53:02  time: 1.2927  data_time: 0.0333  memory: 8609  grad_norm: 84.1375  loss: 34.7216  decode.loss_cls: 0.5068  decode.loss_mask: 1.3587  decode.loss_dice: 1.4436  decode.d0.loss_cls: 1.1047  decode.d0.loss_mask: 1.4094  decode.d0.loss_dice: 1.5906  decode.d1.loss_cls: 0.7029  decode.d1.loss_mask: 1.3964  decode.d1.loss_dice: 1.5416  decode.d2.loss_cls: 0.6121  decode.d2.loss_mask: 1.3663  decode.d2.loss_dice: 1.4949  decode.d3.loss_cls: 0.6139  decode.d3.loss_mask: 1.3521  decode.d3.loss_dice: 1.4801  decode.d4.loss_cls: 0.5344  decode.d4.loss_mask: 1.3524  decode.d4.loss_dice: 1.4689  decode.d5.loss_cls: 0.5636  decode.d5.loss_mask: 1.3544  decode.d5.loss_dice: 1.4594  decode.d6.loss_cls: 0.5567  decode.d6.loss_mask: 1.3591  decode.d6.loss_dice: 1.4378  decode.d7.loss_cls: 0.5166  decode.d7.loss_mask: 1.3691  decode.d7.loss_dice: 1.4460  decode.d8.loss_cls: 0.5186  decode.d8.loss_mask: 1.3677  decode.d8.loss_dice: 1.4428
2026/06/15 22:59:50 - mmengine - INFO - Iter(train) [ 9300/20000]  base_lr: 6.1096e-05 lr: 6.1096e-05  eta: 3:51:57  time: 1.2931  data_time: 0.0332  memory: 8609  grad_norm: 89.4687  loss: 37.1913  decode.loss_cls: 0.6083  decode.loss_mask: 1.3279  decode.loss_dice: 1.6535  decode.d0.loss_cls: 1.1941  decode.d0.loss_mask: 1.3558  decode.d0.loss_dice: 1.7977  decode.d1.loss_cls: 0.7456  decode.d1.loss_mask: 1.3410  decode.d1.loss_dice: 1.7626  decode.d2.loss_cls: 0.6701  decode.d2.loss_mask: 1.3192  decode.d2.loss_dice: 1.6972  decode.d3.loss_cls: 0.6625  decode.d3.loss_mask: 1.3049  decode.d3.loss_dice: 1.6423  decode.d4.loss_cls: 0.6512  decode.d4.loss_mask: 1.3252  decode.d4.loss_dice: 1.6703  decode.d5.loss_cls: 0.6735  decode.d5.loss_mask: 1.3156  decode.d5.loss_dice: 1.6679  decode.d6.loss_cls: 0.6577  decode.d6.loss_mask: 1.3132  decode.d6.loss_dice: 1.6534  decode.d7.loss_cls: 0.5987  decode.d7.loss_mask: 1.3180  decode.d7.loss_dice: 1.6682  decode.d8.loss_cls: 0.6277  decode.d8.loss_mask: 1.3118  decode.d8.loss_dice: 1.6560
2026/06/15 23:00:54 - mmengine - INFO - Iter(train) [ 9350/20000]  base_lr: 6.0839e-05 lr: 6.0839e-05  eta: 3:50:51  time: 1.2924  data_time: 0.0323  memory: 8609  grad_norm: 91.2803  loss: 36.0859  decode.loss_cls: 0.6710  decode.loss_mask: 1.3433  decode.loss_dice: 1.4902  decode.d0.loss_cls: 1.0852  decode.d0.loss_mask: 1.4147  decode.d0.loss_dice: 1.6689  decode.d1.loss_cls: 0.7768  decode.d1.loss_mask: 1.4038  decode.d1.loss_dice: 1.6039  decode.d2.loss_cls: 0.6731  decode.d2.loss_mask: 1.3820  decode.d2.loss_dice: 1.5489  decode.d3.loss_cls: 0.6518  decode.d3.loss_mask: 1.3533  decode.d3.loss_dice: 1.4899  decode.d4.loss_cls: 0.6579  decode.d4.loss_mask: 1.3603  decode.d4.loss_dice: 1.4906  decode.d5.loss_cls: 0.6611  decode.d5.loss_mask: 1.3717  decode.d5.loss_dice: 1.4891  decode.d6.loss_cls: 0.6294  decode.d6.loss_mask: 1.3706  decode.d6.loss_dice: 1.4949  decode.d7.loss_cls: 0.6044  decode.d7.loss_mask: 1.3812  decode.d7.loss_dice: 1.5090  decode.d8.loss_cls: 0.6442  decode.d8.loss_mask: 1.3561  decode.d8.loss_dice: 1.5086
2026/06/15 23:01:59 - mmengine - INFO - Iter(train) [ 9400/20000]  base_lr: 6.0582e-05 lr: 6.0582e-05  eta: 3:49:46  time: 1.2904  data_time: 0.0328  memory: 8609  grad_norm: 92.1290  loss: 37.5331  decode.loss_cls: 0.5045  decode.loss_mask: 1.4277  decode.loss_dice: 1.6605  decode.d0.loss_cls: 1.1597  decode.d0.loss_mask: 1.4747  decode.d0.loss_dice: 1.8607  decode.d1.loss_cls: 0.7409  decode.d1.loss_mask: 1.4531  decode.d1.loss_dice: 1.7705  decode.d2.loss_cls: 0.6196  decode.d2.loss_mask: 1.4459  decode.d2.loss_dice: 1.6976  decode.d3.loss_cls: 0.5735  decode.d3.loss_mask: 1.4249  decode.d3.loss_dice: 1.6595  decode.d4.loss_cls: 0.5272  decode.d4.loss_mask: 1.4123  decode.d4.loss_dice: 1.6881  decode.d5.loss_cls: 0.5378  decode.d5.loss_mask: 1.4162  decode.d5.loss_dice: 1.6712  decode.d6.loss_cls: 0.5207  decode.d6.loss_mask: 1.4361  decode.d6.loss_dice: 1.6574  decode.d7.loss_cls: 0.4953  decode.d7.loss_mask: 1.4221  decode.d7.loss_dice: 1.6819  decode.d8.loss_cls: 0.5032  decode.d8.loss_mask: 1.4215  decode.d8.loss_dice: 1.6689
2026/06/15 23:03:03 - mmengine - INFO - Iter(train) [ 9450/20000]  base_lr: 6.0325e-05 lr: 6.0325e-05  eta: 3:48:40  time: 1.2907  data_time: 0.0303  memory: 8609  grad_norm: 100.1693  loss: 36.9865  decode.loss_cls: 0.6545  decode.loss_mask: 1.3088  decode.loss_dice: 1.6210  decode.d0.loss_cls: 1.1056  decode.d0.loss_mask: 1.3566  decode.d0.loss_dice: 1.8042  decode.d1.loss_cls: 0.8314  decode.d1.loss_mask: 1.3539  decode.d1.loss_dice: 1.7258  decode.d2.loss_cls: 0.7190  decode.d2.loss_mask: 1.3081  decode.d2.loss_dice: 1.6511  decode.d3.loss_cls: 0.6890  decode.d3.loss_mask: 1.3096  decode.d3.loss_dice: 1.6362  decode.d4.loss_cls: 0.6519  decode.d4.loss_mask: 1.3127  decode.d4.loss_dice: 1.6535  decode.d5.loss_cls: 0.6406  decode.d5.loss_mask: 1.3124  decode.d5.loss_dice: 1.6369  decode.d6.loss_cls: 0.6303  decode.d6.loss_mask: 1.3217  decode.d6.loss_dice: 1.6220  decode.d7.loss_cls: 0.6319  decode.d7.loss_mask: 1.3147  decode.d7.loss_dice: 1.6106  decode.d8.loss_cls: 0.6472  decode.d8.loss_mask: 1.3121  decode.d8.loss_dice: 1.6132
2026/06/15 23:04:08 - mmengine - INFO - Iter(train) [ 9500/20000]  base_lr: 6.0067e-05 lr: 6.0067e-05  eta: 3:47:35  time: 1.2979  data_time: 0.0311  memory: 8609  grad_norm: 83.6761  loss: 35.6705  decode.loss_cls: 0.6547  decode.loss_mask: 1.3129  decode.loss_dice: 1.4826  decode.d0.loss_cls: 1.1044  decode.d0.loss_mask: 1.3457  decode.d0.loss_dice: 1.6202  decode.d1.loss_cls: 0.8275  decode.d1.loss_mask: 1.3493  decode.d1.loss_dice: 1.5358  decode.d2.loss_cls: 0.7714  decode.d2.loss_mask: 1.3359  decode.d2.loss_dice: 1.5044  decode.d3.loss_cls: 0.7171  decode.d3.loss_mask: 1.3200  decode.d3.loss_dice: 1.4919  decode.d4.loss_cls: 0.6461  decode.d4.loss_mask: 1.3215  decode.d4.loss_dice: 1.5029  decode.d5.loss_cls: 0.6532  decode.d5.loss_mask: 1.3195  decode.d5.loss_dice: 1.4998  decode.d6.loss_cls: 0.6384  decode.d6.loss_mask: 1.3240  decode.d6.loss_dice: 1.4855  decode.d7.loss_cls: 0.6389  decode.d7.loss_mask: 1.3289  decode.d7.loss_dice: 1.4928  decode.d8.loss_cls: 0.6352  decode.d8.loss_mask: 1.3279  decode.d8.loss_dice: 1.4824
2026/06/15 23:05:13 - mmengine - INFO - Iter(train) [ 9550/20000]  base_lr: 5.9810e-05 lr: 5.9810e-05  eta: 3:46:30  time: 1.2971  data_time: 0.0309  memory: 8609  grad_norm: 83.6952  loss: 33.6423  decode.loss_cls: 0.4304  decode.loss_mask: 1.3431  decode.loss_dice: 1.5059  decode.d0.loss_cls: 0.9252  decode.d0.loss_mask: 1.3684  decode.d0.loss_dice: 1.6225  decode.d1.loss_cls: 0.5505  decode.d1.loss_mask: 1.3403  decode.d1.loss_dice: 1.5673  decode.d2.loss_cls: 0.4566  decode.d2.loss_mask: 1.3223  decode.d2.loss_dice: 1.5373  decode.d3.loss_cls: 0.4435  decode.d3.loss_mask: 1.3183  decode.d3.loss_dice: 1.5137  decode.d4.loss_cls: 0.4150  decode.d4.loss_mask: 1.3233  decode.d4.loss_dice: 1.5304  decode.d5.loss_cls: 0.4257  decode.d5.loss_mask: 1.3264  decode.d5.loss_dice: 1.5109  decode.d6.loss_cls: 0.4301  decode.d6.loss_mask: 1.3155  decode.d6.loss_dice: 1.5112  decode.d7.loss_cls: 0.4563  decode.d7.loss_mask: 1.3287  decode.d7.loss_dice: 1.5195  decode.d8.loss_cls: 0.4421  decode.d8.loss_mask: 1.3394  decode.d8.loss_dice: 1.5225
2026/06/15 23:06:17 - mmengine - INFO - Iter(train) [ 9600/20000]  base_lr: 5.9552e-05 lr: 5.9552e-05  eta: 3:45:24  time: 1.2981  data_time: 0.0329  memory: 8609  grad_norm: 86.4060  loss: 36.1847  decode.loss_cls: 0.5973  decode.loss_mask: 1.2633  decode.loss_dice: 1.6194  decode.d0.loss_cls: 1.1879  decode.d0.loss_mask: 1.3277  decode.d0.loss_dice: 1.7725  decode.d1.loss_cls: 0.7815  decode.d1.loss_mask: 1.3243  decode.d1.loss_dice: 1.6867  decode.d2.loss_cls: 0.6182  decode.d2.loss_mask: 1.3103  decode.d2.loss_dice: 1.6482  decode.d3.loss_cls: 0.6202  decode.d3.loss_mask: 1.3030  decode.d3.loss_dice: 1.6275  decode.d4.loss_cls: 0.5797  decode.d4.loss_mask: 1.2988  decode.d4.loss_dice: 1.6479  decode.d5.loss_cls: 0.5467  decode.d5.loss_mask: 1.2956  decode.d5.loss_dice: 1.6489  decode.d6.loss_cls: 0.6244  decode.d6.loss_mask: 1.2730  decode.d6.loss_dice: 1.6297  decode.d7.loss_cls: 0.5828  decode.d7.loss_mask: 1.2758  decode.d7.loss_dice: 1.6267  decode.d8.loss_cls: 0.5684  decode.d8.loss_mask: 1.2742  decode.d8.loss_dice: 1.6241
2026/06/15 23:07:22 - mmengine - INFO - Iter(train) [ 9650/20000]  base_lr: 5.9294e-05 lr: 5.9294e-05  eta: 3:44:19  time: 1.2902  data_time: 0.0327  memory: 8609  grad_norm: 85.2750  loss: 32.8977  decode.loss_cls: 0.6050  decode.loss_mask: 1.2008  decode.loss_dice: 1.3366  decode.d0.loss_cls: 1.1809  decode.d0.loss_mask: 1.2551  decode.d0.loss_dice: 1.5486  decode.d1.loss_cls: 0.8308  decode.d1.loss_mask: 1.2419  decode.d1.loss_dice: 1.4759  decode.d2.loss_cls: 0.6527  decode.d2.loss_mask: 1.2075  decode.d2.loss_dice: 1.4112  decode.d3.loss_cls: 0.6305  decode.d3.loss_mask: 1.2041  decode.d3.loss_dice: 1.3510  decode.d4.loss_cls: 0.6318  decode.d4.loss_mask: 1.2080  decode.d4.loss_dice: 1.3584  decode.d5.loss_cls: 0.6048  decode.d5.loss_mask: 1.1962  decode.d5.loss_dice: 1.3620  decode.d6.loss_cls: 0.5637  decode.d6.loss_mask: 1.2039  decode.d6.loss_dice: 1.3646  decode.d7.loss_cls: 0.5679  decode.d7.loss_mask: 1.2145  decode.d7.loss_dice: 1.3483  decode.d8.loss_cls: 0.5991  decode.d8.loss_mask: 1.2030  decode.d8.loss_dice: 1.3388
2026/06/15 23:08:27 - mmengine - INFO - Iter(train) [ 9700/20000]  base_lr: 5.9036e-05 lr: 5.9036e-05  eta: 3:43:13  time: 1.2784  data_time: 0.0279  memory: 8609  grad_norm: 84.7224  loss: 34.3046  decode.loss_cls: 0.5590  decode.loss_mask: 1.2913  decode.loss_dice: 1.4536  decode.d0.loss_cls: 1.1156  decode.d0.loss_mask: 1.3301  decode.d0.loss_dice: 1.6270  decode.d1.loss_cls: 0.7481  decode.d1.loss_mask: 1.3190  decode.d1.loss_dice: 1.5602  decode.d2.loss_cls: 0.7030  decode.d2.loss_mask: 1.2902  decode.d2.loss_dice: 1.4785  decode.d3.loss_cls: 0.5741  decode.d3.loss_mask: 1.2927  decode.d3.loss_dice: 1.4756  decode.d4.loss_cls: 0.5523  decode.d4.loss_mask: 1.2903  decode.d4.loss_dice: 1.4723  decode.d5.loss_cls: 0.5619  decode.d5.loss_mask: 1.2852  decode.d5.loss_dice: 1.4796  decode.d6.loss_cls: 0.5147  decode.d6.loss_mask: 1.2885  decode.d6.loss_dice: 1.4743  decode.d7.loss_cls: 0.5328  decode.d7.loss_mask: 1.2779  decode.d7.loss_dice: 1.4629  decode.d8.loss_cls: 0.5472  decode.d8.loss_mask: 1.2789  decode.d8.loss_dice: 1.4676
2026/06/15 23:09:31 - mmengine - INFO - Iter(train) [ 9750/20000]  base_lr: 5.8778e-05 lr: 5.8778e-05  eta: 3:42:08  time: 1.2917  data_time: 0.0317  memory: 8609  grad_norm: 105.2969  loss: 36.8544  decode.loss_cls: 0.6431  decode.loss_mask: 1.3762  decode.loss_dice: 1.5554  decode.d0.loss_cls: 1.0661  decode.d0.loss_mask: 1.4393  decode.d0.loss_dice: 1.7361  decode.d1.loss_cls: 0.7996  decode.d1.loss_mask: 1.3865  decode.d1.loss_dice: 1.6351  decode.d2.loss_cls: 0.6833  decode.d2.loss_mask: 1.3795  decode.d2.loss_dice: 1.5986  decode.d3.loss_cls: 0.6683  decode.d3.loss_mask: 1.3563  decode.d3.loss_dice: 1.5616  decode.d4.loss_cls: 0.7013  decode.d4.loss_mask: 1.3753  decode.d4.loss_dice: 1.5413  decode.d5.loss_cls: 0.6805  decode.d5.loss_mask: 1.3793  decode.d5.loss_dice: 1.5600  decode.d6.loss_cls: 0.6481  decode.d6.loss_mask: 1.3779  decode.d6.loss_dice: 1.5503  decode.d7.loss_cls: 0.6501  decode.d7.loss_mask: 1.3727  decode.d7.loss_dice: 1.5485  decode.d8.loss_cls: 0.6483  decode.d8.loss_mask: 1.3770  decode.d8.loss_dice: 1.5589
2026/06/15 23:10:35 - mmengine - INFO - Iter(train) [ 9800/20000]  base_lr: 5.8520e-05 lr: 5.8520e-05  eta: 3:41:02  time: 1.2811  data_time: 0.0287  memory: 8609  grad_norm: 85.1219  loss: 37.7524  decode.loss_cls: 0.6127  decode.loss_mask: 1.3872  decode.loss_dice: 1.6394  decode.d0.loss_cls: 1.1273  decode.d0.loss_mask: 1.4272  decode.d0.loss_dice: 1.8031  decode.d1.loss_cls: 0.8819  decode.d1.loss_mask: 1.4161  decode.d1.loss_dice: 1.7170  decode.d2.loss_cls: 0.6905  decode.d2.loss_mask: 1.4168  decode.d2.loss_dice: 1.6674  decode.d3.loss_cls: 0.6626  decode.d3.loss_mask: 1.4035  decode.d3.loss_dice: 1.6453  decode.d4.loss_cls: 0.6764  decode.d4.loss_mask: 1.3929  decode.d4.loss_dice: 1.6301  decode.d5.loss_cls: 0.6593  decode.d5.loss_mask: 1.3885  decode.d5.loss_dice: 1.6228  decode.d6.loss_cls: 0.6243  decode.d6.loss_mask: 1.3909  decode.d6.loss_dice: 1.6243  decode.d7.loss_cls: 0.5998  decode.d7.loss_mask: 1.3878  decode.d7.loss_dice: 1.6413  decode.d8.loss_cls: 0.6262  decode.d8.loss_mask: 1.3648  decode.d8.loss_dice: 1.6247
2026/06/15 23:11:40 - mmengine - INFO - Iter(train) [ 9850/20000]  base_lr: 5.8262e-05 lr: 5.8262e-05  eta: 3:39:56  time: 1.2929  data_time: 0.0323  memory: 8609  grad_norm: 89.9987  loss: 35.1881  decode.loss_cls: 0.4625  decode.loss_mask: 1.3870  decode.loss_dice: 1.5157  decode.d0.loss_cls: 1.0862  decode.d0.loss_mask: 1.4354  decode.d0.loss_dice: 1.6660  decode.d1.loss_cls: 0.6583  decode.d1.loss_mask: 1.4457  decode.d1.loss_dice: 1.5930  decode.d2.loss_cls: 0.5830  decode.d2.loss_mask: 1.4053  decode.d2.loss_dice: 1.5508  decode.d3.loss_cls: 0.4862  decode.d3.loss_mask: 1.4054  decode.d3.loss_dice: 1.5315  decode.d4.loss_cls: 0.4936  decode.d4.loss_mask: 1.4097  decode.d4.loss_dice: 1.5292  decode.d5.loss_cls: 0.4876  decode.d5.loss_mask: 1.4066  decode.d5.loss_dice: 1.5368  decode.d6.loss_cls: 0.4649  decode.d6.loss_mask: 1.3946  decode.d6.loss_dice: 1.5203  decode.d7.loss_cls: 0.4553  decode.d7.loss_mask: 1.3884  decode.d7.loss_dice: 1.5121  decode.d8.loss_cls: 0.4662  decode.d8.loss_mask: 1.3906  decode.d8.loss_dice: 1.5204
2026/06/15 23:12:44 - mmengine - INFO - Iter(train) [ 9900/20000]  base_lr: 5.8004e-05 lr: 5.8004e-05  eta: 3:38:51  time: 1.2895  data_time: 0.0321  memory: 8609  grad_norm: 83.6135  loss: 33.7374  decode.loss_cls: 0.5397  decode.loss_mask: 1.2759  decode.loss_dice: 1.4255  decode.d0.loss_cls: 1.1126  decode.d0.loss_mask: 1.2967  decode.d0.loss_dice: 1.5971  decode.d1.loss_cls: 0.7454  decode.d1.loss_mask: 1.2970  decode.d1.loss_dice: 1.5231  decode.d2.loss_cls: 0.6906  decode.d2.loss_mask: 1.2656  decode.d2.loss_dice: 1.4472  decode.d3.loss_cls: 0.5876  decode.d3.loss_mask: 1.2656  decode.d3.loss_dice: 1.4315  decode.d4.loss_cls: 0.5714  decode.d4.loss_mask: 1.2578  decode.d4.loss_dice: 1.4217  decode.d5.loss_cls: 0.5414  decode.d5.loss_mask: 1.2640  decode.d5.loss_dice: 1.4333  decode.d6.loss_cls: 0.5300  decode.d6.loss_mask: 1.2757  decode.d6.loss_dice: 1.4331  decode.d7.loss_cls: 0.5581  decode.d7.loss_mask: 1.2689  decode.d7.loss_dice: 1.4217  decode.d8.loss_cls: 0.5603  decode.d8.loss_mask: 1.2658  decode.d8.loss_dice: 1.4332
2026/06/15 23:13:49 - mmengine - INFO - Iter(train) [ 9950/20000]  base_lr: 5.7745e-05 lr: 5.7745e-05  eta: 3:37:45  time: 1.2890  data_time: 0.0318  memory: 8609  grad_norm: 88.2366  loss: 33.6284  decode.loss_cls: 0.5298  decode.loss_mask: 1.3233  decode.loss_dice: 1.4107  decode.d0.loss_cls: 1.0492  decode.d0.loss_mask: 1.3300  decode.d0.loss_dice: 1.5292  decode.d1.loss_cls: 0.6779  decode.d1.loss_mask: 1.3389  decode.d1.loss_dice: 1.4814  decode.d2.loss_cls: 0.6028  decode.d2.loss_mask: 1.3194  decode.d2.loss_dice: 1.4332  decode.d3.loss_cls: 0.5512  decode.d3.loss_mask: 1.3207  decode.d3.loss_dice: 1.3992  decode.d4.loss_cls: 0.5405  decode.d4.loss_mask: 1.3023  decode.d4.loss_dice: 1.4001  decode.d5.loss_cls: 0.5671  decode.d5.loss_mask: 1.3057  decode.d5.loss_dice: 1.4224  decode.d6.loss_cls: 0.5487  decode.d6.loss_mask: 1.2973  decode.d6.loss_dice: 1.4059  decode.d7.loss_cls: 0.5630  decode.d7.loss_mask: 1.3139  decode.d7.loss_dice: 1.4130  decode.d8.loss_cls: 0.5427  decode.d8.loss_mask: 1.3016  decode.d8.loss_dice: 1.4074
2026/06/15 23:14:53 - mmengine - INFO - Exp name: dinov3l_m2f_pastis_temporal_v1_20260615_192803
2026/06/15 23:14:53 - mmengine - INFO - Iter(train) [10000/20000]  base_lr: 5.7487e-05 lr: 5.7487e-05  eta: 3:36:40  time: 1.2839  data_time: 0.0320  memory: 8609  grad_norm: 89.2499  loss: 34.3598  decode.loss_cls: 0.5706  decode.loss_mask: 1.3133  decode.loss_dice: 1.4378  decode.d0.loss_cls: 1.1541  decode.d0.loss_mask: 1.3620  decode.d0.loss_dice: 1.6297  decode.d1.loss_cls: 0.7701  decode.d1.loss_mask: 1.3247  decode.d1.loss_dice: 1.5459  decode.d2.loss_cls: 0.6498  decode.d2.loss_mask: 1.2793  decode.d2.loss_dice: 1.4791  decode.d3.loss_cls: 0.6002  decode.d3.loss_mask: 1.2799  decode.d3.loss_dice: 1.4477  decode.d4.loss_cls: 0.5878  decode.d4.loss_mask: 1.2725  decode.d4.loss_dice: 1.4436  decode.d5.loss_cls: 0.6156  decode.d5.loss_mask: 1.2584  decode.d5.loss_dice: 1.4318  decode.d6.loss_cls: 0.6055  decode.d6.loss_mask: 1.2734  decode.d6.loss_dice: 1.4262  decode.d7.loss_cls: 0.5887  decode.d7.loss_mask: 1.2850  decode.d7.loss_dice: 1.4262  decode.d8.loss_cls: 0.5874  decode.d8.loss_mask: 1.2866  decode.d8.loss_dice: 1.4272
2026/06/15 23:14:53 - mmengine - INFO - Saving checkpoint at 10000 iterations
2026/06/15 23:15:26 - mmengine - INFO - Iter(val) [ 50/121]    eta: 0:00:36  time: 0.5123  data_time: 0.0225  memory: 6109  
2026/06/15 23:15:51 - mmengine - INFO - Iter(val) [100/121]    eta: 0:00:10  time: 0.5110  data_time: 0.0220  memory: 6109  
2026/06/15 23:16:02 - mmengine - INFO - per class results:
2026/06/15 23:16:02 - mmengine - INFO - 
+---------+-------+-------+
|  Class  |  IoU  |  Acc  |
+---------+-------+-------+
|  crop_1 | 73.69 | 85.16 |
|  crop_2 | 62.07 |  75.6 |
|  crop_3 | 74.35 | 82.92 |
|  crop_4 | 80.83 |  88.9 |
|  crop_5 | 64.59 | 74.23 |
|  crop_6 |  84.3 | 90.88 |
|  crop_7 | 29.24 | 42.42 |
|  crop_8 | 49.27 |  62.0 |
|  crop_9 | 45.86 | 62.27 |
| crop_10 | 80.62 | 86.18 |
| crop_11 | 23.77 | 52.97 |
| crop_12 | 44.34 | 80.11 |
| crop_13 | 28.08 | 46.24 |
| crop_14 |  29.7 |  46.4 |
| crop_15 | 28.49 | 45.41 |
| crop_16 | 57.35 | 70.53 |
| crop_17 |  37.1 | 49.38 |
| crop_18 | 20.78 | 41.73 |
| crop_19 | 13.73 | 23.65 |
+---------+-------+-------+
2026/06/15 23:16:02 - mmengine - INFO - Iter(val) [121/121]    aAcc: 79.5000  mIoU: 48.8500  mAcc: 63.5200  data_time: 0.0249  time: 0.5100
2026/06/15 23:16:02 - mmengine - INFO - The previous best checkpoint /mnt/ht2-nas2/00-model/00-fb/mmseg_dino/work_dirs/dinov3l_m2f_pastis_temporal_v1/best_mIoU_iter_9000.pth is removed
2026/06/15 23:16:07 - mmengine - INFO - The best checkpoint with 48.8500 mIoU at 10000 iter is saved to best_mIoU_iter_10000.pth.
2026/06/15 23:17:18 - mmengine - INFO - Iter(train) [10050/20000]  base_lr: 5.7228e-05 lr: 5.7228e-05  eta: 3:35:46  time: 1.2933  data_time: 0.0330  memory: 8609  grad_norm: 103.7677  loss: 33.3339  decode.loss_cls: 0.4817  decode.loss_mask: 1.2968  decode.loss_dice: 1.4493  decode.d0.loss_cls: 0.9918  decode.d0.loss_mask: 1.3322  decode.d0.loss_dice: 1.6005  decode.d1.loss_cls: 0.6668  decode.d1.loss_mask: 1.3283  decode.d1.loss_dice: 1.5432  decode.d2.loss_cls: 0.5372  decode.d2.loss_mask: 1.3223  decode.d2.loss_dice: 1.5027  decode.d3.loss_cls: 0.4816  decode.d3.loss_mask: 1.2914  decode.d3.loss_dice: 1.4682  decode.d4.loss_cls: 0.4515  decode.d4.loss_mask: 1.2912  decode.d4.loss_dice: 1.4405  decode.d5.loss_cls: 0.4989  decode.d5.loss_mask: 1.2861  decode.d5.loss_dice: 1.4386  decode.d6.loss_cls: 0.4817  decode.d6.loss_mask: 1.2796  decode.d6.loss_dice: 1.4454  decode.d7.loss_cls: 0.4748  decode.d7.loss_mask: 1.2810  decode.d7.loss_dice: 1.4504  decode.d8.loss_cls: 0.4833  decode.d8.loss_mask: 1.2830  decode.d8.loss_dice: 1.4539
2026/06/15 23:18:23 - mmengine - INFO - Iter(train) [10100/20000]  base_lr: 5.6969e-05 lr: 5.6969e-05  eta: 3:34:40  time: 1.2850  data_time: 0.0308  memory: 8609  grad_norm: 115.5988  loss: 35.4926  decode.loss_cls: 0.4932  decode.loss_mask: 1.4248  decode.loss_dice: 1.5191  decode.d0.loss_cls: 1.0340  decode.d0.loss_mask: 1.4640  decode.d0.loss_dice: 1.6688  decode.d1.loss_cls: 0.6294  decode.d1.loss_mask: 1.4384  decode.d1.loss_dice: 1.6044  decode.d2.loss_cls: 0.5557  decode.d2.loss_mask: 1.4111  decode.d2.loss_dice: 1.5623  decode.d3.loss_cls: 0.4850  decode.d3.loss_mask: 1.4232  decode.d3.loss_dice: 1.5356  decode.d4.loss_cls: 0.4885  decode.d4.loss_mask: 1.4323  decode.d4.loss_dice: 1.5249  decode.d5.loss_cls: 0.5281  decode.d5.loss_mask: 1.4276  decode.d5.loss_dice: 1.5286  decode.d6.loss_cls: 0.4766  decode.d6.loss_mask: 1.4334  decode.d6.loss_dice: 1.5225  decode.d7.loss_cls: 0.5072  decode.d7.loss_mask: 1.4246  decode.d7.loss_dice: 1.5292  decode.d8.loss_cls: 0.4717  decode.d8.loss_mask: 1.4261  decode.d8.loss_dice: 1.5223
2026/06/15 23:19:27 - mmengine - INFO - Iter(train) [10150/20000]  base_lr: 5.6710e-05 lr: 5.6710e-05  eta: 3:33:35  time: 1.2877  data_time: 0.0315  memory: 8609  grad_norm: 91.9853  loss: 33.0973  decode.loss_cls: 0.4578  decode.loss_mask: 1.2669  decode.loss_dice: 1.4333  decode.d0.loss_cls: 1.0305  decode.d0.loss_mask: 1.2983  decode.d0.loss_dice: 1.5759  decode.d1.loss_cls: 0.7222  decode.d1.loss_mask: 1.2833  decode.d1.loss_dice: 1.5257  decode.d2.loss_cls: 0.5769  decode.d2.loss_mask: 1.2771  decode.d2.loss_dice: 1.4724  decode.d3.loss_cls: 0.4970  decode.d3.loss_mask: 1.2816  decode.d3.loss_dice: 1.4535  decode.d4.loss_cls: 0.4825  decode.d4.loss_mask: 1.2700  decode.d4.loss_dice: 1.4454  decode.d5.loss_cls: 0.4839  decode.d5.loss_mask: 1.2710  decode.d5.loss_dice: 1.4396  decode.d6.loss_cls: 0.4807  decode.d6.loss_mask: 1.2576  decode.d6.loss_dice: 1.4286  decode.d7.loss_cls: 0.4823  decode.d7.loss_mask: 1.2713  decode.d7.loss_dice: 1.4373  decode.d8.loss_cls: 0.4936  decode.d8.loss_mask: 1.2709  decode.d8.loss_dice: 1.4301
2026/06/15 23:20:32 - mmengine - INFO - Iter(train) [10200/20000]  base_lr: 5.6451e-05 lr: 5.6451e-05  eta: 3:32:29  time: 1.2892  data_time: 0.0331  memory: 8609  grad_norm: 83.0426  loss: 32.4617  decode.loss_cls: 0.4582  decode.loss_mask: 1.2495  decode.loss_dice: 1.4265  decode.d0.loss_cls: 1.0227  decode.d0.loss_mask: 1.2691  decode.d0.loss_dice: 1.5832  decode.d1.loss_cls: 0.6342  decode.d1.loss_mask: 1.2607  decode.d1.loss_dice: 1.5399  decode.d2.loss_cls: 0.5945  decode.d2.loss_mask: 1.2310  decode.d2.loss_dice: 1.4448  decode.d3.loss_cls: 0.4703  decode.d3.loss_mask: 1.2398  decode.d3.loss_dice: 1.4471  decode.d4.loss_cls: 0.4916  decode.d4.loss_mask: 1.2274  decode.d4.loss_dice: 1.4322  decode.d5.loss_cls: 0.4743  decode.d5.loss_mask: 1.2426  decode.d5.loss_dice: 1.4257  decode.d6.loss_cls: 0.4535  decode.d6.loss_mask: 1.2508  decode.d6.loss_dice: 1.4179  decode.d7.loss_cls: 0.4454  decode.d7.loss_mask: 1.2320  decode.d7.loss_dice: 1.4127  decode.d8.loss_cls: 0.4293  decode.d8.loss_mask: 1.2334  decode.d8.loss_dice: 1.4213
2026/06/15 23:21:36 - mmengine - INFO - Iter(train) [10250/20000]  base_lr: 5.6192e-05 lr: 5.6192e-05  eta: 3:31:24  time: 1.3023  data_time: 0.0336  memory: 8609  grad_norm: 94.2186  loss: 33.6850  decode.loss_cls: 0.5765  decode.loss_mask: 1.2386  decode.loss_dice: 1.4292  decode.d0.loss_cls: 1.1458  decode.d0.loss_mask: 1.2990  decode.d0.loss_dice: 1.6446  decode.d1.loss_cls: 0.7639  decode.d1.loss_mask: 1.2500  decode.d1.loss_dice: 1.5472  decode.d2.loss_cls: 0.5975  decode.d2.loss_mask: 1.2529  decode.d2.loss_dice: 1.5072  decode.d3.loss_cls: 0.5813  decode.d3.loss_mask: 1.2402  decode.d3.loss_dice: 1.4545  decode.d4.loss_cls: 0.5195  decode.d4.loss_mask: 1.2401  decode.d4.loss_dice: 1.4695  decode.d5.loss_cls: 0.5358  decode.d5.loss_mask: 1.2444  decode.d5.loss_dice: 1.4625  decode.d6.loss_cls: 0.5642  decode.d6.loss_mask: 1.2325  decode.d6.loss_dice: 1.4274  decode.d7.loss_cls: 0.5710  decode.d7.loss_mask: 1.2304  decode.d7.loss_dice: 1.4264  decode.d8.loss_cls: 0.5471  decode.d8.loss_mask: 1.2359  decode.d8.loss_dice: 1.4498
2026/06/15 23:22:41 - mmengine - INFO - Iter(train) [10300/20000]  base_lr: 5.5932e-05 lr: 5.5932e-05  eta: 3:30:19  time: 1.2909  data_time: 0.0336  memory: 8609  grad_norm: 96.4256  loss: 33.3470  decode.loss_cls: 0.4740  decode.loss_mask: 1.2599  decode.loss_dice: 1.4780  decode.d0.loss_cls: 0.9749  decode.d0.loss_mask: 1.3636  decode.d0.loss_dice: 1.6778  decode.d1.loss_cls: 0.6788  decode.d1.loss_mask: 1.3311  decode.d1.loss_dice: 1.5412  decode.d2.loss_cls: 0.5724  decode.d2.loss_mask: 1.2879  decode.d2.loss_dice: 1.4737  decode.d3.loss_cls: 0.4759  decode.d3.loss_mask: 1.2664  decode.d3.loss_dice: 1.4568  decode.d4.loss_cls: 0.4587  decode.d4.loss_mask: 1.2781  decode.d4.loss_dice: 1.4761  decode.d5.loss_cls: 0.4443  decode.d5.loss_mask: 1.2685  decode.d5.loss_dice: 1.4820  decode.d6.loss_cls: 0.4745  decode.d6.loss_mask: 1.2699  decode.d6.loss_dice: 1.4618  decode.d7.loss_cls: 0.4665  decode.d7.loss_mask: 1.2599  decode.d7.loss_dice: 1.4761  decode.d8.loss_cls: 0.4653  decode.d8.loss_mask: 1.2695  decode.d8.loss_dice: 1.4835
2026/06/15 23:23:46 - mmengine - INFO - Iter(train) [10350/20000]  base_lr: 5.5673e-05 lr: 5.5673e-05  eta: 3:29:13  time: 1.2959  data_time: 0.0318  memory: 8609  grad_norm: 87.6236  loss: 31.9049  decode.loss_cls: 0.4812  decode.loss_mask: 1.1891  decode.loss_dice: 1.3643  decode.d0.loss_cls: 1.1536  decode.d0.loss_mask: 1.2319  decode.d0.loss_dice: 1.5180  decode.d1.loss_cls: 0.7985  decode.d1.loss_mask: 1.2067  decode.d1.loss_dice: 1.4465  decode.d2.loss_cls: 0.6624  decode.d2.loss_mask: 1.1733  decode.d2.loss_dice: 1.3722  decode.d3.loss_cls: 0.5587  decode.d3.loss_mask: 1.1846  decode.d3.loss_dice: 1.3480  decode.d4.loss_cls: 0.5354  decode.d4.loss_mask: 1.1776  decode.d4.loss_dice: 1.3547  decode.d5.loss_cls: 0.5443  decode.d5.loss_mask: 1.1804  decode.d5.loss_dice: 1.3512  decode.d6.loss_cls: 0.4864  decode.d6.loss_mask: 1.1796  decode.d6.loss_dice: 1.3478  decode.d7.loss_cls: 0.4612  decode.d7.loss_mask: 1.1899  decode.d7.loss_dice: 1.3663  decode.d8.loss_cls: 0.4740  decode.d8.loss_mask: 1.1917  decode.d8.loss_dice: 1.3754
2026/06/15 23:24:51 - mmengine - INFO - Iter(train) [10400/20000]  base_lr: 5.5413e-05 lr: 5.5413e-05  eta: 3:28:08  time: 1.2910  data_time: 0.0322  memory: 8609  grad_norm: 85.5892  loss: 33.8085  decode.loss_cls: 0.5298  decode.loss_mask: 1.2919  decode.loss_dice: 1.4037  decode.d0.loss_cls: 1.0738  decode.d0.loss_mask: 1.3572  decode.d0.loss_dice: 1.5488  decode.d1.loss_cls: 0.6968  decode.d1.loss_mask: 1.3210  decode.d1.loss_dice: 1.5035  decode.d2.loss_cls: 0.5854  decode.d2.loss_mask: 1.3147  decode.d2.loss_dice: 1.4698  decode.d3.loss_cls: 0.5404  decode.d3.loss_mask: 1.3073  decode.d3.loss_dice: 1.4503  decode.d4.loss_cls: 0.5800  decode.d4.loss_mask: 1.3017  decode.d4.loss_dice: 1.4393  decode.d5.loss_cls: 0.6191  decode.d5.loss_mask: 1.2697  decode.d5.loss_dice: 1.4246  decode.d6.loss_cls: 0.5899  decode.d6.loss_mask: 1.2685  decode.d6.loss_dice: 1.4204  decode.d7.loss_cls: 0.5824  decode.d7.loss_mask: 1.2653  decode.d7.loss_dice: 1.4088  decode.d8.loss_cls: 0.5523  decode.d8.loss_mask: 1.2780  decode.d8.loss_dice: 1.4141
2026/06/15 23:25:55 - mmengine - INFO - Iter(train) [10450/20000]  base_lr: 5.5153e-05 lr: 5.5153e-05  eta: 3:27:03  time: 1.2899  data_time: 0.0315  memory: 8609  grad_norm: 93.9021  loss: 33.8328  decode.loss_cls: 0.5421  decode.loss_mask: 1.3122  decode.loss_dice: 1.4354  decode.d0.loss_cls: 1.1734  decode.d0.loss_mask: 1.3334  decode.d0.loss_dice: 1.5532  decode.d1.loss_cls: 0.7089  decode.d1.loss_mask: 1.3190  decode.d1.loss_dice: 1.5057  decode.d2.loss_cls: 0.5629  decode.d2.loss_mask: 1.3067  decode.d2.loss_dice: 1.4827  decode.d3.loss_cls: 0.5325  decode.d3.loss_mask: 1.3017  decode.d3.loss_dice: 1.4371  decode.d4.loss_cls: 0.5142  decode.d4.loss_mask: 1.3027  decode.d4.loss_dice: 1.4414  decode.d5.loss_cls: 0.5246  decode.d5.loss_mask: 1.2952  decode.d5.loss_dice: 1.4400  decode.d6.loss_cls: 0.5145  decode.d6.loss_mask: 1.2881  decode.d6.loss_dice: 1.4387  decode.d7.loss_cls: 0.5266  decode.d7.loss_mask: 1.3070  decode.d7.loss_dice: 1.4469  decode.d8.loss_cls: 0.5052  decode.d8.loss_mask: 1.3214  decode.d8.loss_dice: 1.4593
2026/06/15 23:27:00 - mmengine - INFO - Iter(train) [10500/20000]  base_lr: 5.4893e-05 lr: 5.4893e-05  eta: 3:25:57  time: 1.2929  data_time: 0.0336  memory: 8609  grad_norm: 85.6182  loss: 35.6360  decode.loss_cls: 0.5103  decode.loss_mask: 1.3147  decode.loss_dice: 1.6161  decode.d0.loss_cls: 1.0996  decode.d0.loss_mask: 1.3748  decode.d0.loss_dice: 1.7814  decode.d1.loss_cls: 0.6693  decode.d1.loss_mask: 1.3665  decode.d1.loss_dice: 1.6964  decode.d2.loss_cls: 0.5989  decode.d2.loss_mask: 1.3236  decode.d2.loss_dice: 1.6599  decode.d3.loss_cls: 0.4891  decode.d3.loss_mask: 1.3293  decode.d3.loss_dice: 1.6415  decode.d4.loss_cls: 0.4527  decode.d4.loss_mask: 1.3275  decode.d4.loss_dice: 1.6494  decode.d5.loss_cls: 0.5028  decode.d5.loss_mask: 1.3108  decode.d5.loss_dice: 1.6349  decode.d6.loss_cls: 0.5023  decode.d6.loss_mask: 1.3077  decode.d6.loss_dice: 1.6180  decode.d7.loss_cls: 0.5190  decode.d7.loss_mask: 1.3089  decode.d7.loss_dice: 1.6091  decode.d8.loss_cls: 0.5086  decode.d8.loss_mask: 1.3039  decode.d8.loss_dice: 1.6092
2026/06/15 23:28:04 - mmengine - INFO - Iter(train) [10550/20000]  base_lr: 5.4633e-05 lr: 5.4633e-05  eta: 3:24:52  time: 1.2831  data_time: 0.0313  memory: 8609  grad_norm: 84.5595  loss: 33.2715  decode.loss_cls: 0.5330  decode.loss_mask: 1.2008  decode.loss_dice: 1.4446  decode.d0.loss_cls: 1.0840  decode.d0.loss_mask: 1.2585  decode.d0.loss_dice: 1.6563  decode.d1.loss_cls: 0.8040  decode.d1.loss_mask: 1.2135  decode.d1.loss_dice: 1.5491  decode.d2.loss_cls: 0.6574  decode.d2.loss_mask: 1.1924  decode.d2.loss_dice: 1.4813  decode.d3.loss_cls: 0.6028  decode.d3.loss_mask: 1.1978  decode.d3.loss_dice: 1.4499  decode.d4.loss_cls: 0.5735  decode.d4.loss_mask: 1.1949  decode.d4.loss_dice: 1.4480  decode.d5.loss_cls: 0.5604  decode.d5.loss_mask: 1.1923  decode.d5.loss_dice: 1.4468  decode.d6.loss_cls: 0.5415  decode.d6.loss_mask: 1.1938  decode.d6.loss_dice: 1.4424  decode.d7.loss_cls: 0.5355  decode.d7.loss_mask: 1.1999  decode.d7.loss_dice: 1.4516  decode.d8.loss_cls: 0.5210  decode.d8.loss_mask: 1.1932  decode.d8.loss_dice: 1.4515
2026/06/15 23:29:09 - mmengine - INFO - Iter(train) [10600/20000]  base_lr: 5.4373e-05 lr: 5.4373e-05  eta: 3:23:46  time: 1.2843  data_time: 0.0321  memory: 8609  grad_norm: 93.1422  loss: 31.3060  decode.loss_cls: 0.4465  decode.loss_mask: 1.1836  decode.loss_dice: 1.3959  decode.d0.loss_cls: 1.0419  decode.d0.loss_mask: 1.2004  decode.d0.loss_dice: 1.5333  decode.d1.loss_cls: 0.6377  decode.d1.loss_mask: 1.1885  decode.d1.loss_dice: 1.4671  decode.d2.loss_cls: 0.5801  decode.d2.loss_mask: 1.1697  decode.d2.loss_dice: 1.3802  decode.d3.loss_cls: 0.4605  decode.d3.loss_mask: 1.1706  decode.d3.loss_dice: 1.3765  decode.d4.loss_cls: 0.4408  decode.d4.loss_mask: 1.1812  decode.d4.loss_dice: 1.3765  decode.d5.loss_cls: 0.4487  decode.d5.loss_mask: 1.1783  decode.d5.loss_dice: 1.3980  decode.d6.loss_cls: 0.4718  decode.d6.loss_mask: 1.1796  decode.d6.loss_dice: 1.3858  decode.d7.loss_cls: 0.4161  decode.d7.loss_mask: 1.1902  decode.d7.loss_dice: 1.4011  decode.d8.loss_cls: 0.4343  decode.d8.loss_mask: 1.1832  decode.d8.loss_dice: 1.3879
2026/06/15 23:30:13 - mmengine - INFO - Iter(train) [10650/20000]  base_lr: 5.4112e-05 lr: 5.4112e-05  eta: 3:22:40  time: 1.2837  data_time: 0.0325  memory: 8609  grad_norm: 86.8602  loss: 32.8299  decode.loss_cls: 0.4594  decode.loss_mask: 1.1989  decode.loss_dice: 1.4679  decode.d0.loss_cls: 0.9958  decode.d0.loss_mask: 1.2501  decode.d0.loss_dice: 1.6409  decode.d1.loss_cls: 0.6370  decode.d1.loss_mask: 1.2256  decode.d1.loss_dice: 1.5889  decode.d2.loss_cls: 0.5872  decode.d2.loss_mask: 1.2156  decode.d2.loss_dice: 1.5334  decode.d3.loss_cls: 0.5042  decode.d3.loss_mask: 1.2103  decode.d3.loss_dice: 1.4832  decode.d4.loss_cls: 0.5127  decode.d4.loss_mask: 1.2064  decode.d4.loss_dice: 1.4893  decode.d5.loss_cls: 0.4624  decode.d5.loss_mask: 1.2350  decode.d5.loss_dice: 1.4923  decode.d6.loss_cls: 0.4379  decode.d6.loss_mask: 1.2206  decode.d6.loss_dice: 1.4745  decode.d7.loss_cls: 0.4555  decode.d7.loss_mask: 1.2104  decode.d7.loss_dice: 1.4742  decode.d8.loss_cls: 0.4773  decode.d8.loss_mask: 1.2048  decode.d8.loss_dice: 1.4780
2026/06/15 23:31:17 - mmengine - INFO - Iter(train) [10700/20000]  base_lr: 5.3852e-05 lr: 5.3852e-05  eta: 3:21:34  time: 1.2841  data_time: 0.0328  memory: 8609  grad_norm: 102.0036  loss: 32.8658  decode.loss_cls: 0.4240  decode.loss_mask: 1.3176  decode.loss_dice: 1.4015  decode.d0.loss_cls: 1.0301  decode.d0.loss_mask: 1.3877  decode.d0.loss_dice: 1.5669  decode.d1.loss_cls: 0.6194  decode.d1.loss_mask: 1.3612  decode.d1.loss_dice: 1.4818  decode.d2.loss_cls: 0.4760  decode.d2.loss_mask: 1.3389  decode.d2.loss_dice: 1.4477  decode.d3.loss_cls: 0.4376  decode.d3.loss_mask: 1.3354  decode.d3.loss_dice: 1.4186  decode.d4.loss_cls: 0.4402  decode.d4.loss_mask: 1.3360  decode.d4.loss_dice: 1.4306  decode.d5.loss_cls: 0.4116  decode.d5.loss_mask: 1.3341  decode.d5.loss_dice: 1.4244  decode.d6.loss_cls: 0.4388  decode.d6.loss_mask: 1.3181  decode.d6.loss_dice: 1.3967  decode.d7.loss_cls: 0.4326  decode.d7.loss_mask: 1.3196  decode.d7.loss_dice: 1.4044  decode.d8.loss_cls: 0.4223  decode.d8.loss_mask: 1.3115  decode.d8.loss_dice: 1.4006
2026/06/15 23:32:22 - mmengine - INFO - Iter(train) [10750/20000]  base_lr: 5.3591e-05 lr: 5.3591e-05  eta: 3:20:29  time: 1.2846  data_time: 0.0322  memory: 8609  grad_norm: 83.4151  loss: 32.8736  decode.loss_cls: 0.4876  decode.loss_mask: 1.2449  decode.loss_dice: 1.4218  decode.d0.loss_cls: 1.0979  decode.d0.loss_mask: 1.2751  decode.d0.loss_dice: 1.5569  decode.d1.loss_cls: 0.6600  decode.d1.loss_mask: 1.2532  decode.d1.loss_dice: 1.4901  decode.d2.loss_cls: 0.5249  decode.d2.loss_mask: 1.2456  decode.d2.loss_dice: 1.4695  decode.d3.loss_cls: 0.5383  decode.d3.loss_mask: 1.2549  decode.d3.loss_dice: 1.4407  decode.d4.loss_cls: 0.5253  decode.d4.loss_mask: 1.2575  decode.d4.loss_dice: 1.4534  decode.d5.loss_cls: 0.4753  decode.d5.loss_mask: 1.2713  decode.d5.loss_dice: 1.4436  decode.d6.loss_cls: 0.4734  decode.d6.loss_mask: 1.2709  decode.d6.loss_dice: 1.4475  decode.d7.loss_cls: 0.4619  decode.d7.loss_mask: 1.2551  decode.d7.loss_dice: 1.4307  decode.d8.loss_cls: 0.4620  decode.d8.loss_mask: 1.2503  decode.d8.loss_dice: 1.4340
2026/06/15 23:33:26 - mmengine - INFO - Iter(train) [10800/20000]  base_lr: 5.3330e-05 lr: 5.3330e-05  eta: 3:19:23  time: 1.2848  data_time: 0.0332  memory: 8609  grad_norm: 96.5541  loss: 30.9837  decode.loss_cls: 0.4598  decode.loss_mask: 1.2243  decode.loss_dice: 1.2694  decode.d0.loss_cls: 0.9874  decode.d0.loss_mask: 1.2963  decode.d0.loss_dice: 1.4416  decode.d1.loss_cls: 0.6593  decode.d1.loss_mask: 1.2700  decode.d1.loss_dice: 1.3579  decode.d2.loss_cls: 0.5461  decode.d2.loss_mask: 1.2455  decode.d2.loss_dice: 1.2976  decode.d3.loss_cls: 0.5130  decode.d3.loss_mask: 1.2385  decode.d3.loss_dice: 1.2744  decode.d4.loss_cls: 0.4971  decode.d4.loss_mask: 1.2378  decode.d4.loss_dice: 1.2786  decode.d5.loss_cls: 0.4956  decode.d5.loss_mask: 1.2257  decode.d5.loss_dice: 1.2662  decode.d6.loss_cls: 0.4650  decode.d6.loss_mask: 1.2317  decode.d6.loss_dice: 1.2826  decode.d7.loss_cls: 0.4756  decode.d7.loss_mask: 1.2206  decode.d7.loss_dice: 1.2718  decode.d8.loss_cls: 0.4707  decode.d8.loss_mask: 1.2191  decode.d8.loss_dice: 1.2645
2026/06/15 23:34:30 - mmengine - INFO - Iter(train) [10850/20000]  base_lr: 5.3070e-05 lr: 5.3070e-05  eta: 3:18:18  time: 1.2826  data_time: 0.0305  memory: 8609  grad_norm: 95.7881  loss: 33.9890  decode.loss_cls: 0.4890  decode.loss_mask: 1.2738  decode.loss_dice: 1.4906  decode.d0.loss_cls: 1.0064  decode.d0.loss_mask: 1.3267  decode.d0.loss_dice: 1.6833  decode.d1.loss_cls: 0.7147  decode.d1.loss_mask: 1.2826  decode.d1.loss_dice: 1.6169  decode.d2.loss_cls: 0.5930  decode.d2.loss_mask: 1.2793  decode.d2.loss_dice: 1.5482  decode.d3.loss_cls: 0.5409  decode.d3.loss_mask: 1.2767  decode.d3.loss_dice: 1.4980  decode.d4.loss_cls: 0.5179  decode.d4.loss_mask: 1.2837  decode.d4.loss_dice: 1.5068  decode.d5.loss_cls: 0.5294  decode.d5.loss_mask: 1.2807  decode.d5.loss_dice: 1.4961  decode.d6.loss_cls: 0.4536  decode.d6.loss_mask: 1.2834  decode.d6.loss_dice: 1.5176  decode.d7.loss_cls: 0.4451  decode.d7.loss_mask: 1.2743  decode.d7.loss_dice: 1.5286  decode.d8.loss_cls: 0.4692  decode.d8.loss_mask: 1.2782  decode.d8.loss_dice: 1.5041
2026/06/15 23:35:35 - mmengine - INFO - Iter(train) [10900/20000]  base_lr: 5.2808e-05 lr: 5.2808e-05  eta: 3:17:12  time: 1.3006  data_time: 0.0329  memory: 8609  grad_norm: 90.6741  loss: 31.6870  decode.loss_cls: 0.5250  decode.loss_mask: 1.1887  decode.loss_dice: 1.3655  decode.d0.loss_cls: 1.1453  decode.d0.loss_mask: 1.2334  decode.d0.loss_dice: 1.4790  decode.d1.loss_cls: 0.6781  decode.d1.loss_mask: 1.2129  decode.d1.loss_dice: 1.4403  decode.d2.loss_cls: 0.5507  decode.d2.loss_mask: 1.2012  decode.d2.loss_dice: 1.3778  decode.d3.loss_cls: 0.4857  decode.d3.loss_mask: 1.2045  decode.d3.loss_dice: 1.3702  decode.d4.loss_cls: 0.4790  decode.d4.loss_mask: 1.1955  decode.d4.loss_dice: 1.3736  decode.d5.loss_cls: 0.4875  decode.d5.loss_mask: 1.2015  decode.d5.loss_dice: 1.3650  decode.d6.loss_cls: 0.4749  decode.d6.loss_mask: 1.1957  decode.d6.loss_dice: 1.3625  decode.d7.loss_cls: 0.4855  decode.d7.loss_mask: 1.1961  decode.d7.loss_dice: 1.3623  decode.d8.loss_cls: 0.4961  decode.d8.loss_mask: 1.1916  decode.d8.loss_dice: 1.3619
2026/06/15 23:36:39 - mmengine - INFO - Iter(train) [10950/20000]  base_lr: 5.2547e-05 lr: 5.2547e-05  eta: 3:16:07  time: 1.2961  data_time: 0.0330  memory: 8609  grad_norm: 109.2989  loss: 33.3608  decode.loss_cls: 0.4485  decode.loss_mask: 1.3348  decode.loss_dice: 1.4986  decode.d0.loss_cls: 1.0223  decode.d0.loss_mask: 1.3143  decode.d0.loss_dice: 1.6106  decode.d1.loss_cls: 0.5622  decode.d1.loss_mask: 1.3005  decode.d1.loss_dice: 1.5656  decode.d2.loss_cls: 0.4916  decode.d2.loss_mask: 1.2782  decode.d2.loss_dice: 1.5124  decode.d3.loss_cls: 0.4821  decode.d3.loss_mask: 1.3064  decode.d3.loss_dice: 1.4968  decode.d4.loss_cls: 0.4358  decode.d4.loss_mask: 1.2786  decode.d4.loss_dice: 1.4782  decode.d5.loss_cls: 0.4158  decode.d5.loss_mask: 1.2979  decode.d5.loss_dice: 1.5063  decode.d6.loss_cls: 0.4491  decode.d6.loss_mask: 1.3023  decode.d6.loss_dice: 1.4924  decode.d7.loss_cls: 0.4363  decode.d7.loss_mask: 1.3225  decode.d7.loss_dice: 1.4855  decode.d8.loss_cls: 0.4242  decode.d8.loss_mask: 1.3224  decode.d8.loss_dice: 1.4885
2026/06/15 23:37:44 - mmengine - INFO - Exp name: dinov3l_m2f_pastis_temporal_v1_20260615_192803
2026/06/15 23:37:44 - mmengine - INFO - Iter(train) [11000/20000]  base_lr: 5.2286e-05 lr: 5.2286e-05  eta: 3:15:01  time: 1.2821  data_time: 0.0314  memory: 8609  grad_norm: 91.7364  loss: 32.1948  decode.loss_cls: 0.4143  decode.loss_mask: 1.2729  decode.loss_dice: 1.3802  decode.d0.loss_cls: 1.0198  decode.d0.loss_mask: 1.2892  decode.d0.loss_dice: 1.5371  decode.d1.loss_cls: 0.6714  decode.d1.loss_mask: 1.2809  decode.d1.loss_dice: 1.4784  decode.d2.loss_cls: 0.4766  decode.d2.loss_mask: 1.2703  decode.d2.loss_dice: 1.4364  decode.d3.loss_cls: 0.4623  decode.d3.loss_mask: 1.2603  decode.d3.loss_dice: 1.4021  decode.d4.loss_cls: 0.4553  decode.d4.loss_mask: 1.2728  decode.d4.loss_dice: 1.3974  decode.d5.loss_cls: 0.4419  decode.d5.loss_mask: 1.2804  decode.d5.loss_dice: 1.3917  decode.d6.loss_cls: 0.4419  decode.d6.loss_mask: 1.2734  decode.d6.loss_dice: 1.3877  decode.d7.loss_cls: 0.4335  decode.d7.loss_mask: 1.2724  decode.d7.loss_dice: 1.3826  decode.d8.loss_cls: 0.4430  decode.d8.loss_mask: 1.2751  decode.d8.loss_dice: 1.3936
2026/06/15 23:38:10 - mmengine - INFO - Iter(val) [ 50/121]    eta: 0:00:37  time: 0.5185  data_time: 0.0248  memory: 6109  
2026/06/15 23:38:36 - mmengine - INFO - Iter(val) [100/121]    eta: 0:00:10  time: 0.5154  data_time: 0.0239  memory: 6109  
2026/06/15 23:38:47 - mmengine - INFO - per class results:
2026/06/15 23:38:47 - mmengine - INFO - 
+---------+-------+-------+
|  Class  |  IoU  |  Acc  |
+---------+-------+-------+
|  crop_1 | 72.89 | 82.28 |
|  crop_2 | 63.02 | 79.48 |
|  crop_3 | 74.97 |  85.3 |
|  crop_4 | 80.78 | 90.83 |
|  crop_5 | 66.68 | 79.49 |
|  crop_6 |  85.1 | 92.18 |
|  crop_7 | 31.67 | 47.52 |
|  crop_8 | 49.11 | 59.03 |
|  crop_9 | 48.94 | 68.97 |
| crop_10 | 80.79 | 89.54 |
| crop_11 | 26.68 | 52.94 |
| crop_12 | 40.05 | 57.95 |
| crop_13 | 31.58 | 57.36 |
| crop_14 | 33.08 | 54.91 |
| crop_15 | 28.16 | 41.34 |
| crop_16 | 54.87 | 72.27 |
| crop_17 | 40.74 | 56.67 |
| crop_18 | 22.86 | 41.26 |
| crop_19 |  16.1 | 28.24 |
+---------+-------+-------+
2026/06/15 23:38:47 - mmengine - INFO - Iter(val) [121/121]    aAcc: 79.7000  mIoU: 49.9000  mAcc: 65.1300  data_time: 0.0266  time: 0.5154
2026/06/15 23:38:47 - mmengine - INFO - The previous best checkpoint /mnt/ht2-nas2/00-model/00-fb/mmseg_dino/work_dirs/dinov3l_m2f_pastis_temporal_v1/best_mIoU_iter_10000.pth is removed
2026/06/15 23:38:52 - mmengine - INFO - The best checkpoint with 49.9000 mIoU at 11000 iter is saved to best_mIoU_iter_11000.pth.
2026/06/15 23:40:05 - mmengine - INFO - Iter(train) [11050/20000]  base_lr: 5.2024e-05 lr: 5.2024e-05  eta: 3:14:07  time: 1.2998  data_time: 0.0348  memory: 8609  grad_norm: 94.1721  loss: 32.7942  decode.loss_cls: 0.3798  decode.loss_mask: 1.3559  decode.loss_dice: 1.3952  decode.d0.loss_cls: 1.0192  decode.d0.loss_mask: 1.4041  decode.d0.loss_dice: 1.5226  decode.d1.loss_cls: 0.7007  decode.d1.loss_mask: 1.3939  decode.d1.loss_dice: 1.4949  decode.d2.loss_cls: 0.5190  decode.d2.loss_mask: 1.3465  decode.d2.loss_dice: 1.4101  decode.d3.loss_cls: 0.4462  decode.d3.loss_mask: 1.3418  decode.d3.loss_dice: 1.3914  decode.d4.loss_cls: 0.4264  decode.d4.loss_mask: 1.3406  decode.d4.loss_dice: 1.3888  decode.d5.loss_cls: 0.3760  decode.d5.loss_mask: 1.3452  decode.d5.loss_dice: 1.4054  decode.d6.loss_cls: 0.4046  decode.d6.loss_mask: 1.3432  decode.d6.loss_dice: 1.3737  decode.d7.loss_cls: 0.4221  decode.d7.loss_mask: 1.3271  decode.d7.loss_dice: 1.3807  decode.d8.loss_cls: 0.3999  decode.d8.loss_mask: 1.3523  decode.d8.loss_dice: 1.3870
2026/06/15 23:41:09 - mmengine - INFO - Iter(train) [11100/20000]  base_lr: 5.1763e-05 lr: 5.1763e-05  eta: 3:13:02  time: 1.2938  data_time: 0.0343  memory: 8609  grad_norm: 93.8589  loss: 33.9020  decode.loss_cls: 0.4808  decode.loss_mask: 1.3062  decode.loss_dice: 1.4940  decode.d0.loss_cls: 1.1271  decode.d0.loss_mask: 1.3512  decode.d0.loss_dice: 1.5978  decode.d1.loss_cls: 0.6715  decode.d1.loss_mask: 1.3394  decode.d1.loss_dice: 1.5566  decode.d2.loss_cls: 0.4851  decode.d2.loss_mask: 1.3139  decode.d2.loss_dice: 1.5214  decode.d3.loss_cls: 0.4892  decode.d3.loss_mask: 1.3080  decode.d3.loss_dice: 1.5048  decode.d4.loss_cls: 0.4618  decode.d4.loss_mask: 1.3112  decode.d4.loss_dice: 1.5050  decode.d5.loss_cls: 0.4782  decode.d5.loss_mask: 1.3042  decode.d5.loss_dice: 1.4886  decode.d6.loss_cls: 0.4694  decode.d6.loss_mask: 1.3135  decode.d6.loss_dice: 1.4854  decode.d7.loss_cls: 0.4749  decode.d7.loss_mask: 1.3013  decode.d7.loss_dice: 1.4885  decode.d8.loss_cls: 0.4723  decode.d8.loss_mask: 1.3085  decode.d8.loss_dice: 1.4921
2026/06/15 23:42:14 - mmengine - INFO - Iter(train) [11150/20000]  base_lr: 5.1501e-05 lr: 5.1501e-05  eta: 3:11:56  time: 1.2956  data_time: 0.0342  memory: 8609  grad_norm: 85.6926  loss: 33.0830  decode.loss_cls: 0.5175  decode.loss_mask: 1.1792  decode.loss_dice: 1.4350  decode.d0.loss_cls: 1.2272  decode.d0.loss_mask: 1.2499  decode.d0.loss_dice: 1.6005  decode.d1.loss_cls: 0.7313  decode.d1.loss_mask: 1.2284  decode.d1.loss_dice: 1.5487  decode.d2.loss_cls: 0.6196  decode.d2.loss_mask: 1.1931  decode.d2.loss_dice: 1.5059  decode.d3.loss_cls: 0.5992  decode.d3.loss_mask: 1.1794  decode.d3.loss_dice: 1.4477  decode.d4.loss_cls: 0.5732  decode.d4.loss_mask: 1.1927  decode.d4.loss_dice: 1.4559  decode.d5.loss_cls: 0.5661  decode.d5.loss_mask: 1.1790  decode.d5.loss_dice: 1.4397  decode.d6.loss_cls: 0.5056  decode.d6.loss_mask: 1.1839  decode.d6.loss_dice: 1.4451  decode.d7.loss_cls: 0.4992  decode.d7.loss_mask: 1.1855  decode.d7.loss_dice: 1.4560  decode.d8.loss_cls: 0.5258  decode.d8.loss_mask: 1.1811  decode.d8.loss_dice: 1.4317
2026/06/15 23:43:19 - mmengine - INFO - Iter(train) [11200/20000]  base_lr: 5.1239e-05 lr: 5.1239e-05  eta: 3:10:51  time: 1.2883  data_time: 0.0325  memory: 8609  grad_norm: 93.0469  loss: 35.9396  decode.loss_cls: 0.5585  decode.loss_mask: 1.3287  decode.loss_dice: 1.5718  decode.d0.loss_cls: 1.1276  decode.d0.loss_mask: 1.3793  decode.d0.loss_dice: 1.7082  decode.d1.loss_cls: 0.8352  decode.d1.loss_mask: 1.3359  decode.d1.loss_dice: 1.6441  decode.d2.loss_cls: 0.6806  decode.d2.loss_mask: 1.3241  decode.d2.loss_dice: 1.5742  decode.d3.loss_cls: 0.6273  decode.d3.loss_mask: 1.3223  decode.d3.loss_dice: 1.5431  decode.d4.loss_cls: 0.6258  decode.d4.loss_mask: 1.3098  decode.d4.loss_dice: 1.5521  decode.d5.loss_cls: 0.6023  decode.d5.loss_mask: 1.3311  decode.d5.loss_dice: 1.5620  decode.d6.loss_cls: 0.5525  decode.d6.loss_mask: 1.3427  decode.d6.loss_dice: 1.5813  decode.d7.loss_cls: 0.5725  decode.d7.loss_mask: 1.3247  decode.d7.loss_dice: 1.5636  decode.d8.loss_cls: 0.5838  decode.d8.loss_mask: 1.3134  decode.d8.loss_dice: 1.5612
2026/06/15 23:44:23 - mmengine - INFO - Iter(train) [11250/20000]  base_lr: 5.0977e-05 lr: 5.0977e-05  eta: 3:09:45  time: 1.2888  data_time: 0.0303  memory: 8609  grad_norm: 89.7691  loss: 31.3965  decode.loss_cls: 0.4673  decode.loss_mask: 1.1982  decode.loss_dice: 1.3115  decode.d0.loss_cls: 1.1291  decode.d0.loss_mask: 1.2342  decode.d0.loss_dice: 1.4923  decode.d1.loss_cls: 0.7036  decode.d1.loss_mask: 1.2350  decode.d1.loss_dice: 1.4136  decode.d2.loss_cls: 0.6291  decode.d2.loss_mask: 1.1919  decode.d2.loss_dice: 1.3642  decode.d3.loss_cls: 0.5012  decode.d3.loss_mask: 1.1904  decode.d3.loss_dice: 1.3350  decode.d4.loss_cls: 0.5280  decode.d4.loss_mask: 1.1903  decode.d4.loss_dice: 1.3112  decode.d5.loss_cls: 0.4756  decode.d5.loss_mask: 1.2074  decode.d5.loss_dice: 1.3295  decode.d6.loss_cls: 0.4896  decode.d6.loss_mask: 1.1953  decode.d6.loss_dice: 1.3119  decode.d7.loss_cls: 0.4305  decode.d7.loss_mask: 1.2136  decode.d7.loss_dice: 1.3271  decode.d8.loss_cls: 0.4706  decode.d8.loss_mask: 1.2019  decode.d8.loss_dice: 1.3175
2026/06/15 23:45:28 - mmengine - INFO - Iter(train) [11300/20000]  base_lr: 5.0715e-05 lr: 5.0715e-05  eta: 3:08:40  time: 1.2852  data_time: 0.0297  memory: 8609  grad_norm: 88.9629  loss: 29.0027  decode.loss_cls: 0.3968  decode.loss_mask: 1.1350  decode.loss_dice: 1.2267  decode.d0.loss_cls: 1.0202  decode.d0.loss_mask: 1.2006  decode.d0.loss_dice: 1.4181  decode.d1.loss_cls: 0.5802  decode.d1.loss_mask: 1.1766  decode.d1.loss_dice: 1.3169  decode.d2.loss_cls: 0.4817  decode.d2.loss_mask: 1.1287  decode.d2.loss_dice: 1.2260  decode.d3.loss_cls: 0.4313  decode.d3.loss_mask: 1.1378  decode.d3.loss_dice: 1.2233  decode.d4.loss_cls: 0.4409  decode.d4.loss_mask: 1.1317  decode.d4.loss_dice: 1.2250  decode.d5.loss_cls: 0.4261  decode.d5.loss_mask: 1.1305  decode.d5.loss_dice: 1.2228  decode.d6.loss_cls: 0.4446  decode.d6.loss_mask: 1.1377  decode.d6.loss_dice: 1.2176  decode.d7.loss_cls: 0.3910  decode.d7.loss_mask: 1.1403  decode.d7.loss_dice: 1.2391  decode.d8.loss_cls: 0.3752  decode.d8.loss_mask: 1.1388  decode.d8.loss_dice: 1.2415
2026/06/15 23:46:32 - mmengine - INFO - Iter(train) [11350/20000]  base_lr: 5.0452e-05 lr: 5.0452e-05  eta: 3:07:34  time: 1.2917  data_time: 0.0323  memory: 8609  grad_norm: 89.0826  loss: 31.1743  decode.loss_cls: 0.3696  decode.loss_mask: 1.2324  decode.loss_dice: 1.3612  decode.d0.loss_cls: 0.9685  decode.d0.loss_mask: 1.2892  decode.d0.loss_dice: 1.5002  decode.d1.loss_cls: 0.6105  decode.d1.loss_mask: 1.2580  decode.d1.loss_dice: 1.4485  decode.d2.loss_cls: 0.4429  decode.d2.loss_mask: 1.2453  decode.d2.loss_dice: 1.4055  decode.d3.loss_cls: 0.4485  decode.d3.loss_mask: 1.2186  decode.d3.loss_dice: 1.3695  decode.d4.loss_cls: 0.4394  decode.d4.loss_mask: 1.2213  decode.d4.loss_dice: 1.3693  decode.d5.loss_cls: 0.4267  decode.d5.loss_mask: 1.2363  decode.d5.loss_dice: 1.3833  decode.d6.loss_cls: 0.3964  decode.d6.loss_mask: 1.2203  decode.d6.loss_dice: 1.3663  decode.d7.loss_cls: 0.3708  decode.d7.loss_mask: 1.2321  decode.d7.loss_dice: 1.3756  decode.d8.loss_cls: 0.3834  decode.d8.loss_mask: 1.2256  decode.d8.loss_dice: 1.3590
2026/06/15 23:47:37 - mmengine - INFO - Iter(train) [11400/20000]  base_lr: 5.0190e-05 lr: 5.0190e-05  eta: 3:06:29  time: 1.2988  data_time: 0.0325  memory: 8609  grad_norm: 97.5779  loss: 30.5857  decode.loss_cls: 0.3819  decode.loss_mask: 1.2135  decode.loss_dice: 1.3111  decode.d0.loss_cls: 0.9563  decode.d0.loss_mask: 1.2483  decode.d0.loss_dice: 1.4641  decode.d1.loss_cls: 0.6286  decode.d1.loss_mask: 1.2535  decode.d1.loss_dice: 1.4167  decode.d2.loss_cls: 0.4956  decode.d2.loss_mask: 1.2310  decode.d2.loss_dice: 1.3591  decode.d3.loss_cls: 0.4321  decode.d3.loss_mask: 1.2170  decode.d3.loss_dice: 1.3236  decode.d4.loss_cls: 0.4195  decode.d4.loss_mask: 1.2070  decode.d4.loss_dice: 1.3176  decode.d5.loss_cls: 0.4207  decode.d5.loss_mask: 1.2133  decode.d5.loss_dice: 1.3225  decode.d6.loss_cls: 0.4179  decode.d6.loss_mask: 1.2069  decode.d6.loss_dice: 1.3065  decode.d7.loss_cls: 0.3860  decode.d7.loss_mask: 1.2095  decode.d7.loss_dice: 1.3149  decode.d8.loss_cls: 0.3862  decode.d8.loss_mask: 1.2120  decode.d8.loss_dice: 1.3131
2026/06/15 23:48:42 - mmengine - INFO - Iter(train) [11450/20000]  base_lr: 4.9927e-05 lr: 4.9927e-05  eta: 3:05:24  time: 1.3030  data_time: 0.0337  memory: 8609  grad_norm: 94.3057  loss: 32.9422  decode.loss_cls: 0.4944  decode.loss_mask: 1.1919  decode.loss_dice: 1.4346  decode.d0.loss_cls: 1.1578  decode.d0.loss_mask: 1.2644  decode.d0.loss_dice: 1.6347  decode.d1.loss_cls: 0.7377  decode.d1.loss_mask: 1.2425  decode.d1.loss_dice: 1.5505  decode.d2.loss_cls: 0.5520  decode.d2.loss_mask: 1.2135  decode.d2.loss_dice: 1.4812  decode.d3.loss_cls: 0.5052  decode.d3.loss_mask: 1.2159  decode.d3.loss_dice: 1.4661  decode.d4.loss_cls: 0.5230  decode.d4.loss_mask: 1.2138  decode.d4.loss_dice: 1.4676  decode.d5.loss_cls: 0.5255  decode.d5.loss_mask: 1.2089  decode.d5.loss_dice: 1.4504  decode.d6.loss_cls: 0.5080  decode.d6.loss_mask: 1.1931  decode.d6.loss_dice: 1.4397  decode.d7.loss_cls: 0.4972  decode.d7.loss_mask: 1.2077  decode.d7.loss_dice: 1.4346  decode.d8.loss_cls: 0.4917  decode.d8.loss_mask: 1.2019  decode.d8.loss_dice: 1.4369
2026/06/15 23:49:46 - mmengine - INFO - Iter(train) [11500/20000]  base_lr: 4.9664e-05 lr: 4.9664e-05  eta: 3:04:18  time: 1.2884  data_time: 0.0311  memory: 8609  grad_norm: 93.4303  loss: 32.5783  decode.loss_cls: 0.3765  decode.loss_mask: 1.2673  decode.loss_dice: 1.4726  decode.d0.loss_cls: 0.9525  decode.d0.loss_mask: 1.2958  decode.d0.loss_dice: 1.6089  decode.d1.loss_cls: 0.6493  decode.d1.loss_mask: 1.2854  decode.d1.loss_dice: 1.5523  decode.d2.loss_cls: 0.4457  decode.d2.loss_mask: 1.2565  decode.d2.loss_dice: 1.5171  decode.d3.loss_cls: 0.4568  decode.d3.loss_mask: 1.2437  decode.d3.loss_dice: 1.4789  decode.d4.loss_cls: 0.4332  decode.d4.loss_mask: 1.2518  decode.d4.loss_dice: 1.4786  decode.d5.loss_cls: 0.4294  decode.d5.loss_mask: 1.2531  decode.d5.loss_dice: 1.4841  decode.d6.loss_cls: 0.3848  decode.d6.loss_mask: 1.2472  decode.d6.loss_dice: 1.4788  decode.d7.loss_cls: 0.4066  decode.d7.loss_mask: 1.2525  decode.d7.loss_dice: 1.4855  decode.d8.loss_cls: 0.4051  decode.d8.loss_mask: 1.2532  decode.d8.loss_dice: 1.4750
2026/06/15 23:50:51 - mmengine - INFO - Iter(train) [11550/20000]  base_lr: 4.9401e-05 lr: 4.9401e-05  eta: 3:03:13  time: 1.2886  data_time: 0.0299  memory: 8609  grad_norm: 100.1199  loss: 34.3887  decode.loss_cls: 0.5299  decode.loss_mask: 1.2247  decode.loss_dice: 1.5273  decode.d0.loss_cls: 1.1047  decode.d0.loss_mask: 1.2512  decode.d0.loss_dice: 1.7203  decode.d1.loss_cls: 0.8096  decode.d1.loss_mask: 1.2230  decode.d1.loss_dice: 1.6316  decode.d2.loss_cls: 0.6639  decode.d2.loss_mask: 1.2162  decode.d2.loss_dice: 1.5740  decode.d3.loss_cls: 0.5763  decode.d3.loss_mask: 1.2089  decode.d3.loss_dice: 1.5429  decode.d4.loss_cls: 0.5968  decode.d4.loss_mask: 1.2252  decode.d4.loss_dice: 1.5430  decode.d5.loss_cls: 0.5605  decode.d5.loss_mask: 1.2227  decode.d5.loss_dice: 1.5371  decode.d6.loss_cls: 0.5543  decode.d6.loss_mask: 1.2156  decode.d6.loss_dice: 1.5229  decode.d7.loss_cls: 0.5695  decode.d7.loss_mask: 1.2097  decode.d7.loss_dice: 1.5271  decode.d8.loss_cls: 0.5593  decode.d8.loss_mask: 1.2081  decode.d8.loss_dice: 1.5322
2026/06/15 23:51:56 - mmengine - INFO - Iter(train) [11600/20000]  base_lr: 4.9138e-05 lr: 4.9138e-05  eta: 3:02:08  time: 1.2914  data_time: 0.0329  memory: 8609  grad_norm: 93.7838  loss: 33.5242  decode.loss_cls: 0.4556  decode.loss_mask: 1.2835  decode.loss_dice: 1.4681  decode.d0.loss_cls: 1.1338  decode.d0.loss_mask: 1.3260  decode.d0.loss_dice: 1.6366  decode.d1.loss_cls: 0.6862  decode.d1.loss_mask: 1.2992  decode.d1.loss_dice: 1.5453  decode.d2.loss_cls: 0.5788  decode.d2.loss_mask: 1.2845  decode.d2.loss_dice: 1.4989  decode.d3.loss_cls: 0.4599  decode.d3.loss_mask: 1.2832  decode.d3.loss_dice: 1.4874  decode.d4.loss_cls: 0.4747  decode.d4.loss_mask: 1.2748  decode.d4.loss_dice: 1.4804  decode.d5.loss_cls: 0.4712  decode.d5.loss_mask: 1.2773  decode.d5.loss_dice: 1.4746  decode.d6.loss_cls: 0.4365  decode.d6.loss_mask: 1.2759  decode.d6.loss_dice: 1.4896  decode.d7.loss_cls: 0.4439  decode.d7.loss_mask: 1.2740  decode.d7.loss_dice: 1.4960  decode.d8.loss_cls: 0.4744  decode.d8.loss_mask: 1.2746  decode.d8.loss_dice: 1.4794
2026/06/15 23:53:00 - mmengine - INFO - Iter(train) [11650/20000]  base_lr: 4.8875e-05 lr: 4.8875e-05  eta: 3:01:02  time: 1.2911  data_time: 0.0320  memory: 8609  grad_norm: 83.4717  loss: 31.1765  decode.loss_cls: 0.3497  decode.loss_mask: 1.2598  decode.loss_dice: 1.3775  decode.d0.loss_cls: 0.8744  decode.d0.loss_mask: 1.3284  decode.d0.loss_dice: 1.5291  decode.d1.loss_cls: 0.5515  decode.d1.loss_mask: 1.2800  decode.d1.loss_dice: 1.4644  decode.d2.loss_cls: 0.4185  decode.d2.loss_mask: 1.2662  decode.d2.loss_dice: 1.4008  decode.d3.loss_cls: 0.3971  decode.d3.loss_mask: 1.2528  decode.d3.loss_dice: 1.3801  decode.d4.loss_cls: 0.3977  decode.d4.loss_mask: 1.2512  decode.d4.loss_dice: 1.3814  decode.d5.loss_cls: 0.3871  decode.d5.loss_mask: 1.2512  decode.d5.loss_dice: 1.3809  decode.d6.loss_cls: 0.3604  decode.d6.loss_mask: 1.2527  decode.d6.loss_dice: 1.3784  decode.d7.loss_cls: 0.3594  decode.d7.loss_mask: 1.2568  decode.d7.loss_dice: 1.3912  decode.d8.loss_cls: 0.3610  decode.d8.loss_mask: 1.2493  decode.d8.loss_dice: 1.3879
2026/06/15 23:54:05 - mmengine - INFO - Iter(train) [11700/20000]  base_lr: 4.8611e-05 lr: 4.8611e-05  eta: 2:59:57  time: 1.2928  data_time: 0.0318  memory: 8609  grad_norm: 88.6409  loss: 30.0230  decode.loss_cls: 0.3070  decode.loss_mask: 1.2022  decode.loss_dice: 1.3506  decode.d0.loss_cls: 0.9088  decode.d0.loss_mask: 1.2315  decode.d0.loss_dice: 1.4999  decode.d1.loss_cls: 0.6235  decode.d1.loss_mask: 1.2217  decode.d1.loss_dice: 1.3889  decode.d2.loss_cls: 0.4420  decode.d2.loss_mask: 1.2107  decode.d2.loss_dice: 1.3521  decode.d3.loss_cls: 0.3531  decode.d3.loss_mask: 1.2102  decode.d3.loss_dice: 1.3593  decode.d4.loss_cls: 0.3507  decode.d4.loss_mask: 1.2020  decode.d4.loss_dice: 1.3523  decode.d5.loss_cls: 0.3593  decode.d5.loss_mask: 1.1977  decode.d5.loss_dice: 1.3453  decode.d6.loss_cls: 0.3099  decode.d6.loss_mask: 1.1984  decode.d6.loss_dice: 1.3364  decode.d7.loss_cls: 0.3116  decode.d7.loss_mask: 1.1955  decode.d7.loss_dice: 1.3421  decode.d8.loss_cls: 0.3049  decode.d8.loss_mask: 1.2032  decode.d8.loss_dice: 1.3522
2026/06/15 23:55:09 - mmengine - INFO - Iter(train) [11750/20000]  base_lr: 4.8348e-05 lr: 4.8348e-05  eta: 2:58:51  time: 1.2866  data_time: 0.0305  memory: 8609  grad_norm: 92.6467  loss: 30.3638  decode.loss_cls: 0.3929  decode.loss_mask: 1.1687  decode.loss_dice: 1.3428  decode.d0.loss_cls: 1.0408  decode.d0.loss_mask: 1.2021  decode.d0.loss_dice: 1.4504  decode.d1.loss_cls: 0.5783  decode.d1.loss_mask: 1.1891  decode.d1.loss_dice: 1.3923  decode.d2.loss_cls: 0.4657  decode.d2.loss_mask: 1.1707  decode.d2.loss_dice: 1.3688  decode.d3.loss_cls: 0.4687  decode.d3.loss_mask: 1.1665  decode.d3.loss_dice: 1.3481  decode.d4.loss_cls: 0.4202  decode.d4.loss_mask: 1.1650  decode.d4.loss_dice: 1.3459  decode.d5.loss_cls: 0.4134  decode.d5.loss_mask: 1.1685  decode.d5.loss_dice: 1.3366  decode.d6.loss_cls: 0.4081  decode.d6.loss_mask: 1.1806  decode.d6.loss_dice: 1.3507  decode.d7.loss_cls: 0.3988  decode.d7.loss_mask: 1.1667  decode.d7.loss_dice: 1.3512  decode.d8.loss_cls: 0.3691  decode.d8.loss_mask: 1.1793  decode.d8.loss_dice: 1.3641
2026/06/15 23:56:14 - mmengine - INFO - Iter(train) [11800/20000]  base_lr: 4.8084e-05 lr: 4.8084e-05  eta: 2:57:46  time: 1.2891  data_time: 0.0322  memory: 8609  grad_norm: 88.0679  loss: 31.3144  decode.loss_cls: 0.3701  decode.loss_mask: 1.2187  decode.loss_dice: 1.3832  decode.d0.loss_cls: 0.9836  decode.d0.loss_mask: 1.2710  decode.d0.loss_dice: 1.5330  decode.d1.loss_cls: 0.6683  decode.d1.loss_mask: 1.2558  decode.d1.loss_dice: 1.4560  decode.d2.loss_cls: 0.4702  decode.d2.loss_mask: 1.2344  decode.d2.loss_dice: 1.4305  decode.d3.loss_cls: 0.3966  decode.d3.loss_mask: 1.2264  decode.d3.loss_dice: 1.4203  decode.d4.loss_cls: 0.3945  decode.d4.loss_mask: 1.2279  decode.d4.loss_dice: 1.4012  decode.d5.loss_cls: 0.3854  decode.d5.loss_mask: 1.2275  decode.d5.loss_dice: 1.4044  decode.d6.loss_cls: 0.4019  decode.d6.loss_mask: 1.2246  decode.d6.loss_dice: 1.3957  decode.d7.loss_cls: 0.3649  decode.d7.loss_mask: 1.2123  decode.d7.loss_dice: 1.3868  decode.d8.loss_cls: 0.3831  decode.d8.loss_mask: 1.2059  decode.d8.loss_dice: 1.3801
2026/06/15 23:57:18 - mmengine - INFO - Iter(train) [11850/20000]  base_lr: 4.7820e-05 lr: 4.7820e-05  eta: 2:56:40  time: 1.2815  data_time: 0.0301  memory: 8609  grad_norm: 89.3352  loss: 31.6840  decode.loss_cls: 0.5243  decode.loss_mask: 1.1606  decode.loss_dice: 1.3722  decode.d0.loss_cls: 1.0420  decode.d0.loss_mask: 1.2403  decode.d0.loss_dice: 1.5090  decode.d1.loss_cls: 0.7048  decode.d1.loss_mask: 1.2194  decode.d1.loss_dice: 1.4287  decode.d2.loss_cls: 0.5725  decode.d2.loss_mask: 1.1868  decode.d2.loss_dice: 1.3769  decode.d3.loss_cls: 0.5774  decode.d3.loss_mask: 1.1864  decode.d3.loss_dice: 1.3531  decode.d4.loss_cls: 0.5397  decode.d4.loss_mask: 1.1768  decode.d4.loss_dice: 1.3674  decode.d5.loss_cls: 0.5026  decode.d5.loss_mask: 1.1751  decode.d5.loss_dice: 1.3684  decode.d6.loss_cls: 0.5033  decode.d6.loss_mask: 1.1663  decode.d6.loss_dice: 1.3533  decode.d7.loss_cls: 0.5079  decode.d7.loss_mask: 1.1767  decode.d7.loss_dice: 1.3626  decode.d8.loss_cls: 0.4819  decode.d8.loss_mask: 1.1805  decode.d8.loss_dice: 1.3670
2026/06/15 23:58:22 - mmengine - INFO - Iter(train) [11900/20000]  base_lr: 4.7556e-05 lr: 4.7556e-05  eta: 2:55:35  time: 1.2923  data_time: 0.0326  memory: 8609  grad_norm: 103.7036  loss: 33.4657  decode.loss_cls: 0.4755  decode.loss_mask: 1.2937  decode.loss_dice: 1.4345  decode.d0.loss_cls: 1.1137  decode.d0.loss_mask: 1.3294  decode.d0.loss_dice: 1.6073  decode.d1.loss_cls: 0.6416  decode.d1.loss_mask: 1.3151  decode.d1.loss_dice: 1.5493  decode.d2.loss_cls: 0.5388  decode.d2.loss_mask: 1.2813  decode.d2.loss_dice: 1.4760  decode.d3.loss_cls: 0.5043  decode.d3.loss_mask: 1.2915  decode.d3.loss_dice: 1.4550  decode.d4.loss_cls: 0.5101  decode.d4.loss_mask: 1.2935  decode.d4.loss_dice: 1.4528  decode.d5.loss_cls: 0.4971  decode.d5.loss_mask: 1.2813  decode.d5.loss_dice: 1.4576  decode.d6.loss_cls: 0.4863  decode.d6.loss_mask: 1.2916  decode.d6.loss_dice: 1.4452  decode.d7.loss_cls: 0.4932  decode.d7.loss_mask: 1.2842  decode.d7.loss_dice: 1.4405  decode.d8.loss_cls: 0.5211  decode.d8.loss_mask: 1.2703  decode.d8.loss_dice: 1.4342
2026/06/15 23:59:27 - mmengine - INFO - Iter(train) [11950/20000]  base_lr: 4.7291e-05 lr: 4.7291e-05  eta: 2:54:30  time: 1.2865  data_time: 0.0300  memory: 8609  grad_norm: 92.8399  loss: 30.0430  decode.loss_cls: 0.3223  decode.loss_mask: 1.2594  decode.loss_dice: 1.3035  decode.d0.loss_cls: 1.0385  decode.d0.loss_mask: 1.2408  decode.d0.loss_dice: 1.3732  decode.d1.loss_cls: 0.5835  decode.d1.loss_mask: 1.2640  decode.d1.loss_dice: 1.3323  decode.d2.loss_cls: 0.3997  decode.d2.loss_mask: 1.2507  decode.d2.loss_dice: 1.3087  decode.d3.loss_cls: 0.3463  decode.d3.loss_mask: 1.2558  decode.d3.loss_dice: 1.3024  decode.d4.loss_cls: 0.3561  decode.d4.loss_mask: 1.2438  decode.d4.loss_dice: 1.2908  decode.d5.loss_cls: 0.3573  decode.d5.loss_mask: 1.2506  decode.d5.loss_dice: 1.3059  decode.d6.loss_cls: 0.3552  decode.d6.loss_mask: 1.2494  decode.d6.loss_dice: 1.3014  decode.d7.loss_cls: 0.3046  decode.d7.loss_mask: 1.2621  decode.d7.loss_dice: 1.3112  decode.d8.loss_cls: 0.3181  decode.d8.loss_mask: 1.2554  decode.d8.loss_dice: 1.3000
2026/06/16 00:00:31 - mmengine - INFO - Exp name: dinov3l_m2f_pastis_temporal_v1_20260615_192803
2026/06/16 00:00:31 - mmengine - INFO - Iter(train) [12000/20000]  base_lr: 4.7027e-05 lr: 4.7027e-05  eta: 2:53:24  time: 1.2905  data_time: 0.0308  memory: 8609  grad_norm: 95.5461  loss: 31.6995  decode.loss_cls: 0.4251  decode.loss_mask: 1.1770  decode.loss_dice: 1.3997  decode.d0.loss_cls: 1.1531  decode.d0.loss_mask: 1.2044  decode.d0.loss_dice: 1.5560  decode.d1.loss_cls: 0.7085  decode.d1.loss_mask: 1.2101  decode.d1.loss_dice: 1.5280  decode.d2.loss_cls: 0.5107  decode.d2.loss_mask: 1.1672  decode.d2.loss_dice: 1.4618  decode.d3.loss_cls: 0.4930  decode.d3.loss_mask: 1.1593  decode.d3.loss_dice: 1.3953  decode.d4.loss_cls: 0.4912  decode.d4.loss_mask: 1.1807  decode.d4.loss_dice: 1.3995  decode.d5.loss_cls: 0.4478  decode.d5.loss_mask: 1.1663  decode.d5.loss_dice: 1.4142  decode.d6.loss_cls: 0.4469  decode.d6.loss_mask: 1.1649  decode.d6.loss_dice: 1.3952  decode.d7.loss_cls: 0.4630  decode.d7.loss_mask: 1.1723  decode.d7.loss_dice: 1.3940  decode.d8.loss_cls: 0.4643  decode.d8.loss_mask: 1.1630  decode.d8.loss_dice: 1.3870
2026/06/16 00:00:31 - mmengine - INFO - Saving checkpoint at 12000 iterations
2026/06/16 00:01:04 - mmengine - INFO - Iter(val) [ 50/121]    eta: 0:00:36  time: 0.5166  data_time: 0.0237  memory: 6109  
2026/06/16 00:01:30 - mmengine - INFO - Iter(val) [100/121]    eta: 0:00:10  time: 0.5137  data_time: 0.0232  memory: 6109  
2026/06/16 00:01:41 - mmengine - INFO - per class results:
2026/06/16 00:01:41 - mmengine - INFO - 
+---------+-------+-------+
|  Class  |  IoU  |  Acc  |
+---------+-------+-------+
|  crop_1 | 72.96 | 82.45 |
|  crop_2 | 63.41 | 79.55 |
|  crop_3 | 73.78 | 80.71 |
|  crop_4 |  80.4 |  89.8 |
|  crop_5 | 68.16 | 79.47 |
|  crop_6 | 85.56 | 93.11 |
|  crop_7 | 35.96 | 61.07 |
|  crop_8 |  47.5 | 67.13 |
|  crop_9 | 48.75 | 69.67 |
| crop_10 | 79.64 | 89.71 |
| crop_11 | 26.43 | 60.97 |
| crop_12 | 45.17 | 76.79 |
| crop_13 | 28.49 | 45.84 |
| crop_14 | 30.71 | 54.77 |
| crop_15 | 28.26 | 37.87 |
| crop_16 | 52.48 | 76.31 |
| crop_17 | 39.13 | 55.45 |
| crop_18 | 21.29 |  33.0 |
| crop_19 | 14.33 | 25.55 |
+---------+-------+-------+
2026/06/16 00:01:41 - mmengine - INFO - Iter(val) [121/121]    aAcc: 79.6100  mIoU: 49.6000  mAcc: 66.2700  data_time: 0.0262  time: 0.5135
2026/06/16 00:02:46 - mmengine - INFO - Iter(train) [12050/20000]  base_lr: 4.6762e-05 lr: 4.6762e-05  eta: 2:52:19  time: 1.2973  data_time: 0.0346  memory: 8609  grad_norm: 84.5268  loss: 27.4552  decode.loss_cls: 0.2451  decode.loss_mask: 1.1457  decode.loss_dice: 1.2112  decode.d0.loss_cls: 0.8157  decode.d0.loss_mask: 1.1727  decode.d0.loss_dice: 1.3304  decode.d1.loss_cls: 0.4441  decode.d1.loss_mask: 1.1668  decode.d1.loss_dice: 1.2855  decode.d2.loss_cls: 0.3448  decode.d2.loss_mask: 1.1559  decode.d2.loss_dice: 1.2453  decode.d3.loss_cls: 0.3273  decode.d3.loss_mask: 1.1500  decode.d3.loss_dice: 1.2256  decode.d4.loss_cls: 0.2917  decode.d4.loss_mask: 1.1483  decode.d4.loss_dice: 1.2274  decode.d5.loss_cls: 0.2684  decode.d5.loss_mask: 1.1380  decode.d5.loss_dice: 1.2304  decode.d6.loss_cls: 0.2716  decode.d6.loss_mask: 1.1369  decode.d6.loss_dice: 1.2075  decode.d7.loss_cls: 0.2588  decode.d7.loss_mask: 1.1438  decode.d7.loss_dice: 1.2181  decode.d8.loss_cls: 0.2765  decode.d8.loss_mask: 1.1487  decode.d8.loss_dice: 1.2228
2026/06/16 00:03:50 - mmengine - INFO - Iter(train) [12100/20000]  base_lr: 4.6498e-05 lr: 4.6498e-05  eta: 2:51:14  time: 1.2971  data_time: 0.0347  memory: 8609  grad_norm: 98.3009  loss: 30.5659  decode.loss_cls: 0.3614  decode.loss_mask: 1.2246  decode.loss_dice: 1.3331  decode.d0.loss_cls: 1.0365  decode.d0.loss_mask: 1.2290  decode.d0.loss_dice: 1.4701  decode.d1.loss_cls: 0.6029  decode.d1.loss_mask: 1.2211  decode.d1.loss_dice: 1.4432  decode.d2.loss_cls: 0.4841  decode.d2.loss_mask: 1.2072  decode.d2.loss_dice: 1.3701  decode.d3.loss_cls: 0.4338  decode.d3.loss_mask: 1.2082  decode.d3.loss_dice: 1.3317  decode.d4.loss_cls: 0.3868  decode.d4.loss_mask: 1.1972  decode.d4.loss_dice: 1.3311  decode.d5.loss_cls: 0.3869  decode.d5.loss_mask: 1.2032  decode.d5.loss_dice: 1.3355  decode.d6.loss_cls: 0.3653  decode.d6.loss_mask: 1.2023  decode.d6.loss_dice: 1.3269  decode.d7.loss_cls: 0.3838  decode.d7.loss_mask: 1.2199  decode.d7.loss_dice: 1.3262  decode.d8.loss_cls: 0.3949  decode.d8.loss_mask: 1.2156  decode.d8.loss_dice: 1.3334
2026/06/16 00:04:55 - mmengine - INFO - Iter(train) [12150/20000]  base_lr: 4.6233e-05 lr: 4.6233e-05  eta: 2:50:09  time: 1.2992  data_time: 0.0361  memory: 8609  grad_norm: 93.2436  loss: 30.1601  decode.loss_cls: 0.3703  decode.loss_mask: 1.1934  decode.loss_dice: 1.3114  decode.d0.loss_cls: 1.0201  decode.d0.loss_mask: 1.2238  decode.d0.loss_dice: 1.4833  decode.d1.loss_cls: 0.5858  decode.d1.loss_mask: 1.2075  decode.d1.loss_dice: 1.4119  decode.d2.loss_cls: 0.4385  decode.d2.loss_mask: 1.1932  decode.d2.loss_dice: 1.3526  decode.d3.loss_cls: 0.3993  decode.d3.loss_mask: 1.1863  decode.d3.loss_dice: 1.3355  decode.d4.loss_cls: 0.3991  decode.d4.loss_mask: 1.1965  decode.d4.loss_dice: 1.3162  decode.d5.loss_cls: 0.3806  decode.d5.loss_mask: 1.2009  decode.d5.loss_dice: 1.3215  decode.d6.loss_cls: 0.3689  decode.d6.loss_mask: 1.1978  decode.d6.loss_dice: 1.3192  decode.d7.loss_cls: 0.3565  decode.d7.loss_mask: 1.1985  decode.d7.loss_dice: 1.3137  decode.d8.loss_cls: 0.3613  decode.d8.loss_mask: 1.1942  decode.d8.loss_dice: 1.3220
2026/06/16 00:06:00 - mmengine - INFO - Iter(train) [12200/20000]  base_lr: 4.5968e-05 lr: 4.5968e-05  eta: 2:49:04  time: 1.2940  data_time: 0.0340  memory: 8609  grad_norm: 93.8566  loss: 30.6348  decode.loss_cls: 0.2669  decode.loss_mask: 1.2431  decode.loss_dice: 1.4075  decode.d0.loss_cls: 0.9552  decode.d0.loss_mask: 1.2920  decode.d0.loss_dice: 1.4989  decode.d1.loss_cls: 0.5470  decode.d1.loss_mask: 1.2858  decode.d1.loss_dice: 1.4445  decode.d2.loss_cls: 0.3954  decode.d2.loss_mask: 1.2512  decode.d2.loss_dice: 1.4182  decode.d3.loss_cls: 0.3176  decode.d3.loss_mask: 1.2401  decode.d3.loss_dice: 1.4013  decode.d4.loss_cls: 0.2744  decode.d4.loss_mask: 1.2458  decode.d4.loss_dice: 1.4023  decode.d5.loss_cls: 0.3044  decode.d5.loss_mask: 1.2452  decode.d5.loss_dice: 1.4155  decode.d6.loss_cls: 0.2848  decode.d6.loss_mask: 1.2462  decode.d6.loss_dice: 1.4100  decode.d7.loss_cls: 0.2622  decode.d7.loss_mask: 1.2502  decode.d7.loss_dice: 1.4054  decode.d8.loss_cls: 0.2640  decode.d8.loss_mask: 1.2450  decode.d8.loss_dice: 1.4145
2026/06/16 00:07:04 - mmengine - INFO - Iter(train) [12250/20000]  base_lr: 4.5702e-05 lr: 4.5702e-05  eta: 2:47:58  time: 1.2798  data_time: 0.0309  memory: 8609  grad_norm: 91.9372  loss: 32.4316  decode.loss_cls: 0.4611  decode.loss_mask: 1.2641  decode.loss_dice: 1.4231  decode.d0.loss_cls: 0.9939  decode.d0.loss_mask: 1.3129  decode.d0.loss_dice: 1.5636  decode.d1.loss_cls: 0.5697  decode.d1.loss_mask: 1.2964  decode.d1.loss_dice: 1.5152  decode.d2.loss_cls: 0.4397  decode.d2.loss_mask: 1.2713  decode.d2.loss_dice: 1.4790  decode.d3.loss_cls: 0.4303  decode.d3.loss_mask: 1.2827  decode.d3.loss_dice: 1.4403  decode.d4.loss_cls: 0.4342  decode.d4.loss_mask: 1.2627  decode.d4.loss_dice: 1.4348  decode.d5.loss_cls: 0.4276  decode.d5.loss_mask: 1.2636  decode.d5.loss_dice: 1.4497  decode.d6.loss_cls: 0.4641  decode.d6.loss_mask: 1.2790  decode.d6.loss_dice: 1.4244  decode.d7.loss_cls: 0.4131  decode.d7.loss_mask: 1.2647  decode.d7.loss_dice: 1.4302  decode.d8.loss_cls: 0.4279  decode.d8.loss_mask: 1.2747  decode.d8.loss_dice: 1.4377
2026/06/16 00:08:09 - mmengine - INFO - Iter(train) [12300/20000]  base_lr: 4.5437e-05 lr: 4.5437e-05  eta: 2:46:53  time: 1.3027  data_time: 0.0367  memory: 8609  grad_norm: 95.4855  loss: 32.9502  decode.loss_cls: 0.3459  decode.loss_mask: 1.3360  decode.loss_dice: 1.4642  decode.d0.loss_cls: 0.9579  decode.d0.loss_mask: 1.4008  decode.d0.loss_dice: 1.5844  decode.d1.loss_cls: 0.5083  decode.d1.loss_mask: 1.4086  decode.d1.loss_dice: 1.5478  decode.d2.loss_cls: 0.4153  decode.d2.loss_mask: 1.3866  decode.d2.loss_dice: 1.4920  decode.d3.loss_cls: 0.3767  decode.d3.loss_mask: 1.3777  decode.d3.loss_dice: 1.4907  decode.d4.loss_cls: 0.3907  decode.d4.loss_mask: 1.3713  decode.d4.loss_dice: 1.4662  decode.d5.loss_cls: 0.3773  decode.d5.loss_mask: 1.3497  decode.d5.loss_dice: 1.4648  decode.d6.loss_cls: 0.3588  decode.d6.loss_mask: 1.3323  decode.d6.loss_dice: 1.4657  decode.d7.loss_cls: 0.3306  decode.d7.loss_mask: 1.3323  decode.d7.loss_dice: 1.4663  decode.d8.loss_cls: 0.3572  decode.d8.loss_mask: 1.3384  decode.d8.loss_dice: 1.4554
2026/06/16 00:09:13 - mmengine - INFO - Iter(train) [12350/20000]  base_lr: 4.5171e-05 lr: 4.5171e-05  eta: 2:45:48  time: 1.2917  data_time: 0.0337  memory: 8609  grad_norm: 80.9971  loss: 29.6881  decode.loss_cls: 0.3557  decode.loss_mask: 1.1729  decode.loss_dice: 1.2731  decode.d0.loss_cls: 1.0087  decode.d0.loss_mask: 1.2108  decode.d0.loss_dice: 1.4595  decode.d1.loss_cls: 0.7093  decode.d1.loss_mask: 1.1776  decode.d1.loss_dice: 1.3473  decode.d2.loss_cls: 0.5228  decode.d2.loss_mask: 1.1604  decode.d2.loss_dice: 1.2942  decode.d3.loss_cls: 0.4305  decode.d3.loss_mask: 1.1625  decode.d3.loss_dice: 1.2771  decode.d4.loss_cls: 0.4340  decode.d4.loss_mask: 1.1724  decode.d4.loss_dice: 1.2800  decode.d5.loss_cls: 0.3832  decode.d5.loss_mask: 1.1589  decode.d5.loss_dice: 1.2770  decode.d6.loss_cls: 0.3582  decode.d6.loss_mask: 1.1655  decode.d6.loss_dice: 1.2823  decode.d7.loss_cls: 0.3613  decode.d7.loss_mask: 1.1652  decode.d7.loss_dice: 1.2795  decode.d8.loss_cls: 0.3618  decode.d8.loss_mask: 1.1632  decode.d8.loss_dice: 1.2836
2026/06/16 00:10:18 - mmengine - INFO - Iter(train) [12400/20000]  base_lr: 4.4905e-05 lr: 4.4905e-05  eta: 2:44:42  time: 1.2932  data_time: 0.0326  memory: 8609  grad_norm: 97.8380  loss: 28.4237  decode.loss_cls: 0.3192  decode.loss_mask: 1.1101  decode.loss_dice: 1.2657  decode.d0.loss_cls: 0.9364  decode.d0.loss_mask: 1.1488  decode.d0.loss_dice: 1.4402  decode.d1.loss_cls: 0.6010  decode.d1.loss_mask: 1.1273  decode.d1.loss_dice: 1.3452  decode.d2.loss_cls: 0.4229  decode.d2.loss_mask: 1.1148  decode.d2.loss_dice: 1.3200  decode.d3.loss_cls: 0.3695  decode.d3.loss_mask: 1.1111  decode.d3.loss_dice: 1.2849  decode.d4.loss_cls: 0.3239  decode.d4.loss_mask: 1.1085  decode.d4.loss_dice: 1.2805  decode.d5.loss_cls: 0.3391  decode.d5.loss_mask: 1.1099  decode.d5.loss_dice: 1.2751  decode.d6.loss_cls: 0.3141  decode.d6.loss_mask: 1.1126  decode.d6.loss_dice: 1.2690  decode.d7.loss_cls: 0.2971  decode.d7.loss_mask: 1.1102  decode.d7.loss_dice: 1.2761  decode.d8.loss_cls: 0.3246  decode.d8.loss_mask: 1.1007  decode.d8.loss_dice: 1.2653
2026/06/16 00:11:23 - mmengine - INFO - Iter(train) [12450/20000]  base_lr: 4.4639e-05 lr: 4.4639e-05  eta: 2:43:37  time: 1.2935  data_time: 0.0319  memory: 8609  grad_norm: 108.0752  loss: 31.7373  decode.loss_cls: 0.4729  decode.loss_mask: 1.2387  decode.loss_dice: 1.3359  decode.d0.loss_cls: 1.0790  decode.d0.loss_mask: 1.2649  decode.d0.loss_dice: 1.4927  decode.d1.loss_cls: 0.8147  decode.d1.loss_mask: 1.2449  decode.d1.loss_dice: 1.4120  decode.d2.loss_cls: 0.5554  decode.d2.loss_mask: 1.2478  decode.d2.loss_dice: 1.3697  decode.d3.loss_cls: 0.4467  decode.d3.loss_mask: 1.2559  decode.d3.loss_dice: 1.3548  decode.d4.loss_cls: 0.4458  decode.d4.loss_mask: 1.2374  decode.d4.loss_dice: 1.3510  decode.d5.loss_cls: 0.4423  decode.d5.loss_mask: 1.2487  decode.d5.loss_dice: 1.3467  decode.d6.loss_cls: 0.4260  decode.d6.loss_mask: 1.2514  decode.d6.loss_dice: 1.3497  decode.d7.loss_cls: 0.4563  decode.d7.loss_mask: 1.2307  decode.d7.loss_dice: 1.3396  decode.d8.loss_cls: 0.4486  decode.d8.loss_mask: 1.2324  decode.d8.loss_dice: 1.3448
2026/06/16 00:12:27 - mmengine - INFO - Iter(train) [12500/20000]  base_lr: 4.4373e-05 lr: 4.4373e-05  eta: 2:42:32  time: 1.2889  data_time: 0.0306  memory: 8609  grad_norm: 96.9626  loss: 33.4904  decode.loss_cls: 0.4340  decode.loss_mask: 1.2671  decode.loss_dice: 1.5002  decode.d0.loss_cls: 1.0951  decode.d0.loss_mask: 1.3308  decode.d0.loss_dice: 1.6653  decode.d1.loss_cls: 0.6016  decode.d1.loss_mask: 1.3215  decode.d1.loss_dice: 1.6110  decode.d2.loss_cls: 0.5115  decode.d2.loss_mask: 1.2937  decode.d2.loss_dice: 1.5439  decode.d3.loss_cls: 0.4500  decode.d3.loss_mask: 1.2880  decode.d3.loss_dice: 1.5222  decode.d4.loss_cls: 0.4016  decode.d4.loss_mask: 1.2905  decode.d4.loss_dice: 1.5270  decode.d5.loss_cls: 0.4173  decode.d5.loss_mask: 1.2894  decode.d5.loss_dice: 1.5310  decode.d6.loss_cls: 0.4110  decode.d6.loss_mask: 1.2955  decode.d6.loss_dice: 1.5196  decode.d7.loss_cls: 0.3709  decode.d7.loss_mask: 1.2935  decode.d7.loss_dice: 1.5219  decode.d8.loss_cls: 0.4148  decode.d8.loss_mask: 1.2638  decode.d8.loss_dice: 1.5069
2026/06/16 00:13:31 - mmengine - INFO - Iter(train) [12550/20000]  base_lr: 4.4107e-05 lr: 4.4107e-05  eta: 2:41:26  time: 1.2823  data_time: 0.0275  memory: 8609  grad_norm: 88.2371  loss: 29.5009  decode.loss_cls: 0.3328  decode.loss_mask: 1.1559  decode.loss_dice: 1.2875  decode.d0.loss_cls: 1.0589  decode.d0.loss_mask: 1.2082  decode.d0.loss_dice: 1.4712  decode.d1.loss_cls: 0.5819  decode.d1.loss_mask: 1.1932  decode.d1.loss_dice: 1.4097  decode.d2.loss_cls: 0.5043  decode.d2.loss_mask: 1.1566  decode.d2.loss_dice: 1.3284  decode.d3.loss_cls: 0.3718  decode.d3.loss_mask: 1.1519  decode.d3.loss_dice: 1.2960  decode.d4.loss_cls: 0.3624  decode.d4.loss_mask: 1.1652  decode.d4.loss_dice: 1.3028  decode.d5.loss_cls: 0.3728  decode.d5.loss_mask: 1.1581  decode.d5.loss_dice: 1.2862  decode.d6.loss_cls: 0.3242  decode.d6.loss_mask: 1.1641  decode.d6.loss_dice: 1.2962  decode.d7.loss_cls: 0.3281  decode.d7.loss_mask: 1.1557  decode.d7.loss_dice: 1.2978  decode.d8.loss_cls: 0.3271  decode.d8.loss_mask: 1.1571  decode.d8.loss_dice: 1.2948
2026/06/16 00:14:35 - mmengine - INFO - Iter(train) [12600/20000]  base_lr: 4.3840e-05 lr: 4.3840e-05  eta: 2:40:20  time: 1.2734  data_time: 0.0263  memory: 8609  grad_norm: 84.8601  loss: 30.1822  decode.loss_cls: 0.2964  decode.loss_mask: 1.2300  decode.loss_dice: 1.3186  decode.d0.loss_cls: 0.8952  decode.d0.loss_mask: 1.3067  decode.d0.loss_dice: 1.4848  decode.d1.loss_cls: 0.5055  decode.d1.loss_mask: 1.2612  decode.d1.loss_dice: 1.4321  decode.d2.loss_cls: 0.4326  decode.d2.loss_mask: 1.2443  decode.d2.loss_dice: 1.3631  decode.d3.loss_cls: 0.3593  decode.d3.loss_mask: 1.2356  decode.d3.loss_dice: 1.3335  decode.d4.loss_cls: 0.3565  decode.d4.loss_mask: 1.2361  decode.d4.loss_dice: 1.3329  decode.d5.loss_cls: 0.3217  decode.d5.loss_mask: 1.2522  decode.d5.loss_dice: 1.3417  decode.d6.loss_cls: 0.3470  decode.d6.loss_mask: 1.2351  decode.d6.loss_dice: 1.3251  decode.d7.loss_cls: 0.3125  decode.d7.loss_mask: 1.2276  decode.d7.loss_dice: 1.3296  decode.d8.loss_cls: 0.2959  decode.d8.loss_mask: 1.2300  decode.d8.loss_dice: 1.3396
2026/06/16 00:15:39 - mmengine - INFO - Iter(train) [12650/20000]  base_lr: 4.3574e-05 lr: 4.3574e-05  eta: 2:39:15  time: 1.3013  data_time: 0.0316  memory: 8609  grad_norm: 98.8573  loss: 30.7190  decode.loss_cls: 0.3692  decode.loss_mask: 1.2289  decode.loss_dice: 1.3297  decode.d0.loss_cls: 0.9551  decode.d0.loss_mask: 1.3139  decode.d0.loss_dice: 1.4859  decode.d1.loss_cls: 0.5912  decode.d1.loss_mask: 1.2795  decode.d1.loss_dice: 1.4186  decode.d2.loss_cls: 0.4476  decode.d2.loss_mask: 1.2447  decode.d2.loss_dice: 1.3482  decode.d3.loss_cls: 0.4271  decode.d3.loss_mask: 1.2571  decode.d3.loss_dice: 1.3421  decode.d4.loss_cls: 0.3846  decode.d4.loss_mask: 1.2466  decode.d4.loss_dice: 1.3254  decode.d5.loss_cls: 0.3522  decode.d5.loss_mask: 1.2423  decode.d5.loss_dice: 1.3464  decode.d6.loss_cls: 0.3397  decode.d6.loss_mask: 1.2377  decode.d6.loss_dice: 1.3460  decode.d7.loss_cls: 0.3638  decode.d7.loss_mask: 1.2345  decode.d7.loss_dice: 1.3446  decode.d8.loss_cls: 0.3534  decode.d8.loss_mask: 1.2349  decode.d8.loss_dice: 1.3281
2026/06/16 00:16:44 - mmengine - INFO - Iter(train) [12700/20000]  base_lr: 4.3307e-05 lr: 4.3307e-05  eta: 2:38:10  time: 1.2897  data_time: 0.0314  memory: 8609  grad_norm: 97.4823  loss: 31.3436  decode.loss_cls: 0.3871  decode.loss_mask: 1.2824  decode.loss_dice: 1.3336  decode.d0.loss_cls: 0.9947  decode.d0.loss_mask: 1.3478  decode.d0.loss_dice: 1.4783  decode.d1.loss_cls: 0.6369  decode.d1.loss_mask: 1.3183  decode.d1.loss_dice: 1.4237  decode.d2.loss_cls: 0.4636  decode.d2.loss_mask: 1.2783  decode.d2.loss_dice: 1.3609  decode.d3.loss_cls: 0.4138  decode.d3.loss_mask: 1.2771  decode.d3.loss_dice: 1.3448  decode.d4.loss_cls: 0.3917  decode.d4.loss_mask: 1.2825  decode.d4.loss_dice: 1.3457  decode.d5.loss_cls: 0.3742  decode.d5.loss_mask: 1.2734  decode.d5.loss_dice: 1.3610  decode.d6.loss_cls: 0.3798  decode.d6.loss_mask: 1.2822  decode.d6.loss_dice: 1.3403  decode.d7.loss_cls: 0.3760  decode.d7.loss_mask: 1.2793  decode.d7.loss_dice: 1.3441  decode.d8.loss_cls: 0.3467  decode.d8.loss_mask: 1.2783  decode.d8.loss_dice: 1.3472
2026/06/16 00:17:49 - mmengine - INFO - Iter(train) [12750/20000]  base_lr: 4.3040e-05 lr: 4.3040e-05  eta: 2:37:05  time: 1.2880  data_time: 0.0297  memory: 8609  grad_norm: 86.4461  loss: 29.3439  decode.loss_cls: 0.2483  decode.loss_mask: 1.2148  decode.loss_dice: 1.3102  decode.d0.loss_cls: 0.9355  decode.d0.loss_mask: 1.2752  decode.d0.loss_dice: 1.4582  decode.d1.loss_cls: 0.5548  decode.d1.loss_mask: 1.2470  decode.d1.loss_dice: 1.4013  decode.d2.loss_cls: 0.3388  decode.d2.loss_mask: 1.2235  decode.d2.loss_dice: 1.3489  decode.d3.loss_cls: 0.2972  decode.d3.loss_mask: 1.2215  decode.d3.loss_dice: 1.3229  decode.d4.loss_cls: 0.2909  decode.d4.loss_mask: 1.2118  decode.d4.loss_dice: 1.3250  decode.d5.loss_cls: 0.2753  decode.d5.loss_mask: 1.1996  decode.d5.loss_dice: 1.3165  decode.d6.loss_cls: 0.2606  decode.d6.loss_mask: 1.2042  decode.d6.loss_dice: 1.3122  decode.d7.loss_cls: 0.2545  decode.d7.loss_mask: 1.2029  decode.d7.loss_dice: 1.3105  decode.d8.loss_cls: 0.2504  decode.d8.loss_mask: 1.2058  decode.d8.loss_dice: 1.3257
2026/06/16 00:18:53 - mmengine - INFO - Iter(train) [12800/20000]  base_lr: 4.2773e-05 lr: 4.2773e-05  eta: 2:35:59  time: 1.2910  data_time: 0.0332  memory: 8609  grad_norm: 88.3248  loss: 29.0749  decode.loss_cls: 0.3709  decode.loss_mask: 1.1560  decode.loss_dice: 1.2461  decode.d0.loss_cls: 1.1082  decode.d0.loss_mask: 1.2097  decode.d0.loss_dice: 1.3633  decode.d1.loss_cls: 0.6133  decode.d1.loss_mask: 1.1990  decode.d1.loss_dice: 1.3135  decode.d2.loss_cls: 0.4284  decode.d2.loss_mask: 1.1771  decode.d2.loss_dice: 1.2576  decode.d3.loss_cls: 0.3909  decode.d3.loss_mask: 1.1670  decode.d3.loss_dice: 1.2264  decode.d4.loss_cls: 0.3711  decode.d4.loss_mask: 1.1603  decode.d4.loss_dice: 1.2451  decode.d5.loss_cls: 0.3530  decode.d5.loss_mask: 1.1622  decode.d5.loss_dice: 1.2459  decode.d6.loss_cls: 0.3797  decode.d6.loss_mask: 1.1636  decode.d6.loss_dice: 1.2378  decode.d7.loss_cls: 0.3850  decode.d7.loss_mask: 1.1569  decode.d7.loss_dice: 1.2287  decode.d8.loss_cls: 0.3794  decode.d8.loss_mask: 1.1523  decode.d8.loss_dice: 1.2266
2026/06/16 00:19:58 - mmengine - INFO - Iter(train) [12850/20000]  base_lr: 4.2505e-05 lr: 4.2505e-05  eta: 2:34:54  time: 1.2834  data_time: 0.0291  memory: 8609  grad_norm: 97.1676  loss: 28.9420  decode.loss_cls: 0.2501  decode.loss_mask: 1.1484  decode.loss_dice: 1.3345  decode.d0.loss_cls: 0.8643  decode.d0.loss_mask: 1.2138  decode.d0.loss_dice: 1.4857  decode.d1.loss_cls: 0.5458  decode.d1.loss_mask: 1.1765  decode.d1.loss_dice: 1.4266  decode.d2.loss_cls: 0.3631  decode.d2.loss_mask: 1.1631  decode.d2.loss_dice: 1.3619  decode.d3.loss_cls: 0.3116  decode.d3.loss_mask: 1.1518  decode.d3.loss_dice: 1.3311  decode.d4.loss_cls: 0.3140  decode.d4.loss_mask: 1.1508  decode.d4.loss_dice: 1.3445  decode.d5.loss_cls: 0.2727  decode.d5.loss_mask: 1.1567  decode.d5.loss_dice: 1.3330  decode.d6.loss_cls: 0.2840  decode.d6.loss_mask: 1.1478  decode.d6.loss_dice: 1.3245  decode.d7.loss_cls: 0.2514  decode.d7.loss_mask: 1.1527  decode.d7.loss_dice: 1.3436  decode.d8.loss_cls: 0.2463  decode.d8.loss_mask: 1.1491  decode.d8.loss_dice: 1.3424
2026/06/16 00:21:02 - mmengine - INFO - Iter(train) [12900/20000]  base_lr: 4.2238e-05 lr: 4.2238e-05  eta: 2:33:49  time: 1.2989  data_time: 0.0335  memory: 8609  grad_norm: 92.3520  loss: 30.8636  decode.loss_cls: 0.3328  decode.loss_mask: 1.2559  decode.loss_dice: 1.3497  decode.d0.loss_cls: 0.9209  decode.d0.loss_mask: 1.2771  decode.d0.loss_dice: 1.4503  decode.d1.loss_cls: 0.5891  decode.d1.loss_mask: 1.2676  decode.d1.loss_dice: 1.3996  decode.d2.loss_cls: 0.5227  decode.d2.loss_mask: 1.2484  decode.d2.loss_dice: 1.3583  decode.d3.loss_cls: 0.4510  decode.d3.loss_mask: 1.2483  decode.d3.loss_dice: 1.3448  decode.d4.loss_cls: 0.3967  decode.d4.loss_mask: 1.2537  decode.d4.loss_dice: 1.3660  decode.d5.loss_cls: 0.3888  decode.d5.loss_mask: 1.2452  decode.d5.loss_dice: 1.3517  decode.d6.loss_cls: 0.3495  decode.d6.loss_mask: 1.2489  decode.d6.loss_dice: 1.3586  decode.d7.loss_cls: 0.3368  decode.d7.loss_mask: 1.2515  decode.d7.loss_dice: 1.3557  decode.d8.loss_cls: 0.3362  decode.d8.loss_mask: 1.2515  decode.d8.loss_dice: 1.3563
2026/06/16 00:22:07 - mmengine - INFO - Iter(train) [12950/20000]  base_lr: 4.1970e-05 lr: 4.1970e-05  eta: 2:32:44  time: 1.2919  data_time: 0.0327  memory: 8609  grad_norm: 79.2461  loss: 29.1958  decode.loss_cls: 0.2900  decode.loss_mask: 1.1751  decode.loss_dice: 1.2765  decode.d0.loss_cls: 0.9337  decode.d0.loss_mask: 1.2421  decode.d0.loss_dice: 1.4848  decode.d1.loss_cls: 0.6102  decode.d1.loss_mask: 1.2072  decode.d1.loss_dice: 1.3600  decode.d2.loss_cls: 0.4304  decode.d2.loss_mask: 1.1847  decode.d2.loss_dice: 1.3090  decode.d3.loss_cls: 0.3638  decode.d3.loss_mask: 1.1726  decode.d3.loss_dice: 1.2919  decode.d4.loss_cls: 0.3510  decode.d4.loss_mask: 1.1732  decode.d4.loss_dice: 1.2888  decode.d5.loss_cls: 0.3199  decode.d5.loss_mask: 1.1674  decode.d5.loss_dice: 1.2964  decode.d6.loss_cls: 0.3072  decode.d6.loss_mask: 1.1698  decode.d6.loss_dice: 1.2825  decode.d7.loss_cls: 0.2995  decode.d7.loss_mask: 1.1708  decode.d7.loss_dice: 1.2803  decode.d8.loss_cls: 0.2951  decode.d8.loss_mask: 1.1744  decode.d8.loss_dice: 1.2876
2026/06/16 00:23:12 - mmengine - INFO - Exp name: dinov3l_m2f_pastis_temporal_v1_20260615_192803
2026/06/16 00:23:12 - mmengine - INFO - Iter(train) [13000/20000]  base_lr: 4.1702e-05 lr: 4.1702e-05  eta: 2:31:39  time: 1.2877  data_time: 0.0320  memory: 8609  grad_norm: 88.9909  loss: 29.5326  decode.loss_cls: 0.3816  decode.loss_mask: 1.1333  decode.loss_dice: 1.2598  decode.d0.loss_cls: 1.0953  decode.d0.loss_mask: 1.1575  decode.d0.loss_dice: 1.4151  decode.d1.loss_cls: 0.6841  decode.d1.loss_mask: 1.1733  decode.d1.loss_dice: 1.3305  decode.d2.loss_cls: 0.4985  decode.d2.loss_mask: 1.1445  decode.d2.loss_dice: 1.2800  decode.d3.loss_cls: 0.4625  decode.d3.loss_mask: 1.1377  decode.d3.loss_dice: 1.2715  decode.d4.loss_cls: 0.4324  decode.d4.loss_mask: 1.1431  decode.d4.loss_dice: 1.2781  decode.d5.loss_cls: 0.4603  decode.d5.loss_mask: 1.1292  decode.d5.loss_dice: 1.2760  decode.d6.loss_cls: 0.4036  decode.d6.loss_mask: 1.1304  decode.d6.loss_dice: 1.2650  decode.d7.loss_cls: 0.3814  decode.d7.loss_mask: 1.1300  decode.d7.loss_dice: 1.2730  decode.d8.loss_cls: 0.4053  decode.d8.loss_mask: 1.1296  decode.d8.loss_dice: 1.2698
2026/06/16 00:23:38 - mmengine - INFO - Iter(val) [ 50/121]    eta: 0:00:37  time: 0.5117  data_time: 0.0220  memory: 6109  
2026/06/16 00:24:04 - mmengine - INFO - Iter(val) [100/121]    eta: 0:00:10  time: 0.5134  data_time: 0.0222  memory: 6109  
2026/06/16 00:24:14 - mmengine - INFO - per class results:
2026/06/16 00:24:14 - mmengine - INFO - 
+---------+-------+-------+
|  Class  |  IoU  |  Acc  |
+---------+-------+-------+
|  crop_1 | 73.73 | 84.83 |
|  crop_2 | 62.36 | 75.62 |
|  crop_3 |  75.9 | 84.75 |
|  crop_4 | 80.81 | 90.07 |
|  crop_5 | 68.91 | 80.53 |
|  crop_6 | 86.01 | 92.96 |
|  crop_7 |  33.1 | 55.53 |
|  crop_8 | 48.37 | 64.33 |
|  crop_9 | 44.32 | 56.22 |
| crop_10 | 82.07 | 89.84 |
| crop_11 | 27.81 | 50.02 |
| crop_12 | 46.33 | 65.67 |
| crop_13 | 29.12 |  53.7 |
| crop_14 | 29.51 | 46.49 |
| crop_15 |  26.5 | 47.23 |
| crop_16 | 59.26 | 73.25 |
| crop_17 | 35.42 |  46.7 |
| crop_18 | 24.11 | 42.95 |
| crop_19 | 13.79 | 29.67 |
+---------+-------+-------+
2026/06/16 00:24:14 - mmengine - INFO - Iter(val) [121/121]    aAcc: 79.7600  mIoU: 49.8700  mAcc: 64.7600  data_time: 0.0262  time: 0.5138
2026/06/16 00:25:19 - mmengine - INFO - Iter(train) [13050/20000]  base_lr: 4.1434e-05 lr: 4.1434e-05  eta: 2:30:33  time: 1.2941  data_time: 0.0334  memory: 8609  grad_norm: 100.5760  loss: 31.9739  decode.loss_cls: 0.3749  decode.loss_mask: 1.2248  decode.loss_dice: 1.4421  decode.d0.loss_cls: 1.0389  decode.d0.loss_mask: 1.2868  decode.d0.loss_dice: 1.5753  decode.d1.loss_cls: 0.5936  decode.d1.loss_mask: 1.2623  decode.d1.loss_dice: 1.5292  decode.d2.loss_cls: 0.4427  decode.d2.loss_mask: 1.2329  decode.d2.loss_dice: 1.4813  decode.d3.loss_cls: 0.4455  decode.d3.loss_mask: 1.2304  decode.d3.loss_dice: 1.4403  decode.d4.loss_cls: 0.4185  decode.d4.loss_mask: 1.2319  decode.d4.loss_dice: 1.4414  decode.d5.loss_cls: 0.3893  decode.d5.loss_mask: 1.2353  decode.d5.loss_dice: 1.4624  decode.d6.loss_cls: 0.3911  decode.d6.loss_mask: 1.2351  decode.d6.loss_dice: 1.4541  decode.d7.loss_cls: 0.3856  decode.d7.loss_mask: 1.2244  decode.d7.loss_dice: 1.4499  decode.d8.loss_cls: 0.3795  decode.d8.loss_mask: 1.2287  decode.d8.loss_dice: 1.4458
2026/06/16 00:26:24 - mmengine - INFO - Iter(train) [13100/20000]  base_lr: 4.1165e-05 lr: 4.1165e-05  eta: 2:29:28  time: 1.2942  data_time: 0.0327  memory: 8609  grad_norm: 94.1563  loss: 28.8220  decode.loss_cls: 0.3104  decode.loss_mask: 1.1505  decode.loss_dice: 1.2891  decode.d0.loss_cls: 0.9402  decode.d0.loss_mask: 1.1898  decode.d0.loss_dice: 1.3948  decode.d1.loss_cls: 0.5985  decode.d1.loss_mask: 1.1701  decode.d1.loss_dice: 1.3572  decode.d2.loss_cls: 0.4775  decode.d2.loss_mask: 1.1640  decode.d2.loss_dice: 1.3169  decode.d3.loss_cls: 0.3509  decode.d3.loss_mask: 1.1549  decode.d3.loss_dice: 1.2817  decode.d4.loss_cls: 0.3140  decode.d4.loss_mask: 1.1488  decode.d4.loss_dice: 1.2877  decode.d5.loss_cls: 0.3364  decode.d5.loss_mask: 1.1466  decode.d5.loss_dice: 1.2651  decode.d6.loss_cls: 0.3094  decode.d6.loss_mask: 1.1484  decode.d6.loss_dice: 1.2586  decode.d7.loss_cls: 0.2812  decode.d7.loss_mask: 1.1442  decode.d7.loss_dice: 1.2775  decode.d8.loss_cls: 0.3193  decode.d8.loss_mask: 1.1480  decode.d8.loss_dice: 1.2902
2026/06/16 00:27:28 - mmengine - INFO - Iter(train) [13150/20000]  base_lr: 4.0897e-05 lr: 4.0897e-05  eta: 2:28:23  time: 1.2847  data_time: 0.0314  memory: 8609  grad_norm: 99.7818  loss: 30.5945  decode.loss_cls: 0.3697  decode.loss_mask: 1.1853  decode.loss_dice: 1.3308  decode.d0.loss_cls: 0.9864  decode.d0.loss_mask: 1.2664  decode.d0.loss_dice: 1.5252  decode.d1.loss_cls: 0.5992  decode.d1.loss_mask: 1.2441  decode.d1.loss_dice: 1.4586  decode.d2.loss_cls: 0.4170  decode.d2.loss_mask: 1.2252  decode.d2.loss_dice: 1.4199  decode.d3.loss_cls: 0.4161  decode.d3.loss_mask: 1.1906  decode.d3.loss_dice: 1.3669  decode.d4.loss_cls: 0.4071  decode.d4.loss_mask: 1.1839  decode.d4.loss_dice: 1.3555  decode.d5.loss_cls: 0.4002  decode.d5.loss_mask: 1.1748  decode.d5.loss_dice: 1.3602  decode.d6.loss_cls: 0.3688  decode.d6.loss_mask: 1.1771  decode.d6.loss_dice: 1.3418  decode.d7.loss_cls: 0.3776  decode.d7.loss_mask: 1.1943  decode.d7.loss_dice: 1.3488  decode.d8.loss_cls: 0.3754  decode.d8.loss_mask: 1.1871  decode.d8.loss_dice: 1.3406
2026/06/16 00:28:32 - mmengine - INFO - Iter(train) [13200/20000]  base_lr: 4.0628e-05 lr: 4.0628e-05  eta: 2:27:18  time: 1.2816  data_time: 0.0300  memory: 8609  grad_norm: 84.6910  loss: 28.6364  decode.loss_cls: 0.2581  decode.loss_mask: 1.1875  decode.loss_dice: 1.2482  decode.d0.loss_cls: 0.9229  decode.d0.loss_mask: 1.2351  decode.d0.loss_dice: 1.3962  decode.d1.loss_cls: 0.5471  decode.d1.loss_mask: 1.2219  decode.d1.loss_dice: 1.3460  decode.d2.loss_cls: 0.3788  decode.d2.loss_mask: 1.1929  decode.d2.loss_dice: 1.2952  decode.d3.loss_cls: 0.3162  decode.d3.loss_mask: 1.1846  decode.d3.loss_dice: 1.2601  decode.d4.loss_cls: 0.2920  decode.d4.loss_mask: 1.1805  decode.d4.loss_dice: 1.2649  decode.d5.loss_cls: 0.3026  decode.d5.loss_mask: 1.1868  decode.d5.loss_dice: 1.2700  decode.d6.loss_cls: 0.2913  decode.d6.loss_mask: 1.1864  decode.d6.loss_dice: 1.2616  decode.d7.loss_cls: 0.2561  decode.d7.loss_mask: 1.1871  decode.d7.loss_dice: 1.2590  decode.d8.loss_cls: 0.2605  decode.d8.loss_mask: 1.1865  decode.d8.loss_dice: 1.2605
2026/06/16 00:29:37 - mmengine - INFO - Iter(train) [13250/20000]  base_lr: 4.0359e-05 lr: 4.0359e-05  eta: 2:26:12  time: 1.2858  data_time: 0.0313  memory: 8609  grad_norm: 98.7663  loss: 30.4962  decode.loss_cls: 0.2889  decode.loss_mask: 1.2244  decode.loss_dice: 1.3490  decode.d0.loss_cls: 1.0957  decode.d0.loss_mask: 1.2674  decode.d0.loss_dice: 1.4863  decode.d1.loss_cls: 0.6238  decode.d1.loss_mask: 1.2528  decode.d1.loss_dice: 1.4334  decode.d2.loss_cls: 0.4066  decode.d2.loss_mask: 1.2226  decode.d2.loss_dice: 1.4040  decode.d3.loss_cls: 0.3593  decode.d3.loss_mask: 1.2155  decode.d3.loss_dice: 1.3565  decode.d4.loss_cls: 0.3654  decode.d4.loss_mask: 1.2180  decode.d4.loss_dice: 1.3608  decode.d5.loss_cls: 0.3454  decode.d5.loss_mask: 1.2134  decode.d5.loss_dice: 1.3669  decode.d6.loss_cls: 0.3384  decode.d6.loss_mask: 1.2123  decode.d6.loss_dice: 1.3524  decode.d7.loss_cls: 0.3070  decode.d7.loss_mask: 1.2103  decode.d7.loss_dice: 1.3536  decode.d8.loss_cls: 0.3180  decode.d8.loss_mask: 1.2077  decode.d8.loss_dice: 1.3404
2026/06/16 00:30:41 - mmengine - INFO - Iter(train) [13300/20000]  base_lr: 4.0090e-05 lr: 4.0090e-05  eta: 2:25:07  time: 1.2831  data_time: 0.0304  memory: 8609  grad_norm: 103.2317  loss: 31.1541  decode.loss_cls: 0.3870  decode.loss_mask: 1.2254  decode.loss_dice: 1.3621  decode.d0.loss_cls: 0.9912  decode.d0.loss_mask: 1.2876  decode.d0.loss_dice: 1.6027  decode.d1.loss_cls: 0.6590  decode.d1.loss_mask: 1.2419  decode.d1.loss_dice: 1.4665  decode.d2.loss_cls: 0.4550  decode.d2.loss_mask: 1.2201  decode.d2.loss_dice: 1.4098  decode.d3.loss_cls: 0.4079  decode.d3.loss_mask: 1.2044  decode.d3.loss_dice: 1.3639  decode.d4.loss_cls: 0.3853  decode.d4.loss_mask: 1.2064  decode.d4.loss_dice: 1.3815  decode.d5.loss_cls: 0.3810  decode.d5.loss_mask: 1.2215  decode.d5.loss_dice: 1.3858  decode.d6.loss_cls: 0.4044  decode.d6.loss_mask: 1.2160  decode.d6.loss_dice: 1.3487  decode.d7.loss_cls: 0.3834  decode.d7.loss_mask: 1.2170  decode.d7.loss_dice: 1.3798  decode.d8.loss_cls: 0.3881  decode.d8.loss_mask: 1.2103  decode.d8.loss_dice: 1.3604
2026/06/16 00:31:46 - mmengine - INFO - Iter(train) [13350/20000]  base_lr: 3.9820e-05 lr: 3.9820e-05  eta: 2:24:02  time: 1.3001  data_time: 0.0340  memory: 8609  grad_norm: 97.8369  loss: 29.4581  decode.loss_cls: 0.3143  decode.loss_mask: 1.1318  decode.loss_dice: 1.3395  decode.d0.loss_cls: 1.0204  decode.d0.loss_mask: 1.1928  decode.d0.loss_dice: 1.4911  decode.d1.loss_cls: 0.5772  decode.d1.loss_mask: 1.1734  decode.d1.loss_dice: 1.4180  decode.d2.loss_cls: 0.4140  decode.d2.loss_mask: 1.1465  decode.d2.loss_dice: 1.3762  decode.d3.loss_cls: 0.3960  decode.d3.loss_mask: 1.1261  decode.d3.loss_dice: 1.3317  decode.d4.loss_cls: 0.3685  decode.d4.loss_mask: 1.1216  decode.d4.loss_dice: 1.3412  decode.d5.loss_cls: 0.3370  decode.d5.loss_mask: 1.1266  decode.d5.loss_dice: 1.3487  decode.d6.loss_cls: 0.3219  decode.d6.loss_mask: 1.1239  decode.d6.loss_dice: 1.3363  decode.d7.loss_cls: 0.3420  decode.d7.loss_mask: 1.1296  decode.d7.loss_dice: 1.3265  decode.d8.loss_cls: 0.3204  decode.d8.loss_mask: 1.1293  decode.d8.loss_dice: 1.3356
2026/06/16 00:32:51 - mmengine - INFO - Iter(train) [13400/20000]  base_lr: 3.9551e-05 lr: 3.9551e-05  eta: 2:22:57  time: 1.2912  data_time: 0.0322  memory: 8609  grad_norm: 89.9298  loss: 30.6484  decode.loss_cls: 0.2494  decode.loss_mask: 1.2554  decode.loss_dice: 1.4390  decode.d0.loss_cls: 0.8796  decode.d0.loss_mask: 1.2900  decode.d0.loss_dice: 1.5694  decode.d1.loss_cls: 0.4566  decode.d1.loss_mask: 1.2728  decode.d1.loss_dice: 1.5040  decode.d2.loss_cls: 0.3160  decode.d2.loss_mask: 1.2503  decode.d2.loss_dice: 1.4551  decode.d3.loss_cls: 0.2849  decode.d3.loss_mask: 1.2352  decode.d3.loss_dice: 1.4344  decode.d4.loss_cls: 0.3049  decode.d4.loss_mask: 1.2385  decode.d4.loss_dice: 1.4358  decode.d5.loss_cls: 0.3017  decode.d5.loss_mask: 1.2396  decode.d5.loss_dice: 1.4311  decode.d6.loss_cls: 0.2657  decode.d6.loss_mask: 1.2437  decode.d6.loss_dice: 1.4301  decode.d7.loss_cls: 0.2555  decode.d7.loss_mask: 1.2424  decode.d7.loss_dice: 1.4342  decode.d8.loss_cls: 0.2518  decode.d8.loss_mask: 1.2488  decode.d8.loss_dice: 1.4325
2026/06/16 00:33:56 - mmengine - INFO - Iter(train) [13450/20000]  base_lr: 3.9281e-05 lr: 3.9281e-05  eta: 2:21:52  time: 1.2908  data_time: 0.0324  memory: 8609  grad_norm: 97.8913  loss: 32.1893  decode.loss_cls: 0.4018  decode.loss_mask: 1.1562  decode.loss_dice: 1.4556  decode.d0.loss_cls: 1.1304  decode.d0.loss_mask: 1.2236  decode.d0.loss_dice: 1.6104  decode.d1.loss_cls: 0.7016  decode.d1.loss_mask: 1.1958  decode.d1.loss_dice: 1.5581  decode.d2.loss_cls: 0.5646  decode.d2.loss_mask: 1.1912  decode.d2.loss_dice: 1.4919  decode.d3.loss_cls: 0.4627  decode.d3.loss_mask: 1.1840  decode.d3.loss_dice: 1.4749  decode.d4.loss_cls: 0.4694  decode.d4.loss_mask: 1.1779  decode.d4.loss_dice: 1.4548  decode.d5.loss_cls: 0.4387  decode.d5.loss_mask: 1.1874  decode.d5.loss_dice: 1.4773  decode.d6.loss_cls: 0.4419  decode.d6.loss_mask: 1.1887  decode.d6.loss_dice: 1.4650  decode.d7.loss_cls: 0.4194  decode.d7.loss_mask: 1.1750  decode.d7.loss_dice: 1.4547  decode.d8.loss_cls: 0.4108  decode.d8.loss_mask: 1.1644  decode.d8.loss_dice: 1.4610
2026/06/16 00:35:00 - mmengine - INFO - Iter(train) [13500/20000]  base_lr: 3.9011e-05 lr: 3.9011e-05  eta: 2:20:47  time: 1.2955  data_time: 0.0328  memory: 8609  grad_norm: 95.7247  loss: 30.9475  decode.loss_cls: 0.3394  decode.loss_mask: 1.2068  decode.loss_dice: 1.4112  decode.d0.loss_cls: 1.0480  decode.d0.loss_mask: 1.2703  decode.d0.loss_dice: 1.5407  decode.d1.loss_cls: 0.5937  decode.d1.loss_mask: 1.2412  decode.d1.loss_dice: 1.4929  decode.d2.loss_cls: 0.4399  decode.d2.loss_mask: 1.2237  decode.d2.loss_dice: 1.4348  decode.d3.loss_cls: 0.3778  decode.d3.loss_mask: 1.2100  decode.d3.loss_dice: 1.4012  decode.d4.loss_cls: 0.3447  decode.d4.loss_mask: 1.2056  decode.d4.loss_dice: 1.4027  decode.d5.loss_cls: 0.3263  decode.d5.loss_mask: 1.1985  decode.d5.loss_dice: 1.4174  decode.d6.loss_cls: 0.3287  decode.d6.loss_mask: 1.2037  decode.d6.loss_dice: 1.4028  decode.d7.loss_cls: 0.3205  decode.d7.loss_mask: 1.1976  decode.d7.loss_dice: 1.4139  decode.d8.loss_cls: 0.3312  decode.d8.loss_mask: 1.2072  decode.d8.loss_dice: 1.4152
2026/06/16 00:36:05 - mmengine - INFO - Iter(train) [13550/20000]  base_lr: 3.8741e-05 lr: 3.8741e-05  eta: 2:19:42  time: 1.2947  data_time: 0.0325  memory: 8609  grad_norm: 98.7648  loss: 29.2190  decode.loss_cls: 0.2370  decode.loss_mask: 1.1897  decode.loss_dice: 1.2853  decode.d0.loss_cls: 1.0488  decode.d0.loss_mask: 1.2657  decode.d0.loss_dice: 1.4572  decode.d1.loss_cls: 0.5647  decode.d1.loss_mask: 1.2186  decode.d1.loss_dice: 1.3706  decode.d2.loss_cls: 0.4089  decode.d2.loss_mask: 1.2256  decode.d2.loss_dice: 1.3161  decode.d3.loss_cls: 0.3073  decode.d3.loss_mask: 1.2175  decode.d3.loss_dice: 1.3077  decode.d4.loss_cls: 0.2962  decode.d4.loss_mask: 1.2106  decode.d4.loss_dice: 1.2944  decode.d5.loss_cls: 0.2786  decode.d5.loss_mask: 1.2095  decode.d5.loss_dice: 1.2979  decode.d6.loss_cls: 0.2633  decode.d6.loss_mask: 1.2089  decode.d6.loss_dice: 1.2805  decode.d7.loss_cls: 0.2442  decode.d7.loss_mask: 1.2082  decode.d7.loss_dice: 1.2844  decode.d8.loss_cls: 0.2370  decode.d8.loss_mask: 1.2005  decode.d8.loss_dice: 1.2843
2026/06/16 00:37:10 - mmengine - INFO - Iter(train) [13600/20000]  base_lr: 3.8471e-05 lr: 3.8471e-05  eta: 2:18:37  time: 1.2901  data_time: 0.0309  memory: 8609  grad_norm: 85.8292  loss: 29.0737  decode.loss_cls: 0.2590  decode.loss_mask: 1.2825  decode.loss_dice: 1.2409  decode.d0.loss_cls: 0.8436  decode.d0.loss_mask: 1.3451  decode.d0.loss_dice: 1.3701  decode.d1.loss_cls: 0.4453  decode.d1.loss_mask: 1.3174  decode.d1.loss_dice: 1.3163  decode.d2.loss_cls: 0.3058  decode.d2.loss_mask: 1.2893  decode.d2.loss_dice: 1.2909  decode.d3.loss_cls: 0.2911  decode.d3.loss_mask: 1.2762  decode.d3.loss_dice: 1.2608  decode.d4.loss_cls: 0.2577  decode.d4.loss_mask: 1.2873  decode.d4.loss_dice: 1.2645  decode.d5.loss_cls: 0.2137  decode.d5.loss_mask: 1.2972  decode.d5.loss_dice: 1.2813  decode.d6.loss_cls: 0.2126  decode.d6.loss_mask: 1.2968  decode.d6.loss_dice: 1.2723  decode.d7.loss_cls: 0.2170  decode.d7.loss_mask: 1.2888  decode.d7.loss_dice: 1.2681  decode.d8.loss_cls: 0.2306  decode.d8.loss_mask: 1.2874  decode.d8.loss_dice: 1.2642
2026/06/16 00:38:14 - mmengine - INFO - Iter(train) [13650/20000]  base_lr: 3.8200e-05 lr: 3.8200e-05  eta: 2:17:31  time: 1.2875  data_time: 0.0315  memory: 8609  grad_norm: 79.8793  loss: 28.4434  decode.loss_cls: 0.2921  decode.loss_mask: 1.1148  decode.loss_dice: 1.3140  decode.d0.loss_cls: 0.8207  decode.d0.loss_mask: 1.1868  decode.d0.loss_dice: 1.4770  decode.d1.loss_cls: 0.4162  decode.d1.loss_mask: 1.1494  decode.d1.loss_dice: 1.4055  decode.d2.loss_cls: 0.3849  decode.d2.loss_mask: 1.1309  decode.d2.loss_dice: 1.3451  decode.d3.loss_cls: 0.3005  decode.d3.loss_mask: 1.1362  decode.d3.loss_dice: 1.3304  decode.d4.loss_cls: 0.2803  decode.d4.loss_mask: 1.1327  decode.d4.loss_dice: 1.3300  decode.d5.loss_cls: 0.2869  decode.d5.loss_mask: 1.1301  decode.d5.loss_dice: 1.3289  decode.d6.loss_cls: 0.2660  decode.d6.loss_mask: 1.1296  decode.d6.loss_dice: 1.3171  decode.d7.loss_cls: 0.2919  decode.d7.loss_mask: 1.1218  decode.d7.loss_dice: 1.3070  decode.d8.loss_cls: 0.2783  decode.d8.loss_mask: 1.1212  decode.d8.loss_dice: 1.3172
2026/06/16 00:39:19 - mmengine - INFO - Iter(train) [13700/20000]  base_lr: 3.7929e-05 lr: 3.7929e-05  eta: 2:16:26  time: 1.2925  data_time: 0.0320  memory: 8609  grad_norm: 106.4538  loss: 31.9039  decode.loss_cls: 0.2914  decode.loss_mask: 1.3526  decode.loss_dice: 1.4273  decode.d0.loss_cls: 0.9283  decode.d0.loss_mask: 1.4064  decode.d0.loss_dice: 1.5094  decode.d1.loss_cls: 0.5038  decode.d1.loss_mask: 1.3658  decode.d1.loss_dice: 1.4772  decode.d2.loss_cls: 0.3882  decode.d2.loss_mask: 1.3435  decode.d2.loss_dice: 1.4366  decode.d3.loss_cls: 0.3034  decode.d3.loss_mask: 1.3488  decode.d3.loss_dice: 1.4388  decode.d4.loss_cls: 0.3081  decode.d4.loss_mask: 1.3385  decode.d4.loss_dice: 1.4329  decode.d5.loss_cls: 0.3160  decode.d5.loss_mask: 1.3475  decode.d5.loss_dice: 1.4266  decode.d6.loss_cls: 0.2851  decode.d6.loss_mask: 1.3600  decode.d6.loss_dice: 1.4337  decode.d7.loss_cls: 0.2647  decode.d7.loss_mask: 1.3599  decode.d7.loss_dice: 1.4396  decode.d8.loss_cls: 0.2713  decode.d8.loss_mask: 1.3594  decode.d8.loss_dice: 1.4392
2026/06/16 00:40:24 - mmengine - INFO - Iter(train) [13750/20000]  base_lr: 3.7658e-05 lr: 3.7658e-05  eta: 2:15:21  time: 1.2955  data_time: 0.0329  memory: 8609  grad_norm: 102.6848  loss: 31.5061  decode.loss_cls: 0.3653  decode.loss_mask: 1.2662  decode.loss_dice: 1.3876  decode.d0.loss_cls: 1.0644  decode.d0.loss_mask: 1.3460  decode.d0.loss_dice: 1.5328  decode.d1.loss_cls: 0.6326  decode.d1.loss_mask: 1.3077  decode.d1.loss_dice: 1.4625  decode.d2.loss_cls: 0.4086  decode.d2.loss_mask: 1.2943  decode.d2.loss_dice: 1.4151  decode.d3.loss_cls: 0.3741  decode.d3.loss_mask: 1.2886  decode.d3.loss_dice: 1.3776  decode.d4.loss_cls: 0.3345  decode.d4.loss_mask: 1.2769  decode.d4.loss_dice: 1.3768  decode.d5.loss_cls: 0.3662  decode.d5.loss_mask: 1.2765  decode.d5.loss_dice: 1.3902  decode.d6.loss_cls: 0.3401  decode.d6.loss_mask: 1.2706  decode.d6.loss_dice: 1.3907  decode.d7.loss_cls: 0.3191  decode.d7.loss_mask: 1.2674  decode.d7.loss_dice: 1.3851  decode.d8.loss_cls: 0.3151  decode.d8.loss_mask: 1.2673  decode.d8.loss_dice: 1.4059
2026/06/16 00:41:28 - mmengine - INFO - Iter(train) [13800/20000]  base_lr: 3.7387e-05 lr: 3.7387e-05  eta: 2:14:16  time: 1.2836  data_time: 0.0309  memory: 8609  grad_norm: 99.4372  loss: 29.5369  decode.loss_cls: 0.2790  decode.loss_mask: 1.2339  decode.loss_dice: 1.2745  decode.d0.loss_cls: 0.9636  decode.d0.loss_mask: 1.2843  decode.d0.loss_dice: 1.3916  decode.d1.loss_cls: 0.5274  decode.d1.loss_mask: 1.2643  decode.d1.loss_dice: 1.3575  decode.d2.loss_cls: 0.3852  decode.d2.loss_mask: 1.2388  decode.d2.loss_dice: 1.3135  decode.d3.loss_cls: 0.3791  decode.d3.loss_mask: 1.2296  decode.d3.loss_dice: 1.2910  decode.d4.loss_cls: 0.3069  decode.d4.loss_mask: 1.2415  decode.d4.loss_dice: 1.2924  decode.d5.loss_cls: 0.2877  decode.d5.loss_mask: 1.2339  decode.d5.loss_dice: 1.3026  decode.d6.loss_cls: 0.2919  decode.d6.loss_mask: 1.2424  decode.d6.loss_dice: 1.2894  decode.d7.loss_cls: 0.2841  decode.d7.loss_mask: 1.2396  decode.d7.loss_dice: 1.2996  decode.d8.loss_cls: 0.2858  decode.d8.loss_mask: 1.2354  decode.d8.loss_dice: 1.2904
2026/06/16 00:42:33 - mmengine - INFO - Iter(train) [13850/20000]  base_lr: 3.7115e-05 lr: 3.7115e-05  eta: 2:13:11  time: 1.2896  data_time: 0.0341  memory: 8609  grad_norm: 91.5240  loss: 28.4496  decode.loss_cls: 0.2286  decode.loss_mask: 1.1411  decode.loss_dice: 1.3084  decode.d0.loss_cls: 0.9805  decode.d0.loss_mask: 1.1976  decode.d0.loss_dice: 1.4521  decode.d1.loss_cls: 0.5086  decode.d1.loss_mask: 1.1774  decode.d1.loss_dice: 1.3651  decode.d2.loss_cls: 0.4074  decode.d2.loss_mask: 1.1355  decode.d2.loss_dice: 1.3078  decode.d3.loss_cls: 0.2816  decode.d3.loss_mask: 1.1451  decode.d3.loss_dice: 1.3002  decode.d4.loss_cls: 0.2628  decode.d4.loss_mask: 1.1453  decode.d4.loss_dice: 1.3090  decode.d5.loss_cls: 0.2602  decode.d5.loss_mask: 1.1471  decode.d5.loss_dice: 1.3072  decode.d6.loss_cls: 0.2553  decode.d6.loss_mask: 1.1480  decode.d6.loss_dice: 1.3067  decode.d7.loss_cls: 0.2471  decode.d7.loss_mask: 1.1411  decode.d7.loss_dice: 1.3096  decode.d8.loss_cls: 0.2548  decode.d8.loss_mask: 1.1296  decode.d8.loss_dice: 1.2889
2026/06/16 00:43:37 - mmengine - INFO - Iter(train) [13900/20000]  base_lr: 3.6844e-05 lr: 3.6844e-05  eta: 2:12:06  time: 1.3041  data_time: 0.0333  memory: 8609  grad_norm: 96.5083  loss: 29.7018  decode.loss_cls: 0.3003  decode.loss_mask: 1.1665  decode.loss_dice: 1.2952  decode.d0.loss_cls: 0.9851  decode.d0.loss_mask: 1.2503  decode.d0.loss_dice: 1.4905  decode.d1.loss_cls: 0.6154  decode.d1.loss_mask: 1.2347  decode.d1.loss_dice: 1.4029  decode.d2.loss_cls: 0.5106  decode.d2.loss_mask: 1.2095  decode.d2.loss_dice: 1.3158  decode.d3.loss_cls: 0.3891  decode.d3.loss_mask: 1.2001  decode.d3.loss_dice: 1.3170  decode.d4.loss_cls: 0.3478  decode.d4.loss_mask: 1.1904  decode.d4.loss_dice: 1.3273  decode.d5.loss_cls: 0.2904  decode.d5.loss_mask: 1.1919  decode.d5.loss_dice: 1.3222  decode.d6.loss_cls: 0.3117  decode.d6.loss_mask: 1.1837  decode.d6.loss_dice: 1.2989  decode.d7.loss_cls: 0.3114  decode.d7.loss_mask: 1.1882  decode.d7.loss_dice: 1.2995  decode.d8.loss_cls: 0.2869  decode.d8.loss_mask: 1.1748  decode.d8.loss_dice: 1.2937
2026/06/16 00:44:42 - mmengine - INFO - Iter(train) [13950/20000]  base_lr: 3.6572e-05 lr: 3.6572e-05  eta: 2:11:01  time: 1.2929  data_time: 0.0339  memory: 8609  grad_norm: 90.4254  loss: 28.3672  decode.loss_cls: 0.3202  decode.loss_mask: 1.0960  decode.loss_dice: 1.2315  decode.d0.loss_cls: 1.0293  decode.d0.loss_mask: 1.1575  decode.d0.loss_dice: 1.4209  decode.d1.loss_cls: 0.6254  decode.d1.loss_mask: 1.1285  decode.d1.loss_dice: 1.3368  decode.d2.loss_cls: 0.4913  decode.d2.loss_mask: 1.1033  decode.d2.loss_dice: 1.2807  decode.d3.loss_cls: 0.3933  decode.d3.loss_mask: 1.0940  decode.d3.loss_dice: 1.2519  decode.d4.loss_cls: 0.3565  decode.d4.loss_mask: 1.0912  decode.d4.loss_dice: 1.2477  decode.d5.loss_cls: 0.3499  decode.d5.loss_mask: 1.0918  decode.d5.loss_dice: 1.2560  decode.d6.loss_cls: 0.3167  decode.d6.loss_mask: 1.0921  decode.d6.loss_dice: 1.2638  decode.d7.loss_cls: 0.3208  decode.d7.loss_mask: 1.1028  decode.d7.loss_dice: 1.2508  decode.d8.loss_cls: 0.3131  decode.d8.loss_mask: 1.1020  decode.d8.loss_dice: 1.2514
2026/06/16 00:45:46 - mmengine - INFO - Exp name: dinov3l_m2f_pastis_temporal_v1_20260615_192803
2026/06/16 00:45:46 - mmengine - INFO - Iter(train) [14000/20000]  base_lr: 3.6300e-05 lr: 3.6300e-05  eta: 2:09:55  time: 1.2884  data_time: 0.0313  memory: 8609  grad_norm: 85.9829  loss: 27.7500  decode.loss_cls: 0.2709  decode.loss_mask: 1.1177  decode.loss_dice: 1.2545  decode.d0.loss_cls: 0.8203  decode.d0.loss_mask: 1.1525  decode.d0.loss_dice: 1.4294  decode.d1.loss_cls: 0.4879  decode.d1.loss_mask: 1.1590  decode.d1.loss_dice: 1.3538  decode.d2.loss_cls: 0.4011  decode.d2.loss_mask: 1.1338  decode.d2.loss_dice: 1.2996  decode.d3.loss_cls: 0.2810  decode.d3.loss_mask: 1.1224  decode.d3.loss_dice: 1.2740  decode.d4.loss_cls: 0.2707  decode.d4.loss_mask: 1.1165  decode.d4.loss_dice: 1.2688  decode.d5.loss_cls: 0.2668  decode.d5.loss_mask: 1.1164  decode.d5.loss_dice: 1.2678  decode.d6.loss_cls: 0.2630  decode.d6.loss_mask: 1.1155  decode.d6.loss_dice: 1.2582  decode.d7.loss_cls: 0.2444  decode.d7.loss_mask: 1.1163  decode.d7.loss_dice: 1.2556  decode.d8.loss_cls: 0.2520  decode.d8.loss_mask: 1.1227  decode.d8.loss_dice: 1.2577
2026/06/16 00:45:46 - mmengine - INFO - Saving checkpoint at 14000 iterations
2026/06/16 00:46:19 - mmengine - INFO - Iter(val) [ 50/121]    eta: 0:00:36  time: 0.5114  data_time: 0.0221  memory: 6109  
2026/06/16 00:46:45 - mmengine - INFO - Iter(val) [100/121]    eta: 0:00:10  time: 0.5123  data_time: 0.0226  memory: 6109  
2026/06/16 00:46:55 - mmengine - INFO - per class results:
2026/06/16 00:46:55 - mmengine - INFO - 
+---------+-------+-------+
|  Class  |  IoU  |  Acc  |
+---------+-------+-------+
|  crop_1 | 73.31 | 83.84 |
|  crop_2 | 62.79 | 78.97 |
|  crop_3 | 76.28 | 87.59 |
|  crop_4 | 81.06 | 90.05 |
|  crop_5 | 66.07 | 76.47 |
|  crop_6 | 85.79 | 93.16 |
|  crop_7 | 30.01 | 43.45 |
|  crop_8 | 49.93 |  62.7 |
|  crop_9 | 45.35 | 58.09 |
| crop_10 | 80.97 | 90.41 |
| crop_11 | 28.09 | 50.47 |
| crop_12 | 48.55 |  72.8 |
| crop_13 | 31.67 | 51.46 |
| crop_14 |  27.8 | 46.92 |
| crop_15 | 29.01 | 39.15 |
| crop_16 | 55.61 | 70.93 |
| crop_17 |  36.6 | 49.91 |
| crop_18 | 23.45 | 39.62 |
| crop_19 | 13.24 | 27.79 |
+---------+-------+-------+
2026/06/16 00:46:55 - mmengine - INFO - Iter(val) [121/121]    aAcc: 79.9900  mIoU: 49.7700  mAcc: 63.8800  data_time: 0.0255  time: 0.5112
2026/06/16 00:48:00 - mmengine - INFO - Iter(train) [14050/20000]  base_lr: 3.6027e-05 lr: 3.6027e-05  eta: 2:08:50  time: 1.2883  data_time: 0.0326  memory: 8609  grad_norm: 88.7787  loss: 29.1556  decode.loss_cls: 0.2844  decode.loss_mask: 1.1416  decode.loss_dice: 1.3114  decode.d0.loss_cls: 1.0285  decode.d0.loss_mask: 1.1899  decode.d0.loss_dice: 1.4924  decode.d1.loss_cls: 0.6170  decode.d1.loss_mask: 1.1821  decode.d1.loss_dice: 1.3992  decode.d2.loss_cls: 0.4043  decode.d2.loss_mask: 1.1533  decode.d2.loss_dice: 1.3418  decode.d3.loss_cls: 0.3764  decode.d3.loss_mask: 1.1398  decode.d3.loss_dice: 1.3177  decode.d4.loss_cls: 0.3191  decode.d4.loss_mask: 1.1426  decode.d4.loss_dice: 1.3250  decode.d5.loss_cls: 0.2903  decode.d5.loss_mask: 1.1484  decode.d5.loss_dice: 1.3241  decode.d6.loss_cls: 0.2914  decode.d6.loss_mask: 1.1417  decode.d6.loss_dice: 1.3184  decode.d7.loss_cls: 0.2807  decode.d7.loss_mask: 1.1398  decode.d7.loss_dice: 1.3175  decode.d8.loss_cls: 0.2758  decode.d8.loss_mask: 1.1384  decode.d8.loss_dice: 1.3226
2026/06/16 00:49:04 - mmengine - INFO - Iter(train) [14100/20000]  base_lr: 3.5755e-05 lr: 3.5755e-05  eta: 2:07:45  time: 1.2869  data_time: 0.0317  memory: 8609  grad_norm: 98.4113  loss: 29.1028  decode.loss_cls: 0.2291  decode.loss_mask: 1.2093  decode.loss_dice: 1.2989  decode.d0.loss_cls: 0.9663  decode.d0.loss_mask: 1.2584  decode.d0.loss_dice: 1.3905  decode.d1.loss_cls: 0.5427  decode.d1.loss_mask: 1.2362  decode.d1.loss_dice: 1.3668  decode.d2.loss_cls: 0.3494  decode.d2.loss_mask: 1.2175  decode.d2.loss_dice: 1.3251  decode.d3.loss_cls: 0.3137  decode.d3.loss_mask: 1.2135  decode.d3.loss_dice: 1.3060  decode.d4.loss_cls: 0.2875  decode.d4.loss_mask: 1.2160  decode.d4.loss_dice: 1.3099  decode.d5.loss_cls: 0.2646  decode.d5.loss_mask: 1.2145  decode.d5.loss_dice: 1.3125  decode.d6.loss_cls: 0.2494  decode.d6.loss_mask: 1.2052  decode.d6.loss_dice: 1.3058  decode.d7.loss_cls: 0.2304  decode.d7.loss_mask: 1.2137  decode.d7.loss_dice: 1.3186  decode.d8.loss_cls: 0.2347  decode.d8.loss_mask: 1.2065  decode.d8.loss_dice: 1.3102
2026/06/16 00:50:09 - mmengine - INFO - Iter(train) [14150/20000]  base_lr: 3.5482e-05 lr: 3.5482e-05  eta: 2:06:40  time: 1.2933  data_time: 0.0338  memory: 8609  grad_norm: 82.8929  loss: 27.9504  decode.loss_cls: 0.2477  decode.loss_mask: 1.1298  decode.loss_dice: 1.2577  decode.d0.loss_cls: 0.9474  decode.d0.loss_mask: 1.1731  decode.d0.loss_dice: 1.3698  decode.d1.loss_cls: 0.5079  decode.d1.loss_mask: 1.1434  decode.d1.loss_dice: 1.3360  decode.d2.loss_cls: 0.3619  decode.d2.loss_mask: 1.1241  decode.d2.loss_dice: 1.3060  decode.d3.loss_cls: 0.3062  decode.d3.loss_mask: 1.1248  decode.d3.loss_dice: 1.2719  decode.d4.loss_cls: 0.3208  decode.d4.loss_mask: 1.1236  decode.d4.loss_dice: 1.2769  decode.d5.loss_cls: 0.2765  decode.d5.loss_mask: 1.1225  decode.d5.loss_dice: 1.2766  decode.d6.loss_cls: 0.2625  decode.d6.loss_mask: 1.1259  decode.d6.loss_dice: 1.2695  decode.d7.loss_cls: 0.2855  decode.d7.loss_mask: 1.1189  decode.d7.loss_dice: 1.2515  decode.d8.loss_cls: 0.2314  decode.d8.loss_mask: 1.1245  decode.d8.loss_dice: 1.2762
2026/06/16 00:51:14 - mmengine - INFO - Iter(train) [14200/20000]  base_lr: 3.5209e-05 lr: 3.5209e-05  eta: 2:05:35  time: 1.2921  data_time: 0.0334  memory: 8609  grad_norm: 90.3172  loss: 27.4574  decode.loss_cls: 0.2658  decode.loss_mask: 1.0754  decode.loss_dice: 1.2563  decode.d0.loss_cls: 0.9301  decode.d0.loss_mask: 1.1344  decode.d0.loss_dice: 1.3768  decode.d1.loss_cls: 0.5328  decode.d1.loss_mask: 1.1036  decode.d1.loss_dice: 1.3240  decode.d2.loss_cls: 0.3734  decode.d2.loss_mask: 1.0904  decode.d2.loss_dice: 1.2865  decode.d3.loss_cls: 0.2920  decode.d3.loss_mask: 1.0876  decode.d3.loss_dice: 1.2738  decode.d4.loss_cls: 0.3183  decode.d4.loss_mask: 1.0745  decode.d4.loss_dice: 1.2568  decode.d5.loss_cls: 0.3103  decode.d5.loss_mask: 1.0691  decode.d5.loss_dice: 1.2552  decode.d6.loss_cls: 0.2606  decode.d6.loss_mask: 1.0774  decode.d6.loss_dice: 1.2512  decode.d7.loss_cls: 0.2555  decode.d7.loss_mask: 1.0775  decode.d7.loss_dice: 1.2487  decode.d8.loss_cls: 0.2641  decode.d8.loss_mask: 1.0672  decode.d8.loss_dice: 1.2681
2026/06/16 00:52:18 - mmengine - INFO - Iter(train) [14250/20000]  base_lr: 3.4936e-05 lr: 3.4936e-05  eta: 2:04:30  time: 1.2936  data_time: 0.0340  memory: 8609  grad_norm: 90.7632  loss: 26.0090  decode.loss_cls: 0.1455  decode.loss_mask: 1.1334  decode.loss_dice: 1.1778  decode.d0.loss_cls: 0.7395  decode.d0.loss_mask: 1.2070  decode.d0.loss_dice: 1.2962  decode.d1.loss_cls: 0.3182  decode.d1.loss_mask: 1.1825  decode.d1.loss_dice: 1.2638  decode.d2.loss_cls: 0.2242  decode.d2.loss_mask: 1.1516  decode.d2.loss_dice: 1.2178  decode.d3.loss_cls: 0.1594  decode.d3.loss_mask: 1.1470  decode.d3.loss_dice: 1.2133  decode.d4.loss_cls: 0.1790  decode.d4.loss_mask: 1.1423  decode.d4.loss_dice: 1.1979  decode.d5.loss_cls: 0.1661  decode.d5.loss_mask: 1.1352  decode.d5.loss_dice: 1.1908  decode.d6.loss_cls: 0.1533  decode.d6.loss_mask: 1.1301  decode.d6.loss_dice: 1.1998  decode.d7.loss_cls: 0.1430  decode.d7.loss_mask: 1.1330  decode.d7.loss_dice: 1.1989  decode.d8.loss_cls: 0.1586  decode.d8.loss_mask: 1.1265  decode.d8.loss_dice: 1.1776
2026/06/16 00:53:23 - mmengine - INFO - Iter(train) [14300/20000]  base_lr: 3.4662e-05 lr: 3.4662e-05  eta: 2:03:25  time: 1.2945  data_time: 0.0342  memory: 8609  grad_norm: 98.0261  loss: 28.4890  decode.loss_cls: 0.2649  decode.loss_mask: 1.1653  decode.loss_dice: 1.2683  decode.d0.loss_cls: 0.8789  decode.d0.loss_mask: 1.2488  decode.d0.loss_dice: 1.4358  decode.d1.loss_cls: 0.4993  decode.d1.loss_mask: 1.1961  decode.d1.loss_dice: 1.3728  decode.d2.loss_cls: 0.3595  decode.d2.loss_mask: 1.1630  decode.d2.loss_dice: 1.3161  decode.d3.loss_cls: 0.2827  decode.d3.loss_mask: 1.1683  decode.d3.loss_dice: 1.2873  decode.d4.loss_cls: 0.2854  decode.d4.loss_mask: 1.1625  decode.d4.loss_dice: 1.2905  decode.d5.loss_cls: 0.2955  decode.d5.loss_mask: 1.1594  decode.d5.loss_dice: 1.2789  decode.d6.loss_cls: 0.2493  decode.d6.loss_mask: 1.1574  decode.d6.loss_dice: 1.2772  decode.d7.loss_cls: 0.2886  decode.d7.loss_mask: 1.1576  decode.d7.loss_dice: 1.2739  decode.d8.loss_cls: 0.2704  decode.d8.loss_mask: 1.1613  decode.d8.loss_dice: 1.2738
2026/06/16 00:54:28 - mmengine - INFO - Iter(train) [14350/20000]  base_lr: 3.4388e-05 lr: 3.4388e-05  eta: 2:02:20  time: 1.2935  data_time: 0.0339  memory: 8609  grad_norm: 91.8352  loss: 28.8257  decode.loss_cls: 0.2765  decode.loss_mask: 1.1798  decode.loss_dice: 1.2959  decode.d0.loss_cls: 0.8675  decode.d0.loss_mask: 1.2217  decode.d0.loss_dice: 1.4170  decode.d1.loss_cls: 0.4605  decode.d1.loss_mask: 1.2090  decode.d1.loss_dice: 1.3861  decode.d2.loss_cls: 0.3397  decode.d2.loss_mask: 1.1981  decode.d2.loss_dice: 1.3478  decode.d3.loss_cls: 0.2975  decode.d3.loss_mask: 1.1884  decode.d3.loss_dice: 1.3144  decode.d4.loss_cls: 0.2916  decode.d4.loss_mask: 1.1829  decode.d4.loss_dice: 1.3084  decode.d5.loss_cls: 0.2812  decode.d5.loss_mask: 1.1813  decode.d5.loss_dice: 1.3056  decode.d6.loss_cls: 0.2746  decode.d6.loss_mask: 1.1783  decode.d6.loss_dice: 1.2956  decode.d7.loss_cls: 0.2838  decode.d7.loss_mask: 1.1802  decode.d7.loss_dice: 1.2987  decode.d8.loss_cls: 0.2774  decode.d8.loss_mask: 1.1853  decode.d8.loss_dice: 1.3011
2026/06/16 00:55:32 - mmengine - INFO - Iter(train) [14400/20000]  base_lr: 3.4114e-05 lr: 3.4114e-05  eta: 2:01:15  time: 1.2941  data_time: 0.0336  memory: 8609  grad_norm: 101.6733  loss: 29.4160  decode.loss_cls: 0.2632  decode.loss_mask: 1.2024  decode.loss_dice: 1.3496  decode.d0.loss_cls: 0.8299  decode.d0.loss_mask: 1.2645  decode.d0.loss_dice: 1.4557  decode.d1.loss_cls: 0.5082  decode.d1.loss_mask: 1.2391  decode.d1.loss_dice: 1.4017  decode.d2.loss_cls: 0.3345  decode.d2.loss_mask: 1.2124  decode.d2.loss_dice: 1.3727  decode.d3.loss_cls: 0.3056  decode.d3.loss_mask: 1.2073  decode.d3.loss_dice: 1.3395  decode.d4.loss_cls: 0.2907  decode.d4.loss_mask: 1.2069  decode.d4.loss_dice: 1.3426  decode.d5.loss_cls: 0.2681  decode.d5.loss_mask: 1.1971  decode.d5.loss_dice: 1.3372  decode.d6.loss_cls: 0.2699  decode.d6.loss_mask: 1.2058  decode.d6.loss_dice: 1.3447  decode.d7.loss_cls: 0.2840  decode.d7.loss_mask: 1.2056  decode.d7.loss_dice: 1.3456  decode.d8.loss_cls: 0.2762  decode.d8.loss_mask: 1.2084  decode.d8.loss_dice: 1.3469
2026/06/16 00:56:37 - mmengine - INFO - Iter(train) [14450/20000]  base_lr: 3.3840e-05 lr: 3.3840e-05  eta: 2:00:10  time: 1.2907  data_time: 0.0341  memory: 8609  grad_norm: 91.5735  loss: 27.9975  decode.loss_cls: 0.2382  decode.loss_mask: 1.1359  decode.loss_dice: 1.2688  decode.d0.loss_cls: 0.8786  decode.d0.loss_mask: 1.2001  decode.d0.loss_dice: 1.3904  decode.d1.loss_cls: 0.4996  decode.d1.loss_mask: 1.1713  decode.d1.loss_dice: 1.3425  decode.d2.loss_cls: 0.3105  decode.d2.loss_mask: 1.1592  decode.d2.loss_dice: 1.2931  decode.d3.loss_cls: 0.2881  decode.d3.loss_mask: 1.1499  decode.d3.loss_dice: 1.2802  decode.d4.loss_cls: 0.2683  decode.d4.loss_mask: 1.1453  decode.d4.loss_dice: 1.2832  decode.d5.loss_cls: 0.2792  decode.d5.loss_mask: 1.1478  decode.d5.loss_dice: 1.2760  decode.d6.loss_cls: 0.2602  decode.d6.loss_mask: 1.1375  decode.d6.loss_dice: 1.2633  decode.d7.loss_cls: 0.2453  decode.d7.loss_mask: 1.1369  decode.d7.loss_dice: 1.2763  decode.d8.loss_cls: 0.2539  decode.d8.loss_mask: 1.1381  decode.d8.loss_dice: 1.2798
2026/06/16 00:57:42 - mmengine - INFO - Iter(train) [14500/20000]  base_lr: 3.3565e-05 lr: 3.3565e-05  eta: 1:59:04  time: 1.2905  data_time: 0.0332  memory: 8609  grad_norm: 98.6766  loss: 31.2579  decode.loss_cls: 0.2820  decode.loss_mask: 1.2895  decode.loss_dice: 1.4239  decode.d0.loss_cls: 0.8588  decode.d0.loss_mask: 1.3442  decode.d0.loss_dice: 1.5784  decode.d1.loss_cls: 0.4224  decode.d1.loss_mask: 1.3161  decode.d1.loss_dice: 1.5497  decode.d2.loss_cls: 0.3871  decode.d2.loss_mask: 1.2956  decode.d2.loss_dice: 1.4726  decode.d3.loss_cls: 0.3056  decode.d3.loss_mask: 1.2954  decode.d3.loss_dice: 1.4271  decode.d4.loss_cls: 0.3281  decode.d4.loss_mask: 1.2894  decode.d4.loss_dice: 1.4358  decode.d5.loss_cls: 0.2913  decode.d5.loss_mask: 1.2791  decode.d5.loss_dice: 1.4316  decode.d6.loss_cls: 0.2739  decode.d6.loss_mask: 1.2872  decode.d6.loss_dice: 1.4305  decode.d7.loss_cls: 0.2617  decode.d7.loss_mask: 1.2908  decode.d7.loss_dice: 1.4380  decode.d8.loss_cls: 0.2486  decode.d8.loss_mask: 1.2840  decode.d8.loss_dice: 1.4398
2026/06/16 00:58:47 - mmengine - INFO - Iter(train) [14550/20000]  base_lr: 3.3291e-05 lr: 3.3291e-05  eta: 1:57:59  time: 1.2985  data_time: 0.0348  memory: 8609  grad_norm: 87.0557  loss: 27.5861  decode.loss_cls: 0.2442  decode.loss_mask: 1.1312  decode.loss_dice: 1.2395  decode.d0.loss_cls: 0.8911  decode.d0.loss_mask: 1.1772  decode.d0.loss_dice: 1.3530  decode.d1.loss_cls: 0.4400  decode.d1.loss_mask: 1.1555  decode.d1.loss_dice: 1.3024  decode.d2.loss_cls: 0.2890  decode.d2.loss_mask: 1.1456  decode.d2.loss_dice: 1.2606  decode.d3.loss_cls: 0.3030  decode.d3.loss_mask: 1.1287  decode.d3.loss_dice: 1.2433  decode.d4.loss_cls: 0.2942  decode.d4.loss_mask: 1.1322  decode.d4.loss_dice: 1.2549  decode.d5.loss_cls: 0.2748  decode.d5.loss_mask: 1.1323  decode.d5.loss_dice: 1.2435  decode.d6.loss_cls: 0.3086  decode.d6.loss_mask: 1.1323  decode.d6.loss_dice: 1.2319  decode.d7.loss_cls: 0.2649  decode.d7.loss_mask: 1.1325  decode.d7.loss_dice: 1.2430  decode.d8.loss_cls: 0.2759  decode.d8.loss_mask: 1.1256  decode.d8.loss_dice: 1.2351
2026/06/16 00:59:51 - mmengine - INFO - Iter(train) [14600/20000]  base_lr: 3.3016e-05 lr: 3.3016e-05  eta: 1:56:54  time: 1.2906  data_time: 0.0319  memory: 8609  grad_norm: 95.2498  loss: 30.5644  decode.loss_cls: 0.3479  decode.loss_mask: 1.1744  decode.loss_dice: 1.3851  decode.d0.loss_cls: 0.9694  decode.d0.loss_mask: 1.2380  decode.d0.loss_dice: 1.5258  decode.d1.loss_cls: 0.5881  decode.d1.loss_mask: 1.1987  decode.d1.loss_dice: 1.4655  decode.d2.loss_cls: 0.3955  decode.d2.loss_mask: 1.1858  decode.d2.loss_dice: 1.4168  decode.d3.loss_cls: 0.4182  decode.d3.loss_mask: 1.1766  decode.d3.loss_dice: 1.3879  decode.d4.loss_cls: 0.4021  decode.d4.loss_mask: 1.1786  decode.d4.loss_dice: 1.3820  decode.d5.loss_cls: 0.3673  decode.d5.loss_mask: 1.1746  decode.d5.loss_dice: 1.3816  decode.d6.loss_cls: 0.3956  decode.d6.loss_mask: 1.1775  decode.d6.loss_dice: 1.3745  decode.d7.loss_cls: 0.3880  decode.d7.loss_mask: 1.1792  decode.d7.loss_dice: 1.3734  decode.d8.loss_cls: 0.3622  decode.d8.loss_mask: 1.1788  decode.d8.loss_dice: 1.3755
2026/06/16 01:00:56 - mmengine - INFO - Iter(train) [14650/20000]  base_lr: 3.2740e-05 lr: 3.2740e-05  eta: 1:55:49  time: 1.2880  data_time: 0.0316  memory: 8609  grad_norm: 89.5983  loss: 27.7782  decode.loss_cls: 0.2194  decode.loss_mask: 1.1112  decode.loss_dice: 1.2696  decode.d0.loss_cls: 0.9536  decode.d0.loss_mask: 1.2026  decode.d0.loss_dice: 1.4057  decode.d1.loss_cls: 0.5446  decode.d1.loss_mask: 1.1682  decode.d1.loss_dice: 1.3471  decode.d2.loss_cls: 0.3879  decode.d2.loss_mask: 1.1142  decode.d2.loss_dice: 1.2912  decode.d3.loss_cls: 0.2970  decode.d3.loss_mask: 1.1138  decode.d3.loss_dice: 1.2690  decode.d4.loss_cls: 0.2934  decode.d4.loss_mask: 1.1108  decode.d4.loss_dice: 1.2735  decode.d5.loss_cls: 0.2575  decode.d5.loss_mask: 1.1095  decode.d5.loss_dice: 1.2616  decode.d6.loss_cls: 0.2171  decode.d6.loss_mask: 1.1100  decode.d6.loss_dice: 1.2639  decode.d7.loss_cls: 0.2261  decode.d7.loss_mask: 1.1155  decode.d7.loss_dice: 1.2572  decode.d8.loss_cls: 0.2185  decode.d8.loss_mask: 1.1098  decode.d8.loss_dice: 1.2588
2026/06/16 01:02:01 - mmengine - INFO - Iter(train) [14700/20000]  base_lr: 3.2465e-05 lr: 3.2465e-05  eta: 1:54:44  time: 1.2931  data_time: 0.0342  memory: 8609  grad_norm: 109.3908  loss: 27.5028  decode.loss_cls: 0.3378  decode.loss_mask: 1.0965  decode.loss_dice: 1.1868  decode.d0.loss_cls: 0.9361  decode.d0.loss_mask: 1.1286  decode.d0.loss_dice: 1.3721  decode.d1.loss_cls: 0.5699  decode.d1.loss_mask: 1.1174  decode.d1.loss_dice: 1.2825  decode.d2.loss_cls: 0.3912  decode.d2.loss_mask: 1.0959  decode.d2.loss_dice: 1.2383  decode.d3.loss_cls: 0.3685  decode.d3.loss_mask: 1.0706  decode.d3.loss_dice: 1.1870  decode.d4.loss_cls: 0.3668  decode.d4.loss_mask: 1.0768  decode.d4.loss_dice: 1.2000  decode.d5.loss_cls: 0.3439  decode.d5.loss_mask: 1.0804  decode.d5.loss_dice: 1.1972  decode.d6.loss_cls: 0.3486  decode.d6.loss_mask: 1.0682  decode.d6.loss_dice: 1.1949  decode.d7.loss_cls: 0.3470  decode.d7.loss_mask: 1.0817  decode.d7.loss_dice: 1.2027  decode.d8.loss_cls: 0.3094  decode.d8.loss_mask: 1.0994  decode.d8.loss_dice: 1.2066
2026/06/16 01:03:05 - mmengine - INFO - Iter(train) [14750/20000]  base_lr: 3.2189e-05 lr: 3.2189e-05  eta: 1:53:39  time: 1.2976  data_time: 0.0341  memory: 8609  grad_norm: 92.6310  loss: 27.2534  decode.loss_cls: 0.1861  decode.loss_mask: 1.1194  decode.loss_dice: 1.2251  decode.d0.loss_cls: 0.9149  decode.d0.loss_mask: 1.1786  decode.d0.loss_dice: 1.3775  decode.d1.loss_cls: 0.5213  decode.d1.loss_mask: 1.1634  decode.d1.loss_dice: 1.3217  decode.d2.loss_cls: 0.3753  decode.d2.loss_mask: 1.1266  decode.d2.loss_dice: 1.2723  decode.d3.loss_cls: 0.2889  decode.d3.loss_mask: 1.1173  decode.d3.loss_dice: 1.2165  decode.d4.loss_cls: 0.2643  decode.d4.loss_mask: 1.1255  decode.d4.loss_dice: 1.2210  decode.d5.loss_cls: 0.2339  decode.d5.loss_mask: 1.1260  decode.d5.loss_dice: 1.2229  decode.d6.loss_cls: 0.2331  decode.d6.loss_mask: 1.1249  decode.d6.loss_dice: 1.2180  decode.d7.loss_cls: 0.1999  decode.d7.loss_mask: 1.1280  decode.d7.loss_dice: 1.2253  decode.d8.loss_cls: 0.1901  decode.d8.loss_mask: 1.1190  decode.d8.loss_dice: 1.2163
2026/06/16 01:04:10 - mmengine - INFO - Iter(train) [14800/20000]  base_lr: 3.1913e-05 lr: 3.1913e-05  eta: 1:52:34  time: 1.2872  data_time: 0.0305  memory: 8609  grad_norm: 98.7197  loss: 30.8305  decode.loss_cls: 0.3798  decode.loss_mask: 1.2080  decode.loss_dice: 1.3777  decode.d0.loss_cls: 0.9351  decode.d0.loss_mask: 1.2613  decode.d0.loss_dice: 1.5603  decode.d1.loss_cls: 0.5616  decode.d1.loss_mask: 1.2230  decode.d1.loss_dice: 1.4853  decode.d2.loss_cls: 0.4456  decode.d2.loss_mask: 1.1924  decode.d2.loss_dice: 1.4245  decode.d3.loss_cls: 0.3960  decode.d3.loss_mask: 1.1962  decode.d3.loss_dice: 1.3875  decode.d4.loss_cls: 0.3746  decode.d4.loss_mask: 1.1824  decode.d4.loss_dice: 1.3938  decode.d5.loss_cls: 0.3747  decode.d5.loss_mask: 1.1801  decode.d5.loss_dice: 1.3808  decode.d6.loss_cls: 0.4206  decode.d6.loss_mask: 1.1881  decode.d6.loss_dice: 1.3846  decode.d7.loss_cls: 0.3911  decode.d7.loss_mask: 1.1862  decode.d7.loss_dice: 1.3808  decode.d8.loss_cls: 0.3976  decode.d8.loss_mask: 1.1895  decode.d8.loss_dice: 1.3712
2026/06/16 01:05:15 - mmengine - INFO - Iter(train) [14850/20000]  base_lr: 3.1637e-05 lr: 3.1637e-05  eta: 1:51:29  time: 1.2936  data_time: 0.0341  memory: 8609  grad_norm: 92.3883  loss: 25.3656  decode.loss_cls: 0.1441  decode.loss_mask: 1.1435  decode.loss_dice: 1.1024  decode.d0.loss_cls: 0.7423  decode.d0.loss_mask: 1.1971  decode.d0.loss_dice: 1.2192  decode.d1.loss_cls: 0.3969  decode.d1.loss_mask: 1.1628  decode.d1.loss_dice: 1.1668  decode.d2.loss_cls: 0.2632  decode.d2.loss_mask: 1.1446  decode.d2.loss_dice: 1.1114  decode.d3.loss_cls: 0.1948  decode.d3.loss_mask: 1.1461  decode.d3.loss_dice: 1.1064  decode.d4.loss_cls: 0.1966  decode.d4.loss_mask: 1.1528  decode.d4.loss_dice: 1.1113  decode.d5.loss_cls: 0.1894  decode.d5.loss_mask: 1.1487  decode.d5.loss_dice: 1.1082  decode.d6.loss_cls: 0.1641  decode.d6.loss_mask: 1.1415  decode.d6.loss_dice: 1.1053  decode.d7.loss_cls: 0.1596  decode.d7.loss_mask: 1.1421  decode.d7.loss_dice: 1.1050  decode.d8.loss_cls: 0.1496  decode.d8.loss_mask: 1.1466  decode.d8.loss_dice: 1.1033
2026/06/16 01:06:19 - mmengine - INFO - Iter(train) [14900/20000]  base_lr: 3.1360e-05 lr: 3.1360e-05  eta: 1:50:24  time: 1.2954  data_time: 0.0342  memory: 8609  grad_norm: 98.8256  loss: 27.9033  decode.loss_cls: 0.1767  decode.loss_mask: 1.2107  decode.loss_dice: 1.2798  decode.d0.loss_cls: 0.8012  decode.d0.loss_mask: 1.2510  decode.d0.loss_dice: 1.3735  decode.d1.loss_cls: 0.3721  decode.d1.loss_mask: 1.2289  decode.d1.loss_dice: 1.3549  decode.d2.loss_cls: 0.2306  decode.d2.loss_mask: 1.2176  decode.d2.loss_dice: 1.3100  decode.d3.loss_cls: 0.1987  decode.d3.loss_mask: 1.2216  decode.d3.loss_dice: 1.2990  decode.d4.loss_cls: 0.1867  decode.d4.loss_mask: 1.2287  decode.d4.loss_dice: 1.2964  decode.d5.loss_cls: 0.1684  decode.d5.loss_mask: 1.2221  decode.d5.loss_dice: 1.2912  decode.d6.loss_cls: 0.1690  decode.d6.loss_mask: 1.2144  decode.d6.loss_dice: 1.2764  decode.d7.loss_cls: 0.1611  decode.d7.loss_mask: 1.2165  decode.d7.loss_dice: 1.2833  decode.d8.loss_cls: 0.1905  decode.d8.loss_mask: 1.2124  decode.d8.loss_dice: 1.2597
2026/06/16 01:07:24 - mmengine - INFO - Iter(train) [14950/20000]  base_lr: 3.1083e-05 lr: 3.1083e-05  eta: 1:49:19  time: 1.2930  data_time: 0.0341  memory: 8609  grad_norm: 88.1763  loss: 25.4496  decode.loss_cls: 0.1643  decode.loss_mask: 1.0992  decode.loss_dice: 1.1172  decode.d0.loss_cls: 0.7955  decode.d0.loss_mask: 1.1713  decode.d0.loss_dice: 1.2956  decode.d1.loss_cls: 0.3986  decode.d1.loss_mask: 1.1243  decode.d1.loss_dice: 1.2097  decode.d2.loss_cls: 0.2760  decode.d2.loss_mask: 1.1055  decode.d2.loss_dice: 1.1535  decode.d3.loss_cls: 0.2258  decode.d3.loss_mask: 1.0997  decode.d3.loss_dice: 1.1226  decode.d4.loss_cls: 0.2128  decode.d4.loss_mask: 1.0966  decode.d4.loss_dice: 1.1225  decode.d5.loss_cls: 0.2285  decode.d5.loss_mask: 1.0995  decode.d5.loss_dice: 1.1266  decode.d6.loss_cls: 0.1773  decode.d6.loss_mask: 1.1017  decode.d6.loss_dice: 1.1168  decode.d7.loss_cls: 0.1870  decode.d7.loss_mask: 1.1020  decode.d7.loss_dice: 1.1192  decode.d8.loss_cls: 0.1661  decode.d8.loss_mask: 1.1060  decode.d8.loss_dice: 1.1281
2026/06/16 01:08:29 - mmengine - INFO - Exp name: dinov3l_m2f_pastis_temporal_v1_20260615_192803
2026/06/16 01:08:29 - mmengine - INFO - Iter(train) [15000/20000]  base_lr: 3.0806e-05 lr: 3.0806e-05  eta: 1:48:14  time: 1.2898  data_time: 0.0333  memory: 8609  grad_norm: 100.0883  loss: 27.2653  decode.loss_cls: 0.2512  decode.loss_mask: 1.1128  decode.loss_dice: 1.2332  decode.d0.loss_cls: 0.8427  decode.d0.loss_mask: 1.1686  decode.d0.loss_dice: 1.3716  decode.d1.loss_cls: 0.5143  decode.d1.loss_mask: 1.1354  decode.d1.loss_dice: 1.2950  decode.d2.loss_cls: 0.2950  decode.d2.loss_mask: 1.1149  decode.d2.loss_dice: 1.2811  decode.d3.loss_cls: 0.2618  decode.d3.loss_mask: 1.1129  decode.d3.loss_dice: 1.2482  decode.d4.loss_cls: 0.2612  decode.d4.loss_mask: 1.1026  decode.d4.loss_dice: 1.2333  decode.d5.loss_cls: 0.2666  decode.d5.loss_mask: 1.1055  decode.d5.loss_dice: 1.2463  decode.d6.loss_cls: 0.2650  decode.d6.loss_mask: 1.1029  decode.d6.loss_dice: 1.2416  decode.d7.loss_cls: 0.2549  decode.d7.loss_mask: 1.1084  decode.d7.loss_dice: 1.2395  decode.d8.loss_cls: 0.2490  decode.d8.loss_mask: 1.1126  decode.d8.loss_dice: 1.2374
2026/06/16 01:08:55 - mmengine - INFO - Iter(val) [ 50/121]    eta: 0:00:36  time: 0.5123  data_time: 0.0220  memory: 6109  
2026/06/16 01:09:20 - mmengine - INFO - Iter(val) [100/121]    eta: 0:00:10  time: 0.5124  data_time: 0.0218  memory: 6109  
2026/06/16 01:09:31 - mmengine - INFO - per class results:
2026/06/16 01:09:31 - mmengine - INFO - 
+---------+-------+-------+
|  Class  |  IoU  |  Acc  |
+---------+-------+-------+
|  crop_1 | 73.66 | 86.45 |
|  crop_2 | 62.37 | 74.42 |
|  crop_3 | 77.09 | 87.08 |
|  crop_4 | 80.91 | 89.55 |
|  crop_5 | 68.77 | 79.35 |
|  crop_6 | 85.58 | 91.46 |
|  crop_7 | 33.88 |  56.4 |
|  crop_8 | 49.13 | 60.49 |
|  crop_9 |  43.6 | 57.16 |
| crop_10 | 81.66 | 90.71 |
| crop_11 |  30.8 | 47.56 |
| crop_12 | 47.13 | 68.31 |
| crop_13 | 31.17 | 53.61 |
| crop_14 | 32.67 | 45.97 |
| crop_15 | 24.05 | 33.15 |
| crop_16 | 54.37 | 72.92 |
| crop_17 | 31.71 | 39.85 |
| crop_18 | 24.84 | 44.18 |
| crop_19 | 13.31 | 33.97 |
+---------+-------+-------+
2026/06/16 01:09:31 - mmengine - INFO - Iter(val) [121/121]    aAcc: 80.0100  mIoU: 49.8300  mAcc: 63.8200  data_time: 0.0248  time: 0.5112
2026/06/16 01:10:35 - mmengine - INFO - Iter(train) [15050/20000]  base_lr: 3.0529e-05 lr: 3.0529e-05  eta: 1:47:09  time: 1.2921  data_time: 0.0335  memory: 8609  grad_norm: 91.6990  loss: 29.4526  decode.loss_cls: 0.2909  decode.loss_mask: 1.1649  decode.loss_dice: 1.3320  decode.d0.loss_cls: 0.9979  decode.d0.loss_mask: 1.2123  decode.d0.loss_dice: 1.4549  decode.d1.loss_cls: 0.5447  decode.d1.loss_mask: 1.1873  decode.d1.loss_dice: 1.4330  decode.d2.loss_cls: 0.4075  decode.d2.loss_mask: 1.1705  decode.d2.loss_dice: 1.3993  decode.d3.loss_cls: 0.3422  decode.d3.loss_mask: 1.1638  decode.d3.loss_dice: 1.3474  decode.d4.loss_cls: 0.3144  decode.d4.loss_mask: 1.1574  decode.d4.loss_dice: 1.3506  decode.d5.loss_cls: 0.2989  decode.d5.loss_mask: 1.1619  decode.d5.loss_dice: 1.3513  decode.d6.loss_cls: 0.3001  decode.d6.loss_mask: 1.1635  decode.d6.loss_dice: 1.3345  decode.d7.loss_cls: 0.2789  decode.d7.loss_mask: 1.1699  decode.d7.loss_dice: 1.3417  decode.d8.loss_cls: 0.2645  decode.d8.loss_mask: 1.1707  decode.d8.loss_dice: 1.3456
2026/06/16 01:11:40 - mmengine - INFO - Iter(train) [15100/20000]  base_lr: 3.0251e-05 lr: 3.0251e-05  eta: 1:46:04  time: 1.2949  data_time: 0.0334  memory: 8609  grad_norm: 101.3847  loss: 28.8758  decode.loss_cls: 0.2583  decode.loss_mask: 1.1770  decode.loss_dice: 1.2917  decode.d0.loss_cls: 0.9729  decode.d0.loss_mask: 1.2470  decode.d0.loss_dice: 1.4048  decode.d1.loss_cls: 0.6195  decode.d1.loss_mask: 1.1996  decode.d1.loss_dice: 1.3569  decode.d2.loss_cls: 0.3776  decode.d2.loss_mask: 1.1832  decode.d2.loss_dice: 1.3104  decode.d3.loss_cls: 0.2958  decode.d3.loss_mask: 1.1740  decode.d3.loss_dice: 1.2898  decode.d4.loss_cls: 0.3099  decode.d4.loss_mask: 1.1729  decode.d4.loss_dice: 1.2966  decode.d5.loss_cls: 0.2788  decode.d5.loss_mask: 1.1726  decode.d5.loss_dice: 1.3060  decode.d6.loss_cls: 0.2710  decode.d6.loss_mask: 1.1665  decode.d6.loss_dice: 1.2836  decode.d7.loss_cls: 0.2761  decode.d7.loss_mask: 1.1695  decode.d7.loss_dice: 1.2881  decode.d8.loss_cls: 0.2652  decode.d8.loss_mask: 1.1743  decode.d8.loss_dice: 1.2864
2026/06/16 01:12:45 - mmengine - INFO - Iter(train) [15150/20000]  base_lr: 2.9973e-05 lr: 2.9973e-05  eta: 1:44:59  time: 1.2928  data_time: 0.0325  memory: 8609  grad_norm: 94.3434  loss: 26.7894  decode.loss_cls: 0.2296  decode.loss_mask: 1.0973  decode.loss_dice: 1.1933  decode.d0.loss_cls: 0.7781  decode.d0.loss_mask: 1.1739  decode.d0.loss_dice: 1.3591  decode.d1.loss_cls: 0.4413  decode.d1.loss_mask: 1.1533  decode.d1.loss_dice: 1.3021  decode.d2.loss_cls: 0.3305  decode.d2.loss_mask: 1.1252  decode.d2.loss_dice: 1.2349  decode.d3.loss_cls: 0.2732  decode.d3.loss_mask: 1.1047  decode.d3.loss_dice: 1.2217  decode.d4.loss_cls: 0.2569  decode.d4.loss_mask: 1.1069  decode.d4.loss_dice: 1.2163  decode.d5.loss_cls: 0.2445  decode.d5.loss_mask: 1.1002  decode.d5.loss_dice: 1.2118  decode.d6.loss_cls: 0.2441  decode.d6.loss_mask: 1.1028  decode.d6.loss_dice: 1.2232  decode.d7.loss_cls: 0.2191  decode.d7.loss_mask: 1.1054  decode.d7.loss_dice: 1.2170  decode.d8.loss_cls: 0.2260  decode.d8.loss_mask: 1.0969  decode.d8.loss_dice: 1.2001
2026/06/16 01:13:49 - mmengine - INFO - Iter(train) [15200/20000]  base_lr: 2.9695e-05 lr: 2.9695e-05  eta: 1:43:54  time: 1.2947  data_time: 0.0335  memory: 8609  grad_norm: 101.8580  loss: 29.1275  decode.loss_cls: 0.2363  decode.loss_mask: 1.1551  decode.loss_dice: 1.3819  decode.d0.loss_cls: 0.9436  decode.d0.loss_mask: 1.2322  decode.d0.loss_dice: 1.4967  decode.d1.loss_cls: 0.5216  decode.d1.loss_mask: 1.1799  decode.d1.loss_dice: 1.4325  decode.d2.loss_cls: 0.3776  decode.d2.loss_mask: 1.1590  decode.d2.loss_dice: 1.3858  decode.d3.loss_cls: 0.2380  decode.d3.loss_mask: 1.1557  decode.d3.loss_dice: 1.3745  decode.d4.loss_cls: 0.2449  decode.d4.loss_mask: 1.1578  decode.d4.loss_dice: 1.3782  decode.d5.loss_cls: 0.2468  decode.d5.loss_mask: 1.1472  decode.d5.loss_dice: 1.3736  decode.d6.loss_cls: 0.2606  decode.d6.loss_mask: 1.1548  decode.d6.loss_dice: 1.3677  decode.d7.loss_cls: 0.2278  decode.d7.loss_mask: 1.1513  decode.d7.loss_dice: 1.3870  decode.d8.loss_cls: 0.2163  decode.d8.loss_mask: 1.1556  decode.d8.loss_dice: 1.3877
2026/06/16 01:14:54 - mmengine - INFO - Iter(train) [15250/20000]  base_lr: 2.9416e-05 lr: 2.9416e-05  eta: 1:42:49  time: 1.2916  data_time: 0.0333  memory: 8609  grad_norm: 98.2890  loss: 27.8331  decode.loss_cls: 0.2087  decode.loss_mask: 1.1735  decode.loss_dice: 1.2292  decode.d0.loss_cls: 0.8622  decode.d0.loss_mask: 1.2652  decode.d0.loss_dice: 1.4069  decode.d1.loss_cls: 0.5252  decode.d1.loss_mask: 1.2227  decode.d1.loss_dice: 1.3210  decode.d2.loss_cls: 0.3226  decode.d2.loss_mask: 1.1948  decode.d2.loss_dice: 1.2667  decode.d3.loss_cls: 0.2631  decode.d3.loss_mask: 1.1839  decode.d3.loss_dice: 1.2339  decode.d4.loss_cls: 0.2569  decode.d4.loss_mask: 1.1828  decode.d4.loss_dice: 1.2392  decode.d5.loss_cls: 0.2309  decode.d5.loss_mask: 1.1772  decode.d5.loss_dice: 1.2337  decode.d6.loss_cls: 0.2153  decode.d6.loss_mask: 1.1818  decode.d6.loss_dice: 1.2302  decode.d7.loss_cls: 0.2113  decode.d7.loss_mask: 1.1767  decode.d7.loss_dice: 1.2170  decode.d8.loss_cls: 0.2062  decode.d8.loss_mask: 1.1710  decode.d8.loss_dice: 1.2233
2026/06/16 01:15:59 - mmengine - INFO - Iter(train) [15300/20000]  base_lr: 2.9138e-05 lr: 2.9138e-05  eta: 1:41:44  time: 1.2914  data_time: 0.0331  memory: 8609  grad_norm: 91.5123  loss: 29.3341  decode.loss_cls: 0.2219  decode.loss_mask: 1.2192  decode.loss_dice: 1.3286  decode.d0.loss_cls: 0.9887  decode.d0.loss_mask: 1.2623  decode.d0.loss_dice: 1.4498  decode.d1.loss_cls: 0.5372  decode.d1.loss_mask: 1.2340  decode.d1.loss_dice: 1.4052  decode.d2.loss_cls: 0.3463  decode.d2.loss_mask: 1.2264  decode.d2.loss_dice: 1.3670  decode.d3.loss_cls: 0.2989  decode.d3.loss_mask: 1.2138  decode.d3.loss_dice: 1.3191  decode.d4.loss_cls: 0.2592  decode.d4.loss_mask: 1.2114  decode.d4.loss_dice: 1.3310  decode.d5.loss_cls: 0.2663  decode.d5.loss_mask: 1.2088  decode.d5.loss_dice: 1.3302  decode.d6.loss_cls: 0.2492  decode.d6.loss_mask: 1.2166  decode.d6.loss_dice: 1.3113  decode.d7.loss_cls: 0.2189  decode.d7.loss_mask: 1.2198  decode.d7.loss_dice: 1.3242  decode.d8.loss_cls: 0.2266  decode.d8.loss_mask: 1.2146  decode.d8.loss_dice: 1.3277
2026/06/16 01:17:03 - mmengine - INFO - Iter(train) [15350/20000]  base_lr: 2.8859e-05 lr: 2.8859e-05  eta: 1:40:39  time: 1.2974  data_time: 0.0349  memory: 8609  grad_norm: 89.6762  loss: 26.2932  decode.loss_cls: 0.1570  decode.loss_mask: 1.0979  decode.loss_dice: 1.2136  decode.d0.loss_cls: 0.8424  decode.d0.loss_mask: 1.1534  decode.d0.loss_dice: 1.3510  decode.d1.loss_cls: 0.4145  decode.d1.loss_mask: 1.1199  decode.d1.loss_dice: 1.3047  decode.d2.loss_cls: 0.3188  decode.d2.loss_mask: 1.1110  decode.d2.loss_dice: 1.2450  decode.d3.loss_cls: 0.2306  decode.d3.loss_mask: 1.0938  decode.d3.loss_dice: 1.2232  decode.d4.loss_cls: 0.1815  decode.d4.loss_mask: 1.0997  decode.d4.loss_dice: 1.2323  decode.d5.loss_cls: 0.1705  decode.d5.loss_mask: 1.0980  decode.d5.loss_dice: 1.2251  decode.d6.loss_cls: 0.1670  decode.d6.loss_mask: 1.0950  decode.d6.loss_dice: 1.2139  decode.d7.loss_cls: 0.1614  decode.d7.loss_mask: 1.0899  decode.d7.loss_dice: 1.2096  decode.d8.loss_cls: 0.1556  decode.d8.loss_mask: 1.0958  decode.d8.loss_dice: 1.2213
2026/06/16 01:18:08 - mmengine - INFO - Iter(train) [15400/20000]  base_lr: 2.8579e-05 lr: 2.8579e-05  eta: 1:39:34  time: 1.2923  data_time: 0.0344  memory: 8609  grad_norm: 104.4830  loss: 28.0595  decode.loss_cls: 0.1854  decode.loss_mask: 1.1835  decode.loss_dice: 1.2863  decode.d0.loss_cls: 0.8040  decode.d0.loss_mask: 1.2217  decode.d0.loss_dice: 1.4188  decode.d1.loss_cls: 0.4310  decode.d1.loss_mask: 1.2136  decode.d1.loss_dice: 1.3637  decode.d2.loss_cls: 0.2864  decode.d2.loss_mask: 1.1924  decode.d2.loss_dice: 1.3215  decode.d3.loss_cls: 0.2406  decode.d3.loss_mask: 1.1808  decode.d3.loss_dice: 1.2925  decode.d4.loss_cls: 0.2349  decode.d4.loss_mask: 1.1821  decode.d4.loss_dice: 1.2921  decode.d5.loss_cls: 0.2404  decode.d5.loss_mask: 1.1862  decode.d5.loss_dice: 1.2892  decode.d6.loss_cls: 0.2109  decode.d6.loss_mask: 1.1782  decode.d6.loss_dice: 1.2845  decode.d7.loss_cls: 0.2181  decode.d7.loss_mask: 1.1755  decode.d7.loss_dice: 1.2846  decode.d8.loss_cls: 0.2020  decode.d8.loss_mask: 1.1766  decode.d8.loss_dice: 1.2823
2026/06/16 01:19:12 - mmengine - INFO - Iter(train) [15450/20000]  base_lr: 2.8299e-05 lr: 2.8299e-05  eta: 1:38:29  time: 1.2826  data_time: 0.0309  memory: 8609  grad_norm: 96.3063  loss: 26.1459  decode.loss_cls: 0.2257  decode.loss_mask: 1.0435  decode.loss_dice: 1.2110  decode.d0.loss_cls: 0.8319  decode.d0.loss_mask: 1.1073  decode.d0.loss_dice: 1.3661  decode.d1.loss_cls: 0.4665  decode.d1.loss_mask: 1.0681  decode.d1.loss_dice: 1.2741  decode.d2.loss_cls: 0.3141  decode.d2.loss_mask: 1.0384  decode.d2.loss_dice: 1.2356  decode.d3.loss_cls: 0.2597  decode.d3.loss_mask: 1.0382  decode.d3.loss_dice: 1.2053  decode.d4.loss_cls: 0.2444  decode.d4.loss_mask: 1.0419  decode.d4.loss_dice: 1.2064  decode.d5.loss_cls: 0.2340  decode.d5.loss_mask: 1.0413  decode.d5.loss_dice: 1.2203  decode.d6.loss_cls: 0.2408  decode.d6.loss_mask: 1.0397  decode.d6.loss_dice: 1.2074  decode.d7.loss_cls: 0.2146  decode.d7.loss_mask: 1.0443  decode.d7.loss_dice: 1.2243  decode.d8.loss_cls: 0.2279  decode.d8.loss_mask: 1.0502  decode.d8.loss_dice: 1.2230
2026/06/16 01:20:17 - mmengine - INFO - Iter(train) [15500/20000]  base_lr: 2.8019e-05 lr: 2.8019e-05  eta: 1:37:24  time: 1.2954  data_time: 0.0333  memory: 8609  grad_norm: 93.0324  loss: 28.6551  decode.loss_cls: 0.2871  decode.loss_mask: 1.1484  decode.loss_dice: 1.2363  decode.d0.loss_cls: 1.1367  decode.d0.loss_mask: 1.2070  decode.d0.loss_dice: 1.4055  decode.d1.loss_cls: 0.6904  decode.d1.loss_mask: 1.1679  decode.d1.loss_dice: 1.3111  decode.d2.loss_cls: 0.4127  decode.d2.loss_mask: 1.1475  decode.d2.loss_dice: 1.2621  decode.d3.loss_cls: 0.3530  decode.d3.loss_mask: 1.1437  decode.d3.loss_dice: 1.2485  decode.d4.loss_cls: 0.3311  decode.d4.loss_mask: 1.1515  decode.d4.loss_dice: 1.2616  decode.d5.loss_cls: 0.3297  decode.d5.loss_mask: 1.1519  decode.d5.loss_dice: 1.2360  decode.d6.loss_cls: 0.2997  decode.d6.loss_mask: 1.1407  decode.d6.loss_dice: 1.2384  decode.d7.loss_cls: 0.3044  decode.d7.loss_mask: 1.1462  decode.d7.loss_dice: 1.2340  decode.d8.loss_cls: 0.2959  decode.d8.loss_mask: 1.1416  decode.d8.loss_dice: 1.2343
2026/06/16 01:21:22 - mmengine - INFO - Iter(train) [15550/20000]  base_lr: 2.7739e-05 lr: 2.7739e-05  eta: 1:36:19  time: 1.2904  data_time: 0.0335  memory: 8609  grad_norm: 106.1119  loss: 28.4602  decode.loss_cls: 0.2049  decode.loss_mask: 1.1522  decode.loss_dice: 1.3219  decode.d0.loss_cls: 0.9099  decode.d0.loss_mask: 1.2098  decode.d0.loss_dice: 1.4800  decode.d1.loss_cls: 0.4922  decode.d1.loss_mask: 1.1942  decode.d1.loss_dice: 1.4126  decode.d2.loss_cls: 0.2992  decode.d2.loss_mask: 1.1629  decode.d2.loss_dice: 1.3479  decode.d3.loss_cls: 0.2606  decode.d3.loss_mask: 1.1633  decode.d3.loss_dice: 1.3191  decode.d4.loss_cls: 0.2714  decode.d4.loss_mask: 1.1512  decode.d4.loss_dice: 1.3223  decode.d5.loss_cls: 0.2465  decode.d5.loss_mask: 1.1536  decode.d5.loss_dice: 1.3253  decode.d6.loss_cls: 0.2141  decode.d6.loss_mask: 1.1481  decode.d6.loss_dice: 1.3239  decode.d7.loss_cls: 0.2239  decode.d7.loss_mask: 1.1486  decode.d7.loss_dice: 1.3166  decode.d8.loss_cls: 0.2231  decode.d8.loss_mask: 1.1451  decode.d8.loss_dice: 1.3159
2026/06/16 01:22:26 - mmengine - INFO - Iter(train) [15600/20000]  base_lr: 2.7458e-05 lr: 2.7458e-05  eta: 1:35:14  time: 1.2834  data_time: 0.0305  memory: 8609  grad_norm: 109.1426  loss: 29.6083  decode.loss_cls: 0.2657  decode.loss_mask: 1.2016  decode.loss_dice: 1.3095  decode.d0.loss_cls: 0.9712  decode.d0.loss_mask: 1.2778  decode.d0.loss_dice: 1.4435  decode.d1.loss_cls: 0.5282  decode.d1.loss_mask: 1.2414  decode.d1.loss_dice: 1.3856  decode.d2.loss_cls: 0.4277  decode.d2.loss_mask: 1.2194  decode.d2.loss_dice: 1.3360  decode.d3.loss_cls: 0.3244  decode.d3.loss_mask: 1.2065  decode.d3.loss_dice: 1.3161  decode.d4.loss_cls: 0.3379  decode.d4.loss_mask: 1.2049  decode.d4.loss_dice: 1.3307  decode.d5.loss_cls: 0.2926  decode.d5.loss_mask: 1.2039  decode.d5.loss_dice: 1.3203  decode.d6.loss_cls: 0.3330  decode.d6.loss_mask: 1.2109  decode.d6.loss_dice: 1.3215  decode.d7.loss_cls: 0.2888  decode.d7.loss_mask: 1.1993  decode.d7.loss_dice: 1.3120  decode.d8.loss_cls: 0.2725  decode.d8.loss_mask: 1.2014  decode.d8.loss_dice: 1.3239
2026/06/16 01:23:30 - mmengine - INFO - Iter(train) [15650/20000]  base_lr: 2.7177e-05 lr: 2.7177e-05  eta: 1:34:08  time: 1.2845  data_time: 0.0309  memory: 8609  grad_norm: 87.1956  loss: 26.2041  decode.loss_cls: 0.1840  decode.loss_mask: 1.0998  decode.loss_dice: 1.2062  decode.d0.loss_cls: 0.7653  decode.d0.loss_mask: 1.1625  decode.d0.loss_dice: 1.3449  decode.d1.loss_cls: 0.3922  decode.d1.loss_mask: 1.1264  decode.d1.loss_dice: 1.2697  decode.d2.loss_cls: 0.3174  decode.d2.loss_mask: 1.1047  decode.d2.loss_dice: 1.2289  decode.d3.loss_cls: 0.2167  decode.d3.loss_mask: 1.1106  decode.d3.loss_dice: 1.2087  decode.d4.loss_cls: 0.2086  decode.d4.loss_mask: 1.1057  decode.d4.loss_dice: 1.2102  decode.d5.loss_cls: 0.1764  decode.d5.loss_mask: 1.1048  decode.d5.loss_dice: 1.2097  decode.d6.loss_cls: 0.1947  decode.d6.loss_mask: 1.0987  decode.d6.loss_dice: 1.2092  decode.d7.loss_cls: 0.1699  decode.d7.loss_mask: 1.1003  decode.d7.loss_dice: 1.2103  decode.d8.loss_cls: 0.1667  decode.d8.loss_mask: 1.0971  decode.d8.loss_dice: 1.2039
2026/06/16 01:24:35 - mmengine - INFO - Iter(train) [15700/20000]  base_lr: 2.6896e-05 lr: 2.6896e-05  eta: 1:33:03  time: 1.2833  data_time: 0.0304  memory: 8609  grad_norm: 104.7088  loss: 28.4492  decode.loss_cls: 0.2476  decode.loss_mask: 1.1407  decode.loss_dice: 1.3036  decode.d0.loss_cls: 0.9130  decode.d0.loss_mask: 1.1931  decode.d0.loss_dice: 1.4545  decode.d1.loss_cls: 0.4468  decode.d1.loss_mask: 1.1659  decode.d1.loss_dice: 1.4190  decode.d2.loss_cls: 0.3384  decode.d2.loss_mask: 1.1518  decode.d2.loss_dice: 1.3557  decode.d3.loss_cls: 0.3094  decode.d3.loss_mask: 1.1308  decode.d3.loss_dice: 1.3292  decode.d4.loss_cls: 0.2777  decode.d4.loss_mask: 1.1245  decode.d4.loss_dice: 1.3254  decode.d5.loss_cls: 0.2548  decode.d5.loss_mask: 1.1308  decode.d5.loss_dice: 1.3255  decode.d6.loss_cls: 0.2614  decode.d6.loss_mask: 1.1362  decode.d6.loss_dice: 1.3196  decode.d7.loss_cls: 0.2450  decode.d7.loss_mask: 1.1342  decode.d7.loss_dice: 1.2994  decode.d8.loss_cls: 0.2669  decode.d8.loss_mask: 1.1337  decode.d8.loss_dice: 1.3144
2026/06/16 01:25:39 - mmengine - INFO - Iter(train) [15750/20000]  base_lr: 2.6614e-05 lr: 2.6614e-05  eta: 1:31:58  time: 1.2878  data_time: 0.0318  memory: 8609  grad_norm: 81.8294  loss: 26.7454  decode.loss_cls: 0.1468  decode.loss_mask: 1.1204  decode.loss_dice: 1.2383  decode.d0.loss_cls: 0.8757  decode.d0.loss_mask: 1.1974  decode.d0.loss_dice: 1.3343  decode.d1.loss_cls: 0.4112  decode.d1.loss_mask: 1.1541  decode.d1.loss_dice: 1.2958  decode.d2.loss_cls: 0.2757  decode.d2.loss_mask: 1.1351  decode.d2.loss_dice: 1.2788  decode.d3.loss_cls: 0.1980  decode.d3.loss_mask: 1.1345  decode.d3.loss_dice: 1.2547  decode.d4.loss_cls: 0.1900  decode.d4.loss_mask: 1.1383  decode.d4.loss_dice: 1.2532  decode.d5.loss_cls: 0.1865  decode.d5.loss_mask: 1.1305  decode.d5.loss_dice: 1.2540  decode.d6.loss_cls: 0.1438  decode.d6.loss_mask: 1.1310  decode.d6.loss_dice: 1.2504  decode.d7.loss_cls: 0.1300  decode.d7.loss_mask: 1.1349  decode.d7.loss_dice: 1.2428  decode.d8.loss_cls: 0.1462  decode.d8.loss_mask: 1.1259  decode.d8.loss_dice: 1.2370
2026/06/16 01:26:44 - mmengine - INFO - Iter(train) [15800/20000]  base_lr: 2.6332e-05 lr: 2.6332e-05  eta: 1:30:53  time: 1.2921  data_time: 0.0336  memory: 8609  grad_norm: 82.8936  loss: 23.8206  decode.loss_cls: 0.1360  decode.loss_mask: 1.0020  decode.loss_dice: 1.1003  decode.d0.loss_cls: 0.7652  decode.d0.loss_mask: 1.0592  decode.d0.loss_dice: 1.2676  decode.d1.loss_cls: 0.4503  decode.d1.loss_mask: 1.0273  decode.d1.loss_dice: 1.1835  decode.d2.loss_cls: 0.2374  decode.d2.loss_mask: 1.0014  decode.d2.loss_dice: 1.1295  decode.d3.loss_cls: 0.1649  decode.d3.loss_mask: 1.0003  decode.d3.loss_dice: 1.1067  decode.d4.loss_cls: 0.1524  decode.d4.loss_mask: 0.9961  decode.d4.loss_dice: 1.1136  decode.d5.loss_cls: 0.1349  decode.d5.loss_mask: 0.9930  decode.d5.loss_dice: 1.1109  decode.d6.loss_cls: 0.1479  decode.d6.loss_mask: 0.9910  decode.d6.loss_dice: 1.0941  decode.d7.loss_cls: 0.1336  decode.d7.loss_mask: 0.9933  decode.d7.loss_dice: 1.0904  decode.d8.loss_cls: 0.1423  decode.d8.loss_mask: 0.9954  decode.d8.loss_dice: 1.1000
2026/06/16 01:27:48 - mmengine - INFO - Iter(train) [15850/20000]  base_lr: 2.6050e-05 lr: 2.6050e-05  eta: 1:29:48  time: 1.2869  data_time: 0.0318  memory: 8609  grad_norm: 86.7071  loss: 26.6135  decode.loss_cls: 0.1997  decode.loss_mask: 1.0945  decode.loss_dice: 1.1938  decode.d0.loss_cls: 0.9922  decode.d0.loss_mask: 1.1636  decode.d0.loss_dice: 1.3715  decode.d1.loss_cls: 0.5077  decode.d1.loss_mask: 1.1335  decode.d1.loss_dice: 1.2779  decode.d2.loss_cls: 0.3091  decode.d2.loss_mask: 1.1026  decode.d2.loss_dice: 1.2401  decode.d3.loss_cls: 0.2559  decode.d3.loss_mask: 1.0935  decode.d3.loss_dice: 1.2083  decode.d4.loss_cls: 0.2205  decode.d4.loss_mask: 1.1041  decode.d4.loss_dice: 1.2154  decode.d5.loss_cls: 0.1918  decode.d5.loss_mask: 1.0994  decode.d5.loss_dice: 1.2050  decode.d6.loss_cls: 0.1901  decode.d6.loss_mask: 1.0917  decode.d6.loss_dice: 1.1963  decode.d7.loss_cls: 0.1760  decode.d7.loss_mask: 1.0931  decode.d7.loss_dice: 1.1977  decode.d8.loss_cls: 0.1895  decode.d8.loss_mask: 1.0959  decode.d8.loss_dice: 1.2033
2026/06/16 01:28:53 - mmengine - INFO - Iter(train) [15900/20000]  base_lr: 2.5767e-05 lr: 2.5767e-05  eta: 1:28:43  time: 1.2892  data_time: 0.0305  memory: 8609  grad_norm: 96.0107  loss: 27.2712  decode.loss_cls: 0.2109  decode.loss_mask: 1.0565  decode.loss_dice: 1.3038  decode.d0.loss_cls: 0.7975  decode.d0.loss_mask: 1.1159  decode.d0.loss_dice: 1.5119  decode.d1.loss_cls: 0.4959  decode.d1.loss_mask: 1.0882  decode.d1.loss_dice: 1.4025  decode.d2.loss_cls: 0.3000  decode.d2.loss_mask: 1.0719  decode.d2.loss_dice: 1.3448  decode.d3.loss_cls: 0.2486  decode.d3.loss_mask: 1.0663  decode.d3.loss_dice: 1.3358  decode.d4.loss_cls: 0.2143  decode.d4.loss_mask: 1.0630  decode.d4.loss_dice: 1.3340  decode.d5.loss_cls: 0.1988  decode.d5.loss_mask: 1.0580  decode.d5.loss_dice: 1.3176  decode.d6.loss_cls: 0.2121  decode.d6.loss_mask: 1.0662  decode.d6.loss_dice: 1.3104  decode.d7.loss_cls: 0.1963  decode.d7.loss_mask: 1.0605  decode.d7.loss_dice: 1.3251  decode.d8.loss_cls: 0.1839  decode.d8.loss_mask: 1.0591  decode.d8.loss_dice: 1.3215
2026/06/16 01:29:58 - mmengine - INFO - Iter(train) [15950/20000]  base_lr: 2.5484e-05 lr: 2.5484e-05  eta: 1:27:38  time: 1.2961  data_time: 0.0333  memory: 8609  grad_norm: 94.0119  loss: 27.1381  decode.loss_cls: 0.2292  decode.loss_mask: 1.0923  decode.loss_dice: 1.2002  decode.d0.loss_cls: 1.0520  decode.d0.loss_mask: 1.1770  decode.d0.loss_dice: 1.3843  decode.d1.loss_cls: 0.6387  decode.d1.loss_mask: 1.1268  decode.d1.loss_dice: 1.2723  decode.d2.loss_cls: 0.3698  decode.d2.loss_mask: 1.1123  decode.d2.loss_dice: 1.2169  decode.d3.loss_cls: 0.2649  decode.d3.loss_mask: 1.1055  decode.d3.loss_dice: 1.2066  decode.d4.loss_cls: 0.2342  decode.d4.loss_mask: 1.1022  decode.d4.loss_dice: 1.2168  decode.d5.loss_cls: 0.2132  decode.d5.loss_mask: 1.1032  decode.d5.loss_dice: 1.2273  decode.d6.loss_cls: 0.2229  decode.d6.loss_mask: 1.1056  decode.d6.loss_dice: 1.2121  decode.d7.loss_cls: 0.2169  decode.d7.loss_mask: 1.1029  decode.d7.loss_dice: 1.2114  decode.d8.loss_cls: 0.2136  decode.d8.loss_mask: 1.1007  decode.d8.loss_dice: 1.2063
2026/06/16 01:31:02 - mmengine - INFO - Exp name: dinov3l_m2f_pastis_temporal_v1_20260615_192803
2026/06/16 01:31:02 - mmengine - INFO - Iter(train) [16000/20000]  base_lr: 2.5201e-05 lr: 2.5201e-05  eta: 1:26:33  time: 1.2917  data_time: 0.0325  memory: 8609  grad_norm: 96.4233  loss: 28.1056  decode.loss_cls: 0.1834  decode.loss_mask: 1.1170  decode.loss_dice: 1.3270  decode.d0.loss_cls: 0.9084  decode.d0.loss_mask: 1.1600  decode.d0.loss_dice: 1.4755  decode.d1.loss_cls: 0.5395  decode.d1.loss_mask: 1.1653  decode.d1.loss_dice: 1.4040  decode.d2.loss_cls: 0.3289  decode.d2.loss_mask: 1.1403  decode.d2.loss_dice: 1.3634  decode.d3.loss_cls: 0.2268  decode.d3.loss_mask: 1.1257  decode.d3.loss_dice: 1.3428  decode.d4.loss_cls: 0.2290  decode.d4.loss_mask: 1.1193  decode.d4.loss_dice: 1.3370  decode.d5.loss_cls: 0.2314  decode.d5.loss_mask: 1.1148  decode.d5.loss_dice: 1.3307  decode.d6.loss_cls: 0.2200  decode.d6.loss_mask: 1.1199  decode.d6.loss_dice: 1.3328  decode.d7.loss_cls: 0.1866  decode.d7.loss_mask: 1.1219  decode.d7.loss_dice: 1.3370  decode.d8.loss_cls: 0.1684  decode.d8.loss_mask: 1.1141  decode.d8.loss_dice: 1.3351
2026/06/16 01:31:02 - mmengine - INFO - Saving checkpoint at 16000 iterations
2026/06/16 01:31:35 - mmengine - INFO - Iter(val) [ 50/121]    eta: 0:00:37  time: 0.5150  data_time: 0.0229  memory: 6109  
2026/06/16 01:32:01 - mmengine - INFO - Iter(val) [100/121]    eta: 0:00:10  time: 0.5159  data_time: 0.0231  memory: 6109  
2026/06/16 01:32:12 - mmengine - INFO - per class results:
2026/06/16 01:32:12 - mmengine - INFO - 
+---------+-------+-------+
|  Class  |  IoU  |  Acc  |
+---------+-------+-------+
|  crop_1 | 73.83 | 86.25 |
|  crop_2 | 62.61 | 75.19 |
|  crop_3 | 78.41 | 88.13 |
|  crop_4 | 81.14 | 89.66 |
|  crop_5 | 69.15 | 80.97 |
|  crop_6 |  85.8 | 92.13 |
|  crop_7 | 34.73 | 54.21 |
|  crop_8 |  48.7 | 63.16 |
|  crop_9 | 43.81 | 55.52 |
| crop_10 | 80.24 | 88.06 |
| crop_11 | 30.65 | 46.33 |
| crop_12 | 51.06 | 76.28 |
| crop_13 |  29.4 | 53.26 |
| crop_14 | 32.27 | 48.27 |
| crop_15 | 28.92 | 41.51 |
| crop_16 | 55.83 | 74.39 |
| crop_17 | 37.33 |  46.4 |
| crop_18 | 22.95 | 34.01 |
| crop_19 | 16.18 | 33.95 |
+---------+-------+-------+
2026/06/16 01:32:12 - mmengine - INFO - Iter(val) [121/121]    aAcc: 80.4100  mIoU: 50.6900  mAcc: 64.6100  data_time: 0.0265  time: 0.5148
2026/06/16 01:32:12 - mmengine - INFO - The previous best checkpoint /mnt/ht2-nas2/00-model/00-fb/mmseg_dino/work_dirs/dinov3l_m2f_pastis_temporal_v1/best_mIoU_iter_11000.pth is removed
2026/06/16 01:32:17 - mmengine - INFO - The best checkpoint with 50.6900 mIoU at 16000 iter is saved to best_mIoU_iter_16000.pth.
2026/06/16 01:33:29 - mmengine - INFO - Iter(train) [16050/20000]  base_lr: 2.4917e-05 lr: 2.4917e-05  eta: 1:25:31  time: 1.2884  data_time: 0.0322  memory: 8609  grad_norm: 97.9504  loss: 27.3828  decode.loss_cls: 0.2089  decode.loss_mask: 1.1119  decode.loss_dice: 1.2195  decode.d0.loss_cls: 1.0573  decode.d0.loss_mask: 1.1859  decode.d0.loss_dice: 1.3911  decode.d1.loss_cls: 0.5674  decode.d1.loss_mask: 1.1567  decode.d1.loss_dice: 1.3241  decode.d2.loss_cls: 0.3818  decode.d2.loss_mask: 1.1275  decode.d2.loss_dice: 1.2660  decode.d3.loss_cls: 0.2572  decode.d3.loss_mask: 1.1205  decode.d3.loss_dice: 1.2434  decode.d4.loss_cls: 0.2021  decode.d4.loss_mask: 1.1239  decode.d4.loss_dice: 1.2530  decode.d5.loss_cls: 0.2060  decode.d5.loss_mask: 1.1132  decode.d5.loss_dice: 1.2355  decode.d6.loss_cls: 0.2143  decode.d6.loss_mask: 1.1109  decode.d6.loss_dice: 1.2197  decode.d7.loss_cls: 0.1982  decode.d7.loss_mask: 1.1159  decode.d7.loss_dice: 1.2350  decode.d8.loss_cls: 0.1875  decode.d8.loss_mask: 1.1122  decode.d8.loss_dice: 1.2361
2026/06/16 01:34:33 - mmengine - INFO - Iter(train) [16100/20000]  base_lr: 2.4633e-05 lr: 2.4633e-05  eta: 1:24:26  time: 1.2836  data_time: 0.0311  memory: 8609  grad_norm: 102.1425  loss: 27.1161  decode.loss_cls: 0.1847  decode.loss_mask: 1.1826  decode.loss_dice: 1.1802  decode.d0.loss_cls: 0.8810  decode.d0.loss_mask: 1.2464  decode.d0.loss_dice: 1.3280  decode.d1.loss_cls: 0.5121  decode.d1.loss_mask: 1.2023  decode.d1.loss_dice: 1.2615  decode.d2.loss_cls: 0.2874  decode.d2.loss_mask: 1.1964  decode.d2.loss_dice: 1.2188  decode.d3.loss_cls: 0.2630  decode.d3.loss_mask: 1.1782  decode.d3.loss_dice: 1.1828  decode.d4.loss_cls: 0.2259  decode.d4.loss_mask: 1.1839  decode.d4.loss_dice: 1.1832  decode.d5.loss_cls: 0.2088  decode.d5.loss_mask: 1.1786  decode.d5.loss_dice: 1.1908  decode.d6.loss_cls: 0.1911  decode.d6.loss_mask: 1.1896  decode.d6.loss_dice: 1.1790  decode.d7.loss_cls: 0.1767  decode.d7.loss_mask: 1.1835  decode.d7.loss_dice: 1.1862  decode.d8.loss_cls: 0.1705  decode.d8.loss_mask: 1.1811  decode.d8.loss_dice: 1.1816
2026/06/16 01:35:37 - mmengine - INFO - Iter(train) [16150/20000]  base_lr: 2.4349e-05 lr: 2.4349e-05  eta: 1:23:21  time: 1.2870  data_time: 0.0315  memory: 8609  grad_norm: 108.4662  loss: 28.2460  decode.loss_cls: 0.2720  decode.loss_mask: 1.1085  decode.loss_dice: 1.2518  decode.d0.loss_cls: 1.0501  decode.d0.loss_mask: 1.1757  decode.d0.loss_dice: 1.4154  decode.d1.loss_cls: 0.6495  decode.d1.loss_mask: 1.1382  decode.d1.loss_dice: 1.3359  decode.d2.loss_cls: 0.4607  decode.d2.loss_mask: 1.1126  decode.d2.loss_dice: 1.2844  decode.d3.loss_cls: 0.3729  decode.d3.loss_mask: 1.1149  decode.d3.loss_dice: 1.2548  decode.d4.loss_cls: 0.2924  decode.d4.loss_mask: 1.1115  decode.d4.loss_dice: 1.2657  decode.d5.loss_cls: 0.3079  decode.d5.loss_mask: 1.1097  decode.d5.loss_dice: 1.2605  decode.d6.loss_cls: 0.2948  decode.d6.loss_mask: 1.1087  decode.d6.loss_dice: 1.2559  decode.d7.loss_cls: 0.2624  decode.d7.loss_mask: 1.1083  decode.d7.loss_dice: 1.2461  decode.d8.loss_cls: 0.2682  decode.d8.loss_mask: 1.1074  decode.d8.loss_dice: 1.2490
2026/06/16 01:36:42 - mmengine - INFO - Iter(train) [16200/20000]  base_lr: 2.4064e-05 lr: 2.4064e-05  eta: 1:22:16  time: 1.2928  data_time: 0.0336  memory: 8609  grad_norm: 94.0075  loss: 25.5849  decode.loss_cls: 0.1707  decode.loss_mask: 1.0646  decode.loss_dice: 1.2132  decode.d0.loss_cls: 0.7181  decode.d0.loss_mask: 1.1109  decode.d0.loss_dice: 1.3530  decode.d1.loss_cls: 0.4174  decode.d1.loss_mask: 1.0821  decode.d1.loss_dice: 1.2773  decode.d2.loss_cls: 0.2450  decode.d2.loss_mask: 1.0666  decode.d2.loss_dice: 1.2488  decode.d3.loss_cls: 0.1675  decode.d3.loss_mask: 1.0593  decode.d3.loss_dice: 1.2266  decode.d4.loss_cls: 0.1984  decode.d4.loss_mask: 1.0653  decode.d4.loss_dice: 1.2066  decode.d5.loss_cls: 0.1470  decode.d5.loss_mask: 1.0590  decode.d5.loss_dice: 1.2129  decode.d6.loss_cls: 0.1460  decode.d6.loss_mask: 1.0626  decode.d6.loss_dice: 1.2049  decode.d7.loss_cls: 0.1537  decode.d7.loss_mask: 1.0621  decode.d7.loss_dice: 1.2072  decode.d8.loss_cls: 0.1509  decode.d8.loss_mask: 1.0691  decode.d8.loss_dice: 1.2179
2026/06/16 01:37:46 - mmengine - INFO - Iter(train) [16250/20000]  base_lr: 2.3779e-05 lr: 2.3779e-05  eta: 1:21:11  time: 1.2946  data_time: 0.0339  memory: 8609  grad_norm: 83.4068  loss: 23.6272  decode.loss_cls: 0.1172  decode.loss_mask: 1.0224  decode.loss_dice: 1.0740  decode.d0.loss_cls: 0.7818  decode.d0.loss_mask: 1.0500  decode.d0.loss_dice: 1.1959  decode.d1.loss_cls: 0.3704  decode.d1.loss_mask: 1.0484  decode.d1.loss_dice: 1.1626  decode.d2.loss_cls: 0.1972  decode.d2.loss_mask: 1.0305  decode.d2.loss_dice: 1.1335  decode.d3.loss_cls: 0.1697  decode.d3.loss_mask: 1.0198  decode.d3.loss_dice: 1.1017  decode.d4.loss_cls: 0.1395  decode.d4.loss_mask: 1.0208  decode.d4.loss_dice: 1.0964  decode.d5.loss_cls: 0.1239  decode.d5.loss_mask: 1.0214  decode.d5.loss_dice: 1.0963  decode.d6.loss_cls: 0.1227  decode.d6.loss_mask: 1.0221  decode.d6.loss_dice: 1.0773  decode.d7.loss_cls: 0.1217  decode.d7.loss_mask: 1.0226  decode.d7.loss_dice: 1.0748  decode.d8.loss_cls: 0.1041  decode.d8.loss_mask: 1.0251  decode.d8.loss_dice: 1.0830
2026/06/16 01:38:51 - mmengine - INFO - Iter(train) [16300/20000]  base_lr: 2.3494e-05 lr: 2.3494e-05  eta: 1:20:06  time: 1.2928  data_time: 0.0333  memory: 8609  grad_norm: 96.4757  loss: 27.6522  decode.loss_cls: 0.2576  decode.loss_mask: 1.1290  decode.loss_dice: 1.2385  decode.d0.loss_cls: 0.7770  decode.d0.loss_mask: 1.1889  decode.d0.loss_dice: 1.3752  decode.d1.loss_cls: 0.4463  decode.d1.loss_mask: 1.1633  decode.d1.loss_dice: 1.3197  decode.d2.loss_cls: 0.3253  decode.d2.loss_mask: 1.1364  decode.d2.loss_dice: 1.2895  decode.d3.loss_cls: 0.3272  decode.d3.loss_mask: 1.1329  decode.d3.loss_dice: 1.2564  decode.d4.loss_cls: 0.2676  decode.d4.loss_mask: 1.1308  decode.d4.loss_dice: 1.2539  decode.d5.loss_cls: 0.2906  decode.d5.loss_mask: 1.1269  decode.d5.loss_dice: 1.2614  decode.d6.loss_cls: 0.2869  decode.d6.loss_mask: 1.1274  decode.d6.loss_dice: 1.2492  decode.d7.loss_cls: 0.2855  decode.d7.loss_mask: 1.1326  decode.d7.loss_dice: 1.2513  decode.d8.loss_cls: 0.2560  decode.d8.loss_mask: 1.1231  decode.d8.loss_dice: 1.2458
2026/06/16 01:39:55 - mmengine - INFO - Iter(train) [16350/20000]  base_lr: 2.3208e-05 lr: 2.3208e-05  eta: 1:19:01  time: 1.2891  data_time: 0.0306  memory: 8609  grad_norm: 77.8961  loss: 24.6010  decode.loss_cls: 0.1414  decode.loss_mask: 1.0609  decode.loss_dice: 1.1050  decode.d0.loss_cls: 0.7690  decode.d0.loss_mask: 1.1072  decode.d0.loss_dice: 1.2447  decode.d1.loss_cls: 0.4302  decode.d1.loss_mask: 1.0779  decode.d1.loss_dice: 1.1625  decode.d2.loss_cls: 0.2375  decode.d2.loss_mask: 1.0744  decode.d2.loss_dice: 1.1299  decode.d3.loss_cls: 0.2138  decode.d3.loss_mask: 1.0635  decode.d3.loss_dice: 1.1125  decode.d4.loss_cls: 0.1737  decode.d4.loss_mask: 1.0688  decode.d4.loss_dice: 1.1081  decode.d5.loss_cls: 0.1993  decode.d5.loss_mask: 1.0567  decode.d5.loss_dice: 1.0960  decode.d6.loss_cls: 0.1702  decode.d6.loss_mask: 1.0635  decode.d6.loss_dice: 1.0986  decode.d7.loss_cls: 0.1619  decode.d7.loss_mask: 1.0521  decode.d7.loss_dice: 1.1032  decode.d8.loss_cls: 0.1381  decode.d8.loss_mask: 1.0697  decode.d8.loss_dice: 1.1105
2026/06/16 01:41:08 - mmengine - INFO - Iter(train) [16400/20000]  base_lr: 2.2921e-05 lr: 2.2921e-05  eta: 1:17:58  time: 1.2930  data_time: 0.0321  memory: 8609  grad_norm: 90.2492  loss: 25.2775  decode.loss_cls: 0.1263  decode.loss_mask: 1.1059  decode.loss_dice: 1.1222  decode.d0.loss_cls: 0.8194  decode.d0.loss_mask: 1.1792  decode.d0.loss_dice: 1.2317  decode.d1.loss_cls: 0.4089  decode.d1.loss_mask: 1.1474  decode.d1.loss_dice: 1.1756  decode.d2.loss_cls: 0.2202  decode.d2.loss_mask: 1.1371  decode.d2.loss_dice: 1.1487  decode.d3.loss_cls: 0.2066  decode.d3.loss_mask: 1.1239  decode.d3.loss_dice: 1.1432  decode.d4.loss_cls: 0.1999  decode.d4.loss_mask: 1.1094  decode.d4.loss_dice: 1.1279  decode.d5.loss_cls: 0.1882  decode.d5.loss_mask: 1.1156  decode.d5.loss_dice: 1.1270  decode.d6.loss_cls: 0.1458  decode.d6.loss_mask: 1.1185  decode.d6.loss_dice: 1.1288  decode.d7.loss_cls: 0.1232  decode.d7.loss_mask: 1.1125  decode.d7.loss_dice: 1.1227  decode.d8.loss_cls: 0.1343  decode.d8.loss_mask: 1.1071  decode.d8.loss_dice: 1.1205
2026/06/16 01:42:13 - mmengine - INFO - Iter(train) [16450/20000]  base_lr: 2.2635e-05 lr: 2.2635e-05  eta: 1:16:53  time: 1.2948  data_time: 0.0328  memory: 8609  grad_norm: 107.8388  loss: 28.4775  decode.loss_cls: 0.1598  decode.loss_mask: 1.2401  decode.loss_dice: 1.2758  decode.d0.loss_cls: 0.8813  decode.d0.loss_mask: 1.3278  decode.d0.loss_dice: 1.4107  decode.d1.loss_cls: 0.4633  decode.d1.loss_mask: 1.2907  decode.d1.loss_dice: 1.3377  decode.d2.loss_cls: 0.3145  decode.d2.loss_mask: 1.2476  decode.d2.loss_dice: 1.3006  decode.d3.loss_cls: 0.2218  decode.d3.loss_mask: 1.2452  decode.d3.loss_dice: 1.2795  decode.d4.loss_cls: 0.1908  decode.d4.loss_mask: 1.2429  decode.d4.loss_dice: 1.2913  decode.d5.loss_cls: 0.1594  decode.d5.loss_mask: 1.2367  decode.d5.loss_dice: 1.3037  decode.d6.loss_cls: 0.1583  decode.d6.loss_mask: 1.2316  decode.d6.loss_dice: 1.2955  decode.d7.loss_cls: 0.1555  decode.d7.loss_mask: 1.2391  decode.d7.loss_dice: 1.2928  decode.d8.loss_cls: 0.1617  decode.d8.loss_mask: 1.2377  decode.d8.loss_dice: 1.2841
2026/06/16 01:43:18 - mmengine - INFO - Iter(train) [16500/20000]  base_lr: 2.2347e-05 lr: 2.2347e-05  eta: 1:15:48  time: 1.2917  data_time: 0.0323  memory: 8609  grad_norm: 95.5032  loss: 27.7427  decode.loss_cls: 0.1308  decode.loss_mask: 1.2098  decode.loss_dice: 1.2963  decode.d0.loss_cls: 0.6759  decode.d0.loss_mask: 1.2884  decode.d0.loss_dice: 1.4192  decode.d1.loss_cls: 0.3545  decode.d1.loss_mask: 1.2412  decode.d1.loss_dice: 1.3617  decode.d2.loss_cls: 0.2561  decode.d2.loss_mask: 1.2106  decode.d2.loss_dice: 1.3391  decode.d3.loss_cls: 0.1769  decode.d3.loss_mask: 1.2128  decode.d3.loss_dice: 1.3140  decode.d4.loss_cls: 0.1583  decode.d4.loss_mask: 1.2108  decode.d4.loss_dice: 1.3201  decode.d5.loss_cls: 0.1347  decode.d5.loss_mask: 1.2171  decode.d5.loss_dice: 1.3248  decode.d6.loss_cls: 0.1210  decode.d6.loss_mask: 1.2069  decode.d6.loss_dice: 1.2997  decode.d7.loss_cls: 0.1175  decode.d7.loss_mask: 1.2079  decode.d7.loss_dice: 1.3006  decode.d8.loss_cls: 0.1204  decode.d8.loss_mask: 1.2089  decode.d8.loss_dice: 1.3065
2026/06/16 01:44:22 - mmengine - INFO - Iter(train) [16550/20000]  base_lr: 2.2060e-05 lr: 2.2060e-05  eta: 1:14:43  time: 1.2910  data_time: 0.0332  memory: 8609  grad_norm: 101.8377  loss: 27.0967  decode.loss_cls: 0.1816  decode.loss_mask: 1.1597  decode.loss_dice: 1.2385  decode.d0.loss_cls: 0.8105  decode.d0.loss_mask: 1.2112  decode.d0.loss_dice: 1.3364  decode.d1.loss_cls: 0.4189  decode.d1.loss_mask: 1.1809  decode.d1.loss_dice: 1.2831  decode.d2.loss_cls: 0.3352  decode.d2.loss_mask: 1.1609  decode.d2.loss_dice: 1.2447  decode.d3.loss_cls: 0.2255  decode.d3.loss_mask: 1.1543  decode.d3.loss_dice: 1.2399  decode.d4.loss_cls: 0.2013  decode.d4.loss_mask: 1.1528  decode.d4.loss_dice: 1.2421  decode.d5.loss_cls: 0.1995  decode.d5.loss_mask: 1.1444  decode.d5.loss_dice: 1.2390  decode.d6.loss_cls: 0.1909  decode.d6.loss_mask: 1.1523  decode.d6.loss_dice: 1.2360  decode.d7.loss_cls: 0.1848  decode.d7.loss_mask: 1.1633  decode.d7.loss_dice: 1.2507  decode.d8.loss_cls: 0.1573  decode.d8.loss_mask: 1.1563  decode.d8.loss_dice: 1.2450
2026/06/16 01:45:27 - mmengine - INFO - Iter(train) [16600/20000]  base_lr: 2.1772e-05 lr: 2.1772e-05  eta: 1:13:37  time: 1.2952  data_time: 0.0339  memory: 8609  grad_norm: 85.5057  loss: 24.5032  decode.loss_cls: 0.1766  decode.loss_mask: 1.0110  decode.loss_dice: 1.1070  decode.d0.loss_cls: 0.8982  decode.d0.loss_mask: 1.0610  decode.d0.loss_dice: 1.2494  decode.d1.loss_cls: 0.3689  decode.d1.loss_mask: 1.0409  decode.d1.loss_dice: 1.1966  decode.d2.loss_cls: 0.2738  decode.d2.loss_mask: 1.0257  decode.d2.loss_dice: 1.1421  decode.d3.loss_cls: 0.1954  decode.d3.loss_mask: 1.0180  decode.d3.loss_dice: 1.1361  decode.d4.loss_cls: 0.2108  decode.d4.loss_mask: 1.0146  decode.d4.loss_dice: 1.1323  decode.d5.loss_cls: 0.2044  decode.d5.loss_mask: 1.0086  decode.d5.loss_dice: 1.1279  decode.d6.loss_cls: 0.1991  decode.d6.loss_mask: 1.0132  decode.d6.loss_dice: 1.1176  decode.d7.loss_cls: 0.1670  decode.d7.loss_mask: 1.0082  decode.d7.loss_dice: 1.1150  decode.d8.loss_cls: 0.1626  decode.d8.loss_mask: 1.0119  decode.d8.loss_dice: 1.1094
2026/06/16 01:46:32 - mmengine - INFO - Iter(train) [16650/20000]  base_lr: 2.1484e-05 lr: 2.1484e-05  eta: 1:12:33  time: 1.3006  data_time: 0.0337  memory: 8609  grad_norm: 100.8253  loss: 26.7487  decode.loss_cls: 0.2156  decode.loss_mask: 1.1117  decode.loss_dice: 1.1756  decode.d0.loss_cls: 0.9369  decode.d0.loss_mask: 1.1810  decode.d0.loss_dice: 1.3045  decode.d1.loss_cls: 0.5499  decode.d1.loss_mask: 1.1337  decode.d1.loss_dice: 1.2199  decode.d2.loss_cls: 0.3285  decode.d2.loss_mask: 1.1219  decode.d2.loss_dice: 1.1900  decode.d3.loss_cls: 0.3088  decode.d3.loss_mask: 1.1160  decode.d3.loss_dice: 1.1684  decode.d4.loss_cls: 0.2817  decode.d4.loss_mask: 1.1115  decode.d4.loss_dice: 1.1637  decode.d5.loss_cls: 0.2658  decode.d5.loss_mask: 1.1028  decode.d5.loss_dice: 1.1748  decode.d6.loss_cls: 0.2363  decode.d6.loss_mask: 1.1151  decode.d6.loss_dice: 1.1723  decode.d7.loss_cls: 0.2547  decode.d7.loss_mask: 1.1104  decode.d7.loss_dice: 1.1702  decode.d8.loss_cls: 0.2381  decode.d8.loss_mask: 1.1154  decode.d8.loss_dice: 1.1732
2026/06/16 01:47:36 - mmengine - INFO - Iter(train) [16700/20000]  base_lr: 2.1195e-05 lr: 2.1195e-05  eta: 1:11:27  time: 1.2834  data_time: 0.0301  memory: 8609  grad_norm: 96.2654  loss: 26.4512  decode.loss_cls: 0.1452  decode.loss_mask: 1.0998  decode.loss_dice: 1.2512  decode.d0.loss_cls: 0.7501  decode.d0.loss_mask: 1.1372  decode.d0.loss_dice: 1.3678  decode.d1.loss_cls: 0.4749  decode.d1.loss_mask: 1.1270  decode.d1.loss_dice: 1.3021  decode.d2.loss_cls: 0.2630  decode.d2.loss_mask: 1.1130  decode.d2.loss_dice: 1.2781  decode.d3.loss_cls: 0.1964  decode.d3.loss_mask: 1.1114  decode.d3.loss_dice: 1.2466  decode.d4.loss_cls: 0.1931  decode.d4.loss_mask: 1.1063  decode.d4.loss_dice: 1.2566  decode.d5.loss_cls: 0.1539  decode.d5.loss_mask: 1.1094  decode.d5.loss_dice: 1.2585  decode.d6.loss_cls: 0.1601  decode.d6.loss_mask: 1.1021  decode.d6.loss_dice: 1.2439  decode.d7.loss_cls: 0.1463  decode.d7.loss_mask: 1.1042  decode.d7.loss_dice: 1.2544  decode.d8.loss_cls: 0.1545  decode.d8.loss_mask: 1.0973  decode.d8.loss_dice: 1.2467
2026/06/16 01:48:41 - mmengine - INFO - Iter(train) [16750/20000]  base_lr: 2.0906e-05 lr: 2.0906e-05  eta: 1:10:22  time: 1.3086  data_time: 0.0284  memory: 8609  grad_norm: 93.1975  loss: 26.4106  decode.loss_cls: 0.1900  decode.loss_mask: 1.1127  decode.loss_dice: 1.2033  decode.d0.loss_cls: 0.8704  decode.d0.loss_mask: 1.1762  decode.d0.loss_dice: 1.3408  decode.d1.loss_cls: 0.4741  decode.d1.loss_mask: 1.1440  decode.d1.loss_dice: 1.2743  decode.d2.loss_cls: 0.2600  decode.d2.loss_mask: 1.1203  decode.d2.loss_dice: 1.2495  decode.d3.loss_cls: 0.1796  decode.d3.loss_mask: 1.1105  decode.d3.loss_dice: 1.2149  decode.d4.loss_cls: 0.1991  decode.d4.loss_mask: 1.1112  decode.d4.loss_dice: 1.2096  decode.d5.loss_cls: 0.2087  decode.d5.loss_mask: 1.1019  decode.d5.loss_dice: 1.2131  decode.d6.loss_cls: 0.1667  decode.d6.loss_mask: 1.1122  decode.d6.loss_dice: 1.2157  decode.d7.loss_cls: 0.1653  decode.d7.loss_mask: 1.1053  decode.d7.loss_dice: 1.2025  decode.d8.loss_cls: 0.1636  decode.d8.loss_mask: 1.1104  decode.d8.loss_dice: 1.2047
2026/06/16 01:49:45 - mmengine - INFO - Iter(train) [16800/20000]  base_lr: 2.0616e-05 lr: 2.0616e-05  eta: 1:09:17  time: 1.2845  data_time: 0.0322  memory: 8609  grad_norm: 98.5852  loss: 26.2854  decode.loss_cls: 0.1579  decode.loss_mask: 1.0805  decode.loss_dice: 1.1999  decode.d0.loss_cls: 0.8603  decode.d0.loss_mask: 1.1475  decode.d0.loss_dice: 1.3729  decode.d1.loss_cls: 0.5330  decode.d1.loss_mask: 1.1258  decode.d1.loss_dice: 1.3087  decode.d2.loss_cls: 0.3381  decode.d2.loss_mask: 1.0939  decode.d2.loss_dice: 1.2351  decode.d3.loss_cls: 0.2355  decode.d3.loss_mask: 1.0898  decode.d3.loss_dice: 1.2013  decode.d4.loss_cls: 0.2075  decode.d4.loss_mask: 1.0866  decode.d4.loss_dice: 1.2011  decode.d5.loss_cls: 0.1978  decode.d5.loss_mask: 1.0821  decode.d5.loss_dice: 1.1972  decode.d6.loss_cls: 0.1667  decode.d6.loss_mask: 1.0819  decode.d6.loss_dice: 1.2001  decode.d7.loss_cls: 0.1763  decode.d7.loss_mask: 1.0824  decode.d7.loss_dice: 1.1925  decode.d8.loss_cls: 0.1531  decode.d8.loss_mask: 1.0816  decode.d8.loss_dice: 1.1982
2026/06/16 01:50:49 - mmengine - INFO - Iter(train) [16850/20000]  base_lr: 2.0326e-05 lr: 2.0326e-05  eta: 1:08:12  time: 1.2835  data_time: 0.0304  memory: 8609  grad_norm: 91.4316  loss: 26.1658  decode.loss_cls: 0.1608  decode.loss_mask: 1.1083  decode.loss_dice: 1.2047  decode.d0.loss_cls: 0.7575  decode.d0.loss_mask: 1.1544  decode.d0.loss_dice: 1.3390  decode.d1.loss_cls: 0.3924  decode.d1.loss_mask: 1.1283  decode.d1.loss_dice: 1.2895  decode.d2.loss_cls: 0.2776  decode.d2.loss_mask: 1.1036  decode.d2.loss_dice: 1.2451  decode.d3.loss_cls: 0.2225  decode.d3.loss_mask: 1.1064  decode.d3.loss_dice: 1.2150  decode.d4.loss_cls: 0.1885  decode.d4.loss_mask: 1.1191  decode.d4.loss_dice: 1.2241  decode.d5.loss_cls: 0.1721  decode.d5.loss_mask: 1.1101  decode.d5.loss_dice: 1.2184  decode.d6.loss_cls: 0.1657  decode.d6.loss_mask: 1.1055  decode.d6.loss_dice: 1.1953  decode.d7.loss_cls: 0.1724  decode.d7.loss_mask: 1.1032  decode.d7.loss_dice: 1.2014  decode.d8.loss_cls: 0.1701  decode.d8.loss_mask: 1.1114  decode.d8.loss_dice: 1.2033
2026/06/16 01:51:53 - mmengine - INFO - Iter(train) [16900/20000]  base_lr: 2.0035e-05 lr: 2.0035e-05  eta: 1:07:07  time: 1.2817  data_time: 0.0304  memory: 8609  grad_norm: 107.9450  loss: 26.6406  decode.loss_cls: 0.2028  decode.loss_mask: 1.0623  decode.loss_dice: 1.2245  decode.d0.loss_cls: 0.8918  decode.d0.loss_mask: 1.1058  decode.d0.loss_dice: 1.3865  decode.d1.loss_cls: 0.5519  decode.d1.loss_mask: 1.0787  decode.d1.loss_dice: 1.3264  decode.d2.loss_cls: 0.3448  decode.d2.loss_mask: 1.0669  decode.d2.loss_dice: 1.2634  decode.d3.loss_cls: 0.2545  decode.d3.loss_mask: 1.0655  decode.d3.loss_dice: 1.2322  decode.d4.loss_cls: 0.2903  decode.d4.loss_mask: 1.0630  decode.d4.loss_dice: 1.2202  decode.d5.loss_cls: 0.2417  decode.d5.loss_mask: 1.0664  decode.d5.loss_dice: 1.2319  decode.d6.loss_cls: 0.2099  decode.d6.loss_mask: 1.0646  decode.d6.loss_dice: 1.2159  decode.d7.loss_cls: 0.2044  decode.d7.loss_mask: 1.0698  decode.d7.loss_dice: 1.2285  decode.d8.loss_cls: 0.1895  decode.d8.loss_mask: 1.0636  decode.d8.loss_dice: 1.2229
2026/06/16 01:52:57 - mmengine - INFO - Iter(train) [16950/20000]  base_lr: 1.9744e-05 lr: 1.9744e-05  eta: 1:06:02  time: 1.2776  data_time: 0.0299  memory: 8609  grad_norm: 100.4710  loss: 27.2255  decode.loss_cls: 0.1998  decode.loss_mask: 1.0959  decode.loss_dice: 1.2467  decode.d0.loss_cls: 0.9211  decode.d0.loss_mask: 1.1591  decode.d0.loss_dice: 1.3876  decode.d1.loss_cls: 0.4818  decode.d1.loss_mask: 1.1352  decode.d1.loss_dice: 1.3422  decode.d2.loss_cls: 0.3059  decode.d2.loss_mask: 1.1151  decode.d2.loss_dice: 1.2969  decode.d3.loss_cls: 0.2656  decode.d3.loss_mask: 1.1108  decode.d3.loss_dice: 1.2576  decode.d4.loss_cls: 0.2536  decode.d4.loss_mask: 1.1106  decode.d4.loss_dice: 1.2599  decode.d5.loss_cls: 0.2538  decode.d5.loss_mask: 1.1028  decode.d5.loss_dice: 1.2485  decode.d6.loss_cls: 0.2037  decode.d6.loss_mask: 1.1170  decode.d6.loss_dice: 1.2567  decode.d7.loss_cls: 0.1983  decode.d7.loss_mask: 1.1051  decode.d7.loss_dice: 1.2548  decode.d8.loss_cls: 0.1942  decode.d8.loss_mask: 1.1009  decode.d8.loss_dice: 1.2443
2026/06/16 01:54:01 - mmengine - INFO - Exp name: dinov3l_m2f_pastis_temporal_v1_20260615_192803
2026/06/16 01:54:01 - mmengine - INFO - Iter(train) [17000/20000]  base_lr: 1.9453e-05 lr: 1.9453e-05  eta: 1:04:57  time: 1.2904  data_time: 0.0335  memory: 8609  grad_norm: 110.1624  loss: 25.3373  decode.loss_cls: 0.1230  decode.loss_mask: 1.0738  decode.loss_dice: 1.1724  decode.d0.loss_cls: 0.7649  decode.d0.loss_mask: 1.1349  decode.d0.loss_dice: 1.2982  decode.d1.loss_cls: 0.4511  decode.d1.loss_mask: 1.0988  decode.d1.loss_dice: 1.2264  decode.d2.loss_cls: 0.2869  decode.d2.loss_mask: 1.0687  decode.d2.loss_dice: 1.1925  decode.d3.loss_cls: 0.1936  decode.d3.loss_mask: 1.0725  decode.d3.loss_dice: 1.1721  decode.d4.loss_cls: 0.1656  decode.d4.loss_mask: 1.0685  decode.d4.loss_dice: 1.1787  decode.d5.loss_cls: 0.1460  decode.d5.loss_mask: 1.0703  decode.d5.loss_dice: 1.1813  decode.d6.loss_cls: 0.1612  decode.d6.loss_mask: 1.0685  decode.d6.loss_dice: 1.1748  decode.d7.loss_cls: 0.1421  decode.d7.loss_mask: 1.0770  decode.d7.loss_dice: 1.1766  decode.d8.loss_cls: 0.1499  decode.d8.loss_mask: 1.0715  decode.d8.loss_dice: 1.1754
2026/06/16 01:54:28 - mmengine - INFO - Iter(val) [ 50/121]    eta: 0:00:37  time: 0.5147  data_time: 0.0228  memory: 6109  
2026/06/16 01:54:53 - mmengine - INFO - Iter(val) [100/121]    eta: 0:00:10  time: 0.5172  data_time: 0.0234  memory: 6109  
2026/06/16 01:55:04 - mmengine - INFO - per class results:
2026/06/16 01:55:04 - mmengine - INFO - 
+---------+-------+-------+
|  Class  |  IoU  |  Acc  |
+---------+-------+-------+
|  crop_1 | 73.15 | 83.49 |
|  crop_2 | 62.86 | 79.87 |
|  crop_3 | 77.46 | 86.67 |
|  crop_4 | 80.37 | 88.45 |
|  crop_5 | 70.16 | 81.89 |
|  crop_6 | 86.16 | 93.97 |
|  crop_7 | 34.95 | 51.43 |
|  crop_8 | 50.09 |  66.8 |
|  crop_9 |  46.0 | 60.59 |
| crop_10 | 79.75 | 90.83 |
| crop_11 | 27.86 | 46.43 |
| crop_12 | 51.06 | 75.19 |
| crop_13 | 32.52 | 55.97 |
| crop_14 | 30.53 | 44.54 |
| crop_15 | 25.91 | 36.38 |
| crop_16 | 55.67 |  75.2 |
| crop_17 | 39.01 | 50.78 |
| crop_18 | 24.96 | 42.88 |
| crop_19 | 12.96 | 21.11 |
+---------+-------+-------+
2026/06/16 01:55:04 - mmengine - INFO - Iter(val) [121/121]    aAcc: 80.1200  mIoU: 50.6000  mAcc: 64.8700  data_time: 0.0274  time: 0.5167
2026/06/16 01:56:09 - mmengine - INFO - Iter(train) [17050/20000]  base_lr: 1.9160e-05 lr: 1.9160e-05  eta: 1:03:52  time: 1.2922  data_time: 0.0335  memory: 8609  grad_norm: 87.5284  loss: 26.5329  decode.loss_cls: 0.1720  decode.loss_mask: 1.0858  decode.loss_dice: 1.2197  decode.d0.loss_cls: 0.9110  decode.d0.loss_mask: 1.1413  decode.d0.loss_dice: 1.3766  decode.d1.loss_cls: 0.5129  decode.d1.loss_mask: 1.1315  decode.d1.loss_dice: 1.3093  decode.d2.loss_cls: 0.2939  decode.d2.loss_mask: 1.0966  decode.d2.loss_dice: 1.2488  decode.d3.loss_cls: 0.2512  decode.d3.loss_mask: 1.0896  decode.d3.loss_dice: 1.2321  decode.d4.loss_cls: 0.2269  decode.d4.loss_mask: 1.0916  decode.d4.loss_dice: 1.2206  decode.d5.loss_cls: 0.2084  decode.d5.loss_mask: 1.0853  decode.d5.loss_dice: 1.2106  decode.d6.loss_cls: 0.1733  decode.d6.loss_mask: 1.0906  decode.d6.loss_dice: 1.2060  decode.d7.loss_cls: 0.1708  decode.d7.loss_mask: 1.0899  decode.d7.loss_dice: 1.2152  decode.d8.loss_cls: 0.1643  decode.d8.loss_mask: 1.0899  decode.d8.loss_dice: 1.2174
2026/06/16 01:57:13 - mmengine - INFO - Iter(train) [17100/20000]  base_lr: 1.8868e-05 lr: 1.8868e-05  eta: 1:02:47  time: 1.2853  data_time: 0.0311  memory: 8609  grad_norm: 95.9829  loss: 25.5592  decode.loss_cls: 0.2200  decode.loss_mask: 1.0512  decode.loss_dice: 1.1520  decode.d0.loss_cls: 0.9551  decode.d0.loss_mask: 1.1121  decode.d0.loss_dice: 1.2635  decode.d1.loss_cls: 0.4821  decode.d1.loss_mask: 1.0810  decode.d1.loss_dice: 1.2115  decode.d2.loss_cls: 0.3113  decode.d2.loss_mask: 1.0610  decode.d2.loss_dice: 1.1859  decode.d3.loss_cls: 0.2339  decode.d3.loss_mask: 1.0473  decode.d3.loss_dice: 1.1577  decode.d4.loss_cls: 0.2181  decode.d4.loss_mask: 1.0452  decode.d4.loss_dice: 1.1500  decode.d5.loss_cls: 0.2062  decode.d5.loss_mask: 1.0438  decode.d5.loss_dice: 1.1466  decode.d6.loss_cls: 0.2060  decode.d6.loss_mask: 1.0504  decode.d6.loss_dice: 1.1523  decode.d7.loss_cls: 0.1974  decode.d7.loss_mask: 1.0478  decode.d7.loss_dice: 1.1556  decode.d8.loss_cls: 0.2078  decode.d8.loss_mask: 1.0555  decode.d8.loss_dice: 1.1507
2026/06/16 01:58:17 - mmengine - INFO - Iter(train) [17150/20000]  base_lr: 1.8575e-05 lr: 1.8575e-05  eta: 1:01:42  time: 1.2838  data_time: 0.0292  memory: 8609  grad_norm: 103.0725  loss: 27.6791  decode.loss_cls: 0.1316  decode.loss_mask: 1.1853  decode.loss_dice: 1.3044  decode.d0.loss_cls: 0.7585  decode.d0.loss_mask: 1.2301  decode.d0.loss_dice: 1.4203  decode.d1.loss_cls: 0.4545  decode.d1.loss_mask: 1.2021  decode.d1.loss_dice: 1.3433  decode.d2.loss_cls: 0.2361  decode.d2.loss_mask: 1.1905  decode.d2.loss_dice: 1.3335  decode.d3.loss_cls: 0.2061  decode.d3.loss_mask: 1.1906  decode.d3.loss_dice: 1.3071  decode.d4.loss_cls: 0.1792  decode.d4.loss_mask: 1.1798  decode.d4.loss_dice: 1.3010  decode.d5.loss_cls: 0.1745  decode.d5.loss_mask: 1.1726  decode.d5.loss_dice: 1.3017  decode.d6.loss_cls: 0.1500  decode.d6.loss_mask: 1.1753  decode.d6.loss_dice: 1.3103  decode.d7.loss_cls: 0.1415  decode.d7.loss_mask: 1.1736  decode.d7.loss_dice: 1.3000  decode.d8.loss_cls: 0.1379  decode.d8.loss_mask: 1.1812  decode.d8.loss_dice: 1.3068
2026/06/16 01:59:22 - mmengine - INFO - Iter(train) [17200/20000]  base_lr: 1.8281e-05 lr: 1.8281e-05  eta: 1:00:37  time: 1.2954  data_time: 0.0329  memory: 8609  grad_norm: 101.7939  loss: 27.1435  decode.loss_cls: 0.1790  decode.loss_mask: 1.1032  decode.loss_dice: 1.2511  decode.d0.loss_cls: 0.9246  decode.d0.loss_mask: 1.1589  decode.d0.loss_dice: 1.3706  decode.d1.loss_cls: 0.4944  decode.d1.loss_mask: 1.1289  decode.d1.loss_dice: 1.3025  decode.d2.loss_cls: 0.3320  decode.d2.loss_mask: 1.1216  decode.d2.loss_dice: 1.2778  decode.d3.loss_cls: 0.2403  decode.d3.loss_mask: 1.1145  decode.d3.loss_dice: 1.2734  decode.d4.loss_cls: 0.2332  decode.d4.loss_mask: 1.1124  decode.d4.loss_dice: 1.2606  decode.d5.loss_cls: 0.2260  decode.d5.loss_mask: 1.1048  decode.d5.loss_dice: 1.2627  decode.d6.loss_cls: 0.2075  decode.d6.loss_mask: 1.1060  decode.d6.loss_dice: 1.2621  decode.d7.loss_cls: 0.1961  decode.d7.loss_mask: 1.1069  decode.d7.loss_dice: 1.2615  decode.d8.loss_cls: 0.1692  decode.d8.loss_mask: 1.1051  decode.d8.loss_dice: 1.2565
2026/06/16 02:00:26 - mmengine - INFO - Iter(train) [17250/20000]  base_lr: 1.7987e-05 lr: 1.7987e-05  eta: 0:59:32  time: 1.2918  data_time: 0.0316  memory: 8609  grad_norm: 86.6522  loss: 23.9285  decode.loss_cls: 0.0961  decode.loss_mask: 1.0733  decode.loss_dice: 1.0858  decode.d0.loss_cls: 0.7814  decode.d0.loss_mask: 1.1335  decode.d0.loss_dice: 1.2341  decode.d1.loss_cls: 0.2867  decode.d1.loss_mask: 1.0925  decode.d1.loss_dice: 1.1562  decode.d2.loss_cls: 0.1919  decode.d2.loss_mask: 1.0652  decode.d2.loss_dice: 1.1094  decode.d3.loss_cls: 0.1497  decode.d3.loss_mask: 1.0666  decode.d3.loss_dice: 1.0830  decode.d4.loss_cls: 0.1208  decode.d4.loss_mask: 1.0738  decode.d4.loss_dice: 1.0784  decode.d5.loss_cls: 0.1107  decode.d5.loss_mask: 1.0709  decode.d5.loss_dice: 1.0781  decode.d6.loss_cls: 0.1037  decode.d6.loss_mask: 1.0764  decode.d6.loss_dice: 1.0854  decode.d7.loss_cls: 0.0873  decode.d7.loss_mask: 1.0826  decode.d7.loss_dice: 1.1018  decode.d8.loss_cls: 0.0791  decode.d8.loss_mask: 1.0767  decode.d8.loss_dice: 1.0972
2026/06/16 02:01:31 - mmengine - INFO - Iter(train) [17300/20000]  base_lr: 1.7693e-05 lr: 1.7693e-05  eta: 0:58:27  time: 1.2938  data_time: 0.0344  memory: 8609  grad_norm: 87.4870  loss: 24.8149  decode.loss_cls: 0.1211  decode.loss_mask: 1.0704  decode.loss_dice: 1.1342  decode.d0.loss_cls: 0.7841  decode.d0.loss_mask: 1.1397  decode.d0.loss_dice: 1.2701  decode.d1.loss_cls: 0.3888  decode.d1.loss_mask: 1.1145  decode.d1.loss_dice: 1.2091  decode.d2.loss_cls: 0.2496  decode.d2.loss_mask: 1.0732  decode.d2.loss_dice: 1.1398  decode.d3.loss_cls: 0.1748  decode.d3.loss_mask: 1.0775  decode.d3.loss_dice: 1.1430  decode.d4.loss_cls: 0.1578  decode.d4.loss_mask: 1.0755  decode.d4.loss_dice: 1.1301  decode.d5.loss_cls: 0.1507  decode.d5.loss_mask: 1.0729  decode.d5.loss_dice: 1.1387  decode.d6.loss_cls: 0.1304  decode.d6.loss_mask: 1.0775  decode.d6.loss_dice: 1.1278  decode.d7.loss_cls: 0.1244  decode.d7.loss_mask: 1.0723  decode.d7.loss_dice: 1.1330  decode.d8.loss_cls: 0.1169  decode.d8.loss_mask: 1.0730  decode.d8.loss_dice: 1.1438
2026/06/16 02:02:36 - mmengine - INFO - Iter(train) [17350/20000]  base_lr: 1.7398e-05 lr: 1.7398e-05  eta: 0:57:22  time: 1.2937  data_time: 0.0342  memory: 8609  grad_norm: 95.4513  loss: 25.6705  decode.loss_cls: 0.1083  decode.loss_mask: 1.0701  decode.loss_dice: 1.1996  decode.d0.loss_cls: 0.8395  decode.d0.loss_mask: 1.1117  decode.d0.loss_dice: 1.3203  decode.d1.loss_cls: 0.4909  decode.d1.loss_mask: 1.0963  decode.d1.loss_dice: 1.2768  decode.d2.loss_cls: 0.2503  decode.d2.loss_mask: 1.0771  decode.d2.loss_dice: 1.2499  decode.d3.loss_cls: 0.1837  decode.d3.loss_mask: 1.0655  decode.d3.loss_dice: 1.2280  decode.d4.loss_cls: 0.1971  decode.d4.loss_mask: 1.0572  decode.d4.loss_dice: 1.2162  decode.d5.loss_cls: 0.1314  decode.d5.loss_mask: 1.0562  decode.d5.loss_dice: 1.2212  decode.d6.loss_cls: 0.1424  decode.d6.loss_mask: 1.0617  decode.d6.loss_dice: 1.2040  decode.d7.loss_cls: 0.1379  decode.d7.loss_mask: 1.0650  decode.d7.loss_dice: 1.2070  decode.d8.loss_cls: 0.1409  decode.d8.loss_mask: 1.0672  decode.d8.loss_dice: 1.1971
2026/06/16 02:03:40 - mmengine - INFO - Iter(train) [17400/20000]  base_lr: 1.7102e-05 lr: 1.7102e-05  eta: 0:56:17  time: 1.2905  data_time: 0.0324  memory: 8609  grad_norm: 86.9521  loss: 25.5772  decode.loss_cls: 0.1004  decode.loss_mask: 1.0917  decode.loss_dice: 1.2003  decode.d0.loss_cls: 0.7801  decode.d0.loss_mask: 1.1345  decode.d0.loss_dice: 1.3228  decode.d1.loss_cls: 0.4278  decode.d1.loss_mask: 1.1033  decode.d1.loss_dice: 1.2579  decode.d2.loss_cls: 0.2418  decode.d2.loss_mask: 1.0892  decode.d2.loss_dice: 1.2259  decode.d3.loss_cls: 0.1951  decode.d3.loss_mask: 1.0852  decode.d3.loss_dice: 1.1899  decode.d4.loss_cls: 0.1942  decode.d4.loss_mask: 1.0800  decode.d4.loss_dice: 1.1798  decode.d5.loss_cls: 0.1780  decode.d5.loss_mask: 1.0754  decode.d5.loss_dice: 1.1964  decode.d6.loss_cls: 0.1252  decode.d6.loss_mask: 1.0913  decode.d6.loss_dice: 1.2065  decode.d7.loss_cls: 0.1036  decode.d7.loss_mask: 1.0961  decode.d7.loss_dice: 1.2058  decode.d8.loss_cls: 0.0982  decode.d8.loss_mask: 1.0948  decode.d8.loss_dice: 1.2060
2026/06/16 02:04:44 - mmengine - INFO - Iter(train) [17450/20000]  base_lr: 1.6806e-05 lr: 1.6806e-05  eta: 0:55:12  time: 1.2810  data_time: 0.0306  memory: 8609  grad_norm: 97.1103  loss: 26.9958  decode.loss_cls: 0.2032  decode.loss_mask: 1.1639  decode.loss_dice: 1.2128  decode.d0.loss_cls: 0.8183  decode.d0.loss_mask: 1.2149  decode.d0.loss_dice: 1.3270  decode.d1.loss_cls: 0.4730  decode.d1.loss_mask: 1.1912  decode.d1.loss_dice: 1.2791  decode.d2.loss_cls: 0.2568  decode.d2.loss_mask: 1.1722  decode.d2.loss_dice: 1.2555  decode.d3.loss_cls: 0.2067  decode.d3.loss_mask: 1.1698  decode.d3.loss_dice: 1.2291  decode.d4.loss_cls: 0.1716  decode.d4.loss_mask: 1.1622  decode.d4.loss_dice: 1.2230  decode.d5.loss_cls: 0.2030  decode.d5.loss_mask: 1.1587  decode.d5.loss_dice: 1.2150  decode.d6.loss_cls: 0.1834  decode.d6.loss_mask: 1.1689  decode.d6.loss_dice: 1.2254  decode.d7.loss_cls: 0.1796  decode.d7.loss_mask: 1.1639  decode.d7.loss_dice: 1.2226  decode.d8.loss_cls: 0.1647  decode.d8.loss_mask: 1.1658  decode.d8.loss_dice: 1.2146
2026/06/16 02:05:49 - mmengine - INFO - Iter(train) [17500/20000]  base_lr: 1.6509e-05 lr: 1.6509e-05  eta: 0:54:06  time: 1.2822  data_time: 0.0311  memory: 8609  grad_norm: 102.0954  loss: 25.0933  decode.loss_cls: 0.2005  decode.loss_mask: 1.0369  decode.loss_dice: 1.1241  decode.d0.loss_cls: 0.7999  decode.d0.loss_mask: 1.0775  decode.d0.loss_dice: 1.2717  decode.d1.loss_cls: 0.4798  decode.d1.loss_mask: 1.0497  decode.d1.loss_dice: 1.1953  decode.d2.loss_cls: 0.3231  decode.d2.loss_mask: 1.0378  decode.d2.loss_dice: 1.1544  decode.d3.loss_cls: 0.2500  decode.d3.loss_mask: 1.0341  decode.d3.loss_dice: 1.1400  decode.d4.loss_cls: 0.2434  decode.d4.loss_mask: 1.0355  decode.d4.loss_dice: 1.1439  decode.d5.loss_cls: 0.2323  decode.d5.loss_mask: 1.0336  decode.d5.loss_dice: 1.1385  decode.d6.loss_cls: 0.2131  decode.d6.loss_mask: 1.0342  decode.d6.loss_dice: 1.1300  decode.d7.loss_cls: 0.1810  decode.d7.loss_mask: 1.0353  decode.d7.loss_dice: 1.1432  decode.d8.loss_cls: 0.1849  decode.d8.loss_mask: 1.0364  decode.d8.loss_dice: 1.1331
2026/06/16 02:06:53 - mmengine - INFO - Iter(train) [17550/20000]  base_lr: 1.6211e-05 lr: 1.6211e-05  eta: 0:53:01  time: 1.2785  data_time: 0.0295  memory: 8609  grad_norm: 79.5151  loss: 24.1322  decode.loss_cls: 0.1040  decode.loss_mask: 1.0094  decode.loss_dice: 1.1792  decode.d0.loss_cls: 0.6539  decode.d0.loss_mask: 1.0774  decode.d0.loss_dice: 1.3059  decode.d1.loss_cls: 0.2896  decode.d1.loss_mask: 1.0456  decode.d1.loss_dice: 1.2397  decode.d2.loss_cls: 0.1543  decode.d2.loss_mask: 1.0305  decode.d2.loss_dice: 1.2146  decode.d3.loss_cls: 0.1148  decode.d3.loss_mask: 1.0180  decode.d3.loss_dice: 1.2074  decode.d4.loss_cls: 0.1026  decode.d4.loss_mask: 1.0136  decode.d4.loss_dice: 1.1975  decode.d5.loss_cls: 0.0866  decode.d5.loss_mask: 1.0147  decode.d5.loss_dice: 1.1934  decode.d6.loss_cls: 0.1020  decode.d6.loss_mask: 1.0087  decode.d6.loss_dice: 1.1880  decode.d7.loss_cls: 0.0842  decode.d7.loss_mask: 1.0148  decode.d7.loss_dice: 1.1833  decode.d8.loss_cls: 0.1085  decode.d8.loss_mask: 1.0116  decode.d8.loss_dice: 1.1784
2026/06/16 02:07:57 - mmengine - INFO - Iter(train) [17600/20000]  base_lr: 1.5913e-05 lr: 1.5913e-05  eta: 0:51:56  time: 1.2821  data_time: 0.0290  memory: 8609  grad_norm: 89.1651  loss: 25.2864  decode.loss_cls: 0.1015  decode.loss_mask: 1.0916  decode.loss_dice: 1.2072  decode.d0.loss_cls: 0.6929  decode.d0.loss_mask: 1.1527  decode.d0.loss_dice: 1.3365  decode.d1.loss_cls: 0.2665  decode.d1.loss_mask: 1.1225  decode.d1.loss_dice: 1.2901  decode.d2.loss_cls: 0.1912  decode.d2.loss_mask: 1.0974  decode.d2.loss_dice: 1.2310  decode.d3.loss_cls: 0.1248  decode.d3.loss_mask: 1.1008  decode.d3.loss_dice: 1.2233  decode.d4.loss_cls: 0.1131  decode.d4.loss_mask: 1.0978  decode.d4.loss_dice: 1.2070  decode.d5.loss_cls: 0.1082  decode.d5.loss_mask: 1.0935  decode.d5.loss_dice: 1.2213  decode.d6.loss_cls: 0.1121  decode.d6.loss_mask: 1.0942  decode.d6.loss_dice: 1.2046  decode.d7.loss_cls: 0.1033  decode.d7.loss_mask: 1.0952  decode.d7.loss_dice: 1.2100  decode.d8.loss_cls: 0.1002  decode.d8.loss_mask: 1.0906  decode.d8.loss_dice: 1.2053
2026/06/16 02:09:01 - mmengine - INFO - Iter(train) [17650/20000]  base_lr: 1.5614e-05 lr: 1.5614e-05  eta: 0:50:51  time: 1.2988  data_time: 0.0344  memory: 8609  grad_norm: 93.2298  loss: 24.6537  decode.loss_cls: 0.1755  decode.loss_mask: 1.0222  decode.loss_dice: 1.0987  decode.d0.loss_cls: 0.9099  decode.d0.loss_mask: 1.0795  decode.d0.loss_dice: 1.2059  decode.d1.loss_cls: 0.4953  decode.d1.loss_mask: 1.0462  decode.d1.loss_dice: 1.1429  decode.d2.loss_cls: 0.2988  decode.d2.loss_mask: 1.0362  decode.d2.loss_dice: 1.1293  decode.d3.loss_cls: 0.2773  decode.d3.loss_mask: 1.0249  decode.d3.loss_dice: 1.0910  decode.d4.loss_cls: 0.2272  decode.d4.loss_mask: 1.0327  decode.d4.loss_dice: 1.1085  decode.d5.loss_cls: 0.2023  decode.d5.loss_mask: 1.0193  decode.d5.loss_dice: 1.0978  decode.d6.loss_cls: 0.2167  decode.d6.loss_mask: 1.0219  decode.d6.loss_dice: 1.0873  decode.d7.loss_cls: 0.1816  decode.d7.loss_mask: 1.0244  decode.d7.loss_dice: 1.0991  decode.d8.loss_cls: 0.1835  decode.d8.loss_mask: 1.0180  decode.d8.loss_dice: 1.0997
2026/06/16 02:10:06 - mmengine - INFO - Iter(train) [17700/20000]  base_lr: 1.5315e-05 lr: 1.5315e-05  eta: 0:49:46  time: 1.2896  data_time: 0.0331  memory: 8609  grad_norm: 97.1438  loss: 26.1606  decode.loss_cls: 0.1611  decode.loss_mask: 1.1473  decode.loss_dice: 1.1583  decode.d0.loss_cls: 0.8470  decode.d0.loss_mask: 1.2051  decode.d0.loss_dice: 1.2773  decode.d1.loss_cls: 0.4484  decode.d1.loss_mask: 1.1655  decode.d1.loss_dice: 1.2208  decode.d2.loss_cls: 0.2575  decode.d2.loss_mask: 1.1520  decode.d2.loss_dice: 1.1842  decode.d3.loss_cls: 0.1854  decode.d3.loss_mask: 1.1518  decode.d3.loss_dice: 1.1716  decode.d4.loss_cls: 0.1567  decode.d4.loss_mask: 1.1503  decode.d4.loss_dice: 1.1691  decode.d5.loss_cls: 0.1471  decode.d5.loss_mask: 1.1476  decode.d5.loss_dice: 1.1807  decode.d6.loss_cls: 0.1770  decode.d6.loss_mask: 1.1511  decode.d6.loss_dice: 1.1665  decode.d7.loss_cls: 0.1777  decode.d7.loss_mask: 1.1480  decode.d7.loss_dice: 1.1663  decode.d8.loss_cls: 0.1728  decode.d8.loss_mask: 1.1491  decode.d8.loss_dice: 1.1673
2026/06/16 02:11:11 - mmengine - INFO - Iter(train) [17750/20000]  base_lr: 1.5015e-05 lr: 1.5015e-05  eta: 0:48:41  time: 1.2974  data_time: 0.0361  memory: 8609  grad_norm: 100.2078  loss: 25.5395  decode.loss_cls: 0.1610  decode.loss_mask: 1.0797  decode.loss_dice: 1.1688  decode.d0.loss_cls: 0.7559  decode.d0.loss_mask: 1.1455  decode.d0.loss_dice: 1.3059  decode.d1.loss_cls: 0.3865  decode.d1.loss_mask: 1.1164  decode.d1.loss_dice: 1.2600  decode.d2.loss_cls: 0.2277  decode.d2.loss_mask: 1.1013  decode.d2.loss_dice: 1.2028  decode.d3.loss_cls: 0.2026  decode.d3.loss_mask: 1.0884  decode.d3.loss_dice: 1.1814  decode.d4.loss_cls: 0.1761  decode.d4.loss_mask: 1.0902  decode.d4.loss_dice: 1.1829  decode.d5.loss_cls: 0.1681  decode.d5.loss_mask: 1.0841  decode.d5.loss_dice: 1.1889  decode.d6.loss_cls: 0.1640  decode.d6.loss_mask: 1.0868  decode.d6.loss_dice: 1.1751  decode.d7.loss_cls: 0.1607  decode.d7.loss_mask: 1.0822  decode.d7.loss_dice: 1.1788  decode.d8.loss_cls: 0.1678  decode.d8.loss_mask: 1.0808  decode.d8.loss_dice: 1.1692
2026/06/16 02:12:16 - mmengine - INFO - Iter(train) [17800/20000]  base_lr: 1.4715e-05 lr: 1.4715e-05  eta: 0:47:37  time: 1.2946  data_time: 0.0337  memory: 8609  grad_norm: 88.1626  loss: 26.1255  decode.loss_cls: 0.1069  decode.loss_mask: 1.0804  decode.loss_dice: 1.2292  decode.d0.loss_cls: 0.7995  decode.d0.loss_mask: 1.1280  decode.d0.loss_dice: 1.3991  decode.d1.loss_cls: 0.4935  decode.d1.loss_mask: 1.0959  decode.d1.loss_dice: 1.2944  decode.d2.loss_cls: 0.2979  decode.d2.loss_mask: 1.0841  decode.d2.loss_dice: 1.2557  decode.d3.loss_cls: 0.2025  decode.d3.loss_mask: 1.0802  decode.d3.loss_dice: 1.2338  decode.d4.loss_cls: 0.1936  decode.d4.loss_mask: 1.0825  decode.d4.loss_dice: 1.2355  decode.d5.loss_cls: 0.1665  decode.d5.loss_mask: 1.0753  decode.d5.loss_dice: 1.2310  decode.d6.loss_cls: 0.1483  decode.d6.loss_mask: 1.0711  decode.d6.loss_dice: 1.2302  decode.d7.loss_cls: 0.1512  decode.d7.loss_mask: 1.0764  decode.d7.loss_dice: 1.2324  decode.d8.loss_cls: 0.1477  decode.d8.loss_mask: 1.0772  decode.d8.loss_dice: 1.2254
2026/06/16 02:13:20 - mmengine - INFO - Iter(train) [17850/20000]  base_lr: 1.4413e-05 lr: 1.4413e-05  eta: 0:46:32  time: 1.2909  data_time: 0.0319  memory: 8609  grad_norm: 105.4529  loss: 25.2462  decode.loss_cls: 0.1391  decode.loss_mask: 1.1190  decode.loss_dice: 1.1211  decode.d0.loss_cls: 0.7437  decode.d0.loss_mask: 1.1976  decode.d0.loss_dice: 1.2557  decode.d1.loss_cls: 0.3379  decode.d1.loss_mask: 1.1640  decode.d1.loss_dice: 1.2095  decode.d2.loss_cls: 0.2265  decode.d2.loss_mask: 1.1295  decode.d2.loss_dice: 1.1677  decode.d3.loss_cls: 0.1792  decode.d3.loss_mask: 1.1298  decode.d3.loss_dice: 1.1376  decode.d4.loss_cls: 0.1548  decode.d4.loss_mask: 1.1272  decode.d4.loss_dice: 1.1344  decode.d5.loss_cls: 0.1375  decode.d5.loss_mask: 1.1222  decode.d5.loss_dice: 1.1378  decode.d6.loss_cls: 0.1333  decode.d6.loss_mask: 1.1206  decode.d6.loss_dice: 1.1284  decode.d7.loss_cls: 0.1463  decode.d7.loss_mask: 1.1219  decode.d7.loss_dice: 1.1359  decode.d8.loss_cls: 0.1300  decode.d8.loss_mask: 1.1217  decode.d8.loss_dice: 1.1360
2026/06/16 02:14:25 - mmengine - INFO - Iter(train) [17900/20000]  base_lr: 1.4111e-05 lr: 1.4111e-05  eta: 0:45:27  time: 1.2885  data_time: 0.0302  memory: 8609  grad_norm: 91.2677  loss: 25.7020  decode.loss_cls: 0.1808  decode.loss_mask: 1.1047  decode.loss_dice: 1.1683  decode.d0.loss_cls: 0.8918  decode.d0.loss_mask: 1.1333  decode.d0.loss_dice: 1.2789  decode.d1.loss_cls: 0.4193  decode.d1.loss_mask: 1.1196  decode.d1.loss_dice: 1.2173  decode.d2.loss_cls: 0.2296  decode.d2.loss_mask: 1.1004  decode.d2.loss_dice: 1.2023  decode.d3.loss_cls: 0.1869  decode.d3.loss_mask: 1.0984  decode.d3.loss_dice: 1.1715  decode.d4.loss_cls: 0.1634  decode.d4.loss_mask: 1.1028  decode.d4.loss_dice: 1.1887  decode.d5.loss_cls: 0.1574  decode.d5.loss_mask: 1.0970  decode.d5.loss_dice: 1.1851  decode.d6.loss_cls: 0.1460  decode.d6.loss_mask: 1.1042  decode.d6.loss_dice: 1.1799  decode.d7.loss_cls: 0.1481  decode.d7.loss_mask: 1.1025  decode.d7.loss_dice: 1.1807  decode.d8.loss_cls: 0.1512  decode.d8.loss_mask: 1.1020  decode.d8.loss_dice: 1.1900
2026/06/16 02:15:29 - mmengine - INFO - Iter(train) [17950/20000]  base_lr: 1.3808e-05 lr: 1.3808e-05  eta: 0:44:22  time: 1.2952  data_time: 0.0341  memory: 8609  grad_norm: 104.7865  loss: 25.9279  decode.loss_cls: 0.1180  decode.loss_mask: 1.1057  decode.loss_dice: 1.1969  decode.d0.loss_cls: 0.8878  decode.d0.loss_mask: 1.1740  decode.d0.loss_dice: 1.3324  decode.d1.loss_cls: 0.4297  decode.d1.loss_mask: 1.1503  decode.d1.loss_dice: 1.2798  decode.d2.loss_cls: 0.2488  decode.d2.loss_mask: 1.1328  decode.d2.loss_dice: 1.2282  decode.d3.loss_cls: 0.1600  decode.d3.loss_mask: 1.1118  decode.d3.loss_dice: 1.2147  decode.d4.loss_cls: 0.1302  decode.d4.loss_mask: 1.1054  decode.d4.loss_dice: 1.1965  decode.d5.loss_cls: 0.1321  decode.d5.loss_mask: 1.1090  decode.d5.loss_dice: 1.1989  decode.d6.loss_cls: 0.1326  decode.d6.loss_mask: 1.1087  decode.d6.loss_dice: 1.1964  decode.d7.loss_cls: 0.1198  decode.d7.loss_mask: 1.1059  decode.d7.loss_dice: 1.1973  decode.d8.loss_cls: 0.1229  decode.d8.loss_mask: 1.1061  decode.d8.loss_dice: 1.1952
2026/06/16 02:16:34 - mmengine - INFO - Exp name: dinov3l_m2f_pastis_temporal_v1_20260615_192803
2026/06/16 02:16:34 - mmengine - INFO - Iter(train) [18000/20000]  base_lr: 1.3505e-05 lr: 1.3505e-05  eta: 0:43:17  time: 1.2950  data_time: 0.0339  memory: 8609  grad_norm: 91.8443  loss: 23.7971  decode.loss_cls: 0.0921  decode.loss_mask: 1.0157  decode.loss_dice: 1.1338  decode.d0.loss_cls: 0.7168  decode.d0.loss_mask: 1.0655  decode.d0.loss_dice: 1.2381  decode.d1.loss_cls: 0.3804  decode.d1.loss_mask: 1.0481  decode.d1.loss_dice: 1.1753  decode.d2.loss_cls: 0.1869  decode.d2.loss_mask: 1.0321  decode.d2.loss_dice: 1.1521  decode.d3.loss_cls: 0.1350  decode.d3.loss_mask: 1.0256  decode.d3.loss_dice: 1.1388  decode.d4.loss_cls: 0.1128  decode.d4.loss_mask: 1.0233  decode.d4.loss_dice: 1.1504  decode.d5.loss_cls: 0.1089  decode.d5.loss_mask: 1.0163  decode.d5.loss_dice: 1.1365  decode.d6.loss_cls: 0.1008  decode.d6.loss_mask: 1.0146  decode.d6.loss_dice: 1.1289  decode.d7.loss_cls: 0.0933  decode.d7.loss_mask: 1.0152  decode.d7.loss_dice: 1.1239  decode.d8.loss_cls: 0.0869  decode.d8.loss_mask: 1.0136  decode.d8.loss_dice: 1.1355
2026/06/16 02:16:34 - mmengine - INFO - Saving checkpoint at 18000 iterations
2026/06/16 02:17:08 - mmengine - INFO - Iter(val) [ 50/121]    eta: 0:00:36  time: 0.5109  data_time: 0.0224  memory: 6109  
2026/06/16 02:17:34 - mmengine - INFO - Iter(val) [100/121]    eta: 0:00:10  time: 0.5120  data_time: 0.0226  memory: 6109  
2026/06/16 02:17:44 - mmengine - INFO - per class results:
2026/06/16 02:17:44 - mmengine - INFO - 
+---------+-------+-------+
|  Class  |  IoU  |  Acc  |
+---------+-------+-------+
|  crop_1 | 73.39 | 84.13 |
|  crop_2 | 62.86 | 77.22 |
|  crop_3 | 76.37 | 86.55 |
|  crop_4 | 81.07 | 90.55 |
|  crop_5 | 69.39 | 82.75 |
|  crop_6 | 86.44 | 93.02 |
|  crop_7 | 34.69 | 50.85 |
|  crop_8 | 45.69 | 64.16 |
|  crop_9 | 48.29 | 68.46 |
| crop_10 | 80.49 | 89.42 |
| crop_11 | 27.05 | 46.04 |
| crop_12 | 50.56 | 70.36 |
| crop_13 |  30.7 | 52.65 |
| crop_14 | 31.68 | 45.21 |
| crop_15 | 28.42 |  39.9 |
| crop_16 | 57.31 | 72.81 |
| crop_17 | 40.64 | 54.02 |
| crop_18 | 26.02 | 43.35 |
| crop_19 | 14.26 | 25.14 |
+---------+-------+-------+
2026/06/16 02:17:44 - mmengine - INFO - Iter(val) [121/121]    aAcc: 80.2300  mIoU: 50.8100  mAcc: 65.0800  data_time: 0.0248  time: 0.5093
2026/06/16 02:17:44 - mmengine - INFO - The previous best checkpoint /mnt/ht2-nas2/00-model/00-fb/mmseg_dino/work_dirs/dinov3l_m2f_pastis_temporal_v1/best_mIoU_iter_16000.pth is removed
2026/06/16 02:17:51 - mmengine - INFO - The best checkpoint with 50.8100 mIoU at 18000 iter is saved to best_mIoU_iter_18000.pth.
2026/06/16 02:19:02 - mmengine - INFO - Iter(train) [18050/20000]  base_lr: 1.3201e-05 lr: 1.3201e-05  eta: 0:42:13  time: 1.2845  data_time: 0.0315  memory: 8609  grad_norm: 95.4970  loss: 25.3530  decode.loss_cls: 0.1332  decode.loss_mask: 1.0606  decode.loss_dice: 1.1962  decode.d0.loss_cls: 0.7299  decode.d0.loss_mask: 1.1197  decode.d0.loss_dice: 1.2980  decode.d1.loss_cls: 0.3859  decode.d1.loss_mask: 1.0854  decode.d1.loss_dice: 1.2440  decode.d2.loss_cls: 0.2259  decode.d2.loss_mask: 1.0735  decode.d2.loss_dice: 1.2165  decode.d3.loss_cls: 0.2110  decode.d3.loss_mask: 1.0705  decode.d3.loss_dice: 1.2101  decode.d4.loss_cls: 0.1883  decode.d4.loss_mask: 1.0675  decode.d4.loss_dice: 1.2113  decode.d5.loss_cls: 0.1446  decode.d5.loss_mask: 1.0598  decode.d5.loss_dice: 1.2068  decode.d6.loss_cls: 0.1487  decode.d6.loss_mask: 1.0591  decode.d6.loss_dice: 1.2020  decode.d7.loss_cls: 0.1398  decode.d7.loss_mask: 1.0605  decode.d7.loss_dice: 1.2104  decode.d8.loss_cls: 0.1337  decode.d8.loss_mask: 1.0585  decode.d8.loss_dice: 1.2014
2026/06/16 02:20:07 - mmengine - INFO - Iter(train) [18100/20000]  base_lr: 1.2896e-05 lr: 1.2896e-05  eta: 0:41:08  time: 1.2919  data_time: 0.0340  memory: 8609  grad_norm: 88.7651  loss: 24.7788  decode.loss_cls: 0.1434  decode.loss_mask: 1.0392  decode.loss_dice: 1.1310  decode.d0.loss_cls: 0.7188  decode.d0.loss_mask: 1.0985  decode.d0.loss_dice: 1.3249  decode.d1.loss_cls: 0.3897  decode.d1.loss_mask: 1.0693  decode.d1.loss_dice: 1.2377  decode.d2.loss_cls: 0.2784  decode.d2.loss_mask: 1.0522  decode.d2.loss_dice: 1.1717  decode.d3.loss_cls: 0.1950  decode.d3.loss_mask: 1.0426  decode.d3.loss_dice: 1.1550  decode.d4.loss_cls: 0.1586  decode.d4.loss_mask: 1.0457  decode.d4.loss_dice: 1.1516  decode.d5.loss_cls: 0.1480  decode.d5.loss_mask: 1.0481  decode.d5.loss_dice: 1.1465  decode.d6.loss_cls: 0.1630  decode.d6.loss_mask: 1.0453  decode.d6.loss_dice: 1.1353  decode.d7.loss_cls: 0.1534  decode.d7.loss_mask: 1.0475  decode.d7.loss_dice: 1.1390  decode.d8.loss_cls: 0.1807  decode.d8.loss_mask: 1.0362  decode.d8.loss_dice: 1.1323
2026/06/16 02:21:12 - mmengine - INFO - Iter(train) [18150/20000]  base_lr: 1.2590e-05 lr: 1.2590e-05  eta: 0:40:03  time: 1.2916  data_time: 0.0341  memory: 8609  grad_norm: 93.4896  loss: 26.6328  decode.loss_cls: 0.1437  decode.loss_mask: 1.1291  decode.loss_dice: 1.2023  decode.d0.loss_cls: 0.7880  decode.d0.loss_mask: 1.2111  decode.d0.loss_dice: 1.3786  decode.d1.loss_cls: 0.4290  decode.d1.loss_mask: 1.1677  decode.d1.loss_dice: 1.2951  decode.d2.loss_cls: 0.2919  decode.d2.loss_mask: 1.1468  decode.d2.loss_dice: 1.2426  decode.d3.loss_cls: 0.2433  decode.d3.loss_mask: 1.1381  decode.d3.loss_dice: 1.2236  decode.d4.loss_cls: 0.2019  decode.d4.loss_mask: 1.1316  decode.d4.loss_dice: 1.2253  decode.d5.loss_cls: 0.1845  decode.d5.loss_mask: 1.1341  decode.d5.loss_dice: 1.2245  decode.d6.loss_cls: 0.1641  decode.d6.loss_mask: 1.1370  decode.d6.loss_dice: 1.2107  decode.d7.loss_cls: 0.1560  decode.d7.loss_mask: 1.1365  decode.d7.loss_dice: 1.2120  decode.d8.loss_cls: 0.1509  decode.d8.loss_mask: 1.1298  decode.d8.loss_dice: 1.2030
2026/06/16 02:22:16 - mmengine - INFO - Iter(train) [18200/20000]  base_lr: 1.2283e-05 lr: 1.2283e-05  eta: 0:38:58  time: 1.2867  data_time: 0.0298  memory: 8609  grad_norm: 78.3683  loss: 23.7594  decode.loss_cls: 0.0938  decode.loss_mask: 1.0190  decode.loss_dice: 1.1144  decode.d0.loss_cls: 0.7531  decode.d0.loss_mask: 1.0607  decode.d0.loss_dice: 1.2507  decode.d1.loss_cls: 0.3862  decode.d1.loss_mask: 1.0370  decode.d1.loss_dice: 1.1743  decode.d2.loss_cls: 0.2026  decode.d2.loss_mask: 1.0216  decode.d2.loss_dice: 1.1380  decode.d3.loss_cls: 0.1419  decode.d3.loss_mask: 1.0214  decode.d3.loss_dice: 1.1141  decode.d4.loss_cls: 0.1269  decode.d4.loss_mask: 1.0226  decode.d4.loss_dice: 1.1143  decode.d5.loss_cls: 0.1119  decode.d5.loss_mask: 1.0272  decode.d5.loss_dice: 1.1204  decode.d6.loss_cls: 0.1049  decode.d6.loss_mask: 1.0218  decode.d6.loss_dice: 1.1116  decode.d7.loss_cls: 0.0984  decode.d7.loss_mask: 1.0227  decode.d7.loss_dice: 1.1218  decode.d8.loss_cls: 0.0998  decode.d8.loss_mask: 1.0139  decode.d8.loss_dice: 1.1123
2026/06/16 02:23:20 - mmengine - INFO - Iter(train) [18250/20000]  base_lr: 1.1976e-05 lr: 1.1976e-05  eta: 0:37:53  time: 1.2931  data_time: 0.0342  memory: 8609  grad_norm: 77.2687  loss: 24.0647  decode.loss_cls: 0.1357  decode.loss_mask: 1.0199  decode.loss_dice: 1.1031  decode.d0.loss_cls: 0.8118  decode.d0.loss_mask: 1.0704  decode.d0.loss_dice: 1.2510  decode.d1.loss_cls: 0.4145  decode.d1.loss_mask: 1.0388  decode.d1.loss_dice: 1.1947  decode.d2.loss_cls: 0.2286  decode.d2.loss_mask: 1.0233  decode.d2.loss_dice: 1.1449  decode.d3.loss_cls: 0.1784  decode.d3.loss_mask: 1.0286  decode.d3.loss_dice: 1.1127  decode.d4.loss_cls: 0.1503  decode.d4.loss_mask: 1.0238  decode.d4.loss_dice: 1.1155  decode.d5.loss_cls: 0.1317  decode.d5.loss_mask: 1.0232  decode.d5.loss_dice: 1.1201  decode.d6.loss_cls: 0.1189  decode.d6.loss_mask: 1.0199  decode.d6.loss_dice: 1.1041  decode.d7.loss_cls: 0.1148  decode.d7.loss_mask: 1.0197  decode.d7.loss_dice: 1.1053  decode.d8.loss_cls: 0.1452  decode.d8.loss_mask: 1.0157  decode.d8.loss_dice: 1.1001
2026/06/16 02:24:25 - mmengine - INFO - Iter(train) [18300/20000]  base_lr: 1.1667e-05 lr: 1.1667e-05  eta: 0:36:48  time: 1.2923  data_time: 0.0309  memory: 8609  grad_norm: 97.7484  loss: 25.2316  decode.loss_cls: 0.1126  decode.loss_mask: 1.0648  decode.loss_dice: 1.1485  decode.d0.loss_cls: 0.9138  decode.d0.loss_mask: 1.1346  decode.d0.loss_dice: 1.2963  decode.d1.loss_cls: 0.4598  decode.d1.loss_mask: 1.1119  decode.d1.loss_dice: 1.2341  decode.d2.loss_cls: 0.2478  decode.d2.loss_mask: 1.0779  decode.d2.loss_dice: 1.1897  decode.d3.loss_cls: 0.2085  decode.d3.loss_mask: 1.0715  decode.d3.loss_dice: 1.1546  decode.d4.loss_cls: 0.1694  decode.d4.loss_mask: 1.0671  decode.d4.loss_dice: 1.1648  decode.d5.loss_cls: 0.1494  decode.d5.loss_mask: 1.0703  decode.d5.loss_dice: 1.1626  decode.d6.loss_cls: 0.1450  decode.d6.loss_mask: 1.0655  decode.d6.loss_dice: 1.1420  decode.d7.loss_cls: 0.1294  decode.d7.loss_mask: 1.0634  decode.d7.loss_dice: 1.1432  decode.d8.loss_cls: 0.1211  decode.d8.loss_mask: 1.0670  decode.d8.loss_dice: 1.1449
2026/06/16 02:25:29 - mmengine - INFO - Iter(train) [18350/20000]  base_lr: 1.1358e-05 lr: 1.1358e-05  eta: 0:35:43  time: 1.2913  data_time: 0.0319  memory: 8609  grad_norm: 97.7303  loss: 26.3389  decode.loss_cls: 0.2153  decode.loss_mask: 1.0952  decode.loss_dice: 1.1745  decode.d0.loss_cls: 0.8503  decode.d0.loss_mask: 1.1549  decode.d0.loss_dice: 1.3333  decode.d1.loss_cls: 0.4783  decode.d1.loss_mask: 1.1174  decode.d1.loss_dice: 1.2483  decode.d2.loss_cls: 0.3137  decode.d2.loss_mask: 1.1046  decode.d2.loss_dice: 1.2147  decode.d3.loss_cls: 0.2653  decode.d3.loss_mask: 1.1006  decode.d3.loss_dice: 1.1843  decode.d4.loss_cls: 0.2371  decode.d4.loss_mask: 1.0996  decode.d4.loss_dice: 1.1850  decode.d5.loss_cls: 0.2206  decode.d5.loss_mask: 1.0943  decode.d5.loss_dice: 1.1848  decode.d6.loss_cls: 0.2148  decode.d6.loss_mask: 1.0987  decode.d6.loss_dice: 1.1766  decode.d7.loss_cls: 0.1875  decode.d7.loss_mask: 1.1007  decode.d7.loss_dice: 1.1856  decode.d8.loss_cls: 0.2117  decode.d8.loss_mask: 1.0999  decode.d8.loss_dice: 1.1910
2026/06/16 02:26:34 - mmengine - INFO - Iter(train) [18400/20000]  base_lr: 1.1048e-05 lr: 1.1048e-05  eta: 0:34:38  time: 1.2946  data_time: 0.0349  memory: 8609  grad_norm: 95.0482  loss: 26.7219  decode.loss_cls: 0.1427  decode.loss_mask: 1.0749  decode.loss_dice: 1.2589  decode.d0.loss_cls: 0.9481  decode.d0.loss_mask: 1.1354  decode.d0.loss_dice: 1.4275  decode.d1.loss_cls: 0.6206  decode.d1.loss_mask: 1.1165  decode.d1.loss_dice: 1.3392  decode.d2.loss_cls: 0.2756  decode.d2.loss_mask: 1.0942  decode.d2.loss_dice: 1.2940  decode.d3.loss_cls: 0.1840  decode.d3.loss_mask: 1.0827  decode.d3.loss_dice: 1.2780  decode.d4.loss_cls: 0.1571  decode.d4.loss_mask: 1.0779  decode.d4.loss_dice: 1.2653  decode.d5.loss_cls: 0.1487  decode.d5.loss_mask: 1.0734  decode.d5.loss_dice: 1.2616  decode.d6.loss_cls: 0.1526  decode.d6.loss_mask: 1.0766  decode.d6.loss_dice: 1.2623  decode.d7.loss_cls: 0.1574  decode.d7.loss_mask: 1.0773  decode.d7.loss_dice: 1.2619  decode.d8.loss_cls: 0.1333  decode.d8.loss_mask: 1.0814  decode.d8.loss_dice: 1.2628
2026/06/16 02:27:39 - mmengine - INFO - Iter(train) [18450/20000]  base_lr: 1.0737e-05 lr: 1.0737e-05  eta: 0:33:33  time: 1.2958  data_time: 0.0345  memory: 8609  grad_norm: 85.4963  loss: 24.2667  decode.loss_cls: 0.0720  decode.loss_mask: 1.0970  decode.loss_dice: 1.1171  decode.d0.loss_cls: 0.6791  decode.d0.loss_mask: 1.1120  decode.d0.loss_dice: 1.2029  decode.d1.loss_cls: 0.3703  decode.d1.loss_mask: 1.1127  decode.d1.loss_dice: 1.1722  decode.d2.loss_cls: 0.2007  decode.d2.loss_mask: 1.1010  decode.d2.loss_dice: 1.1452  decode.d3.loss_cls: 0.1187  decode.d3.loss_mask: 1.0951  decode.d3.loss_dice: 1.1329  decode.d4.loss_cls: 0.1026  decode.d4.loss_mask: 1.0933  decode.d4.loss_dice: 1.1337  decode.d5.loss_cls: 0.0955  decode.d5.loss_mask: 1.0968  decode.d5.loss_dice: 1.1354  decode.d6.loss_cls: 0.0794  decode.d6.loss_mask: 1.1019  decode.d6.loss_dice: 1.1268  decode.d7.loss_cls: 0.0775  decode.d7.loss_mask: 1.0918  decode.d7.loss_dice: 1.1126  decode.d8.loss_cls: 0.0716  decode.d8.loss_mask: 1.0965  decode.d8.loss_dice: 1.1229
2026/06/16 02:28:43 - mmengine - INFO - Iter(train) [18500/20000]  base_lr: 1.0424e-05 lr: 1.0424e-05  eta: 0:32:28  time: 1.2844  data_time: 0.0308  memory: 8609  grad_norm: 90.3962  loss: 24.3764  decode.loss_cls: 0.1106  decode.loss_mask: 1.0256  decode.loss_dice: 1.1407  decode.d0.loss_cls: 0.7278  decode.d0.loss_mask: 1.0572  decode.d0.loss_dice: 1.2705  decode.d1.loss_cls: 0.4281  decode.d1.loss_mask: 1.0526  decode.d1.loss_dice: 1.2098  decode.d2.loss_cls: 0.2153  decode.d2.loss_mask: 1.0236  decode.d2.loss_dice: 1.1809  decode.d3.loss_cls: 0.1995  decode.d3.loss_mask: 1.0248  decode.d3.loss_dice: 1.1576  decode.d4.loss_cls: 0.1725  decode.d4.loss_mask: 1.0214  decode.d4.loss_dice: 1.1530  decode.d5.loss_cls: 0.1559  decode.d5.loss_mask: 1.0189  decode.d5.loss_dice: 1.1489  decode.d6.loss_cls: 0.1274  decode.d6.loss_mask: 1.0233  decode.d6.loss_dice: 1.1425  decode.d7.loss_cls: 0.1061  decode.d7.loss_mask: 1.0278  decode.d7.loss_dice: 1.1604  decode.d8.loss_cls: 0.1136  decode.d8.loss_mask: 1.0276  decode.d8.loss_dice: 1.1526
2026/06/16 02:29:48 - mmengine - INFO - Iter(train) [18550/20000]  base_lr: 1.0111e-05 lr: 1.0111e-05  eta: 0:31:23  time: 1.2924  data_time: 0.0333  memory: 8609  grad_norm: 101.3224  loss: 24.5640  decode.loss_cls: 0.1651  decode.loss_mask: 1.0200  decode.loss_dice: 1.0971  decode.d0.loss_cls: 0.9370  decode.d0.loss_mask: 1.0730  decode.d0.loss_dice: 1.2356  decode.d1.loss_cls: 0.4328  decode.d1.loss_mask: 1.0476  decode.d1.loss_dice: 1.1887  decode.d2.loss_cls: 0.2906  decode.d2.loss_mask: 1.0383  decode.d2.loss_dice: 1.1310  decode.d3.loss_cls: 0.2393  decode.d3.loss_mask: 1.0257  decode.d3.loss_dice: 1.1191  decode.d4.loss_cls: 0.2172  decode.d4.loss_mask: 1.0235  decode.d4.loss_dice: 1.1077  decode.d5.loss_cls: 0.1822  decode.d5.loss_mask: 1.0147  decode.d5.loss_dice: 1.1108  decode.d6.loss_cls: 0.1891  decode.d6.loss_mask: 1.0184  decode.d6.loss_dice: 1.0965  decode.d7.loss_cls: 0.1599  decode.d7.loss_mask: 1.0198  decode.d7.loss_dice: 1.1008  decode.d8.loss_cls: 0.1552  decode.d8.loss_mask: 1.0206  decode.d8.loss_dice: 1.1065
2026/06/16 02:30:53 - mmengine - INFO - Iter(train) [18600/20000]  base_lr: 9.7967e-06 lr: 9.7967e-06  eta: 0:30:18  time: 1.2885  data_time: 0.0325  memory: 8609  grad_norm: 94.4798  loss: 26.3361  decode.loss_cls: 0.1785  decode.loss_mask: 1.1159  decode.loss_dice: 1.1618  decode.d0.loss_cls: 0.9424  decode.d0.loss_mask: 1.2052  decode.d0.loss_dice: 1.3296  decode.d1.loss_cls: 0.5017  decode.d1.loss_mask: 1.1552  decode.d1.loss_dice: 1.2558  decode.d2.loss_cls: 0.3116  decode.d2.loss_mask: 1.1293  decode.d2.loss_dice: 1.1947  decode.d3.loss_cls: 0.2370  decode.d3.loss_mask: 1.1176  decode.d3.loss_dice: 1.1677  decode.d4.loss_cls: 0.2028  decode.d4.loss_mask: 1.1145  decode.d4.loss_dice: 1.1616  decode.d5.loss_cls: 0.2003  decode.d5.loss_mask: 1.1162  decode.d5.loss_dice: 1.1648  decode.d6.loss_cls: 0.1738  decode.d6.loss_mask: 1.1100  decode.d6.loss_dice: 1.1577  decode.d7.loss_cls: 0.1956  decode.d7.loss_mask: 1.1119  decode.d7.loss_dice: 1.1601  decode.d8.loss_cls: 0.1782  decode.d8.loss_mask: 1.1227  decode.d8.loss_dice: 1.1621
2026/06/16 02:31:57 - mmengine - INFO - Iter(train) [18650/20000]  base_lr: 9.4813e-06 lr: 9.4813e-06  eta: 0:29:13  time: 1.2912  data_time: 0.0334  memory: 8609  grad_norm: 103.5848  loss: 27.2141  decode.loss_cls: 0.1163  decode.loss_mask: 1.1559  decode.loss_dice: 1.2701  decode.d0.loss_cls: 0.7800  decode.d0.loss_mask: 1.2222  decode.d0.loss_dice: 1.4426  decode.d1.loss_cls: 0.3936  decode.d1.loss_mask: 1.1873  decode.d1.loss_dice: 1.3400  decode.d2.loss_cls: 0.2661  decode.d2.loss_mask: 1.1583  decode.d2.loss_dice: 1.3187  decode.d3.loss_cls: 0.1931  decode.d3.loss_mask: 1.1511  decode.d3.loss_dice: 1.2905  decode.d4.loss_cls: 0.1634  decode.d4.loss_mask: 1.1543  decode.d4.loss_dice: 1.2840  decode.d5.loss_cls: 0.1580  decode.d5.loss_mask: 1.1475  decode.d5.loss_dice: 1.2857  decode.d6.loss_cls: 0.1377  decode.d6.loss_mask: 1.1542  decode.d6.loss_dice: 1.2877  decode.d7.loss_cls: 0.1425  decode.d7.loss_mask: 1.1522  decode.d7.loss_dice: 1.2791  decode.d8.loss_cls: 0.1603  decode.d8.loss_mask: 1.1517  decode.d8.loss_dice: 1.2700
2026/06/16 02:33:02 - mmengine - INFO - Iter(train) [18700/20000]  base_lr: 9.1646e-06 lr: 9.1646e-06  eta: 0:28:08  time: 1.2919  data_time: 0.0339  memory: 8609  grad_norm: 96.1202  loss: 25.2630  decode.loss_cls: 0.1746  decode.loss_mask: 1.0392  decode.loss_dice: 1.1529  decode.d0.loss_cls: 0.8247  decode.d0.loss_mask: 1.1093  decode.d0.loss_dice: 1.3344  decode.d1.loss_cls: 0.4797  decode.d1.loss_mask: 1.0742  decode.d1.loss_dice: 1.2323  decode.d2.loss_cls: 0.3120  decode.d2.loss_mask: 1.0440  decode.d2.loss_dice: 1.1772  decode.d3.loss_cls: 0.2000  decode.d3.loss_mask: 1.0458  decode.d3.loss_dice: 1.1741  decode.d4.loss_cls: 0.1733  decode.d4.loss_mask: 1.0470  decode.d4.loss_dice: 1.1654  decode.d5.loss_cls: 0.1481  decode.d5.loss_mask: 1.0493  decode.d5.loss_dice: 1.1759  decode.d6.loss_cls: 0.1741  decode.d6.loss_mask: 1.0479  decode.d6.loss_dice: 1.1620  decode.d7.loss_cls: 0.1764  decode.d7.loss_mask: 1.0438  decode.d7.loss_dice: 1.1510  decode.d8.loss_cls: 0.1781  decode.d8.loss_mask: 1.0429  decode.d8.loss_dice: 1.1533
2026/06/16 02:34:06 - mmengine - INFO - Iter(train) [18750/20000]  base_lr: 8.8468e-06 lr: 8.8468e-06  eta: 0:27:03  time: 1.2907  data_time: 0.0337  memory: 8609  grad_norm: 94.8582  loss: 24.3079  decode.loss_cls: 0.1033  decode.loss_mask: 1.0886  decode.loss_dice: 1.0902  decode.d0.loss_cls: 0.7492  decode.d0.loss_mask: 1.1494  decode.d0.loss_dice: 1.2460  decode.d1.loss_cls: 0.3325  decode.d1.loss_mask: 1.1142  decode.d1.loss_dice: 1.2006  decode.d2.loss_cls: 0.2258  decode.d2.loss_mask: 1.1063  decode.d2.loss_dice: 1.1267  decode.d3.loss_cls: 0.1482  decode.d3.loss_mask: 1.0947  decode.d3.loss_dice: 1.1102  decode.d4.loss_cls: 0.1377  decode.d4.loss_mask: 1.0889  decode.d4.loss_dice: 1.1034  decode.d5.loss_cls: 0.1121  decode.d5.loss_mask: 1.0826  decode.d5.loss_dice: 1.0940  decode.d6.loss_cls: 0.0862  decode.d6.loss_mask: 1.0875  decode.d6.loss_dice: 1.0854  decode.d7.loss_cls: 0.1050  decode.d7.loss_mask: 1.0856  decode.d7.loss_dice: 1.0911  decode.d8.loss_cls: 0.0838  decode.d8.loss_mask: 1.0867  decode.d8.loss_dice: 1.0917
2026/06/16 02:35:11 - mmengine - INFO - Iter(train) [18800/20000]  base_lr: 8.5277e-06 lr: 8.5277e-06  eta: 0:25:58  time: 1.2857  data_time: 0.0325  memory: 8609  grad_norm: 89.3041  loss: 24.2358  decode.loss_cls: 0.0853  decode.loss_mask: 1.0853  decode.loss_dice: 1.1295  decode.d0.loss_cls: 0.7315  decode.d0.loss_mask: 1.1493  decode.d0.loss_dice: 1.2348  decode.d1.loss_cls: 0.3230  decode.d1.loss_mask: 1.1119  decode.d1.loss_dice: 1.1640  decode.d2.loss_cls: 0.1431  decode.d2.loss_mask: 1.0970  decode.d2.loss_dice: 1.1436  decode.d3.loss_cls: 0.1069  decode.d3.loss_mask: 1.0956  decode.d3.loss_dice: 1.1336  decode.d4.loss_cls: 0.1059  decode.d4.loss_mask: 1.0815  decode.d4.loss_dice: 1.1220  decode.d5.loss_cls: 0.1024  decode.d5.loss_mask: 1.0802  decode.d5.loss_dice: 1.1245  decode.d6.loss_cls: 0.0760  decode.d6.loss_mask: 1.0868  decode.d6.loss_dice: 1.1316  decode.d7.loss_cls: 0.0708  decode.d7.loss_mask: 1.0826  decode.d7.loss_dice: 1.1336  decode.d8.loss_cls: 0.0850  decode.d8.loss_mask: 1.0869  decode.d8.loss_dice: 1.1317
2026/06/16 02:36:15 - mmengine - INFO - Iter(train) [18850/20000]  base_lr: 8.2072e-06 lr: 8.2072e-06  eta: 0:24:53  time: 1.2882  data_time: 0.0329  memory: 8609  grad_norm: 97.2087  loss: 23.5331  decode.loss_cls: 0.1140  decode.loss_mask: 1.0305  decode.loss_dice: 1.0662  decode.d0.loss_cls: 0.7734  decode.d0.loss_mask: 1.0846  decode.d0.loss_dice: 1.1779  decode.d1.loss_cls: 0.3321  decode.d1.loss_mask: 1.0534  decode.d1.loss_dice: 1.1210  decode.d2.loss_cls: 0.2074  decode.d2.loss_mask: 1.0311  decode.d2.loss_dice: 1.0912  decode.d3.loss_cls: 0.1758  decode.d3.loss_mask: 1.0311  decode.d3.loss_dice: 1.0752  decode.d4.loss_cls: 0.1622  decode.d4.loss_mask: 1.0259  decode.d4.loss_dice: 1.0721  decode.d5.loss_cls: 0.1491  decode.d5.loss_mask: 1.0221  decode.d5.loss_dice: 1.0754  decode.d6.loss_cls: 0.1383  decode.d6.loss_mask: 1.0308  decode.d6.loss_dice: 1.0674  decode.d7.loss_cls: 0.1170  decode.d7.loss_mask: 1.0302  decode.d7.loss_dice: 1.0747  decode.d8.loss_cls: 0.1131  decode.d8.loss_mask: 1.0266  decode.d8.loss_dice: 1.0633
2026/06/16 02:37:19 - mmengine - INFO - Iter(train) [18900/20000]  base_lr: 7.8853e-06 lr: 7.8853e-06  eta: 0:23:48  time: 1.2859  data_time: 0.0311  memory: 8609  grad_norm: 93.3461  loss: 23.5167  decode.loss_cls: 0.1273  decode.loss_mask: 0.9838  decode.loss_dice: 1.0316  decode.d0.loss_cls: 0.9714  decode.d0.loss_mask: 1.0270  decode.d0.loss_dice: 1.1677  decode.d1.loss_cls: 0.4922  decode.d1.loss_mask: 1.0231  decode.d1.loss_dice: 1.1017  decode.d2.loss_cls: 0.3232  decode.d2.loss_mask: 0.9968  decode.d2.loss_dice: 1.0721  decode.d3.loss_cls: 0.2469  decode.d3.loss_mask: 0.9851  decode.d3.loss_dice: 1.0512  decode.d4.loss_cls: 0.1948  decode.d4.loss_mask: 0.9850  decode.d4.loss_dice: 1.0441  decode.d5.loss_cls: 0.1820  decode.d5.loss_mask: 0.9807  decode.d5.loss_dice: 1.0385  decode.d6.loss_cls: 0.1487  decode.d6.loss_mask: 0.9815  decode.d6.loss_dice: 1.0300  decode.d7.loss_cls: 0.1359  decode.d7.loss_mask: 0.9844  decode.d7.loss_dice: 1.0377  decode.d8.loss_cls: 0.1482  decode.d8.loss_mask: 0.9846  decode.d8.loss_dice: 1.0396
2026/06/16 02:38:24 - mmengine - INFO - Iter(train) [18950/20000]  base_lr: 7.5620e-06 lr: 7.5620e-06  eta: 0:22:43  time: 1.3025  data_time: 0.0347  memory: 8609  grad_norm: 86.8402  loss: 24.0990  decode.loss_cls: 0.0770  decode.loss_mask: 1.0658  decode.loss_dice: 1.0768  decode.d0.loss_cls: 0.8648  decode.d0.loss_mask: 1.1224  decode.d0.loss_dice: 1.2042  decode.d1.loss_cls: 0.4181  decode.d1.loss_mask: 1.1016  decode.d1.loss_dice: 1.1487  decode.d2.loss_cls: 0.2256  decode.d2.loss_mask: 1.0769  decode.d2.loss_dice: 1.1220  decode.d3.loss_cls: 0.1726  decode.d3.loss_mask: 1.0662  decode.d3.loss_dice: 1.0940  decode.d4.loss_cls: 0.1304  decode.d4.loss_mask: 1.0670  decode.d4.loss_dice: 1.0880  decode.d5.loss_cls: 0.1160  decode.d5.loss_mask: 1.0573  decode.d5.loss_dice: 1.0906  decode.d6.loss_cls: 0.0836  decode.d6.loss_mask: 1.0708  decode.d6.loss_dice: 1.0865  decode.d7.loss_cls: 0.0825  decode.d7.loss_mask: 1.0676  decode.d7.loss_dice: 1.0890  decode.d8.loss_cls: 0.0792  decode.d8.loss_mask: 1.0667  decode.d8.loss_dice: 1.0868
2026/06/16 02:39:29 - mmengine - INFO - Exp name: dinov3l_m2f_pastis_temporal_v1_20260615_192803
2026/06/16 02:39:29 - mmengine - INFO - Iter(train) [19000/20000]  base_lr: 7.2371e-06 lr: 7.2371e-06  eta: 0:21:38  time: 1.2894  data_time: 0.0332  memory: 8609  grad_norm: 94.1065  loss: 23.5267  decode.loss_cls: 0.1129  decode.loss_mask: 1.0287  decode.loss_dice: 1.0925  decode.d0.loss_cls: 0.6751  decode.d0.loss_mask: 1.0852  decode.d0.loss_dice: 1.2331  decode.d1.loss_cls: 0.3619  decode.d1.loss_mask: 1.0613  decode.d1.loss_dice: 1.1584  decode.d2.loss_cls: 0.2095  decode.d2.loss_mask: 1.0392  decode.d2.loss_dice: 1.1249  decode.d3.loss_cls: 0.1293  decode.d3.loss_mask: 1.0315  decode.d3.loss_dice: 1.0991  decode.d4.loss_cls: 0.1109  decode.d4.loss_mask: 1.0279  decode.d4.loss_dice: 1.0957  decode.d5.loss_cls: 0.1033  decode.d5.loss_mask: 1.0218  decode.d5.loss_dice: 1.0934  decode.d6.loss_cls: 0.1006  decode.d6.loss_mask: 1.0240  decode.d6.loss_dice: 1.0840  decode.d7.loss_cls: 0.0972  decode.d7.loss_mask: 1.0185  decode.d7.loss_dice: 1.0788  decode.d8.loss_cls: 0.1042  decode.d8.loss_mask: 1.0259  decode.d8.loss_dice: 1.0980
2026/06/16 02:39:56 - mmengine - INFO - Iter(val) [ 50/121]    eta: 0:00:37  time: 0.5219  data_time: 0.0274  memory: 6109  
2026/06/16 02:40:22 - mmengine - INFO - Iter(val) [100/121]    eta: 0:00:11  time: 0.5225  data_time: 0.0268  memory: 6109  
2026/06/16 02:40:32 - mmengine - INFO - per class results:
2026/06/16 02:40:32 - mmengine - INFO - 
+---------+-------+-------+
|  Class  |  IoU  |  Acc  |
+---------+-------+-------+
|  crop_1 | 73.41 | 85.14 |
|  crop_2 | 62.66 | 77.06 |
|  crop_3 | 77.77 | 86.91 |
|  crop_4 | 81.05 | 89.68 |
|  crop_5 | 68.91 | 81.33 |
|  crop_6 | 85.92 | 93.09 |
|  crop_7 | 33.79 | 48.98 |
|  crop_8 | 44.91 | 64.02 |
|  crop_9 | 45.47 | 60.21 |
| crop_10 | 80.53 | 89.59 |
| crop_11 | 30.79 | 53.48 |
| crop_12 | 52.11 | 74.84 |
| crop_13 | 32.52 | 49.59 |
| crop_14 | 31.16 | 42.95 |
| crop_15 | 26.86 | 37.86 |
| crop_16 | 58.07 | 72.29 |
| crop_17 |  37.2 | 46.96 |
| crop_18 | 24.83 | 38.71 |
| crop_19 |  13.5 | 25.98 |
+---------+-------+-------+
2026/06/16 02:40:32 - mmengine - INFO - Iter(val) [121/121]    aAcc: 80.2600  mIoU: 50.6000  mAcc: 64.1400  data_time: 0.0300  time: 0.5215
2026/06/16 02:41:37 - mmengine - INFO - Iter(train) [19050/20000]  base_lr: 6.9106e-06 lr: 6.9106e-06  eta: 0:20:33  time: 1.2874  data_time: 0.0324  memory: 8609  grad_norm: 75.8130  loss: 23.3193  decode.loss_cls: 0.0662  decode.loss_mask: 1.0742  decode.loss_dice: 1.0449  decode.d0.loss_cls: 0.7348  decode.d0.loss_mask: 1.1365  decode.d0.loss_dice: 1.1670  decode.d1.loss_cls: 0.3608  decode.d1.loss_mask: 1.0960  decode.d1.loss_dice: 1.1105  decode.d2.loss_cls: 0.1592  decode.d2.loss_mask: 1.0743  decode.d2.loss_dice: 1.0657  decode.d3.loss_cls: 0.1110  decode.d3.loss_mask: 1.0763  decode.d3.loss_dice: 1.0500  decode.d4.loss_cls: 0.0946  decode.d4.loss_mask: 1.0770  decode.d4.loss_dice: 1.0446  decode.d5.loss_cls: 0.0955  decode.d5.loss_mask: 1.0710  decode.d5.loss_dice: 1.0478  decode.d6.loss_cls: 0.0749  decode.d6.loss_mask: 1.0727  decode.d6.loss_dice: 1.0357  decode.d7.loss_cls: 0.0828  decode.d7.loss_mask: 1.0704  decode.d7.loss_dice: 1.0457  decode.d8.loss_cls: 0.0668  decode.d8.loss_mask: 1.0696  decode.d8.loss_dice: 1.0429
2026/06/16 02:42:41 - mmengine - INFO - Iter(train) [19100/20000]  base_lr: 6.5824e-06 lr: 6.5824e-06  eta: 0:19:28  time: 1.2778  data_time: 0.0290  memory: 8609  grad_norm: 102.2740  loss: 25.9153  decode.loss_cls: 0.1297  decode.loss_mask: 1.0925  decode.loss_dice: 1.1766  decode.d0.loss_cls: 0.9291  decode.d0.loss_mask: 1.1473  decode.d0.loss_dice: 1.3179  decode.d1.loss_cls: 0.4831  decode.d1.loss_mask: 1.1163  decode.d1.loss_dice: 1.2780  decode.d2.loss_cls: 0.3133  decode.d2.loss_mask: 1.0990  decode.d2.loss_dice: 1.2117  decode.d3.loss_cls: 0.1976  decode.d3.loss_mask: 1.0958  decode.d3.loss_dice: 1.2033  decode.d4.loss_cls: 0.1852  decode.d4.loss_mask: 1.1001  decode.d4.loss_dice: 1.1920  decode.d5.loss_cls: 0.1489  decode.d5.loss_mask: 1.0978  decode.d5.loss_dice: 1.1924  decode.d6.loss_cls: 0.1358  decode.d6.loss_mask: 1.0897  decode.d6.loss_dice: 1.1843  decode.d7.loss_cls: 0.1334  decode.d7.loss_mask: 1.0889  decode.d7.loss_dice: 1.1793  decode.d8.loss_cls: 0.1294  decode.d8.loss_mask: 1.0901  decode.d8.loss_dice: 1.1765
2026/06/16 02:43:46 - mmengine - INFO - Iter(train) [19150/20000]  base_lr: 6.2524e-06 lr: 6.2524e-06  eta: 0:18:23  time: 1.2894  data_time: 0.0334  memory: 8609  grad_norm: 105.4255  loss: 26.6087  decode.loss_cls: 0.1233  decode.loss_mask: 1.1620  decode.loss_dice: 1.2262  decode.d0.loss_cls: 0.8618  decode.d0.loss_mask: 1.2148  decode.d0.loss_dice: 1.3493  decode.d1.loss_cls: 0.3404  decode.d1.loss_mask: 1.1859  decode.d1.loss_dice: 1.3006  decode.d2.loss_cls: 0.1888  decode.d2.loss_mask: 1.1797  decode.d2.loss_dice: 1.2698  decode.d3.loss_cls: 0.1347  decode.d3.loss_mask: 1.1673  decode.d3.loss_dice: 1.2535  decode.d4.loss_cls: 0.1361  decode.d4.loss_mask: 1.1644  decode.d4.loss_dice: 1.2397  decode.d5.loss_cls: 0.1318  decode.d5.loss_mask: 1.1666  decode.d5.loss_dice: 1.2429  decode.d6.loss_cls: 0.1206  decode.d6.loss_mask: 1.1668  decode.d6.loss_dice: 1.2379  decode.d7.loss_cls: 0.1169  decode.d7.loss_mask: 1.1665  decode.d7.loss_dice: 1.2423  decode.d8.loss_cls: 0.1174  decode.d8.loss_mask: 1.1655  decode.d8.loss_dice: 1.2353
2026/06/16 02:44:50 - mmengine - INFO - Iter(train) [19200/20000]  base_lr: 5.9204e-06 lr: 5.9204e-06  eta: 0:17:19  time: 1.2931  data_time: 0.0337  memory: 8609  grad_norm: 98.8818  loss: 24.8978  decode.loss_cls: 0.0945  decode.loss_mask: 1.0724  decode.loss_dice: 1.1286  decode.d0.loss_cls: 0.8287  decode.d0.loss_mask: 1.1393  decode.d0.loss_dice: 1.2958  decode.d1.loss_cls: 0.4669  decode.d1.loss_mask: 1.1130  decode.d1.loss_dice: 1.2128  decode.d2.loss_cls: 0.2574  decode.d2.loss_mask: 1.0824  decode.d2.loss_dice: 1.1753  decode.d3.loss_cls: 0.1634  decode.d3.loss_mask: 1.0784  decode.d3.loss_dice: 1.1536  decode.d4.loss_cls: 0.1375  decode.d4.loss_mask: 1.0738  decode.d4.loss_dice: 1.1490  decode.d5.loss_cls: 0.1244  decode.d5.loss_mask: 1.0723  decode.d5.loss_dice: 1.1484  decode.d6.loss_cls: 0.1093  decode.d6.loss_mask: 1.0741  decode.d6.loss_dice: 1.1352  decode.d7.loss_cls: 0.0996  decode.d7.loss_mask: 1.0683  decode.d7.loss_dice: 1.1361  decode.d8.loss_cls: 0.1036  decode.d8.loss_mask: 1.0701  decode.d8.loss_dice: 1.1336
2026/06/16 02:45:55 - mmengine - INFO - Iter(train) [19250/20000]  base_lr: 5.5863e-06 lr: 5.5863e-06  eta: 0:16:14  time: 1.2938  data_time: 0.0339  memory: 8609  grad_norm: 75.6307  loss: 21.7944  decode.loss_cls: 0.1132  decode.loss_mask: 0.9301  decode.loss_dice: 0.9725  decode.d0.loss_cls: 0.8526  decode.d0.loss_mask: 0.9903  decode.d0.loss_dice: 1.1075  decode.d1.loss_cls: 0.3308  decode.d1.loss_mask: 0.9645  decode.d1.loss_dice: 1.0693  decode.d2.loss_cls: 0.2230  decode.d2.loss_mask: 0.9391  decode.d2.loss_dice: 1.0242  decode.d3.loss_cls: 0.1571  decode.d3.loss_mask: 0.9407  decode.d3.loss_dice: 0.9870  decode.d4.loss_cls: 0.1387  decode.d4.loss_mask: 0.9350  decode.d4.loss_dice: 0.9851  decode.d5.loss_cls: 0.1621  decode.d5.loss_mask: 0.9294  decode.d5.loss_dice: 0.9806  decode.d6.loss_cls: 0.1387  decode.d6.loss_mask: 0.9268  decode.d6.loss_dice: 0.9576  decode.d7.loss_cls: 0.1224  decode.d7.loss_mask: 0.9291  decode.d7.loss_dice: 0.9664  decode.d8.loss_cls: 0.1336  decode.d8.loss_mask: 0.9262  decode.d8.loss_dice: 0.9609
2026/06/16 02:47:00 - mmengine - INFO - Iter(train) [19300/20000]  base_lr: 5.2499e-06 lr: 5.2499e-06  eta: 0:15:09  time: 1.2933  data_time: 0.0338  memory: 8609  grad_norm: 93.5233  loss: 26.0406  decode.loss_cls: 0.1372  decode.loss_mask: 1.0773  decode.loss_dice: 1.2096  decode.d0.loss_cls: 0.7926  decode.d0.loss_mask: 1.1363  decode.d0.loss_dice: 1.3553  decode.d1.loss_cls: 0.4237  decode.d1.loss_mask: 1.1200  decode.d1.loss_dice: 1.3002  decode.d2.loss_cls: 0.2414  decode.d2.loss_mask: 1.0881  decode.d2.loss_dice: 1.2621  decode.d3.loss_cls: 0.2278  decode.d3.loss_mask: 1.0821  decode.d3.loss_dice: 1.2206  decode.d4.loss_cls: 0.2044  decode.d4.loss_mask: 1.0859  decode.d4.loss_dice: 1.2288  decode.d5.loss_cls: 0.1787  decode.d5.loss_mask: 1.0751  decode.d5.loss_dice: 1.2201  decode.d6.loss_cls: 0.1720  decode.d6.loss_mask: 1.0761  decode.d6.loss_dice: 1.2108  decode.d7.loss_cls: 0.1812  decode.d7.loss_mask: 1.0771  decode.d7.loss_dice: 1.2134  decode.d8.loss_cls: 0.1484  decode.d8.loss_mask: 1.0808  decode.d8.loss_dice: 1.2136
2026/06/16 02:48:04 - mmengine - INFO - Iter(train) [19350/20000]  base_lr: 4.9112e-06 lr: 4.9112e-06  eta: 0:14:04  time: 1.2918  data_time: 0.0342  memory: 8609  grad_norm: 82.8667  loss: 24.2606  decode.loss_cls: 0.0940  decode.loss_mask: 1.0758  decode.loss_dice: 1.0910  decode.d0.loss_cls: 0.7963  decode.d0.loss_mask: 1.1345  decode.d0.loss_dice: 1.2392  decode.d1.loss_cls: 0.3515  decode.d1.loss_mask: 1.0958  decode.d1.loss_dice: 1.1766  decode.d2.loss_cls: 0.1984  decode.d2.loss_mask: 1.0832  decode.d2.loss_dice: 1.1365  decode.d3.loss_cls: 0.1347  decode.d3.loss_mask: 1.0840  decode.d3.loss_dice: 1.1228  decode.d4.loss_cls: 0.1482  decode.d4.loss_mask: 1.0769  decode.d4.loss_dice: 1.1185  decode.d5.loss_cls: 0.1133  decode.d5.loss_mask: 1.0756  decode.d5.loss_dice: 1.1054  decode.d6.loss_cls: 0.0931  decode.d6.loss_mask: 1.0752  decode.d6.loss_dice: 1.0992  decode.d7.loss_cls: 0.0998  decode.d7.loss_mask: 1.0713  decode.d7.loss_dice: 1.1013  decode.d8.loss_cls: 0.0963  decode.d8.loss_mask: 1.0739  decode.d8.loss_dice: 1.0983
2026/06/16 02:49:09 - mmengine - INFO - Iter(train) [19400/20000]  base_lr: 4.5699e-06 lr: 4.5699e-06  eta: 0:12:59  time: 1.2897  data_time: 0.0329  memory: 8609  grad_norm: 82.2065  loss: 23.1324  decode.loss_cls: 0.0813  decode.loss_mask: 1.0244  decode.loss_dice: 1.0543  decode.d0.loss_cls: 0.7288  decode.d0.loss_mask: 1.0823  decode.d0.loss_dice: 1.2144  decode.d1.loss_cls: 0.3423  decode.d1.loss_mask: 1.0591  decode.d1.loss_dice: 1.1442  decode.d2.loss_cls: 0.1766  decode.d2.loss_mask: 1.0358  decode.d2.loss_dice: 1.0946  decode.d3.loss_cls: 0.1174  decode.d3.loss_mask: 1.0320  decode.d3.loss_dice: 1.0644  decode.d4.loss_cls: 0.1012  decode.d4.loss_mask: 1.0259  decode.d4.loss_dice: 1.0628  decode.d5.loss_cls: 0.0920  decode.d5.loss_mask: 1.0296  decode.d5.loss_dice: 1.0702  decode.d6.loss_cls: 0.0855  decode.d6.loss_mask: 1.0266  decode.d6.loss_dice: 1.0660  decode.d7.loss_cls: 0.0799  decode.d7.loss_mask: 1.0232  decode.d7.loss_dice: 1.0684  decode.d8.loss_cls: 0.0744  decode.d8.loss_mask: 1.0195  decode.d8.loss_dice: 1.0554
2026/06/16 02:50:13 - mmengine - INFO - Iter(train) [19450/20000]  base_lr: 4.2256e-06 lr: 4.2256e-06  eta: 0:11:54  time: 1.2891  data_time: 0.0327  memory: 8609  grad_norm: 81.9349  loss: 22.5439  decode.loss_cls: 0.0822  decode.loss_mask: 0.9596  decode.loss_dice: 1.0651  decode.d0.loss_cls: 0.7182  decode.d0.loss_mask: 0.9997  decode.d0.loss_dice: 1.1943  decode.d1.loss_cls: 0.2953  decode.d1.loss_mask: 0.9797  decode.d1.loss_dice: 1.1453  decode.d2.loss_cls: 0.1597  decode.d2.loss_mask: 0.9622  decode.d2.loss_dice: 1.1086  decode.d3.loss_cls: 0.1742  decode.d3.loss_mask: 0.9563  decode.d3.loss_dice: 1.0744  decode.d4.loss_cls: 0.1542  decode.d4.loss_mask: 0.9547  decode.d4.loss_dice: 1.0665  decode.d5.loss_cls: 0.0951  decode.d5.loss_mask: 0.9562  decode.d5.loss_dice: 1.0770  decode.d6.loss_cls: 0.1041  decode.d6.loss_mask: 0.9613  decode.d6.loss_dice: 1.0671  decode.d7.loss_cls: 0.0926  decode.d7.loss_mask: 0.9568  decode.d7.loss_dice: 1.0714  decode.d8.loss_cls: 0.0773  decode.d8.loss_mask: 0.9581  decode.d8.loss_dice: 1.0767
2026/06/16 02:51:18 - mmengine - INFO - Iter(train) [19500/20000]  base_lr: 3.8783e-06 lr: 3.8783e-06  eta: 0:10:49  time: 1.2870  data_time: 0.0324  memory: 8609  grad_norm: 78.8283  loss: 23.0353  decode.loss_cls: 0.1037  decode.loss_mask: 1.0123  decode.loss_dice: 1.0313  decode.d0.loss_cls: 0.7018  decode.d0.loss_mask: 1.0867  decode.d0.loss_dice: 1.1387  decode.d1.loss_cls: 0.4118  decode.d1.loss_mask: 1.0482  decode.d1.loss_dice: 1.0820  decode.d2.loss_cls: 0.1966  decode.d2.loss_mask: 1.0328  decode.d2.loss_dice: 1.0631  decode.d3.loss_cls: 0.1590  decode.d3.loss_mask: 1.0252  decode.d3.loss_dice: 1.0421  decode.d4.loss_cls: 0.1220  decode.d4.loss_mask: 1.0199  decode.d4.loss_dice: 1.0439  decode.d5.loss_cls: 0.1449  decode.d5.loss_mask: 1.0157  decode.d5.loss_dice: 1.0416  decode.d6.loss_cls: 0.1338  decode.d6.loss_mask: 1.0159  decode.d6.loss_dice: 1.0402  decode.d7.loss_cls: 0.1261  decode.d7.loss_mask: 1.0154  decode.d7.loss_dice: 1.0340  decode.d8.loss_cls: 0.1011  decode.d8.loss_mask: 1.0115  decode.d8.loss_dice: 1.0340
2026/06/16 02:52:22 - mmengine - INFO - Iter(train) [19550/20000]  base_lr: 3.5274e-06 lr: 3.5274e-06  eta: 0:09:44  time: 1.2877  data_time: 0.0331  memory: 8609  grad_norm: 85.7053  loss: 23.9514  decode.loss_cls: 0.1412  decode.loss_mask: 1.0181  decode.loss_dice: 1.0607  decode.d0.loss_cls: 0.8693  decode.d0.loss_mask: 1.0652  decode.d0.loss_dice: 1.2144  decode.d1.loss_cls: 0.4788  decode.d1.loss_mask: 1.0473  decode.d1.loss_dice: 1.1461  decode.d2.loss_cls: 0.2894  decode.d2.loss_mask: 1.0307  decode.d2.loss_dice: 1.0909  decode.d3.loss_cls: 0.2312  decode.d3.loss_mask: 1.0127  decode.d3.loss_dice: 1.0756  decode.d4.loss_cls: 0.1859  decode.d4.loss_mask: 1.0217  decode.d4.loss_dice: 1.0796  decode.d5.loss_cls: 0.1590  decode.d5.loss_mask: 1.0137  decode.d5.loss_dice: 1.0720  decode.d6.loss_cls: 0.1312  decode.d6.loss_mask: 1.0262  decode.d6.loss_dice: 1.0743  decode.d7.loss_cls: 0.1113  decode.d7.loss_mask: 1.0254  decode.d7.loss_dice: 1.0687  decode.d8.loss_cls: 0.1307  decode.d8.loss_mask: 1.0230  decode.d8.loss_dice: 1.0570
2026/06/16 02:53:27 - mmengine - INFO - Iter(train) [19600/20000]  base_lr: 3.1726e-06 lr: 3.1726e-06  eta: 0:08:39  time: 1.2943  data_time: 0.0342  memory: 8609  grad_norm: 89.5643  loss: 24.6720  decode.loss_cls: 0.1155  decode.loss_mask: 1.0576  decode.loss_dice: 1.1254  decode.d0.loss_cls: 0.8325  decode.d0.loss_mask: 1.1272  decode.d0.loss_dice: 1.2692  decode.d1.loss_cls: 0.4123  decode.d1.loss_mask: 1.0937  decode.d1.loss_dice: 1.1997  decode.d2.loss_cls: 0.2699  decode.d2.loss_mask: 1.0726  decode.d2.loss_dice: 1.1570  decode.d3.loss_cls: 0.1441  decode.d3.loss_mask: 1.0656  decode.d3.loss_dice: 1.1474  decode.d4.loss_cls: 0.1114  decode.d4.loss_mask: 1.0615  decode.d4.loss_dice: 1.1416  decode.d5.loss_cls: 0.1033  decode.d5.loss_mask: 1.0659  decode.d5.loss_dice: 1.1440  decode.d6.loss_cls: 0.1270  decode.d6.loss_mask: 1.0573  decode.d6.loss_dice: 1.1325  decode.d7.loss_cls: 0.1222  decode.d7.loss_mask: 1.0626  decode.d7.loss_dice: 1.1387  decode.d8.loss_cls: 0.1268  decode.d8.loss_mask: 1.0555  decode.d8.loss_dice: 1.1318
2026/06/16 02:54:31 - mmengine - INFO - Iter(train) [19650/20000]  base_lr: 2.8134e-06 lr: 2.8134e-06  eta: 0:07:34  time: 1.2878  data_time: 0.0322  memory: 8609  grad_norm: 84.1916  loss: 22.7063  decode.loss_cls: 0.0784  decode.loss_mask: 0.9594  decode.loss_dice: 1.0714  decode.d0.loss_cls: 0.6878  decode.d0.loss_mask: 1.0130  decode.d0.loss_dice: 1.2296  decode.d1.loss_cls: 0.3779  decode.d1.loss_mask: 0.9913  decode.d1.loss_dice: 1.1545  decode.d2.loss_cls: 0.2002  decode.d2.loss_mask: 0.9720  decode.d2.loss_dice: 1.1150  decode.d3.loss_cls: 0.1189  decode.d3.loss_mask: 0.9666  decode.d3.loss_dice: 1.0974  decode.d4.loss_cls: 0.1071  decode.d4.loss_mask: 0.9665  decode.d4.loss_dice: 1.0849  decode.d5.loss_cls: 0.0952  decode.d5.loss_mask: 0.9603  decode.d5.loss_dice: 1.0779  decode.d6.loss_cls: 0.0986  decode.d6.loss_mask: 0.9626  decode.d6.loss_dice: 1.0724  decode.d7.loss_cls: 0.0852  decode.d7.loss_mask: 0.9611  decode.d7.loss_dice: 1.0784  decode.d8.loss_cls: 0.0802  decode.d8.loss_mask: 0.9611  decode.d8.loss_dice: 1.0813
2026/06/16 02:55:36 - mmengine - INFO - Iter(train) [19700/20000]  base_lr: 2.4489e-06 lr: 2.4489e-06  eta: 0:06:29  time: 1.3051  data_time: 0.0334  memory: 8609  grad_norm: 85.5429  loss: 24.3931  decode.loss_cls: 0.0893  decode.loss_mask: 1.0582  decode.loss_dice: 1.1390  decode.d0.loss_cls: 0.7630  decode.d0.loss_mask: 1.1058  decode.d0.loss_dice: 1.2473  decode.d1.loss_cls: 0.4201  decode.d1.loss_mask: 1.0849  decode.d1.loss_dice: 1.1991  decode.d2.loss_cls: 0.1732  decode.d2.loss_mask: 1.0717  decode.d2.loss_dice: 1.1697  decode.d3.loss_cls: 0.1167  decode.d3.loss_mask: 1.0668  decode.d3.loss_dice: 1.1474  decode.d4.loss_cls: 0.1025  decode.d4.loss_mask: 1.0663  decode.d4.loss_dice: 1.1557  decode.d5.loss_cls: 0.0969  decode.d5.loss_mask: 1.0637  decode.d5.loss_dice: 1.1573  decode.d6.loss_cls: 0.0987  decode.d6.loss_mask: 1.0577  decode.d6.loss_dice: 1.1385  decode.d7.loss_cls: 0.1032  decode.d7.loss_mask: 1.0637  decode.d7.loss_dice: 1.1425  decode.d8.loss_cls: 0.0995  decode.d8.loss_mask: 1.0550  decode.d8.loss_dice: 1.1400
2026/06/16 02:56:40 - mmengine - INFO - Iter(train) [19750/20000]  base_lr: 2.0783e-06 lr: 2.0783e-06  eta: 0:05:24  time: 1.2895  data_time: 0.0317  memory: 8609  grad_norm: 93.3629  loss: 23.5071  decode.loss_cls: 0.0731  decode.loss_mask: 1.0196  decode.loss_dice: 1.1142  decode.d0.loss_cls: 0.6873  decode.d0.loss_mask: 1.0795  decode.d0.loss_dice: 1.2530  decode.d1.loss_cls: 0.3534  decode.d1.loss_mask: 1.0427  decode.d1.loss_dice: 1.1649  decode.d2.loss_cls: 0.2031  decode.d2.loss_mask: 1.0250  decode.d2.loss_dice: 1.1369  decode.d3.loss_cls: 0.1260  decode.d3.loss_mask: 1.0221  decode.d3.loss_dice: 1.1205  decode.d4.loss_cls: 0.1013  decode.d4.loss_mask: 1.0185  decode.d4.loss_dice: 1.1239  decode.d5.loss_cls: 0.0852  decode.d5.loss_mask: 1.0098  decode.d5.loss_dice: 1.1212  decode.d6.loss_cls: 0.0845  decode.d6.loss_mask: 1.0148  decode.d6.loss_dice: 1.1135  decode.d7.loss_cls: 0.0795  decode.d7.loss_mask: 1.0158  decode.d7.loss_dice: 1.1137  decode.d8.loss_cls: 0.0742  decode.d8.loss_mask: 1.0166  decode.d8.loss_dice: 1.1132
2026/06/16 02:57:45 - mmengine - INFO - Iter(train) [19800/20000]  base_lr: 1.7002e-06 lr: 1.7002e-06  eta: 0:04:19  time: 1.2897  data_time: 0.0334  memory: 8609  grad_norm: 101.1599  loss: 26.4299  decode.loss_cls: 0.2183  decode.loss_mask: 1.1504  decode.loss_dice: 1.1767  decode.d0.loss_cls: 0.7115  decode.d0.loss_mask: 1.2005  decode.d0.loss_dice: 1.2840  decode.d1.loss_cls: 0.3502  decode.d1.loss_mask: 1.1781  decode.d1.loss_dice: 1.2625  decode.d2.loss_cls: 0.2190  decode.d2.loss_mask: 1.1702  decode.d2.loss_dice: 1.2430  decode.d3.loss_cls: 0.1829  decode.d3.loss_mask: 1.1648  decode.d3.loss_dice: 1.2149  decode.d4.loss_cls: 0.2055  decode.d4.loss_mask: 1.1513  decode.d4.loss_dice: 1.1902  decode.d5.loss_cls: 0.2136  decode.d5.loss_mask: 1.1477  decode.d5.loss_dice: 1.1859  decode.d6.loss_cls: 0.1970  decode.d6.loss_mask: 1.1536  decode.d6.loss_dice: 1.1884  decode.d7.loss_cls: 0.1989  decode.d7.loss_mask: 1.1517  decode.d7.loss_dice: 1.1879  decode.d8.loss_cls: 0.1807  decode.d8.loss_mask: 1.1537  decode.d8.loss_dice: 1.1968
2026/06/16 02:58:49 - mmengine - INFO - Iter(train) [19850/20000]  base_lr: 1.3123e-06 lr: 1.3123e-06  eta: 0:03:14  time: 1.2885  data_time: 0.0338  memory: 8609  grad_norm: 88.0769  loss: 23.5950  decode.loss_cls: 0.1207  decode.loss_mask: 0.9932  decode.loss_dice: 1.1090  decode.d0.loss_cls: 0.7614  decode.d0.loss_mask: 1.0617  decode.d0.loss_dice: 1.2665  decode.d1.loss_cls: 0.3136  decode.d1.loss_mask: 1.0265  decode.d1.loss_dice: 1.1768  decode.d2.loss_cls: 0.2045  decode.d2.loss_mask: 1.0105  decode.d2.loss_dice: 1.1407  decode.d3.loss_cls: 0.1725  decode.d3.loss_mask: 0.9928  decode.d3.loss_dice: 1.1171  decode.d4.loss_cls: 0.1472  decode.d4.loss_mask: 0.9881  decode.d4.loss_dice: 1.1099  decode.d5.loss_cls: 0.1323  decode.d5.loss_mask: 0.9925  decode.d5.loss_dice: 1.1000  decode.d6.loss_cls: 0.1378  decode.d6.loss_mask: 0.9913  decode.d6.loss_dice: 1.0895  decode.d7.loss_cls: 0.1256  decode.d7.loss_mask: 0.9907  decode.d7.loss_dice: 1.0953  decode.d8.loss_cls: 0.1279  decode.d8.loss_mask: 0.9918  decode.d8.loss_dice: 1.1075
2026/06/16 02:59:54 - mmengine - INFO - Iter(train) [19900/20000]  base_lr: 9.1110e-07 lr: 9.1110e-07  eta: 0:02:09  time: 1.2881  data_time: 0.0332  memory: 8609  grad_norm: 86.9449  loss: 25.9835  decode.loss_cls: 0.1064  decode.loss_mask: 1.0461  decode.loss_dice: 1.2769  decode.d0.loss_cls: 0.8541  decode.d0.loss_mask: 1.0910  decode.d0.loss_dice: 1.4288  decode.d1.loss_cls: 0.3663  decode.d1.loss_mask: 1.0719  decode.d1.loss_dice: 1.3542  decode.d2.loss_cls: 0.2070  decode.d2.loss_mask: 1.0612  decode.d2.loss_dice: 1.3159  decode.d3.loss_cls: 0.1715  decode.d3.loss_mask: 1.0531  decode.d3.loss_dice: 1.3014  decode.d4.loss_cls: 0.1570  decode.d4.loss_mask: 1.0478  decode.d4.loss_dice: 1.2740  decode.d5.loss_cls: 0.1424  decode.d5.loss_mask: 1.0413  decode.d5.loss_dice: 1.2746  decode.d6.loss_cls: 0.1228  decode.d6.loss_mask: 1.0502  decode.d6.loss_dice: 1.2747  decode.d7.loss_cls: 0.1165  decode.d7.loss_mask: 1.0511  decode.d7.loss_dice: 1.2741  decode.d8.loss_cls: 0.1143  decode.d8.loss_mask: 1.0542  decode.d8.loss_dice: 1.2828
2026/06/16 03:00:58 - mmengine - INFO - Iter(train) [19950/20000]  base_lr: 4.8825e-07 lr: 4.8825e-07  eta: 0:01:04  time: 1.2877  data_time: 0.0333  memory: 8609  grad_norm: 90.9469  loss: 24.9147  decode.loss_cls: 0.1054  decode.loss_mask: 1.0702  decode.loss_dice: 1.1283  decode.d0.loss_cls: 0.8173  decode.d0.loss_mask: 1.1461  decode.d0.loss_dice: 1.2760  decode.d1.loss_cls: 0.5079  decode.d1.loss_mask: 1.1004  decode.d1.loss_dice: 1.1932  decode.d2.loss_cls: 0.2905  decode.d2.loss_mask: 1.0807  decode.d2.loss_dice: 1.1558  decode.d3.loss_cls: 0.1895  decode.d3.loss_mask: 1.0686  decode.d3.loss_dice: 1.1376  decode.d4.loss_cls: 0.1804  decode.d4.loss_mask: 1.0658  decode.d4.loss_dice: 1.1313  decode.d5.loss_cls: 0.1334  decode.d5.loss_mask: 1.0648  decode.d5.loss_dice: 1.1323  decode.d6.loss_cls: 0.1230  decode.d6.loss_mask: 1.0663  decode.d6.loss_dice: 1.1290  decode.d7.loss_cls: 0.1131  decode.d7.loss_mask: 1.0727  decode.d7.loss_dice: 1.1288  decode.d8.loss_cls: 0.1108  decode.d8.loss_mask: 1.0713  decode.d8.loss_dice: 1.1243
2026/06/16 03:02:03 - mmengine - INFO - Exp name: dinov3l_m2f_pastis_temporal_v1_20260615_192803
2026/06/16 03:02:03 - mmengine - INFO - Iter(train) [20000/20000]  base_lr: 0.0000e+00 lr: 0.0000e+00  eta: 0:00:00  time: 1.2845  data_time: 0.0313  memory: 8609  grad_norm: 84.4497  loss: 24.0961  decode.loss_cls: 0.0712  decode.loss_mask: 1.0970  decode.loss_dice: 1.1002  decode.d0.loss_cls: 0.7329  decode.d0.loss_mask: 1.1536  decode.d0.loss_dice: 1.2011  decode.d1.loss_cls: 0.2853  decode.d1.loss_mask: 1.1254  decode.d1.loss_dice: 1.1540  decode.d2.loss_cls: 0.2009  decode.d2.loss_mask: 1.0960  decode.d2.loss_dice: 1.1218  decode.d3.loss_cls: 0.1236  decode.d3.loss_mask: 1.1045  decode.d3.loss_dice: 1.1076  decode.d4.loss_cls: 0.1024  decode.d4.loss_mask: 1.0984  decode.d4.loss_dice: 1.0988  decode.d5.loss_cls: 0.0784  decode.d5.loss_mask: 1.0943  decode.d5.loss_dice: 1.1048  decode.d6.loss_cls: 0.0769  decode.d6.loss_mask: 1.0973  decode.d6.loss_dice: 1.1015  decode.d7.loss_cls: 0.1043  decode.d7.loss_mask: 1.0909  decode.d7.loss_dice: 1.0905  decode.d8.loss_cls: 0.0992  decode.d8.loss_mask: 1.0896  decode.d8.loss_dice: 1.0938
2026/06/16 03:02:03 - mmengine - INFO - Saving checkpoint at 20000 iterations
2026/06/16 03:02:36 - mmengine - INFO - Iter(val) [ 50/121]    eta: 0:00:36  time: 0.5074  data_time: 0.0206  memory: 6109  
2026/06/16 03:03:02 - mmengine - INFO - Iter(val) [100/121]    eta: 0:00:10  time: 0.5103  data_time: 0.0217  memory: 6109  
2026/06/16 03:03:12 - mmengine - INFO - per class results:
2026/06/16 03:03:12 - mmengine - INFO - 
+---------+-------+-------+
|  Class  |  IoU  |  Acc  |
+---------+-------+-------+
|  crop_1 | 73.53 | 85.04 |
|  crop_2 | 62.82 | 77.15 |
|  crop_3 | 77.55 | 86.82 |
|  crop_4 | 81.22 | 90.41 |
|  crop_5 | 69.16 |  80.2 |
|  crop_6 | 86.46 | 93.15 |
|  crop_7 | 34.14 | 50.47 |
|  crop_8 | 45.27 | 65.06 |
|  crop_9 | 46.01 | 61.34 |
| crop_10 | 81.04 | 89.29 |
| crop_11 | 30.27 | 51.74 |
| crop_12 | 51.14 | 72.88 |
| crop_13 | 31.54 | 49.83 |
| crop_14 | 31.12 | 41.16 |
| crop_15 | 27.54 |  38.4 |
| crop_16 | 57.32 |  73.0 |
| crop_17 | 39.23 | 51.27 |
| crop_18 | 25.18 |  40.2 |
| crop_19 | 14.42 | 26.11 |
+---------+-------+-------+
2026/06/16 03:03:12 - mmengine - INFO - Iter(val) [121/121]    aAcc: 80.3500  mIoU: 50.7900  mAcc: 64.4000  data_time: 0.0245  time: 0.5087
