2026/06/11 11:35:20 - mmengine - INFO - 
------------------------------------------------------------
System environment:
    sys.platform: linux
    Python: 3.12.13 | packaged by Anaconda, Inc. | (main, Mar 19 2026, 20:20:58) [GCC 14.3.0]
    CUDA available: True
    MUSA available: False
    numpy_random_seed: 988369498
    GPU 0,1,2,3,4,5,6,7: NVIDIA A40
    CUDA_HOME: /home/users_model/miniconda3/envs/mmseg_dino
    NVCC: Cuda compilation tools, release 12.9, V12.9.86
    GCC: gcc (Ubuntu 9.4.0-1ubuntu1~20.04.2) 9.4.0
    PyTorch: 2.7.1
    PyTorch compiling details: PyTorch built with:
  - GCC 14.3
  - C++ Version: 201703
  - Intel(R) oneAPI Math Kernel Library Version 2024.2.2-Product Build 20240823 for Intel(R) 64 architecture applications
  - Intel(R) MKL-DNN v3.7.1 (Git Hash d21fc6dbb4db827872fc8cf05e70f6771bd4937b)
  - OpenMP 201511 (a.k.a. OpenMP 4.5)
  - LAPACK is enabled (usually provided by MKL)
  - NNPACK is enabled
  - CPU capability usage: AVX512
  - CUDA Runtime 12.9
  - NVCC architecture flags: -gencode;arch=compute_50,code=sm_50;-gencode;arch=compute_60,code=sm_60;-gencode;arch=compute_70,code=sm_70;-gencode;arch=compute_75,code=sm_75;-gencode;arch=compute_80,code=sm_80;-gencode;arch=compute_86,code=sm_86;-gencode;arch=compute_90,code=sm_90;-gencode;arch=compute_100,code=sm_100;-gencode;arch=compute_120,code=sm_120;-gencode;arch=compute_120,code=compute_120
  - CuDNN 91.0.2
    - Built with CuDNN 91.0.1
  - Magma 2.9.0
  - Build settings: BLAS_INFO=mkl, BUILD_TYPE=Release, COMMIT_SHA=Unknown, CUDA_VERSION=12.9, CUDNN_VERSION=9.10.1, CXX_COMPILER=/home/conda/feedstock_root/build_artifacts/libtorch_1753846581042/_build_env/bin/x86_64-conda-linux-gnu-c++, CXX_FLAGS=-fmessage-length=0 -march=nocona -mtune=haswell -ftree-vectorize -fPIC -fstack-protector-strong -fno-plt -O2 -ffunction-sections -pipe -isystem /home/conda/feedstock_root/build_artifacts/libtorch_1753846581042/_h_env_placehold_placehold_placehold_placehold_placehold_placehold_placehold_placehold_placehold_placehold_placehold_placehold_placehold_placehold_placehold_placehold_placehold_placehold_pl/include -fdebug-prefix-map=/home/conda/feedstock_root/build_artifacts/libtorch_1753846581042/work=/usr/local/src/conda/libtorch-2.7.1 -fdebug-prefix-map=/home/conda/feedstock_root/build_artifacts/libtorch_1753846581042/_h_env_placehold_placehold_placehold_placehold_placehold_placehold_placehold_placehold_placehold_placehold_placehold_placehold_placehold_placehold_placehold_placehold_placehold_placehold_pl=/usr/local/src/conda-prefix -I/home/conda/feedstock_root/build_artifacts/libtorch_1753846581042/_h_env_placehold_placehold_placehold_placehold_placehold_placehold_placehold_placehold_placehold_placehold_placehold_placehold_placehold_placehold_placehold_placehold_placehold_placehold_pl/targets/x86_64-linux/include -I/home/conda/feedstock_root/build_artifacts/libtorch_1753846581042/_build_env/targets/x86_64-linux/include -w -Wno-deprecated-declarations -Wno-error=maybe-uninitialized -D_GLIBCXX_USE_CXX11_ABI=1 -fvisibility-inlines-hidden -DUSE_PTHREADPOOL -DNDEBUG -DUSE_KINETO -DLIBKINETO_NOROCTRACER -DLIBKINETO_NOXPUPTI=ON -DUSE_FBGEMM -DUSE_PYTORCH_QNNPACK -DUSE_XNNPACK -DSYMBOLICATE_MOBILE_DEBUG_HANDLE -O2 -fPIC -Wall -Wextra -Werror=return-type -Werror=non-virtual-dtor -Werror=range-loop-construct -Werror=bool-operation -Wnarrowing -Wno-missing-field-initializers -Wno-unknown-pragmas -Wno-unused-parameter -Wno-strict-overflow -Wno-strict-aliasing -Wno-stringop-overflow -Wsuggest-override -Wno-psabi -Wno-error=old-style-cast -fdiagnostics-color=always -faligned-new -Wno-maybe-uninitialized -fno-math-errno -fno-trapping-math -Werror=format -Wno-dangling-reference -Wno-error=dangling-reference -Wno-error=redundant-move -Wno-stringop-overflow, LAPACK_INFO=mkl, PERF_WITH_AVX=1, PERF_WITH_AVX2=1, TORCH_VERSION=2.7.1, USE_CUDA=1, USE_CUDNN=ON, USE_CUSPARSELT=OFF, USE_GFLAGS=OFF, USE_GLOG=OFF, USE_GLOO=ON, USE_MKL=ON, USE_MKLDNN=1, USE_MPI=OFF, USE_NCCL=ON, USE_NNPACK=ON, USE_OPENMP=ON, USE_ROCM=OFF, USE_ROCM_KERNEL_ASSERT=OFF, 

    TorchVision: 0.22.1
    OpenCV: 4.13.0
    MMEngine: 0.10.7

Runtime environment:
    cudnn_benchmark: True
    mp_cfg: {'mp_start_method': 'fork', 'opencv_num_threads': 0}
    dist_cfg: {'backend': 'nccl'}
    seed: 988369498
    Distributed launcher: none
    Distributed training: False
    GPU number: 1
------------------------------------------------------------

2026/06/11 11:35:20 - mmengine - INFO - Config:
DINO_LARGE_CKPT = '/mnt/ht2_nas2/00-model/00-fb/mmseg_data/weights/dinov3_vitl16_pretrain_sat493m-eadcf0ff.pth'
PASTIS_ROOT = '/mnt/ht2_nas2/00-model/00-fb/mmseg_data/PASTIS-R'
_PASTIS_RASTER_RGB_MEAN = [
    1436.7,
    1387.7,
    1180.2,
]
_PASTIS_RASTER_RGB_STD = [
    1996.2,
    1916.8,
    1976.7,
]
custom_imports = dict(
    allow_failed_imports=False,
    imports=[
        'custom_models.dinov3_backbone_temporal',
        'custom_datasets.pastis',
    ])
data_preprocessor = dict(
    bgr_to_rgb=False,
    mean=[
        1436.7,
        1387.7,
        1180.2,
        1436.7,
        1387.7,
        1180.2,
        1436.7,
        1387.7,
        1180.2,
        1436.7,
        1387.7,
        1180.2,
        1436.7,
        1387.7,
        1180.2,
        1436.7,
        1387.7,
        1180.2,
        1436.7,
        1387.7,
        1180.2,
        1436.7,
        1387.7,
        1180.2,
        1436.7,
        1387.7,
        1180.2,
        1436.7,
        1387.7,
        1180.2,
        1436.7,
        1387.7,
        1180.2,
        1436.7,
        1387.7,
        1180.2,
    ],
    pad_val=0,
    seg_pad_val=255,
    size=(
        224,
        224,
    ),
    std=[
        1996.2,
        1916.8,
        1976.7,
        1996.2,
        1916.8,
        1976.7,
        1996.2,
        1916.8,
        1976.7,
        1996.2,
        1916.8,
        1976.7,
        1996.2,
        1916.8,
        1976.7,
        1996.2,
        1916.8,
        1976.7,
        1996.2,
        1916.8,
        1976.7,
        1996.2,
        1916.8,
        1976.7,
        1996.2,
        1916.8,
        1976.7,
        1996.2,
        1916.8,
        1976.7,
        1996.2,
        1916.8,
        1976.7,
        1996.2,
        1916.8,
        1976.7,
    ],
    test_cfg=dict(size_divisor=32),
    type='SegDataPreProcessor')
default_hooks = dict(
    checkpoint=dict(
        by_epoch=True, interval=1, save_best='mIoU', type='CheckpointHook'),
    logger=dict(interval=50, log_metric_by_epoch=True, type='LoggerHook'))
default_scope = 'mmseg'
env_cfg = dict(
    cudnn_benchmark=True,
    dist_cfg=dict(backend='nccl'),
    mp_cfg=dict(mp_start_method='fork', opencv_num_threads=0))
img_size = 224
launcher = 'none'
load_from = None
log_level = 'INFO'
log_processor = dict(by_epoch=False)
model = dict(
    auxiliary_head=None,
    backbone=dict(
        arch='vit_large',
        checkpoint=
        '/mnt/ht2_nas2/00-model/00-fb/mmseg_data/weights/dinov3_vitl16_pretrain_sat493m-eadcf0ff.pth',
        freeze_backbone=False,
        patch_size=16,
        type='DINOv3BackboneMmsegTemporal'),
    data_preprocessor=dict(
        bgr_to_rgb=False,
        mean=[
            1436.7,
            1387.7,
            1180.2,
            1436.7,
            1387.7,
            1180.2,
            1436.7,
            1387.7,
            1180.2,
            1436.7,
            1387.7,
            1180.2,
            1436.7,
            1387.7,
            1180.2,
            1436.7,
            1387.7,
            1180.2,
            1436.7,
            1387.7,
            1180.2,
            1436.7,
            1387.7,
            1180.2,
            1436.7,
            1387.7,
            1180.2,
            1436.7,
            1387.7,
            1180.2,
            1436.7,
            1387.7,
            1180.2,
            1436.7,
            1387.7,
            1180.2,
        ],
        pad_val=0,
        seg_pad_val=255,
        size=(
            224,
            224,
        ),
        std=[
            1996.2,
            1916.8,
            1976.7,
            1996.2,
            1916.8,
            1976.7,
            1996.2,
            1916.8,
            1976.7,
            1996.2,
            1916.8,
            1976.7,
            1996.2,
            1916.8,
            1976.7,
            1996.2,
            1916.8,
            1976.7,
            1996.2,
            1916.8,
            1976.7,
            1996.2,
            1916.8,
            1976.7,
            1996.2,
            1916.8,
            1976.7,
            1996.2,
            1916.8,
            1976.7,
            1996.2,
            1916.8,
            1976.7,
            1996.2,
            1916.8,
            1976.7,
        ],
        test_cfg=dict(size_divisor=32),
        type='SegDataPreProcessor'),
    decode_head=dict(
        align_corners=False,
        channels=512,
        concat_input=True,
        dropout_ratio=0.1,
        in_channels=1024,
        in_index=3,
        loss_decode=dict(
            loss_weight=1.0, type='CrossEntropyLoss', use_sigmoid=False),
        norm_cfg=dict(requires_grad=True, type='SyncBN'),
        num_classes=18,
        num_convs=2,
        type='FCNHead'),
    pretrained=None,
    test_cfg=dict(mode='whole'),
    train_cfg=dict(),
    type='EncoderDecoder')
norm_cfg = dict(requires_grad=True, type='SyncBN')
num_classes = 18
optim_wrapper = dict(
    clip_grad=dict(max_norm=0.01, norm_type=2),
    loss_scale='dynamic',
    optimizer=dict(
        betas=(
            0.9,
            0.999,
        ),
        eps=1e-08,
        lr=0.0001,
        type='AdamW',
        weight_decay=0.05),
    paramwise_cfg=dict(
        custom_keys=dict(backbone=dict(decay_mult=1.0, lr_mult=0.1)),
        norm_decay_mult=0.0),
    type='AmpOptimWrapper')
param_scheduler = [
    dict(
        cooldown=10,
        factor=0.2,
        monitor='mIoU',
        patience=2,
        rule='greater',
        type='ReduceOnPlateauLR'),
]
resume = False
test_cfg = dict(type='TestLoop')
test_dataloader = dict(
    batch_size=2,
    dataset=dict(
        data_root='/mnt/ht2_nas2/00-model/00-fb/mmseg_data/PASTIS-R',
        pipeline=[
            dict(img_size=224, type='LoadPASTISRaster'),
            dict(type='PackSegInputs'),
        ],
        split='val',
        type='PASTISRasterDataset'),
    num_workers=2,
    persistent_workers=True,
    sampler=dict(shuffle=False, type='DefaultSampler'))
test_evaluator = dict(
    iou_metrics=[
        'mIoU',
    ], type='IoUMetric')
train_cfg = dict(max_epochs=50, type='EpochBasedTrainLoop', val_interval=1)
train_dataloader = dict(
    batch_size=4,
    dataset=dict(
        data_root='/mnt/ht2_nas2/00-model/00-fb/mmseg_data/PASTIS-R',
        pipeline=[
            dict(img_size=224, type='LoadPASTISRaster'),
            dict(prob=0.5, type='RandomFlip'),
            dict(type='PackSegInputs'),
        ],
        split='train',
        type='PASTISRasterDataset'),
    num_workers=4,
    persistent_workers=True,
    sampler=dict(shuffle=True, type='DefaultSampler'))
train_pipeline = [
    dict(img_size=224, type='LoadPASTISRaster'),
    dict(prob=0.5, type='RandomFlip'),
    dict(type='PackSegInputs'),
]
tta_model = dict(type='SegTTAModel')
val_cfg = dict(type='ValLoop')
val_dataloader = dict(
    batch_size=2,
    dataset=dict(
        data_root='/mnt/ht2_nas2/00-model/00-fb/mmseg_data/PASTIS-R',
        pipeline=[
            dict(img_size=224, type='LoadPASTISRaster'),
            dict(type='PackSegInputs'),
        ],
        split='val',
        type='PASTISRasterDataset'),
    num_workers=2,
    persistent_workers=True,
    sampler=dict(shuffle=False, type='DefaultSampler'))
val_evaluator = dict(
    iou_metrics=[
        'mIoU',
    ], type='IoUMetric')
val_pipeline = [
    dict(img_size=224, type='LoadPASTISRaster'),
    dict(type='PackSegInputs'),
]
vis_backends = [
    dict(type='LocalVisBackend'),
]
visualizer = dict(
    name='visualizer',
    type='SegLocalVisualizer',
    vis_backends=[
        dict(type='LocalVisBackend'),
    ])
work_dir = './work_dirs/dinov3L_fcn_pastis_olmoearth_ft'

2026/06/11 11:35:26 - mmengine - INFO - Distributed training is not used, all SyncBatchNorm (SyncBN) layers in the model will be automatically reverted to BatchNormXd layers if they are used.
2026/06/11 11:35:26 - mmengine - INFO - Hooks will be executed in the following order:
before_run:
(VERY_HIGH   ) RuntimeInfoHook                    
(BELOW_NORMAL) LoggerHook                         
 -------------------- 
before_train:
(VERY_HIGH   ) RuntimeInfoHook                    
(NORMAL      ) IterTimerHook                      
(VERY_LOW    ) CheckpointHook                     
 -------------------- 
before_train_epoch:
(VERY_HIGH   ) RuntimeInfoHook                    
(NORMAL      ) IterTimerHook                      
(NORMAL      ) DistSamplerSeedHook                
 -------------------- 
before_train_iter:
(VERY_HIGH   ) RuntimeInfoHook                    
(NORMAL      ) IterTimerHook                      
 -------------------- 
after_train_iter:
(VERY_HIGH   ) RuntimeInfoHook                    
(NORMAL      ) IterTimerHook                      
(BELOW_NORMAL) LoggerHook                         
(LOW         ) ParamSchedulerHook                 
(VERY_LOW    ) CheckpointHook                     
 -------------------- 
after_train_epoch:
(NORMAL      ) IterTimerHook                      
(LOW         ) ParamSchedulerHook                 
(VERY_LOW    ) CheckpointHook                     
 -------------------- 
before_val:
(VERY_HIGH   ) RuntimeInfoHook                    
 -------------------- 
before_val_epoch:
(NORMAL      ) IterTimerHook                      
 -------------------- 
before_val_iter:
(NORMAL      ) IterTimerHook                      
 -------------------- 
after_val_iter:
(NORMAL      ) IterTimerHook                      
(BELOW_NORMAL) LoggerHook                         
 -------------------- 
after_val_epoch:
(VERY_HIGH   ) RuntimeInfoHook                    
(NORMAL      ) IterTimerHook                      
(BELOW_NORMAL) LoggerHook                         
(LOW         ) ParamSchedulerHook                 
(VERY_LOW    ) CheckpointHook                     
 -------------------- 
after_val:
(VERY_HIGH   ) RuntimeInfoHook                    
 -------------------- 
after_train:
(VERY_HIGH   ) RuntimeInfoHook                    
(VERY_LOW    ) CheckpointHook                     
 -------------------- 
before_test:
(VERY_HIGH   ) RuntimeInfoHook                    
 -------------------- 
before_test_epoch:
(NORMAL      ) IterTimerHook                      
 -------------------- 
before_test_iter:
(NORMAL      ) IterTimerHook                      
 -------------------- 
after_test_iter:
(NORMAL      ) IterTimerHook                      
(BELOW_NORMAL) LoggerHook                         
 -------------------- 
after_test_epoch:
(VERY_HIGH   ) RuntimeInfoHook                    
(NORMAL      ) IterTimerHook                      
(BELOW_NORMAL) LoggerHook                         
 -------------------- 
after_test:
(VERY_HIGH   ) RuntimeInfoHook                    
 -------------------- 
after_run:
(BELOW_NORMAL) LoggerHook                         
 -------------------- 
2026/06/11 11:35:29 - mmengine - INFO - paramwise_options -- backbone.vit.cls_token:lr=1e-05
2026/06/11 11:35:29 - mmengine - INFO - paramwise_options -- backbone.vit.cls_token:weight_decay=0.05
2026/06/11 11:35:29 - mmengine - INFO - paramwise_options -- backbone.vit.cls_token:lr_mult=0.1
2026/06/11 11:35:29 - mmengine - INFO - paramwise_options -- backbone.vit.cls_token:decay_mult=1.0
2026/06/11 11:35:29 - mmengine - INFO - paramwise_options -- backbone.vit.mask_token:lr=1e-05
2026/06/11 11:35:29 - mmengine - INFO - paramwise_options -- backbone.vit.mask_token:weight_decay=0.05
2026/06/11 11:35:29 - mmengine - INFO - paramwise_options -- backbone.vit.mask_token:lr_mult=0.1
2026/06/11 11:35:29 - mmengine - INFO - paramwise_options -- backbone.vit.mask_token:decay_mult=1.0
2026/06/11 11:35:29 - mmengine - INFO - paramwise_options -- backbone.vit.patch_embed.proj.weight:lr=1e-05
2026/06/11 11:35:29 - mmengine - INFO - paramwise_options -- backbone.vit.patch_embed.proj.weight:weight_decay=0.05
2026/06/11 11:35:29 - mmengine - INFO - paramwise_options -- backbone.vit.patch_embed.proj.weight:lr_mult=0.1
2026/06/11 11:35:29 - mmengine - INFO - paramwise_options -- backbone.vit.patch_embed.proj.weight:decay_mult=1.0
2026/06/11 11:35:29 - mmengine - INFO - paramwise_options -- backbone.vit.patch_embed.proj.bias:lr=1e-05
2026/06/11 11:35:29 - mmengine - INFO - paramwise_options -- backbone.vit.patch_embed.proj.bias:weight_decay=0.05
2026/06/11 11:35:29 - mmengine - INFO - paramwise_options -- backbone.vit.patch_embed.proj.bias:lr_mult=0.1
2026/06/11 11:35:29 - mmengine - INFO - paramwise_options -- backbone.vit.patch_embed.proj.bias:decay_mult=1.0
2026/06/11 11:35:29 - mmengine - INFO - paramwise_options -- backbone.vit.blocks.0.norm1.weight:lr=1e-05
2026/06/11 11:35:29 - mmengine - INFO - paramwise_options -- backbone.vit.blocks.0.norm1.weight:weight_decay=0.05
2026/06/11 11:35:29 - mmengine - INFO - paramwise_options -- backbone.vit.blocks.0.norm1.weight:lr_mult=0.1
2026/06/11 11:35:29 - mmengine - INFO - paramwise_options -- backbone.vit.blocks.0.norm1.weight:decay_mult=1.0
2026/06/11 11:35:29 - mmengine - INFO - paramwise_options -- backbone.vit.blocks.0.norm1.bias:lr=1e-05
2026/06/11 11:35:29 - mmengine - INFO - paramwise_options -- backbone.vit.blocks.0.norm1.bias:weight_decay=0.05
2026/06/11 11:35:29 - mmengine - INFO - paramwise_options -- backbone.vit.blocks.0.norm1.bias:lr_mult=0.1
2026/06/11 11:35:29 - mmengine - INFO - paramwise_options -- backbone.vit.blocks.0.norm1.bias:decay_mult=1.0
2026/06/11 11:35:29 - mmengine - INFO - paramwise_options -- backbone.vit.blocks.0.attn.qkv.weight:lr=1e-05
2026/06/11 11:35:29 - mmengine - INFO - paramwise_options -- backbone.vit.blocks.0.attn.qkv.weight:weight_decay=0.05
2026/06/11 11:35:29 - mmengine - INFO - paramwise_options -- backbone.vit.blocks.0.attn.qkv.weight:lr_mult=0.1
2026/06/11 11:35:29 - mmengine - INFO - paramwise_options -- backbone.vit.blocks.0.attn.qkv.weight:decay_mult=1.0
2026/06/11 11:35:29 - mmengine - INFO - paramwise_options -- backbone.vit.blocks.0.attn.qkv.bias:lr=1e-05
2026/06/11 11:35:29 - mmengine - INFO - paramwise_options -- backbone.vit.blocks.0.attn.qkv.bias:weight_decay=0.05
2026/06/11 11:35:29 - mmengine - INFO - paramwise_options -- backbone.vit.blocks.0.attn.qkv.bias:lr_mult=0.1
2026/06/11 11:35:29 - mmengine - INFO - paramwise_options -- backbone.vit.blocks.0.attn.qkv.bias:decay_mult=1.0
2026/06/11 11:35:29 - mmengine - INFO - paramwise_options -- backbone.vit.blocks.0.attn.proj.weight:lr=1e-05
2026/06/11 11:35:29 - mmengine - INFO - paramwise_options -- backbone.vit.blocks.0.attn.proj.weight:weight_decay=0.05
2026/06/11 11:35:29 - mmengine - INFO - paramwise_options -- backbone.vit.blocks.0.attn.proj.weight:lr_mult=0.1
2026/06/11 11:35:29 - mmengine - INFO - paramwise_options -- backbone.vit.blocks.0.attn.proj.weight:decay_mult=1.0
2026/06/11 11:35:29 - mmengine - INFO - paramwise_options -- backbone.vit.blocks.0.attn.proj.bias:lr=1e-05
2026/06/11 11:35:29 - mmengine - INFO - paramwise_options -- backbone.vit.blocks.0.attn.proj.bias:weight_decay=0.05
2026/06/11 11:35:29 - mmengine - INFO - paramwise_options -- backbone.vit.blocks.0.attn.proj.bias:lr_mult=0.1
2026/06/11 11:35:29 - mmengine - INFO - paramwise_options -- backbone.vit.blocks.0.attn.proj.bias:decay_mult=1.0
2026/06/11 11:35:29 - mmengine - INFO - paramwise_options -- backbone.vit.blocks.0.ls1.gamma:lr=1e-05
2026/06/11 11:35:29 - mmengine - INFO - paramwise_options -- backbone.vit.blocks.0.ls1.gamma:weight_decay=0.05
2026/06/11 11:35:29 - mmengine - INFO - paramwise_options -- backbone.vit.blocks.0.ls1.gamma:lr_mult=0.1
2026/06/11 11:35:29 - mmengine - INFO - paramwise_options -- backbone.vit.blocks.0.ls1.gamma:decay_mult=1.0
2026/06/11 11:35:29 - mmengine - INFO - paramwise_options -- backbone.vit.blocks.0.norm2.weight:lr=1e-05
2026/06/11 11:35:29 - mmengine - INFO - paramwise_options -- backbone.vit.blocks.0.norm2.weight:weight_decay=0.05
2026/06/11 11:35:29 - mmengine - INFO - paramwise_options -- backbone.vit.blocks.0.norm2.weight:lr_mult=0.1
2026/06/11 11:35:29 - mmengine - INFO - paramwise_options -- backbone.vit.blocks.0.norm2.weight:decay_mult=1.0
2026/06/11 11:35:29 - mmengine - INFO - paramwise_options -- backbone.vit.blocks.0.norm2.bias:lr=1e-05
2026/06/11 11:35:29 - mmengine - INFO - paramwise_options -- backbone.vit.blocks.0.norm2.bias:weight_decay=0.05
2026/06/11 11:35:29 - mmengine - INFO - paramwise_options -- backbone.vit.blocks.0.norm2.bias:lr_mult=0.1
2026/06/11 11:35:29 - mmengine - INFO - paramwise_options -- backbone.vit.blocks.0.norm2.bias:decay_mult=1.0
2026/06/11 11:35:29 - mmengine - INFO - paramwise_options -- backbone.vit.blocks.0.mlp.fc1.weight:lr=1e-05
2026/06/11 11:35:29 - mmengine - INFO - paramwise_options -- backbone.vit.blocks.0.mlp.fc1.weight:weight_decay=0.05
2026/06/11 11:35:29 - mmengine - INFO - paramwise_options -- backbone.vit.blocks.0.mlp.fc1.weight:lr_mult=0.1
2026/06/11 11:35:29 - mmengine - INFO - paramwise_options -- backbone.vit.blocks.0.mlp.fc1.weight:decay_mult=1.0
2026/06/11 11:35:29 - mmengine - INFO - paramwise_options -- backbone.vit.blocks.0.mlp.fc1.bias:lr=1e-05
2026/06/11 11:35:29 - mmengine - INFO - paramwise_options -- backbone.vit.blocks.0.mlp.fc1.bias:weight_decay=0.05
2026/06/11 11:35:29 - mmengine - INFO - paramwise_options -- backbone.vit.blocks.0.mlp.fc1.bias:lr_mult=0.1
2026/06/11 11:35:29 - mmengine - INFO - paramwise_options -- backbone.vit.blocks.0.mlp.fc1.bias:decay_mult=1.0
2026/06/11 11:35:29 - mmengine - INFO - paramwise_options -- backbone.vit.blocks.0.mlp.fc2.weight:lr=1e-05
2026/06/11 11:35:29 - mmengine - INFO - paramwise_options -- backbone.vit.blocks.0.mlp.fc2.weight:weight_decay=0.05
2026/06/11 11:35:29 - mmengine - INFO - paramwise_options -- backbone.vit.blocks.0.mlp.fc2.weight:lr_mult=0.1
2026/06/11 11:35:29 - mmengine - INFO - paramwise_options -- backbone.vit.blocks.0.mlp.fc2.weight:decay_mult=1.0
2026/06/11 11:35:29 - mmengine - INFO - paramwise_options -- backbone.vit.blocks.0.mlp.fc2.bias:lr=1e-05
2026/06/11 11:35:29 - mmengine - INFO - paramwise_options -- backbone.vit.blocks.0.mlp.fc2.bias:weight_decay=0.05
2026/06/11 11:35:29 - mmengine - INFO - paramwise_options -- backbone.vit.blocks.0.mlp.fc2.bias:lr_mult=0.1
2026/06/11 11:35:29 - mmengine - INFO - paramwise_options -- backbone.vit.blocks.0.mlp.fc2.bias:decay_mult=1.0
2026/06/11 11:35:29 - mmengine - INFO - paramwise_options -- backbone.vit.blocks.0.ls2.gamma:lr=1e-05
2026/06/11 11:35:29 - mmengine - INFO - paramwise_options -- backbone.vit.blocks.0.ls2.gamma:weight_decay=0.05
2026/06/11 11:35:29 - mmengine - INFO - paramwise_options -- backbone.vit.blocks.0.ls2.gamma:lr_mult=0.1
2026/06/11 11:35:29 - mmengine - INFO - paramwise_options -- backbone.vit.blocks.0.ls2.gamma:decay_mult=1.0
2026/06/11 11:35:29 - mmengine - INFO - paramwise_options -- backbone.vit.blocks.1.norm1.weight:lr=1e-05
2026/06/11 11:35:29 - mmengine - INFO - paramwise_options -- backbone.vit.blocks.1.norm1.weight:weight_decay=0.05
2026/06/11 11:35:29 - mmengine - INFO - paramwise_options -- backbone.vit.blocks.1.norm1.weight:lr_mult=0.1
2026/06/11 11:35:29 - mmengine - INFO - paramwise_options -- backbone.vit.blocks.1.norm1.weight:decay_mult=1.0
2026/06/11 11:35:29 - mmengine - INFO - paramwise_options -- backbone.vit.blocks.1.norm1.bias:lr=1e-05
2026/06/11 11:35:29 - mmengine - INFO - paramwise_options -- backbone.vit.blocks.1.norm1.bias:weight_decay=0.05
2026/06/11 11:35:29 - mmengine - INFO - paramwise_options -- backbone.vit.blocks.1.norm1.bias:lr_mult=0.1
2026/06/11 11:35:29 - mmengine - INFO - paramwise_options -- backbone.vit.blocks.1.norm1.bias:decay_mult=1.0
2026/06/11 11:35:29 - mmengine - INFO - paramwise_options -- backbone.vit.blocks.1.attn.qkv.weight:lr=1e-05
2026/06/11 11:35:29 - mmengine - INFO - paramwise_options -- backbone.vit.blocks.1.attn.qkv.weight:weight_decay=0.05
2026/06/11 11:35:29 - mmengine - INFO - paramwise_options -- backbone.vit.blocks.1.attn.qkv.weight:lr_mult=0.1
2026/06/11 11:35:29 - mmengine - INFO - paramwise_options -- backbone.vit.blocks.1.attn.qkv.weight:decay_mult=1.0
2026/06/11 11:35:29 - mmengine - INFO - paramwise_options -- backbone.vit.blocks.1.attn.qkv.bias:lr=1e-05
2026/06/11 11:35:29 - mmengine - INFO - paramwise_options -- backbone.vit.blocks.1.attn.qkv.bias:weight_decay=0.05
2026/06/11 11:35:29 - mmengine - INFO - paramwise_options -- backbone.vit.blocks.1.attn.qkv.bias:lr_mult=0.1
2026/06/11 11:35:29 - mmengine - INFO - paramwise_options -- backbone.vit.blocks.1.attn.qkv.bias:decay_mult=1.0
2026/06/11 11:35:29 - mmengine - INFO - paramwise_options -- backbone.vit.blocks.1.attn.proj.weight:lr=1e-05
2026/06/11 11:35:29 - mmengine - INFO - paramwise_options -- backbone.vit.blocks.1.attn.proj.weight:weight_decay=0.05
2026/06/11 11:35:29 - mmengine - INFO - paramwise_options -- backbone.vit.blocks.1.attn.proj.weight:lr_mult=0.1
2026/06/11 11:35:29 - mmengine - INFO - paramwise_options -- backbone.vit.blocks.1.attn.proj.weight:decay_mult=1.0
2026/06/11 11:35:29 - mmengine - INFO - paramwise_options -- backbone.vit.blocks.1.attn.proj.bias:lr=1e-05
2026/06/11 11:35:29 - mmengine - INFO - paramwise_options -- backbone.vit.blocks.1.attn.proj.bias:weight_decay=0.05
2026/06/11 11:35:29 - mmengine - INFO - paramwise_options -- backbone.vit.blocks.1.attn.proj.bias:lr_mult=0.1
2026/06/11 11:35:29 - mmengine - INFO - paramwise_options -- backbone.vit.blocks.1.attn.proj.bias:decay_mult=1.0
2026/06/11 11:35:29 - mmengine - INFO - paramwise_options -- backbone.vit.blocks.1.ls1.gamma:lr=1e-05
2026/06/11 11:35:29 - mmengine - INFO - paramwise_options -- backbone.vit.blocks.1.ls1.gamma:weight_decay=0.05
2026/06/11 11:35:29 - mmengine - INFO - paramwise_options -- backbone.vit.blocks.1.ls1.gamma:lr_mult=0.1
2026/06/11 11:35:29 - mmengine - INFO - paramwise_options -- backbone.vit.blocks.1.ls1.gamma:decay_mult=1.0
2026/06/11 11:35:29 - mmengine - INFO - paramwise_options -- backbone.vit.blocks.1.norm2.weight:lr=1e-05
2026/06/11 11:35:29 - mmengine - INFO - paramwise_options -- backbone.vit.blocks.1.norm2.weight:weight_decay=0.05
2026/06/11 11:35:29 - mmengine - INFO - paramwise_options -- backbone.vit.blocks.1.norm2.weight:lr_mult=0.1
2026/06/11 11:35:29 - mmengine - INFO - paramwise_options -- backbone.vit.blocks.1.norm2.weight:decay_mult=1.0
2026/06/11 11:35:29 - mmengine - INFO - paramwise_options -- backbone.vit.blocks.1.norm2.bias:lr=1e-05
2026/06/11 11:35:29 - mmengine - INFO - paramwise_options -- backbone.vit.blocks.1.norm2.bias:weight_decay=0.05
2026/06/11 11:35:29 - mmengine - INFO - paramwise_options -- backbone.vit.blocks.1.norm2.bias:lr_mult=0.1
2026/06/11 11:35:29 - mmengine - INFO - paramwise_options -- backbone.vit.blocks.1.norm2.bias:decay_mult=1.0
2026/06/11 11:35:29 - mmengine - INFO - paramwise_options -- backbone.vit.blocks.1.mlp.fc1.weight:lr=1e-05
2026/06/11 11:35:29 - mmengine - INFO - paramwise_options -- backbone.vit.blocks.1.mlp.fc1.weight:weight_decay=0.05
2026/06/11 11:35:29 - mmengine - INFO - paramwise_options -- backbone.vit.blocks.1.mlp.fc1.weight:lr_mult=0.1
2026/06/11 11:35:29 - mmengine - INFO - paramwise_options -- backbone.vit.blocks.1.mlp.fc1.weight:decay_mult=1.0
2026/06/11 11:35:29 - mmengine - INFO - paramwise_options -- backbone.vit.blocks.1.mlp.fc1.bias:lr=1e-05
2026/06/11 11:35:29 - mmengine - INFO - paramwise_options -- backbone.vit.blocks.1.mlp.fc1.bias:weight_decay=0.05
2026/06/11 11:35:29 - mmengine - INFO - paramwise_options -- backbone.vit.blocks.1.mlp.fc1.bias:lr_mult=0.1
2026/06/11 11:35:29 - mmengine - INFO - paramwise_options -- backbone.vit.blocks.1.mlp.fc1.bias:decay_mult=1.0
2026/06/11 11:35:29 - mmengine - INFO - paramwise_options -- backbone.vit.blocks.1.mlp.fc2.weight:lr=1e-05
2026/06/11 11:35:29 - mmengine - INFO - paramwise_options -- backbone.vit.blocks.1.mlp.fc2.weight:weight_decay=0.05
2026/06/11 11:35:29 - mmengine - INFO - paramwise_options -- backbone.vit.blocks.1.mlp.fc2.weight:lr_mult=0.1
2026/06/11 11:35:29 - mmengine - INFO - paramwise_options -- backbone.vit.blocks.1.mlp.fc2.weight:decay_mult=1.0
2026/06/11 11:35:29 - mmengine - INFO - paramwise_options -- backbone.vit.blocks.1.mlp.fc2.bias:lr=1e-05
2026/06/11 11:35:29 - mmengine - INFO - paramwise_options -- backbone.vit.blocks.1.mlp.fc2.bias:weight_decay=0.05
2026/06/11 11:35:29 - mmengine - INFO - paramwise_options -- backbone.vit.blocks.1.mlp.fc2.bias:lr_mult=0.1
2026/06/11 11:35:29 - mmengine - INFO - paramwise_options -- backbone.vit.blocks.1.mlp.fc2.bias:decay_mult=1.0
2026/06/11 11:35:29 - mmengine - INFO - paramwise_options -- backbone.vit.blocks.1.ls2.gamma:lr=1e-05
2026/06/11 11:35:29 - mmengine - INFO - paramwise_options -- backbone.vit.blocks.1.ls2.gamma:weight_decay=0.05
2026/06/11 11:35:29 - mmengine - INFO - paramwise_options -- backbone.vit.blocks.1.ls2.gamma:lr_mult=0.1
2026/06/11 11:35:29 - mmengine - INFO - paramwise_options -- backbone.vit.blocks.1.ls2.gamma:decay_mult=1.0
2026/06/11 11:35:29 - mmengine - INFO - paramwise_options -- backbone.vit.blocks.2.norm1.weight:lr=1e-05
2026/06/11 11:35:29 - mmengine - INFO - paramwise_options -- backbone.vit.blocks.2.norm1.weight:weight_decay=0.05
2026/06/11 11:35:29 - mmengine - INFO - paramwise_options -- backbone.vit.blocks.2.norm1.weight:lr_mult=0.1
2026/06/11 11:35:29 - mmengine - INFO - paramwise_options -- backbone.vit.blocks.2.norm1.weight:decay_mult=1.0
2026/06/11 11:35:29 - mmengine - INFO - paramwise_options -- backbone.vit.blocks.2.norm1.bias:lr=1e-05
2026/06/11 11:35:29 - mmengine - INFO - paramwise_options -- backbone.vit.blocks.2.norm1.bias:weight_decay=0.05
2026/06/11 11:35:29 - mmengine - INFO - paramwise_options -- backbone.vit.blocks.2.norm1.bias:lr_mult=0.1
2026/06/11 11:35:29 - mmengine - INFO - paramwise_options -- backbone.vit.blocks.2.norm1.bias:decay_mult=1.0
2026/06/11 11:35:29 - mmengine - INFO - paramwise_options -- backbone.vit.blocks.2.attn.qkv.weight:lr=1e-05
2026/06/11 11:35:29 - mmengine - INFO - paramwise_options -- backbone.vit.blocks.2.attn.qkv.weight:weight_decay=0.05
2026/06/11 11:35:29 - mmengine - INFO - paramwise_options -- backbone.vit.blocks.2.attn.qkv.weight:lr_mult=0.1
2026/06/11 11:35:29 - mmengine - INFO - paramwise_options -- backbone.vit.blocks.2.attn.qkv.weight:decay_mult=1.0
2026/06/11 11:35:29 - mmengine - INFO - paramwise_options -- backbone.vit.blocks.2.attn.qkv.bias:lr=1e-05
2026/06/11 11:35:29 - mmengine - INFO - paramwise_options -- backbone.vit.blocks.2.attn.qkv.bias:weight_decay=0.05
2026/06/11 11:35:29 - mmengine - INFO - paramwise_options -- backbone.vit.blocks.2.attn.qkv.bias:lr_mult=0.1
2026/06/11 11:35:29 - mmengine - INFO - paramwise_options -- backbone.vit.blocks.2.attn.qkv.bias:decay_mult=1.0
2026/06/11 11:35:29 - mmengine - INFO - paramwise_options -- backbone.vit.blocks.2.attn.proj.weight:lr=1e-05
2026/06/11 11:35:29 - mmengine - INFO - paramwise_options -- backbone.vit.blocks.2.attn.proj.weight:weight_decay=0.05
2026/06/11 11:35:29 - mmengine - INFO - paramwise_options -- backbone.vit.blocks.2.attn.proj.weight:lr_mult=0.1
2026/06/11 11:35:29 - mmengine - INFO - paramwise_options -- backbone.vit.blocks.2.attn.proj.weight:decay_mult=1.0
2026/06/11 11:35:29 - mmengine - INFO - paramwise_options -- backbone.vit.blocks.2.attn.proj.bias:lr=1e-05
2026/06/11 11:35:29 - mmengine - INFO - paramwise_options -- backbone.vit.blocks.2.attn.proj.bias:weight_decay=0.05
2026/06/11 11:35:29 - mmengine - INFO - paramwise_options -- backbone.vit.blocks.2.attn.proj.bias:lr_mult=0.1
2026/06/11 11:35:29 - mmengine - INFO - paramwise_options -- backbone.vit.blocks.2.attn.proj.bias:decay_mult=1.0
2026/06/11 11:35:29 - mmengine - INFO - paramwise_options -- backbone.vit.blocks.2.ls1.gamma:lr=1e-05
2026/06/11 11:35:29 - mmengine - INFO - paramwise_options -- backbone.vit.blocks.2.ls1.gamma:weight_decay=0.05
2026/06/11 11:35:29 - mmengine - INFO - paramwise_options -- backbone.vit.blocks.2.ls1.gamma:lr_mult=0.1
2026/06/11 11:35:29 - mmengine - INFO - paramwise_options -- backbone.vit.blocks.2.ls1.gamma:decay_mult=1.0
2026/06/11 11:35:29 - mmengine - INFO - paramwise_options -- backbone.vit.blocks.2.norm2.weight:lr=1e-05
2026/06/11 11:35:29 - mmengine - INFO - paramwise_options -- backbone.vit.blocks.2.norm2.weight:weight_decay=0.05
2026/06/11 11:35:29 - mmengine - INFO - paramwise_options -- backbone.vit.blocks.2.norm2.weight:lr_mult=0.1
2026/06/11 11:35:29 - mmengine - INFO - paramwise_options -- backbone.vit.blocks.2.norm2.weight:decay_mult=1.0
2026/06/11 11:35:29 - mmengine - INFO - paramwise_options -- backbone.vit.blocks.2.norm2.bias:lr=1e-05
2026/06/11 11:35:29 - mmengine - INFO - paramwise_options -- backbone.vit.blocks.2.norm2.bias:weight_decay=0.05
2026/06/11 11:35:29 - mmengine - INFO - paramwise_options -- backbone.vit.blocks.2.norm2.bias:lr_mult=0.1
2026/06/11 11:35:29 - mmengine - INFO - paramwise_options -- backbone.vit.blocks.2.norm2.bias:decay_mult=1.0
2026/06/11 11:35:29 - mmengine - INFO - paramwise_options -- backbone.vit.blocks.2.mlp.fc1.weight:lr=1e-05
2026/06/11 11:35:29 - mmengine - INFO - paramwise_options -- backbone.vit.blocks.2.mlp.fc1.weight:weight_decay=0.05
2026/06/11 11:35:29 - mmengine - INFO - paramwise_options -- backbone.vit.blocks.2.mlp.fc1.weight:lr_mult=0.1
2026/06/11 11:35:29 - mmengine - INFO - paramwise_options -- backbone.vit.blocks.2.mlp.fc1.weight:decay_mult=1.0
2026/06/11 11:35:29 - mmengine - INFO - paramwise_options -- backbone.vit.blocks.2.mlp.fc1.bias:lr=1e-05
2026/06/11 11:35:29 - mmengine - INFO - paramwise_options -- backbone.vit.blocks.2.mlp.fc1.bias:weight_decay=0.05
2026/06/11 11:35:29 - mmengine - INFO - paramwise_options -- backbone.vit.blocks.2.mlp.fc1.bias:lr_mult=0.1
2026/06/11 11:35:29 - mmengine - INFO - paramwise_options -- backbone.vit.blocks.2.mlp.fc1.bias:decay_mult=1.0
2026/06/11 11:35:29 - mmengine - INFO - paramwise_options -- backbone.vit.blocks.2.mlp.fc2.weight:lr=1e-05
2026/06/11 11:35:29 - mmengine - INFO - paramwise_options -- backbone.vit.blocks.2.mlp.fc2.weight:weight_decay=0.05
2026/06/11 11:35:29 - mmengine - INFO - paramwise_options -- backbone.vit.blocks.2.mlp.fc2.weight:lr_mult=0.1
2026/06/11 11:35:29 - mmengine - INFO - paramwise_options -- backbone.vit.blocks.2.mlp.fc2.weight:decay_mult=1.0
2026/06/11 11:35:29 - mmengine - INFO - paramwise_options -- backbone.vit.blocks.2.mlp.fc2.bias:lr=1e-05
2026/06/11 11:35:29 - mmengine - INFO - paramwise_options -- backbone.vit.blocks.2.mlp.fc2.bias:weight_decay=0.05
2026/06/11 11:35:29 - mmengine - INFO - paramwise_options -- backbone.vit.blocks.2.mlp.fc2.bias:lr_mult=0.1
2026/06/11 11:35:29 - mmengine - INFO - paramwise_options -- backbone.vit.blocks.2.mlp.fc2.bias:decay_mult=1.0
2026/06/11 11:35:29 - mmengine - INFO - paramwise_options -- backbone.vit.blocks.2.ls2.gamma:lr=1e-05
2026/06/11 11:35:29 - mmengine - INFO - paramwise_options -- backbone.vit.blocks.2.ls2.gamma:weight_decay=0.05
2026/06/11 11:35:29 - mmengine - INFO - paramwise_options -- backbone.vit.blocks.2.ls2.gamma:lr_mult=0.1
2026/06/11 11:35:29 - mmengine - INFO - paramwise_options -- backbone.vit.blocks.2.ls2.gamma:decay_mult=1.0
2026/06/11 11:35:29 - mmengine - INFO - paramwise_options -- backbone.vit.blocks.3.norm1.weight:lr=1e-05
2026/06/11 11:35:29 - mmengine - INFO - paramwise_options -- backbone.vit.blocks.3.norm1.weight:weight_decay=0.05
2026/06/11 11:35:29 - mmengine - INFO - paramwise_options -- backbone.vit.blocks.3.norm1.weight:lr_mult=0.1
2026/06/11 11:35:29 - mmengine - INFO - paramwise_options -- backbone.vit.blocks.3.norm1.weight:decay_mult=1.0
2026/06/11 11:35:29 - mmengine - INFO - paramwise_options -- backbone.vit.blocks.3.norm1.bias:lr=1e-05
2026/06/11 11:35:29 - mmengine - INFO - paramwise_options -- backbone.vit.blocks.3.norm1.bias:weight_decay=0.05
2026/06/11 11:35:29 - mmengine - INFO - paramwise_options -- backbone.vit.blocks.3.norm1.bias:lr_mult=0.1
2026/06/11 11:35:29 - mmengine - INFO - paramwise_options -- backbone.vit.blocks.3.norm1.bias:decay_mult=1.0
2026/06/11 11:35:29 - mmengine - INFO - paramwise_options -- backbone.vit.blocks.3.attn.qkv.weight:lr=1e-05
2026/06/11 11:35:29 - mmengine - INFO - paramwise_options -- backbone.vit.blocks.3.attn.qkv.weight:weight_decay=0.05
2026/06/11 11:35:29 - mmengine - INFO - paramwise_options -- backbone.vit.blocks.3.attn.qkv.weight:lr_mult=0.1
2026/06/11 11:35:29 - mmengine - INFO - paramwise_options -- backbone.vit.blocks.3.attn.qkv.weight:decay_mult=1.0
2026/06/11 11:35:29 - mmengine - INFO - paramwise_options -- backbone.vit.blocks.3.attn.qkv.bias:lr=1e-05
2026/06/11 11:35:29 - mmengine - INFO - paramwise_options -- backbone.vit.blocks.3.attn.qkv.bias:weight_decay=0.05
2026/06/11 11:35:29 - mmengine - INFO - paramwise_options -- backbone.vit.blocks.3.attn.qkv.bias:lr_mult=0.1
2026/06/11 11:35:29 - mmengine - INFO - paramwise_options -- backbone.vit.blocks.3.attn.qkv.bias:decay_mult=1.0
2026/06/11 11:35:29 - mmengine - INFO - paramwise_options -- backbone.vit.blocks.3.attn.proj.weight:lr=1e-05
2026/06/11 11:35:29 - mmengine - INFO - paramwise_options -- backbone.vit.blocks.3.attn.proj.weight:weight_decay=0.05
2026/06/11 11:35:29 - mmengine - INFO - paramwise_options -- backbone.vit.blocks.3.attn.proj.weight:lr_mult=0.1
2026/06/11 11:35:29 - mmengine - INFO - paramwise_options -- backbone.vit.blocks.3.attn.proj.weight:decay_mult=1.0
2026/06/11 11:35:29 - mmengine - INFO - paramwise_options -- backbone.vit.blocks.3.attn.proj.bias:lr=1e-05
2026/06/11 11:35:29 - mmengine - INFO - paramwise_options -- backbone.vit.blocks.3.attn.proj.bias:weight_decay=0.05
2026/06/11 11:35:29 - mmengine - INFO - paramwise_options -- backbone.vit.blocks.3.attn.proj.bias:lr_mult=0.1
2026/06/11 11:35:29 - mmengine - INFO - paramwise_options -- backbone.vit.blocks.3.attn.proj.bias:decay_mult=1.0
2026/06/11 11:35:29 - mmengine - INFO - paramwise_options -- backbone.vit.blocks.3.ls1.gamma:lr=1e-05
2026/06/11 11:35:29 - mmengine - INFO - paramwise_options -- backbone.vit.blocks.3.ls1.gamma:weight_decay=0.05
2026/06/11 11:35:29 - mmengine - INFO - paramwise_options -- backbone.vit.blocks.3.ls1.gamma:lr_mult=0.1
2026/06/11 11:35:29 - mmengine - INFO - paramwise_options -- backbone.vit.blocks.3.ls1.gamma:decay_mult=1.0
2026/06/11 11:35:29 - mmengine - INFO - paramwise_options -- backbone.vit.blocks.3.norm2.weight:lr=1e-05
2026/06/11 11:35:29 - mmengine - INFO - paramwise_options -- backbone.vit.blocks.3.norm2.weight:weight_decay=0.05
2026/06/11 11:35:29 - mmengine - INFO - paramwise_options -- backbone.vit.blocks.3.norm2.weight:lr_mult=0.1
2026/06/11 11:35:29 - mmengine - INFO - paramwise_options -- backbone.vit.blocks.3.norm2.weight:decay_mult=1.0
2026/06/11 11:35:29 - mmengine - INFO - paramwise_options -- backbone.vit.blocks.3.norm2.bias:lr=1e-05
2026/06/11 11:35:29 - mmengine - INFO - paramwise_options -- backbone.vit.blocks.3.norm2.bias:weight_decay=0.05
2026/06/11 11:35:29 - mmengine - INFO - paramwise_options -- backbone.vit.blocks.3.norm2.bias:lr_mult=0.1
2026/06/11 11:35:29 - mmengine - INFO - paramwise_options -- backbone.vit.blocks.3.norm2.bias:decay_mult=1.0
2026/06/11 11:35:29 - mmengine - INFO - paramwise_options -- backbone.vit.blocks.3.mlp.fc1.weight:lr=1e-05
2026/06/11 11:35:29 - mmengine - INFO - paramwise_options -- backbone.vit.blocks.3.mlp.fc1.weight:weight_decay=0.05
2026/06/11 11:35:29 - mmengine - INFO - paramwise_options -- backbone.vit.blocks.3.mlp.fc1.weight:lr_mult=0.1
2026/06/11 11:35:29 - mmengine - INFO - paramwise_options -- backbone.vit.blocks.3.mlp.fc1.weight:decay_mult=1.0
2026/06/11 11:35:29 - mmengine - INFO - paramwise_options -- backbone.vit.blocks.3.mlp.fc1.bias:lr=1e-05
2026/06/11 11:35:29 - mmengine - INFO - paramwise_options -- backbone.vit.blocks.3.mlp.fc1.bias:weight_decay=0.05
2026/06/11 11:35:29 - mmengine - INFO - paramwise_options -- backbone.vit.blocks.3.mlp.fc1.bias:lr_mult=0.1
2026/06/11 11:35:29 - mmengine - INFO - paramwise_options -- backbone.vit.blocks.3.mlp.fc1.bias:decay_mult=1.0
2026/06/11 11:35:29 - mmengine - INFO - paramwise_options -- backbone.vit.blocks.3.mlp.fc2.weight:lr=1e-05
2026/06/11 11:35:29 - mmengine - INFO - paramwise_options -- backbone.vit.blocks.3.mlp.fc2.weight:weight_decay=0.05
2026/06/11 11:35:29 - mmengine - INFO - paramwise_options -- backbone.vit.blocks.3.mlp.fc2.weight:lr_mult=0.1
2026/06/11 11:35:29 - mmengine - INFO - paramwise_options -- backbone.vit.blocks.3.mlp.fc2.weight:decay_mult=1.0
2026/06/11 11:35:29 - mmengine - INFO - paramwise_options -- backbone.vit.blocks.3.mlp.fc2.bias:lr=1e-05
2026/06/11 11:35:29 - mmengine - INFO - paramwise_options -- backbone.vit.blocks.3.mlp.fc2.bias:weight_decay=0.05
2026/06/11 11:35:29 - mmengine - INFO - paramwise_options -- backbone.vit.blocks.3.mlp.fc2.bias:lr_mult=0.1
2026/06/11 11:35:29 - mmengine - INFO - paramwise_options -- backbone.vit.blocks.3.mlp.fc2.bias:decay_mult=1.0
2026/06/11 11:35:29 - mmengine - INFO - paramwise_options -- backbone.vit.blocks.3.ls2.gamma:lr=1e-05
2026/06/11 11:35:29 - mmengine - INFO - paramwise_options -- backbone.vit.blocks.3.ls2.gamma:weight_decay=0.05
2026/06/11 11:35:29 - mmengine - INFO - paramwise_options -- backbone.vit.blocks.3.ls2.gamma:lr_mult=0.1
2026/06/11 11:35:29 - mmengine - INFO - paramwise_options -- backbone.vit.blocks.3.ls2.gamma:decay_mult=1.0
2026/06/11 11:35:29 - mmengine - INFO - paramwise_options -- backbone.vit.blocks.4.norm1.weight:lr=1e-05
2026/06/11 11:35:29 - mmengine - INFO - paramwise_options -- backbone.vit.blocks.4.norm1.weight:weight_decay=0.05
2026/06/11 11:35:30 - mmengine - INFO - paramwise_options -- backbone.vit.blocks.4.norm1.weight:lr_mult=0.1
2026/06/11 11:35:30 - mmengine - INFO - paramwise_options -- backbone.vit.blocks.4.norm1.weight:decay_mult=1.0
2026/06/11 11:35:30 - mmengine - INFO - paramwise_options -- backbone.vit.blocks.4.norm1.bias:lr=1e-05
2026/06/11 11:35:30 - mmengine - INFO - paramwise_options -- backbone.vit.blocks.4.norm1.bias:weight_decay=0.05
2026/06/11 11:35:30 - mmengine - INFO - paramwise_options -- backbone.vit.blocks.4.norm1.bias:lr_mult=0.1
2026/06/11 11:35:30 - mmengine - INFO - paramwise_options -- backbone.vit.blocks.4.norm1.bias:decay_mult=1.0
2026/06/11 11:35:30 - mmengine - INFO - paramwise_options -- backbone.vit.blocks.4.attn.qkv.weight:lr=1e-05
2026/06/11 11:35:30 - mmengine - INFO - paramwise_options -- backbone.vit.blocks.4.attn.qkv.weight:weight_decay=0.05
2026/06/11 11:35:30 - mmengine - INFO - paramwise_options -- backbone.vit.blocks.4.attn.qkv.weight:lr_mult=0.1
2026/06/11 11:35:30 - mmengine - INFO - paramwise_options -- backbone.vit.blocks.4.attn.qkv.weight:decay_mult=1.0
2026/06/11 11:35:30 - mmengine - INFO - paramwise_options -- backbone.vit.blocks.4.attn.qkv.bias:lr=1e-05
2026/06/11 11:35:30 - mmengine - INFO - paramwise_options -- backbone.vit.blocks.4.attn.qkv.bias:weight_decay=0.05
2026/06/11 11:35:30 - mmengine - INFO - paramwise_options -- backbone.vit.blocks.4.attn.qkv.bias:lr_mult=0.1
2026/06/11 11:35:30 - mmengine - INFO - paramwise_options -- backbone.vit.blocks.4.attn.qkv.bias:decay_mult=1.0
2026/06/11 11:35:30 - mmengine - INFO - paramwise_options -- backbone.vit.blocks.4.attn.proj.weight:lr=1e-05
2026/06/11 11:35:30 - mmengine - INFO - paramwise_options -- backbone.vit.blocks.4.attn.proj.weight:weight_decay=0.05
2026/06/11 11:35:30 - mmengine - INFO - paramwise_options -- backbone.vit.blocks.4.attn.proj.weight:lr_mult=0.1
2026/06/11 11:35:30 - mmengine - INFO - paramwise_options -- backbone.vit.blocks.4.attn.proj.weight:decay_mult=1.0
2026/06/11 11:35:30 - mmengine - INFO - paramwise_options -- backbone.vit.blocks.4.attn.proj.bias:lr=1e-05
2026/06/11 11:35:30 - mmengine - INFO - paramwise_options -- backbone.vit.blocks.4.attn.proj.bias:weight_decay=0.05
2026/06/11 11:35:30 - mmengine - INFO - paramwise_options -- backbone.vit.blocks.4.attn.proj.bias:lr_mult=0.1
2026/06/11 11:35:30 - mmengine - INFO - paramwise_options -- backbone.vit.blocks.4.attn.proj.bias:decay_mult=1.0
2026/06/11 11:35:30 - mmengine - INFO - paramwise_options -- backbone.vit.blocks.4.ls1.gamma:lr=1e-05
2026/06/11 11:35:30 - mmengine - INFO - paramwise_options -- backbone.vit.blocks.4.ls1.gamma:weight_decay=0.05
2026/06/11 11:35:30 - mmengine - INFO - paramwise_options -- backbone.vit.blocks.4.ls1.gamma:lr_mult=0.1
2026/06/11 11:35:30 - mmengine - INFO - paramwise_options -- backbone.vit.blocks.4.ls1.gamma:decay_mult=1.0
2026/06/11 11:35:30 - mmengine - INFO - paramwise_options -- backbone.vit.blocks.4.norm2.weight:lr=1e-05
2026/06/11 11:35:30 - mmengine - INFO - paramwise_options -- backbone.vit.blocks.4.norm2.weight:weight_decay=0.05
2026/06/11 11:35:30 - mmengine - INFO - paramwise_options -- backbone.vit.blocks.4.norm2.weight:lr_mult=0.1
2026/06/11 11:35:30 - mmengine - INFO - paramwise_options -- backbone.vit.blocks.4.norm2.weight:decay_mult=1.0
2026/06/11 11:35:30 - mmengine - INFO - paramwise_options -- backbone.vit.blocks.4.norm2.bias:lr=1e-05
2026/06/11 11:35:30 - mmengine - INFO - paramwise_options -- backbone.vit.blocks.4.norm2.bias:weight_decay=0.05
2026/06/11 11:35:30 - mmengine - INFO - paramwise_options -- backbone.vit.blocks.4.norm2.bias:lr_mult=0.1
2026/06/11 11:35:30 - mmengine - INFO - paramwise_options -- backbone.vit.blocks.4.norm2.bias:decay_mult=1.0
2026/06/11 11:35:30 - mmengine - INFO - paramwise_options -- backbone.vit.blocks.4.mlp.fc1.weight:lr=1e-05
2026/06/11 11:35:30 - mmengine - INFO - paramwise_options -- backbone.vit.blocks.4.mlp.fc1.weight:weight_decay=0.05
2026/06/11 11:35:30 - mmengine - INFO - paramwise_options -- backbone.vit.blocks.4.mlp.fc1.weight:lr_mult=0.1
2026/06/11 11:35:30 - mmengine - INFO - paramwise_options -- backbone.vit.blocks.4.mlp.fc1.weight:decay_mult=1.0
2026/06/11 11:35:30 - mmengine - INFO - paramwise_options -- backbone.vit.blocks.4.mlp.fc1.bias:lr=1e-05
2026/06/11 11:35:30 - mmengine - INFO - paramwise_options -- backbone.vit.blocks.4.mlp.fc1.bias:weight_decay=0.05
2026/06/11 11:35:30 - mmengine - INFO - paramwise_options -- backbone.vit.blocks.4.mlp.fc1.bias:lr_mult=0.1
2026/06/11 11:35:30 - mmengine - INFO - paramwise_options -- backbone.vit.blocks.4.mlp.fc1.bias:decay_mult=1.0
2026/06/11 11:35:30 - mmengine - INFO - paramwise_options -- backbone.vit.blocks.4.mlp.fc2.weight:lr=1e-05
2026/06/11 11:35:30 - mmengine - INFO - paramwise_options -- backbone.vit.blocks.4.mlp.fc2.weight:weight_decay=0.05
2026/06/11 11:35:30 - mmengine - INFO - paramwise_options -- backbone.vit.blocks.4.mlp.fc2.weight:lr_mult=0.1
2026/06/11 11:35:30 - mmengine - INFO - paramwise_options -- backbone.vit.blocks.4.mlp.fc2.weight:decay_mult=1.0
2026/06/11 11:35:30 - mmengine - INFO - paramwise_options -- backbone.vit.blocks.4.mlp.fc2.bias:lr=1e-05
2026/06/11 11:35:30 - mmengine - INFO - paramwise_options -- backbone.vit.blocks.4.mlp.fc2.bias:weight_decay=0.05
2026/06/11 11:35:30 - mmengine - INFO - paramwise_options -- backbone.vit.blocks.4.mlp.fc2.bias:lr_mult=0.1
2026/06/11 11:35:30 - mmengine - INFO - paramwise_options -- backbone.vit.blocks.4.mlp.fc2.bias:decay_mult=1.0
2026/06/11 11:35:30 - mmengine - INFO - paramwise_options -- backbone.vit.blocks.4.ls2.gamma:lr=1e-05
2026/06/11 11:35:30 - mmengine - INFO - paramwise_options -- backbone.vit.blocks.4.ls2.gamma:weight_decay=0.05
2026/06/11 11:35:30 - mmengine - INFO - paramwise_options -- backbone.vit.blocks.4.ls2.gamma:lr_mult=0.1
2026/06/11 11:35:30 - mmengine - INFO - paramwise_options -- backbone.vit.blocks.4.ls2.gamma:decay_mult=1.0
2026/06/11 11:35:30 - mmengine - INFO - paramwise_options -- backbone.vit.blocks.5.norm1.weight:lr=1e-05
2026/06/11 11:35:30 - mmengine - INFO - paramwise_options -- backbone.vit.blocks.5.norm1.weight:weight_decay=0.05
2026/06/11 11:35:30 - mmengine - INFO - paramwise_options -- backbone.vit.blocks.5.norm1.weight:lr_mult=0.1
2026/06/11 11:35:30 - mmengine - INFO - paramwise_options -- backbone.vit.blocks.5.norm1.weight:decay_mult=1.0
2026/06/11 11:35:30 - mmengine - INFO - paramwise_options -- backbone.vit.blocks.5.norm1.bias:lr=1e-05
2026/06/11 11:35:30 - mmengine - INFO - paramwise_options -- backbone.vit.blocks.5.norm1.bias:weight_decay=0.05
2026/06/11 11:35:30 - mmengine - INFO - paramwise_options -- backbone.vit.blocks.5.norm1.bias:lr_mult=0.1
2026/06/11 11:35:30 - mmengine - INFO - paramwise_options -- backbone.vit.blocks.5.norm1.bias:decay_mult=1.0
2026/06/11 11:35:30 - mmengine - INFO - paramwise_options -- backbone.vit.blocks.5.attn.qkv.weight:lr=1e-05
2026/06/11 11:35:30 - mmengine - INFO - paramwise_options -- backbone.vit.blocks.5.attn.qkv.weight:weight_decay=0.05
2026/06/11 11:35:30 - mmengine - INFO - paramwise_options -- backbone.vit.blocks.5.attn.qkv.weight:lr_mult=0.1
2026/06/11 11:35:30 - mmengine - INFO - paramwise_options -- backbone.vit.blocks.5.attn.qkv.weight:decay_mult=1.0
2026/06/11 11:35:30 - mmengine - INFO - paramwise_options -- backbone.vit.blocks.5.attn.qkv.bias:lr=1e-05
2026/06/11 11:35:30 - mmengine - INFO - paramwise_options -- backbone.vit.blocks.5.attn.qkv.bias:weight_decay=0.05
2026/06/11 11:35:30 - mmengine - INFO - paramwise_options -- backbone.vit.blocks.5.attn.qkv.bias:lr_mult=0.1
2026/06/11 11:35:30 - mmengine - INFO - paramwise_options -- backbone.vit.blocks.5.attn.qkv.bias:decay_mult=1.0
2026/06/11 11:35:30 - mmengine - INFO - paramwise_options -- backbone.vit.blocks.5.attn.proj.weight:lr=1e-05
2026/06/11 11:35:30 - mmengine - INFO - paramwise_options -- backbone.vit.blocks.5.attn.proj.weight:weight_decay=0.05
2026/06/11 11:35:30 - mmengine - INFO - paramwise_options -- backbone.vit.blocks.5.attn.proj.weight:lr_mult=0.1
2026/06/11 11:35:30 - mmengine - INFO - paramwise_options -- backbone.vit.blocks.5.attn.proj.weight:decay_mult=1.0
2026/06/11 11:35:30 - mmengine - INFO - paramwise_options -- backbone.vit.blocks.5.attn.proj.bias:lr=1e-05
2026/06/11 11:35:30 - mmengine - INFO - paramwise_options -- backbone.vit.blocks.5.attn.proj.bias:weight_decay=0.05
2026/06/11 11:35:30 - mmengine - INFO - paramwise_options -- backbone.vit.blocks.5.attn.proj.bias:lr_mult=0.1
2026/06/11 11:35:30 - mmengine - INFO - paramwise_options -- backbone.vit.blocks.5.attn.proj.bias:decay_mult=1.0
2026/06/11 11:35:30 - mmengine - INFO - paramwise_options -- backbone.vit.blocks.5.ls1.gamma:lr=1e-05
2026/06/11 11:35:30 - mmengine - INFO - paramwise_options -- backbone.vit.blocks.5.ls1.gamma:weight_decay=0.05
2026/06/11 11:35:30 - mmengine - INFO - paramwise_options -- backbone.vit.blocks.5.ls1.gamma:lr_mult=0.1
2026/06/11 11:35:30 - mmengine - INFO - paramwise_options -- backbone.vit.blocks.5.ls1.gamma:decay_mult=1.0
2026/06/11 11:35:30 - mmengine - INFO - paramwise_options -- backbone.vit.blocks.5.norm2.weight:lr=1e-05
2026/06/11 11:35:30 - mmengine - INFO - paramwise_options -- backbone.vit.blocks.5.norm2.weight:weight_decay=0.05
2026/06/11 11:35:30 - mmengine - INFO - paramwise_options -- backbone.vit.blocks.5.norm2.weight:lr_mult=0.1
2026/06/11 11:35:30 - mmengine - INFO - paramwise_options -- backbone.vit.blocks.5.norm2.weight:decay_mult=1.0
2026/06/11 11:35:30 - mmengine - INFO - paramwise_options -- backbone.vit.blocks.5.norm2.bias:lr=1e-05
2026/06/11 11:35:30 - mmengine - INFO - paramwise_options -- backbone.vit.blocks.5.norm2.bias:weight_decay=0.05
2026/06/11 11:35:30 - mmengine - INFO - paramwise_options -- backbone.vit.blocks.5.norm2.bias:lr_mult=0.1
2026/06/11 11:35:30 - mmengine - INFO - paramwise_options -- backbone.vit.blocks.5.norm2.bias:decay_mult=1.0
2026/06/11 11:35:30 - mmengine - INFO - paramwise_options -- backbone.vit.blocks.5.mlp.fc1.weight:lr=1e-05
2026/06/11 11:35:30 - mmengine - INFO - paramwise_options -- backbone.vit.blocks.5.mlp.fc1.weight:weight_decay=0.05
2026/06/11 11:35:30 - mmengine - INFO - paramwise_options -- backbone.vit.blocks.5.mlp.fc1.weight:lr_mult=0.1
2026/06/11 11:35:30 - mmengine - INFO - paramwise_options -- backbone.vit.blocks.5.mlp.fc1.weight:decay_mult=1.0
2026/06/11 11:35:30 - mmengine - INFO - paramwise_options -- backbone.vit.blocks.5.mlp.fc1.bias:lr=1e-05
2026/06/11 11:35:30 - mmengine - INFO - paramwise_options -- backbone.vit.blocks.5.mlp.fc1.bias:weight_decay=0.05
2026/06/11 11:35:30 - mmengine - INFO - paramwise_options -- backbone.vit.blocks.5.mlp.fc1.bias:lr_mult=0.1
2026/06/11 11:35:30 - mmengine - INFO - paramwise_options -- backbone.vit.blocks.5.mlp.fc1.bias:decay_mult=1.0
2026/06/11 11:35:30 - mmengine - INFO - paramwise_options -- backbone.vit.blocks.5.mlp.fc2.weight:lr=1e-05
2026/06/11 11:35:30 - mmengine - INFO - paramwise_options -- backbone.vit.blocks.5.mlp.fc2.weight:weight_decay=0.05
2026/06/11 11:35:30 - mmengine - INFO - paramwise_options -- backbone.vit.blocks.5.mlp.fc2.weight:lr_mult=0.1
2026/06/11 11:35:30 - mmengine - INFO - paramwise_options -- backbone.vit.blocks.5.mlp.fc2.weight:decay_mult=1.0
2026/06/11 11:35:30 - mmengine - INFO - paramwise_options -- backbone.vit.blocks.5.mlp.fc2.bias:lr=1e-05
2026/06/11 11:35:30 - mmengine - INFO - paramwise_options -- backbone.vit.blocks.5.mlp.fc2.bias:weight_decay=0.05
2026/06/11 11:35:30 - mmengine - INFO - paramwise_options -- backbone.vit.blocks.5.mlp.fc2.bias:lr_mult=0.1
2026/06/11 11:35:30 - mmengine - INFO - paramwise_options -- backbone.vit.blocks.5.mlp.fc2.bias:decay_mult=1.0
2026/06/11 11:35:30 - mmengine - INFO - paramwise_options -- backbone.vit.blocks.5.ls2.gamma:lr=1e-05
2026/06/11 11:35:30 - mmengine - INFO - paramwise_options -- backbone.vit.blocks.5.ls2.gamma:weight_decay=0.05
2026/06/11 11:35:30 - mmengine - INFO - paramwise_options -- backbone.vit.blocks.5.ls2.gamma:lr_mult=0.1
2026/06/11 11:35:30 - mmengine - INFO - paramwise_options -- backbone.vit.blocks.5.ls2.gamma:decay_mult=1.0
2026/06/11 11:35:30 - mmengine - INFO - paramwise_options -- backbone.vit.blocks.6.norm1.weight:lr=1e-05
2026/06/11 11:35:30 - mmengine - INFO - paramwise_options -- backbone.vit.blocks.6.norm1.weight:weight_decay=0.05
2026/06/11 11:35:30 - mmengine - INFO - paramwise_options -- backbone.vit.blocks.6.norm1.weight:lr_mult=0.1
2026/06/11 11:35:30 - mmengine - INFO - paramwise_options -- backbone.vit.blocks.6.norm1.weight:decay_mult=1.0
2026/06/11 11:35:30 - mmengine - INFO - paramwise_options -- backbone.vit.blocks.6.norm1.bias:lr=1e-05
2026/06/11 11:35:30 - mmengine - INFO - paramwise_options -- backbone.vit.blocks.6.norm1.bias:weight_decay=0.05
2026/06/11 11:35:30 - mmengine - INFO - paramwise_options -- backbone.vit.blocks.6.norm1.bias:lr_mult=0.1
2026/06/11 11:35:30 - mmengine - INFO - paramwise_options -- backbone.vit.blocks.6.norm1.bias:decay_mult=1.0
2026/06/11 11:35:30 - mmengine - INFO - paramwise_options -- backbone.vit.blocks.6.attn.qkv.weight:lr=1e-05
2026/06/11 11:35:30 - mmengine - INFO - paramwise_options -- backbone.vit.blocks.6.attn.qkv.weight:weight_decay=0.05
2026/06/11 11:35:30 - mmengine - INFO - paramwise_options -- backbone.vit.blocks.6.attn.qkv.weight:lr_mult=0.1
2026/06/11 11:35:30 - mmengine - INFO - paramwise_options -- backbone.vit.blocks.6.attn.qkv.weight:decay_mult=1.0
2026/06/11 11:35:30 - mmengine - INFO - paramwise_options -- backbone.vit.blocks.6.attn.qkv.bias:lr=1e-05
2026/06/11 11:35:30 - mmengine - INFO - paramwise_options -- backbone.vit.blocks.6.attn.qkv.bias:weight_decay=0.05
2026/06/11 11:35:30 - mmengine - INFO - paramwise_options -- backbone.vit.blocks.6.attn.qkv.bias:lr_mult=0.1
2026/06/11 11:35:30 - mmengine - INFO - paramwise_options -- backbone.vit.blocks.6.attn.qkv.bias:decay_mult=1.0
2026/06/11 11:35:30 - mmengine - INFO - paramwise_options -- backbone.vit.blocks.6.attn.proj.weight:lr=1e-05
2026/06/11 11:35:30 - mmengine - INFO - paramwise_options -- backbone.vit.blocks.6.attn.proj.weight:weight_decay=0.05
2026/06/11 11:35:30 - mmengine - INFO - paramwise_options -- backbone.vit.blocks.6.attn.proj.weight:lr_mult=0.1
2026/06/11 11:35:30 - mmengine - INFO - paramwise_options -- backbone.vit.blocks.6.attn.proj.weight:decay_mult=1.0
2026/06/11 11:35:30 - mmengine - INFO - paramwise_options -- backbone.vit.blocks.6.attn.proj.bias:lr=1e-05
2026/06/11 11:35:30 - mmengine - INFO - paramwise_options -- backbone.vit.blocks.6.attn.proj.bias:weight_decay=0.05
2026/06/11 11:35:30 - mmengine - INFO - paramwise_options -- backbone.vit.blocks.6.attn.proj.bias:lr_mult=0.1
2026/06/11 11:35:30 - mmengine - INFO - paramwise_options -- backbone.vit.blocks.6.attn.proj.bias:decay_mult=1.0
2026/06/11 11:35:30 - mmengine - INFO - paramwise_options -- backbone.vit.blocks.6.ls1.gamma:lr=1e-05
2026/06/11 11:35:30 - mmengine - INFO - paramwise_options -- backbone.vit.blocks.6.ls1.gamma:weight_decay=0.05
2026/06/11 11:35:30 - mmengine - INFO - paramwise_options -- backbone.vit.blocks.6.ls1.gamma:lr_mult=0.1
2026/06/11 11:35:30 - mmengine - INFO - paramwise_options -- backbone.vit.blocks.6.ls1.gamma:decay_mult=1.0
2026/06/11 11:35:30 - mmengine - INFO - paramwise_options -- backbone.vit.blocks.6.norm2.weight:lr=1e-05
2026/06/11 11:35:30 - mmengine - INFO - paramwise_options -- backbone.vit.blocks.6.norm2.weight:weight_decay=0.05
2026/06/11 11:35:30 - mmengine - INFO - paramwise_options -- backbone.vit.blocks.6.norm2.weight:lr_mult=0.1
2026/06/11 11:35:30 - mmengine - INFO - paramwise_options -- backbone.vit.blocks.6.norm2.weight:decay_mult=1.0
2026/06/11 11:35:30 - mmengine - INFO - paramwise_options -- backbone.vit.blocks.6.norm2.bias:lr=1e-05
2026/06/11 11:35:30 - mmengine - INFO - paramwise_options -- backbone.vit.blocks.6.norm2.bias:weight_decay=0.05
2026/06/11 11:35:30 - mmengine - INFO - paramwise_options -- backbone.vit.blocks.6.norm2.bias:lr_mult=0.1
2026/06/11 11:35:30 - mmengine - INFO - paramwise_options -- backbone.vit.blocks.6.norm2.bias:decay_mult=1.0
2026/06/11 11:35:30 - mmengine - INFO - paramwise_options -- backbone.vit.blocks.6.mlp.fc1.weight:lr=1e-05
2026/06/11 11:35:30 - mmengine - INFO - paramwise_options -- backbone.vit.blocks.6.mlp.fc1.weight:weight_decay=0.05
2026/06/11 11:35:30 - mmengine - INFO - paramwise_options -- backbone.vit.blocks.6.mlp.fc1.weight:lr_mult=0.1
2026/06/11 11:35:30 - mmengine - INFO - paramwise_options -- backbone.vit.blocks.6.mlp.fc1.weight:decay_mult=1.0
2026/06/11 11:35:30 - mmengine - INFO - paramwise_options -- backbone.vit.blocks.6.mlp.fc1.bias:lr=1e-05
2026/06/11 11:35:30 - mmengine - INFO - paramwise_options -- backbone.vit.blocks.6.mlp.fc1.bias:weight_decay=0.05
2026/06/11 11:35:30 - mmengine - INFO - paramwise_options -- backbone.vit.blocks.6.mlp.fc1.bias:lr_mult=0.1
2026/06/11 11:35:30 - mmengine - INFO - paramwise_options -- backbone.vit.blocks.6.mlp.fc1.bias:decay_mult=1.0
2026/06/11 11:35:30 - mmengine - INFO - paramwise_options -- backbone.vit.blocks.6.mlp.fc2.weight:lr=1e-05
2026/06/11 11:35:30 - mmengine - INFO - paramwise_options -- backbone.vit.blocks.6.mlp.fc2.weight:weight_decay=0.05
2026/06/11 11:35:30 - mmengine - INFO - paramwise_options -- backbone.vit.blocks.6.mlp.fc2.weight:lr_mult=0.1
2026/06/11 11:35:30 - mmengine - INFO - paramwise_options -- backbone.vit.blocks.6.mlp.fc2.weight:decay_mult=1.0
2026/06/11 11:35:30 - mmengine - INFO - paramwise_options -- backbone.vit.blocks.6.mlp.fc2.bias:lr=1e-05
2026/06/11 11:35:30 - mmengine - INFO - paramwise_options -- backbone.vit.blocks.6.mlp.fc2.bias:weight_decay=0.05
2026/06/11 11:35:30 - mmengine - INFO - paramwise_options -- backbone.vit.blocks.6.mlp.fc2.bias:lr_mult=0.1
2026/06/11 11:35:30 - mmengine - INFO - paramwise_options -- backbone.vit.blocks.6.mlp.fc2.bias:decay_mult=1.0
2026/06/11 11:35:30 - mmengine - INFO - paramwise_options -- backbone.vit.blocks.6.ls2.gamma:lr=1e-05
2026/06/11 11:35:30 - mmengine - INFO - paramwise_options -- backbone.vit.blocks.6.ls2.gamma:weight_decay=0.05
2026/06/11 11:35:30 - mmengine - INFO - paramwise_options -- backbone.vit.blocks.6.ls2.gamma:lr_mult=0.1
2026/06/11 11:35:30 - mmengine - INFO - paramwise_options -- backbone.vit.blocks.6.ls2.gamma:decay_mult=1.0
2026/06/11 11:35:30 - mmengine - INFO - paramwise_options -- backbone.vit.blocks.7.norm1.weight:lr=1e-05
2026/06/11 11:35:30 - mmengine - INFO - paramwise_options -- backbone.vit.blocks.7.norm1.weight:weight_decay=0.05
2026/06/11 11:35:30 - mmengine - INFO - paramwise_options -- backbone.vit.blocks.7.norm1.weight:lr_mult=0.1
2026/06/11 11:35:30 - mmengine - INFO - paramwise_options -- backbone.vit.blocks.7.norm1.weight:decay_mult=1.0
2026/06/11 11:35:30 - mmengine - INFO - paramwise_options -- backbone.vit.blocks.7.norm1.bias:lr=1e-05
2026/06/11 11:35:30 - mmengine - INFO - paramwise_options -- backbone.vit.blocks.7.norm1.bias:weight_decay=0.05
2026/06/11 11:35:30 - mmengine - INFO - paramwise_options -- backbone.vit.blocks.7.norm1.bias:lr_mult=0.1
2026/06/11 11:35:30 - mmengine - INFO - paramwise_options -- backbone.vit.blocks.7.norm1.bias:decay_mult=1.0
2026/06/11 11:35:30 - mmengine - INFO - paramwise_options -- backbone.vit.blocks.7.attn.qkv.weight:lr=1e-05
2026/06/11 11:35:30 - mmengine - INFO - paramwise_options -- backbone.vit.blocks.7.attn.qkv.weight:weight_decay=0.05
2026/06/11 11:35:30 - mmengine - INFO - paramwise_options -- backbone.vit.blocks.7.attn.qkv.weight:lr_mult=0.1
2026/06/11 11:35:30 - mmengine - INFO - paramwise_options -- backbone.vit.blocks.7.attn.qkv.weight:decay_mult=1.0
2026/06/11 11:35:30 - mmengine - INFO - paramwise_options -- backbone.vit.blocks.7.attn.qkv.bias:lr=1e-05
2026/06/11 11:35:30 - mmengine - INFO - paramwise_options -- backbone.vit.blocks.7.attn.qkv.bias:weight_decay=0.05
2026/06/11 11:35:30 - mmengine - INFO - paramwise_options -- backbone.vit.blocks.7.attn.qkv.bias:lr_mult=0.1
2026/06/11 11:35:30 - mmengine - INFO - paramwise_options -- backbone.vit.blocks.7.attn.qkv.bias:decay_mult=1.0
2026/06/11 11:35:30 - mmengine - INFO - paramwise_options -- backbone.vit.blocks.7.attn.proj.weight:lr=1e-05
2026/06/11 11:35:30 - mmengine - INFO - paramwise_options -- backbone.vit.blocks.7.attn.proj.weight:weight_decay=0.05
2026/06/11 11:35:30 - mmengine - INFO - paramwise_options -- backbone.vit.blocks.7.attn.proj.weight:lr_mult=0.1
2026/06/11 11:35:30 - mmengine - INFO - paramwise_options -- backbone.vit.blocks.7.attn.proj.weight:decay_mult=1.0
2026/06/11 11:35:30 - mmengine - INFO - paramwise_options -- backbone.vit.blocks.7.attn.proj.bias:lr=1e-05
2026/06/11 11:35:30 - mmengine - INFO - paramwise_options -- backbone.vit.blocks.7.attn.proj.bias:weight_decay=0.05
2026/06/11 11:35:30 - mmengine - INFO - paramwise_options -- backbone.vit.blocks.7.attn.proj.bias:lr_mult=0.1
2026/06/11 11:35:30 - mmengine - INFO - paramwise_options -- backbone.vit.blocks.7.attn.proj.bias:decay_mult=1.0
2026/06/11 11:35:30 - mmengine - INFO - paramwise_options -- backbone.vit.blocks.7.ls1.gamma:lr=1e-05
2026/06/11 11:35:30 - mmengine - INFO - paramwise_options -- backbone.vit.blocks.7.ls1.gamma:weight_decay=0.05
2026/06/11 11:35:30 - mmengine - INFO - paramwise_options -- backbone.vit.blocks.7.ls1.gamma:lr_mult=0.1
2026/06/11 11:35:30 - mmengine - INFO - paramwise_options -- backbone.vit.blocks.7.ls1.gamma:decay_mult=1.0
2026/06/11 11:35:30 - mmengine - INFO - paramwise_options -- backbone.vit.blocks.7.norm2.weight:lr=1e-05
2026/06/11 11:35:30 - mmengine - INFO - paramwise_options -- backbone.vit.blocks.7.norm2.weight:weight_decay=0.05
2026/06/11 11:35:30 - mmengine - INFO - paramwise_options -- backbone.vit.blocks.7.norm2.weight:lr_mult=0.1
2026/06/11 11:35:30 - mmengine - INFO - paramwise_options -- backbone.vit.blocks.7.norm2.weight:decay_mult=1.0
2026/06/11 11:35:30 - mmengine - INFO - paramwise_options -- backbone.vit.blocks.7.norm2.bias:lr=1e-05
2026/06/11 11:35:30 - mmengine - INFO - paramwise_options -- backbone.vit.blocks.7.norm2.bias:weight_decay=0.05
2026/06/11 11:35:30 - mmengine - INFO - paramwise_options -- backbone.vit.blocks.7.norm2.bias:lr_mult=0.1
2026/06/11 11:35:30 - mmengine - INFO - paramwise_options -- backbone.vit.blocks.7.norm2.bias:decay_mult=1.0
2026/06/11 11:35:30 - mmengine - INFO - paramwise_options -- backbone.vit.blocks.7.mlp.fc1.weight:lr=1e-05
2026/06/11 11:35:30 - mmengine - INFO - paramwise_options -- backbone.vit.blocks.7.mlp.fc1.weight:weight_decay=0.05
2026/06/11 11:35:30 - mmengine - INFO - paramwise_options -- backbone.vit.blocks.7.mlp.fc1.weight:lr_mult=0.1
2026/06/11 11:35:30 - mmengine - INFO - paramwise_options -- backbone.vit.blocks.7.mlp.fc1.weight:decay_mult=1.0
2026/06/11 11:35:30 - mmengine - INFO - paramwise_options -- backbone.vit.blocks.7.mlp.fc1.bias:lr=1e-05
2026/06/11 11:35:30 - mmengine - INFO - paramwise_options -- backbone.vit.blocks.7.mlp.fc1.bias:weight_decay=0.05
2026/06/11 11:35:30 - mmengine - INFO - paramwise_options -- backbone.vit.blocks.7.mlp.fc1.bias:lr_mult=0.1
2026/06/11 11:35:30 - mmengine - INFO - paramwise_options -- backbone.vit.blocks.7.mlp.fc1.bias:decay_mult=1.0
2026/06/11 11:35:30 - mmengine - INFO - paramwise_options -- backbone.vit.blocks.7.mlp.fc2.weight:lr=1e-05
2026/06/11 11:35:30 - mmengine - INFO - paramwise_options -- backbone.vit.blocks.7.mlp.fc2.weight:weight_decay=0.05
2026/06/11 11:35:30 - mmengine - INFO - paramwise_options -- backbone.vit.blocks.7.mlp.fc2.weight:lr_mult=0.1
2026/06/11 11:35:30 - mmengine - INFO - paramwise_options -- backbone.vit.blocks.7.mlp.fc2.weight:decay_mult=1.0
2026/06/11 11:35:30 - mmengine - INFO - paramwise_options -- backbone.vit.blocks.7.mlp.fc2.bias:lr=1e-05
2026/06/11 11:35:30 - mmengine - INFO - paramwise_options -- backbone.vit.blocks.7.mlp.fc2.bias:weight_decay=0.05
2026/06/11 11:35:30 - mmengine - INFO - paramwise_options -- backbone.vit.blocks.7.mlp.fc2.bias:lr_mult=0.1
2026/06/11 11:35:30 - mmengine - INFO - paramwise_options -- backbone.vit.blocks.7.mlp.fc2.bias:decay_mult=1.0
2026/06/11 11:35:30 - mmengine - INFO - paramwise_options -- backbone.vit.blocks.7.ls2.gamma:lr=1e-05
2026/06/11 11:35:30 - mmengine - INFO - paramwise_options -- backbone.vit.blocks.7.ls2.gamma:weight_decay=0.05
2026/06/11 11:35:30 - mmengine - INFO - paramwise_options -- backbone.vit.blocks.7.ls2.gamma:lr_mult=0.1
2026/06/11 11:35:30 - mmengine - INFO - paramwise_options -- backbone.vit.blocks.7.ls2.gamma:decay_mult=1.0
2026/06/11 11:35:30 - mmengine - INFO - paramwise_options -- backbone.vit.blocks.8.norm1.weight:lr=1e-05
2026/06/11 11:35:30 - mmengine - INFO - paramwise_options -- backbone.vit.blocks.8.norm1.weight:weight_decay=0.05
2026/06/11 11:35:30 - mmengine - INFO - paramwise_options -- backbone.vit.blocks.8.norm1.weight:lr_mult=0.1
2026/06/11 11:35:30 - mmengine - INFO - paramwise_options -- backbone.vit.blocks.8.norm1.weight:decay_mult=1.0
2026/06/11 11:35:30 - mmengine - INFO - paramwise_options -- backbone.vit.blocks.8.norm1.bias:lr=1e-05
2026/06/11 11:35:30 - mmengine - INFO - paramwise_options -- backbone.vit.blocks.8.norm1.bias:weight_decay=0.05
2026/06/11 11:35:30 - mmengine - INFO - paramwise_options -- backbone.vit.blocks.8.norm1.bias:lr_mult=0.1
2026/06/11 11:35:30 - mmengine - INFO - paramwise_options -- backbone.vit.blocks.8.norm1.bias:decay_mult=1.0
2026/06/11 11:35:30 - mmengine - INFO - paramwise_options -- backbone.vit.blocks.8.attn.qkv.weight:lr=1e-05
2026/06/11 11:35:30 - mmengine - INFO - paramwise_options -- backbone.vit.blocks.8.attn.qkv.weight:weight_decay=0.05
2026/06/11 11:35:30 - mmengine - INFO - paramwise_options -- backbone.vit.blocks.8.attn.qkv.weight:lr_mult=0.1
2026/06/11 11:35:30 - mmengine - INFO - paramwise_options -- backbone.vit.blocks.8.attn.qkv.weight:decay_mult=1.0
2026/06/11 11:35:30 - mmengine - INFO - paramwise_options -- backbone.vit.blocks.8.attn.qkv.bias:lr=1e-05
2026/06/11 11:35:30 - mmengine - INFO - paramwise_options -- backbone.vit.blocks.8.attn.qkv.bias:weight_decay=0.05
2026/06/11 11:35:30 - mmengine - INFO - paramwise_options -- backbone.vit.blocks.8.attn.qkv.bias:lr_mult=0.1
2026/06/11 11:35:30 - mmengine - INFO - paramwise_options -- backbone.vit.blocks.8.attn.qkv.bias:decay_mult=1.0
2026/06/11 11:35:30 - mmengine - INFO - paramwise_options -- backbone.vit.blocks.8.attn.proj.weight:lr=1e-05
2026/06/11 11:35:30 - mmengine - INFO - paramwise_options -- backbone.vit.blocks.8.attn.proj.weight:weight_decay=0.05
2026/06/11 11:35:30 - mmengine - INFO - paramwise_options -- backbone.vit.blocks.8.attn.proj.weight:lr_mult=0.1
2026/06/11 11:35:30 - mmengine - INFO - paramwise_options -- backbone.vit.blocks.8.attn.proj.weight:decay_mult=1.0
2026/06/11 11:35:30 - mmengine - INFO - paramwise_options -- backbone.vit.blocks.8.attn.proj.bias:lr=1e-05
2026/06/11 11:35:30 - mmengine - INFO - paramwise_options -- backbone.vit.blocks.8.attn.proj.bias:weight_decay=0.05
2026/06/11 11:35:30 - mmengine - INFO - paramwise_options -- backbone.vit.blocks.8.attn.proj.bias:lr_mult=0.1
2026/06/11 11:35:30 - mmengine - INFO - paramwise_options -- backbone.vit.blocks.8.attn.proj.bias:decay_mult=1.0
2026/06/11 11:35:30 - mmengine - INFO - paramwise_options -- backbone.vit.blocks.8.ls1.gamma:lr=1e-05
2026/06/11 11:35:30 - mmengine - INFO - paramwise_options -- backbone.vit.blocks.8.ls1.gamma:weight_decay=0.05
2026/06/11 11:35:30 - mmengine - INFO - paramwise_options -- backbone.vit.blocks.8.ls1.gamma:lr_mult=0.1
2026/06/11 11:35:30 - mmengine - INFO - paramwise_options -- backbone.vit.blocks.8.ls1.gamma:decay_mult=1.0
2026/06/11 11:35:30 - mmengine - INFO - paramwise_options -- backbone.vit.blocks.8.norm2.weight:lr=1e-05
2026/06/11 11:35:30 - mmengine - INFO - paramwise_options -- backbone.vit.blocks.8.norm2.weight:weight_decay=0.05
2026/06/11 11:35:30 - mmengine - INFO - paramwise_options -- backbone.vit.blocks.8.norm2.weight:lr_mult=0.1
2026/06/11 11:35:30 - mmengine - INFO - paramwise_options -- backbone.vit.blocks.8.norm2.weight:decay_mult=1.0
2026/06/11 11:35:30 - mmengine - INFO - paramwise_options -- backbone.vit.blocks.8.norm2.bias:lr=1e-05
2026/06/11 11:35:30 - mmengine - INFO - paramwise_options -- backbone.vit.blocks.8.norm2.bias:weight_decay=0.05
2026/06/11 11:35:30 - mmengine - INFO - paramwise_options -- backbone.vit.blocks.8.norm2.bias:lr_mult=0.1
2026/06/11 11:35:30 - mmengine - INFO - paramwise_options -- backbone.vit.blocks.8.norm2.bias:decay_mult=1.0
2026/06/11 11:35:30 - mmengine - INFO - paramwise_options -- backbone.vit.blocks.8.mlp.fc1.weight:lr=1e-05
2026/06/11 11:35:30 - mmengine - INFO - paramwise_options -- backbone.vit.blocks.8.mlp.fc1.weight:weight_decay=0.05
2026/06/11 11:35:30 - mmengine - INFO - paramwise_options -- backbone.vit.blocks.8.mlp.fc1.weight:lr_mult=0.1
2026/06/11 11:35:30 - mmengine - INFO - paramwise_options -- backbone.vit.blocks.8.mlp.fc1.weight:decay_mult=1.0
2026/06/11 11:35:30 - mmengine - INFO - paramwise_options -- backbone.vit.blocks.8.mlp.fc1.bias:lr=1e-05
2026/06/11 11:35:30 - mmengine - INFO - paramwise_options -- backbone.vit.blocks.8.mlp.fc1.bias:weight_decay=0.05
2026/06/11 11:35:30 - mmengine - INFO - paramwise_options -- backbone.vit.blocks.8.mlp.fc1.bias:lr_mult=0.1
2026/06/11 11:35:30 - mmengine - INFO - paramwise_options -- backbone.vit.blocks.8.mlp.fc1.bias:decay_mult=1.0
2026/06/11 11:35:30 - mmengine - INFO - paramwise_options -- backbone.vit.blocks.8.mlp.fc2.weight:lr=1e-05
2026/06/11 11:35:30 - mmengine - INFO - paramwise_options -- backbone.vit.blocks.8.mlp.fc2.weight:weight_decay=0.05
2026/06/11 11:35:30 - mmengine - INFO - paramwise_options -- backbone.vit.blocks.8.mlp.fc2.weight:lr_mult=0.1
2026/06/11 11:35:30 - mmengine - INFO - paramwise_options -- backbone.vit.blocks.8.mlp.fc2.weight:decay_mult=1.0
2026/06/11 11:35:30 - mmengine - INFO - paramwise_options -- backbone.vit.blocks.8.mlp.fc2.bias:lr=1e-05
2026/06/11 11:35:30 - mmengine - INFO - paramwise_options -- backbone.vit.blocks.8.mlp.fc2.bias:weight_decay=0.05
2026/06/11 11:35:30 - mmengine - INFO - paramwise_options -- backbone.vit.blocks.8.mlp.fc2.bias:lr_mult=0.1
2026/06/11 11:35:30 - mmengine - INFO - paramwise_options -- backbone.vit.blocks.8.mlp.fc2.bias:decay_mult=1.0
2026/06/11 11:35:30 - mmengine - INFO - paramwise_options -- backbone.vit.blocks.8.ls2.gamma:lr=1e-05
2026/06/11 11:35:30 - mmengine - INFO - paramwise_options -- backbone.vit.blocks.8.ls2.gamma:weight_decay=0.05
2026/06/11 11:35:30 - mmengine - INFO - paramwise_options -- backbone.vit.blocks.8.ls2.gamma:lr_mult=0.1
2026/06/11 11:35:30 - mmengine - INFO - paramwise_options -- backbone.vit.blocks.8.ls2.gamma:decay_mult=1.0
2026/06/11 11:35:30 - mmengine - INFO - paramwise_options -- backbone.vit.blocks.9.norm1.weight:lr=1e-05
2026/06/11 11:35:30 - mmengine - INFO - paramwise_options -- backbone.vit.blocks.9.norm1.weight:weight_decay=0.05
2026/06/11 11:35:30 - mmengine - INFO - paramwise_options -- backbone.vit.blocks.9.norm1.weight:lr_mult=0.1
2026/06/11 11:35:30 - mmengine - INFO - paramwise_options -- backbone.vit.blocks.9.norm1.weight:decay_mult=1.0
2026/06/11 11:35:30 - mmengine - INFO - paramwise_options -- backbone.vit.blocks.9.norm1.bias:lr=1e-05
2026/06/11 11:35:30 - mmengine - INFO - paramwise_options -- backbone.vit.blocks.9.norm1.bias:weight_decay=0.05
2026/06/11 11:35:30 - mmengine - INFO - paramwise_options -- backbone.vit.blocks.9.norm1.bias:lr_mult=0.1
2026/06/11 11:35:30 - mmengine - INFO - paramwise_options -- backbone.vit.blocks.9.norm1.bias:decay_mult=1.0
2026/06/11 11:35:30 - mmengine - INFO - paramwise_options -- backbone.vit.blocks.9.attn.qkv.weight:lr=1e-05
2026/06/11 11:35:30 - mmengine - INFO - paramwise_options -- backbone.vit.blocks.9.attn.qkv.weight:weight_decay=0.05
2026/06/11 11:35:30 - mmengine - INFO - paramwise_options -- backbone.vit.blocks.9.attn.qkv.weight:lr_mult=0.1
2026/06/11 11:35:30 - mmengine - INFO - paramwise_options -- backbone.vit.blocks.9.attn.qkv.weight:decay_mult=1.0
2026/06/11 11:35:30 - mmengine - INFO - paramwise_options -- backbone.vit.blocks.9.attn.qkv.bias:lr=1e-05
2026/06/11 11:35:30 - mmengine - INFO - paramwise_options -- backbone.vit.blocks.9.attn.qkv.bias:weight_decay=0.05
2026/06/11 11:35:30 - mmengine - INFO - paramwise_options -- backbone.vit.blocks.9.attn.qkv.bias:lr_mult=0.1
2026/06/11 11:35:30 - mmengine - INFO - paramwise_options -- backbone.vit.blocks.9.attn.qkv.bias:decay_mult=1.0
2026/06/11 11:35:30 - mmengine - INFO - paramwise_options -- backbone.vit.blocks.9.attn.proj.weight:lr=1e-05
2026/06/11 11:35:30 - mmengine - INFO - paramwise_options -- backbone.vit.blocks.9.attn.proj.weight:weight_decay=0.05
2026/06/11 11:35:30 - mmengine - INFO - paramwise_options -- backbone.vit.blocks.9.attn.proj.weight:lr_mult=0.1
2026/06/11 11:35:30 - mmengine - INFO - paramwise_options -- backbone.vit.blocks.9.attn.proj.weight:decay_mult=1.0
2026/06/11 11:35:30 - mmengine - INFO - paramwise_options -- backbone.vit.blocks.9.attn.proj.bias:lr=1e-05
2026/06/11 11:35:30 - mmengine - INFO - paramwise_options -- backbone.vit.blocks.9.attn.proj.bias:weight_decay=0.05
2026/06/11 11:35:30 - mmengine - INFO - paramwise_options -- backbone.vit.blocks.9.attn.proj.bias:lr_mult=0.1
2026/06/11 11:35:30 - mmengine - INFO - paramwise_options -- backbone.vit.blocks.9.attn.proj.bias:decay_mult=1.0
2026/06/11 11:35:30 - mmengine - INFO - paramwise_options -- backbone.vit.blocks.9.ls1.gamma:lr=1e-05
2026/06/11 11:35:30 - mmengine - INFO - paramwise_options -- backbone.vit.blocks.9.ls1.gamma:weight_decay=0.05
2026/06/11 11:35:30 - mmengine - INFO - paramwise_options -- backbone.vit.blocks.9.ls1.gamma:lr_mult=0.1
2026/06/11 11:35:30 - mmengine - INFO - paramwise_options -- backbone.vit.blocks.9.ls1.gamma:decay_mult=1.0
2026/06/11 11:35:30 - mmengine - INFO - paramwise_options -- backbone.vit.blocks.9.norm2.weight:lr=1e-05
2026/06/11 11:35:30 - mmengine - INFO - paramwise_options -- backbone.vit.blocks.9.norm2.weight:weight_decay=0.05
2026/06/11 11:35:30 - mmengine - INFO - paramwise_options -- backbone.vit.blocks.9.norm2.weight:lr_mult=0.1
2026/06/11 11:35:30 - mmengine - INFO - paramwise_options -- backbone.vit.blocks.9.norm2.weight:decay_mult=1.0
2026/06/11 11:35:30 - mmengine - INFO - paramwise_options -- backbone.vit.blocks.9.norm2.bias:lr=1e-05
2026/06/11 11:35:30 - mmengine - INFO - paramwise_options -- backbone.vit.blocks.9.norm2.bias:weight_decay=0.05
2026/06/11 11:35:30 - mmengine - INFO - paramwise_options -- backbone.vit.blocks.9.norm2.bias:lr_mult=0.1
2026/06/11 11:35:30 - mmengine - INFO - paramwise_options -- backbone.vit.blocks.9.norm2.bias:decay_mult=1.0
2026/06/11 11:35:30 - mmengine - INFO - paramwise_options -- backbone.vit.blocks.9.mlp.fc1.weight:lr=1e-05
2026/06/11 11:35:30 - mmengine - INFO - paramwise_options -- backbone.vit.blocks.9.mlp.fc1.weight:weight_decay=0.05
2026/06/11 11:35:30 - mmengine - INFO - paramwise_options -- backbone.vit.blocks.9.mlp.fc1.weight:lr_mult=0.1
2026/06/11 11:35:30 - mmengine - INFO - paramwise_options -- backbone.vit.blocks.9.mlp.fc1.weight:decay_mult=1.0
2026/06/11 11:35:30 - mmengine - INFO - paramwise_options -- backbone.vit.blocks.9.mlp.fc1.bias:lr=1e-05
2026/06/11 11:35:30 - mmengine - INFO - paramwise_options -- backbone.vit.blocks.9.mlp.fc1.bias:weight_decay=0.05
2026/06/11 11:35:30 - mmengine - INFO - paramwise_options -- backbone.vit.blocks.9.mlp.fc1.bias:lr_mult=0.1
2026/06/11 11:35:30 - mmengine - INFO - paramwise_options -- backbone.vit.blocks.9.mlp.fc1.bias:decay_mult=1.0
2026/06/11 11:35:30 - mmengine - INFO - paramwise_options -- backbone.vit.blocks.9.mlp.fc2.weight:lr=1e-05
2026/06/11 11:35:30 - mmengine - INFO - paramwise_options -- backbone.vit.blocks.9.mlp.fc2.weight:weight_decay=0.05
2026/06/11 11:35:30 - mmengine - INFO - paramwise_options -- backbone.vit.blocks.9.mlp.fc2.weight:lr_mult=0.1
2026/06/11 11:35:30 - mmengine - INFO - paramwise_options -- backbone.vit.blocks.9.mlp.fc2.weight:decay_mult=1.0
2026/06/11 11:35:30 - mmengine - INFO - paramwise_options -- backbone.vit.blocks.9.mlp.fc2.bias:lr=1e-05
2026/06/11 11:35:30 - mmengine - INFO - paramwise_options -- backbone.vit.blocks.9.mlp.fc2.bias:weight_decay=0.05
2026/06/11 11:35:30 - mmengine - INFO - paramwise_options -- backbone.vit.blocks.9.mlp.fc2.bias:lr_mult=0.1
2026/06/11 11:35:30 - mmengine - INFO - paramwise_options -- backbone.vit.blocks.9.mlp.fc2.bias:decay_mult=1.0
2026/06/11 11:35:30 - mmengine - INFO - paramwise_options -- backbone.vit.blocks.9.ls2.gamma:lr=1e-05
2026/06/11 11:35:30 - mmengine - INFO - paramwise_options -- backbone.vit.blocks.9.ls2.gamma:weight_decay=0.05
2026/06/11 11:35:30 - mmengine - INFO - paramwise_options -- backbone.vit.blocks.9.ls2.gamma:lr_mult=0.1
2026/06/11 11:35:30 - mmengine - INFO - paramwise_options -- backbone.vit.blocks.9.ls2.gamma:decay_mult=1.0
2026/06/11 11:35:30 - mmengine - INFO - paramwise_options -- backbone.vit.blocks.10.norm1.weight:lr=1e-05
2026/06/11 11:35:30 - mmengine - INFO - paramwise_options -- backbone.vit.blocks.10.norm1.weight:weight_decay=0.05
2026/06/11 11:35:30 - mmengine - INFO - paramwise_options -- backbone.vit.blocks.10.norm1.weight:lr_mult=0.1
2026/06/11 11:35:30 - mmengine - INFO - paramwise_options -- backbone.vit.blocks.10.norm1.weight:decay_mult=1.0
2026/06/11 11:35:30 - mmengine - INFO - paramwise_options -- backbone.vit.blocks.10.norm1.bias:lr=1e-05
2026/06/11 11:35:30 - mmengine - INFO - paramwise_options -- backbone.vit.blocks.10.norm1.bias:weight_decay=0.05
2026/06/11 11:35:30 - mmengine - INFO - paramwise_options -- backbone.vit.blocks.10.norm1.bias:lr_mult=0.1
2026/06/11 11:35:30 - mmengine - INFO - paramwise_options -- backbone.vit.blocks.10.norm1.bias:decay_mult=1.0
2026/06/11 11:35:30 - mmengine - INFO - paramwise_options -- backbone.vit.blocks.10.attn.qkv.weight:lr=1e-05
2026/06/11 11:35:30 - mmengine - INFO - paramwise_options -- backbone.vit.blocks.10.attn.qkv.weight:weight_decay=0.05
2026/06/11 11:35:30 - mmengine - INFO - paramwise_options -- backbone.vit.blocks.10.attn.qkv.weight:lr_mult=0.1
2026/06/11 11:35:30 - mmengine - INFO - paramwise_options -- backbone.vit.blocks.10.attn.qkv.weight:decay_mult=1.0
2026/06/11 11:35:30 - mmengine - INFO - paramwise_options -- backbone.vit.blocks.10.attn.qkv.bias:lr=1e-05
2026/06/11 11:35:30 - mmengine - INFO - paramwise_options -- backbone.vit.blocks.10.attn.qkv.bias:weight_decay=0.05
2026/06/11 11:35:30 - mmengine - INFO - paramwise_options -- backbone.vit.blocks.10.attn.qkv.bias:lr_mult=0.1
2026/06/11 11:35:30 - mmengine - INFO - paramwise_options -- backbone.vit.blocks.10.attn.qkv.bias:decay_mult=1.0
2026/06/11 11:35:30 - mmengine - INFO - paramwise_options -- backbone.vit.blocks.10.attn.proj.weight:lr=1e-05
2026/06/11 11:35:30 - mmengine - INFO - paramwise_options -- backbone.vit.blocks.10.attn.proj.weight:weight_decay=0.05
2026/06/11 11:35:30 - mmengine - INFO - paramwise_options -- backbone.vit.blocks.10.attn.proj.weight:lr_mult=0.1
2026/06/11 11:35:30 - mmengine - INFO - paramwise_options -- backbone.vit.blocks.10.attn.proj.weight:decay_mult=1.0
2026/06/11 11:35:30 - mmengine - INFO - paramwise_options -- backbone.vit.blocks.10.attn.proj.bias:lr=1e-05
2026/06/11 11:35:30 - mmengine - INFO - paramwise_options -- backbone.vit.blocks.10.attn.proj.bias:weight_decay=0.05
2026/06/11 11:35:30 - mmengine - INFO - paramwise_options -- backbone.vit.blocks.10.attn.proj.bias:lr_mult=0.1
2026/06/11 11:35:30 - mmengine - INFO - paramwise_options -- backbone.vit.blocks.10.attn.proj.bias:decay_mult=1.0
2026/06/11 11:35:30 - mmengine - INFO - paramwise_options -- backbone.vit.blocks.10.ls1.gamma:lr=1e-05
2026/06/11 11:35:30 - mmengine - INFO - paramwise_options -- backbone.vit.blocks.10.ls1.gamma:weight_decay=0.05
2026/06/11 11:35:30 - mmengine - INFO - paramwise_options -- backbone.vit.blocks.10.ls1.gamma:lr_mult=0.1
2026/06/11 11:35:30 - mmengine - INFO - paramwise_options -- backbone.vit.blocks.10.ls1.gamma:decay_mult=1.0
2026/06/11 11:35:30 - mmengine - INFO - paramwise_options -- backbone.vit.blocks.10.norm2.weight:lr=1e-05
2026/06/11 11:35:30 - mmengine - INFO - paramwise_options -- backbone.vit.blocks.10.norm2.weight:weight_decay=0.05
2026/06/11 11:35:30 - mmengine - INFO - paramwise_options -- backbone.vit.blocks.10.norm2.weight:lr_mult=0.1
2026/06/11 11:35:30 - mmengine - INFO - paramwise_options -- backbone.vit.blocks.10.norm2.weight:decay_mult=1.0
2026/06/11 11:35:30 - mmengine - INFO - paramwise_options -- backbone.vit.blocks.10.norm2.bias:lr=1e-05
2026/06/11 11:35:30 - mmengine - INFO - paramwise_options -- backbone.vit.blocks.10.norm2.bias:weight_decay=0.05
2026/06/11 11:35:30 - mmengine - INFO - paramwise_options -- backbone.vit.blocks.10.norm2.bias:lr_mult=0.1
2026/06/11 11:35:30 - mmengine - INFO - paramwise_options -- backbone.vit.blocks.10.norm2.bias:decay_mult=1.0
2026/06/11 11:35:30 - mmengine - INFO - paramwise_options -- backbone.vit.blocks.10.mlp.fc1.weight:lr=1e-05
2026/06/11 11:35:30 - mmengine - INFO - paramwise_options -- backbone.vit.blocks.10.mlp.fc1.weight:weight_decay=0.05
2026/06/11 11:35:30 - mmengine - INFO - paramwise_options -- backbone.vit.blocks.10.mlp.fc1.weight:lr_mult=0.1
2026/06/11 11:35:30 - mmengine - INFO - paramwise_options -- backbone.vit.blocks.10.mlp.fc1.weight:decay_mult=1.0
2026/06/11 11:35:30 - mmengine - INFO - paramwise_options -- backbone.vit.blocks.10.mlp.fc1.bias:lr=1e-05
2026/06/11 11:35:30 - mmengine - INFO - paramwise_options -- backbone.vit.blocks.10.mlp.fc1.bias:weight_decay=0.05
2026/06/11 11:35:30 - mmengine - INFO - paramwise_options -- backbone.vit.blocks.10.mlp.fc1.bias:lr_mult=0.1
2026/06/11 11:35:30 - mmengine - INFO - paramwise_options -- backbone.vit.blocks.10.mlp.fc1.bias:decay_mult=1.0
2026/06/11 11:35:30 - mmengine - INFO - paramwise_options -- backbone.vit.blocks.10.mlp.fc2.weight:lr=1e-05
2026/06/11 11:35:30 - mmengine - INFO - paramwise_options -- backbone.vit.blocks.10.mlp.fc2.weight:weight_decay=0.05
2026/06/11 11:35:30 - mmengine - INFO - paramwise_options -- backbone.vit.blocks.10.mlp.fc2.weight:lr_mult=0.1
2026/06/11 11:35:30 - mmengine - INFO - paramwise_options -- backbone.vit.blocks.10.mlp.fc2.weight:decay_mult=1.0
2026/06/11 11:35:30 - mmengine - INFO - paramwise_options -- backbone.vit.blocks.10.mlp.fc2.bias:lr=1e-05
2026/06/11 11:35:30 - mmengine - INFO - paramwise_options -- backbone.vit.blocks.10.mlp.fc2.bias:weight_decay=0.05
2026/06/11 11:35:30 - mmengine - INFO - paramwise_options -- backbone.vit.blocks.10.mlp.fc2.bias:lr_mult=0.1
2026/06/11 11:35:30 - mmengine - INFO - paramwise_options -- backbone.vit.blocks.10.mlp.fc2.bias:decay_mult=1.0
2026/06/11 11:35:30 - mmengine - INFO - paramwise_options -- backbone.vit.blocks.10.ls2.gamma:lr=1e-05
2026/06/11 11:35:30 - mmengine - INFO - paramwise_options -- backbone.vit.blocks.10.ls2.gamma:weight_decay=0.05
2026/06/11 11:35:30 - mmengine - INFO - paramwise_options -- backbone.vit.blocks.10.ls2.gamma:lr_mult=0.1
2026/06/11 11:35:30 - mmengine - INFO - paramwise_options -- backbone.vit.blocks.10.ls2.gamma:decay_mult=1.0
2026/06/11 11:35:30 - mmengine - INFO - paramwise_options -- backbone.vit.blocks.11.norm1.weight:lr=1e-05
2026/06/11 11:35:30 - mmengine - INFO - paramwise_options -- backbone.vit.blocks.11.norm1.weight:weight_decay=0.05
2026/06/11 11:35:30 - mmengine - INFO - paramwise_options -- backbone.vit.blocks.11.norm1.weight:lr_mult=0.1
2026/06/11 11:35:30 - mmengine - INFO - paramwise_options -- backbone.vit.blocks.11.norm1.weight:decay_mult=1.0
2026/06/11 11:35:30 - mmengine - INFO - paramwise_options -- backbone.vit.blocks.11.norm1.bias:lr=1e-05
2026/06/11 11:35:30 - mmengine - INFO - paramwise_options -- backbone.vit.blocks.11.norm1.bias:weight_decay=0.05
2026/06/11 11:35:30 - mmengine - INFO - paramwise_options -- backbone.vit.blocks.11.norm1.bias:lr_mult=0.1
2026/06/11 11:35:30 - mmengine - INFO - paramwise_options -- backbone.vit.blocks.11.norm1.bias:decay_mult=1.0
2026/06/11 11:35:30 - mmengine - INFO - paramwise_options -- backbone.vit.blocks.11.attn.qkv.weight:lr=1e-05
2026/06/11 11:35:30 - mmengine - INFO - paramwise_options -- backbone.vit.blocks.11.attn.qkv.weight:weight_decay=0.05
2026/06/11 11:35:30 - mmengine - INFO - paramwise_options -- backbone.vit.blocks.11.attn.qkv.weight:lr_mult=0.1
2026/06/11 11:35:30 - mmengine - INFO - paramwise_options -- backbone.vit.blocks.11.attn.qkv.weight:decay_mult=1.0
2026/06/11 11:35:30 - mmengine - INFO - paramwise_options -- backbone.vit.blocks.11.attn.qkv.bias:lr=1e-05
2026/06/11 11:35:30 - mmengine - INFO - paramwise_options -- backbone.vit.blocks.11.attn.qkv.bias:weight_decay=0.05
2026/06/11 11:35:30 - mmengine - INFO - paramwise_options -- backbone.vit.blocks.11.attn.qkv.bias:lr_mult=0.1
2026/06/11 11:35:30 - mmengine - INFO - paramwise_options -- backbone.vit.blocks.11.attn.qkv.bias:decay_mult=1.0
2026/06/11 11:35:30 - mmengine - INFO - paramwise_options -- backbone.vit.blocks.11.attn.proj.weight:lr=1e-05
2026/06/11 11:35:30 - mmengine - INFO - paramwise_options -- backbone.vit.blocks.11.attn.proj.weight:weight_decay=0.05
2026/06/11 11:35:30 - mmengine - INFO - paramwise_options -- backbone.vit.blocks.11.attn.proj.weight:lr_mult=0.1
2026/06/11 11:35:30 - mmengine - INFO - paramwise_options -- backbone.vit.blocks.11.attn.proj.weight:decay_mult=1.0
2026/06/11 11:35:30 - mmengine - INFO - paramwise_options -- backbone.vit.blocks.11.attn.proj.bias:lr=1e-05
2026/06/11 11:35:30 - mmengine - INFO - paramwise_options -- backbone.vit.blocks.11.attn.proj.bias:weight_decay=0.05
2026/06/11 11:35:30 - mmengine - INFO - paramwise_options -- backbone.vit.blocks.11.attn.proj.bias:lr_mult=0.1
2026/06/11 11:35:30 - mmengine - INFO - paramwise_options -- backbone.vit.blocks.11.attn.proj.bias:decay_mult=1.0
2026/06/11 11:35:30 - mmengine - INFO - paramwise_options -- backbone.vit.blocks.11.ls1.gamma:lr=1e-05
2026/06/11 11:35:30 - mmengine - INFO - paramwise_options -- backbone.vit.blocks.11.ls1.gamma:weight_decay=0.05
2026/06/11 11:35:30 - mmengine - INFO - paramwise_options -- backbone.vit.blocks.11.ls1.gamma:lr_mult=0.1
2026/06/11 11:35:30 - mmengine - INFO - paramwise_options -- backbone.vit.blocks.11.ls1.gamma:decay_mult=1.0
2026/06/11 11:35:30 - mmengine - INFO - paramwise_options -- backbone.vit.blocks.11.norm2.weight:lr=1e-05
2026/06/11 11:35:30 - mmengine - INFO - paramwise_options -- backbone.vit.blocks.11.norm2.weight:weight_decay=0.05
2026/06/11 11:35:30 - mmengine - INFO - paramwise_options -- backbone.vit.blocks.11.norm2.weight:lr_mult=0.1
2026/06/11 11:35:30 - mmengine - INFO - paramwise_options -- backbone.vit.blocks.11.norm2.weight:decay_mult=1.0
2026/06/11 11:35:30 - mmengine - INFO - paramwise_options -- backbone.vit.blocks.11.norm2.bias:lr=1e-05
2026/06/11 11:35:30 - mmengine - INFO - paramwise_options -- backbone.vit.blocks.11.norm2.bias:weight_decay=0.05
2026/06/11 11:35:30 - mmengine - INFO - paramwise_options -- backbone.vit.blocks.11.norm2.bias:lr_mult=0.1
2026/06/11 11:35:30 - mmengine - INFO - paramwise_options -- backbone.vit.blocks.11.norm2.bias:decay_mult=1.0
2026/06/11 11:35:30 - mmengine - INFO - paramwise_options -- backbone.vit.blocks.11.mlp.fc1.weight:lr=1e-05
2026/06/11 11:35:30 - mmengine - INFO - paramwise_options -- backbone.vit.blocks.11.mlp.fc1.weight:weight_decay=0.05
2026/06/11 11:35:30 - mmengine - INFO - paramwise_options -- backbone.vit.blocks.11.mlp.fc1.weight:lr_mult=0.1
2026/06/11 11:35:30 - mmengine - INFO - paramwise_options -- backbone.vit.blocks.11.mlp.fc1.weight:decay_mult=1.0
2026/06/11 11:35:30 - mmengine - INFO - paramwise_options -- backbone.vit.blocks.11.mlp.fc1.bias:lr=1e-05
2026/06/11 11:35:30 - mmengine - INFO - paramwise_options -- backbone.vit.blocks.11.mlp.fc1.bias:weight_decay=0.05
2026/06/11 11:35:30 - mmengine - INFO - paramwise_options -- backbone.vit.blocks.11.mlp.fc1.bias:lr_mult=0.1
2026/06/11 11:35:30 - mmengine - INFO - paramwise_options -- backbone.vit.blocks.11.mlp.fc1.bias:decay_mult=1.0
2026/06/11 11:35:30 - mmengine - INFO - paramwise_options -- backbone.vit.blocks.11.mlp.fc2.weight:lr=1e-05
2026/06/11 11:35:30 - mmengine - INFO - paramwise_options -- backbone.vit.blocks.11.mlp.fc2.weight:weight_decay=0.05
2026/06/11 11:35:30 - mmengine - INFO - paramwise_options -- backbone.vit.blocks.11.mlp.fc2.weight:lr_mult=0.1
2026/06/11 11:35:30 - mmengine - INFO - paramwise_options -- backbone.vit.blocks.11.mlp.fc2.weight:decay_mult=1.0
2026/06/11 11:35:30 - mmengine - INFO - paramwise_options -- backbone.vit.blocks.11.mlp.fc2.bias:lr=1e-05
2026/06/11 11:35:30 - mmengine - INFO - paramwise_options -- backbone.vit.blocks.11.mlp.fc2.bias:weight_decay=0.05
2026/06/11 11:35:30 - mmengine - INFO - paramwise_options -- backbone.vit.blocks.11.mlp.fc2.bias:lr_mult=0.1
2026/06/11 11:35:30 - mmengine - INFO - paramwise_options -- backbone.vit.blocks.11.mlp.fc2.bias:decay_mult=1.0
2026/06/11 11:35:30 - mmengine - INFO - paramwise_options -- backbone.vit.blocks.11.ls2.gamma:lr=1e-05
2026/06/11 11:35:30 - mmengine - INFO - paramwise_options -- backbone.vit.blocks.11.ls2.gamma:weight_decay=0.05
2026/06/11 11:35:30 - mmengine - INFO - paramwise_options -- backbone.vit.blocks.11.ls2.gamma:lr_mult=0.1
2026/06/11 11:35:30 - mmengine - INFO - paramwise_options -- backbone.vit.blocks.11.ls2.gamma:decay_mult=1.0
2026/06/11 11:35:30 - mmengine - INFO - paramwise_options -- backbone.vit.blocks.12.norm1.weight:lr=1e-05
2026/06/11 11:35:30 - mmengine - INFO - paramwise_options -- backbone.vit.blocks.12.norm1.weight:weight_decay=0.05
2026/06/11 11:35:30 - mmengine - INFO - paramwise_options -- backbone.vit.blocks.12.norm1.weight:lr_mult=0.1
2026/06/11 11:35:30 - mmengine - INFO - paramwise_options -- backbone.vit.blocks.12.norm1.weight:decay_mult=1.0
2026/06/11 11:35:30 - mmengine - INFO - paramwise_options -- backbone.vit.blocks.12.norm1.bias:lr=1e-05
2026/06/11 11:35:30 - mmengine - INFO - paramwise_options -- backbone.vit.blocks.12.norm1.bias:weight_decay=0.05
2026/06/11 11:35:30 - mmengine - INFO - paramwise_options -- backbone.vit.blocks.12.norm1.bias:lr_mult=0.1
2026/06/11 11:35:30 - mmengine - INFO - paramwise_options -- backbone.vit.blocks.12.norm1.bias:decay_mult=1.0
2026/06/11 11:35:30 - mmengine - INFO - paramwise_options -- backbone.vit.blocks.12.attn.qkv.weight:lr=1e-05
2026/06/11 11:35:30 - mmengine - INFO - paramwise_options -- backbone.vit.blocks.12.attn.qkv.weight:weight_decay=0.05
2026/06/11 11:35:30 - mmengine - INFO - paramwise_options -- backbone.vit.blocks.12.attn.qkv.weight:lr_mult=0.1
2026/06/11 11:35:30 - mmengine - INFO - paramwise_options -- backbone.vit.blocks.12.attn.qkv.weight:decay_mult=1.0
2026/06/11 11:35:30 - mmengine - INFO - paramwise_options -- backbone.vit.blocks.12.attn.qkv.bias:lr=1e-05
2026/06/11 11:35:30 - mmengine - INFO - paramwise_options -- backbone.vit.blocks.12.attn.qkv.bias:weight_decay=0.05
2026/06/11 11:35:30 - mmengine - INFO - paramwise_options -- backbone.vit.blocks.12.attn.qkv.bias:lr_mult=0.1
2026/06/11 11:35:30 - mmengine - INFO - paramwise_options -- backbone.vit.blocks.12.attn.qkv.bias:decay_mult=1.0
2026/06/11 11:35:30 - mmengine - INFO - paramwise_options -- backbone.vit.blocks.12.attn.proj.weight:lr=1e-05
2026/06/11 11:35:30 - mmengine - INFO - paramwise_options -- backbone.vit.blocks.12.attn.proj.weight:weight_decay=0.05
2026/06/11 11:35:30 - mmengine - INFO - paramwise_options -- backbone.vit.blocks.12.attn.proj.weight:lr_mult=0.1
2026/06/11 11:35:30 - mmengine - INFO - paramwise_options -- backbone.vit.blocks.12.attn.proj.weight:decay_mult=1.0
2026/06/11 11:35:30 - mmengine - INFO - paramwise_options -- backbone.vit.blocks.12.attn.proj.bias:lr=1e-05
2026/06/11 11:35:30 - mmengine - INFO - paramwise_options -- backbone.vit.blocks.12.attn.proj.bias:weight_decay=0.05
2026/06/11 11:35:30 - mmengine - INFO - paramwise_options -- backbone.vit.blocks.12.attn.proj.bias:lr_mult=0.1
2026/06/11 11:35:30 - mmengine - INFO - paramwise_options -- backbone.vit.blocks.12.attn.proj.bias:decay_mult=1.0
2026/06/11 11:35:30 - mmengine - INFO - paramwise_options -- backbone.vit.blocks.12.ls1.gamma:lr=1e-05
2026/06/11 11:35:30 - mmengine - INFO - paramwise_options -- backbone.vit.blocks.12.ls1.gamma:weight_decay=0.05
2026/06/11 11:35:30 - mmengine - INFO - paramwise_options -- backbone.vit.blocks.12.ls1.gamma:lr_mult=0.1
2026/06/11 11:35:30 - mmengine - INFO - paramwise_options -- backbone.vit.blocks.12.ls1.gamma:decay_mult=1.0
2026/06/11 11:35:30 - mmengine - INFO - paramwise_options -- backbone.vit.blocks.12.norm2.weight:lr=1e-05
2026/06/11 11:35:30 - mmengine - INFO - paramwise_options -- backbone.vit.blocks.12.norm2.weight:weight_decay=0.05
2026/06/11 11:35:30 - mmengine - INFO - paramwise_options -- backbone.vit.blocks.12.norm2.weight:lr_mult=0.1
2026/06/11 11:35:30 - mmengine - INFO - paramwise_options -- backbone.vit.blocks.12.norm2.weight:decay_mult=1.0
2026/06/11 11:35:30 - mmengine - INFO - paramwise_options -- backbone.vit.blocks.12.norm2.bias:lr=1e-05
2026/06/11 11:35:30 - mmengine - INFO - paramwise_options -- backbone.vit.blocks.12.norm2.bias:weight_decay=0.05
2026/06/11 11:35:30 - mmengine - INFO - paramwise_options -- backbone.vit.blocks.12.norm2.bias:lr_mult=0.1
2026/06/11 11:35:30 - mmengine - INFO - paramwise_options -- backbone.vit.blocks.12.norm2.bias:decay_mult=1.0
2026/06/11 11:35:30 - mmengine - INFO - paramwise_options -- backbone.vit.blocks.12.mlp.fc1.weight:lr=1e-05
2026/06/11 11:35:30 - mmengine - INFO - paramwise_options -- backbone.vit.blocks.12.mlp.fc1.weight:weight_decay=0.05
2026/06/11 11:35:30 - mmengine - INFO - paramwise_options -- backbone.vit.blocks.12.mlp.fc1.weight:lr_mult=0.1
2026/06/11 11:35:30 - mmengine - INFO - paramwise_options -- backbone.vit.blocks.12.mlp.fc1.weight:decay_mult=1.0
2026/06/11 11:35:30 - mmengine - INFO - paramwise_options -- backbone.vit.blocks.12.mlp.fc1.bias:lr=1e-05
2026/06/11 11:35:30 - mmengine - INFO - paramwise_options -- backbone.vit.blocks.12.mlp.fc1.bias:weight_decay=0.05
2026/06/11 11:35:30 - mmengine - INFO - paramwise_options -- backbone.vit.blocks.12.mlp.fc1.bias:lr_mult=0.1
2026/06/11 11:35:30 - mmengine - INFO - paramwise_options -- backbone.vit.blocks.12.mlp.fc1.bias:decay_mult=1.0
2026/06/11 11:35:30 - mmengine - INFO - paramwise_options -- backbone.vit.blocks.12.mlp.fc2.weight:lr=1e-05
2026/06/11 11:35:30 - mmengine - INFO - paramwise_options -- backbone.vit.blocks.12.mlp.fc2.weight:weight_decay=0.05
2026/06/11 11:35:30 - mmengine - INFO - paramwise_options -- backbone.vit.blocks.12.mlp.fc2.weight:lr_mult=0.1
2026/06/11 11:35:30 - mmengine - INFO - paramwise_options -- backbone.vit.blocks.12.mlp.fc2.weight:decay_mult=1.0
2026/06/11 11:35:30 - mmengine - INFO - paramwise_options -- backbone.vit.blocks.12.mlp.fc2.bias:lr=1e-05
2026/06/11 11:35:30 - mmengine - INFO - paramwise_options -- backbone.vit.blocks.12.mlp.fc2.bias:weight_decay=0.05
2026/06/11 11:35:30 - mmengine - INFO - paramwise_options -- backbone.vit.blocks.12.mlp.fc2.bias:lr_mult=0.1
2026/06/11 11:35:30 - mmengine - INFO - paramwise_options -- backbone.vit.blocks.12.mlp.fc2.bias:decay_mult=1.0
2026/06/11 11:35:30 - mmengine - INFO - paramwise_options -- backbone.vit.blocks.12.ls2.gamma:lr=1e-05
2026/06/11 11:35:30 - mmengine - INFO - paramwise_options -- backbone.vit.blocks.12.ls2.gamma:weight_decay=0.05
2026/06/11 11:35:30 - mmengine - INFO - paramwise_options -- backbone.vit.blocks.12.ls2.gamma:lr_mult=0.1
2026/06/11 11:35:30 - mmengine - INFO - paramwise_options -- backbone.vit.blocks.12.ls2.gamma:decay_mult=1.0
2026/06/11 11:35:30 - mmengine - INFO - paramwise_options -- backbone.vit.blocks.13.norm1.weight:lr=1e-05
2026/06/11 11:35:30 - mmengine - INFO - paramwise_options -- backbone.vit.blocks.13.norm1.weight:weight_decay=0.05
2026/06/11 11:35:30 - mmengine - INFO - paramwise_options -- backbone.vit.blocks.13.norm1.weight:lr_mult=0.1
2026/06/11 11:35:30 - mmengine - INFO - paramwise_options -- backbone.vit.blocks.13.norm1.weight:decay_mult=1.0
2026/06/11 11:35:30 - mmengine - INFO - paramwise_options -- backbone.vit.blocks.13.norm1.bias:lr=1e-05
2026/06/11 11:35:30 - mmengine - INFO - paramwise_options -- backbone.vit.blocks.13.norm1.bias:weight_decay=0.05
2026/06/11 11:35:30 - mmengine - INFO - paramwise_options -- backbone.vit.blocks.13.norm1.bias:lr_mult=0.1
2026/06/11 11:35:30 - mmengine - INFO - paramwise_options -- backbone.vit.blocks.13.norm1.bias:decay_mult=1.0
2026/06/11 11:35:30 - mmengine - INFO - paramwise_options -- backbone.vit.blocks.13.attn.qkv.weight:lr=1e-05
2026/06/11 11:35:30 - mmengine - INFO - paramwise_options -- backbone.vit.blocks.13.attn.qkv.weight:weight_decay=0.05
2026/06/11 11:35:30 - mmengine - INFO - paramwise_options -- backbone.vit.blocks.13.attn.qkv.weight:lr_mult=0.1
2026/06/11 11:35:30 - mmengine - INFO - paramwise_options -- backbone.vit.blocks.13.attn.qkv.weight:decay_mult=1.0
2026/06/11 11:35:30 - mmengine - INFO - paramwise_options -- backbone.vit.blocks.13.attn.qkv.bias:lr=1e-05
2026/06/11 11:35:30 - mmengine - INFO - paramwise_options -- backbone.vit.blocks.13.attn.qkv.bias:weight_decay=0.05
2026/06/11 11:35:30 - mmengine - INFO - paramwise_options -- backbone.vit.blocks.13.attn.qkv.bias:lr_mult=0.1
2026/06/11 11:35:30 - mmengine - INFO - paramwise_options -- backbone.vit.blocks.13.attn.qkv.bias:decay_mult=1.0
2026/06/11 11:35:30 - mmengine - INFO - paramwise_options -- backbone.vit.blocks.13.attn.proj.weight:lr=1e-05
2026/06/11 11:35:30 - mmengine - INFO - paramwise_options -- backbone.vit.blocks.13.attn.proj.weight:weight_decay=0.05
2026/06/11 11:35:30 - mmengine - INFO - paramwise_options -- backbone.vit.blocks.13.attn.proj.weight:lr_mult=0.1
2026/06/11 11:35:30 - mmengine - INFO - paramwise_options -- backbone.vit.blocks.13.attn.proj.weight:decay_mult=1.0
2026/06/11 11:35:30 - mmengine - INFO - paramwise_options -- backbone.vit.blocks.13.attn.proj.bias:lr=1e-05
2026/06/11 11:35:30 - mmengine - INFO - paramwise_options -- backbone.vit.blocks.13.attn.proj.bias:weight_decay=0.05
2026/06/11 11:35:30 - mmengine - INFO - paramwise_options -- backbone.vit.blocks.13.attn.proj.bias:lr_mult=0.1
2026/06/11 11:35:30 - mmengine - INFO - paramwise_options -- backbone.vit.blocks.13.attn.proj.bias:decay_mult=1.0
2026/06/11 11:35:30 - mmengine - INFO - paramwise_options -- backbone.vit.blocks.13.ls1.gamma:lr=1e-05
2026/06/11 11:35:30 - mmengine - INFO - paramwise_options -- backbone.vit.blocks.13.ls1.gamma:weight_decay=0.05
2026/06/11 11:35:30 - mmengine - INFO - paramwise_options -- backbone.vit.blocks.13.ls1.gamma:lr_mult=0.1
2026/06/11 11:35:30 - mmengine - INFO - paramwise_options -- backbone.vit.blocks.13.ls1.gamma:decay_mult=1.0
2026/06/11 11:35:30 - mmengine - INFO - paramwise_options -- backbone.vit.blocks.13.norm2.weight:lr=1e-05
2026/06/11 11:35:30 - mmengine - INFO - paramwise_options -- backbone.vit.blocks.13.norm2.weight:weight_decay=0.05
2026/06/11 11:35:30 - mmengine - INFO - paramwise_options -- backbone.vit.blocks.13.norm2.weight:lr_mult=0.1
2026/06/11 11:35:30 - mmengine - INFO - paramwise_options -- backbone.vit.blocks.13.norm2.weight:decay_mult=1.0
2026/06/11 11:35:30 - mmengine - INFO - paramwise_options -- backbone.vit.blocks.13.norm2.bias:lr=1e-05
2026/06/11 11:35:30 - mmengine - INFO - paramwise_options -- backbone.vit.blocks.13.norm2.bias:weight_decay=0.05
2026/06/11 11:35:30 - mmengine - INFO - paramwise_options -- backbone.vit.blocks.13.norm2.bias:lr_mult=0.1
2026/06/11 11:35:30 - mmengine - INFO - paramwise_options -- backbone.vit.blocks.13.norm2.bias:decay_mult=1.0
2026/06/11 11:35:30 - mmengine - INFO - paramwise_options -- backbone.vit.blocks.13.mlp.fc1.weight:lr=1e-05
2026/06/11 11:35:30 - mmengine - INFO - paramwise_options -- backbone.vit.blocks.13.mlp.fc1.weight:weight_decay=0.05
2026/06/11 11:35:30 - mmengine - INFO - paramwise_options -- backbone.vit.blocks.13.mlp.fc1.weight:lr_mult=0.1
2026/06/11 11:35:30 - mmengine - INFO - paramwise_options -- backbone.vit.blocks.13.mlp.fc1.weight:decay_mult=1.0
2026/06/11 11:35:30 - mmengine - INFO - paramwise_options -- backbone.vit.blocks.13.mlp.fc1.bias:lr=1e-05
2026/06/11 11:35:30 - mmengine - INFO - paramwise_options -- backbone.vit.blocks.13.mlp.fc1.bias:weight_decay=0.05
2026/06/11 11:35:30 - mmengine - INFO - paramwise_options -- backbone.vit.blocks.13.mlp.fc1.bias:lr_mult=0.1
2026/06/11 11:35:30 - mmengine - INFO - paramwise_options -- backbone.vit.blocks.13.mlp.fc1.bias:decay_mult=1.0
2026/06/11 11:35:30 - mmengine - INFO - paramwise_options -- backbone.vit.blocks.13.mlp.fc2.weight:lr=1e-05
2026/06/11 11:35:30 - mmengine - INFO - paramwise_options -- backbone.vit.blocks.13.mlp.fc2.weight:weight_decay=0.05
2026/06/11 11:35:30 - mmengine - INFO - paramwise_options -- backbone.vit.blocks.13.mlp.fc2.weight:lr_mult=0.1
2026/06/11 11:35:30 - mmengine - INFO - paramwise_options -- backbone.vit.blocks.13.mlp.fc2.weight:decay_mult=1.0
2026/06/11 11:35:30 - mmengine - INFO - paramwise_options -- backbone.vit.blocks.13.mlp.fc2.bias:lr=1e-05
2026/06/11 11:35:30 - mmengine - INFO - paramwise_options -- backbone.vit.blocks.13.mlp.fc2.bias:weight_decay=0.05
2026/06/11 11:35:30 - mmengine - INFO - paramwise_options -- backbone.vit.blocks.13.mlp.fc2.bias:lr_mult=0.1
2026/06/11 11:35:30 - mmengine - INFO - paramwise_options -- backbone.vit.blocks.13.mlp.fc2.bias:decay_mult=1.0
2026/06/11 11:35:30 - mmengine - INFO - paramwise_options -- backbone.vit.blocks.13.ls2.gamma:lr=1e-05
2026/06/11 11:35:30 - mmengine - INFO - paramwise_options -- backbone.vit.blocks.13.ls2.gamma:weight_decay=0.05
2026/06/11 11:35:30 - mmengine - INFO - paramwise_options -- backbone.vit.blocks.13.ls2.gamma:lr_mult=0.1
2026/06/11 11:35:30 - mmengine - INFO - paramwise_options -- backbone.vit.blocks.13.ls2.gamma:decay_mult=1.0
2026/06/11 11:35:30 - mmengine - INFO - paramwise_options -- backbone.vit.blocks.14.norm1.weight:lr=1e-05
2026/06/11 11:35:30 - mmengine - INFO - paramwise_options -- backbone.vit.blocks.14.norm1.weight:weight_decay=0.05
2026/06/11 11:35:30 - mmengine - INFO - paramwise_options -- backbone.vit.blocks.14.norm1.weight:lr_mult=0.1
2026/06/11 11:35:30 - mmengine - INFO - paramwise_options -- backbone.vit.blocks.14.norm1.weight:decay_mult=1.0
2026/06/11 11:35:30 - mmengine - INFO - paramwise_options -- backbone.vit.blocks.14.norm1.bias:lr=1e-05
2026/06/11 11:35:30 - mmengine - INFO - paramwise_options -- backbone.vit.blocks.14.norm1.bias:weight_decay=0.05
2026/06/11 11:35:30 - mmengine - INFO - paramwise_options -- backbone.vit.blocks.14.norm1.bias:lr_mult=0.1
2026/06/11 11:35:30 - mmengine - INFO - paramwise_options -- backbone.vit.blocks.14.norm1.bias:decay_mult=1.0
2026/06/11 11:35:30 - mmengine - INFO - paramwise_options -- backbone.vit.blocks.14.attn.qkv.weight:lr=1e-05
2026/06/11 11:35:30 - mmengine - INFO - paramwise_options -- backbone.vit.blocks.14.attn.qkv.weight:weight_decay=0.05
2026/06/11 11:35:30 - mmengine - INFO - paramwise_options -- backbone.vit.blocks.14.attn.qkv.weight:lr_mult=0.1
2026/06/11 11:35:30 - mmengine - INFO - paramwise_options -- backbone.vit.blocks.14.attn.qkv.weight:decay_mult=1.0
2026/06/11 11:35:30 - mmengine - INFO - paramwise_options -- backbone.vit.blocks.14.attn.qkv.bias:lr=1e-05
2026/06/11 11:35:30 - mmengine - INFO - paramwise_options -- backbone.vit.blocks.14.attn.qkv.bias:weight_decay=0.05
2026/06/11 11:35:30 - mmengine - INFO - paramwise_options -- backbone.vit.blocks.14.attn.qkv.bias:lr_mult=0.1
2026/06/11 11:35:30 - mmengine - INFO - paramwise_options -- backbone.vit.blocks.14.attn.qkv.bias:decay_mult=1.0
2026/06/11 11:35:30 - mmengine - INFO - paramwise_options -- backbone.vit.blocks.14.attn.proj.weight:lr=1e-05
2026/06/11 11:35:30 - mmengine - INFO - paramwise_options -- backbone.vit.blocks.14.attn.proj.weight:weight_decay=0.05
2026/06/11 11:35:30 - mmengine - INFO - paramwise_options -- backbone.vit.blocks.14.attn.proj.weight:lr_mult=0.1
2026/06/11 11:35:30 - mmengine - INFO - paramwise_options -- backbone.vit.blocks.14.attn.proj.weight:decay_mult=1.0
2026/06/11 11:35:30 - mmengine - INFO - paramwise_options -- backbone.vit.blocks.14.attn.proj.bias:lr=1e-05
2026/06/11 11:35:30 - mmengine - INFO - paramwise_options -- backbone.vit.blocks.14.attn.proj.bias:weight_decay=0.05
2026/06/11 11:35:30 - mmengine - INFO - paramwise_options -- backbone.vit.blocks.14.attn.proj.bias:lr_mult=0.1
2026/06/11 11:35:30 - mmengine - INFO - paramwise_options -- backbone.vit.blocks.14.attn.proj.bias:decay_mult=1.0
2026/06/11 11:35:30 - mmengine - INFO - paramwise_options -- backbone.vit.blocks.14.ls1.gamma:lr=1e-05
2026/06/11 11:35:30 - mmengine - INFO - paramwise_options -- backbone.vit.blocks.14.ls1.gamma:weight_decay=0.05
2026/06/11 11:35:30 - mmengine - INFO - paramwise_options -- backbone.vit.blocks.14.ls1.gamma:lr_mult=0.1
2026/06/11 11:35:30 - mmengine - INFO - paramwise_options -- backbone.vit.blocks.14.ls1.gamma:decay_mult=1.0
2026/06/11 11:35:31 - mmengine - INFO - paramwise_options -- backbone.vit.blocks.14.norm2.weight:lr=1e-05
2026/06/11 11:35:31 - mmengine - INFO - paramwise_options -- backbone.vit.blocks.14.norm2.weight:weight_decay=0.05
2026/06/11 11:35:31 - mmengine - INFO - paramwise_options -- backbone.vit.blocks.14.norm2.weight:lr_mult=0.1
2026/06/11 11:35:31 - mmengine - INFO - paramwise_options -- backbone.vit.blocks.14.norm2.weight:decay_mult=1.0
2026/06/11 11:35:31 - mmengine - INFO - paramwise_options -- backbone.vit.blocks.14.norm2.bias:lr=1e-05
2026/06/11 11:35:31 - mmengine - INFO - paramwise_options -- backbone.vit.blocks.14.norm2.bias:weight_decay=0.05
2026/06/11 11:35:31 - mmengine - INFO - paramwise_options -- backbone.vit.blocks.14.norm2.bias:lr_mult=0.1
2026/06/11 11:35:31 - mmengine - INFO - paramwise_options -- backbone.vit.blocks.14.norm2.bias:decay_mult=1.0
2026/06/11 11:35:31 - mmengine - INFO - paramwise_options -- backbone.vit.blocks.14.mlp.fc1.weight:lr=1e-05
2026/06/11 11:35:31 - mmengine - INFO - paramwise_options -- backbone.vit.blocks.14.mlp.fc1.weight:weight_decay=0.05
2026/06/11 11:35:31 - mmengine - INFO - paramwise_options -- backbone.vit.blocks.14.mlp.fc1.weight:lr_mult=0.1
2026/06/11 11:35:31 - mmengine - INFO - paramwise_options -- backbone.vit.blocks.14.mlp.fc1.weight:decay_mult=1.0
2026/06/11 11:35:31 - mmengine - INFO - paramwise_options -- backbone.vit.blocks.14.mlp.fc1.bias:lr=1e-05
2026/06/11 11:35:31 - mmengine - INFO - paramwise_options -- backbone.vit.blocks.14.mlp.fc1.bias:weight_decay=0.05
2026/06/11 11:35:31 - mmengine - INFO - paramwise_options -- backbone.vit.blocks.14.mlp.fc1.bias:lr_mult=0.1
2026/06/11 11:35:31 - mmengine - INFO - paramwise_options -- backbone.vit.blocks.14.mlp.fc1.bias:decay_mult=1.0
2026/06/11 11:35:31 - mmengine - INFO - paramwise_options -- backbone.vit.blocks.14.mlp.fc2.weight:lr=1e-05
2026/06/11 11:35:31 - mmengine - INFO - paramwise_options -- backbone.vit.blocks.14.mlp.fc2.weight:weight_decay=0.05
2026/06/11 11:35:31 - mmengine - INFO - paramwise_options -- backbone.vit.blocks.14.mlp.fc2.weight:lr_mult=0.1
2026/06/11 11:35:31 - mmengine - INFO - paramwise_options -- backbone.vit.blocks.14.mlp.fc2.weight:decay_mult=1.0
2026/06/11 11:35:31 - mmengine - INFO - paramwise_options -- backbone.vit.blocks.14.mlp.fc2.bias:lr=1e-05
2026/06/11 11:35:31 - mmengine - INFO - paramwise_options -- backbone.vit.blocks.14.mlp.fc2.bias:weight_decay=0.05
2026/06/11 11:35:31 - mmengine - INFO - paramwise_options -- backbone.vit.blocks.14.mlp.fc2.bias:lr_mult=0.1
2026/06/11 11:35:31 - mmengine - INFO - paramwise_options -- backbone.vit.blocks.14.mlp.fc2.bias:decay_mult=1.0
2026/06/11 11:35:31 - mmengine - INFO - paramwise_options -- backbone.vit.blocks.14.ls2.gamma:lr=1e-05
2026/06/11 11:35:31 - mmengine - INFO - paramwise_options -- backbone.vit.blocks.14.ls2.gamma:weight_decay=0.05
2026/06/11 11:35:31 - mmengine - INFO - paramwise_options -- backbone.vit.blocks.14.ls2.gamma:lr_mult=0.1
2026/06/11 11:35:31 - mmengine - INFO - paramwise_options -- backbone.vit.blocks.14.ls2.gamma:decay_mult=1.0
2026/06/11 11:35:31 - mmengine - INFO - paramwise_options -- backbone.vit.blocks.15.norm1.weight:lr=1e-05
2026/06/11 11:35:31 - mmengine - INFO - paramwise_options -- backbone.vit.blocks.15.norm1.weight:weight_decay=0.05
2026/06/11 11:35:31 - mmengine - INFO - paramwise_options -- backbone.vit.blocks.15.norm1.weight:lr_mult=0.1
2026/06/11 11:35:31 - mmengine - INFO - paramwise_options -- backbone.vit.blocks.15.norm1.weight:decay_mult=1.0
2026/06/11 11:35:31 - mmengine - INFO - paramwise_options -- backbone.vit.blocks.15.norm1.bias:lr=1e-05
2026/06/11 11:35:31 - mmengine - INFO - paramwise_options -- backbone.vit.blocks.15.norm1.bias:weight_decay=0.05
2026/06/11 11:35:31 - mmengine - INFO - paramwise_options -- backbone.vit.blocks.15.norm1.bias:lr_mult=0.1
2026/06/11 11:35:31 - mmengine - INFO - paramwise_options -- backbone.vit.blocks.15.norm1.bias:decay_mult=1.0
2026/06/11 11:35:31 - mmengine - INFO - paramwise_options -- backbone.vit.blocks.15.attn.qkv.weight:lr=1e-05
2026/06/11 11:35:31 - mmengine - INFO - paramwise_options -- backbone.vit.blocks.15.attn.qkv.weight:weight_decay=0.05
2026/06/11 11:35:31 - mmengine - INFO - paramwise_options -- backbone.vit.blocks.15.attn.qkv.weight:lr_mult=0.1
2026/06/11 11:35:31 - mmengine - INFO - paramwise_options -- backbone.vit.blocks.15.attn.qkv.weight:decay_mult=1.0
2026/06/11 11:35:31 - mmengine - INFO - paramwise_options -- backbone.vit.blocks.15.attn.qkv.bias:lr=1e-05
2026/06/11 11:35:31 - mmengine - INFO - paramwise_options -- backbone.vit.blocks.15.attn.qkv.bias:weight_decay=0.05
2026/06/11 11:35:31 - mmengine - INFO - paramwise_options -- backbone.vit.blocks.15.attn.qkv.bias:lr_mult=0.1
2026/06/11 11:35:31 - mmengine - INFO - paramwise_options -- backbone.vit.blocks.15.attn.qkv.bias:decay_mult=1.0
2026/06/11 11:35:31 - mmengine - INFO - paramwise_options -- backbone.vit.blocks.15.attn.proj.weight:lr=1e-05
2026/06/11 11:35:31 - mmengine - INFO - paramwise_options -- backbone.vit.blocks.15.attn.proj.weight:weight_decay=0.05
2026/06/11 11:35:31 - mmengine - INFO - paramwise_options -- backbone.vit.blocks.15.attn.proj.weight:lr_mult=0.1
2026/06/11 11:35:31 - mmengine - INFO - paramwise_options -- backbone.vit.blocks.15.attn.proj.weight:decay_mult=1.0
2026/06/11 11:35:31 - mmengine - INFO - paramwise_options -- backbone.vit.blocks.15.attn.proj.bias:lr=1e-05
2026/06/11 11:35:31 - mmengine - INFO - paramwise_options -- backbone.vit.blocks.15.attn.proj.bias:weight_decay=0.05
2026/06/11 11:35:31 - mmengine - INFO - paramwise_options -- backbone.vit.blocks.15.attn.proj.bias:lr_mult=0.1
2026/06/11 11:35:31 - mmengine - INFO - paramwise_options -- backbone.vit.blocks.15.attn.proj.bias:decay_mult=1.0
2026/06/11 11:35:31 - mmengine - INFO - paramwise_options -- backbone.vit.blocks.15.ls1.gamma:lr=1e-05
2026/06/11 11:35:31 - mmengine - INFO - paramwise_options -- backbone.vit.blocks.15.ls1.gamma:weight_decay=0.05
2026/06/11 11:35:31 - mmengine - INFO - paramwise_options -- backbone.vit.blocks.15.ls1.gamma:lr_mult=0.1
2026/06/11 11:35:31 - mmengine - INFO - paramwise_options -- backbone.vit.blocks.15.ls1.gamma:decay_mult=1.0
2026/06/11 11:35:31 - mmengine - INFO - paramwise_options -- backbone.vit.blocks.15.norm2.weight:lr=1e-05
2026/06/11 11:35:31 - mmengine - INFO - paramwise_options -- backbone.vit.blocks.15.norm2.weight:weight_decay=0.05
2026/06/11 11:35:31 - mmengine - INFO - paramwise_options -- backbone.vit.blocks.15.norm2.weight:lr_mult=0.1
2026/06/11 11:35:31 - mmengine - INFO - paramwise_options -- backbone.vit.blocks.15.norm2.weight:decay_mult=1.0
2026/06/11 11:35:31 - mmengine - INFO - paramwise_options -- backbone.vit.blocks.15.norm2.bias:lr=1e-05
2026/06/11 11:35:31 - mmengine - INFO - paramwise_options -- backbone.vit.blocks.15.norm2.bias:weight_decay=0.05
2026/06/11 11:35:31 - mmengine - INFO - paramwise_options -- backbone.vit.blocks.15.norm2.bias:lr_mult=0.1
2026/06/11 11:35:31 - mmengine - INFO - paramwise_options -- backbone.vit.blocks.15.norm2.bias:decay_mult=1.0
2026/06/11 11:35:31 - mmengine - INFO - paramwise_options -- backbone.vit.blocks.15.mlp.fc1.weight:lr=1e-05
2026/06/11 11:35:31 - mmengine - INFO - paramwise_options -- backbone.vit.blocks.15.mlp.fc1.weight:weight_decay=0.05
2026/06/11 11:35:31 - mmengine - INFO - paramwise_options -- backbone.vit.blocks.15.mlp.fc1.weight:lr_mult=0.1
2026/06/11 11:35:31 - mmengine - INFO - paramwise_options -- backbone.vit.blocks.15.mlp.fc1.weight:decay_mult=1.0
2026/06/11 11:35:31 - mmengine - INFO - paramwise_options -- backbone.vit.blocks.15.mlp.fc1.bias:lr=1e-05
2026/06/11 11:35:31 - mmengine - INFO - paramwise_options -- backbone.vit.blocks.15.mlp.fc1.bias:weight_decay=0.05
2026/06/11 11:35:31 - mmengine - INFO - paramwise_options -- backbone.vit.blocks.15.mlp.fc1.bias:lr_mult=0.1
2026/06/11 11:35:31 - mmengine - INFO - paramwise_options -- backbone.vit.blocks.15.mlp.fc1.bias:decay_mult=1.0
2026/06/11 11:35:31 - mmengine - INFO - paramwise_options -- backbone.vit.blocks.15.mlp.fc2.weight:lr=1e-05
2026/06/11 11:35:31 - mmengine - INFO - paramwise_options -- backbone.vit.blocks.15.mlp.fc2.weight:weight_decay=0.05
2026/06/11 11:35:31 - mmengine - INFO - paramwise_options -- backbone.vit.blocks.15.mlp.fc2.weight:lr_mult=0.1
2026/06/11 11:35:31 - mmengine - INFO - paramwise_options -- backbone.vit.blocks.15.mlp.fc2.weight:decay_mult=1.0
2026/06/11 11:35:31 - mmengine - INFO - paramwise_options -- backbone.vit.blocks.15.mlp.fc2.bias:lr=1e-05
2026/06/11 11:35:31 - mmengine - INFO - paramwise_options -- backbone.vit.blocks.15.mlp.fc2.bias:weight_decay=0.05
2026/06/11 11:35:31 - mmengine - INFO - paramwise_options -- backbone.vit.blocks.15.mlp.fc2.bias:lr_mult=0.1
2026/06/11 11:35:31 - mmengine - INFO - paramwise_options -- backbone.vit.blocks.15.mlp.fc2.bias:decay_mult=1.0
2026/06/11 11:35:31 - mmengine - INFO - paramwise_options -- backbone.vit.blocks.15.ls2.gamma:lr=1e-05
2026/06/11 11:35:31 - mmengine - INFO - paramwise_options -- backbone.vit.blocks.15.ls2.gamma:weight_decay=0.05
2026/06/11 11:35:31 - mmengine - INFO - paramwise_options -- backbone.vit.blocks.15.ls2.gamma:lr_mult=0.1
2026/06/11 11:35:31 - mmengine - INFO - paramwise_options -- backbone.vit.blocks.15.ls2.gamma:decay_mult=1.0
2026/06/11 11:35:31 - mmengine - INFO - paramwise_options -- backbone.vit.blocks.16.norm1.weight:lr=1e-05
2026/06/11 11:35:31 - mmengine - INFO - paramwise_options -- backbone.vit.blocks.16.norm1.weight:weight_decay=0.05
2026/06/11 11:35:31 - mmengine - INFO - paramwise_options -- backbone.vit.blocks.16.norm1.weight:lr_mult=0.1
2026/06/11 11:35:31 - mmengine - INFO - paramwise_options -- backbone.vit.blocks.16.norm1.weight:decay_mult=1.0
2026/06/11 11:35:31 - mmengine - INFO - paramwise_options -- backbone.vit.blocks.16.norm1.bias:lr=1e-05
2026/06/11 11:35:31 - mmengine - INFO - paramwise_options -- backbone.vit.blocks.16.norm1.bias:weight_decay=0.05
2026/06/11 11:35:31 - mmengine - INFO - paramwise_options -- backbone.vit.blocks.16.norm1.bias:lr_mult=0.1
2026/06/11 11:35:31 - mmengine - INFO - paramwise_options -- backbone.vit.blocks.16.norm1.bias:decay_mult=1.0
2026/06/11 11:35:31 - mmengine - INFO - paramwise_options -- backbone.vit.blocks.16.attn.qkv.weight:lr=1e-05
2026/06/11 11:35:31 - mmengine - INFO - paramwise_options -- backbone.vit.blocks.16.attn.qkv.weight:weight_decay=0.05
2026/06/11 11:35:31 - mmengine - INFO - paramwise_options -- backbone.vit.blocks.16.attn.qkv.weight:lr_mult=0.1
2026/06/11 11:35:31 - mmengine - INFO - paramwise_options -- backbone.vit.blocks.16.attn.qkv.weight:decay_mult=1.0
2026/06/11 11:35:31 - mmengine - INFO - paramwise_options -- backbone.vit.blocks.16.attn.qkv.bias:lr=1e-05
2026/06/11 11:35:31 - mmengine - INFO - paramwise_options -- backbone.vit.blocks.16.attn.qkv.bias:weight_decay=0.05
2026/06/11 11:35:31 - mmengine - INFO - paramwise_options -- backbone.vit.blocks.16.attn.qkv.bias:lr_mult=0.1
2026/06/11 11:35:31 - mmengine - INFO - paramwise_options -- backbone.vit.blocks.16.attn.qkv.bias:decay_mult=1.0
2026/06/11 11:35:31 - mmengine - INFO - paramwise_options -- backbone.vit.blocks.16.attn.proj.weight:lr=1e-05
2026/06/11 11:35:31 - mmengine - INFO - paramwise_options -- backbone.vit.blocks.16.attn.proj.weight:weight_decay=0.05
2026/06/11 11:35:31 - mmengine - INFO - paramwise_options -- backbone.vit.blocks.16.attn.proj.weight:lr_mult=0.1
2026/06/11 11:35:31 - mmengine - INFO - paramwise_options -- backbone.vit.blocks.16.attn.proj.weight:decay_mult=1.0
2026/06/11 11:35:31 - mmengine - INFO - paramwise_options -- backbone.vit.blocks.16.attn.proj.bias:lr=1e-05
2026/06/11 11:35:31 - mmengine - INFO - paramwise_options -- backbone.vit.blocks.16.attn.proj.bias:weight_decay=0.05
2026/06/11 11:35:31 - mmengine - INFO - paramwise_options -- backbone.vit.blocks.16.attn.proj.bias:lr_mult=0.1
2026/06/11 11:35:31 - mmengine - INFO - paramwise_options -- backbone.vit.blocks.16.attn.proj.bias:decay_mult=1.0
2026/06/11 11:35:31 - mmengine - INFO - paramwise_options -- backbone.vit.blocks.16.ls1.gamma:lr=1e-05
2026/06/11 11:35:31 - mmengine - INFO - paramwise_options -- backbone.vit.blocks.16.ls1.gamma:weight_decay=0.05
2026/06/11 11:35:31 - mmengine - INFO - paramwise_options -- backbone.vit.blocks.16.ls1.gamma:lr_mult=0.1
2026/06/11 11:35:31 - mmengine - INFO - paramwise_options -- backbone.vit.blocks.16.ls1.gamma:decay_mult=1.0
2026/06/11 11:35:31 - mmengine - INFO - paramwise_options -- backbone.vit.blocks.16.norm2.weight:lr=1e-05
2026/06/11 11:35:31 - mmengine - INFO - paramwise_options -- backbone.vit.blocks.16.norm2.weight:weight_decay=0.05
2026/06/11 11:35:31 - mmengine - INFO - paramwise_options -- backbone.vit.blocks.16.norm2.weight:lr_mult=0.1
2026/06/11 11:35:31 - mmengine - INFO - paramwise_options -- backbone.vit.blocks.16.norm2.weight:decay_mult=1.0
2026/06/11 11:35:31 - mmengine - INFO - paramwise_options -- backbone.vit.blocks.16.norm2.bias:lr=1e-05
2026/06/11 11:35:31 - mmengine - INFO - paramwise_options -- backbone.vit.blocks.16.norm2.bias:weight_decay=0.05
2026/06/11 11:35:31 - mmengine - INFO - paramwise_options -- backbone.vit.blocks.16.norm2.bias:lr_mult=0.1
2026/06/11 11:35:31 - mmengine - INFO - paramwise_options -- backbone.vit.blocks.16.norm2.bias:decay_mult=1.0
2026/06/11 11:35:31 - mmengine - INFO - paramwise_options -- backbone.vit.blocks.16.mlp.fc1.weight:lr=1e-05
2026/06/11 11:35:31 - mmengine - INFO - paramwise_options -- backbone.vit.blocks.16.mlp.fc1.weight:weight_decay=0.05
2026/06/11 11:35:31 - mmengine - INFO - paramwise_options -- backbone.vit.blocks.16.mlp.fc1.weight:lr_mult=0.1
2026/06/11 11:35:31 - mmengine - INFO - paramwise_options -- backbone.vit.blocks.16.mlp.fc1.weight:decay_mult=1.0
2026/06/11 11:35:31 - mmengine - INFO - paramwise_options -- backbone.vit.blocks.16.mlp.fc1.bias:lr=1e-05
2026/06/11 11:35:31 - mmengine - INFO - paramwise_options -- backbone.vit.blocks.16.mlp.fc1.bias:weight_decay=0.05
2026/06/11 11:35:31 - mmengine - INFO - paramwise_options -- backbone.vit.blocks.16.mlp.fc1.bias:lr_mult=0.1
2026/06/11 11:35:31 - mmengine - INFO - paramwise_options -- backbone.vit.blocks.16.mlp.fc1.bias:decay_mult=1.0
2026/06/11 11:35:31 - mmengine - INFO - paramwise_options -- backbone.vit.blocks.16.mlp.fc2.weight:lr=1e-05
2026/06/11 11:35:31 - mmengine - INFO - paramwise_options -- backbone.vit.blocks.16.mlp.fc2.weight:weight_decay=0.05
2026/06/11 11:35:31 - mmengine - INFO - paramwise_options -- backbone.vit.blocks.16.mlp.fc2.weight:lr_mult=0.1
2026/06/11 11:35:31 - mmengine - INFO - paramwise_options -- backbone.vit.blocks.16.mlp.fc2.weight:decay_mult=1.0
2026/06/11 11:35:31 - mmengine - INFO - paramwise_options -- backbone.vit.blocks.16.mlp.fc2.bias:lr=1e-05
2026/06/11 11:35:31 - mmengine - INFO - paramwise_options -- backbone.vit.blocks.16.mlp.fc2.bias:weight_decay=0.05
2026/06/11 11:35:31 - mmengine - INFO - paramwise_options -- backbone.vit.blocks.16.mlp.fc2.bias:lr_mult=0.1
2026/06/11 11:35:31 - mmengine - INFO - paramwise_options -- backbone.vit.blocks.16.mlp.fc2.bias:decay_mult=1.0
2026/06/11 11:35:31 - mmengine - INFO - paramwise_options -- backbone.vit.blocks.16.ls2.gamma:lr=1e-05
2026/06/11 11:35:31 - mmengine - INFO - paramwise_options -- backbone.vit.blocks.16.ls2.gamma:weight_decay=0.05
2026/06/11 11:35:31 - mmengine - INFO - paramwise_options -- backbone.vit.blocks.16.ls2.gamma:lr_mult=0.1
2026/06/11 11:35:31 - mmengine - INFO - paramwise_options -- backbone.vit.blocks.16.ls2.gamma:decay_mult=1.0
2026/06/11 11:35:31 - mmengine - INFO - paramwise_options -- backbone.vit.blocks.17.norm1.weight:lr=1e-05
2026/06/11 11:35:31 - mmengine - INFO - paramwise_options -- backbone.vit.blocks.17.norm1.weight:weight_decay=0.05
2026/06/11 11:35:31 - mmengine - INFO - paramwise_options -- backbone.vit.blocks.17.norm1.weight:lr_mult=0.1
2026/06/11 11:35:31 - mmengine - INFO - paramwise_options -- backbone.vit.blocks.17.norm1.weight:decay_mult=1.0
2026/06/11 11:35:31 - mmengine - INFO - paramwise_options -- backbone.vit.blocks.17.norm1.bias:lr=1e-05
2026/06/11 11:35:31 - mmengine - INFO - paramwise_options -- backbone.vit.blocks.17.norm1.bias:weight_decay=0.05
2026/06/11 11:35:31 - mmengine - INFO - paramwise_options -- backbone.vit.blocks.17.norm1.bias:lr_mult=0.1
2026/06/11 11:35:31 - mmengine - INFO - paramwise_options -- backbone.vit.blocks.17.norm1.bias:decay_mult=1.0
2026/06/11 11:35:31 - mmengine - INFO - paramwise_options -- backbone.vit.blocks.17.attn.qkv.weight:lr=1e-05
2026/06/11 11:35:31 - mmengine - INFO - paramwise_options -- backbone.vit.blocks.17.attn.qkv.weight:weight_decay=0.05
2026/06/11 11:35:31 - mmengine - INFO - paramwise_options -- backbone.vit.blocks.17.attn.qkv.weight:lr_mult=0.1
2026/06/11 11:35:31 - mmengine - INFO - paramwise_options -- backbone.vit.blocks.17.attn.qkv.weight:decay_mult=1.0
2026/06/11 11:35:31 - mmengine - INFO - paramwise_options -- backbone.vit.blocks.17.attn.qkv.bias:lr=1e-05
2026/06/11 11:35:31 - mmengine - INFO - paramwise_options -- backbone.vit.blocks.17.attn.qkv.bias:weight_decay=0.05
2026/06/11 11:35:31 - mmengine - INFO - paramwise_options -- backbone.vit.blocks.17.attn.qkv.bias:lr_mult=0.1
2026/06/11 11:35:31 - mmengine - INFO - paramwise_options -- backbone.vit.blocks.17.attn.qkv.bias:decay_mult=1.0
2026/06/11 11:35:31 - mmengine - INFO - paramwise_options -- backbone.vit.blocks.17.attn.proj.weight:lr=1e-05
2026/06/11 11:35:31 - mmengine - INFO - paramwise_options -- backbone.vit.blocks.17.attn.proj.weight:weight_decay=0.05
2026/06/11 11:35:31 - mmengine - INFO - paramwise_options -- backbone.vit.blocks.17.attn.proj.weight:lr_mult=0.1
2026/06/11 11:35:31 - mmengine - INFO - paramwise_options -- backbone.vit.blocks.17.attn.proj.weight:decay_mult=1.0
2026/06/11 11:35:31 - mmengine - INFO - paramwise_options -- backbone.vit.blocks.17.attn.proj.bias:lr=1e-05
2026/06/11 11:35:31 - mmengine - INFO - paramwise_options -- backbone.vit.blocks.17.attn.proj.bias:weight_decay=0.05
2026/06/11 11:35:31 - mmengine - INFO - paramwise_options -- backbone.vit.blocks.17.attn.proj.bias:lr_mult=0.1
2026/06/11 11:35:31 - mmengine - INFO - paramwise_options -- backbone.vit.blocks.17.attn.proj.bias:decay_mult=1.0
2026/06/11 11:35:31 - mmengine - INFO - paramwise_options -- backbone.vit.blocks.17.ls1.gamma:lr=1e-05
2026/06/11 11:35:31 - mmengine - INFO - paramwise_options -- backbone.vit.blocks.17.ls1.gamma:weight_decay=0.05
2026/06/11 11:35:31 - mmengine - INFO - paramwise_options -- backbone.vit.blocks.17.ls1.gamma:lr_mult=0.1
2026/06/11 11:35:31 - mmengine - INFO - paramwise_options -- backbone.vit.blocks.17.ls1.gamma:decay_mult=1.0
2026/06/11 11:35:31 - mmengine - INFO - paramwise_options -- backbone.vit.blocks.17.norm2.weight:lr=1e-05
2026/06/11 11:35:31 - mmengine - INFO - paramwise_options -- backbone.vit.blocks.17.norm2.weight:weight_decay=0.05
2026/06/11 11:35:31 - mmengine - INFO - paramwise_options -- backbone.vit.blocks.17.norm2.weight:lr_mult=0.1
2026/06/11 11:35:31 - mmengine - INFO - paramwise_options -- backbone.vit.blocks.17.norm2.weight:decay_mult=1.0
2026/06/11 11:35:31 - mmengine - INFO - paramwise_options -- backbone.vit.blocks.17.norm2.bias:lr=1e-05
2026/06/11 11:35:31 - mmengine - INFO - paramwise_options -- backbone.vit.blocks.17.norm2.bias:weight_decay=0.05
2026/06/11 11:35:31 - mmengine - INFO - paramwise_options -- backbone.vit.blocks.17.norm2.bias:lr_mult=0.1
2026/06/11 11:35:31 - mmengine - INFO - paramwise_options -- backbone.vit.blocks.17.norm2.bias:decay_mult=1.0
2026/06/11 11:35:31 - mmengine - INFO - paramwise_options -- backbone.vit.blocks.17.mlp.fc1.weight:lr=1e-05
2026/06/11 11:35:31 - mmengine - INFO - paramwise_options -- backbone.vit.blocks.17.mlp.fc1.weight:weight_decay=0.05
2026/06/11 11:35:31 - mmengine - INFO - paramwise_options -- backbone.vit.blocks.17.mlp.fc1.weight:lr_mult=0.1
2026/06/11 11:35:31 - mmengine - INFO - paramwise_options -- backbone.vit.blocks.17.mlp.fc1.weight:decay_mult=1.0
2026/06/11 11:35:31 - mmengine - INFO - paramwise_options -- backbone.vit.blocks.17.mlp.fc1.bias:lr=1e-05
2026/06/11 11:35:31 - mmengine - INFO - paramwise_options -- backbone.vit.blocks.17.mlp.fc1.bias:weight_decay=0.05
2026/06/11 11:35:31 - mmengine - INFO - paramwise_options -- backbone.vit.blocks.17.mlp.fc1.bias:lr_mult=0.1
2026/06/11 11:35:31 - mmengine - INFO - paramwise_options -- backbone.vit.blocks.17.mlp.fc1.bias:decay_mult=1.0
2026/06/11 11:35:31 - mmengine - INFO - paramwise_options -- backbone.vit.blocks.17.mlp.fc2.weight:lr=1e-05
2026/06/11 11:35:31 - mmengine - INFO - paramwise_options -- backbone.vit.blocks.17.mlp.fc2.weight:weight_decay=0.05
2026/06/11 11:35:31 - mmengine - INFO - paramwise_options -- backbone.vit.blocks.17.mlp.fc2.weight:lr_mult=0.1
2026/06/11 11:35:31 - mmengine - INFO - paramwise_options -- backbone.vit.blocks.17.mlp.fc2.weight:decay_mult=1.0
2026/06/11 11:35:31 - mmengine - INFO - paramwise_options -- backbone.vit.blocks.17.mlp.fc2.bias:lr=1e-05
2026/06/11 11:35:31 - mmengine - INFO - paramwise_options -- backbone.vit.blocks.17.mlp.fc2.bias:weight_decay=0.05
2026/06/11 11:35:31 - mmengine - INFO - paramwise_options -- backbone.vit.blocks.17.mlp.fc2.bias:lr_mult=0.1
2026/06/11 11:35:31 - mmengine - INFO - paramwise_options -- backbone.vit.blocks.17.mlp.fc2.bias:decay_mult=1.0
2026/06/11 11:35:31 - mmengine - INFO - paramwise_options -- backbone.vit.blocks.17.ls2.gamma:lr=1e-05
2026/06/11 11:35:31 - mmengine - INFO - paramwise_options -- backbone.vit.blocks.17.ls2.gamma:weight_decay=0.05
2026/06/11 11:35:31 - mmengine - INFO - paramwise_options -- backbone.vit.blocks.17.ls2.gamma:lr_mult=0.1
2026/06/11 11:35:31 - mmengine - INFO - paramwise_options -- backbone.vit.blocks.17.ls2.gamma:decay_mult=1.0
2026/06/11 11:35:31 - mmengine - INFO - paramwise_options -- backbone.vit.blocks.18.norm1.weight:lr=1e-05
2026/06/11 11:35:31 - mmengine - INFO - paramwise_options -- backbone.vit.blocks.18.norm1.weight:weight_decay=0.05
2026/06/11 11:35:31 - mmengine - INFO - paramwise_options -- backbone.vit.blocks.18.norm1.weight:lr_mult=0.1
2026/06/11 11:35:31 - mmengine - INFO - paramwise_options -- backbone.vit.blocks.18.norm1.weight:decay_mult=1.0
2026/06/11 11:35:31 - mmengine - INFO - paramwise_options -- backbone.vit.blocks.18.norm1.bias:lr=1e-05
2026/06/11 11:35:31 - mmengine - INFO - paramwise_options -- backbone.vit.blocks.18.norm1.bias:weight_decay=0.05
2026/06/11 11:35:31 - mmengine - INFO - paramwise_options -- backbone.vit.blocks.18.norm1.bias:lr_mult=0.1
2026/06/11 11:35:31 - mmengine - INFO - paramwise_options -- backbone.vit.blocks.18.norm1.bias:decay_mult=1.0
2026/06/11 11:35:31 - mmengine - INFO - paramwise_options -- backbone.vit.blocks.18.attn.qkv.weight:lr=1e-05
2026/06/11 11:35:31 - mmengine - INFO - paramwise_options -- backbone.vit.blocks.18.attn.qkv.weight:weight_decay=0.05
2026/06/11 11:35:31 - mmengine - INFO - paramwise_options -- backbone.vit.blocks.18.attn.qkv.weight:lr_mult=0.1
2026/06/11 11:35:31 - mmengine - INFO - paramwise_options -- backbone.vit.blocks.18.attn.qkv.weight:decay_mult=1.0
2026/06/11 11:35:31 - mmengine - INFO - paramwise_options -- backbone.vit.blocks.18.attn.qkv.bias:lr=1e-05
2026/06/11 11:35:31 - mmengine - INFO - paramwise_options -- backbone.vit.blocks.18.attn.qkv.bias:weight_decay=0.05
2026/06/11 11:35:31 - mmengine - INFO - paramwise_options -- backbone.vit.blocks.18.attn.qkv.bias:lr_mult=0.1
2026/06/11 11:35:31 - mmengine - INFO - paramwise_options -- backbone.vit.blocks.18.attn.qkv.bias:decay_mult=1.0
2026/06/11 11:35:31 - mmengine - INFO - paramwise_options -- backbone.vit.blocks.18.attn.proj.weight:lr=1e-05
2026/06/11 11:35:31 - mmengine - INFO - paramwise_options -- backbone.vit.blocks.18.attn.proj.weight:weight_decay=0.05
2026/06/11 11:35:31 - mmengine - INFO - paramwise_options -- backbone.vit.blocks.18.attn.proj.weight:lr_mult=0.1
2026/06/11 11:35:31 - mmengine - INFO - paramwise_options -- backbone.vit.blocks.18.attn.proj.weight:decay_mult=1.0
2026/06/11 11:35:31 - mmengine - INFO - paramwise_options -- backbone.vit.blocks.18.attn.proj.bias:lr=1e-05
2026/06/11 11:35:31 - mmengine - INFO - paramwise_options -- backbone.vit.blocks.18.attn.proj.bias:weight_decay=0.05
2026/06/11 11:35:31 - mmengine - INFO - paramwise_options -- backbone.vit.blocks.18.attn.proj.bias:lr_mult=0.1
2026/06/11 11:35:31 - mmengine - INFO - paramwise_options -- backbone.vit.blocks.18.attn.proj.bias:decay_mult=1.0
2026/06/11 11:35:31 - mmengine - INFO - paramwise_options -- backbone.vit.blocks.18.ls1.gamma:lr=1e-05
2026/06/11 11:35:31 - mmengine - INFO - paramwise_options -- backbone.vit.blocks.18.ls1.gamma:weight_decay=0.05
2026/06/11 11:35:31 - mmengine - INFO - paramwise_options -- backbone.vit.blocks.18.ls1.gamma:lr_mult=0.1
2026/06/11 11:35:31 - mmengine - INFO - paramwise_options -- backbone.vit.blocks.18.ls1.gamma:decay_mult=1.0
2026/06/11 11:35:31 - mmengine - INFO - paramwise_options -- backbone.vit.blocks.18.norm2.weight:lr=1e-05
2026/06/11 11:35:31 - mmengine - INFO - paramwise_options -- backbone.vit.blocks.18.norm2.weight:weight_decay=0.05
2026/06/11 11:35:31 - mmengine - INFO - paramwise_options -- backbone.vit.blocks.18.norm2.weight:lr_mult=0.1
2026/06/11 11:35:31 - mmengine - INFO - paramwise_options -- backbone.vit.blocks.18.norm2.weight:decay_mult=1.0
2026/06/11 11:35:31 - mmengine - INFO - paramwise_options -- backbone.vit.blocks.18.norm2.bias:lr=1e-05
2026/06/11 11:35:31 - mmengine - INFO - paramwise_options -- backbone.vit.blocks.18.norm2.bias:weight_decay=0.05
2026/06/11 11:35:31 - mmengine - INFO - paramwise_options -- backbone.vit.blocks.18.norm2.bias:lr_mult=0.1
2026/06/11 11:35:31 - mmengine - INFO - paramwise_options -- backbone.vit.blocks.18.norm2.bias:decay_mult=1.0
2026/06/11 11:35:31 - mmengine - INFO - paramwise_options -- backbone.vit.blocks.18.mlp.fc1.weight:lr=1e-05
2026/06/11 11:35:31 - mmengine - INFO - paramwise_options -- backbone.vit.blocks.18.mlp.fc1.weight:weight_decay=0.05
2026/06/11 11:35:31 - mmengine - INFO - paramwise_options -- backbone.vit.blocks.18.mlp.fc1.weight:lr_mult=0.1
2026/06/11 11:35:31 - mmengine - INFO - paramwise_options -- backbone.vit.blocks.18.mlp.fc1.weight:decay_mult=1.0
2026/06/11 11:35:31 - mmengine - INFO - paramwise_options -- backbone.vit.blocks.18.mlp.fc1.bias:lr=1e-05
2026/06/11 11:35:31 - mmengine - INFO - paramwise_options -- backbone.vit.blocks.18.mlp.fc1.bias:weight_decay=0.05
2026/06/11 11:35:31 - mmengine - INFO - paramwise_options -- backbone.vit.blocks.18.mlp.fc1.bias:lr_mult=0.1
2026/06/11 11:35:31 - mmengine - INFO - paramwise_options -- backbone.vit.blocks.18.mlp.fc1.bias:decay_mult=1.0
2026/06/11 11:35:31 - mmengine - INFO - paramwise_options -- backbone.vit.blocks.18.mlp.fc2.weight:lr=1e-05
2026/06/11 11:35:31 - mmengine - INFO - paramwise_options -- backbone.vit.blocks.18.mlp.fc2.weight:weight_decay=0.05
2026/06/11 11:35:31 - mmengine - INFO - paramwise_options -- backbone.vit.blocks.18.mlp.fc2.weight:lr_mult=0.1
2026/06/11 11:35:31 - mmengine - INFO - paramwise_options -- backbone.vit.blocks.18.mlp.fc2.weight:decay_mult=1.0
2026/06/11 11:35:31 - mmengine - INFO - paramwise_options -- backbone.vit.blocks.18.mlp.fc2.bias:lr=1e-05
2026/06/11 11:35:31 - mmengine - INFO - paramwise_options -- backbone.vit.blocks.18.mlp.fc2.bias:weight_decay=0.05
2026/06/11 11:35:31 - mmengine - INFO - paramwise_options -- backbone.vit.blocks.18.mlp.fc2.bias:lr_mult=0.1
2026/06/11 11:35:31 - mmengine - INFO - paramwise_options -- backbone.vit.blocks.18.mlp.fc2.bias:decay_mult=1.0
2026/06/11 11:35:31 - mmengine - INFO - paramwise_options -- backbone.vit.blocks.18.ls2.gamma:lr=1e-05
2026/06/11 11:35:31 - mmengine - INFO - paramwise_options -- backbone.vit.blocks.18.ls2.gamma:weight_decay=0.05
2026/06/11 11:35:31 - mmengine - INFO - paramwise_options -- backbone.vit.blocks.18.ls2.gamma:lr_mult=0.1
2026/06/11 11:35:31 - mmengine - INFO - paramwise_options -- backbone.vit.blocks.18.ls2.gamma:decay_mult=1.0
2026/06/11 11:35:31 - mmengine - INFO - paramwise_options -- backbone.vit.blocks.19.norm1.weight:lr=1e-05
2026/06/11 11:35:31 - mmengine - INFO - paramwise_options -- backbone.vit.blocks.19.norm1.weight:weight_decay=0.05
2026/06/11 11:35:31 - mmengine - INFO - paramwise_options -- backbone.vit.blocks.19.norm1.weight:lr_mult=0.1
2026/06/11 11:35:31 - mmengine - INFO - paramwise_options -- backbone.vit.blocks.19.norm1.weight:decay_mult=1.0
2026/06/11 11:35:31 - mmengine - INFO - paramwise_options -- backbone.vit.blocks.19.norm1.bias:lr=1e-05
2026/06/11 11:35:31 - mmengine - INFO - paramwise_options -- backbone.vit.blocks.19.norm1.bias:weight_decay=0.05
2026/06/11 11:35:31 - mmengine - INFO - paramwise_options -- backbone.vit.blocks.19.norm1.bias:lr_mult=0.1
2026/06/11 11:35:31 - mmengine - INFO - paramwise_options -- backbone.vit.blocks.19.norm1.bias:decay_mult=1.0
2026/06/11 11:35:31 - mmengine - INFO - paramwise_options -- backbone.vit.blocks.19.attn.qkv.weight:lr=1e-05
2026/06/11 11:35:31 - mmengine - INFO - paramwise_options -- backbone.vit.blocks.19.attn.qkv.weight:weight_decay=0.05
2026/06/11 11:35:31 - mmengine - INFO - paramwise_options -- backbone.vit.blocks.19.attn.qkv.weight:lr_mult=0.1
2026/06/11 11:35:31 - mmengine - INFO - paramwise_options -- backbone.vit.blocks.19.attn.qkv.weight:decay_mult=1.0
2026/06/11 11:35:31 - mmengine - INFO - paramwise_options -- backbone.vit.blocks.19.attn.qkv.bias:lr=1e-05
2026/06/11 11:35:31 - mmengine - INFO - paramwise_options -- backbone.vit.blocks.19.attn.qkv.bias:weight_decay=0.05
2026/06/11 11:35:31 - mmengine - INFO - paramwise_options -- backbone.vit.blocks.19.attn.qkv.bias:lr_mult=0.1
2026/06/11 11:35:31 - mmengine - INFO - paramwise_options -- backbone.vit.blocks.19.attn.qkv.bias:decay_mult=1.0
2026/06/11 11:35:31 - mmengine - INFO - paramwise_options -- backbone.vit.blocks.19.attn.proj.weight:lr=1e-05
2026/06/11 11:35:31 - mmengine - INFO - paramwise_options -- backbone.vit.blocks.19.attn.proj.weight:weight_decay=0.05
2026/06/11 11:35:31 - mmengine - INFO - paramwise_options -- backbone.vit.blocks.19.attn.proj.weight:lr_mult=0.1
2026/06/11 11:35:31 - mmengine - INFO - paramwise_options -- backbone.vit.blocks.19.attn.proj.weight:decay_mult=1.0
2026/06/11 11:35:31 - mmengine - INFO - paramwise_options -- backbone.vit.blocks.19.attn.proj.bias:lr=1e-05
2026/06/11 11:35:31 - mmengine - INFO - paramwise_options -- backbone.vit.blocks.19.attn.proj.bias:weight_decay=0.05
2026/06/11 11:35:31 - mmengine - INFO - paramwise_options -- backbone.vit.blocks.19.attn.proj.bias:lr_mult=0.1
2026/06/11 11:35:31 - mmengine - INFO - paramwise_options -- backbone.vit.blocks.19.attn.proj.bias:decay_mult=1.0
2026/06/11 11:35:31 - mmengine - INFO - paramwise_options -- backbone.vit.blocks.19.ls1.gamma:lr=1e-05
2026/06/11 11:35:31 - mmengine - INFO - paramwise_options -- backbone.vit.blocks.19.ls1.gamma:weight_decay=0.05
2026/06/11 11:35:31 - mmengine - INFO - paramwise_options -- backbone.vit.blocks.19.ls1.gamma:lr_mult=0.1
2026/06/11 11:35:31 - mmengine - INFO - paramwise_options -- backbone.vit.blocks.19.ls1.gamma:decay_mult=1.0
2026/06/11 11:35:31 - mmengine - INFO - paramwise_options -- backbone.vit.blocks.19.norm2.weight:lr=1e-05
2026/06/11 11:35:31 - mmengine - INFO - paramwise_options -- backbone.vit.blocks.19.norm2.weight:weight_decay=0.05
2026/06/11 11:35:31 - mmengine - INFO - paramwise_options -- backbone.vit.blocks.19.norm2.weight:lr_mult=0.1
2026/06/11 11:35:31 - mmengine - INFO - paramwise_options -- backbone.vit.blocks.19.norm2.weight:decay_mult=1.0
2026/06/11 11:35:31 - mmengine - INFO - paramwise_options -- backbone.vit.blocks.19.norm2.bias:lr=1e-05
2026/06/11 11:35:31 - mmengine - INFO - paramwise_options -- backbone.vit.blocks.19.norm2.bias:weight_decay=0.05
2026/06/11 11:35:31 - mmengine - INFO - paramwise_options -- backbone.vit.blocks.19.norm2.bias:lr_mult=0.1
2026/06/11 11:35:31 - mmengine - INFO - paramwise_options -- backbone.vit.blocks.19.norm2.bias:decay_mult=1.0
2026/06/11 11:35:31 - mmengine - INFO - paramwise_options -- backbone.vit.blocks.19.mlp.fc1.weight:lr=1e-05
2026/06/11 11:35:31 - mmengine - INFO - paramwise_options -- backbone.vit.blocks.19.mlp.fc1.weight:weight_decay=0.05
2026/06/11 11:35:31 - mmengine - INFO - paramwise_options -- backbone.vit.blocks.19.mlp.fc1.weight:lr_mult=0.1
2026/06/11 11:35:31 - mmengine - INFO - paramwise_options -- backbone.vit.blocks.19.mlp.fc1.weight:decay_mult=1.0
2026/06/11 11:35:31 - mmengine - INFO - paramwise_options -- backbone.vit.blocks.19.mlp.fc1.bias:lr=1e-05
2026/06/11 11:35:31 - mmengine - INFO - paramwise_options -- backbone.vit.blocks.19.mlp.fc1.bias:weight_decay=0.05
2026/06/11 11:35:31 - mmengine - INFO - paramwise_options -- backbone.vit.blocks.19.mlp.fc1.bias:lr_mult=0.1
2026/06/11 11:35:31 - mmengine - INFO - paramwise_options -- backbone.vit.blocks.19.mlp.fc1.bias:decay_mult=1.0
2026/06/11 11:35:31 - mmengine - INFO - paramwise_options -- backbone.vit.blocks.19.mlp.fc2.weight:lr=1e-05
2026/06/11 11:35:31 - mmengine - INFO - paramwise_options -- backbone.vit.blocks.19.mlp.fc2.weight:weight_decay=0.05
2026/06/11 11:35:31 - mmengine - INFO - paramwise_options -- backbone.vit.blocks.19.mlp.fc2.weight:lr_mult=0.1
2026/06/11 11:35:31 - mmengine - INFO - paramwise_options -- backbone.vit.blocks.19.mlp.fc2.weight:decay_mult=1.0
2026/06/11 11:35:31 - mmengine - INFO - paramwise_options -- backbone.vit.blocks.19.mlp.fc2.bias:lr=1e-05
2026/06/11 11:35:31 - mmengine - INFO - paramwise_options -- backbone.vit.blocks.19.mlp.fc2.bias:weight_decay=0.05
2026/06/11 11:35:31 - mmengine - INFO - paramwise_options -- backbone.vit.blocks.19.mlp.fc2.bias:lr_mult=0.1
2026/06/11 11:35:31 - mmengine - INFO - paramwise_options -- backbone.vit.blocks.19.mlp.fc2.bias:decay_mult=1.0
2026/06/11 11:35:31 - mmengine - INFO - paramwise_options -- backbone.vit.blocks.19.ls2.gamma:lr=1e-05
2026/06/11 11:35:31 - mmengine - INFO - paramwise_options -- backbone.vit.blocks.19.ls2.gamma:weight_decay=0.05
2026/06/11 11:35:31 - mmengine - INFO - paramwise_options -- backbone.vit.blocks.19.ls2.gamma:lr_mult=0.1
2026/06/11 11:35:31 - mmengine - INFO - paramwise_options -- backbone.vit.blocks.19.ls2.gamma:decay_mult=1.0
2026/06/11 11:35:31 - mmengine - INFO - paramwise_options -- backbone.vit.blocks.20.norm1.weight:lr=1e-05
2026/06/11 11:35:31 - mmengine - INFO - paramwise_options -- backbone.vit.blocks.20.norm1.weight:weight_decay=0.05
2026/06/11 11:35:31 - mmengine - INFO - paramwise_options -- backbone.vit.blocks.20.norm1.weight:lr_mult=0.1
2026/06/11 11:35:31 - mmengine - INFO - paramwise_options -- backbone.vit.blocks.20.norm1.weight:decay_mult=1.0
2026/06/11 11:35:31 - mmengine - INFO - paramwise_options -- backbone.vit.blocks.20.norm1.bias:lr=1e-05
2026/06/11 11:35:31 - mmengine - INFO - paramwise_options -- backbone.vit.blocks.20.norm1.bias:weight_decay=0.05
2026/06/11 11:35:31 - mmengine - INFO - paramwise_options -- backbone.vit.blocks.20.norm1.bias:lr_mult=0.1
2026/06/11 11:35:31 - mmengine - INFO - paramwise_options -- backbone.vit.blocks.20.norm1.bias:decay_mult=1.0
2026/06/11 11:35:31 - mmengine - INFO - paramwise_options -- backbone.vit.blocks.20.attn.qkv.weight:lr=1e-05
2026/06/11 11:35:31 - mmengine - INFO - paramwise_options -- backbone.vit.blocks.20.attn.qkv.weight:weight_decay=0.05
2026/06/11 11:35:31 - mmengine - INFO - paramwise_options -- backbone.vit.blocks.20.attn.qkv.weight:lr_mult=0.1
2026/06/11 11:35:31 - mmengine - INFO - paramwise_options -- backbone.vit.blocks.20.attn.qkv.weight:decay_mult=1.0
2026/06/11 11:35:31 - mmengine - INFO - paramwise_options -- backbone.vit.blocks.20.attn.qkv.bias:lr=1e-05
2026/06/11 11:35:31 - mmengine - INFO - paramwise_options -- backbone.vit.blocks.20.attn.qkv.bias:weight_decay=0.05
2026/06/11 11:35:31 - mmengine - INFO - paramwise_options -- backbone.vit.blocks.20.attn.qkv.bias:lr_mult=0.1
2026/06/11 11:35:31 - mmengine - INFO - paramwise_options -- backbone.vit.blocks.20.attn.qkv.bias:decay_mult=1.0
2026/06/11 11:35:31 - mmengine - INFO - paramwise_options -- backbone.vit.blocks.20.attn.proj.weight:lr=1e-05
2026/06/11 11:35:31 - mmengine - INFO - paramwise_options -- backbone.vit.blocks.20.attn.proj.weight:weight_decay=0.05
2026/06/11 11:35:31 - mmengine - INFO - paramwise_options -- backbone.vit.blocks.20.attn.proj.weight:lr_mult=0.1
2026/06/11 11:35:31 - mmengine - INFO - paramwise_options -- backbone.vit.blocks.20.attn.proj.weight:decay_mult=1.0
2026/06/11 11:35:31 - mmengine - INFO - paramwise_options -- backbone.vit.blocks.20.attn.proj.bias:lr=1e-05
2026/06/11 11:35:31 - mmengine - INFO - paramwise_options -- backbone.vit.blocks.20.attn.proj.bias:weight_decay=0.05
2026/06/11 11:35:31 - mmengine - INFO - paramwise_options -- backbone.vit.blocks.20.attn.proj.bias:lr_mult=0.1
2026/06/11 11:35:31 - mmengine - INFO - paramwise_options -- backbone.vit.blocks.20.attn.proj.bias:decay_mult=1.0
2026/06/11 11:35:31 - mmengine - INFO - paramwise_options -- backbone.vit.blocks.20.ls1.gamma:lr=1e-05
2026/06/11 11:35:31 - mmengine - INFO - paramwise_options -- backbone.vit.blocks.20.ls1.gamma:weight_decay=0.05
2026/06/11 11:35:31 - mmengine - INFO - paramwise_options -- backbone.vit.blocks.20.ls1.gamma:lr_mult=0.1
2026/06/11 11:35:31 - mmengine - INFO - paramwise_options -- backbone.vit.blocks.20.ls1.gamma:decay_mult=1.0
2026/06/11 11:35:31 - mmengine - INFO - paramwise_options -- backbone.vit.blocks.20.norm2.weight:lr=1e-05
2026/06/11 11:35:31 - mmengine - INFO - paramwise_options -- backbone.vit.blocks.20.norm2.weight:weight_decay=0.05
2026/06/11 11:35:31 - mmengine - INFO - paramwise_options -- backbone.vit.blocks.20.norm2.weight:lr_mult=0.1
2026/06/11 11:35:31 - mmengine - INFO - paramwise_options -- backbone.vit.blocks.20.norm2.weight:decay_mult=1.0
2026/06/11 11:35:31 - mmengine - INFO - paramwise_options -- backbone.vit.blocks.20.norm2.bias:lr=1e-05
2026/06/11 11:35:31 - mmengine - INFO - paramwise_options -- backbone.vit.blocks.20.norm2.bias:weight_decay=0.05
2026/06/11 11:35:31 - mmengine - INFO - paramwise_options -- backbone.vit.blocks.20.norm2.bias:lr_mult=0.1
2026/06/11 11:35:31 - mmengine - INFO - paramwise_options -- backbone.vit.blocks.20.norm2.bias:decay_mult=1.0
2026/06/11 11:35:31 - mmengine - INFO - paramwise_options -- backbone.vit.blocks.20.mlp.fc1.weight:lr=1e-05
2026/06/11 11:35:31 - mmengine - INFO - paramwise_options -- backbone.vit.blocks.20.mlp.fc1.weight:weight_decay=0.05
2026/06/11 11:35:31 - mmengine - INFO - paramwise_options -- backbone.vit.blocks.20.mlp.fc1.weight:lr_mult=0.1
2026/06/11 11:35:31 - mmengine - INFO - paramwise_options -- backbone.vit.blocks.20.mlp.fc1.weight:decay_mult=1.0
2026/06/11 11:35:31 - mmengine - INFO - paramwise_options -- backbone.vit.blocks.20.mlp.fc1.bias:lr=1e-05
2026/06/11 11:35:31 - mmengine - INFO - paramwise_options -- backbone.vit.blocks.20.mlp.fc1.bias:weight_decay=0.05
2026/06/11 11:35:31 - mmengine - INFO - paramwise_options -- backbone.vit.blocks.20.mlp.fc1.bias:lr_mult=0.1
2026/06/11 11:35:31 - mmengine - INFO - paramwise_options -- backbone.vit.blocks.20.mlp.fc1.bias:decay_mult=1.0
2026/06/11 11:35:31 - mmengine - INFO - paramwise_options -- backbone.vit.blocks.20.mlp.fc2.weight:lr=1e-05
2026/06/11 11:35:31 - mmengine - INFO - paramwise_options -- backbone.vit.blocks.20.mlp.fc2.weight:weight_decay=0.05
2026/06/11 11:35:31 - mmengine - INFO - paramwise_options -- backbone.vit.blocks.20.mlp.fc2.weight:lr_mult=0.1
2026/06/11 11:35:31 - mmengine - INFO - paramwise_options -- backbone.vit.blocks.20.mlp.fc2.weight:decay_mult=1.0
2026/06/11 11:35:31 - mmengine - INFO - paramwise_options -- backbone.vit.blocks.20.mlp.fc2.bias:lr=1e-05
2026/06/11 11:35:31 - mmengine - INFO - paramwise_options -- backbone.vit.blocks.20.mlp.fc2.bias:weight_decay=0.05
2026/06/11 11:35:31 - mmengine - INFO - paramwise_options -- backbone.vit.blocks.20.mlp.fc2.bias:lr_mult=0.1
2026/06/11 11:35:31 - mmengine - INFO - paramwise_options -- backbone.vit.blocks.20.mlp.fc2.bias:decay_mult=1.0
2026/06/11 11:35:31 - mmengine - INFO - paramwise_options -- backbone.vit.blocks.20.ls2.gamma:lr=1e-05
2026/06/11 11:35:31 - mmengine - INFO - paramwise_options -- backbone.vit.blocks.20.ls2.gamma:weight_decay=0.05
2026/06/11 11:35:31 - mmengine - INFO - paramwise_options -- backbone.vit.blocks.20.ls2.gamma:lr_mult=0.1
2026/06/11 11:35:31 - mmengine - INFO - paramwise_options -- backbone.vit.blocks.20.ls2.gamma:decay_mult=1.0
2026/06/11 11:35:31 - mmengine - INFO - paramwise_options -- backbone.vit.blocks.21.norm1.weight:lr=1e-05
2026/06/11 11:35:31 - mmengine - INFO - paramwise_options -- backbone.vit.blocks.21.norm1.weight:weight_decay=0.05
2026/06/11 11:35:31 - mmengine - INFO - paramwise_options -- backbone.vit.blocks.21.norm1.weight:lr_mult=0.1
2026/06/11 11:35:31 - mmengine - INFO - paramwise_options -- backbone.vit.blocks.21.norm1.weight:decay_mult=1.0
2026/06/11 11:35:31 - mmengine - INFO - paramwise_options -- backbone.vit.blocks.21.norm1.bias:lr=1e-05
2026/06/11 11:35:31 - mmengine - INFO - paramwise_options -- backbone.vit.blocks.21.norm1.bias:weight_decay=0.05
2026/06/11 11:35:31 - mmengine - INFO - paramwise_options -- backbone.vit.blocks.21.norm1.bias:lr_mult=0.1
2026/06/11 11:35:31 - mmengine - INFO - paramwise_options -- backbone.vit.blocks.21.norm1.bias:decay_mult=1.0
2026/06/11 11:35:31 - mmengine - INFO - paramwise_options -- backbone.vit.blocks.21.attn.qkv.weight:lr=1e-05
2026/06/11 11:35:31 - mmengine - INFO - paramwise_options -- backbone.vit.blocks.21.attn.qkv.weight:weight_decay=0.05
2026/06/11 11:35:31 - mmengine - INFO - paramwise_options -- backbone.vit.blocks.21.attn.qkv.weight:lr_mult=0.1
2026/06/11 11:35:31 - mmengine - INFO - paramwise_options -- backbone.vit.blocks.21.attn.qkv.weight:decay_mult=1.0
2026/06/11 11:35:31 - mmengine - INFO - paramwise_options -- backbone.vit.blocks.21.attn.qkv.bias:lr=1e-05
2026/06/11 11:35:31 - mmengine - INFO - paramwise_options -- backbone.vit.blocks.21.attn.qkv.bias:weight_decay=0.05
2026/06/11 11:35:31 - mmengine - INFO - paramwise_options -- backbone.vit.blocks.21.attn.qkv.bias:lr_mult=0.1
2026/06/11 11:35:31 - mmengine - INFO - paramwise_options -- backbone.vit.blocks.21.attn.qkv.bias:decay_mult=1.0
2026/06/11 11:35:31 - mmengine - INFO - paramwise_options -- backbone.vit.blocks.21.attn.proj.weight:lr=1e-05
2026/06/11 11:35:31 - mmengine - INFO - paramwise_options -- backbone.vit.blocks.21.attn.proj.weight:weight_decay=0.05
2026/06/11 11:35:31 - mmengine - INFO - paramwise_options -- backbone.vit.blocks.21.attn.proj.weight:lr_mult=0.1
2026/06/11 11:35:31 - mmengine - INFO - paramwise_options -- backbone.vit.blocks.21.attn.proj.weight:decay_mult=1.0
2026/06/11 11:35:31 - mmengine - INFO - paramwise_options -- backbone.vit.blocks.21.attn.proj.bias:lr=1e-05
2026/06/11 11:35:31 - mmengine - INFO - paramwise_options -- backbone.vit.blocks.21.attn.proj.bias:weight_decay=0.05
2026/06/11 11:35:31 - mmengine - INFO - paramwise_options -- backbone.vit.blocks.21.attn.proj.bias:lr_mult=0.1
2026/06/11 11:35:31 - mmengine - INFO - paramwise_options -- backbone.vit.blocks.21.attn.proj.bias:decay_mult=1.0
2026/06/11 11:35:31 - mmengine - INFO - paramwise_options -- backbone.vit.blocks.21.ls1.gamma:lr=1e-05
2026/06/11 11:35:31 - mmengine - INFO - paramwise_options -- backbone.vit.blocks.21.ls1.gamma:weight_decay=0.05
2026/06/11 11:35:31 - mmengine - INFO - paramwise_options -- backbone.vit.blocks.21.ls1.gamma:lr_mult=0.1
2026/06/11 11:35:31 - mmengine - INFO - paramwise_options -- backbone.vit.blocks.21.ls1.gamma:decay_mult=1.0
2026/06/11 11:35:31 - mmengine - INFO - paramwise_options -- backbone.vit.blocks.21.norm2.weight:lr=1e-05
2026/06/11 11:35:31 - mmengine - INFO - paramwise_options -- backbone.vit.blocks.21.norm2.weight:weight_decay=0.05
2026/06/11 11:35:31 - mmengine - INFO - paramwise_options -- backbone.vit.blocks.21.norm2.weight:lr_mult=0.1
2026/06/11 11:35:31 - mmengine - INFO - paramwise_options -- backbone.vit.blocks.21.norm2.weight:decay_mult=1.0
2026/06/11 11:35:31 - mmengine - INFO - paramwise_options -- backbone.vit.blocks.21.norm2.bias:lr=1e-05
2026/06/11 11:35:31 - mmengine - INFO - paramwise_options -- backbone.vit.blocks.21.norm2.bias:weight_decay=0.05
2026/06/11 11:35:31 - mmengine - INFO - paramwise_options -- backbone.vit.blocks.21.norm2.bias:lr_mult=0.1
2026/06/11 11:35:31 - mmengine - INFO - paramwise_options -- backbone.vit.blocks.21.norm2.bias:decay_mult=1.0
2026/06/11 11:35:31 - mmengine - INFO - paramwise_options -- backbone.vit.blocks.21.mlp.fc1.weight:lr=1e-05
2026/06/11 11:35:31 - mmengine - INFO - paramwise_options -- backbone.vit.blocks.21.mlp.fc1.weight:weight_decay=0.05
2026/06/11 11:35:31 - mmengine - INFO - paramwise_options -- backbone.vit.blocks.21.mlp.fc1.weight:lr_mult=0.1
2026/06/11 11:35:31 - mmengine - INFO - paramwise_options -- backbone.vit.blocks.21.mlp.fc1.weight:decay_mult=1.0
2026/06/11 11:35:31 - mmengine - INFO - paramwise_options -- backbone.vit.blocks.21.mlp.fc1.bias:lr=1e-05
2026/06/11 11:35:31 - mmengine - INFO - paramwise_options -- backbone.vit.blocks.21.mlp.fc1.bias:weight_decay=0.05
2026/06/11 11:35:31 - mmengine - INFO - paramwise_options -- backbone.vit.blocks.21.mlp.fc1.bias:lr_mult=0.1
2026/06/11 11:35:31 - mmengine - INFO - paramwise_options -- backbone.vit.blocks.21.mlp.fc1.bias:decay_mult=1.0
2026/06/11 11:35:31 - mmengine - INFO - paramwise_options -- backbone.vit.blocks.21.mlp.fc2.weight:lr=1e-05
2026/06/11 11:35:31 - mmengine - INFO - paramwise_options -- backbone.vit.blocks.21.mlp.fc2.weight:weight_decay=0.05
2026/06/11 11:35:31 - mmengine - INFO - paramwise_options -- backbone.vit.blocks.21.mlp.fc2.weight:lr_mult=0.1
2026/06/11 11:35:31 - mmengine - INFO - paramwise_options -- backbone.vit.blocks.21.mlp.fc2.weight:decay_mult=1.0
2026/06/11 11:35:31 - mmengine - INFO - paramwise_options -- backbone.vit.blocks.21.mlp.fc2.bias:lr=1e-05
2026/06/11 11:35:31 - mmengine - INFO - paramwise_options -- backbone.vit.blocks.21.mlp.fc2.bias:weight_decay=0.05
2026/06/11 11:35:31 - mmengine - INFO - paramwise_options -- backbone.vit.blocks.21.mlp.fc2.bias:lr_mult=0.1
2026/06/11 11:35:31 - mmengine - INFO - paramwise_options -- backbone.vit.blocks.21.mlp.fc2.bias:decay_mult=1.0
2026/06/11 11:35:31 - mmengine - INFO - paramwise_options -- backbone.vit.blocks.21.ls2.gamma:lr=1e-05
2026/06/11 11:35:31 - mmengine - INFO - paramwise_options -- backbone.vit.blocks.21.ls2.gamma:weight_decay=0.05
2026/06/11 11:35:31 - mmengine - INFO - paramwise_options -- backbone.vit.blocks.21.ls2.gamma:lr_mult=0.1
2026/06/11 11:35:31 - mmengine - INFO - paramwise_options -- backbone.vit.blocks.21.ls2.gamma:decay_mult=1.0
2026/06/11 11:35:31 - mmengine - INFO - paramwise_options -- backbone.vit.blocks.22.norm1.weight:lr=1e-05
2026/06/11 11:35:31 - mmengine - INFO - paramwise_options -- backbone.vit.blocks.22.norm1.weight:weight_decay=0.05
2026/06/11 11:35:31 - mmengine - INFO - paramwise_options -- backbone.vit.blocks.22.norm1.weight:lr_mult=0.1
2026/06/11 11:35:31 - mmengine - INFO - paramwise_options -- backbone.vit.blocks.22.norm1.weight:decay_mult=1.0
2026/06/11 11:35:31 - mmengine - INFO - paramwise_options -- backbone.vit.blocks.22.norm1.bias:lr=1e-05
2026/06/11 11:35:31 - mmengine - INFO - paramwise_options -- backbone.vit.blocks.22.norm1.bias:weight_decay=0.05
2026/06/11 11:35:31 - mmengine - INFO - paramwise_options -- backbone.vit.blocks.22.norm1.bias:lr_mult=0.1
2026/06/11 11:35:31 - mmengine - INFO - paramwise_options -- backbone.vit.blocks.22.norm1.bias:decay_mult=1.0
2026/06/11 11:35:31 - mmengine - INFO - paramwise_options -- backbone.vit.blocks.22.attn.qkv.weight:lr=1e-05
2026/06/11 11:35:31 - mmengine - INFO - paramwise_options -- backbone.vit.blocks.22.attn.qkv.weight:weight_decay=0.05
2026/06/11 11:35:31 - mmengine - INFO - paramwise_options -- backbone.vit.blocks.22.attn.qkv.weight:lr_mult=0.1
2026/06/11 11:35:31 - mmengine - INFO - paramwise_options -- backbone.vit.blocks.22.attn.qkv.weight:decay_mult=1.0
2026/06/11 11:35:31 - mmengine - INFO - paramwise_options -- backbone.vit.blocks.22.attn.qkv.bias:lr=1e-05
2026/06/11 11:35:31 - mmengine - INFO - paramwise_options -- backbone.vit.blocks.22.attn.qkv.bias:weight_decay=0.05
2026/06/11 11:35:31 - mmengine - INFO - paramwise_options -- backbone.vit.blocks.22.attn.qkv.bias:lr_mult=0.1
2026/06/11 11:35:31 - mmengine - INFO - paramwise_options -- backbone.vit.blocks.22.attn.qkv.bias:decay_mult=1.0
2026/06/11 11:35:31 - mmengine - INFO - paramwise_options -- backbone.vit.blocks.22.attn.proj.weight:lr=1e-05
2026/06/11 11:35:31 - mmengine - INFO - paramwise_options -- backbone.vit.blocks.22.attn.proj.weight:weight_decay=0.05
2026/06/11 11:35:31 - mmengine - INFO - paramwise_options -- backbone.vit.blocks.22.attn.proj.weight:lr_mult=0.1
2026/06/11 11:35:31 - mmengine - INFO - paramwise_options -- backbone.vit.blocks.22.attn.proj.weight:decay_mult=1.0
2026/06/11 11:35:31 - mmengine - INFO - paramwise_options -- backbone.vit.blocks.22.attn.proj.bias:lr=1e-05
2026/06/11 11:35:31 - mmengine - INFO - paramwise_options -- backbone.vit.blocks.22.attn.proj.bias:weight_decay=0.05
2026/06/11 11:35:31 - mmengine - INFO - paramwise_options -- backbone.vit.blocks.22.attn.proj.bias:lr_mult=0.1
2026/06/11 11:35:31 - mmengine - INFO - paramwise_options -- backbone.vit.blocks.22.attn.proj.bias:decay_mult=1.0
2026/06/11 11:35:31 - mmengine - INFO - paramwise_options -- backbone.vit.blocks.22.ls1.gamma:lr=1e-05
2026/06/11 11:35:31 - mmengine - INFO - paramwise_options -- backbone.vit.blocks.22.ls1.gamma:weight_decay=0.05
2026/06/11 11:35:31 - mmengine - INFO - paramwise_options -- backbone.vit.blocks.22.ls1.gamma:lr_mult=0.1
2026/06/11 11:35:31 - mmengine - INFO - paramwise_options -- backbone.vit.blocks.22.ls1.gamma:decay_mult=1.0
2026/06/11 11:35:31 - mmengine - INFO - paramwise_options -- backbone.vit.blocks.22.norm2.weight:lr=1e-05
2026/06/11 11:35:31 - mmengine - INFO - paramwise_options -- backbone.vit.blocks.22.norm2.weight:weight_decay=0.05
2026/06/11 11:35:31 - mmengine - INFO - paramwise_options -- backbone.vit.blocks.22.norm2.weight:lr_mult=0.1
2026/06/11 11:35:31 - mmengine - INFO - paramwise_options -- backbone.vit.blocks.22.norm2.weight:decay_mult=1.0
2026/06/11 11:35:31 - mmengine - INFO - paramwise_options -- backbone.vit.blocks.22.norm2.bias:lr=1e-05
2026/06/11 11:35:31 - mmengine - INFO - paramwise_options -- backbone.vit.blocks.22.norm2.bias:weight_decay=0.05
2026/06/11 11:35:31 - mmengine - INFO - paramwise_options -- backbone.vit.blocks.22.norm2.bias:lr_mult=0.1
2026/06/11 11:35:31 - mmengine - INFO - paramwise_options -- backbone.vit.blocks.22.norm2.bias:decay_mult=1.0
2026/06/11 11:35:31 - mmengine - INFO - paramwise_options -- backbone.vit.blocks.22.mlp.fc1.weight:lr=1e-05
2026/06/11 11:35:31 - mmengine - INFO - paramwise_options -- backbone.vit.blocks.22.mlp.fc1.weight:weight_decay=0.05
2026/06/11 11:35:31 - mmengine - INFO - paramwise_options -- backbone.vit.blocks.22.mlp.fc1.weight:lr_mult=0.1
2026/06/11 11:35:31 - mmengine - INFO - paramwise_options -- backbone.vit.blocks.22.mlp.fc1.weight:decay_mult=1.0
2026/06/11 11:35:31 - mmengine - INFO - paramwise_options -- backbone.vit.blocks.22.mlp.fc1.bias:lr=1e-05
2026/06/11 11:35:31 - mmengine - INFO - paramwise_options -- backbone.vit.blocks.22.mlp.fc1.bias:weight_decay=0.05
2026/06/11 11:35:31 - mmengine - INFO - paramwise_options -- backbone.vit.blocks.22.mlp.fc1.bias:lr_mult=0.1
2026/06/11 11:35:31 - mmengine - INFO - paramwise_options -- backbone.vit.blocks.22.mlp.fc1.bias:decay_mult=1.0
2026/06/11 11:35:31 - mmengine - INFO - paramwise_options -- backbone.vit.blocks.22.mlp.fc2.weight:lr=1e-05
2026/06/11 11:35:31 - mmengine - INFO - paramwise_options -- backbone.vit.blocks.22.mlp.fc2.weight:weight_decay=0.05
2026/06/11 11:35:31 - mmengine - INFO - paramwise_options -- backbone.vit.blocks.22.mlp.fc2.weight:lr_mult=0.1
2026/06/11 11:35:31 - mmengine - INFO - paramwise_options -- backbone.vit.blocks.22.mlp.fc2.weight:decay_mult=1.0
2026/06/11 11:35:31 - mmengine - INFO - paramwise_options -- backbone.vit.blocks.22.mlp.fc2.bias:lr=1e-05
2026/06/11 11:35:31 - mmengine - INFO - paramwise_options -- backbone.vit.blocks.22.mlp.fc2.bias:weight_decay=0.05
2026/06/11 11:35:31 - mmengine - INFO - paramwise_options -- backbone.vit.blocks.22.mlp.fc2.bias:lr_mult=0.1
2026/06/11 11:35:31 - mmengine - INFO - paramwise_options -- backbone.vit.blocks.22.mlp.fc2.bias:decay_mult=1.0
2026/06/11 11:35:31 - mmengine - INFO - paramwise_options -- backbone.vit.blocks.22.ls2.gamma:lr=1e-05
2026/06/11 11:35:31 - mmengine - INFO - paramwise_options -- backbone.vit.blocks.22.ls2.gamma:weight_decay=0.05
2026/06/11 11:35:31 - mmengine - INFO - paramwise_options -- backbone.vit.blocks.22.ls2.gamma:lr_mult=0.1
2026/06/11 11:35:31 - mmengine - INFO - paramwise_options -- backbone.vit.blocks.22.ls2.gamma:decay_mult=1.0
2026/06/11 11:35:31 - mmengine - INFO - paramwise_options -- backbone.vit.blocks.23.norm1.weight:lr=1e-05
2026/06/11 11:35:31 - mmengine - INFO - paramwise_options -- backbone.vit.blocks.23.norm1.weight:weight_decay=0.05
2026/06/11 11:35:31 - mmengine - INFO - paramwise_options -- backbone.vit.blocks.23.norm1.weight:lr_mult=0.1
2026/06/11 11:35:31 - mmengine - INFO - paramwise_options -- backbone.vit.blocks.23.norm1.weight:decay_mult=1.0
2026/06/11 11:35:31 - mmengine - INFO - paramwise_options -- backbone.vit.blocks.23.norm1.bias:lr=1e-05
2026/06/11 11:35:31 - mmengine - INFO - paramwise_options -- backbone.vit.blocks.23.norm1.bias:weight_decay=0.05
2026/06/11 11:35:31 - mmengine - INFO - paramwise_options -- backbone.vit.blocks.23.norm1.bias:lr_mult=0.1
2026/06/11 11:35:31 - mmengine - INFO - paramwise_options -- backbone.vit.blocks.23.norm1.bias:decay_mult=1.0
2026/06/11 11:35:31 - mmengine - INFO - paramwise_options -- backbone.vit.blocks.23.attn.qkv.weight:lr=1e-05
2026/06/11 11:35:31 - mmengine - INFO - paramwise_options -- backbone.vit.blocks.23.attn.qkv.weight:weight_decay=0.05
2026/06/11 11:35:31 - mmengine - INFO - paramwise_options -- backbone.vit.blocks.23.attn.qkv.weight:lr_mult=0.1
2026/06/11 11:35:31 - mmengine - INFO - paramwise_options -- backbone.vit.blocks.23.attn.qkv.weight:decay_mult=1.0
2026/06/11 11:35:31 - mmengine - INFO - paramwise_options -- backbone.vit.blocks.23.attn.qkv.bias:lr=1e-05
2026/06/11 11:35:31 - mmengine - INFO - paramwise_options -- backbone.vit.blocks.23.attn.qkv.bias:weight_decay=0.05
2026/06/11 11:35:31 - mmengine - INFO - paramwise_options -- backbone.vit.blocks.23.attn.qkv.bias:lr_mult=0.1
2026/06/11 11:35:31 - mmengine - INFO - paramwise_options -- backbone.vit.blocks.23.attn.qkv.bias:decay_mult=1.0
2026/06/11 11:35:31 - mmengine - INFO - paramwise_options -- backbone.vit.blocks.23.attn.proj.weight:lr=1e-05
2026/06/11 11:35:31 - mmengine - INFO - paramwise_options -- backbone.vit.blocks.23.attn.proj.weight:weight_decay=0.05
2026/06/11 11:35:31 - mmengine - INFO - paramwise_options -- backbone.vit.blocks.23.attn.proj.weight:lr_mult=0.1
2026/06/11 11:35:31 - mmengine - INFO - paramwise_options -- backbone.vit.blocks.23.attn.proj.weight:decay_mult=1.0
2026/06/11 11:35:31 - mmengine - INFO - paramwise_options -- backbone.vit.blocks.23.attn.proj.bias:lr=1e-05
2026/06/11 11:35:31 - mmengine - INFO - paramwise_options -- backbone.vit.blocks.23.attn.proj.bias:weight_decay=0.05
2026/06/11 11:35:31 - mmengine - INFO - paramwise_options -- backbone.vit.blocks.23.attn.proj.bias:lr_mult=0.1
2026/06/11 11:35:31 - mmengine - INFO - paramwise_options -- backbone.vit.blocks.23.attn.proj.bias:decay_mult=1.0
2026/06/11 11:35:31 - mmengine - INFO - paramwise_options -- backbone.vit.blocks.23.ls1.gamma:lr=1e-05
2026/06/11 11:35:31 - mmengine - INFO - paramwise_options -- backbone.vit.blocks.23.ls1.gamma:weight_decay=0.05
2026/06/11 11:35:31 - mmengine - INFO - paramwise_options -- backbone.vit.blocks.23.ls1.gamma:lr_mult=0.1
2026/06/11 11:35:31 - mmengine - INFO - paramwise_options -- backbone.vit.blocks.23.ls1.gamma:decay_mult=1.0
2026/06/11 11:35:31 - mmengine - INFO - paramwise_options -- backbone.vit.blocks.23.norm2.weight:lr=1e-05
2026/06/11 11:35:31 - mmengine - INFO - paramwise_options -- backbone.vit.blocks.23.norm2.weight:weight_decay=0.05
2026/06/11 11:35:31 - mmengine - INFO - paramwise_options -- backbone.vit.blocks.23.norm2.weight:lr_mult=0.1
2026/06/11 11:35:31 - mmengine - INFO - paramwise_options -- backbone.vit.blocks.23.norm2.weight:decay_mult=1.0
2026/06/11 11:35:31 - mmengine - INFO - paramwise_options -- backbone.vit.blocks.23.norm2.bias:lr=1e-05
2026/06/11 11:35:31 - mmengine - INFO - paramwise_options -- backbone.vit.blocks.23.norm2.bias:weight_decay=0.05
2026/06/11 11:35:31 - mmengine - INFO - paramwise_options -- backbone.vit.blocks.23.norm2.bias:lr_mult=0.1
2026/06/11 11:35:31 - mmengine - INFO - paramwise_options -- backbone.vit.blocks.23.norm2.bias:decay_mult=1.0
2026/06/11 11:35:31 - mmengine - INFO - paramwise_options -- backbone.vit.blocks.23.mlp.fc1.weight:lr=1e-05
2026/06/11 11:35:31 - mmengine - INFO - paramwise_options -- backbone.vit.blocks.23.mlp.fc1.weight:weight_decay=0.05
2026/06/11 11:35:31 - mmengine - INFO - paramwise_options -- backbone.vit.blocks.23.mlp.fc1.weight:lr_mult=0.1
2026/06/11 11:35:31 - mmengine - INFO - paramwise_options -- backbone.vit.blocks.23.mlp.fc1.weight:decay_mult=1.0
2026/06/11 11:35:31 - mmengine - INFO - paramwise_options -- backbone.vit.blocks.23.mlp.fc1.bias:lr=1e-05
2026/06/11 11:35:31 - mmengine - INFO - paramwise_options -- backbone.vit.blocks.23.mlp.fc1.bias:weight_decay=0.05
2026/06/11 11:35:31 - mmengine - INFO - paramwise_options -- backbone.vit.blocks.23.mlp.fc1.bias:lr_mult=0.1
2026/06/11 11:35:31 - mmengine - INFO - paramwise_options -- backbone.vit.blocks.23.mlp.fc1.bias:decay_mult=1.0
2026/06/11 11:35:31 - mmengine - INFO - paramwise_options -- backbone.vit.blocks.23.mlp.fc2.weight:lr=1e-05
2026/06/11 11:35:31 - mmengine - INFO - paramwise_options -- backbone.vit.blocks.23.mlp.fc2.weight:weight_decay=0.05
2026/06/11 11:35:31 - mmengine - INFO - paramwise_options -- backbone.vit.blocks.23.mlp.fc2.weight:lr_mult=0.1
2026/06/11 11:35:31 - mmengine - INFO - paramwise_options -- backbone.vit.blocks.23.mlp.fc2.weight:decay_mult=1.0
2026/06/11 11:35:31 - mmengine - INFO - paramwise_options -- backbone.vit.blocks.23.mlp.fc2.bias:lr=1e-05
2026/06/11 11:35:31 - mmengine - INFO - paramwise_options -- backbone.vit.blocks.23.mlp.fc2.bias:weight_decay=0.05
2026/06/11 11:35:31 - mmengine - INFO - paramwise_options -- backbone.vit.blocks.23.mlp.fc2.bias:lr_mult=0.1
2026/06/11 11:35:31 - mmengine - INFO - paramwise_options -- backbone.vit.blocks.23.mlp.fc2.bias:decay_mult=1.0
2026/06/11 11:35:31 - mmengine - INFO - paramwise_options -- backbone.vit.blocks.23.ls2.gamma:lr=1e-05
2026/06/11 11:35:31 - mmengine - INFO - paramwise_options -- backbone.vit.blocks.23.ls2.gamma:weight_decay=0.05
2026/06/11 11:35:31 - mmengine - INFO - paramwise_options -- backbone.vit.blocks.23.ls2.gamma:lr_mult=0.1
2026/06/11 11:35:31 - mmengine - INFO - paramwise_options -- backbone.vit.blocks.23.ls2.gamma:decay_mult=1.0
2026/06/11 11:35:31 - mmengine - INFO - paramwise_options -- backbone.vit.norm.weight:lr=1e-05
2026/06/11 11:35:31 - mmengine - INFO - paramwise_options -- backbone.vit.norm.weight:weight_decay=0.05
2026/06/11 11:35:31 - mmengine - INFO - paramwise_options -- backbone.vit.norm.weight:lr_mult=0.1
2026/06/11 11:35:31 - mmengine - INFO - paramwise_options -- backbone.vit.norm.weight:decay_mult=1.0
2026/06/11 11:35:31 - mmengine - INFO - paramwise_options -- backbone.vit.norm.bias:lr=1e-05
2026/06/11 11:35:31 - mmengine - INFO - paramwise_options -- backbone.vit.norm.bias:weight_decay=0.05
2026/06/11 11:35:31 - mmengine - INFO - paramwise_options -- backbone.vit.norm.bias:lr_mult=0.1
2026/06/11 11:35:31 - mmengine - INFO - paramwise_options -- backbone.vit.norm.bias:decay_mult=1.0
2026/06/11 11:35:31 - mmengine - INFO - paramwise_options -- decode_head.convs.0.bn.weight:weight_decay=0.0
2026/06/11 11:35:31 - mmengine - INFO - paramwise_options -- decode_head.convs.0.bn.bias:weight_decay=0.0
2026/06/11 11:35:31 - mmengine - INFO - paramwise_options -- decode_head.convs.1.bn.weight:weight_decay=0.0
2026/06/11 11:35:31 - mmengine - INFO - paramwise_options -- decode_head.convs.1.bn.bias:weight_decay=0.0
2026/06/11 11:35:31 - mmengine - INFO - paramwise_options -- decode_head.conv_cat.bn.weight:weight_decay=0.0
2026/06/11 11:35:31 - mmengine - INFO - paramwise_options -- decode_head.conv_cat.bn.bias:weight_decay=0.0
2026/06/11 11:35:32 - mmengine - WARNING - The prefix is not set in metric class IoUMetric.
Name of parameter - Initialization information

backbone.vit.cls_token - torch.Size([1, 1, 1024]): 
Initialized by user-defined `init_weights` in DinoVisionTransformer  

backbone.vit.mask_token - torch.Size([1, 1024]): 
The value is the same before and after calling `init_weights` of EncoderDecoder  

backbone.vit.patch_embed.proj.weight - torch.Size([1024, 3, 16, 16]): 
Initialized by user-defined `init_weights` in DinoVisionTransformer  

backbone.vit.patch_embed.proj.bias - torch.Size([1024]): 
Initialized by user-defined `init_weights` in DinoVisionTransformer  

backbone.vit.blocks.0.norm1.weight - torch.Size([1024]): 
Initialized by user-defined `init_weights` in DinoVisionTransformer  

backbone.vit.blocks.0.norm1.bias - torch.Size([1024]): 
Initialized by user-defined `init_weights` in DinoVisionTransformer  

backbone.vit.blocks.0.attn.qkv.weight - torch.Size([3072, 1024]): 
Initialized by user-defined `init_weights` in DinoVisionTransformer  

backbone.vit.blocks.0.attn.qkv.bias - torch.Size([3072]): 
The value is the same before and after calling `init_weights` of EncoderDecoder  

backbone.vit.blocks.0.attn.proj.weight - torch.Size([1024, 1024]): 
Initialized by user-defined `init_weights` in DinoVisionTransformer  

backbone.vit.blocks.0.attn.proj.bias - torch.Size([1024]): 
Initialized by user-defined `init_weights` in DinoVisionTransformer  

backbone.vit.blocks.0.ls1.gamma - torch.Size([1024]): 
Initialized by user-defined `init_weights` in DinoVisionTransformer  

backbone.vit.blocks.0.norm2.weight - torch.Size([1024]): 
Initialized by user-defined `init_weights` in DinoVisionTransformer  

backbone.vit.blocks.0.norm2.bias - torch.Size([1024]): 
Initialized by user-defined `init_weights` in DinoVisionTransformer  

backbone.vit.blocks.0.mlp.fc1.weight - torch.Size([4096, 1024]): 
Initialized by user-defined `init_weights` in DinoVisionTransformer  

backbone.vit.blocks.0.mlp.fc1.bias - torch.Size([4096]): 
Initialized by user-defined `init_weights` in DinoVisionTransformer  

backbone.vit.blocks.0.mlp.fc2.weight - torch.Size([1024, 4096]): 
Initialized by user-defined `init_weights` in DinoVisionTransformer  

backbone.vit.blocks.0.mlp.fc2.bias - torch.Size([1024]): 
Initialized by user-defined `init_weights` in DinoVisionTransformer  

backbone.vit.blocks.0.ls2.gamma - torch.Size([1024]): 
Initialized by user-defined `init_weights` in DinoVisionTransformer  

backbone.vit.blocks.1.norm1.weight - torch.Size([1024]): 
Initialized by user-defined `init_weights` in DinoVisionTransformer  

backbone.vit.blocks.1.norm1.bias - torch.Size([1024]): 
Initialized by user-defined `init_weights` in DinoVisionTransformer  

backbone.vit.blocks.1.attn.qkv.weight - torch.Size([3072, 1024]): 
Initialized by user-defined `init_weights` in DinoVisionTransformer  

backbone.vit.blocks.1.attn.qkv.bias - torch.Size([3072]): 
The value is the same before and after calling `init_weights` of EncoderDecoder  

backbone.vit.blocks.1.attn.proj.weight - torch.Size([1024, 1024]): 
Initialized by user-defined `init_weights` in DinoVisionTransformer  

backbone.vit.blocks.1.attn.proj.bias - torch.Size([1024]): 
Initialized by user-defined `init_weights` in DinoVisionTransformer  

backbone.vit.blocks.1.ls1.gamma - torch.Size([1024]): 
Initialized by user-defined `init_weights` in DinoVisionTransformer  

backbone.vit.blocks.1.norm2.weight - torch.Size([1024]): 
Initialized by user-defined `init_weights` in DinoVisionTransformer  

backbone.vit.blocks.1.norm2.bias - torch.Size([1024]): 
Initialized by user-defined `init_weights` in DinoVisionTransformer  

backbone.vit.blocks.1.mlp.fc1.weight - torch.Size([4096, 1024]): 
Initialized by user-defined `init_weights` in DinoVisionTransformer  

backbone.vit.blocks.1.mlp.fc1.bias - torch.Size([4096]): 
Initialized by user-defined `init_weights` in DinoVisionTransformer  

backbone.vit.blocks.1.mlp.fc2.weight - torch.Size([1024, 4096]): 
Initialized by user-defined `init_weights` in DinoVisionTransformer  

backbone.vit.blocks.1.mlp.fc2.bias - torch.Size([1024]): 
Initialized by user-defined `init_weights` in DinoVisionTransformer  

backbone.vit.blocks.1.ls2.gamma - torch.Size([1024]): 
Initialized by user-defined `init_weights` in DinoVisionTransformer  

backbone.vit.blocks.2.norm1.weight - torch.Size([1024]): 
Initialized by user-defined `init_weights` in DinoVisionTransformer  

backbone.vit.blocks.2.norm1.bias - torch.Size([1024]): 
Initialized by user-defined `init_weights` in DinoVisionTransformer  

backbone.vit.blocks.2.attn.qkv.weight - torch.Size([3072, 1024]): 
Initialized by user-defined `init_weights` in DinoVisionTransformer  

backbone.vit.blocks.2.attn.qkv.bias - torch.Size([3072]): 
The value is the same before and after calling `init_weights` of EncoderDecoder  

backbone.vit.blocks.2.attn.proj.weight - torch.Size([1024, 1024]): 
Initialized by user-defined `init_weights` in DinoVisionTransformer  

backbone.vit.blocks.2.attn.proj.bias - torch.Size([1024]): 
Initialized by user-defined `init_weights` in DinoVisionTransformer  

backbone.vit.blocks.2.ls1.gamma - torch.Size([1024]): 
Initialized by user-defined `init_weights` in DinoVisionTransformer  

backbone.vit.blocks.2.norm2.weight - torch.Size([1024]): 
Initialized by user-defined `init_weights` in DinoVisionTransformer  

backbone.vit.blocks.2.norm2.bias - torch.Size([1024]): 
Initialized by user-defined `init_weights` in DinoVisionTransformer  

backbone.vit.blocks.2.mlp.fc1.weight - torch.Size([4096, 1024]): 
Initialized by user-defined `init_weights` in DinoVisionTransformer  

backbone.vit.blocks.2.mlp.fc1.bias - torch.Size([4096]): 
Initialized by user-defined `init_weights` in DinoVisionTransformer  

backbone.vit.blocks.2.mlp.fc2.weight - torch.Size([1024, 4096]): 
Initialized by user-defined `init_weights` in DinoVisionTransformer  

backbone.vit.blocks.2.mlp.fc2.bias - torch.Size([1024]): 
Initialized by user-defined `init_weights` in DinoVisionTransformer  

backbone.vit.blocks.2.ls2.gamma - torch.Size([1024]): 
Initialized by user-defined `init_weights` in DinoVisionTransformer  

backbone.vit.blocks.3.norm1.weight - torch.Size([1024]): 
Initialized by user-defined `init_weights` in DinoVisionTransformer  

backbone.vit.blocks.3.norm1.bias - torch.Size([1024]): 
Initialized by user-defined `init_weights` in DinoVisionTransformer  

backbone.vit.blocks.3.attn.qkv.weight - torch.Size([3072, 1024]): 
Initialized by user-defined `init_weights` in DinoVisionTransformer  

backbone.vit.blocks.3.attn.qkv.bias - torch.Size([3072]): 
The value is the same before and after calling `init_weights` of EncoderDecoder  

backbone.vit.blocks.3.attn.proj.weight - torch.Size([1024, 1024]): 
Initialized by user-defined `init_weights` in DinoVisionTransformer  

backbone.vit.blocks.3.attn.proj.bias - torch.Size([1024]): 
Initialized by user-defined `init_weights` in DinoVisionTransformer  

backbone.vit.blocks.3.ls1.gamma - torch.Size([1024]): 
Initialized by user-defined `init_weights` in DinoVisionTransformer  

backbone.vit.blocks.3.norm2.weight - torch.Size([1024]): 
Initialized by user-defined `init_weights` in DinoVisionTransformer  

backbone.vit.blocks.3.norm2.bias - torch.Size([1024]): 
Initialized by user-defined `init_weights` in DinoVisionTransformer  

backbone.vit.blocks.3.mlp.fc1.weight - torch.Size([4096, 1024]): 
Initialized by user-defined `init_weights` in DinoVisionTransformer  

backbone.vit.blocks.3.mlp.fc1.bias - torch.Size([4096]): 
Initialized by user-defined `init_weights` in DinoVisionTransformer  

backbone.vit.blocks.3.mlp.fc2.weight - torch.Size([1024, 4096]): 
Initialized by user-defined `init_weights` in DinoVisionTransformer  

backbone.vit.blocks.3.mlp.fc2.bias - torch.Size([1024]): 
Initialized by user-defined `init_weights` in DinoVisionTransformer  

backbone.vit.blocks.3.ls2.gamma - torch.Size([1024]): 
Initialized by user-defined `init_weights` in DinoVisionTransformer  

backbone.vit.blocks.4.norm1.weight - torch.Size([1024]): 
Initialized by user-defined `init_weights` in DinoVisionTransformer  

backbone.vit.blocks.4.norm1.bias - torch.Size([1024]): 
Initialized by user-defined `init_weights` in DinoVisionTransformer  

backbone.vit.blocks.4.attn.qkv.weight - torch.Size([3072, 1024]): 
Initialized by user-defined `init_weights` in DinoVisionTransformer  

backbone.vit.blocks.4.attn.qkv.bias - torch.Size([3072]): 
The value is the same before and after calling `init_weights` of EncoderDecoder  

backbone.vit.blocks.4.attn.proj.weight - torch.Size([1024, 1024]): 
Initialized by user-defined `init_weights` in DinoVisionTransformer  

backbone.vit.blocks.4.attn.proj.bias - torch.Size([1024]): 
Initialized by user-defined `init_weights` in DinoVisionTransformer  

backbone.vit.blocks.4.ls1.gamma - torch.Size([1024]): 
Initialized by user-defined `init_weights` in DinoVisionTransformer  

backbone.vit.blocks.4.norm2.weight - torch.Size([1024]): 
Initialized by user-defined `init_weights` in DinoVisionTransformer  

backbone.vit.blocks.4.norm2.bias - torch.Size([1024]): 
Initialized by user-defined `init_weights` in DinoVisionTransformer  

backbone.vit.blocks.4.mlp.fc1.weight - torch.Size([4096, 1024]): 
Initialized by user-defined `init_weights` in DinoVisionTransformer  

backbone.vit.blocks.4.mlp.fc1.bias - torch.Size([4096]): 
Initialized by user-defined `init_weights` in DinoVisionTransformer  

backbone.vit.blocks.4.mlp.fc2.weight - torch.Size([1024, 4096]): 
Initialized by user-defined `init_weights` in DinoVisionTransformer  

backbone.vit.blocks.4.mlp.fc2.bias - torch.Size([1024]): 
Initialized by user-defined `init_weights` in DinoVisionTransformer  

backbone.vit.blocks.4.ls2.gamma - torch.Size([1024]): 
Initialized by user-defined `init_weights` in DinoVisionTransformer  

backbone.vit.blocks.5.norm1.weight - torch.Size([1024]): 
Initialized by user-defined `init_weights` in DinoVisionTransformer  

backbone.vit.blocks.5.norm1.bias - torch.Size([1024]): 
Initialized by user-defined `init_weights` in DinoVisionTransformer  

backbone.vit.blocks.5.attn.qkv.weight - torch.Size([3072, 1024]): 
Initialized by user-defined `init_weights` in DinoVisionTransformer  

backbone.vit.blocks.5.attn.qkv.bias - torch.Size([3072]): 
The value is the same before and after calling `init_weights` of EncoderDecoder  

backbone.vit.blocks.5.attn.proj.weight - torch.Size([1024, 1024]): 
Initialized by user-defined `init_weights` in DinoVisionTransformer  

backbone.vit.blocks.5.attn.proj.bias - torch.Size([1024]): 
Initialized by user-defined `init_weights` in DinoVisionTransformer  

backbone.vit.blocks.5.ls1.gamma - torch.Size([1024]): 
Initialized by user-defined `init_weights` in DinoVisionTransformer  

backbone.vit.blocks.5.norm2.weight - torch.Size([1024]): 
Initialized by user-defined `init_weights` in DinoVisionTransformer  

backbone.vit.blocks.5.norm2.bias - torch.Size([1024]): 
Initialized by user-defined `init_weights` in DinoVisionTransformer  

backbone.vit.blocks.5.mlp.fc1.weight - torch.Size([4096, 1024]): 
Initialized by user-defined `init_weights` in DinoVisionTransformer  

backbone.vit.blocks.5.mlp.fc1.bias - torch.Size([4096]): 
Initialized by user-defined `init_weights` in DinoVisionTransformer  

backbone.vit.blocks.5.mlp.fc2.weight - torch.Size([1024, 4096]): 
Initialized by user-defined `init_weights` in DinoVisionTransformer  

backbone.vit.blocks.5.mlp.fc2.bias - torch.Size([1024]): 
Initialized by user-defined `init_weights` in DinoVisionTransformer  

backbone.vit.blocks.5.ls2.gamma - torch.Size([1024]): 
Initialized by user-defined `init_weights` in DinoVisionTransformer  

backbone.vit.blocks.6.norm1.weight - torch.Size([1024]): 
Initialized by user-defined `init_weights` in DinoVisionTransformer  

backbone.vit.blocks.6.norm1.bias - torch.Size([1024]): 
Initialized by user-defined `init_weights` in DinoVisionTransformer  

backbone.vit.blocks.6.attn.qkv.weight - torch.Size([3072, 1024]): 
Initialized by user-defined `init_weights` in DinoVisionTransformer  

backbone.vit.blocks.6.attn.qkv.bias - torch.Size([3072]): 
The value is the same before and after calling `init_weights` of EncoderDecoder  

backbone.vit.blocks.6.attn.proj.weight - torch.Size([1024, 1024]): 
Initialized by user-defined `init_weights` in DinoVisionTransformer  

backbone.vit.blocks.6.attn.proj.bias - torch.Size([1024]): 
Initialized by user-defined `init_weights` in DinoVisionTransformer  

backbone.vit.blocks.6.ls1.gamma - torch.Size([1024]): 
Initialized by user-defined `init_weights` in DinoVisionTransformer  

backbone.vit.blocks.6.norm2.weight - torch.Size([1024]): 
Initialized by user-defined `init_weights` in DinoVisionTransformer  

backbone.vit.blocks.6.norm2.bias - torch.Size([1024]): 
Initialized by user-defined `init_weights` in DinoVisionTransformer  

backbone.vit.blocks.6.mlp.fc1.weight - torch.Size([4096, 1024]): 
Initialized by user-defined `init_weights` in DinoVisionTransformer  

backbone.vit.blocks.6.mlp.fc1.bias - torch.Size([4096]): 
Initialized by user-defined `init_weights` in DinoVisionTransformer  

backbone.vit.blocks.6.mlp.fc2.weight - torch.Size([1024, 4096]): 
Initialized by user-defined `init_weights` in DinoVisionTransformer  

backbone.vit.blocks.6.mlp.fc2.bias - torch.Size([1024]): 
Initialized by user-defined `init_weights` in DinoVisionTransformer  

backbone.vit.blocks.6.ls2.gamma - torch.Size([1024]): 
Initialized by user-defined `init_weights` in DinoVisionTransformer  

backbone.vit.blocks.7.norm1.weight - torch.Size([1024]): 
Initialized by user-defined `init_weights` in DinoVisionTransformer  

backbone.vit.blocks.7.norm1.bias - torch.Size([1024]): 
Initialized by user-defined `init_weights` in DinoVisionTransformer  

backbone.vit.blocks.7.attn.qkv.weight - torch.Size([3072, 1024]): 
Initialized by user-defined `init_weights` in DinoVisionTransformer  

backbone.vit.blocks.7.attn.qkv.bias - torch.Size([3072]): 
The value is the same before and after calling `init_weights` of EncoderDecoder  

backbone.vit.blocks.7.attn.proj.weight - torch.Size([1024, 1024]): 
Initialized by user-defined `init_weights` in DinoVisionTransformer  

backbone.vit.blocks.7.attn.proj.bias - torch.Size([1024]): 
Initialized by user-defined `init_weights` in DinoVisionTransformer  

backbone.vit.blocks.7.ls1.gamma - torch.Size([1024]): 
Initialized by user-defined `init_weights` in DinoVisionTransformer  

backbone.vit.blocks.7.norm2.weight - torch.Size([1024]): 
Initialized by user-defined `init_weights` in DinoVisionTransformer  

backbone.vit.blocks.7.norm2.bias - torch.Size([1024]): 
Initialized by user-defined `init_weights` in DinoVisionTransformer  

backbone.vit.blocks.7.mlp.fc1.weight - torch.Size([4096, 1024]): 
Initialized by user-defined `init_weights` in DinoVisionTransformer  

backbone.vit.blocks.7.mlp.fc1.bias - torch.Size([4096]): 
Initialized by user-defined `init_weights` in DinoVisionTransformer  

backbone.vit.blocks.7.mlp.fc2.weight - torch.Size([1024, 4096]): 
Initialized by user-defined `init_weights` in DinoVisionTransformer  

backbone.vit.blocks.7.mlp.fc2.bias - torch.Size([1024]): 
Initialized by user-defined `init_weights` in DinoVisionTransformer  

backbone.vit.blocks.7.ls2.gamma - torch.Size([1024]): 
Initialized by user-defined `init_weights` in DinoVisionTransformer  

backbone.vit.blocks.8.norm1.weight - torch.Size([1024]): 
Initialized by user-defined `init_weights` in DinoVisionTransformer  

backbone.vit.blocks.8.norm1.bias - torch.Size([1024]): 
Initialized by user-defined `init_weights` in DinoVisionTransformer  

backbone.vit.blocks.8.attn.qkv.weight - torch.Size([3072, 1024]): 
Initialized by user-defined `init_weights` in DinoVisionTransformer  

backbone.vit.blocks.8.attn.qkv.bias - torch.Size([3072]): 
The value is the same before and after calling `init_weights` of EncoderDecoder  

backbone.vit.blocks.8.attn.proj.weight - torch.Size([1024, 1024]): 
Initialized by user-defined `init_weights` in DinoVisionTransformer  

backbone.vit.blocks.8.attn.proj.bias - torch.Size([1024]): 
Initialized by user-defined `init_weights` in DinoVisionTransformer  

backbone.vit.blocks.8.ls1.gamma - torch.Size([1024]): 
Initialized by user-defined `init_weights` in DinoVisionTransformer  

backbone.vit.blocks.8.norm2.weight - torch.Size([1024]): 
Initialized by user-defined `init_weights` in DinoVisionTransformer  

backbone.vit.blocks.8.norm2.bias - torch.Size([1024]): 
Initialized by user-defined `init_weights` in DinoVisionTransformer  

backbone.vit.blocks.8.mlp.fc1.weight - torch.Size([4096, 1024]): 
Initialized by user-defined `init_weights` in DinoVisionTransformer  

backbone.vit.blocks.8.mlp.fc1.bias - torch.Size([4096]): 
Initialized by user-defined `init_weights` in DinoVisionTransformer  

backbone.vit.blocks.8.mlp.fc2.weight - torch.Size([1024, 4096]): 
Initialized by user-defined `init_weights` in DinoVisionTransformer  

backbone.vit.blocks.8.mlp.fc2.bias - torch.Size([1024]): 
Initialized by user-defined `init_weights` in DinoVisionTransformer  

backbone.vit.blocks.8.ls2.gamma - torch.Size([1024]): 
Initialized by user-defined `init_weights` in DinoVisionTransformer  

backbone.vit.blocks.9.norm1.weight - torch.Size([1024]): 
Initialized by user-defined `init_weights` in DinoVisionTransformer  

backbone.vit.blocks.9.norm1.bias - torch.Size([1024]): 
Initialized by user-defined `init_weights` in DinoVisionTransformer  

backbone.vit.blocks.9.attn.qkv.weight - torch.Size([3072, 1024]): 
Initialized by user-defined `init_weights` in DinoVisionTransformer  

backbone.vit.blocks.9.attn.qkv.bias - torch.Size([3072]): 
The value is the same before and after calling `init_weights` of EncoderDecoder  

backbone.vit.blocks.9.attn.proj.weight - torch.Size([1024, 1024]): 
Initialized by user-defined `init_weights` in DinoVisionTransformer  

backbone.vit.blocks.9.attn.proj.bias - torch.Size([1024]): 
Initialized by user-defined `init_weights` in DinoVisionTransformer  

backbone.vit.blocks.9.ls1.gamma - torch.Size([1024]): 
Initialized by user-defined `init_weights` in DinoVisionTransformer  

backbone.vit.blocks.9.norm2.weight - torch.Size([1024]): 
Initialized by user-defined `init_weights` in DinoVisionTransformer  

backbone.vit.blocks.9.norm2.bias - torch.Size([1024]): 
Initialized by user-defined `init_weights` in DinoVisionTransformer  

backbone.vit.blocks.9.mlp.fc1.weight - torch.Size([4096, 1024]): 
Initialized by user-defined `init_weights` in DinoVisionTransformer  

backbone.vit.blocks.9.mlp.fc1.bias - torch.Size([4096]): 
Initialized by user-defined `init_weights` in DinoVisionTransformer  

backbone.vit.blocks.9.mlp.fc2.weight - torch.Size([1024, 4096]): 
Initialized by user-defined `init_weights` in DinoVisionTransformer  

backbone.vit.blocks.9.mlp.fc2.bias - torch.Size([1024]): 
Initialized by user-defined `init_weights` in DinoVisionTransformer  

backbone.vit.blocks.9.ls2.gamma - torch.Size([1024]): 
Initialized by user-defined `init_weights` in DinoVisionTransformer  

backbone.vit.blocks.10.norm1.weight - torch.Size([1024]): 
Initialized by user-defined `init_weights` in DinoVisionTransformer  

backbone.vit.blocks.10.norm1.bias - torch.Size([1024]): 
Initialized by user-defined `init_weights` in DinoVisionTransformer  

backbone.vit.blocks.10.attn.qkv.weight - torch.Size([3072, 1024]): 
Initialized by user-defined `init_weights` in DinoVisionTransformer  

backbone.vit.blocks.10.attn.qkv.bias - torch.Size([3072]): 
The value is the same before and after calling `init_weights` of EncoderDecoder  

backbone.vit.blocks.10.attn.proj.weight - torch.Size([1024, 1024]): 
Initialized by user-defined `init_weights` in DinoVisionTransformer  

backbone.vit.blocks.10.attn.proj.bias - torch.Size([1024]): 
Initialized by user-defined `init_weights` in DinoVisionTransformer  

backbone.vit.blocks.10.ls1.gamma - torch.Size([1024]): 
Initialized by user-defined `init_weights` in DinoVisionTransformer  

backbone.vit.blocks.10.norm2.weight - torch.Size([1024]): 
Initialized by user-defined `init_weights` in DinoVisionTransformer  

backbone.vit.blocks.10.norm2.bias - torch.Size([1024]): 
Initialized by user-defined `init_weights` in DinoVisionTransformer  

backbone.vit.blocks.10.mlp.fc1.weight - torch.Size([4096, 1024]): 
Initialized by user-defined `init_weights` in DinoVisionTransformer  

backbone.vit.blocks.10.mlp.fc1.bias - torch.Size([4096]): 
Initialized by user-defined `init_weights` in DinoVisionTransformer  

backbone.vit.blocks.10.mlp.fc2.weight - torch.Size([1024, 4096]): 
Initialized by user-defined `init_weights` in DinoVisionTransformer  

backbone.vit.blocks.10.mlp.fc2.bias - torch.Size([1024]): 
Initialized by user-defined `init_weights` in DinoVisionTransformer  

backbone.vit.blocks.10.ls2.gamma - torch.Size([1024]): 
Initialized by user-defined `init_weights` in DinoVisionTransformer  

backbone.vit.blocks.11.norm1.weight - torch.Size([1024]): 
Initialized by user-defined `init_weights` in DinoVisionTransformer  

backbone.vit.blocks.11.norm1.bias - torch.Size([1024]): 
Initialized by user-defined `init_weights` in DinoVisionTransformer  

backbone.vit.blocks.11.attn.qkv.weight - torch.Size([3072, 1024]): 
Initialized by user-defined `init_weights` in DinoVisionTransformer  

backbone.vit.blocks.11.attn.qkv.bias - torch.Size([3072]): 
The value is the same before and after calling `init_weights` of EncoderDecoder  

backbone.vit.blocks.11.attn.proj.weight - torch.Size([1024, 1024]): 
Initialized by user-defined `init_weights` in DinoVisionTransformer  

backbone.vit.blocks.11.attn.proj.bias - torch.Size([1024]): 
Initialized by user-defined `init_weights` in DinoVisionTransformer  

backbone.vit.blocks.11.ls1.gamma - torch.Size([1024]): 
Initialized by user-defined `init_weights` in DinoVisionTransformer  

backbone.vit.blocks.11.norm2.weight - torch.Size([1024]): 
Initialized by user-defined `init_weights` in DinoVisionTransformer  

backbone.vit.blocks.11.norm2.bias - torch.Size([1024]): 
Initialized by user-defined `init_weights` in DinoVisionTransformer  

backbone.vit.blocks.11.mlp.fc1.weight - torch.Size([4096, 1024]): 
Initialized by user-defined `init_weights` in DinoVisionTransformer  

backbone.vit.blocks.11.mlp.fc1.bias - torch.Size([4096]): 
Initialized by user-defined `init_weights` in DinoVisionTransformer  

backbone.vit.blocks.11.mlp.fc2.weight - torch.Size([1024, 4096]): 
Initialized by user-defined `init_weights` in DinoVisionTransformer  

backbone.vit.blocks.11.mlp.fc2.bias - torch.Size([1024]): 
Initialized by user-defined `init_weights` in DinoVisionTransformer  

backbone.vit.blocks.11.ls2.gamma - torch.Size([1024]): 
Initialized by user-defined `init_weights` in DinoVisionTransformer  

backbone.vit.blocks.12.norm1.weight - torch.Size([1024]): 
Initialized by user-defined `init_weights` in DinoVisionTransformer  

backbone.vit.blocks.12.norm1.bias - torch.Size([1024]): 
Initialized by user-defined `init_weights` in DinoVisionTransformer  

backbone.vit.blocks.12.attn.qkv.weight - torch.Size([3072, 1024]): 
Initialized by user-defined `init_weights` in DinoVisionTransformer  

backbone.vit.blocks.12.attn.qkv.bias - torch.Size([3072]): 
The value is the same before and after calling `init_weights` of EncoderDecoder  

backbone.vit.blocks.12.attn.proj.weight - torch.Size([1024, 1024]): 
Initialized by user-defined `init_weights` in DinoVisionTransformer  

backbone.vit.blocks.12.attn.proj.bias - torch.Size([1024]): 
Initialized by user-defined `init_weights` in DinoVisionTransformer  

backbone.vit.blocks.12.ls1.gamma - torch.Size([1024]): 
Initialized by user-defined `init_weights` in DinoVisionTransformer  

backbone.vit.blocks.12.norm2.weight - torch.Size([1024]): 
Initialized by user-defined `init_weights` in DinoVisionTransformer  

backbone.vit.blocks.12.norm2.bias - torch.Size([1024]): 
Initialized by user-defined `init_weights` in DinoVisionTransformer  

backbone.vit.blocks.12.mlp.fc1.weight - torch.Size([4096, 1024]): 
Initialized by user-defined `init_weights` in DinoVisionTransformer  

backbone.vit.blocks.12.mlp.fc1.bias - torch.Size([4096]): 
Initialized by user-defined `init_weights` in DinoVisionTransformer  

backbone.vit.blocks.12.mlp.fc2.weight - torch.Size([1024, 4096]): 
Initialized by user-defined `init_weights` in DinoVisionTransformer  

backbone.vit.blocks.12.mlp.fc2.bias - torch.Size([1024]): 
Initialized by user-defined `init_weights` in DinoVisionTransformer  

backbone.vit.blocks.12.ls2.gamma - torch.Size([1024]): 
Initialized by user-defined `init_weights` in DinoVisionTransformer  

backbone.vit.blocks.13.norm1.weight - torch.Size([1024]): 
Initialized by user-defined `init_weights` in DinoVisionTransformer  

backbone.vit.blocks.13.norm1.bias - torch.Size([1024]): 
Initialized by user-defined `init_weights` in DinoVisionTransformer  

backbone.vit.blocks.13.attn.qkv.weight - torch.Size([3072, 1024]): 
Initialized by user-defined `init_weights` in DinoVisionTransformer  

backbone.vit.blocks.13.attn.qkv.bias - torch.Size([3072]): 
The value is the same before and after calling `init_weights` of EncoderDecoder  

backbone.vit.blocks.13.attn.proj.weight - torch.Size([1024, 1024]): 
Initialized by user-defined `init_weights` in DinoVisionTransformer  

backbone.vit.blocks.13.attn.proj.bias - torch.Size([1024]): 
Initialized by user-defined `init_weights` in DinoVisionTransformer  

backbone.vit.blocks.13.ls1.gamma - torch.Size([1024]): 
Initialized by user-defined `init_weights` in DinoVisionTransformer  

backbone.vit.blocks.13.norm2.weight - torch.Size([1024]): 
Initialized by user-defined `init_weights` in DinoVisionTransformer  

backbone.vit.blocks.13.norm2.bias - torch.Size([1024]): 
Initialized by user-defined `init_weights` in DinoVisionTransformer  

backbone.vit.blocks.13.mlp.fc1.weight - torch.Size([4096, 1024]): 
Initialized by user-defined `init_weights` in DinoVisionTransformer  

backbone.vit.blocks.13.mlp.fc1.bias - torch.Size([4096]): 
Initialized by user-defined `init_weights` in DinoVisionTransformer  

backbone.vit.blocks.13.mlp.fc2.weight - torch.Size([1024, 4096]): 
Initialized by user-defined `init_weights` in DinoVisionTransformer  

backbone.vit.blocks.13.mlp.fc2.bias - torch.Size([1024]): 
Initialized by user-defined `init_weights` in DinoVisionTransformer  

backbone.vit.blocks.13.ls2.gamma - torch.Size([1024]): 
Initialized by user-defined `init_weights` in DinoVisionTransformer  

backbone.vit.blocks.14.norm1.weight - torch.Size([1024]): 
Initialized by user-defined `init_weights` in DinoVisionTransformer  

backbone.vit.blocks.14.norm1.bias - torch.Size([1024]): 
Initialized by user-defined `init_weights` in DinoVisionTransformer  

backbone.vit.blocks.14.attn.qkv.weight - torch.Size([3072, 1024]): 
Initialized by user-defined `init_weights` in DinoVisionTransformer  

backbone.vit.blocks.14.attn.qkv.bias - torch.Size([3072]): 
The value is the same before and after calling `init_weights` of EncoderDecoder  

backbone.vit.blocks.14.attn.proj.weight - torch.Size([1024, 1024]): 
Initialized by user-defined `init_weights` in DinoVisionTransformer  

backbone.vit.blocks.14.attn.proj.bias - torch.Size([1024]): 
Initialized by user-defined `init_weights` in DinoVisionTransformer  

backbone.vit.blocks.14.ls1.gamma - torch.Size([1024]): 
Initialized by user-defined `init_weights` in DinoVisionTransformer  

backbone.vit.blocks.14.norm2.weight - torch.Size([1024]): 
Initialized by user-defined `init_weights` in DinoVisionTransformer  

backbone.vit.blocks.14.norm2.bias - torch.Size([1024]): 
Initialized by user-defined `init_weights` in DinoVisionTransformer  

backbone.vit.blocks.14.mlp.fc1.weight - torch.Size([4096, 1024]): 
Initialized by user-defined `init_weights` in DinoVisionTransformer  

backbone.vit.blocks.14.mlp.fc1.bias - torch.Size([4096]): 
Initialized by user-defined `init_weights` in DinoVisionTransformer  

backbone.vit.blocks.14.mlp.fc2.weight - torch.Size([1024, 4096]): 
Initialized by user-defined `init_weights` in DinoVisionTransformer  

backbone.vit.blocks.14.mlp.fc2.bias - torch.Size([1024]): 
Initialized by user-defined `init_weights` in DinoVisionTransformer  

backbone.vit.blocks.14.ls2.gamma - torch.Size([1024]): 
Initialized by user-defined `init_weights` in DinoVisionTransformer  

backbone.vit.blocks.15.norm1.weight - torch.Size([1024]): 
Initialized by user-defined `init_weights` in DinoVisionTransformer  

backbone.vit.blocks.15.norm1.bias - torch.Size([1024]): 
Initialized by user-defined `init_weights` in DinoVisionTransformer  

backbone.vit.blocks.15.attn.qkv.weight - torch.Size([3072, 1024]): 
Initialized by user-defined `init_weights` in DinoVisionTransformer  

backbone.vit.blocks.15.attn.qkv.bias - torch.Size([3072]): 
The value is the same before and after calling `init_weights` of EncoderDecoder  

backbone.vit.blocks.15.attn.proj.weight - torch.Size([1024, 1024]): 
Initialized by user-defined `init_weights` in DinoVisionTransformer  

backbone.vit.blocks.15.attn.proj.bias - torch.Size([1024]): 
Initialized by user-defined `init_weights` in DinoVisionTransformer  

backbone.vit.blocks.15.ls1.gamma - torch.Size([1024]): 
Initialized by user-defined `init_weights` in DinoVisionTransformer  

backbone.vit.blocks.15.norm2.weight - torch.Size([1024]): 
Initialized by user-defined `init_weights` in DinoVisionTransformer  

backbone.vit.blocks.15.norm2.bias - torch.Size([1024]): 
Initialized by user-defined `init_weights` in DinoVisionTransformer  

backbone.vit.blocks.15.mlp.fc1.weight - torch.Size([4096, 1024]): 
Initialized by user-defined `init_weights` in DinoVisionTransformer  

backbone.vit.blocks.15.mlp.fc1.bias - torch.Size([4096]): 
Initialized by user-defined `init_weights` in DinoVisionTransformer  

backbone.vit.blocks.15.mlp.fc2.weight - torch.Size([1024, 4096]): 
Initialized by user-defined `init_weights` in DinoVisionTransformer  

backbone.vit.blocks.15.mlp.fc2.bias - torch.Size([1024]): 
Initialized by user-defined `init_weights` in DinoVisionTransformer  

backbone.vit.blocks.15.ls2.gamma - torch.Size([1024]): 
Initialized by user-defined `init_weights` in DinoVisionTransformer  

backbone.vit.blocks.16.norm1.weight - torch.Size([1024]): 
Initialized by user-defined `init_weights` in DinoVisionTransformer  

backbone.vit.blocks.16.norm1.bias - torch.Size([1024]): 
Initialized by user-defined `init_weights` in DinoVisionTransformer  

backbone.vit.blocks.16.attn.qkv.weight - torch.Size([3072, 1024]): 
Initialized by user-defined `init_weights` in DinoVisionTransformer  

backbone.vit.blocks.16.attn.qkv.bias - torch.Size([3072]): 
The value is the same before and after calling `init_weights` of EncoderDecoder  

backbone.vit.blocks.16.attn.proj.weight - torch.Size([1024, 1024]): 
Initialized by user-defined `init_weights` in DinoVisionTransformer  

backbone.vit.blocks.16.attn.proj.bias - torch.Size([1024]): 
Initialized by user-defined `init_weights` in DinoVisionTransformer  

backbone.vit.blocks.16.ls1.gamma - torch.Size([1024]): 
Initialized by user-defined `init_weights` in DinoVisionTransformer  

backbone.vit.blocks.16.norm2.weight - torch.Size([1024]): 
Initialized by user-defined `init_weights` in DinoVisionTransformer  

backbone.vit.blocks.16.norm2.bias - torch.Size([1024]): 
Initialized by user-defined `init_weights` in DinoVisionTransformer  

backbone.vit.blocks.16.mlp.fc1.weight - torch.Size([4096, 1024]): 
Initialized by user-defined `init_weights` in DinoVisionTransformer  

backbone.vit.blocks.16.mlp.fc1.bias - torch.Size([4096]): 
Initialized by user-defined `init_weights` in DinoVisionTransformer  

backbone.vit.blocks.16.mlp.fc2.weight - torch.Size([1024, 4096]): 
Initialized by user-defined `init_weights` in DinoVisionTransformer  

backbone.vit.blocks.16.mlp.fc2.bias - torch.Size([1024]): 
Initialized by user-defined `init_weights` in DinoVisionTransformer  

backbone.vit.blocks.16.ls2.gamma - torch.Size([1024]): 
Initialized by user-defined `init_weights` in DinoVisionTransformer  

backbone.vit.blocks.17.norm1.weight - torch.Size([1024]): 
Initialized by user-defined `init_weights` in DinoVisionTransformer  

backbone.vit.blocks.17.norm1.bias - torch.Size([1024]): 
Initialized by user-defined `init_weights` in DinoVisionTransformer  

backbone.vit.blocks.17.attn.qkv.weight - torch.Size([3072, 1024]): 
Initialized by user-defined `init_weights` in DinoVisionTransformer  

backbone.vit.blocks.17.attn.qkv.bias - torch.Size([3072]): 
The value is the same before and after calling `init_weights` of EncoderDecoder  

backbone.vit.blocks.17.attn.proj.weight - torch.Size([1024, 1024]): 
Initialized by user-defined `init_weights` in DinoVisionTransformer  

backbone.vit.blocks.17.attn.proj.bias - torch.Size([1024]): 
Initialized by user-defined `init_weights` in DinoVisionTransformer  

backbone.vit.blocks.17.ls1.gamma - torch.Size([1024]): 
Initialized by user-defined `init_weights` in DinoVisionTransformer  

backbone.vit.blocks.17.norm2.weight - torch.Size([1024]): 
Initialized by user-defined `init_weights` in DinoVisionTransformer  

backbone.vit.blocks.17.norm2.bias - torch.Size([1024]): 
Initialized by user-defined `init_weights` in DinoVisionTransformer  

backbone.vit.blocks.17.mlp.fc1.weight - torch.Size([4096, 1024]): 
Initialized by user-defined `init_weights` in DinoVisionTransformer  

backbone.vit.blocks.17.mlp.fc1.bias - torch.Size([4096]): 
Initialized by user-defined `init_weights` in DinoVisionTransformer  

backbone.vit.blocks.17.mlp.fc2.weight - torch.Size([1024, 4096]): 
Initialized by user-defined `init_weights` in DinoVisionTransformer  

backbone.vit.blocks.17.mlp.fc2.bias - torch.Size([1024]): 
Initialized by user-defined `init_weights` in DinoVisionTransformer  

backbone.vit.blocks.17.ls2.gamma - torch.Size([1024]): 
Initialized by user-defined `init_weights` in DinoVisionTransformer  

backbone.vit.blocks.18.norm1.weight - torch.Size([1024]): 
Initialized by user-defined `init_weights` in DinoVisionTransformer  

backbone.vit.blocks.18.norm1.bias - torch.Size([1024]): 
Initialized by user-defined `init_weights` in DinoVisionTransformer  

backbone.vit.blocks.18.attn.qkv.weight - torch.Size([3072, 1024]): 
Initialized by user-defined `init_weights` in DinoVisionTransformer  

backbone.vit.blocks.18.attn.qkv.bias - torch.Size([3072]): 
The value is the same before and after calling `init_weights` of EncoderDecoder  

backbone.vit.blocks.18.attn.proj.weight - torch.Size([1024, 1024]): 
Initialized by user-defined `init_weights` in DinoVisionTransformer  

backbone.vit.blocks.18.attn.proj.bias - torch.Size([1024]): 
Initialized by user-defined `init_weights` in DinoVisionTransformer  

backbone.vit.blocks.18.ls1.gamma - torch.Size([1024]): 
Initialized by user-defined `init_weights` in DinoVisionTransformer  

backbone.vit.blocks.18.norm2.weight - torch.Size([1024]): 
Initialized by user-defined `init_weights` in DinoVisionTransformer  

backbone.vit.blocks.18.norm2.bias - torch.Size([1024]): 
Initialized by user-defined `init_weights` in DinoVisionTransformer  

backbone.vit.blocks.18.mlp.fc1.weight - torch.Size([4096, 1024]): 
Initialized by user-defined `init_weights` in DinoVisionTransformer  

backbone.vit.blocks.18.mlp.fc1.bias - torch.Size([4096]): 
Initialized by user-defined `init_weights` in DinoVisionTransformer  

backbone.vit.blocks.18.mlp.fc2.weight - torch.Size([1024, 4096]): 
Initialized by user-defined `init_weights` in DinoVisionTransformer  

backbone.vit.blocks.18.mlp.fc2.bias - torch.Size([1024]): 
Initialized by user-defined `init_weights` in DinoVisionTransformer  

backbone.vit.blocks.18.ls2.gamma - torch.Size([1024]): 
Initialized by user-defined `init_weights` in DinoVisionTransformer  

backbone.vit.blocks.19.norm1.weight - torch.Size([1024]): 
Initialized by user-defined `init_weights` in DinoVisionTransformer  

backbone.vit.blocks.19.norm1.bias - torch.Size([1024]): 
Initialized by user-defined `init_weights` in DinoVisionTransformer  

backbone.vit.blocks.19.attn.qkv.weight - torch.Size([3072, 1024]): 
Initialized by user-defined `init_weights` in DinoVisionTransformer  

backbone.vit.blocks.19.attn.qkv.bias - torch.Size([3072]): 
The value is the same before and after calling `init_weights` of EncoderDecoder  

backbone.vit.blocks.19.attn.proj.weight - torch.Size([1024, 1024]): 
Initialized by user-defined `init_weights` in DinoVisionTransformer  

backbone.vit.blocks.19.attn.proj.bias - torch.Size([1024]): 
Initialized by user-defined `init_weights` in DinoVisionTransformer  

backbone.vit.blocks.19.ls1.gamma - torch.Size([1024]): 
Initialized by user-defined `init_weights` in DinoVisionTransformer  

backbone.vit.blocks.19.norm2.weight - torch.Size([1024]): 
Initialized by user-defined `init_weights` in DinoVisionTransformer  

backbone.vit.blocks.19.norm2.bias - torch.Size([1024]): 
Initialized by user-defined `init_weights` in DinoVisionTransformer  

backbone.vit.blocks.19.mlp.fc1.weight - torch.Size([4096, 1024]): 
Initialized by user-defined `init_weights` in DinoVisionTransformer  

backbone.vit.blocks.19.mlp.fc1.bias - torch.Size([4096]): 
Initialized by user-defined `init_weights` in DinoVisionTransformer  

backbone.vit.blocks.19.mlp.fc2.weight - torch.Size([1024, 4096]): 
Initialized by user-defined `init_weights` in DinoVisionTransformer  

backbone.vit.blocks.19.mlp.fc2.bias - torch.Size([1024]): 
Initialized by user-defined `init_weights` in DinoVisionTransformer  

backbone.vit.blocks.19.ls2.gamma - torch.Size([1024]): 
Initialized by user-defined `init_weights` in DinoVisionTransformer  

backbone.vit.blocks.20.norm1.weight - torch.Size([1024]): 
Initialized by user-defined `init_weights` in DinoVisionTransformer  

backbone.vit.blocks.20.norm1.bias - torch.Size([1024]): 
Initialized by user-defined `init_weights` in DinoVisionTransformer  

backbone.vit.blocks.20.attn.qkv.weight - torch.Size([3072, 1024]): 
Initialized by user-defined `init_weights` in DinoVisionTransformer  

backbone.vit.blocks.20.attn.qkv.bias - torch.Size([3072]): 
The value is the same before and after calling `init_weights` of EncoderDecoder  

backbone.vit.blocks.20.attn.proj.weight - torch.Size([1024, 1024]): 
Initialized by user-defined `init_weights` in DinoVisionTransformer  

backbone.vit.blocks.20.attn.proj.bias - torch.Size([1024]): 
Initialized by user-defined `init_weights` in DinoVisionTransformer  

backbone.vit.blocks.20.ls1.gamma - torch.Size([1024]): 
Initialized by user-defined `init_weights` in DinoVisionTransformer  

backbone.vit.blocks.20.norm2.weight - torch.Size([1024]): 
Initialized by user-defined `init_weights` in DinoVisionTransformer  

backbone.vit.blocks.20.norm2.bias - torch.Size([1024]): 
Initialized by user-defined `init_weights` in DinoVisionTransformer  

backbone.vit.blocks.20.mlp.fc1.weight - torch.Size([4096, 1024]): 
Initialized by user-defined `init_weights` in DinoVisionTransformer  

backbone.vit.blocks.20.mlp.fc1.bias - torch.Size([4096]): 
Initialized by user-defined `init_weights` in DinoVisionTransformer  

backbone.vit.blocks.20.mlp.fc2.weight - torch.Size([1024, 4096]): 
Initialized by user-defined `init_weights` in DinoVisionTransformer  

backbone.vit.blocks.20.mlp.fc2.bias - torch.Size([1024]): 
Initialized by user-defined `init_weights` in DinoVisionTransformer  

backbone.vit.blocks.20.ls2.gamma - torch.Size([1024]): 
Initialized by user-defined `init_weights` in DinoVisionTransformer  

backbone.vit.blocks.21.norm1.weight - torch.Size([1024]): 
Initialized by user-defined `init_weights` in DinoVisionTransformer  

backbone.vit.blocks.21.norm1.bias - torch.Size([1024]): 
Initialized by user-defined `init_weights` in DinoVisionTransformer  

backbone.vit.blocks.21.attn.qkv.weight - torch.Size([3072, 1024]): 
Initialized by user-defined `init_weights` in DinoVisionTransformer  

backbone.vit.blocks.21.attn.qkv.bias - torch.Size([3072]): 
The value is the same before and after calling `init_weights` of EncoderDecoder  

backbone.vit.blocks.21.attn.proj.weight - torch.Size([1024, 1024]): 
Initialized by user-defined `init_weights` in DinoVisionTransformer  

backbone.vit.blocks.21.attn.proj.bias - torch.Size([1024]): 
Initialized by user-defined `init_weights` in DinoVisionTransformer  

backbone.vit.blocks.21.ls1.gamma - torch.Size([1024]): 
Initialized by user-defined `init_weights` in DinoVisionTransformer  

backbone.vit.blocks.21.norm2.weight - torch.Size([1024]): 
Initialized by user-defined `init_weights` in DinoVisionTransformer  

backbone.vit.blocks.21.norm2.bias - torch.Size([1024]): 
Initialized by user-defined `init_weights` in DinoVisionTransformer  

backbone.vit.blocks.21.mlp.fc1.weight - torch.Size([4096, 1024]): 
Initialized by user-defined `init_weights` in DinoVisionTransformer  

backbone.vit.blocks.21.mlp.fc1.bias - torch.Size([4096]): 
Initialized by user-defined `init_weights` in DinoVisionTransformer  

backbone.vit.blocks.21.mlp.fc2.weight - torch.Size([1024, 4096]): 
Initialized by user-defined `init_weights` in DinoVisionTransformer  

backbone.vit.blocks.21.mlp.fc2.bias - torch.Size([1024]): 
Initialized by user-defined `init_weights` in DinoVisionTransformer  

backbone.vit.blocks.21.ls2.gamma - torch.Size([1024]): 
Initialized by user-defined `init_weights` in DinoVisionTransformer  

backbone.vit.blocks.22.norm1.weight - torch.Size([1024]): 
Initialized by user-defined `init_weights` in DinoVisionTransformer  

backbone.vit.blocks.22.norm1.bias - torch.Size([1024]): 
Initialized by user-defined `init_weights` in DinoVisionTransformer  

backbone.vit.blocks.22.attn.qkv.weight - torch.Size([3072, 1024]): 
Initialized by user-defined `init_weights` in DinoVisionTransformer  

backbone.vit.blocks.22.attn.qkv.bias - torch.Size([3072]): 
The value is the same before and after calling `init_weights` of EncoderDecoder  

backbone.vit.blocks.22.attn.proj.weight - torch.Size([1024, 1024]): 
Initialized by user-defined `init_weights` in DinoVisionTransformer  

backbone.vit.blocks.22.attn.proj.bias - torch.Size([1024]): 
Initialized by user-defined `init_weights` in DinoVisionTransformer  

backbone.vit.blocks.22.ls1.gamma - torch.Size([1024]): 
Initialized by user-defined `init_weights` in DinoVisionTransformer  

backbone.vit.blocks.22.norm2.weight - torch.Size([1024]): 
Initialized by user-defined `init_weights` in DinoVisionTransformer  

backbone.vit.blocks.22.norm2.bias - torch.Size([1024]): 
Initialized by user-defined `init_weights` in DinoVisionTransformer  

backbone.vit.blocks.22.mlp.fc1.weight - torch.Size([4096, 1024]): 
Initialized by user-defined `init_weights` in DinoVisionTransformer  

backbone.vit.blocks.22.mlp.fc1.bias - torch.Size([4096]): 
Initialized by user-defined `init_weights` in DinoVisionTransformer  

backbone.vit.blocks.22.mlp.fc2.weight - torch.Size([1024, 4096]): 
Initialized by user-defined `init_weights` in DinoVisionTransformer  

backbone.vit.blocks.22.mlp.fc2.bias - torch.Size([1024]): 
Initialized by user-defined `init_weights` in DinoVisionTransformer  

backbone.vit.blocks.22.ls2.gamma - torch.Size([1024]): 
Initialized by user-defined `init_weights` in DinoVisionTransformer  

backbone.vit.blocks.23.norm1.weight - torch.Size([1024]): 
Initialized by user-defined `init_weights` in DinoVisionTransformer  

backbone.vit.blocks.23.norm1.bias - torch.Size([1024]): 
Initialized by user-defined `init_weights` in DinoVisionTransformer  

backbone.vit.blocks.23.attn.qkv.weight - torch.Size([3072, 1024]): 
Initialized by user-defined `init_weights` in DinoVisionTransformer  

backbone.vit.blocks.23.attn.qkv.bias - torch.Size([3072]): 
The value is the same before and after calling `init_weights` of EncoderDecoder  

backbone.vit.blocks.23.attn.proj.weight - torch.Size([1024, 1024]): 
Initialized by user-defined `init_weights` in DinoVisionTransformer  

backbone.vit.blocks.23.attn.proj.bias - torch.Size([1024]): 
Initialized by user-defined `init_weights` in DinoVisionTransformer  

backbone.vit.blocks.23.ls1.gamma - torch.Size([1024]): 
Initialized by user-defined `init_weights` in DinoVisionTransformer  

backbone.vit.blocks.23.norm2.weight - torch.Size([1024]): 
Initialized by user-defined `init_weights` in DinoVisionTransformer  

backbone.vit.blocks.23.norm2.bias - torch.Size([1024]): 
Initialized by user-defined `init_weights` in DinoVisionTransformer  

backbone.vit.blocks.23.mlp.fc1.weight - torch.Size([4096, 1024]): 
Initialized by user-defined `init_weights` in DinoVisionTransformer  

backbone.vit.blocks.23.mlp.fc1.bias - torch.Size([4096]): 
Initialized by user-defined `init_weights` in DinoVisionTransformer  

backbone.vit.blocks.23.mlp.fc2.weight - torch.Size([1024, 4096]): 
Initialized by user-defined `init_weights` in DinoVisionTransformer  

backbone.vit.blocks.23.mlp.fc2.bias - torch.Size([1024]): 
Initialized by user-defined `init_weights` in DinoVisionTransformer  

backbone.vit.blocks.23.ls2.gamma - torch.Size([1024]): 
Initialized by user-defined `init_weights` in DinoVisionTransformer  

backbone.vit.norm.weight - torch.Size([1024]): 
Initialized by user-defined `init_weights` in DinoVisionTransformer  

backbone.vit.norm.bias - torch.Size([1024]): 
Initialized by user-defined `init_weights` in DinoVisionTransformer  

decode_head.conv_seg.weight - torch.Size([18, 512, 1, 1]): 
NormalInit: mean=0, std=0.01, bias=0 

decode_head.conv_seg.bias - torch.Size([18]): 
NormalInit: mean=0, std=0.01, bias=0 

decode_head.convs.0.conv.weight - torch.Size([512, 1024, 3, 3]): 
The value is the same before and after calling `init_weights` of EncoderDecoder  

decode_head.convs.0.bn.weight - torch.Size([512]): 
The value is the same before and after calling `init_weights` of EncoderDecoder  

decode_head.convs.0.bn.bias - torch.Size([512]): 
The value is the same before and after calling `init_weights` of EncoderDecoder  

decode_head.convs.1.conv.weight - torch.Size([512, 512, 3, 3]): 
The value is the same before and after calling `init_weights` of EncoderDecoder  

decode_head.convs.1.bn.weight - torch.Size([512]): 
The value is the same before and after calling `init_weights` of EncoderDecoder  

decode_head.convs.1.bn.bias - torch.Size([512]): 
The value is the same before and after calling `init_weights` of EncoderDecoder  

decode_head.conv_cat.conv.weight - torch.Size([512, 1536, 3, 3]): 
Initialized by user-defined `init_weights` in ConvModule  

decode_head.conv_cat.bn.weight - torch.Size([512]): 
The value is the same before and after calling `init_weights` of EncoderDecoder  

decode_head.conv_cat.bn.bias - torch.Size([512]): 
The value is the same before and after calling `init_weights` of EncoderDecoder  
2026/06/11 11:35:32 - mmengine - WARNING - "FileClient" will be deprecated in future. Please use io functions in https://mmengine.readthedocs.io/en/latest/api/fileio.html#file-io
2026/06/11 11:35:32 - mmengine - WARNING - "HardDiskBackend" is the alias of "LocalBackend" and the former will be deprecated in future.
2026/06/11 11:35:32 - mmengine - INFO - Checkpoints will be saved to /mnt/ht2_nas2/00-model/00-fb/mmseg_dino/work_dirs/dinov3L_fcn_pastis_olmoearth_ft.
