2026/06/09 14:59:04 - mmengine - INFO - 
------------------------------------------------------------
System environment:
    sys.platform: linux
    Python: 3.12.13 | packaged by Anaconda, Inc. | (main, Mar 19 2026, 20:20:58) [GCC 14.3.0]
    CUDA available: True
    MUSA available: False
    numpy_random_seed: 849345217
    GPU 0,1,2,3,4,5,6,7: NVIDIA A40
    CUDA_HOME: /home/users_model/miniconda3/envs/mmseg_dino
    NVCC: Cuda compilation tools, release 12.9, V12.9.86
    GCC: gcc (Ubuntu 9.4.0-1ubuntu1~20.04.2) 9.4.0
    PyTorch: 2.7.1
    PyTorch compiling details: PyTorch built with:
  - GCC 14.3
  - C++ Version: 201703
  - Intel(R) oneAPI Math Kernel Library Version 2024.2.2-Product Build 20240823 for Intel(R) 64 architecture applications
  - Intel(R) MKL-DNN v3.7.1 (Git Hash d21fc6dbb4db827872fc8cf05e70f6771bd4937b)
  - OpenMP 201511 (a.k.a. OpenMP 4.5)
  - LAPACK is enabled (usually provided by MKL)
  - NNPACK is enabled
  - CPU capability usage: AVX512
  - CUDA Runtime 12.9
  - NVCC architecture flags: -gencode;arch=compute_50,code=sm_50;-gencode;arch=compute_60,code=sm_60;-gencode;arch=compute_70,code=sm_70;-gencode;arch=compute_75,code=sm_75;-gencode;arch=compute_80,code=sm_80;-gencode;arch=compute_86,code=sm_86;-gencode;arch=compute_90,code=sm_90;-gencode;arch=compute_100,code=sm_100;-gencode;arch=compute_120,code=sm_120;-gencode;arch=compute_120,code=compute_120
  - CuDNN 91.0.2
    - Built with CuDNN 91.0.1
  - Magma 2.9.0
  - Build settings: BLAS_INFO=mkl, BUILD_TYPE=Release, COMMIT_SHA=Unknown, CUDA_VERSION=12.9, CUDNN_VERSION=9.10.1, CXX_COMPILER=/home/conda/feedstock_root/build_artifacts/libtorch_1753846581042/_build_env/bin/x86_64-conda-linux-gnu-c++, CXX_FLAGS=-fmessage-length=0 -march=nocona -mtune=haswell -ftree-vectorize -fPIC -fstack-protector-strong -fno-plt -O2 -ffunction-sections -pipe -isystem /home/conda/feedstock_root/build_artifacts/libtorch_1753846581042/_h_env_placehold_placehold_placehold_placehold_placehold_placehold_placehold_placehold_placehold_placehold_placehold_placehold_placehold_placehold_placehold_placehold_placehold_placehold_pl/include -fdebug-prefix-map=/home/conda/feedstock_root/build_artifacts/libtorch_1753846581042/work=/usr/local/src/conda/libtorch-2.7.1 -fdebug-prefix-map=/home/conda/feedstock_root/build_artifacts/libtorch_1753846581042/_h_env_placehold_placehold_placehold_placehold_placehold_placehold_placehold_placehold_placehold_placehold_placehold_placehold_placehold_placehold_placehold_placehold_placehold_placehold_pl=/usr/local/src/conda-prefix -I/home/conda/feedstock_root/build_artifacts/libtorch_1753846581042/_h_env_placehold_placehold_placehold_placehold_placehold_placehold_placehold_placehold_placehold_placehold_placehold_placehold_placehold_placehold_placehold_placehold_placehold_placehold_pl/targets/x86_64-linux/include -I/home/conda/feedstock_root/build_artifacts/libtorch_1753846581042/_build_env/targets/x86_64-linux/include -w -Wno-deprecated-declarations -Wno-error=maybe-uninitialized -D_GLIBCXX_USE_CXX11_ABI=1 -fvisibility-inlines-hidden -DUSE_PTHREADPOOL -DNDEBUG -DUSE_KINETO -DLIBKINETO_NOROCTRACER -DLIBKINETO_NOXPUPTI=ON -DUSE_FBGEMM -DUSE_PYTORCH_QNNPACK -DUSE_XNNPACK -DSYMBOLICATE_MOBILE_DEBUG_HANDLE -O2 -fPIC -Wall -Wextra -Werror=return-type -Werror=non-virtual-dtor -Werror=range-loop-construct -Werror=bool-operation -Wnarrowing -Wno-missing-field-initializers -Wno-unknown-pragmas -Wno-unused-parameter -Wno-strict-overflow -Wno-strict-aliasing -Wno-stringop-overflow -Wsuggest-override -Wno-psabi -Wno-error=old-style-cast -fdiagnostics-color=always -faligned-new -Wno-maybe-uninitialized -fno-math-errno -fno-trapping-math -Werror=format -Wno-dangling-reference -Wno-error=dangling-reference -Wno-error=redundant-move -Wno-stringop-overflow, LAPACK_INFO=mkl, PERF_WITH_AVX=1, PERF_WITH_AVX2=1, TORCH_VERSION=2.7.1, USE_CUDA=1, USE_CUDNN=ON, USE_CUSPARSELT=OFF, USE_GFLAGS=OFF, USE_GLOG=OFF, USE_GLOO=ON, USE_MKL=ON, USE_MKLDNN=1, USE_MPI=OFF, USE_NCCL=ON, USE_NNPACK=ON, USE_OPENMP=ON, USE_ROCM=OFF, USE_ROCM_KERNEL_ASSERT=OFF, 

    TorchVision: 0.22.1
    OpenCV: 4.13.0
    MMEngine: 0.10.7

Runtime environment:
    cudnn_benchmark: True
    mp_cfg: {'mp_start_method': 'fork', 'opencv_num_threads': 0}
    dist_cfg: {'backend': 'nccl'}
    seed: 849345217
    Distributed launcher: none
    Distributed training: False
    GPU number: 1
------------------------------------------------------------

2026/06/09 14:59:05 - mmengine - INFO - Config:
DINO_CKPT = '/mnt/ht2_nas2/00-model/00-fb/mmseg_data/weights/dinov3_vits16_pretrain_lvd1689m-08c60483.pth'
PASTIS_ROOT = '/mnt/ht2_nas2/00-model/00-fb/mmseg_data/PASTIS-R'
auto_scale_lr = dict(base_batch_size=16, enable=False)
crop_size = (
    512,
    512,
)
custom_imports = dict(
    allow_failed_imports=False,
    imports=[
        'custom_models.dinov3_backbone',
        'custom_datasets.pastis',
    ])
data_preprocessor = dict(
    bgr_to_rgb=False,
    mean=[
        1436.7,
        1387.7,
        1180.2,
    ],
    pad_val=0,
    seg_pad_val=255,
    size=(
        512,
        512,
    ),
    std=[
        1996.2,
        1916.8,
        1976.7,
    ],
    test_cfg=dict(size_divisor=32),
    type='SegDataPreProcessor')
data_root = 'data/ade/ADEChallengeData2016'
dataset_type = 'ADE20KDataset'
default_hooks = dict(
    checkpoint=dict(
        by_epoch=False, interval=2000, save_best='mIoU',
        type='CheckpointHook'),
    logger=dict(interval=50, log_metric_by_epoch=False, type='LoggerHook'),
    param_scheduler=dict(type='ParamSchedulerHook'),
    sampler_seed=dict(type='DistSamplerSeedHook'),
    timer=dict(type='IterTimerHook'),
    visualization=dict(type='SegVisualizationHook'))
default_scope = 'mmseg'
embed_multi = dict(decay_mult=0.0, lr_mult=1.0)
env_cfg = dict(
    cudnn_benchmark=True,
    dist_cfg=dict(backend='nccl'),
    mp_cfg=dict(mp_start_method='fork', opencv_num_threads=0))
img_ratios = [
    0.5,
    0.75,
    1.0,
    1.25,
    1.5,
    1.75,
]
img_size = 512
launcher = 'none'
load_from = None
log_level = 'INFO'
log_processor = dict(by_epoch=False)
model = dict(
    backbone=dict(
        arch='vit_small',
        checkpoint=
        '/mnt/ht2_nas2/00-model/00-fb/mmseg_data/weights/dinov3_vits16_pretrain_lvd1689m-08c60483.pth',
        freeze_backbone=True,
        patch_size=16,
        type='DINOv3BackboneMmseg'),
    data_preprocessor=dict(
        bgr_to_rgb=False,
        mean=[
            1436.7,
            1387.7,
            1180.2,
        ],
        pad_val=0,
        seg_pad_val=255,
        size=(
            512,
            512,
        ),
        std=[
            1996.2,
            1916.8,
            1976.7,
        ],
        test_cfg=dict(size_divisor=32),
        type='SegDataPreProcessor'),
    decode_head=dict(
        align_corners=False,
        enforce_decoder_input_project=False,
        feat_channels=256,
        in_channels=[
            384,
            384,
            384,
            384,
        ],
        loss_cls=dict(
            class_weight=[
                1.0,
                1.0,
                1.0,
                1.0,
                1.0,
                1.0,
                1.0,
                1.0,
                1.0,
                1.0,
                1.0,
                1.0,
                1.0,
                1.0,
                1.0,
                1.0,
                1.0,
                1.0,
                0.1,
            ],
            loss_weight=2.0,
            reduction='mean',
            type='mmdet.CrossEntropyLoss',
            use_sigmoid=False),
        loss_dice=dict(
            activate=True,
            eps=1.0,
            loss_weight=5.0,
            naive_dice=True,
            reduction='mean',
            type='mmdet.DiceLoss',
            use_sigmoid=True),
        loss_mask=dict(
            loss_weight=5.0,
            reduction='mean',
            type='mmdet.CrossEntropyLoss',
            use_sigmoid=True),
        num_classes=18,
        num_queries=100,
        num_transformer_feat_level=3,
        out_channels=256,
        pixel_decoder=dict(
            act_cfg=dict(type='ReLU'),
            encoder=dict(
                init_cfg=None,
                layer_cfg=dict(
                    ffn_cfg=dict(
                        act_cfg=dict(inplace=True, type='ReLU'),
                        embed_dims=256,
                        feedforward_channels=1024,
                        ffn_drop=0.0,
                        num_fcs=2),
                    self_attn_cfg=dict(
                        batch_first=True,
                        dropout=0.0,
                        embed_dims=256,
                        im2col_step=64,
                        init_cfg=None,
                        norm_cfg=None,
                        num_heads=8,
                        num_levels=3,
                        num_points=4)),
                num_layers=6),
            init_cfg=None,
            norm_cfg=dict(num_groups=32, type='GN'),
            num_outs=3,
            positional_encoding=dict(normalize=True, num_feats=128),
            type='mmdet.MSDeformAttnPixelDecoder'),
        positional_encoding=dict(normalize=True, num_feats=128),
        strides=[
            4,
            8,
            16,
            32,
        ],
        train_cfg=dict(
            assigner=dict(
                match_costs=[
                    dict(type='mmdet.ClassificationCost', weight=2.0),
                    dict(
                        type='mmdet.CrossEntropyLossCost',
                        use_sigmoid=True,
                        weight=5.0),
                    dict(
                        eps=1.0,
                        pred_act=True,
                        type='mmdet.DiceCost',
                        weight=5.0),
                ],
                type='mmdet.HungarianAssigner'),
            importance_sample_ratio=0.75,
            num_points=12544,
            oversample_ratio=3.0,
            sampler=dict(type='mmdet.MaskPseudoSampler')),
        transformer_decoder=dict(
            init_cfg=None,
            layer_cfg=dict(
                cross_attn_cfg=dict(
                    attn_drop=0.0,
                    batch_first=True,
                    dropout_layer=None,
                    embed_dims=256,
                    num_heads=8,
                    proj_drop=0.0),
                ffn_cfg=dict(
                    act_cfg=dict(inplace=True, type='ReLU'),
                    add_identity=True,
                    dropout_layer=None,
                    embed_dims=256,
                    feedforward_channels=2048,
                    ffn_drop=0.0,
                    num_fcs=2),
                self_attn_cfg=dict(
                    attn_drop=0.0,
                    batch_first=True,
                    dropout_layer=None,
                    embed_dims=256,
                    num_heads=8,
                    proj_drop=0.0)),
            num_layers=9,
            return_intermediate=True),
        type='Mask2FormerHead'),
    test_cfg=dict(mode='whole'),
    train_cfg=dict(),
    type='EncoderDecoder')
num_classes = 18
optim_wrapper = dict(
    clip_grad=dict(max_norm=0.01, norm_type=2),
    optimizer=dict(
        betas=(
            0.9,
            0.999,
        ),
        eps=1e-08,
        lr=0.0001,
        type='AdamW',
        weight_decay=0.05),
    paramwise_cfg=dict(
        custom_keys=dict(
            backbone=dict(decay_mult=1.0, lr_mult=0.1),
            level_embed=dict(decay_mult=0.0, lr_mult=1.0),
            query_embed=dict(decay_mult=0.0, lr_mult=1.0),
            query_feat=dict(decay_mult=0.0, lr_mult=1.0)),
        norm_decay_mult=0.0),
    type='OptimWrapper')
optimizer = dict(
    betas=(
        0.9,
        0.999,
    ),
    eps=1e-08,
    lr=0.0001,
    type='AdamW',
    weight_decay=0.05)
param_scheduler = [
    dict(
        begin=0,
        by_epoch=False,
        end=40000,
        eta_min=0,
        power=0.9,
        type='PolyLR'),
]
resume = False
test_cfg = dict(type='TestLoop')
test_dataloader = dict(
    batch_size=2,
    dataset=dict(
        data_root='/mnt/ht2_nas2/00-model/00-fb/mmseg_data/PASTIS-R',
        pipeline=[
            dict(img_size=512, type='LoadPASTISRaster'),
            dict(type='PackSegInputs'),
        ],
        split='val',
        type='PASTISRasterDataset'),
    num_workers=2,
    persistent_workers=True,
    sampler=dict(shuffle=False, type='DefaultSampler'))
test_evaluator = dict(
    iou_metrics=[
        'mIoU',
    ], type='IoUMetric')
test_pipeline = [
    dict(type='LoadImageFromFile'),
    dict(keep_ratio=True, scale=(
        2048,
        512,
    ), type='Resize'),
    dict(reduce_zero_label=True, type='LoadAnnotations'),
    dict(type='PackSegInputs'),
]
train_cfg = dict(max_iters=40000, type='IterBasedTrainLoop', val_interval=2000)
train_dataloader = dict(
    batch_size=4,
    dataset=dict(
        data_root='/mnt/ht2_nas2/00-model/00-fb/mmseg_data/PASTIS-R',
        pipeline=[
            dict(img_size=512, type='LoadPASTISRaster'),
            dict(prob=0.5, type='RandomFlip'),
            dict(type='PackSegInputs'),
        ],
        split='train',
        type='PASTISRasterDataset'),
    num_workers=4,
    persistent_workers=True,
    sampler=dict(shuffle=True, type='InfiniteSampler'))
train_pipeline = [
    dict(img_size=512, type='LoadPASTISRaster'),
    dict(prob=0.5, type='RandomFlip'),
    dict(type='PackSegInputs'),
]
tta_model = dict(type='SegTTAModel')
tta_pipeline = [
    dict(backend_args=None, type='LoadImageFromFile'),
    dict(
        transforms=[
            [
                dict(keep_ratio=True, scale_factor=0.5, type='Resize'),
                dict(keep_ratio=True, scale_factor=0.75, type='Resize'),
                dict(keep_ratio=True, scale_factor=1.0, type='Resize'),
                dict(keep_ratio=True, scale_factor=1.25, type='Resize'),
                dict(keep_ratio=True, scale_factor=1.5, type='Resize'),
                dict(keep_ratio=True, scale_factor=1.75, type='Resize'),
            ],
            [
                dict(direction='horizontal', prob=0.0, type='RandomFlip'),
                dict(direction='horizontal', prob=1.0, type='RandomFlip'),
            ],
            [
                dict(type='LoadAnnotations'),
            ],
            [
                dict(type='PackSegInputs'),
            ],
        ],
        type='TestTimeAug'),
]
val_cfg = dict(type='ValLoop')
val_dataloader = dict(
    batch_size=2,
    dataset=dict(
        data_root='/mnt/ht2_nas2/00-model/00-fb/mmseg_data/PASTIS-R',
        pipeline=[
            dict(img_size=512, type='LoadPASTISRaster'),
            dict(type='PackSegInputs'),
        ],
        split='val',
        type='PASTISRasterDataset'),
    num_workers=2,
    persistent_workers=True,
    sampler=dict(shuffle=False, type='DefaultSampler'))
val_evaluator = dict(
    iou_metrics=[
        'mIoU',
    ], type='IoUMetric')
val_pipeline = [
    dict(img_size=512, type='LoadPASTISRaster'),
    dict(type='PackSegInputs'),
]
vis_backends = [
    dict(type='LocalVisBackend'),
]
visualizer = dict(
    name='visualizer',
    type='SegLocalVisualizer',
    vis_backends=[
        dict(type='LocalVisBackend'),
    ])
work_dir = './work_dirs/'

2026/06/09 14:59:14 - mmengine - INFO - Distributed training is not used, all SyncBatchNorm (SyncBN) layers in the model will be automatically reverted to BatchNormXd layers if they are used.
2026/06/09 14:59:14 - mmengine - INFO - Hooks will be executed in the following order:
before_run:
(VERY_HIGH   ) RuntimeInfoHook                    
(BELOW_NORMAL) LoggerHook                         
 -------------------- 
before_train:
(VERY_HIGH   ) RuntimeInfoHook                    
(NORMAL      ) IterTimerHook                      
(VERY_LOW    ) CheckpointHook                     
 -------------------- 
before_train_epoch:
(VERY_HIGH   ) RuntimeInfoHook                    
(NORMAL      ) IterTimerHook                      
(NORMAL      ) DistSamplerSeedHook                
 -------------------- 
before_train_iter:
(VERY_HIGH   ) RuntimeInfoHook                    
(NORMAL      ) IterTimerHook                      
 -------------------- 
after_train_iter:
(VERY_HIGH   ) RuntimeInfoHook                    
(NORMAL      ) IterTimerHook                      
(BELOW_NORMAL) LoggerHook                         
(LOW         ) ParamSchedulerHook                 
(VERY_LOW    ) CheckpointHook                     
 -------------------- 
after_train_epoch:
(NORMAL      ) IterTimerHook                      
(LOW         ) ParamSchedulerHook                 
(VERY_LOW    ) CheckpointHook                     
 -------------------- 
before_val:
(VERY_HIGH   ) RuntimeInfoHook                    
 -------------------- 
before_val_epoch:
(NORMAL      ) IterTimerHook                      
 -------------------- 
before_val_iter:
(NORMAL      ) IterTimerHook                      
 -------------------- 
after_val_iter:
(NORMAL      ) IterTimerHook                      
(NORMAL      ) SegVisualizationHook               
(BELOW_NORMAL) LoggerHook                         
 -------------------- 
after_val_epoch:
(VERY_HIGH   ) RuntimeInfoHook                    
(NORMAL      ) IterTimerHook                      
(BELOW_NORMAL) LoggerHook                         
(LOW         ) ParamSchedulerHook                 
(VERY_LOW    ) CheckpointHook                     
 -------------------- 
after_val:
(VERY_HIGH   ) RuntimeInfoHook                    
 -------------------- 
after_train:
(VERY_HIGH   ) RuntimeInfoHook                    
(VERY_LOW    ) CheckpointHook                     
 -------------------- 
before_test:
(VERY_HIGH   ) RuntimeInfoHook                    
 -------------------- 
before_test_epoch:
(NORMAL      ) IterTimerHook                      
 -------------------- 
before_test_iter:
(NORMAL      ) IterTimerHook                      
 -------------------- 
after_test_iter:
(NORMAL      ) IterTimerHook                      
(NORMAL      ) SegVisualizationHook               
(BELOW_NORMAL) LoggerHook                         
 -------------------- 
after_test_epoch:
(VERY_HIGH   ) RuntimeInfoHook                    
(NORMAL      ) IterTimerHook                      
(BELOW_NORMAL) LoggerHook                         
 -------------------- 
after_test:
(VERY_HIGH   ) RuntimeInfoHook                    
 -------------------- 
after_run:
(BELOW_NORMAL) LoggerHook                         
 -------------------- 
2026/06/09 14:59:15 - mmengine - INFO - paramwise_options -- backbone.adapter.level_embed:lr=0.0001
2026/06/09 14:59:15 - mmengine - INFO - paramwise_options -- backbone.adapter.level_embed:weight_decay=0.0
2026/06/09 14:59:15 - mmengine - INFO - paramwise_options -- backbone.adapter.level_embed:lr_mult=1.0
2026/06/09 14:59:15 - mmengine - INFO - paramwise_options -- backbone.adapter.level_embed:decay_mult=0.0
2026/06/09 14:59:15 - mmengine - WARNING - backbone.adapter.backbone.cls_token is skipped since its requires_grad=False
2026/06/09 14:59:15 - mmengine - WARNING - backbone.adapter.backbone.mask_token is skipped since its requires_grad=False
2026/06/09 14:59:15 - mmengine - WARNING - backbone.adapter.backbone.patch_embed.proj.weight is skipped since its requires_grad=False
2026/06/09 14:59:15 - mmengine - WARNING - backbone.adapter.backbone.patch_embed.proj.bias is skipped since its requires_grad=False
2026/06/09 14:59:15 - mmengine - WARNING - backbone.adapter.backbone.blocks.0.norm1.weight is skipped since its requires_grad=False
2026/06/09 14:59:15 - mmengine - WARNING - backbone.adapter.backbone.blocks.0.norm1.bias is skipped since its requires_grad=False
2026/06/09 14:59:15 - mmengine - WARNING - backbone.adapter.backbone.blocks.0.attn.qkv.weight is skipped since its requires_grad=False
2026/06/09 14:59:15 - mmengine - WARNING - backbone.adapter.backbone.blocks.0.attn.qkv.bias is skipped since its requires_grad=False
2026/06/09 14:59:15 - mmengine - WARNING - backbone.adapter.backbone.blocks.0.attn.proj.weight is skipped since its requires_grad=False
2026/06/09 14:59:15 - mmengine - WARNING - backbone.adapter.backbone.blocks.0.attn.proj.bias is skipped since its requires_grad=False
2026/06/09 14:59:15 - mmengine - WARNING - backbone.adapter.backbone.blocks.0.ls1.gamma is skipped since its requires_grad=False
2026/06/09 14:59:15 - mmengine - WARNING - backbone.adapter.backbone.blocks.0.norm2.weight is skipped since its requires_grad=False
2026/06/09 14:59:15 - mmengine - WARNING - backbone.adapter.backbone.blocks.0.norm2.bias is skipped since its requires_grad=False
2026/06/09 14:59:15 - mmengine - WARNING - backbone.adapter.backbone.blocks.0.mlp.fc1.weight is skipped since its requires_grad=False
2026/06/09 14:59:15 - mmengine - WARNING - backbone.adapter.backbone.blocks.0.mlp.fc1.bias is skipped since its requires_grad=False
2026/06/09 14:59:15 - mmengine - WARNING - backbone.adapter.backbone.blocks.0.mlp.fc2.weight is skipped since its requires_grad=False
2026/06/09 14:59:15 - mmengine - WARNING - backbone.adapter.backbone.blocks.0.mlp.fc2.bias is skipped since its requires_grad=False
2026/06/09 14:59:15 - mmengine - WARNING - backbone.adapter.backbone.blocks.0.ls2.gamma is skipped since its requires_grad=False
2026/06/09 14:59:15 - mmengine - WARNING - backbone.adapter.backbone.blocks.1.norm1.weight is skipped since its requires_grad=False
2026/06/09 14:59:15 - mmengine - WARNING - backbone.adapter.backbone.blocks.1.norm1.bias is skipped since its requires_grad=False
2026/06/09 14:59:15 - mmengine - WARNING - backbone.adapter.backbone.blocks.1.attn.qkv.weight is skipped since its requires_grad=False
2026/06/09 14:59:15 - mmengine - WARNING - backbone.adapter.backbone.blocks.1.attn.qkv.bias is skipped since its requires_grad=False
2026/06/09 14:59:15 - mmengine - WARNING - backbone.adapter.backbone.blocks.1.attn.proj.weight is skipped since its requires_grad=False
2026/06/09 14:59:15 - mmengine - WARNING - backbone.adapter.backbone.blocks.1.attn.proj.bias is skipped since its requires_grad=False
2026/06/09 14:59:15 - mmengine - WARNING - backbone.adapter.backbone.blocks.1.ls1.gamma is skipped since its requires_grad=False
2026/06/09 14:59:15 - mmengine - WARNING - backbone.adapter.backbone.blocks.1.norm2.weight is skipped since its requires_grad=False
2026/06/09 14:59:15 - mmengine - WARNING - backbone.adapter.backbone.blocks.1.norm2.bias is skipped since its requires_grad=False
2026/06/09 14:59:15 - mmengine - WARNING - backbone.adapter.backbone.blocks.1.mlp.fc1.weight is skipped since its requires_grad=False
2026/06/09 14:59:15 - mmengine - WARNING - backbone.adapter.backbone.blocks.1.mlp.fc1.bias is skipped since its requires_grad=False
2026/06/09 14:59:15 - mmengine - WARNING - backbone.adapter.backbone.blocks.1.mlp.fc2.weight is skipped since its requires_grad=False
2026/06/09 14:59:15 - mmengine - WARNING - backbone.adapter.backbone.blocks.1.mlp.fc2.bias is skipped since its requires_grad=False
2026/06/09 14:59:15 - mmengine - WARNING - backbone.adapter.backbone.blocks.1.ls2.gamma is skipped since its requires_grad=False
2026/06/09 14:59:15 - mmengine - WARNING - backbone.adapter.backbone.blocks.2.norm1.weight is skipped since its requires_grad=False
2026/06/09 14:59:15 - mmengine - WARNING - backbone.adapter.backbone.blocks.2.norm1.bias is skipped since its requires_grad=False
2026/06/09 14:59:15 - mmengine - WARNING - backbone.adapter.backbone.blocks.2.attn.qkv.weight is skipped since its requires_grad=False
2026/06/09 14:59:15 - mmengine - WARNING - backbone.adapter.backbone.blocks.2.attn.qkv.bias is skipped since its requires_grad=False
2026/06/09 14:59:15 - mmengine - WARNING - backbone.adapter.backbone.blocks.2.attn.proj.weight is skipped since its requires_grad=False
2026/06/09 14:59:15 - mmengine - WARNING - backbone.adapter.backbone.blocks.2.attn.proj.bias is skipped since its requires_grad=False
2026/06/09 14:59:15 - mmengine - WARNING - backbone.adapter.backbone.blocks.2.ls1.gamma is skipped since its requires_grad=False
2026/06/09 14:59:15 - mmengine - WARNING - backbone.adapter.backbone.blocks.2.norm2.weight is skipped since its requires_grad=False
2026/06/09 14:59:15 - mmengine - WARNING - backbone.adapter.backbone.blocks.2.norm2.bias is skipped since its requires_grad=False
2026/06/09 14:59:15 - mmengine - WARNING - backbone.adapter.backbone.blocks.2.mlp.fc1.weight is skipped since its requires_grad=False
2026/06/09 14:59:15 - mmengine - WARNING - backbone.adapter.backbone.blocks.2.mlp.fc1.bias is skipped since its requires_grad=False
2026/06/09 14:59:15 - mmengine - WARNING - backbone.adapter.backbone.blocks.2.mlp.fc2.weight is skipped since its requires_grad=False
2026/06/09 14:59:15 - mmengine - WARNING - backbone.adapter.backbone.blocks.2.mlp.fc2.bias is skipped since its requires_grad=False
2026/06/09 14:59:15 - mmengine - WARNING - backbone.adapter.backbone.blocks.2.ls2.gamma is skipped since its requires_grad=False
2026/06/09 14:59:15 - mmengine - WARNING - backbone.adapter.backbone.blocks.3.norm1.weight is skipped since its requires_grad=False
2026/06/09 14:59:15 - mmengine - WARNING - backbone.adapter.backbone.blocks.3.norm1.bias is skipped since its requires_grad=False
2026/06/09 14:59:15 - mmengine - WARNING - backbone.adapter.backbone.blocks.3.attn.qkv.weight is skipped since its requires_grad=False
2026/06/09 14:59:15 - mmengine - WARNING - backbone.adapter.backbone.blocks.3.attn.qkv.bias is skipped since its requires_grad=False
2026/06/09 14:59:15 - mmengine - WARNING - backbone.adapter.backbone.blocks.3.attn.proj.weight is skipped since its requires_grad=False
2026/06/09 14:59:15 - mmengine - WARNING - backbone.adapter.backbone.blocks.3.attn.proj.bias is skipped since its requires_grad=False
2026/06/09 14:59:15 - mmengine - WARNING - backbone.adapter.backbone.blocks.3.ls1.gamma is skipped since its requires_grad=False
2026/06/09 14:59:15 - mmengine - WARNING - backbone.adapter.backbone.blocks.3.norm2.weight is skipped since its requires_grad=False
2026/06/09 14:59:15 - mmengine - WARNING - backbone.adapter.backbone.blocks.3.norm2.bias is skipped since its requires_grad=False
2026/06/09 14:59:15 - mmengine - WARNING - backbone.adapter.backbone.blocks.3.mlp.fc1.weight is skipped since its requires_grad=False
2026/06/09 14:59:15 - mmengine - WARNING - backbone.adapter.backbone.blocks.3.mlp.fc1.bias is skipped since its requires_grad=False
2026/06/09 14:59:15 - mmengine - WARNING - backbone.adapter.backbone.blocks.3.mlp.fc2.weight is skipped since its requires_grad=False
2026/06/09 14:59:15 - mmengine - WARNING - backbone.adapter.backbone.blocks.3.mlp.fc2.bias is skipped since its requires_grad=False
2026/06/09 14:59:15 - mmengine - WARNING - backbone.adapter.backbone.blocks.3.ls2.gamma is skipped since its requires_grad=False
2026/06/09 14:59:15 - mmengine - WARNING - backbone.adapter.backbone.blocks.4.norm1.weight is skipped since its requires_grad=False
2026/06/09 14:59:15 - mmengine - WARNING - backbone.adapter.backbone.blocks.4.norm1.bias is skipped since its requires_grad=False
2026/06/09 14:59:15 - mmengine - WARNING - backbone.adapter.backbone.blocks.4.attn.qkv.weight is skipped since its requires_grad=False
2026/06/09 14:59:15 - mmengine - WARNING - backbone.adapter.backbone.blocks.4.attn.qkv.bias is skipped since its requires_grad=False
2026/06/09 14:59:15 - mmengine - WARNING - backbone.adapter.backbone.blocks.4.attn.proj.weight is skipped since its requires_grad=False
2026/06/09 14:59:15 - mmengine - WARNING - backbone.adapter.backbone.blocks.4.attn.proj.bias is skipped since its requires_grad=False
2026/06/09 14:59:15 - mmengine - WARNING - backbone.adapter.backbone.blocks.4.ls1.gamma is skipped since its requires_grad=False
2026/06/09 14:59:15 - mmengine - WARNING - backbone.adapter.backbone.blocks.4.norm2.weight is skipped since its requires_grad=False
2026/06/09 14:59:15 - mmengine - WARNING - backbone.adapter.backbone.blocks.4.norm2.bias is skipped since its requires_grad=False
2026/06/09 14:59:15 - mmengine - WARNING - backbone.adapter.backbone.blocks.4.mlp.fc1.weight is skipped since its requires_grad=False
2026/06/09 14:59:15 - mmengine - WARNING - backbone.adapter.backbone.blocks.4.mlp.fc1.bias is skipped since its requires_grad=False
2026/06/09 14:59:15 - mmengine - WARNING - backbone.adapter.backbone.blocks.4.mlp.fc2.weight is skipped since its requires_grad=False
2026/06/09 14:59:15 - mmengine - WARNING - backbone.adapter.backbone.blocks.4.mlp.fc2.bias is skipped since its requires_grad=False
2026/06/09 14:59:15 - mmengine - WARNING - backbone.adapter.backbone.blocks.4.ls2.gamma is skipped since its requires_grad=False
2026/06/09 14:59:15 - mmengine - WARNING - backbone.adapter.backbone.blocks.5.norm1.weight is skipped since its requires_grad=False
2026/06/09 14:59:15 - mmengine - WARNING - backbone.adapter.backbone.blocks.5.norm1.bias is skipped since its requires_grad=False
2026/06/09 14:59:15 - mmengine - WARNING - backbone.adapter.backbone.blocks.5.attn.qkv.weight is skipped since its requires_grad=False
2026/06/09 14:59:15 - mmengine - WARNING - backbone.adapter.backbone.blocks.5.attn.qkv.bias is skipped since its requires_grad=False
2026/06/09 14:59:15 - mmengine - WARNING - backbone.adapter.backbone.blocks.5.attn.proj.weight is skipped since its requires_grad=False
2026/06/09 14:59:15 - mmengine - WARNING - backbone.adapter.backbone.blocks.5.attn.proj.bias is skipped since its requires_grad=False
2026/06/09 14:59:15 - mmengine - WARNING - backbone.adapter.backbone.blocks.5.ls1.gamma is skipped since its requires_grad=False
2026/06/09 14:59:15 - mmengine - WARNING - backbone.adapter.backbone.blocks.5.norm2.weight is skipped since its requires_grad=False
2026/06/09 14:59:15 - mmengine - WARNING - backbone.adapter.backbone.blocks.5.norm2.bias is skipped since its requires_grad=False
2026/06/09 14:59:15 - mmengine - WARNING - backbone.adapter.backbone.blocks.5.mlp.fc1.weight is skipped since its requires_grad=False
2026/06/09 14:59:15 - mmengine - WARNING - backbone.adapter.backbone.blocks.5.mlp.fc1.bias is skipped since its requires_grad=False
2026/06/09 14:59:15 - mmengine - WARNING - backbone.adapter.backbone.blocks.5.mlp.fc2.weight is skipped since its requires_grad=False
2026/06/09 14:59:15 - mmengine - WARNING - backbone.adapter.backbone.blocks.5.mlp.fc2.bias is skipped since its requires_grad=False
2026/06/09 14:59:15 - mmengine - WARNING - backbone.adapter.backbone.blocks.5.ls2.gamma is skipped since its requires_grad=False
2026/06/09 14:59:15 - mmengine - WARNING - backbone.adapter.backbone.blocks.6.norm1.weight is skipped since its requires_grad=False
2026/06/09 14:59:15 - mmengine - WARNING - backbone.adapter.backbone.blocks.6.norm1.bias is skipped since its requires_grad=False
2026/06/09 14:59:15 - mmengine - WARNING - backbone.adapter.backbone.blocks.6.attn.qkv.weight is skipped since its requires_grad=False
2026/06/09 14:59:15 - mmengine - WARNING - backbone.adapter.backbone.blocks.6.attn.qkv.bias is skipped since its requires_grad=False
2026/06/09 14:59:15 - mmengine - WARNING - backbone.adapter.backbone.blocks.6.attn.proj.weight is skipped since its requires_grad=False
2026/06/09 14:59:15 - mmengine - WARNING - backbone.adapter.backbone.blocks.6.attn.proj.bias is skipped since its requires_grad=False
2026/06/09 14:59:15 - mmengine - WARNING - backbone.adapter.backbone.blocks.6.ls1.gamma is skipped since its requires_grad=False
2026/06/09 14:59:15 - mmengine - WARNING - backbone.adapter.backbone.blocks.6.norm2.weight is skipped since its requires_grad=False
2026/06/09 14:59:15 - mmengine - WARNING - backbone.adapter.backbone.blocks.6.norm2.bias is skipped since its requires_grad=False
2026/06/09 14:59:15 - mmengine - WARNING - backbone.adapter.backbone.blocks.6.mlp.fc1.weight is skipped since its requires_grad=False
2026/06/09 14:59:15 - mmengine - WARNING - backbone.adapter.backbone.blocks.6.mlp.fc1.bias is skipped since its requires_grad=False
2026/06/09 14:59:15 - mmengine - WARNING - backbone.adapter.backbone.blocks.6.mlp.fc2.weight is skipped since its requires_grad=False
2026/06/09 14:59:15 - mmengine - WARNING - backbone.adapter.backbone.blocks.6.mlp.fc2.bias is skipped since its requires_grad=False
2026/06/09 14:59:15 - mmengine - WARNING - backbone.adapter.backbone.blocks.6.ls2.gamma is skipped since its requires_grad=False
2026/06/09 14:59:15 - mmengine - WARNING - backbone.adapter.backbone.blocks.7.norm1.weight is skipped since its requires_grad=False
2026/06/09 14:59:15 - mmengine - WARNING - backbone.adapter.backbone.blocks.7.norm1.bias is skipped since its requires_grad=False
2026/06/09 14:59:15 - mmengine - WARNING - backbone.adapter.backbone.blocks.7.attn.qkv.weight is skipped since its requires_grad=False
2026/06/09 14:59:15 - mmengine - WARNING - backbone.adapter.backbone.blocks.7.attn.qkv.bias is skipped since its requires_grad=False
2026/06/09 14:59:15 - mmengine - WARNING - backbone.adapter.backbone.blocks.7.attn.proj.weight is skipped since its requires_grad=False
2026/06/09 14:59:15 - mmengine - WARNING - backbone.adapter.backbone.blocks.7.attn.proj.bias is skipped since its requires_grad=False
2026/06/09 14:59:15 - mmengine - WARNING - backbone.adapter.backbone.blocks.7.ls1.gamma is skipped since its requires_grad=False
2026/06/09 14:59:15 - mmengine - WARNING - backbone.adapter.backbone.blocks.7.norm2.weight is skipped since its requires_grad=False
2026/06/09 14:59:15 - mmengine - WARNING - backbone.adapter.backbone.blocks.7.norm2.bias is skipped since its requires_grad=False
2026/06/09 14:59:15 - mmengine - WARNING - backbone.adapter.backbone.blocks.7.mlp.fc1.weight is skipped since its requires_grad=False
2026/06/09 14:59:15 - mmengine - WARNING - backbone.adapter.backbone.blocks.7.mlp.fc1.bias is skipped since its requires_grad=False
2026/06/09 14:59:15 - mmengine - WARNING - backbone.adapter.backbone.blocks.7.mlp.fc2.weight is skipped since its requires_grad=False
2026/06/09 14:59:15 - mmengine - WARNING - backbone.adapter.backbone.blocks.7.mlp.fc2.bias is skipped since its requires_grad=False
2026/06/09 14:59:15 - mmengine - WARNING - backbone.adapter.backbone.blocks.7.ls2.gamma is skipped since its requires_grad=False
2026/06/09 14:59:15 - mmengine - WARNING - backbone.adapter.backbone.blocks.8.norm1.weight is skipped since its requires_grad=False
2026/06/09 14:59:15 - mmengine - WARNING - backbone.adapter.backbone.blocks.8.norm1.bias is skipped since its requires_grad=False
2026/06/09 14:59:15 - mmengine - WARNING - backbone.adapter.backbone.blocks.8.attn.qkv.weight is skipped since its requires_grad=False
2026/06/09 14:59:15 - mmengine - WARNING - backbone.adapter.backbone.blocks.8.attn.qkv.bias is skipped since its requires_grad=False
2026/06/09 14:59:15 - mmengine - WARNING - backbone.adapter.backbone.blocks.8.attn.proj.weight is skipped since its requires_grad=False
2026/06/09 14:59:15 - mmengine - WARNING - backbone.adapter.backbone.blocks.8.attn.proj.bias is skipped since its requires_grad=False
2026/06/09 14:59:15 - mmengine - WARNING - backbone.adapter.backbone.blocks.8.ls1.gamma is skipped since its requires_grad=False
2026/06/09 14:59:15 - mmengine - WARNING - backbone.adapter.backbone.blocks.8.norm2.weight is skipped since its requires_grad=False
2026/06/09 14:59:15 - mmengine - WARNING - backbone.adapter.backbone.blocks.8.norm2.bias is skipped since its requires_grad=False
2026/06/09 14:59:15 - mmengine - WARNING - backbone.adapter.backbone.blocks.8.mlp.fc1.weight is skipped since its requires_grad=False
2026/06/09 14:59:15 - mmengine - WARNING - backbone.adapter.backbone.blocks.8.mlp.fc1.bias is skipped since its requires_grad=False
2026/06/09 14:59:15 - mmengine - WARNING - backbone.adapter.backbone.blocks.8.mlp.fc2.weight is skipped since its requires_grad=False
2026/06/09 14:59:15 - mmengine - WARNING - backbone.adapter.backbone.blocks.8.mlp.fc2.bias is skipped since its requires_grad=False
2026/06/09 14:59:15 - mmengine - WARNING - backbone.adapter.backbone.blocks.8.ls2.gamma is skipped since its requires_grad=False
2026/06/09 14:59:15 - mmengine - WARNING - backbone.adapter.backbone.blocks.9.norm1.weight is skipped since its requires_grad=False
2026/06/09 14:59:15 - mmengine - WARNING - backbone.adapter.backbone.blocks.9.norm1.bias is skipped since its requires_grad=False
2026/06/09 14:59:15 - mmengine - WARNING - backbone.adapter.backbone.blocks.9.attn.qkv.weight is skipped since its requires_grad=False
2026/06/09 14:59:15 - mmengine - WARNING - backbone.adapter.backbone.blocks.9.attn.qkv.bias is skipped since its requires_grad=False
2026/06/09 14:59:15 - mmengine - WARNING - backbone.adapter.backbone.blocks.9.attn.proj.weight is skipped since its requires_grad=False
2026/06/09 14:59:15 - mmengine - WARNING - backbone.adapter.backbone.blocks.9.attn.proj.bias is skipped since its requires_grad=False
2026/06/09 14:59:15 - mmengine - WARNING - backbone.adapter.backbone.blocks.9.ls1.gamma is skipped since its requires_grad=False
2026/06/09 14:59:15 - mmengine - WARNING - backbone.adapter.backbone.blocks.9.norm2.weight is skipped since its requires_grad=False
2026/06/09 14:59:15 - mmengine - WARNING - backbone.adapter.backbone.blocks.9.norm2.bias is skipped since its requires_grad=False
2026/06/09 14:59:15 - mmengine - WARNING - backbone.adapter.backbone.blocks.9.mlp.fc1.weight is skipped since its requires_grad=False
2026/06/09 14:59:15 - mmengine - WARNING - backbone.adapter.backbone.blocks.9.mlp.fc1.bias is skipped since its requires_grad=False
2026/06/09 14:59:15 - mmengine - WARNING - backbone.adapter.backbone.blocks.9.mlp.fc2.weight is skipped since its requires_grad=False
2026/06/09 14:59:15 - mmengine - WARNING - backbone.adapter.backbone.blocks.9.mlp.fc2.bias is skipped since its requires_grad=False
2026/06/09 14:59:15 - mmengine - WARNING - backbone.adapter.backbone.blocks.9.ls2.gamma is skipped since its requires_grad=False
2026/06/09 14:59:15 - mmengine - WARNING - backbone.adapter.backbone.blocks.10.norm1.weight is skipped since its requires_grad=False
2026/06/09 14:59:15 - mmengine - WARNING - backbone.adapter.backbone.blocks.10.norm1.bias is skipped since its requires_grad=False
2026/06/09 14:59:15 - mmengine - WARNING - backbone.adapter.backbone.blocks.10.attn.qkv.weight is skipped since its requires_grad=False
2026/06/09 14:59:15 - mmengine - WARNING - backbone.adapter.backbone.blocks.10.attn.qkv.bias is skipped since its requires_grad=False
2026/06/09 14:59:15 - mmengine - WARNING - backbone.adapter.backbone.blocks.10.attn.proj.weight is skipped since its requires_grad=False
2026/06/09 14:59:15 - mmengine - WARNING - backbone.adapter.backbone.blocks.10.attn.proj.bias is skipped since its requires_grad=False
2026/06/09 14:59:15 - mmengine - WARNING - backbone.adapter.backbone.blocks.10.ls1.gamma is skipped since its requires_grad=False
2026/06/09 14:59:15 - mmengine - WARNING - backbone.adapter.backbone.blocks.10.norm2.weight is skipped since its requires_grad=False
2026/06/09 14:59:15 - mmengine - WARNING - backbone.adapter.backbone.blocks.10.norm2.bias is skipped since its requires_grad=False
2026/06/09 14:59:15 - mmengine - WARNING - backbone.adapter.backbone.blocks.10.mlp.fc1.weight is skipped since its requires_grad=False
2026/06/09 14:59:15 - mmengine - WARNING - backbone.adapter.backbone.blocks.10.mlp.fc1.bias is skipped since its requires_grad=False
2026/06/09 14:59:15 - mmengine - WARNING - backbone.adapter.backbone.blocks.10.mlp.fc2.weight is skipped since its requires_grad=False
2026/06/09 14:59:15 - mmengine - WARNING - backbone.adapter.backbone.blocks.10.mlp.fc2.bias is skipped since its requires_grad=False
2026/06/09 14:59:15 - mmengine - WARNING - backbone.adapter.backbone.blocks.10.ls2.gamma is skipped since its requires_grad=False
2026/06/09 14:59:15 - mmengine - WARNING - backbone.adapter.backbone.blocks.11.norm1.weight is skipped since its requires_grad=False
2026/06/09 14:59:15 - mmengine - WARNING - backbone.adapter.backbone.blocks.11.norm1.bias is skipped since its requires_grad=False
2026/06/09 14:59:15 - mmengine - WARNING - backbone.adapter.backbone.blocks.11.attn.qkv.weight is skipped since its requires_grad=False
2026/06/09 14:59:15 - mmengine - WARNING - backbone.adapter.backbone.blocks.11.attn.qkv.bias is skipped since its requires_grad=False
2026/06/09 14:59:15 - mmengine - WARNING - backbone.adapter.backbone.blocks.11.attn.proj.weight is skipped since its requires_grad=False
2026/06/09 14:59:15 - mmengine - WARNING - backbone.adapter.backbone.blocks.11.attn.proj.bias is skipped since its requires_grad=False
2026/06/09 14:59:15 - mmengine - WARNING - backbone.adapter.backbone.blocks.11.ls1.gamma is skipped since its requires_grad=False
2026/06/09 14:59:15 - mmengine - WARNING - backbone.adapter.backbone.blocks.11.norm2.weight is skipped since its requires_grad=False
2026/06/09 14:59:15 - mmengine - WARNING - backbone.adapter.backbone.blocks.11.norm2.bias is skipped since its requires_grad=False
2026/06/09 14:59:15 - mmengine - WARNING - backbone.adapter.backbone.blocks.11.mlp.fc1.weight is skipped since its requires_grad=False
2026/06/09 14:59:15 - mmengine - WARNING - backbone.adapter.backbone.blocks.11.mlp.fc1.bias is skipped since its requires_grad=False
2026/06/09 14:59:15 - mmengine - WARNING - backbone.adapter.backbone.blocks.11.mlp.fc2.weight is skipped since its requires_grad=False
2026/06/09 14:59:15 - mmengine - WARNING - backbone.adapter.backbone.blocks.11.mlp.fc2.bias is skipped since its requires_grad=False
2026/06/09 14:59:15 - mmengine - WARNING - backbone.adapter.backbone.blocks.11.ls2.gamma is skipped since its requires_grad=False
2026/06/09 14:59:15 - mmengine - WARNING - backbone.adapter.backbone.norm.weight is skipped since its requires_grad=False
2026/06/09 14:59:15 - mmengine - WARNING - backbone.adapter.backbone.norm.bias is skipped since its requires_grad=False
2026/06/09 14:59:15 - mmengine - INFO - paramwise_options -- backbone.adapter.spm.stem.0.weight:lr=1e-05
2026/06/09 14:59:15 - mmengine - INFO - paramwise_options -- backbone.adapter.spm.stem.0.weight:weight_decay=0.05
2026/06/09 14:59:15 - mmengine - INFO - paramwise_options -- backbone.adapter.spm.stem.0.weight:lr_mult=0.1
2026/06/09 14:59:15 - mmengine - INFO - paramwise_options -- backbone.adapter.spm.stem.0.weight:decay_mult=1.0
2026/06/09 14:59:15 - mmengine - INFO - paramwise_options -- backbone.adapter.spm.stem.1.weight:lr=1e-05
2026/06/09 14:59:15 - mmengine - INFO - paramwise_options -- backbone.adapter.spm.stem.1.weight:weight_decay=0.05
2026/06/09 14:59:15 - mmengine - INFO - paramwise_options -- backbone.adapter.spm.stem.1.weight:lr_mult=0.1
2026/06/09 14:59:15 - mmengine - INFO - paramwise_options -- backbone.adapter.spm.stem.1.weight:decay_mult=1.0
2026/06/09 14:59:15 - mmengine - INFO - paramwise_options -- backbone.adapter.spm.stem.1.bias:lr=1e-05
2026/06/09 14:59:15 - mmengine - INFO - paramwise_options -- backbone.adapter.spm.stem.1.bias:weight_decay=0.05
2026/06/09 14:59:15 - mmengine - INFO - paramwise_options -- backbone.adapter.spm.stem.1.bias:lr_mult=0.1
2026/06/09 14:59:15 - mmengine - INFO - paramwise_options -- backbone.adapter.spm.stem.1.bias:decay_mult=1.0
2026/06/09 14:59:15 - mmengine - INFO - paramwise_options -- backbone.adapter.spm.stem.3.weight:lr=1e-05
2026/06/09 14:59:15 - mmengine - INFO - paramwise_options -- backbone.adapter.spm.stem.3.weight:weight_decay=0.05
2026/06/09 14:59:15 - mmengine - INFO - paramwise_options -- backbone.adapter.spm.stem.3.weight:lr_mult=0.1
2026/06/09 14:59:15 - mmengine - INFO - paramwise_options -- backbone.adapter.spm.stem.3.weight:decay_mult=1.0
2026/06/09 14:59:15 - mmengine - INFO - paramwise_options -- backbone.adapter.spm.stem.4.weight:lr=1e-05
2026/06/09 14:59:15 - mmengine - INFO - paramwise_options -- backbone.adapter.spm.stem.4.weight:weight_decay=0.05
2026/06/09 14:59:15 - mmengine - INFO - paramwise_options -- backbone.adapter.spm.stem.4.weight:lr_mult=0.1
2026/06/09 14:59:15 - mmengine - INFO - paramwise_options -- backbone.adapter.spm.stem.4.weight:decay_mult=1.0
2026/06/09 14:59:15 - mmengine - INFO - paramwise_options -- backbone.adapter.spm.stem.4.bias:lr=1e-05
2026/06/09 14:59:15 - mmengine - INFO - paramwise_options -- backbone.adapter.spm.stem.4.bias:weight_decay=0.05
2026/06/09 14:59:15 - mmengine - INFO - paramwise_options -- backbone.adapter.spm.stem.4.bias:lr_mult=0.1
2026/06/09 14:59:15 - mmengine - INFO - paramwise_options -- backbone.adapter.spm.stem.4.bias:decay_mult=1.0
2026/06/09 14:59:15 - mmengine - INFO - paramwise_options -- backbone.adapter.spm.stem.6.weight:lr=1e-05
2026/06/09 14:59:15 - mmengine - INFO - paramwise_options -- backbone.adapter.spm.stem.6.weight:weight_decay=0.05
2026/06/09 14:59:15 - mmengine - INFO - paramwise_options -- backbone.adapter.spm.stem.6.weight:lr_mult=0.1
2026/06/09 14:59:15 - mmengine - INFO - paramwise_options -- backbone.adapter.spm.stem.6.weight:decay_mult=1.0
2026/06/09 14:59:15 - mmengine - INFO - paramwise_options -- backbone.adapter.spm.stem.7.weight:lr=1e-05
2026/06/09 14:59:15 - mmengine - INFO - paramwise_options -- backbone.adapter.spm.stem.7.weight:weight_decay=0.05
2026/06/09 14:59:15 - mmengine - INFO - paramwise_options -- backbone.adapter.spm.stem.7.weight:lr_mult=0.1
2026/06/09 14:59:15 - mmengine - INFO - paramwise_options -- backbone.adapter.spm.stem.7.weight:decay_mult=1.0
2026/06/09 14:59:15 - mmengine - INFO - paramwise_options -- backbone.adapter.spm.stem.7.bias:lr=1e-05
2026/06/09 14:59:15 - mmengine - INFO - paramwise_options -- backbone.adapter.spm.stem.7.bias:weight_decay=0.05
2026/06/09 14:59:15 - mmengine - INFO - paramwise_options -- backbone.adapter.spm.stem.7.bias:lr_mult=0.1
2026/06/09 14:59:15 - mmengine - INFO - paramwise_options -- backbone.adapter.spm.stem.7.bias:decay_mult=1.0
2026/06/09 14:59:15 - mmengine - INFO - paramwise_options -- backbone.adapter.spm.conv2.0.weight:lr=1e-05
2026/06/09 14:59:15 - mmengine - INFO - paramwise_options -- backbone.adapter.spm.conv2.0.weight:weight_decay=0.05
2026/06/09 14:59:15 - mmengine - INFO - paramwise_options -- backbone.adapter.spm.conv2.0.weight:lr_mult=0.1
2026/06/09 14:59:15 - mmengine - INFO - paramwise_options -- backbone.adapter.spm.conv2.0.weight:decay_mult=1.0
2026/06/09 14:59:15 - mmengine - INFO - paramwise_options -- backbone.adapter.spm.conv2.1.weight:lr=1e-05
2026/06/09 14:59:15 - mmengine - INFO - paramwise_options -- backbone.adapter.spm.conv2.1.weight:weight_decay=0.05
2026/06/09 14:59:15 - mmengine - INFO - paramwise_options -- backbone.adapter.spm.conv2.1.weight:lr_mult=0.1
2026/06/09 14:59:15 - mmengine - INFO - paramwise_options -- backbone.adapter.spm.conv2.1.weight:decay_mult=1.0
2026/06/09 14:59:15 - mmengine - INFO - paramwise_options -- backbone.adapter.spm.conv2.1.bias:lr=1e-05
2026/06/09 14:59:15 - mmengine - INFO - paramwise_options -- backbone.adapter.spm.conv2.1.bias:weight_decay=0.05
2026/06/09 14:59:15 - mmengine - INFO - paramwise_options -- backbone.adapter.spm.conv2.1.bias:lr_mult=0.1
2026/06/09 14:59:15 - mmengine - INFO - paramwise_options -- backbone.adapter.spm.conv2.1.bias:decay_mult=1.0
2026/06/09 14:59:15 - mmengine - INFO - paramwise_options -- backbone.adapter.spm.conv3.0.weight:lr=1e-05
2026/06/09 14:59:15 - mmengine - INFO - paramwise_options -- backbone.adapter.spm.conv3.0.weight:weight_decay=0.05
2026/06/09 14:59:15 - mmengine - INFO - paramwise_options -- backbone.adapter.spm.conv3.0.weight:lr_mult=0.1
2026/06/09 14:59:15 - mmengine - INFO - paramwise_options -- backbone.adapter.spm.conv3.0.weight:decay_mult=1.0
2026/06/09 14:59:15 - mmengine - INFO - paramwise_options -- backbone.adapter.spm.conv3.1.weight:lr=1e-05
2026/06/09 14:59:15 - mmengine - INFO - paramwise_options -- backbone.adapter.spm.conv3.1.weight:weight_decay=0.05
2026/06/09 14:59:15 - mmengine - INFO - paramwise_options -- backbone.adapter.spm.conv3.1.weight:lr_mult=0.1
2026/06/09 14:59:15 - mmengine - INFO - paramwise_options -- backbone.adapter.spm.conv3.1.weight:decay_mult=1.0
2026/06/09 14:59:15 - mmengine - INFO - paramwise_options -- backbone.adapter.spm.conv3.1.bias:lr=1e-05
2026/06/09 14:59:15 - mmengine - INFO - paramwise_options -- backbone.adapter.spm.conv3.1.bias:weight_decay=0.05
2026/06/09 14:59:15 - mmengine - INFO - paramwise_options -- backbone.adapter.spm.conv3.1.bias:lr_mult=0.1
2026/06/09 14:59:15 - mmengine - INFO - paramwise_options -- backbone.adapter.spm.conv3.1.bias:decay_mult=1.0
2026/06/09 14:59:15 - mmengine - INFO - paramwise_options -- backbone.adapter.spm.conv4.0.weight:lr=1e-05
2026/06/09 14:59:15 - mmengine - INFO - paramwise_options -- backbone.adapter.spm.conv4.0.weight:weight_decay=0.05
2026/06/09 14:59:15 - mmengine - INFO - paramwise_options -- backbone.adapter.spm.conv4.0.weight:lr_mult=0.1
2026/06/09 14:59:15 - mmengine - INFO - paramwise_options -- backbone.adapter.spm.conv4.0.weight:decay_mult=1.0
2026/06/09 14:59:15 - mmengine - INFO - paramwise_options -- backbone.adapter.spm.conv4.1.weight:lr=1e-05
2026/06/09 14:59:15 - mmengine - INFO - paramwise_options -- backbone.adapter.spm.conv4.1.weight:weight_decay=0.05
2026/06/09 14:59:15 - mmengine - INFO - paramwise_options -- backbone.adapter.spm.conv4.1.weight:lr_mult=0.1
2026/06/09 14:59:15 - mmengine - INFO - paramwise_options -- backbone.adapter.spm.conv4.1.weight:decay_mult=1.0
2026/06/09 14:59:15 - mmengine - INFO - paramwise_options -- backbone.adapter.spm.conv4.1.bias:lr=1e-05
2026/06/09 14:59:15 - mmengine - INFO - paramwise_options -- backbone.adapter.spm.conv4.1.bias:weight_decay=0.05
2026/06/09 14:59:15 - mmengine - INFO - paramwise_options -- backbone.adapter.spm.conv4.1.bias:lr_mult=0.1
2026/06/09 14:59:15 - mmengine - INFO - paramwise_options -- backbone.adapter.spm.conv4.1.bias:decay_mult=1.0
2026/06/09 14:59:15 - mmengine - INFO - paramwise_options -- backbone.adapter.spm.fc1.weight:lr=1e-05
2026/06/09 14:59:15 - mmengine - INFO - paramwise_options -- backbone.adapter.spm.fc1.weight:weight_decay=0.05
2026/06/09 14:59:15 - mmengine - INFO - paramwise_options -- backbone.adapter.spm.fc1.weight:lr_mult=0.1
2026/06/09 14:59:15 - mmengine - INFO - paramwise_options -- backbone.adapter.spm.fc1.weight:decay_mult=1.0
2026/06/09 14:59:15 - mmengine - INFO - paramwise_options -- backbone.adapter.spm.fc1.bias:lr=1e-05
2026/06/09 14:59:15 - mmengine - INFO - paramwise_options -- backbone.adapter.spm.fc1.bias:weight_decay=0.05
2026/06/09 14:59:15 - mmengine - INFO - paramwise_options -- backbone.adapter.spm.fc1.bias:lr_mult=0.1
2026/06/09 14:59:15 - mmengine - INFO - paramwise_options -- backbone.adapter.spm.fc1.bias:decay_mult=1.0
2026/06/09 14:59:15 - mmengine - INFO - paramwise_options -- backbone.adapter.spm.fc2.weight:lr=1e-05
2026/06/09 14:59:15 - mmengine - INFO - paramwise_options -- backbone.adapter.spm.fc2.weight:weight_decay=0.05
2026/06/09 14:59:15 - mmengine - INFO - paramwise_options -- backbone.adapter.spm.fc2.weight:lr_mult=0.1
2026/06/09 14:59:15 - mmengine - INFO - paramwise_options -- backbone.adapter.spm.fc2.weight:decay_mult=1.0
2026/06/09 14:59:15 - mmengine - INFO - paramwise_options -- backbone.adapter.spm.fc2.bias:lr=1e-05
2026/06/09 14:59:15 - mmengine - INFO - paramwise_options -- backbone.adapter.spm.fc2.bias:weight_decay=0.05
2026/06/09 14:59:15 - mmengine - INFO - paramwise_options -- backbone.adapter.spm.fc2.bias:lr_mult=0.1
2026/06/09 14:59:15 - mmengine - INFO - paramwise_options -- backbone.adapter.spm.fc2.bias:decay_mult=1.0
2026/06/09 14:59:15 - mmengine - INFO - paramwise_options -- backbone.adapter.spm.fc3.weight:lr=1e-05
2026/06/09 14:59:15 - mmengine - INFO - paramwise_options -- backbone.adapter.spm.fc3.weight:weight_decay=0.05
2026/06/09 14:59:15 - mmengine - INFO - paramwise_options -- backbone.adapter.spm.fc3.weight:lr_mult=0.1
2026/06/09 14:59:15 - mmengine - INFO - paramwise_options -- backbone.adapter.spm.fc3.weight:decay_mult=1.0
2026/06/09 14:59:15 - mmengine - INFO - paramwise_options -- backbone.adapter.spm.fc3.bias:lr=1e-05
2026/06/09 14:59:15 - mmengine - INFO - paramwise_options -- backbone.adapter.spm.fc3.bias:weight_decay=0.05
2026/06/09 14:59:15 - mmengine - INFO - paramwise_options -- backbone.adapter.spm.fc3.bias:lr_mult=0.1
2026/06/09 14:59:15 - mmengine - INFO - paramwise_options -- backbone.adapter.spm.fc3.bias:decay_mult=1.0
2026/06/09 14:59:15 - mmengine - INFO - paramwise_options -- backbone.adapter.spm.fc4.weight:lr=1e-05
2026/06/09 14:59:15 - mmengine - INFO - paramwise_options -- backbone.adapter.spm.fc4.weight:weight_decay=0.05
2026/06/09 14:59:15 - mmengine - INFO - paramwise_options -- backbone.adapter.spm.fc4.weight:lr_mult=0.1
2026/06/09 14:59:15 - mmengine - INFO - paramwise_options -- backbone.adapter.spm.fc4.weight:decay_mult=1.0
2026/06/09 14:59:15 - mmengine - INFO - paramwise_options -- backbone.adapter.spm.fc4.bias:lr=1e-05
2026/06/09 14:59:15 - mmengine - INFO - paramwise_options -- backbone.adapter.spm.fc4.bias:weight_decay=0.05
2026/06/09 14:59:15 - mmengine - INFO - paramwise_options -- backbone.adapter.spm.fc4.bias:lr_mult=0.1
2026/06/09 14:59:15 - mmengine - INFO - paramwise_options -- backbone.adapter.spm.fc4.bias:decay_mult=1.0
2026/06/09 14:59:15 - mmengine - INFO - paramwise_options -- backbone.adapter.interactions.0.extractor.query_norm.weight:lr=1e-05
2026/06/09 14:59:15 - mmengine - INFO - paramwise_options -- backbone.adapter.interactions.0.extractor.query_norm.weight:weight_decay=0.05
2026/06/09 14:59:15 - mmengine - INFO - paramwise_options -- backbone.adapter.interactions.0.extractor.query_norm.weight:lr_mult=0.1
2026/06/09 14:59:15 - mmengine - INFO - paramwise_options -- backbone.adapter.interactions.0.extractor.query_norm.weight:decay_mult=1.0
2026/06/09 14:59:15 - mmengine - INFO - paramwise_options -- backbone.adapter.interactions.0.extractor.query_norm.bias:lr=1e-05
2026/06/09 14:59:15 - mmengine - INFO - paramwise_options -- backbone.adapter.interactions.0.extractor.query_norm.bias:weight_decay=0.05
2026/06/09 14:59:15 - mmengine - INFO - paramwise_options -- backbone.adapter.interactions.0.extractor.query_norm.bias:lr_mult=0.1
2026/06/09 14:59:15 - mmengine - INFO - paramwise_options -- backbone.adapter.interactions.0.extractor.query_norm.bias:decay_mult=1.0
2026/06/09 14:59:15 - mmengine - INFO - paramwise_options -- backbone.adapter.interactions.0.extractor.feat_norm.weight:lr=1e-05
2026/06/09 14:59:15 - mmengine - INFO - paramwise_options -- backbone.adapter.interactions.0.extractor.feat_norm.weight:weight_decay=0.05
2026/06/09 14:59:15 - mmengine - INFO - paramwise_options -- backbone.adapter.interactions.0.extractor.feat_norm.weight:lr_mult=0.1
2026/06/09 14:59:15 - mmengine - INFO - paramwise_options -- backbone.adapter.interactions.0.extractor.feat_norm.weight:decay_mult=1.0
2026/06/09 14:59:15 - mmengine - INFO - paramwise_options -- backbone.adapter.interactions.0.extractor.feat_norm.bias:lr=1e-05
2026/06/09 14:59:15 - mmengine - INFO - paramwise_options -- backbone.adapter.interactions.0.extractor.feat_norm.bias:weight_decay=0.05
2026/06/09 14:59:15 - mmengine - INFO - paramwise_options -- backbone.adapter.interactions.0.extractor.feat_norm.bias:lr_mult=0.1
2026/06/09 14:59:15 - mmengine - INFO - paramwise_options -- backbone.adapter.interactions.0.extractor.feat_norm.bias:decay_mult=1.0
2026/06/09 14:59:15 - mmengine - INFO - paramwise_options -- backbone.adapter.interactions.0.extractor.attn.attn.sampling_offsets.weight:lr=1e-05
2026/06/09 14:59:15 - mmengine - INFO - paramwise_options -- backbone.adapter.interactions.0.extractor.attn.attn.sampling_offsets.weight:weight_decay=0.05
2026/06/09 14:59:15 - mmengine - INFO - paramwise_options -- backbone.adapter.interactions.0.extractor.attn.attn.sampling_offsets.weight:lr_mult=0.1
2026/06/09 14:59:15 - mmengine - INFO - paramwise_options -- backbone.adapter.interactions.0.extractor.attn.attn.sampling_offsets.weight:decay_mult=1.0
2026/06/09 14:59:15 - mmengine - INFO - paramwise_options -- backbone.adapter.interactions.0.extractor.attn.attn.sampling_offsets.bias:lr=1e-05
2026/06/09 14:59:15 - mmengine - INFO - paramwise_options -- backbone.adapter.interactions.0.extractor.attn.attn.sampling_offsets.bias:weight_decay=0.05
2026/06/09 14:59:15 - mmengine - INFO - paramwise_options -- backbone.adapter.interactions.0.extractor.attn.attn.sampling_offsets.bias:lr_mult=0.1
2026/06/09 14:59:15 - mmengine - INFO - paramwise_options -- backbone.adapter.interactions.0.extractor.attn.attn.sampling_offsets.bias:decay_mult=1.0
2026/06/09 14:59:15 - mmengine - INFO - paramwise_options -- backbone.adapter.interactions.0.extractor.attn.attn.attention_weights.weight:lr=1e-05
2026/06/09 14:59:15 - mmengine - INFO - paramwise_options -- backbone.adapter.interactions.0.extractor.attn.attn.attention_weights.weight:weight_decay=0.05
2026/06/09 14:59:15 - mmengine - INFO - paramwise_options -- backbone.adapter.interactions.0.extractor.attn.attn.attention_weights.weight:lr_mult=0.1
2026/06/09 14:59:15 - mmengine - INFO - paramwise_options -- backbone.adapter.interactions.0.extractor.attn.attn.attention_weights.weight:decay_mult=1.0
2026/06/09 14:59:15 - mmengine - INFO - paramwise_options -- backbone.adapter.interactions.0.extractor.attn.attn.attention_weights.bias:lr=1e-05
2026/06/09 14:59:15 - mmengine - INFO - paramwise_options -- backbone.adapter.interactions.0.extractor.attn.attn.attention_weights.bias:weight_decay=0.05
2026/06/09 14:59:15 - mmengine - INFO - paramwise_options -- backbone.adapter.interactions.0.extractor.attn.attn.attention_weights.bias:lr_mult=0.1
2026/06/09 14:59:15 - mmengine - INFO - paramwise_options -- backbone.adapter.interactions.0.extractor.attn.attn.attention_weights.bias:decay_mult=1.0
2026/06/09 14:59:15 - mmengine - INFO - paramwise_options -- backbone.adapter.interactions.0.extractor.attn.attn.value_proj.weight:lr=1e-05
2026/06/09 14:59:15 - mmengine - INFO - paramwise_options -- backbone.adapter.interactions.0.extractor.attn.attn.value_proj.weight:weight_decay=0.05
2026/06/09 14:59:15 - mmengine - INFO - paramwise_options -- backbone.adapter.interactions.0.extractor.attn.attn.value_proj.weight:lr_mult=0.1
2026/06/09 14:59:15 - mmengine - INFO - paramwise_options -- backbone.adapter.interactions.0.extractor.attn.attn.value_proj.weight:decay_mult=1.0
2026/06/09 14:59:15 - mmengine - INFO - paramwise_options -- backbone.adapter.interactions.0.extractor.attn.attn.value_proj.bias:lr=1e-05
2026/06/09 14:59:15 - mmengine - INFO - paramwise_options -- backbone.adapter.interactions.0.extractor.attn.attn.value_proj.bias:weight_decay=0.05
2026/06/09 14:59:15 - mmengine - INFO - paramwise_options -- backbone.adapter.interactions.0.extractor.attn.attn.value_proj.bias:lr_mult=0.1
2026/06/09 14:59:15 - mmengine - INFO - paramwise_options -- backbone.adapter.interactions.0.extractor.attn.attn.value_proj.bias:decay_mult=1.0
2026/06/09 14:59:15 - mmengine - INFO - paramwise_options -- backbone.adapter.interactions.0.extractor.attn.attn.output_proj.weight:lr=1e-05
2026/06/09 14:59:15 - mmengine - INFO - paramwise_options -- backbone.adapter.interactions.0.extractor.attn.attn.output_proj.weight:weight_decay=0.05
2026/06/09 14:59:15 - mmengine - INFO - paramwise_options -- backbone.adapter.interactions.0.extractor.attn.attn.output_proj.weight:lr_mult=0.1
2026/06/09 14:59:15 - mmengine - INFO - paramwise_options -- backbone.adapter.interactions.0.extractor.attn.attn.output_proj.weight:decay_mult=1.0
2026/06/09 14:59:15 - mmengine - INFO - paramwise_options -- backbone.adapter.interactions.0.extractor.attn.attn.output_proj.bias:lr=1e-05
2026/06/09 14:59:15 - mmengine - INFO - paramwise_options -- backbone.adapter.interactions.0.extractor.attn.attn.output_proj.bias:weight_decay=0.05
2026/06/09 14:59:15 - mmengine - INFO - paramwise_options -- backbone.adapter.interactions.0.extractor.attn.attn.output_proj.bias:lr_mult=0.1
2026/06/09 14:59:15 - mmengine - INFO - paramwise_options -- backbone.adapter.interactions.0.extractor.attn.attn.output_proj.bias:decay_mult=1.0
2026/06/09 14:59:15 - mmengine - INFO - paramwise_options -- backbone.adapter.interactions.0.extractor.ffn.fc1.weight:lr=1e-05
2026/06/09 14:59:15 - mmengine - INFO - paramwise_options -- backbone.adapter.interactions.0.extractor.ffn.fc1.weight:weight_decay=0.05
2026/06/09 14:59:15 - mmengine - INFO - paramwise_options -- backbone.adapter.interactions.0.extractor.ffn.fc1.weight:lr_mult=0.1
2026/06/09 14:59:15 - mmengine - INFO - paramwise_options -- backbone.adapter.interactions.0.extractor.ffn.fc1.weight:decay_mult=1.0
2026/06/09 14:59:15 - mmengine - INFO - paramwise_options -- backbone.adapter.interactions.0.extractor.ffn.fc1.bias:lr=1e-05
2026/06/09 14:59:15 - mmengine - INFO - paramwise_options -- backbone.adapter.interactions.0.extractor.ffn.fc1.bias:weight_decay=0.05
2026/06/09 14:59:15 - mmengine - INFO - paramwise_options -- backbone.adapter.interactions.0.extractor.ffn.fc1.bias:lr_mult=0.1
2026/06/09 14:59:15 - mmengine - INFO - paramwise_options -- backbone.adapter.interactions.0.extractor.ffn.fc1.bias:decay_mult=1.0
2026/06/09 14:59:15 - mmengine - INFO - paramwise_options -- backbone.adapter.interactions.0.extractor.ffn.dwconv.dwconv.weight:lr=1e-05
2026/06/09 14:59:15 - mmengine - INFO - paramwise_options -- backbone.adapter.interactions.0.extractor.ffn.dwconv.dwconv.weight:weight_decay=0.05
2026/06/09 14:59:15 - mmengine - INFO - paramwise_options -- backbone.adapter.interactions.0.extractor.ffn.dwconv.dwconv.weight:lr_mult=0.1
2026/06/09 14:59:15 - mmengine - INFO - paramwise_options -- backbone.adapter.interactions.0.extractor.ffn.dwconv.dwconv.weight:decay_mult=1.0
2026/06/09 14:59:15 - mmengine - INFO - paramwise_options -- backbone.adapter.interactions.0.extractor.ffn.dwconv.dwconv.bias:lr=1e-05
2026/06/09 14:59:15 - mmengine - INFO - paramwise_options -- backbone.adapter.interactions.0.extractor.ffn.dwconv.dwconv.bias:weight_decay=0.05
2026/06/09 14:59:15 - mmengine - INFO - paramwise_options -- backbone.adapter.interactions.0.extractor.ffn.dwconv.dwconv.bias:lr_mult=0.1
2026/06/09 14:59:15 - mmengine - INFO - paramwise_options -- backbone.adapter.interactions.0.extractor.ffn.dwconv.dwconv.bias:decay_mult=1.0
2026/06/09 14:59:15 - mmengine - INFO - paramwise_options -- backbone.adapter.interactions.0.extractor.ffn.fc2.weight:lr=1e-05
2026/06/09 14:59:15 - mmengine - INFO - paramwise_options -- backbone.adapter.interactions.0.extractor.ffn.fc2.weight:weight_decay=0.05
2026/06/09 14:59:15 - mmengine - INFO - paramwise_options -- backbone.adapter.interactions.0.extractor.ffn.fc2.weight:lr_mult=0.1
2026/06/09 14:59:15 - mmengine - INFO - paramwise_options -- backbone.adapter.interactions.0.extractor.ffn.fc2.weight:decay_mult=1.0
2026/06/09 14:59:15 - mmengine - INFO - paramwise_options -- backbone.adapter.interactions.0.extractor.ffn.fc2.bias:lr=1e-05
2026/06/09 14:59:15 - mmengine - INFO - paramwise_options -- backbone.adapter.interactions.0.extractor.ffn.fc2.bias:weight_decay=0.05
2026/06/09 14:59:15 - mmengine - INFO - paramwise_options -- backbone.adapter.interactions.0.extractor.ffn.fc2.bias:lr_mult=0.1
2026/06/09 14:59:15 - mmengine - INFO - paramwise_options -- backbone.adapter.interactions.0.extractor.ffn.fc2.bias:decay_mult=1.0
2026/06/09 14:59:15 - mmengine - INFO - paramwise_options -- backbone.adapter.interactions.0.extractor.ffn_norm.weight:lr=1e-05
2026/06/09 14:59:15 - mmengine - INFO - paramwise_options -- backbone.adapter.interactions.0.extractor.ffn_norm.weight:weight_decay=0.05
2026/06/09 14:59:15 - mmengine - INFO - paramwise_options -- backbone.adapter.interactions.0.extractor.ffn_norm.weight:lr_mult=0.1
2026/06/09 14:59:15 - mmengine - INFO - paramwise_options -- backbone.adapter.interactions.0.extractor.ffn_norm.weight:decay_mult=1.0
2026/06/09 14:59:15 - mmengine - INFO - paramwise_options -- backbone.adapter.interactions.0.extractor.ffn_norm.bias:lr=1e-05
2026/06/09 14:59:15 - mmengine - INFO - paramwise_options -- backbone.adapter.interactions.0.extractor.ffn_norm.bias:weight_decay=0.05
2026/06/09 14:59:15 - mmengine - INFO - paramwise_options -- backbone.adapter.interactions.0.extractor.ffn_norm.bias:lr_mult=0.1
2026/06/09 14:59:15 - mmengine - INFO - paramwise_options -- backbone.adapter.interactions.0.extractor.ffn_norm.bias:decay_mult=1.0
2026/06/09 14:59:15 - mmengine - INFO - paramwise_options -- backbone.adapter.interactions.1.extractor.query_norm.weight:lr=1e-05
2026/06/09 14:59:15 - mmengine - INFO - paramwise_options -- backbone.adapter.interactions.1.extractor.query_norm.weight:weight_decay=0.05
2026/06/09 14:59:15 - mmengine - INFO - paramwise_options -- backbone.adapter.interactions.1.extractor.query_norm.weight:lr_mult=0.1
2026/06/09 14:59:15 - mmengine - INFO - paramwise_options -- backbone.adapter.interactions.1.extractor.query_norm.weight:decay_mult=1.0
2026/06/09 14:59:15 - mmengine - INFO - paramwise_options -- backbone.adapter.interactions.1.extractor.query_norm.bias:lr=1e-05
2026/06/09 14:59:15 - mmengine - INFO - paramwise_options -- backbone.adapter.interactions.1.extractor.query_norm.bias:weight_decay=0.05
2026/06/09 14:59:16 - mmengine - INFO - paramwise_options -- backbone.adapter.interactions.1.extractor.query_norm.bias:lr_mult=0.1
2026/06/09 14:59:16 - mmengine - INFO - paramwise_options -- backbone.adapter.interactions.1.extractor.query_norm.bias:decay_mult=1.0
2026/06/09 14:59:16 - mmengine - INFO - paramwise_options -- backbone.adapter.interactions.1.extractor.feat_norm.weight:lr=1e-05
2026/06/09 14:59:16 - mmengine - INFO - paramwise_options -- backbone.adapter.interactions.1.extractor.feat_norm.weight:weight_decay=0.05
2026/06/09 14:59:16 - mmengine - INFO - paramwise_options -- backbone.adapter.interactions.1.extractor.feat_norm.weight:lr_mult=0.1
2026/06/09 14:59:16 - mmengine - INFO - paramwise_options -- backbone.adapter.interactions.1.extractor.feat_norm.weight:decay_mult=1.0
2026/06/09 14:59:16 - mmengine - INFO - paramwise_options -- backbone.adapter.interactions.1.extractor.feat_norm.bias:lr=1e-05
2026/06/09 14:59:16 - mmengine - INFO - paramwise_options -- backbone.adapter.interactions.1.extractor.feat_norm.bias:weight_decay=0.05
2026/06/09 14:59:16 - mmengine - INFO - paramwise_options -- backbone.adapter.interactions.1.extractor.feat_norm.bias:lr_mult=0.1
2026/06/09 14:59:16 - mmengine - INFO - paramwise_options -- backbone.adapter.interactions.1.extractor.feat_norm.bias:decay_mult=1.0
2026/06/09 14:59:16 - mmengine - INFO - paramwise_options -- backbone.adapter.interactions.1.extractor.attn.attn.sampling_offsets.weight:lr=1e-05
2026/06/09 14:59:16 - mmengine - INFO - paramwise_options -- backbone.adapter.interactions.1.extractor.attn.attn.sampling_offsets.weight:weight_decay=0.05
2026/06/09 14:59:16 - mmengine - INFO - paramwise_options -- backbone.adapter.interactions.1.extractor.attn.attn.sampling_offsets.weight:lr_mult=0.1
2026/06/09 14:59:16 - mmengine - INFO - paramwise_options -- backbone.adapter.interactions.1.extractor.attn.attn.sampling_offsets.weight:decay_mult=1.0
2026/06/09 14:59:16 - mmengine - INFO - paramwise_options -- backbone.adapter.interactions.1.extractor.attn.attn.sampling_offsets.bias:lr=1e-05
2026/06/09 14:59:16 - mmengine - INFO - paramwise_options -- backbone.adapter.interactions.1.extractor.attn.attn.sampling_offsets.bias:weight_decay=0.05
2026/06/09 14:59:16 - mmengine - INFO - paramwise_options -- backbone.adapter.interactions.1.extractor.attn.attn.sampling_offsets.bias:lr_mult=0.1
2026/06/09 14:59:16 - mmengine - INFO - paramwise_options -- backbone.adapter.interactions.1.extractor.attn.attn.sampling_offsets.bias:decay_mult=1.0
2026/06/09 14:59:16 - mmengine - INFO - paramwise_options -- backbone.adapter.interactions.1.extractor.attn.attn.attention_weights.weight:lr=1e-05
2026/06/09 14:59:16 - mmengine - INFO - paramwise_options -- backbone.adapter.interactions.1.extractor.attn.attn.attention_weights.weight:weight_decay=0.05
2026/06/09 14:59:16 - mmengine - INFO - paramwise_options -- backbone.adapter.interactions.1.extractor.attn.attn.attention_weights.weight:lr_mult=0.1
2026/06/09 14:59:16 - mmengine - INFO - paramwise_options -- backbone.adapter.interactions.1.extractor.attn.attn.attention_weights.weight:decay_mult=1.0
2026/06/09 14:59:16 - mmengine - INFO - paramwise_options -- backbone.adapter.interactions.1.extractor.attn.attn.attention_weights.bias:lr=1e-05
2026/06/09 14:59:16 - mmengine - INFO - paramwise_options -- backbone.adapter.interactions.1.extractor.attn.attn.attention_weights.bias:weight_decay=0.05
2026/06/09 14:59:16 - mmengine - INFO - paramwise_options -- backbone.adapter.interactions.1.extractor.attn.attn.attention_weights.bias:lr_mult=0.1
2026/06/09 14:59:16 - mmengine - INFO - paramwise_options -- backbone.adapter.interactions.1.extractor.attn.attn.attention_weights.bias:decay_mult=1.0
2026/06/09 14:59:16 - mmengine - INFO - paramwise_options -- backbone.adapter.interactions.1.extractor.attn.attn.value_proj.weight:lr=1e-05
2026/06/09 14:59:16 - mmengine - INFO - paramwise_options -- backbone.adapter.interactions.1.extractor.attn.attn.value_proj.weight:weight_decay=0.05
2026/06/09 14:59:16 - mmengine - INFO - paramwise_options -- backbone.adapter.interactions.1.extractor.attn.attn.value_proj.weight:lr_mult=0.1
2026/06/09 14:59:16 - mmengine - INFO - paramwise_options -- backbone.adapter.interactions.1.extractor.attn.attn.value_proj.weight:decay_mult=1.0
2026/06/09 14:59:16 - mmengine - INFO - paramwise_options -- backbone.adapter.interactions.1.extractor.attn.attn.value_proj.bias:lr=1e-05
2026/06/09 14:59:16 - mmengine - INFO - paramwise_options -- backbone.adapter.interactions.1.extractor.attn.attn.value_proj.bias:weight_decay=0.05
2026/06/09 14:59:16 - mmengine - INFO - paramwise_options -- backbone.adapter.interactions.1.extractor.attn.attn.value_proj.bias:lr_mult=0.1
2026/06/09 14:59:16 - mmengine - INFO - paramwise_options -- backbone.adapter.interactions.1.extractor.attn.attn.value_proj.bias:decay_mult=1.0
2026/06/09 14:59:16 - mmengine - INFO - paramwise_options -- backbone.adapter.interactions.1.extractor.attn.attn.output_proj.weight:lr=1e-05
2026/06/09 14:59:16 - mmengine - INFO - paramwise_options -- backbone.adapter.interactions.1.extractor.attn.attn.output_proj.weight:weight_decay=0.05
2026/06/09 14:59:16 - mmengine - INFO - paramwise_options -- backbone.adapter.interactions.1.extractor.attn.attn.output_proj.weight:lr_mult=0.1
2026/06/09 14:59:16 - mmengine - INFO - paramwise_options -- backbone.adapter.interactions.1.extractor.attn.attn.output_proj.weight:decay_mult=1.0
2026/06/09 14:59:16 - mmengine - INFO - paramwise_options -- backbone.adapter.interactions.1.extractor.attn.attn.output_proj.bias:lr=1e-05
2026/06/09 14:59:16 - mmengine - INFO - paramwise_options -- backbone.adapter.interactions.1.extractor.attn.attn.output_proj.bias:weight_decay=0.05
2026/06/09 14:59:16 - mmengine - INFO - paramwise_options -- backbone.adapter.interactions.1.extractor.attn.attn.output_proj.bias:lr_mult=0.1
2026/06/09 14:59:16 - mmengine - INFO - paramwise_options -- backbone.adapter.interactions.1.extractor.attn.attn.output_proj.bias:decay_mult=1.0
2026/06/09 14:59:16 - mmengine - INFO - paramwise_options -- backbone.adapter.interactions.1.extractor.ffn.fc1.weight:lr=1e-05
2026/06/09 14:59:16 - mmengine - INFO - paramwise_options -- backbone.adapter.interactions.1.extractor.ffn.fc1.weight:weight_decay=0.05
2026/06/09 14:59:16 - mmengine - INFO - paramwise_options -- backbone.adapter.interactions.1.extractor.ffn.fc1.weight:lr_mult=0.1
2026/06/09 14:59:16 - mmengine - INFO - paramwise_options -- backbone.adapter.interactions.1.extractor.ffn.fc1.weight:decay_mult=1.0
2026/06/09 14:59:16 - mmengine - INFO - paramwise_options -- backbone.adapter.interactions.1.extractor.ffn.fc1.bias:lr=1e-05
2026/06/09 14:59:16 - mmengine - INFO - paramwise_options -- backbone.adapter.interactions.1.extractor.ffn.fc1.bias:weight_decay=0.05
2026/06/09 14:59:16 - mmengine - INFO - paramwise_options -- backbone.adapter.interactions.1.extractor.ffn.fc1.bias:lr_mult=0.1
2026/06/09 14:59:16 - mmengine - INFO - paramwise_options -- backbone.adapter.interactions.1.extractor.ffn.fc1.bias:decay_mult=1.0
2026/06/09 14:59:16 - mmengine - INFO - paramwise_options -- backbone.adapter.interactions.1.extractor.ffn.dwconv.dwconv.weight:lr=1e-05
2026/06/09 14:59:16 - mmengine - INFO - paramwise_options -- backbone.adapter.interactions.1.extractor.ffn.dwconv.dwconv.weight:weight_decay=0.05
2026/06/09 14:59:16 - mmengine - INFO - paramwise_options -- backbone.adapter.interactions.1.extractor.ffn.dwconv.dwconv.weight:lr_mult=0.1
2026/06/09 14:59:16 - mmengine - INFO - paramwise_options -- backbone.adapter.interactions.1.extractor.ffn.dwconv.dwconv.weight:decay_mult=1.0
2026/06/09 14:59:16 - mmengine - INFO - paramwise_options -- backbone.adapter.interactions.1.extractor.ffn.dwconv.dwconv.bias:lr=1e-05
2026/06/09 14:59:16 - mmengine - INFO - paramwise_options -- backbone.adapter.interactions.1.extractor.ffn.dwconv.dwconv.bias:weight_decay=0.05
2026/06/09 14:59:16 - mmengine - INFO - paramwise_options -- backbone.adapter.interactions.1.extractor.ffn.dwconv.dwconv.bias:lr_mult=0.1
2026/06/09 14:59:16 - mmengine - INFO - paramwise_options -- backbone.adapter.interactions.1.extractor.ffn.dwconv.dwconv.bias:decay_mult=1.0
2026/06/09 14:59:16 - mmengine - INFO - paramwise_options -- backbone.adapter.interactions.1.extractor.ffn.fc2.weight:lr=1e-05
2026/06/09 14:59:16 - mmengine - INFO - paramwise_options -- backbone.adapter.interactions.1.extractor.ffn.fc2.weight:weight_decay=0.05
2026/06/09 14:59:16 - mmengine - INFO - paramwise_options -- backbone.adapter.interactions.1.extractor.ffn.fc2.weight:lr_mult=0.1
2026/06/09 14:59:16 - mmengine - INFO - paramwise_options -- backbone.adapter.interactions.1.extractor.ffn.fc2.weight:decay_mult=1.0
2026/06/09 14:59:16 - mmengine - INFO - paramwise_options -- backbone.adapter.interactions.1.extractor.ffn.fc2.bias:lr=1e-05
2026/06/09 14:59:16 - mmengine - INFO - paramwise_options -- backbone.adapter.interactions.1.extractor.ffn.fc2.bias:weight_decay=0.05
2026/06/09 14:59:16 - mmengine - INFO - paramwise_options -- backbone.adapter.interactions.1.extractor.ffn.fc2.bias:lr_mult=0.1
2026/06/09 14:59:16 - mmengine - INFO - paramwise_options -- backbone.adapter.interactions.1.extractor.ffn.fc2.bias:decay_mult=1.0
2026/06/09 14:59:16 - mmengine - INFO - paramwise_options -- backbone.adapter.interactions.1.extractor.ffn_norm.weight:lr=1e-05
2026/06/09 14:59:16 - mmengine - INFO - paramwise_options -- backbone.adapter.interactions.1.extractor.ffn_norm.weight:weight_decay=0.05
2026/06/09 14:59:16 - mmengine - INFO - paramwise_options -- backbone.adapter.interactions.1.extractor.ffn_norm.weight:lr_mult=0.1
2026/06/09 14:59:16 - mmengine - INFO - paramwise_options -- backbone.adapter.interactions.1.extractor.ffn_norm.weight:decay_mult=1.0
2026/06/09 14:59:16 - mmengine - INFO - paramwise_options -- backbone.adapter.interactions.1.extractor.ffn_norm.bias:lr=1e-05
2026/06/09 14:59:16 - mmengine - INFO - paramwise_options -- backbone.adapter.interactions.1.extractor.ffn_norm.bias:weight_decay=0.05
2026/06/09 14:59:16 - mmengine - INFO - paramwise_options -- backbone.adapter.interactions.1.extractor.ffn_norm.bias:lr_mult=0.1
2026/06/09 14:59:16 - mmengine - INFO - paramwise_options -- backbone.adapter.interactions.1.extractor.ffn_norm.bias:decay_mult=1.0
2026/06/09 14:59:16 - mmengine - INFO - paramwise_options -- backbone.adapter.interactions.2.extractor.query_norm.weight:lr=1e-05
2026/06/09 14:59:16 - mmengine - INFO - paramwise_options -- backbone.adapter.interactions.2.extractor.query_norm.weight:weight_decay=0.05
2026/06/09 14:59:16 - mmengine - INFO - paramwise_options -- backbone.adapter.interactions.2.extractor.query_norm.weight:lr_mult=0.1
2026/06/09 14:59:16 - mmengine - INFO - paramwise_options -- backbone.adapter.interactions.2.extractor.query_norm.weight:decay_mult=1.0
2026/06/09 14:59:16 - mmengine - INFO - paramwise_options -- backbone.adapter.interactions.2.extractor.query_norm.bias:lr=1e-05
2026/06/09 14:59:16 - mmengine - INFO - paramwise_options -- backbone.adapter.interactions.2.extractor.query_norm.bias:weight_decay=0.05
2026/06/09 14:59:16 - mmengine - INFO - paramwise_options -- backbone.adapter.interactions.2.extractor.query_norm.bias:lr_mult=0.1
2026/06/09 14:59:16 - mmengine - INFO - paramwise_options -- backbone.adapter.interactions.2.extractor.query_norm.bias:decay_mult=1.0
2026/06/09 14:59:16 - mmengine - INFO - paramwise_options -- backbone.adapter.interactions.2.extractor.feat_norm.weight:lr=1e-05
2026/06/09 14:59:16 - mmengine - INFO - paramwise_options -- backbone.adapter.interactions.2.extractor.feat_norm.weight:weight_decay=0.05
2026/06/09 14:59:16 - mmengine - INFO - paramwise_options -- backbone.adapter.interactions.2.extractor.feat_norm.weight:lr_mult=0.1
2026/06/09 14:59:16 - mmengine - INFO - paramwise_options -- backbone.adapter.interactions.2.extractor.feat_norm.weight:decay_mult=1.0
2026/06/09 14:59:16 - mmengine - INFO - paramwise_options -- backbone.adapter.interactions.2.extractor.feat_norm.bias:lr=1e-05
2026/06/09 14:59:16 - mmengine - INFO - paramwise_options -- backbone.adapter.interactions.2.extractor.feat_norm.bias:weight_decay=0.05
2026/06/09 14:59:16 - mmengine - INFO - paramwise_options -- backbone.adapter.interactions.2.extractor.feat_norm.bias:lr_mult=0.1
2026/06/09 14:59:16 - mmengine - INFO - paramwise_options -- backbone.adapter.interactions.2.extractor.feat_norm.bias:decay_mult=1.0
2026/06/09 14:59:16 - mmengine - INFO - paramwise_options -- backbone.adapter.interactions.2.extractor.attn.attn.sampling_offsets.weight:lr=1e-05
2026/06/09 14:59:16 - mmengine - INFO - paramwise_options -- backbone.adapter.interactions.2.extractor.attn.attn.sampling_offsets.weight:weight_decay=0.05
2026/06/09 14:59:16 - mmengine - INFO - paramwise_options -- backbone.adapter.interactions.2.extractor.attn.attn.sampling_offsets.weight:lr_mult=0.1
2026/06/09 14:59:16 - mmengine - INFO - paramwise_options -- backbone.adapter.interactions.2.extractor.attn.attn.sampling_offsets.weight:decay_mult=1.0
2026/06/09 14:59:16 - mmengine - INFO - paramwise_options -- backbone.adapter.interactions.2.extractor.attn.attn.sampling_offsets.bias:lr=1e-05
2026/06/09 14:59:16 - mmengine - INFO - paramwise_options -- backbone.adapter.interactions.2.extractor.attn.attn.sampling_offsets.bias:weight_decay=0.05
2026/06/09 14:59:16 - mmengine - INFO - paramwise_options -- backbone.adapter.interactions.2.extractor.attn.attn.sampling_offsets.bias:lr_mult=0.1
2026/06/09 14:59:16 - mmengine - INFO - paramwise_options -- backbone.adapter.interactions.2.extractor.attn.attn.sampling_offsets.bias:decay_mult=1.0
2026/06/09 14:59:16 - mmengine - INFO - paramwise_options -- backbone.adapter.interactions.2.extractor.attn.attn.attention_weights.weight:lr=1e-05
2026/06/09 14:59:16 - mmengine - INFO - paramwise_options -- backbone.adapter.interactions.2.extractor.attn.attn.attention_weights.weight:weight_decay=0.05
2026/06/09 14:59:16 - mmengine - INFO - paramwise_options -- backbone.adapter.interactions.2.extractor.attn.attn.attention_weights.weight:lr_mult=0.1
2026/06/09 14:59:16 - mmengine - INFO - paramwise_options -- backbone.adapter.interactions.2.extractor.attn.attn.attention_weights.weight:decay_mult=1.0
2026/06/09 14:59:16 - mmengine - INFO - paramwise_options -- backbone.adapter.interactions.2.extractor.attn.attn.attention_weights.bias:lr=1e-05
2026/06/09 14:59:16 - mmengine - INFO - paramwise_options -- backbone.adapter.interactions.2.extractor.attn.attn.attention_weights.bias:weight_decay=0.05
2026/06/09 14:59:16 - mmengine - INFO - paramwise_options -- backbone.adapter.interactions.2.extractor.attn.attn.attention_weights.bias:lr_mult=0.1
2026/06/09 14:59:16 - mmengine - INFO - paramwise_options -- backbone.adapter.interactions.2.extractor.attn.attn.attention_weights.bias:decay_mult=1.0
2026/06/09 14:59:16 - mmengine - INFO - paramwise_options -- backbone.adapter.interactions.2.extractor.attn.attn.value_proj.weight:lr=1e-05
2026/06/09 14:59:16 - mmengine - INFO - paramwise_options -- backbone.adapter.interactions.2.extractor.attn.attn.value_proj.weight:weight_decay=0.05
2026/06/09 14:59:16 - mmengine - INFO - paramwise_options -- backbone.adapter.interactions.2.extractor.attn.attn.value_proj.weight:lr_mult=0.1
2026/06/09 14:59:16 - mmengine - INFO - paramwise_options -- backbone.adapter.interactions.2.extractor.attn.attn.value_proj.weight:decay_mult=1.0
2026/06/09 14:59:16 - mmengine - INFO - paramwise_options -- backbone.adapter.interactions.2.extractor.attn.attn.value_proj.bias:lr=1e-05
2026/06/09 14:59:16 - mmengine - INFO - paramwise_options -- backbone.adapter.interactions.2.extractor.attn.attn.value_proj.bias:weight_decay=0.05
2026/06/09 14:59:16 - mmengine - INFO - paramwise_options -- backbone.adapter.interactions.2.extractor.attn.attn.value_proj.bias:lr_mult=0.1
2026/06/09 14:59:16 - mmengine - INFO - paramwise_options -- backbone.adapter.interactions.2.extractor.attn.attn.value_proj.bias:decay_mult=1.0
2026/06/09 14:59:16 - mmengine - INFO - paramwise_options -- backbone.adapter.interactions.2.extractor.attn.attn.output_proj.weight:lr=1e-05
2026/06/09 14:59:16 - mmengine - INFO - paramwise_options -- backbone.adapter.interactions.2.extractor.attn.attn.output_proj.weight:weight_decay=0.05
2026/06/09 14:59:16 - mmengine - INFO - paramwise_options -- backbone.adapter.interactions.2.extractor.attn.attn.output_proj.weight:lr_mult=0.1
2026/06/09 14:59:16 - mmengine - INFO - paramwise_options -- backbone.adapter.interactions.2.extractor.attn.attn.output_proj.weight:decay_mult=1.0
2026/06/09 14:59:16 - mmengine - INFO - paramwise_options -- backbone.adapter.interactions.2.extractor.attn.attn.output_proj.bias:lr=1e-05
2026/06/09 14:59:16 - mmengine - INFO - paramwise_options -- backbone.adapter.interactions.2.extractor.attn.attn.output_proj.bias:weight_decay=0.05
2026/06/09 14:59:16 - mmengine - INFO - paramwise_options -- backbone.adapter.interactions.2.extractor.attn.attn.output_proj.bias:lr_mult=0.1
2026/06/09 14:59:16 - mmengine - INFO - paramwise_options -- backbone.adapter.interactions.2.extractor.attn.attn.output_proj.bias:decay_mult=1.0
2026/06/09 14:59:16 - mmengine - INFO - paramwise_options -- backbone.adapter.interactions.2.extractor.ffn.fc1.weight:lr=1e-05
2026/06/09 14:59:16 - mmengine - INFO - paramwise_options -- backbone.adapter.interactions.2.extractor.ffn.fc1.weight:weight_decay=0.05
2026/06/09 14:59:16 - mmengine - INFO - paramwise_options -- backbone.adapter.interactions.2.extractor.ffn.fc1.weight:lr_mult=0.1
2026/06/09 14:59:16 - mmengine - INFO - paramwise_options -- backbone.adapter.interactions.2.extractor.ffn.fc1.weight:decay_mult=1.0
2026/06/09 14:59:16 - mmengine - INFO - paramwise_options -- backbone.adapter.interactions.2.extractor.ffn.fc1.bias:lr=1e-05
2026/06/09 14:59:16 - mmengine - INFO - paramwise_options -- backbone.adapter.interactions.2.extractor.ffn.fc1.bias:weight_decay=0.05
2026/06/09 14:59:16 - mmengine - INFO - paramwise_options -- backbone.adapter.interactions.2.extractor.ffn.fc1.bias:lr_mult=0.1
2026/06/09 14:59:16 - mmengine - INFO - paramwise_options -- backbone.adapter.interactions.2.extractor.ffn.fc1.bias:decay_mult=1.0
2026/06/09 14:59:16 - mmengine - INFO - paramwise_options -- backbone.adapter.interactions.2.extractor.ffn.dwconv.dwconv.weight:lr=1e-05
2026/06/09 14:59:16 - mmengine - INFO - paramwise_options -- backbone.adapter.interactions.2.extractor.ffn.dwconv.dwconv.weight:weight_decay=0.05
2026/06/09 14:59:16 - mmengine - INFO - paramwise_options -- backbone.adapter.interactions.2.extractor.ffn.dwconv.dwconv.weight:lr_mult=0.1
2026/06/09 14:59:16 - mmengine - INFO - paramwise_options -- backbone.adapter.interactions.2.extractor.ffn.dwconv.dwconv.weight:decay_mult=1.0
2026/06/09 14:59:16 - mmengine - INFO - paramwise_options -- backbone.adapter.interactions.2.extractor.ffn.dwconv.dwconv.bias:lr=1e-05
2026/06/09 14:59:16 - mmengine - INFO - paramwise_options -- backbone.adapter.interactions.2.extractor.ffn.dwconv.dwconv.bias:weight_decay=0.05
2026/06/09 14:59:16 - mmengine - INFO - paramwise_options -- backbone.adapter.interactions.2.extractor.ffn.dwconv.dwconv.bias:lr_mult=0.1
2026/06/09 14:59:16 - mmengine - INFO - paramwise_options -- backbone.adapter.interactions.2.extractor.ffn.dwconv.dwconv.bias:decay_mult=1.0
2026/06/09 14:59:16 - mmengine - INFO - paramwise_options -- backbone.adapter.interactions.2.extractor.ffn.fc2.weight:lr=1e-05
2026/06/09 14:59:16 - mmengine - INFO - paramwise_options -- backbone.adapter.interactions.2.extractor.ffn.fc2.weight:weight_decay=0.05
2026/06/09 14:59:16 - mmengine - INFO - paramwise_options -- backbone.adapter.interactions.2.extractor.ffn.fc2.weight:lr_mult=0.1
2026/06/09 14:59:16 - mmengine - INFO - paramwise_options -- backbone.adapter.interactions.2.extractor.ffn.fc2.weight:decay_mult=1.0
2026/06/09 14:59:16 - mmengine - INFO - paramwise_options -- backbone.adapter.interactions.2.extractor.ffn.fc2.bias:lr=1e-05
2026/06/09 14:59:16 - mmengine - INFO - paramwise_options -- backbone.adapter.interactions.2.extractor.ffn.fc2.bias:weight_decay=0.05
2026/06/09 14:59:16 - mmengine - INFO - paramwise_options -- backbone.adapter.interactions.2.extractor.ffn.fc2.bias:lr_mult=0.1
2026/06/09 14:59:16 - mmengine - INFO - paramwise_options -- backbone.adapter.interactions.2.extractor.ffn.fc2.bias:decay_mult=1.0
2026/06/09 14:59:16 - mmengine - INFO - paramwise_options -- backbone.adapter.interactions.2.extractor.ffn_norm.weight:lr=1e-05
2026/06/09 14:59:16 - mmengine - INFO - paramwise_options -- backbone.adapter.interactions.2.extractor.ffn_norm.weight:weight_decay=0.05
2026/06/09 14:59:16 - mmengine - INFO - paramwise_options -- backbone.adapter.interactions.2.extractor.ffn_norm.weight:lr_mult=0.1
2026/06/09 14:59:16 - mmengine - INFO - paramwise_options -- backbone.adapter.interactions.2.extractor.ffn_norm.weight:decay_mult=1.0
2026/06/09 14:59:16 - mmengine - INFO - paramwise_options -- backbone.adapter.interactions.2.extractor.ffn_norm.bias:lr=1e-05
2026/06/09 14:59:16 - mmengine - INFO - paramwise_options -- backbone.adapter.interactions.2.extractor.ffn_norm.bias:weight_decay=0.05
2026/06/09 14:59:16 - mmengine - INFO - paramwise_options -- backbone.adapter.interactions.2.extractor.ffn_norm.bias:lr_mult=0.1
2026/06/09 14:59:16 - mmengine - INFO - paramwise_options -- backbone.adapter.interactions.2.extractor.ffn_norm.bias:decay_mult=1.0
2026/06/09 14:59:16 - mmengine - INFO - paramwise_options -- backbone.adapter.interactions.3.extractor.query_norm.weight:lr=1e-05
2026/06/09 14:59:16 - mmengine - INFO - paramwise_options -- backbone.adapter.interactions.3.extractor.query_norm.weight:weight_decay=0.05
2026/06/09 14:59:16 - mmengine - INFO - paramwise_options -- backbone.adapter.interactions.3.extractor.query_norm.weight:lr_mult=0.1
2026/06/09 14:59:16 - mmengine - INFO - paramwise_options -- backbone.adapter.interactions.3.extractor.query_norm.weight:decay_mult=1.0
2026/06/09 14:59:16 - mmengine - INFO - paramwise_options -- backbone.adapter.interactions.3.extractor.query_norm.bias:lr=1e-05
2026/06/09 14:59:16 - mmengine - INFO - paramwise_options -- backbone.adapter.interactions.3.extractor.query_norm.bias:weight_decay=0.05
2026/06/09 14:59:16 - mmengine - INFO - paramwise_options -- backbone.adapter.interactions.3.extractor.query_norm.bias:lr_mult=0.1
2026/06/09 14:59:16 - mmengine - INFO - paramwise_options -- backbone.adapter.interactions.3.extractor.query_norm.bias:decay_mult=1.0
2026/06/09 14:59:16 - mmengine - INFO - paramwise_options -- backbone.adapter.interactions.3.extractor.feat_norm.weight:lr=1e-05
2026/06/09 14:59:16 - mmengine - INFO - paramwise_options -- backbone.adapter.interactions.3.extractor.feat_norm.weight:weight_decay=0.05
2026/06/09 14:59:16 - mmengine - INFO - paramwise_options -- backbone.adapter.interactions.3.extractor.feat_norm.weight:lr_mult=0.1
2026/06/09 14:59:16 - mmengine - INFO - paramwise_options -- backbone.adapter.interactions.3.extractor.feat_norm.weight:decay_mult=1.0
2026/06/09 14:59:16 - mmengine - INFO - paramwise_options -- backbone.adapter.interactions.3.extractor.feat_norm.bias:lr=1e-05
2026/06/09 14:59:16 - mmengine - INFO - paramwise_options -- backbone.adapter.interactions.3.extractor.feat_norm.bias:weight_decay=0.05
2026/06/09 14:59:16 - mmengine - INFO - paramwise_options -- backbone.adapter.interactions.3.extractor.feat_norm.bias:lr_mult=0.1
2026/06/09 14:59:16 - mmengine - INFO - paramwise_options -- backbone.adapter.interactions.3.extractor.feat_norm.bias:decay_mult=1.0
2026/06/09 14:59:16 - mmengine - INFO - paramwise_options -- backbone.adapter.interactions.3.extractor.attn.attn.sampling_offsets.weight:lr=1e-05
2026/06/09 14:59:16 - mmengine - INFO - paramwise_options -- backbone.adapter.interactions.3.extractor.attn.attn.sampling_offsets.weight:weight_decay=0.05
2026/06/09 14:59:16 - mmengine - INFO - paramwise_options -- backbone.adapter.interactions.3.extractor.attn.attn.sampling_offsets.weight:lr_mult=0.1
2026/06/09 14:59:16 - mmengine - INFO - paramwise_options -- backbone.adapter.interactions.3.extractor.attn.attn.sampling_offsets.weight:decay_mult=1.0
2026/06/09 14:59:16 - mmengine - INFO - paramwise_options -- backbone.adapter.interactions.3.extractor.attn.attn.sampling_offsets.bias:lr=1e-05
2026/06/09 14:59:16 - mmengine - INFO - paramwise_options -- backbone.adapter.interactions.3.extractor.attn.attn.sampling_offsets.bias:weight_decay=0.05
2026/06/09 14:59:16 - mmengine - INFO - paramwise_options -- backbone.adapter.interactions.3.extractor.attn.attn.sampling_offsets.bias:lr_mult=0.1
2026/06/09 14:59:16 - mmengine - INFO - paramwise_options -- backbone.adapter.interactions.3.extractor.attn.attn.sampling_offsets.bias:decay_mult=1.0
2026/06/09 14:59:16 - mmengine - INFO - paramwise_options -- backbone.adapter.interactions.3.extractor.attn.attn.attention_weights.weight:lr=1e-05
2026/06/09 14:59:16 - mmengine - INFO - paramwise_options -- backbone.adapter.interactions.3.extractor.attn.attn.attention_weights.weight:weight_decay=0.05
2026/06/09 14:59:16 - mmengine - INFO - paramwise_options -- backbone.adapter.interactions.3.extractor.attn.attn.attention_weights.weight:lr_mult=0.1
2026/06/09 14:59:16 - mmengine - INFO - paramwise_options -- backbone.adapter.interactions.3.extractor.attn.attn.attention_weights.weight:decay_mult=1.0
2026/06/09 14:59:16 - mmengine - INFO - paramwise_options -- backbone.adapter.interactions.3.extractor.attn.attn.attention_weights.bias:lr=1e-05
2026/06/09 14:59:16 - mmengine - INFO - paramwise_options -- backbone.adapter.interactions.3.extractor.attn.attn.attention_weights.bias:weight_decay=0.05
2026/06/09 14:59:16 - mmengine - INFO - paramwise_options -- backbone.adapter.interactions.3.extractor.attn.attn.attention_weights.bias:lr_mult=0.1
2026/06/09 14:59:16 - mmengine - INFO - paramwise_options -- backbone.adapter.interactions.3.extractor.attn.attn.attention_weights.bias:decay_mult=1.0
2026/06/09 14:59:16 - mmengine - INFO - paramwise_options -- backbone.adapter.interactions.3.extractor.attn.attn.value_proj.weight:lr=1e-05
2026/06/09 14:59:16 - mmengine - INFO - paramwise_options -- backbone.adapter.interactions.3.extractor.attn.attn.value_proj.weight:weight_decay=0.05
2026/06/09 14:59:16 - mmengine - INFO - paramwise_options -- backbone.adapter.interactions.3.extractor.attn.attn.value_proj.weight:lr_mult=0.1
2026/06/09 14:59:16 - mmengine - INFO - paramwise_options -- backbone.adapter.interactions.3.extractor.attn.attn.value_proj.weight:decay_mult=1.0
2026/06/09 14:59:16 - mmengine - INFO - paramwise_options -- backbone.adapter.interactions.3.extractor.attn.attn.value_proj.bias:lr=1e-05
2026/06/09 14:59:16 - mmengine - INFO - paramwise_options -- backbone.adapter.interactions.3.extractor.attn.attn.value_proj.bias:weight_decay=0.05
2026/06/09 14:59:16 - mmengine - INFO - paramwise_options -- backbone.adapter.interactions.3.extractor.attn.attn.value_proj.bias:lr_mult=0.1
2026/06/09 14:59:16 - mmengine - INFO - paramwise_options -- backbone.adapter.interactions.3.extractor.attn.attn.value_proj.bias:decay_mult=1.0
2026/06/09 14:59:16 - mmengine - INFO - paramwise_options -- backbone.adapter.interactions.3.extractor.attn.attn.output_proj.weight:lr=1e-05
2026/06/09 14:59:16 - mmengine - INFO - paramwise_options -- backbone.adapter.interactions.3.extractor.attn.attn.output_proj.weight:weight_decay=0.05
2026/06/09 14:59:16 - mmengine - INFO - paramwise_options -- backbone.adapter.interactions.3.extractor.attn.attn.output_proj.weight:lr_mult=0.1
2026/06/09 14:59:16 - mmengine - INFO - paramwise_options -- backbone.adapter.interactions.3.extractor.attn.attn.output_proj.weight:decay_mult=1.0
2026/06/09 14:59:16 - mmengine - INFO - paramwise_options -- backbone.adapter.interactions.3.extractor.attn.attn.output_proj.bias:lr=1e-05
2026/06/09 14:59:16 - mmengine - INFO - paramwise_options -- backbone.adapter.interactions.3.extractor.attn.attn.output_proj.bias:weight_decay=0.05
2026/06/09 14:59:16 - mmengine - INFO - paramwise_options -- backbone.adapter.interactions.3.extractor.attn.attn.output_proj.bias:lr_mult=0.1
2026/06/09 14:59:16 - mmengine - INFO - paramwise_options -- backbone.adapter.interactions.3.extractor.attn.attn.output_proj.bias:decay_mult=1.0
2026/06/09 14:59:16 - mmengine - INFO - paramwise_options -- backbone.adapter.interactions.3.extractor.ffn.fc1.weight:lr=1e-05
2026/06/09 14:59:16 - mmengine - INFO - paramwise_options -- backbone.adapter.interactions.3.extractor.ffn.fc1.weight:weight_decay=0.05
2026/06/09 14:59:16 - mmengine - INFO - paramwise_options -- backbone.adapter.interactions.3.extractor.ffn.fc1.weight:lr_mult=0.1
2026/06/09 14:59:16 - mmengine - INFO - paramwise_options -- backbone.adapter.interactions.3.extractor.ffn.fc1.weight:decay_mult=1.0
2026/06/09 14:59:16 - mmengine - INFO - paramwise_options -- backbone.adapter.interactions.3.extractor.ffn.fc1.bias:lr=1e-05
2026/06/09 14:59:16 - mmengine - INFO - paramwise_options -- backbone.adapter.interactions.3.extractor.ffn.fc1.bias:weight_decay=0.05
2026/06/09 14:59:16 - mmengine - INFO - paramwise_options -- backbone.adapter.interactions.3.extractor.ffn.fc1.bias:lr_mult=0.1
2026/06/09 14:59:16 - mmengine - INFO - paramwise_options -- backbone.adapter.interactions.3.extractor.ffn.fc1.bias:decay_mult=1.0
2026/06/09 14:59:16 - mmengine - INFO - paramwise_options -- backbone.adapter.interactions.3.extractor.ffn.dwconv.dwconv.weight:lr=1e-05
2026/06/09 14:59:16 - mmengine - INFO - paramwise_options -- backbone.adapter.interactions.3.extractor.ffn.dwconv.dwconv.weight:weight_decay=0.05
2026/06/09 14:59:16 - mmengine - INFO - paramwise_options -- backbone.adapter.interactions.3.extractor.ffn.dwconv.dwconv.weight:lr_mult=0.1
2026/06/09 14:59:16 - mmengine - INFO - paramwise_options -- backbone.adapter.interactions.3.extractor.ffn.dwconv.dwconv.weight:decay_mult=1.0
2026/06/09 14:59:16 - mmengine - INFO - paramwise_options -- backbone.adapter.interactions.3.extractor.ffn.dwconv.dwconv.bias:lr=1e-05
2026/06/09 14:59:16 - mmengine - INFO - paramwise_options -- backbone.adapter.interactions.3.extractor.ffn.dwconv.dwconv.bias:weight_decay=0.05
2026/06/09 14:59:16 - mmengine - INFO - paramwise_options -- backbone.adapter.interactions.3.extractor.ffn.dwconv.dwconv.bias:lr_mult=0.1
2026/06/09 14:59:16 - mmengine - INFO - paramwise_options -- backbone.adapter.interactions.3.extractor.ffn.dwconv.dwconv.bias:decay_mult=1.0
2026/06/09 14:59:16 - mmengine - INFO - paramwise_options -- backbone.adapter.interactions.3.extractor.ffn.fc2.weight:lr=1e-05
2026/06/09 14:59:16 - mmengine - INFO - paramwise_options -- backbone.adapter.interactions.3.extractor.ffn.fc2.weight:weight_decay=0.05
2026/06/09 14:59:16 - mmengine - INFO - paramwise_options -- backbone.adapter.interactions.3.extractor.ffn.fc2.weight:lr_mult=0.1
2026/06/09 14:59:16 - mmengine - INFO - paramwise_options -- backbone.adapter.interactions.3.extractor.ffn.fc2.weight:decay_mult=1.0
2026/06/09 14:59:16 - mmengine - INFO - paramwise_options -- backbone.adapter.interactions.3.extractor.ffn.fc2.bias:lr=1e-05
2026/06/09 14:59:16 - mmengine - INFO - paramwise_options -- backbone.adapter.interactions.3.extractor.ffn.fc2.bias:weight_decay=0.05
2026/06/09 14:59:16 - mmengine - INFO - paramwise_options -- backbone.adapter.interactions.3.extractor.ffn.fc2.bias:lr_mult=0.1
2026/06/09 14:59:16 - mmengine - INFO - paramwise_options -- backbone.adapter.interactions.3.extractor.ffn.fc2.bias:decay_mult=1.0
2026/06/09 14:59:16 - mmengine - INFO - paramwise_options -- backbone.adapter.interactions.3.extractor.ffn_norm.weight:lr=1e-05
2026/06/09 14:59:16 - mmengine - INFO - paramwise_options -- backbone.adapter.interactions.3.extractor.ffn_norm.weight:weight_decay=0.05
2026/06/09 14:59:16 - mmengine - INFO - paramwise_options -- backbone.adapter.interactions.3.extractor.ffn_norm.weight:lr_mult=0.1
2026/06/09 14:59:16 - mmengine - INFO - paramwise_options -- backbone.adapter.interactions.3.extractor.ffn_norm.weight:decay_mult=1.0
2026/06/09 14:59:16 - mmengine - INFO - paramwise_options -- backbone.adapter.interactions.3.extractor.ffn_norm.bias:lr=1e-05
2026/06/09 14:59:16 - mmengine - INFO - paramwise_options -- backbone.adapter.interactions.3.extractor.ffn_norm.bias:weight_decay=0.05
2026/06/09 14:59:16 - mmengine - INFO - paramwise_options -- backbone.adapter.interactions.3.extractor.ffn_norm.bias:lr_mult=0.1
2026/06/09 14:59:16 - mmengine - INFO - paramwise_options -- backbone.adapter.interactions.3.extractor.ffn_norm.bias:decay_mult=1.0
2026/06/09 14:59:16 - mmengine - INFO - paramwise_options -- backbone.adapter.interactions.3.extra_extractors.0.query_norm.weight:lr=1e-05
2026/06/09 14:59:16 - mmengine - INFO - paramwise_options -- backbone.adapter.interactions.3.extra_extractors.0.query_norm.weight:weight_decay=0.05
2026/06/09 14:59:16 - mmengine - INFO - paramwise_options -- backbone.adapter.interactions.3.extra_extractors.0.query_norm.weight:lr_mult=0.1
2026/06/09 14:59:16 - mmengine - INFO - paramwise_options -- backbone.adapter.interactions.3.extra_extractors.0.query_norm.weight:decay_mult=1.0
2026/06/09 14:59:16 - mmengine - INFO - paramwise_options -- backbone.adapter.interactions.3.extra_extractors.0.query_norm.bias:lr=1e-05
2026/06/09 14:59:16 - mmengine - INFO - paramwise_options -- backbone.adapter.interactions.3.extra_extractors.0.query_norm.bias:weight_decay=0.05
2026/06/09 14:59:16 - mmengine - INFO - paramwise_options -- backbone.adapter.interactions.3.extra_extractors.0.query_norm.bias:lr_mult=0.1
2026/06/09 14:59:16 - mmengine - INFO - paramwise_options -- backbone.adapter.interactions.3.extra_extractors.0.query_norm.bias:decay_mult=1.0
2026/06/09 14:59:16 - mmengine - INFO - paramwise_options -- backbone.adapter.interactions.3.extra_extractors.0.feat_norm.weight:lr=1e-05
2026/06/09 14:59:16 - mmengine - INFO - paramwise_options -- backbone.adapter.interactions.3.extra_extractors.0.feat_norm.weight:weight_decay=0.05
2026/06/09 14:59:16 - mmengine - INFO - paramwise_options -- backbone.adapter.interactions.3.extra_extractors.0.feat_norm.weight:lr_mult=0.1
2026/06/09 14:59:16 - mmengine - INFO - paramwise_options -- backbone.adapter.interactions.3.extra_extractors.0.feat_norm.weight:decay_mult=1.0
2026/06/09 14:59:16 - mmengine - INFO - paramwise_options -- backbone.adapter.interactions.3.extra_extractors.0.feat_norm.bias:lr=1e-05
2026/06/09 14:59:16 - mmengine - INFO - paramwise_options -- backbone.adapter.interactions.3.extra_extractors.0.feat_norm.bias:weight_decay=0.05
2026/06/09 14:59:16 - mmengine - INFO - paramwise_options -- backbone.adapter.interactions.3.extra_extractors.0.feat_norm.bias:lr_mult=0.1
2026/06/09 14:59:16 - mmengine - INFO - paramwise_options -- backbone.adapter.interactions.3.extra_extractors.0.feat_norm.bias:decay_mult=1.0
2026/06/09 14:59:16 - mmengine - INFO - paramwise_options -- backbone.adapter.interactions.3.extra_extractors.0.attn.attn.sampling_offsets.weight:lr=1e-05
2026/06/09 14:59:16 - mmengine - INFO - paramwise_options -- backbone.adapter.interactions.3.extra_extractors.0.attn.attn.sampling_offsets.weight:weight_decay=0.05
2026/06/09 14:59:16 - mmengine - INFO - paramwise_options -- backbone.adapter.interactions.3.extra_extractors.0.attn.attn.sampling_offsets.weight:lr_mult=0.1
2026/06/09 14:59:16 - mmengine - INFO - paramwise_options -- backbone.adapter.interactions.3.extra_extractors.0.attn.attn.sampling_offsets.weight:decay_mult=1.0
2026/06/09 14:59:16 - mmengine - INFO - paramwise_options -- backbone.adapter.interactions.3.extra_extractors.0.attn.attn.sampling_offsets.bias:lr=1e-05
2026/06/09 14:59:16 - mmengine - INFO - paramwise_options -- backbone.adapter.interactions.3.extra_extractors.0.attn.attn.sampling_offsets.bias:weight_decay=0.05
2026/06/09 14:59:16 - mmengine - INFO - paramwise_options -- backbone.adapter.interactions.3.extra_extractors.0.attn.attn.sampling_offsets.bias:lr_mult=0.1
2026/06/09 14:59:16 - mmengine - INFO - paramwise_options -- backbone.adapter.interactions.3.extra_extractors.0.attn.attn.sampling_offsets.bias:decay_mult=1.0
2026/06/09 14:59:16 - mmengine - INFO - paramwise_options -- backbone.adapter.interactions.3.extra_extractors.0.attn.attn.attention_weights.weight:lr=1e-05
2026/06/09 14:59:16 - mmengine - INFO - paramwise_options -- backbone.adapter.interactions.3.extra_extractors.0.attn.attn.attention_weights.weight:weight_decay=0.05
2026/06/09 14:59:16 - mmengine - INFO - paramwise_options -- backbone.adapter.interactions.3.extra_extractors.0.attn.attn.attention_weights.weight:lr_mult=0.1
2026/06/09 14:59:16 - mmengine - INFO - paramwise_options -- backbone.adapter.interactions.3.extra_extractors.0.attn.attn.attention_weights.weight:decay_mult=1.0
2026/06/09 14:59:16 - mmengine - INFO - paramwise_options -- backbone.adapter.interactions.3.extra_extractors.0.attn.attn.attention_weights.bias:lr=1e-05
2026/06/09 14:59:16 - mmengine - INFO - paramwise_options -- backbone.adapter.interactions.3.extra_extractors.0.attn.attn.attention_weights.bias:weight_decay=0.05
2026/06/09 14:59:16 - mmengine - INFO - paramwise_options -- backbone.adapter.interactions.3.extra_extractors.0.attn.attn.attention_weights.bias:lr_mult=0.1
2026/06/09 14:59:16 - mmengine - INFO - paramwise_options -- backbone.adapter.interactions.3.extra_extractors.0.attn.attn.attention_weights.bias:decay_mult=1.0
2026/06/09 14:59:16 - mmengine - INFO - paramwise_options -- backbone.adapter.interactions.3.extra_extractors.0.attn.attn.value_proj.weight:lr=1e-05
2026/06/09 14:59:16 - mmengine - INFO - paramwise_options -- backbone.adapter.interactions.3.extra_extractors.0.attn.attn.value_proj.weight:weight_decay=0.05
2026/06/09 14:59:16 - mmengine - INFO - paramwise_options -- backbone.adapter.interactions.3.extra_extractors.0.attn.attn.value_proj.weight:lr_mult=0.1
2026/06/09 14:59:16 - mmengine - INFO - paramwise_options -- backbone.adapter.interactions.3.extra_extractors.0.attn.attn.value_proj.weight:decay_mult=1.0
2026/06/09 14:59:16 - mmengine - INFO - paramwise_options -- backbone.adapter.interactions.3.extra_extractors.0.attn.attn.value_proj.bias:lr=1e-05
2026/06/09 14:59:16 - mmengine - INFO - paramwise_options -- backbone.adapter.interactions.3.extra_extractors.0.attn.attn.value_proj.bias:weight_decay=0.05
2026/06/09 14:59:16 - mmengine - INFO - paramwise_options -- backbone.adapter.interactions.3.extra_extractors.0.attn.attn.value_proj.bias:lr_mult=0.1
2026/06/09 14:59:16 - mmengine - INFO - paramwise_options -- backbone.adapter.interactions.3.extra_extractors.0.attn.attn.value_proj.bias:decay_mult=1.0
2026/06/09 14:59:16 - mmengine - INFO - paramwise_options -- backbone.adapter.interactions.3.extra_extractors.0.attn.attn.output_proj.weight:lr=1e-05
2026/06/09 14:59:16 - mmengine - INFO - paramwise_options -- backbone.adapter.interactions.3.extra_extractors.0.attn.attn.output_proj.weight:weight_decay=0.05
2026/06/09 14:59:16 - mmengine - INFO - paramwise_options -- backbone.adapter.interactions.3.extra_extractors.0.attn.attn.output_proj.weight:lr_mult=0.1
2026/06/09 14:59:16 - mmengine - INFO - paramwise_options -- backbone.adapter.interactions.3.extra_extractors.0.attn.attn.output_proj.weight:decay_mult=1.0
2026/06/09 14:59:16 - mmengine - INFO - paramwise_options -- backbone.adapter.interactions.3.extra_extractors.0.attn.attn.output_proj.bias:lr=1e-05
2026/06/09 14:59:16 - mmengine - INFO - paramwise_options -- backbone.adapter.interactions.3.extra_extractors.0.attn.attn.output_proj.bias:weight_decay=0.05
2026/06/09 14:59:16 - mmengine - INFO - paramwise_options -- backbone.adapter.interactions.3.extra_extractors.0.attn.attn.output_proj.bias:lr_mult=0.1
2026/06/09 14:59:16 - mmengine - INFO - paramwise_options -- backbone.adapter.interactions.3.extra_extractors.0.attn.attn.output_proj.bias:decay_mult=1.0
2026/06/09 14:59:16 - mmengine - INFO - paramwise_options -- backbone.adapter.interactions.3.extra_extractors.0.ffn.fc1.weight:lr=1e-05
2026/06/09 14:59:16 - mmengine - INFO - paramwise_options -- backbone.adapter.interactions.3.extra_extractors.0.ffn.fc1.weight:weight_decay=0.05
2026/06/09 14:59:16 - mmengine - INFO - paramwise_options -- backbone.adapter.interactions.3.extra_extractors.0.ffn.fc1.weight:lr_mult=0.1
2026/06/09 14:59:16 - mmengine - INFO - paramwise_options -- backbone.adapter.interactions.3.extra_extractors.0.ffn.fc1.weight:decay_mult=1.0
2026/06/09 14:59:16 - mmengine - INFO - paramwise_options -- backbone.adapter.interactions.3.extra_extractors.0.ffn.fc1.bias:lr=1e-05
2026/06/09 14:59:16 - mmengine - INFO - paramwise_options -- backbone.adapter.interactions.3.extra_extractors.0.ffn.fc1.bias:weight_decay=0.05
2026/06/09 14:59:16 - mmengine - INFO - paramwise_options -- backbone.adapter.interactions.3.extra_extractors.0.ffn.fc1.bias:lr_mult=0.1
2026/06/09 14:59:16 - mmengine - INFO - paramwise_options -- backbone.adapter.interactions.3.extra_extractors.0.ffn.fc1.bias:decay_mult=1.0
2026/06/09 14:59:16 - mmengine - INFO - paramwise_options -- backbone.adapter.interactions.3.extra_extractors.0.ffn.dwconv.dwconv.weight:lr=1e-05
2026/06/09 14:59:16 - mmengine - INFO - paramwise_options -- backbone.adapter.interactions.3.extra_extractors.0.ffn.dwconv.dwconv.weight:weight_decay=0.05
2026/06/09 14:59:16 - mmengine - INFO - paramwise_options -- backbone.adapter.interactions.3.extra_extractors.0.ffn.dwconv.dwconv.weight:lr_mult=0.1
2026/06/09 14:59:16 - mmengine - INFO - paramwise_options -- backbone.adapter.interactions.3.extra_extractors.0.ffn.dwconv.dwconv.weight:decay_mult=1.0
2026/06/09 14:59:16 - mmengine - INFO - paramwise_options -- backbone.adapter.interactions.3.extra_extractors.0.ffn.dwconv.dwconv.bias:lr=1e-05
2026/06/09 14:59:16 - mmengine - INFO - paramwise_options -- backbone.adapter.interactions.3.extra_extractors.0.ffn.dwconv.dwconv.bias:weight_decay=0.05
2026/06/09 14:59:16 - mmengine - INFO - paramwise_options -- backbone.adapter.interactions.3.extra_extractors.0.ffn.dwconv.dwconv.bias:lr_mult=0.1
2026/06/09 14:59:16 - mmengine - INFO - paramwise_options -- backbone.adapter.interactions.3.extra_extractors.0.ffn.dwconv.dwconv.bias:decay_mult=1.0
2026/06/09 14:59:16 - mmengine - INFO - paramwise_options -- backbone.adapter.interactions.3.extra_extractors.0.ffn.fc2.weight:lr=1e-05
2026/06/09 14:59:16 - mmengine - INFO - paramwise_options -- backbone.adapter.interactions.3.extra_extractors.0.ffn.fc2.weight:weight_decay=0.05
2026/06/09 14:59:16 - mmengine - INFO - paramwise_options -- backbone.adapter.interactions.3.extra_extractors.0.ffn.fc2.weight:lr_mult=0.1
2026/06/09 14:59:16 - mmengine - INFO - paramwise_options -- backbone.adapter.interactions.3.extra_extractors.0.ffn.fc2.weight:decay_mult=1.0
2026/06/09 14:59:16 - mmengine - INFO - paramwise_options -- backbone.adapter.interactions.3.extra_extractors.0.ffn.fc2.bias:lr=1e-05
2026/06/09 14:59:16 - mmengine - INFO - paramwise_options -- backbone.adapter.interactions.3.extra_extractors.0.ffn.fc2.bias:weight_decay=0.05
2026/06/09 14:59:16 - mmengine - INFO - paramwise_options -- backbone.adapter.interactions.3.extra_extractors.0.ffn.fc2.bias:lr_mult=0.1
2026/06/09 14:59:16 - mmengine - INFO - paramwise_options -- backbone.adapter.interactions.3.extra_extractors.0.ffn.fc2.bias:decay_mult=1.0
2026/06/09 14:59:16 - mmengine - INFO - paramwise_options -- backbone.adapter.interactions.3.extra_extractors.0.ffn_norm.weight:lr=1e-05
2026/06/09 14:59:16 - mmengine - INFO - paramwise_options -- backbone.adapter.interactions.3.extra_extractors.0.ffn_norm.weight:weight_decay=0.05
2026/06/09 14:59:16 - mmengine - INFO - paramwise_options -- backbone.adapter.interactions.3.extra_extractors.0.ffn_norm.weight:lr_mult=0.1
2026/06/09 14:59:16 - mmengine - INFO - paramwise_options -- backbone.adapter.interactions.3.extra_extractors.0.ffn_norm.weight:decay_mult=1.0
2026/06/09 14:59:16 - mmengine - INFO - paramwise_options -- backbone.adapter.interactions.3.extra_extractors.0.ffn_norm.bias:lr=1e-05
2026/06/09 14:59:16 - mmengine - INFO - paramwise_options -- backbone.adapter.interactions.3.extra_extractors.0.ffn_norm.bias:weight_decay=0.05
2026/06/09 14:59:16 - mmengine - INFO - paramwise_options -- backbone.adapter.interactions.3.extra_extractors.0.ffn_norm.bias:lr_mult=0.1
2026/06/09 14:59:16 - mmengine - INFO - paramwise_options -- backbone.adapter.interactions.3.extra_extractors.0.ffn_norm.bias:decay_mult=1.0
2026/06/09 14:59:16 - mmengine - INFO - paramwise_options -- backbone.adapter.interactions.3.extra_extractors.1.query_norm.weight:lr=1e-05
2026/06/09 14:59:16 - mmengine - INFO - paramwise_options -- backbone.adapter.interactions.3.extra_extractors.1.query_norm.weight:weight_decay=0.05
2026/06/09 14:59:16 - mmengine - INFO - paramwise_options -- backbone.adapter.interactions.3.extra_extractors.1.query_norm.weight:lr_mult=0.1
2026/06/09 14:59:16 - mmengine - INFO - paramwise_options -- backbone.adapter.interactions.3.extra_extractors.1.query_norm.weight:decay_mult=1.0
2026/06/09 14:59:16 - mmengine - INFO - paramwise_options -- backbone.adapter.interactions.3.extra_extractors.1.query_norm.bias:lr=1e-05
2026/06/09 14:59:16 - mmengine - INFO - paramwise_options -- backbone.adapter.interactions.3.extra_extractors.1.query_norm.bias:weight_decay=0.05
2026/06/09 14:59:16 - mmengine - INFO - paramwise_options -- backbone.adapter.interactions.3.extra_extractors.1.query_norm.bias:lr_mult=0.1
2026/06/09 14:59:16 - mmengine - INFO - paramwise_options -- backbone.adapter.interactions.3.extra_extractors.1.query_norm.bias:decay_mult=1.0
2026/06/09 14:59:16 - mmengine - INFO - paramwise_options -- backbone.adapter.interactions.3.extra_extractors.1.feat_norm.weight:lr=1e-05
2026/06/09 14:59:16 - mmengine - INFO - paramwise_options -- backbone.adapter.interactions.3.extra_extractors.1.feat_norm.weight:weight_decay=0.05
2026/06/09 14:59:16 - mmengine - INFO - paramwise_options -- backbone.adapter.interactions.3.extra_extractors.1.feat_norm.weight:lr_mult=0.1
2026/06/09 14:59:16 - mmengine - INFO - paramwise_options -- backbone.adapter.interactions.3.extra_extractors.1.feat_norm.weight:decay_mult=1.0
2026/06/09 14:59:16 - mmengine - INFO - paramwise_options -- backbone.adapter.interactions.3.extra_extractors.1.feat_norm.bias:lr=1e-05
2026/06/09 14:59:16 - mmengine - INFO - paramwise_options -- backbone.adapter.interactions.3.extra_extractors.1.feat_norm.bias:weight_decay=0.05
2026/06/09 14:59:16 - mmengine - INFO - paramwise_options -- backbone.adapter.interactions.3.extra_extractors.1.feat_norm.bias:lr_mult=0.1
2026/06/09 14:59:16 - mmengine - INFO - paramwise_options -- backbone.adapter.interactions.3.extra_extractors.1.feat_norm.bias:decay_mult=1.0
2026/06/09 14:59:16 - mmengine - INFO - paramwise_options -- backbone.adapter.interactions.3.extra_extractors.1.attn.attn.sampling_offsets.weight:lr=1e-05
2026/06/09 14:59:16 - mmengine - INFO - paramwise_options -- backbone.adapter.interactions.3.extra_extractors.1.attn.attn.sampling_offsets.weight:weight_decay=0.05
2026/06/09 14:59:16 - mmengine - INFO - paramwise_options -- backbone.adapter.interactions.3.extra_extractors.1.attn.attn.sampling_offsets.weight:lr_mult=0.1
2026/06/09 14:59:16 - mmengine - INFO - paramwise_options -- backbone.adapter.interactions.3.extra_extractors.1.attn.attn.sampling_offsets.weight:decay_mult=1.0
2026/06/09 14:59:16 - mmengine - INFO - paramwise_options -- backbone.adapter.interactions.3.extra_extractors.1.attn.attn.sampling_offsets.bias:lr=1e-05
2026/06/09 14:59:16 - mmengine - INFO - paramwise_options -- backbone.adapter.interactions.3.extra_extractors.1.attn.attn.sampling_offsets.bias:weight_decay=0.05
2026/06/09 14:59:16 - mmengine - INFO - paramwise_options -- backbone.adapter.interactions.3.extra_extractors.1.attn.attn.sampling_offsets.bias:lr_mult=0.1
2026/06/09 14:59:16 - mmengine - INFO - paramwise_options -- backbone.adapter.interactions.3.extra_extractors.1.attn.attn.sampling_offsets.bias:decay_mult=1.0
2026/06/09 14:59:16 - mmengine - INFO - paramwise_options -- backbone.adapter.interactions.3.extra_extractors.1.attn.attn.attention_weights.weight:lr=1e-05
2026/06/09 14:59:16 - mmengine - INFO - paramwise_options -- backbone.adapter.interactions.3.extra_extractors.1.attn.attn.attention_weights.weight:weight_decay=0.05
2026/06/09 14:59:16 - mmengine - INFO - paramwise_options -- backbone.adapter.interactions.3.extra_extractors.1.attn.attn.attention_weights.weight:lr_mult=0.1
2026/06/09 14:59:16 - mmengine - INFO - paramwise_options -- backbone.adapter.interactions.3.extra_extractors.1.attn.attn.attention_weights.weight:decay_mult=1.0
2026/06/09 14:59:16 - mmengine - INFO - paramwise_options -- backbone.adapter.interactions.3.extra_extractors.1.attn.attn.attention_weights.bias:lr=1e-05
2026/06/09 14:59:16 - mmengine - INFO - paramwise_options -- backbone.adapter.interactions.3.extra_extractors.1.attn.attn.attention_weights.bias:weight_decay=0.05
2026/06/09 14:59:16 - mmengine - INFO - paramwise_options -- backbone.adapter.interactions.3.extra_extractors.1.attn.attn.attention_weights.bias:lr_mult=0.1
2026/06/09 14:59:16 - mmengine - INFO - paramwise_options -- backbone.adapter.interactions.3.extra_extractors.1.attn.attn.attention_weights.bias:decay_mult=1.0
2026/06/09 14:59:16 - mmengine - INFO - paramwise_options -- backbone.adapter.interactions.3.extra_extractors.1.attn.attn.value_proj.weight:lr=1e-05
2026/06/09 14:59:16 - mmengine - INFO - paramwise_options -- backbone.adapter.interactions.3.extra_extractors.1.attn.attn.value_proj.weight:weight_decay=0.05
2026/06/09 14:59:16 - mmengine - INFO - paramwise_options -- backbone.adapter.interactions.3.extra_extractors.1.attn.attn.value_proj.weight:lr_mult=0.1
2026/06/09 14:59:16 - mmengine - INFO - paramwise_options -- backbone.adapter.interactions.3.extra_extractors.1.attn.attn.value_proj.weight:decay_mult=1.0
2026/06/09 14:59:16 - mmengine - INFO - paramwise_options -- backbone.adapter.interactions.3.extra_extractors.1.attn.attn.value_proj.bias:lr=1e-05
2026/06/09 14:59:16 - mmengine - INFO - paramwise_options -- backbone.adapter.interactions.3.extra_extractors.1.attn.attn.value_proj.bias:weight_decay=0.05
2026/06/09 14:59:16 - mmengine - INFO - paramwise_options -- backbone.adapter.interactions.3.extra_extractors.1.attn.attn.value_proj.bias:lr_mult=0.1
2026/06/09 14:59:16 - mmengine - INFO - paramwise_options -- backbone.adapter.interactions.3.extra_extractors.1.attn.attn.value_proj.bias:decay_mult=1.0
2026/06/09 14:59:16 - mmengine - INFO - paramwise_options -- backbone.adapter.interactions.3.extra_extractors.1.attn.attn.output_proj.weight:lr=1e-05
2026/06/09 14:59:16 - mmengine - INFO - paramwise_options -- backbone.adapter.interactions.3.extra_extractors.1.attn.attn.output_proj.weight:weight_decay=0.05
2026/06/09 14:59:16 - mmengine - INFO - paramwise_options -- backbone.adapter.interactions.3.extra_extractors.1.attn.attn.output_proj.weight:lr_mult=0.1
2026/06/09 14:59:16 - mmengine - INFO - paramwise_options -- backbone.adapter.interactions.3.extra_extractors.1.attn.attn.output_proj.weight:decay_mult=1.0
2026/06/09 14:59:16 - mmengine - INFO - paramwise_options -- backbone.adapter.interactions.3.extra_extractors.1.attn.attn.output_proj.bias:lr=1e-05
2026/06/09 14:59:16 - mmengine - INFO - paramwise_options -- backbone.adapter.interactions.3.extra_extractors.1.attn.attn.output_proj.bias:weight_decay=0.05
2026/06/09 14:59:16 - mmengine - INFO - paramwise_options -- backbone.adapter.interactions.3.extra_extractors.1.attn.attn.output_proj.bias:lr_mult=0.1
2026/06/09 14:59:16 - mmengine - INFO - paramwise_options -- backbone.adapter.interactions.3.extra_extractors.1.attn.attn.output_proj.bias:decay_mult=1.0
2026/06/09 14:59:16 - mmengine - INFO - paramwise_options -- backbone.adapter.interactions.3.extra_extractors.1.ffn.fc1.weight:lr=1e-05
2026/06/09 14:59:16 - mmengine - INFO - paramwise_options -- backbone.adapter.interactions.3.extra_extractors.1.ffn.fc1.weight:weight_decay=0.05
2026/06/09 14:59:16 - mmengine - INFO - paramwise_options -- backbone.adapter.interactions.3.extra_extractors.1.ffn.fc1.weight:lr_mult=0.1
2026/06/09 14:59:16 - mmengine - INFO - paramwise_options -- backbone.adapter.interactions.3.extra_extractors.1.ffn.fc1.weight:decay_mult=1.0
2026/06/09 14:59:16 - mmengine - INFO - paramwise_options -- backbone.adapter.interactions.3.extra_extractors.1.ffn.fc1.bias:lr=1e-05
2026/06/09 14:59:16 - mmengine - INFO - paramwise_options -- backbone.adapter.interactions.3.extra_extractors.1.ffn.fc1.bias:weight_decay=0.05
2026/06/09 14:59:16 - mmengine - INFO - paramwise_options -- backbone.adapter.interactions.3.extra_extractors.1.ffn.fc1.bias:lr_mult=0.1
2026/06/09 14:59:16 - mmengine - INFO - paramwise_options -- backbone.adapter.interactions.3.extra_extractors.1.ffn.fc1.bias:decay_mult=1.0
2026/06/09 14:59:16 - mmengine - INFO - paramwise_options -- backbone.adapter.interactions.3.extra_extractors.1.ffn.dwconv.dwconv.weight:lr=1e-05
2026/06/09 14:59:16 - mmengine - INFO - paramwise_options -- backbone.adapter.interactions.3.extra_extractors.1.ffn.dwconv.dwconv.weight:weight_decay=0.05
2026/06/09 14:59:16 - mmengine - INFO - paramwise_options -- backbone.adapter.interactions.3.extra_extractors.1.ffn.dwconv.dwconv.weight:lr_mult=0.1
2026/06/09 14:59:16 - mmengine - INFO - paramwise_options -- backbone.adapter.interactions.3.extra_extractors.1.ffn.dwconv.dwconv.weight:decay_mult=1.0
2026/06/09 14:59:16 - mmengine - INFO - paramwise_options -- backbone.adapter.interactions.3.extra_extractors.1.ffn.dwconv.dwconv.bias:lr=1e-05
2026/06/09 14:59:16 - mmengine - INFO - paramwise_options -- backbone.adapter.interactions.3.extra_extractors.1.ffn.dwconv.dwconv.bias:weight_decay=0.05
2026/06/09 14:59:16 - mmengine - INFO - paramwise_options -- backbone.adapter.interactions.3.extra_extractors.1.ffn.dwconv.dwconv.bias:lr_mult=0.1
2026/06/09 14:59:16 - mmengine - INFO - paramwise_options -- backbone.adapter.interactions.3.extra_extractors.1.ffn.dwconv.dwconv.bias:decay_mult=1.0
2026/06/09 14:59:16 - mmengine - INFO - paramwise_options -- backbone.adapter.interactions.3.extra_extractors.1.ffn.fc2.weight:lr=1e-05
2026/06/09 14:59:16 - mmengine - INFO - paramwise_options -- backbone.adapter.interactions.3.extra_extractors.1.ffn.fc2.weight:weight_decay=0.05
2026/06/09 14:59:16 - mmengine - INFO - paramwise_options -- backbone.adapter.interactions.3.extra_extractors.1.ffn.fc2.weight:lr_mult=0.1
2026/06/09 14:59:16 - mmengine - INFO - paramwise_options -- backbone.adapter.interactions.3.extra_extractors.1.ffn.fc2.weight:decay_mult=1.0
2026/06/09 14:59:16 - mmengine - INFO - paramwise_options -- backbone.adapter.interactions.3.extra_extractors.1.ffn.fc2.bias:lr=1e-05
2026/06/09 14:59:16 - mmengine - INFO - paramwise_options -- backbone.adapter.interactions.3.extra_extractors.1.ffn.fc2.bias:weight_decay=0.05
2026/06/09 14:59:16 - mmengine - INFO - paramwise_options -- backbone.adapter.interactions.3.extra_extractors.1.ffn.fc2.bias:lr_mult=0.1
2026/06/09 14:59:16 - mmengine - INFO - paramwise_options -- backbone.adapter.interactions.3.extra_extractors.1.ffn.fc2.bias:decay_mult=1.0
2026/06/09 14:59:16 - mmengine - INFO - paramwise_options -- backbone.adapter.interactions.3.extra_extractors.1.ffn_norm.weight:lr=1e-05
2026/06/09 14:59:16 - mmengine - INFO - paramwise_options -- backbone.adapter.interactions.3.extra_extractors.1.ffn_norm.weight:weight_decay=0.05
2026/06/09 14:59:16 - mmengine - INFO - paramwise_options -- backbone.adapter.interactions.3.extra_extractors.1.ffn_norm.weight:lr_mult=0.1
2026/06/09 14:59:16 - mmengine - INFO - paramwise_options -- backbone.adapter.interactions.3.extra_extractors.1.ffn_norm.weight:decay_mult=1.0
2026/06/09 14:59:16 - mmengine - INFO - paramwise_options -- backbone.adapter.interactions.3.extra_extractors.1.ffn_norm.bias:lr=1e-05
2026/06/09 14:59:16 - mmengine - INFO - paramwise_options -- backbone.adapter.interactions.3.extra_extractors.1.ffn_norm.bias:weight_decay=0.05
2026/06/09 14:59:16 - mmengine - INFO - paramwise_options -- backbone.adapter.interactions.3.extra_extractors.1.ffn_norm.bias:lr_mult=0.1
2026/06/09 14:59:16 - mmengine - INFO - paramwise_options -- backbone.adapter.interactions.3.extra_extractors.1.ffn_norm.bias:decay_mult=1.0
2026/06/09 14:59:16 - mmengine - INFO - paramwise_options -- backbone.adapter.up.weight:lr=1e-05
2026/06/09 14:59:16 - mmengine - INFO - paramwise_options -- backbone.adapter.up.weight:weight_decay=0.05
2026/06/09 14:59:16 - mmengine - INFO - paramwise_options -- backbone.adapter.up.weight:lr_mult=0.1
2026/06/09 14:59:16 - mmengine - INFO - paramwise_options -- backbone.adapter.up.weight:decay_mult=1.0
2026/06/09 14:59:16 - mmengine - INFO - paramwise_options -- backbone.adapter.up.bias:lr=1e-05
2026/06/09 14:59:16 - mmengine - INFO - paramwise_options -- backbone.adapter.up.bias:weight_decay=0.05
2026/06/09 14:59:16 - mmengine - INFO - paramwise_options -- backbone.adapter.up.bias:lr_mult=0.1
2026/06/09 14:59:16 - mmengine - INFO - paramwise_options -- backbone.adapter.up.bias:decay_mult=1.0
2026/06/09 14:59:16 - mmengine - INFO - paramwise_options -- backbone.adapter.norm1.weight:lr=1e-05
2026/06/09 14:59:16 - mmengine - INFO - paramwise_options -- backbone.adapter.norm1.weight:weight_decay=0.05
2026/06/09 14:59:16 - mmengine - INFO - paramwise_options -- backbone.adapter.norm1.weight:lr_mult=0.1
2026/06/09 14:59:16 - mmengine - INFO - paramwise_options -- backbone.adapter.norm1.weight:decay_mult=1.0
2026/06/09 14:59:16 - mmengine - INFO - paramwise_options -- backbone.adapter.norm1.bias:lr=1e-05
2026/06/09 14:59:16 - mmengine - INFO - paramwise_options -- backbone.adapter.norm1.bias:weight_decay=0.05
2026/06/09 14:59:16 - mmengine - INFO - paramwise_options -- backbone.adapter.norm1.bias:lr_mult=0.1
2026/06/09 14:59:16 - mmengine - INFO - paramwise_options -- backbone.adapter.norm1.bias:decay_mult=1.0
2026/06/09 14:59:16 - mmengine - INFO - paramwise_options -- backbone.adapter.norm2.weight:lr=1e-05
2026/06/09 14:59:16 - mmengine - INFO - paramwise_options -- backbone.adapter.norm2.weight:weight_decay=0.05
2026/06/09 14:59:16 - mmengine - INFO - paramwise_options -- backbone.adapter.norm2.weight:lr_mult=0.1
2026/06/09 14:59:16 - mmengine - INFO - paramwise_options -- backbone.adapter.norm2.weight:decay_mult=1.0
2026/06/09 14:59:16 - mmengine - INFO - paramwise_options -- backbone.adapter.norm2.bias:lr=1e-05
2026/06/09 14:59:16 - mmengine - INFO - paramwise_options -- backbone.adapter.norm2.bias:weight_decay=0.05
2026/06/09 14:59:16 - mmengine - INFO - paramwise_options -- backbone.adapter.norm2.bias:lr_mult=0.1
2026/06/09 14:59:16 - mmengine - INFO - paramwise_options -- backbone.adapter.norm2.bias:decay_mult=1.0
2026/06/09 14:59:16 - mmengine - INFO - paramwise_options -- backbone.adapter.norm3.weight:lr=1e-05
2026/06/09 14:59:16 - mmengine - INFO - paramwise_options -- backbone.adapter.norm3.weight:weight_decay=0.05
2026/06/09 14:59:16 - mmengine - INFO - paramwise_options -- backbone.adapter.norm3.weight:lr_mult=0.1
2026/06/09 14:59:16 - mmengine - INFO - paramwise_options -- backbone.adapter.norm3.weight:decay_mult=1.0
2026/06/09 14:59:16 - mmengine - INFO - paramwise_options -- backbone.adapter.norm3.bias:lr=1e-05
2026/06/09 14:59:16 - mmengine - INFO - paramwise_options -- backbone.adapter.norm3.bias:weight_decay=0.05
2026/06/09 14:59:16 - mmengine - INFO - paramwise_options -- backbone.adapter.norm3.bias:lr_mult=0.1
2026/06/09 14:59:16 - mmengine - INFO - paramwise_options -- backbone.adapter.norm3.bias:decay_mult=1.0
2026/06/09 14:59:17 - mmengine - INFO - paramwise_options -- backbone.adapter.norm4.weight:lr=1e-05
2026/06/09 14:59:17 - mmengine - INFO - paramwise_options -- backbone.adapter.norm4.weight:weight_decay=0.05
2026/06/09 14:59:17 - mmengine - INFO - paramwise_options -- backbone.adapter.norm4.weight:lr_mult=0.1
2026/06/09 14:59:17 - mmengine - INFO - paramwise_options -- backbone.adapter.norm4.weight:decay_mult=1.0
2026/06/09 14:59:17 - mmengine - INFO - paramwise_options -- backbone.adapter.norm4.bias:lr=1e-05
2026/06/09 14:59:17 - mmengine - INFO - paramwise_options -- backbone.adapter.norm4.bias:weight_decay=0.05
2026/06/09 14:59:17 - mmengine - INFO - paramwise_options -- backbone.adapter.norm4.bias:lr_mult=0.1
2026/06/09 14:59:17 - mmengine - INFO - paramwise_options -- backbone.adapter.norm4.bias:decay_mult=1.0
2026/06/09 14:59:17 - mmengine - INFO - paramwise_options -- decode_head.pixel_decoder.input_convs.0.gn.weight:weight_decay=0.0
2026/06/09 14:59:17 - mmengine - INFO - paramwise_options -- decode_head.pixel_decoder.input_convs.0.gn.bias:weight_decay=0.0
2026/06/09 14:59:17 - mmengine - INFO - paramwise_options -- decode_head.pixel_decoder.input_convs.1.gn.weight:weight_decay=0.0
2026/06/09 14:59:17 - mmengine - INFO - paramwise_options -- decode_head.pixel_decoder.input_convs.1.gn.bias:weight_decay=0.0
2026/06/09 14:59:17 - mmengine - INFO - paramwise_options -- decode_head.pixel_decoder.input_convs.2.gn.weight:weight_decay=0.0
2026/06/09 14:59:17 - mmengine - INFO - paramwise_options -- decode_head.pixel_decoder.input_convs.2.gn.bias:weight_decay=0.0
2026/06/09 14:59:17 - mmengine - INFO - paramwise_options -- decode_head.pixel_decoder.encoder.layers.0.norms.0.weight:weight_decay=0.0
2026/06/09 14:59:17 - mmengine - INFO - paramwise_options -- decode_head.pixel_decoder.encoder.layers.0.norms.0.bias:weight_decay=0.0
2026/06/09 14:59:17 - mmengine - INFO - paramwise_options -- decode_head.pixel_decoder.encoder.layers.0.norms.1.weight:weight_decay=0.0
2026/06/09 14:59:17 - mmengine - INFO - paramwise_options -- decode_head.pixel_decoder.encoder.layers.0.norms.1.bias:weight_decay=0.0
2026/06/09 14:59:17 - mmengine - INFO - paramwise_options -- decode_head.pixel_decoder.encoder.layers.1.norms.0.weight:weight_decay=0.0
2026/06/09 14:59:17 - mmengine - INFO - paramwise_options -- decode_head.pixel_decoder.encoder.layers.1.norms.0.bias:weight_decay=0.0
2026/06/09 14:59:17 - mmengine - INFO - paramwise_options -- decode_head.pixel_decoder.encoder.layers.1.norms.1.weight:weight_decay=0.0
2026/06/09 14:59:17 - mmengine - INFO - paramwise_options -- decode_head.pixel_decoder.encoder.layers.1.norms.1.bias:weight_decay=0.0
2026/06/09 14:59:17 - mmengine - INFO - paramwise_options -- decode_head.pixel_decoder.encoder.layers.2.norms.0.weight:weight_decay=0.0
2026/06/09 14:59:17 - mmengine - INFO - paramwise_options -- decode_head.pixel_decoder.encoder.layers.2.norms.0.bias:weight_decay=0.0
2026/06/09 14:59:17 - mmengine - INFO - paramwise_options -- decode_head.pixel_decoder.encoder.layers.2.norms.1.weight:weight_decay=0.0
2026/06/09 14:59:17 - mmengine - INFO - paramwise_options -- decode_head.pixel_decoder.encoder.layers.2.norms.1.bias:weight_decay=0.0
2026/06/09 14:59:17 - mmengine - INFO - paramwise_options -- decode_head.pixel_decoder.encoder.layers.3.norms.0.weight:weight_decay=0.0
2026/06/09 14:59:17 - mmengine - INFO - paramwise_options -- decode_head.pixel_decoder.encoder.layers.3.norms.0.bias:weight_decay=0.0
2026/06/09 14:59:17 - mmengine - INFO - paramwise_options -- decode_head.pixel_decoder.encoder.layers.3.norms.1.weight:weight_decay=0.0
2026/06/09 14:59:17 - mmengine - INFO - paramwise_options -- decode_head.pixel_decoder.encoder.layers.3.norms.1.bias:weight_decay=0.0
2026/06/09 14:59:17 - mmengine - INFO - paramwise_options -- decode_head.pixel_decoder.encoder.layers.4.norms.0.weight:weight_decay=0.0
2026/06/09 14:59:17 - mmengine - INFO - paramwise_options -- decode_head.pixel_decoder.encoder.layers.4.norms.0.bias:weight_decay=0.0
2026/06/09 14:59:17 - mmengine - INFO - paramwise_options -- decode_head.pixel_decoder.encoder.layers.4.norms.1.weight:weight_decay=0.0
2026/06/09 14:59:17 - mmengine - INFO - paramwise_options -- decode_head.pixel_decoder.encoder.layers.4.norms.1.bias:weight_decay=0.0
2026/06/09 14:59:17 - mmengine - INFO - paramwise_options -- decode_head.pixel_decoder.encoder.layers.5.norms.0.weight:weight_decay=0.0
2026/06/09 14:59:17 - mmengine - INFO - paramwise_options -- decode_head.pixel_decoder.encoder.layers.5.norms.0.bias:weight_decay=0.0
2026/06/09 14:59:17 - mmengine - INFO - paramwise_options -- decode_head.pixel_decoder.encoder.layers.5.norms.1.weight:weight_decay=0.0
2026/06/09 14:59:17 - mmengine - INFO - paramwise_options -- decode_head.pixel_decoder.encoder.layers.5.norms.1.bias:weight_decay=0.0
2026/06/09 14:59:17 - mmengine - INFO - paramwise_options -- decode_head.pixel_decoder.lateral_convs.0.gn.weight:weight_decay=0.0
2026/06/09 14:59:17 - mmengine - INFO - paramwise_options -- decode_head.pixel_decoder.lateral_convs.0.gn.bias:weight_decay=0.0
2026/06/09 14:59:17 - mmengine - INFO - paramwise_options -- decode_head.pixel_decoder.output_convs.0.gn.weight:weight_decay=0.0
2026/06/09 14:59:17 - mmengine - INFO - paramwise_options -- decode_head.pixel_decoder.output_convs.0.gn.bias:weight_decay=0.0
2026/06/09 14:59:17 - mmengine - INFO - paramwise_options -- decode_head.transformer_decoder.layers.0.norms.0.weight:weight_decay=0.0
2026/06/09 14:59:17 - mmengine - INFO - paramwise_options -- decode_head.transformer_decoder.layers.0.norms.0.bias:weight_decay=0.0
2026/06/09 14:59:17 - mmengine - INFO - paramwise_options -- decode_head.transformer_decoder.layers.0.norms.1.weight:weight_decay=0.0
2026/06/09 14:59:17 - mmengine - INFO - paramwise_options -- decode_head.transformer_decoder.layers.0.norms.1.bias:weight_decay=0.0
2026/06/09 14:59:17 - mmengine - INFO - paramwise_options -- decode_head.transformer_decoder.layers.0.norms.2.weight:weight_decay=0.0
2026/06/09 14:59:17 - mmengine - INFO - paramwise_options -- decode_head.transformer_decoder.layers.0.norms.2.bias:weight_decay=0.0
2026/06/09 14:59:17 - mmengine - INFO - paramwise_options -- decode_head.transformer_decoder.layers.1.norms.0.weight:weight_decay=0.0
2026/06/09 14:59:17 - mmengine - INFO - paramwise_options -- decode_head.transformer_decoder.layers.1.norms.0.bias:weight_decay=0.0
2026/06/09 14:59:17 - mmengine - INFO - paramwise_options -- decode_head.transformer_decoder.layers.1.norms.1.weight:weight_decay=0.0
2026/06/09 14:59:17 - mmengine - INFO - paramwise_options -- decode_head.transformer_decoder.layers.1.norms.1.bias:weight_decay=0.0
2026/06/09 14:59:17 - mmengine - INFO - paramwise_options -- decode_head.transformer_decoder.layers.1.norms.2.weight:weight_decay=0.0
2026/06/09 14:59:17 - mmengine - INFO - paramwise_options -- decode_head.transformer_decoder.layers.1.norms.2.bias:weight_decay=0.0
2026/06/09 14:59:17 - mmengine - INFO - paramwise_options -- decode_head.transformer_decoder.layers.2.norms.0.weight:weight_decay=0.0
2026/06/09 14:59:17 - mmengine - INFO - paramwise_options -- decode_head.transformer_decoder.layers.2.norms.0.bias:weight_decay=0.0
2026/06/09 14:59:17 - mmengine - INFO - paramwise_options -- decode_head.transformer_decoder.layers.2.norms.1.weight:weight_decay=0.0
2026/06/09 14:59:17 - mmengine - INFO - paramwise_options -- decode_head.transformer_decoder.layers.2.norms.1.bias:weight_decay=0.0
2026/06/09 14:59:17 - mmengine - INFO - paramwise_options -- decode_head.transformer_decoder.layers.2.norms.2.weight:weight_decay=0.0
2026/06/09 14:59:17 - mmengine - INFO - paramwise_options -- decode_head.transformer_decoder.layers.2.norms.2.bias:weight_decay=0.0
2026/06/09 14:59:17 - mmengine - INFO - paramwise_options -- decode_head.transformer_decoder.layers.3.norms.0.weight:weight_decay=0.0
2026/06/09 14:59:17 - mmengine - INFO - paramwise_options -- decode_head.transformer_decoder.layers.3.norms.0.bias:weight_decay=0.0
2026/06/09 14:59:17 - mmengine - INFO - paramwise_options -- decode_head.transformer_decoder.layers.3.norms.1.weight:weight_decay=0.0
2026/06/09 14:59:17 - mmengine - INFO - paramwise_options -- decode_head.transformer_decoder.layers.3.norms.1.bias:weight_decay=0.0
2026/06/09 14:59:17 - mmengine - INFO - paramwise_options -- decode_head.transformer_decoder.layers.3.norms.2.weight:weight_decay=0.0
2026/06/09 14:59:17 - mmengine - INFO - paramwise_options -- decode_head.transformer_decoder.layers.3.norms.2.bias:weight_decay=0.0
2026/06/09 14:59:17 - mmengine - INFO - paramwise_options -- decode_head.transformer_decoder.layers.4.norms.0.weight:weight_decay=0.0
2026/06/09 14:59:17 - mmengine - INFO - paramwise_options -- decode_head.transformer_decoder.layers.4.norms.0.bias:weight_decay=0.0
2026/06/09 14:59:17 - mmengine - INFO - paramwise_options -- decode_head.transformer_decoder.layers.4.norms.1.weight:weight_decay=0.0
2026/06/09 14:59:17 - mmengine - INFO - paramwise_options -- decode_head.transformer_decoder.layers.4.norms.1.bias:weight_decay=0.0
2026/06/09 14:59:17 - mmengine - INFO - paramwise_options -- decode_head.transformer_decoder.layers.4.norms.2.weight:weight_decay=0.0
2026/06/09 14:59:17 - mmengine - INFO - paramwise_options -- decode_head.transformer_decoder.layers.4.norms.2.bias:weight_decay=0.0
2026/06/09 14:59:17 - mmengine - INFO - paramwise_options -- decode_head.transformer_decoder.layers.5.norms.0.weight:weight_decay=0.0
2026/06/09 14:59:17 - mmengine - INFO - paramwise_options -- decode_head.transformer_decoder.layers.5.norms.0.bias:weight_decay=0.0
2026/06/09 14:59:17 - mmengine - INFO - paramwise_options -- decode_head.transformer_decoder.layers.5.norms.1.weight:weight_decay=0.0
2026/06/09 14:59:17 - mmengine - INFO - paramwise_options -- decode_head.transformer_decoder.layers.5.norms.1.bias:weight_decay=0.0
2026/06/09 14:59:17 - mmengine - INFO - paramwise_options -- decode_head.transformer_decoder.layers.5.norms.2.weight:weight_decay=0.0
2026/06/09 14:59:17 - mmengine - INFO - paramwise_options -- decode_head.transformer_decoder.layers.5.norms.2.bias:weight_decay=0.0
2026/06/09 14:59:17 - mmengine - INFO - paramwise_options -- decode_head.transformer_decoder.layers.6.norms.0.weight:weight_decay=0.0
2026/06/09 14:59:17 - mmengine - INFO - paramwise_options -- decode_head.transformer_decoder.layers.6.norms.0.bias:weight_decay=0.0
2026/06/09 14:59:17 - mmengine - INFO - paramwise_options -- decode_head.transformer_decoder.layers.6.norms.1.weight:weight_decay=0.0
2026/06/09 14:59:17 - mmengine - INFO - paramwise_options -- decode_head.transformer_decoder.layers.6.norms.1.bias:weight_decay=0.0
2026/06/09 14:59:17 - mmengine - INFO - paramwise_options -- decode_head.transformer_decoder.layers.6.norms.2.weight:weight_decay=0.0
2026/06/09 14:59:17 - mmengine - INFO - paramwise_options -- decode_head.transformer_decoder.layers.6.norms.2.bias:weight_decay=0.0
2026/06/09 14:59:17 - mmengine - INFO - paramwise_options -- decode_head.transformer_decoder.layers.7.norms.0.weight:weight_decay=0.0
2026/06/09 14:59:17 - mmengine - INFO - paramwise_options -- decode_head.transformer_decoder.layers.7.norms.0.bias:weight_decay=0.0
2026/06/09 14:59:17 - mmengine - INFO - paramwise_options -- decode_head.transformer_decoder.layers.7.norms.1.weight:weight_decay=0.0
2026/06/09 14:59:17 - mmengine - INFO - paramwise_options -- decode_head.transformer_decoder.layers.7.norms.1.bias:weight_decay=0.0
2026/06/09 14:59:17 - mmengine - INFO - paramwise_options -- decode_head.transformer_decoder.layers.7.norms.2.weight:weight_decay=0.0
2026/06/09 14:59:17 - mmengine - INFO - paramwise_options -- decode_head.transformer_decoder.layers.7.norms.2.bias:weight_decay=0.0
2026/06/09 14:59:17 - mmengine - INFO - paramwise_options -- decode_head.transformer_decoder.layers.8.norms.0.weight:weight_decay=0.0
2026/06/09 14:59:17 - mmengine - INFO - paramwise_options -- decode_head.transformer_decoder.layers.8.norms.0.bias:weight_decay=0.0
2026/06/09 14:59:17 - mmengine - INFO - paramwise_options -- decode_head.transformer_decoder.layers.8.norms.1.weight:weight_decay=0.0
2026/06/09 14:59:17 - mmengine - INFO - paramwise_options -- decode_head.transformer_decoder.layers.8.norms.1.bias:weight_decay=0.0
2026/06/09 14:59:17 - mmengine - INFO - paramwise_options -- decode_head.transformer_decoder.layers.8.norms.2.weight:weight_decay=0.0
2026/06/09 14:59:17 - mmengine - INFO - paramwise_options -- decode_head.transformer_decoder.layers.8.norms.2.bias:weight_decay=0.0
2026/06/09 14:59:17 - mmengine - INFO - paramwise_options -- decode_head.transformer_decoder.post_norm.weight:weight_decay=0.0
2026/06/09 14:59:17 - mmengine - INFO - paramwise_options -- decode_head.transformer_decoder.post_norm.bias:weight_decay=0.0
2026/06/09 14:59:17 - mmengine - INFO - paramwise_options -- decode_head.query_embed.weight:lr=0.0001
2026/06/09 14:59:17 - mmengine - INFO - paramwise_options -- decode_head.query_embed.weight:weight_decay=0.0
2026/06/09 14:59:17 - mmengine - INFO - paramwise_options -- decode_head.query_embed.weight:lr_mult=1.0
2026/06/09 14:59:17 - mmengine - INFO - paramwise_options -- decode_head.query_embed.weight:decay_mult=0.0
2026/06/09 14:59:17 - mmengine - INFO - paramwise_options -- decode_head.query_feat.weight:lr=0.0001
2026/06/09 14:59:17 - mmengine - INFO - paramwise_options -- decode_head.query_feat.weight:weight_decay=0.0
2026/06/09 14:59:17 - mmengine - INFO - paramwise_options -- decode_head.query_feat.weight:lr_mult=1.0
2026/06/09 14:59:17 - mmengine - INFO - paramwise_options -- decode_head.query_feat.weight:decay_mult=0.0
2026/06/09 14:59:17 - mmengine - INFO - paramwise_options -- decode_head.level_embed.weight:lr=0.0001
2026/06/09 14:59:17 - mmengine - INFO - paramwise_options -- decode_head.level_embed.weight:weight_decay=0.0
2026/06/09 14:59:17 - mmengine - INFO - paramwise_options -- decode_head.level_embed.weight:lr_mult=1.0
2026/06/09 14:59:17 - mmengine - INFO - paramwise_options -- decode_head.level_embed.weight:decay_mult=0.0
2026/06/09 14:59:17 - mmengine - WARNING - The prefix is not set in metric class IoUMetric.
Name of parameter - Initialization information

backbone.adapter.level_embed - torch.Size([3, 384]): 
The value is the same before and after calling `init_weights` of EncoderDecoder  

backbone.adapter.backbone.cls_token - torch.Size([1, 1, 384]): 
The value is the same before and after calling `init_weights` of EncoderDecoder  

backbone.adapter.backbone.mask_token - torch.Size([1, 384]): 
The value is the same before and after calling `init_weights` of EncoderDecoder  

backbone.adapter.backbone.patch_embed.proj.weight - torch.Size([384, 3, 16, 16]): 
The value is the same before and after calling `init_weights` of EncoderDecoder  

backbone.adapter.backbone.patch_embed.proj.bias - torch.Size([384]): 
The value is the same before and after calling `init_weights` of EncoderDecoder  

backbone.adapter.backbone.blocks.0.norm1.weight - torch.Size([384]): 
The value is the same before and after calling `init_weights` of EncoderDecoder  

backbone.adapter.backbone.blocks.0.norm1.bias - torch.Size([384]): 
The value is the same before and after calling `init_weights` of EncoderDecoder  

backbone.adapter.backbone.blocks.0.attn.qkv.weight - torch.Size([1152, 384]): 
The value is the same before and after calling `init_weights` of EncoderDecoder  

backbone.adapter.backbone.blocks.0.attn.qkv.bias - torch.Size([1152]): 
The value is the same before and after calling `init_weights` of EncoderDecoder  

backbone.adapter.backbone.blocks.0.attn.proj.weight - torch.Size([384, 384]): 
The value is the same before and after calling `init_weights` of EncoderDecoder  

backbone.adapter.backbone.blocks.0.attn.proj.bias - torch.Size([384]): 
The value is the same before and after calling `init_weights` of EncoderDecoder  

backbone.adapter.backbone.blocks.0.ls1.gamma - torch.Size([384]): 
The value is the same before and after calling `init_weights` of EncoderDecoder  

backbone.adapter.backbone.blocks.0.norm2.weight - torch.Size([384]): 
The value is the same before and after calling `init_weights` of EncoderDecoder  

backbone.adapter.backbone.blocks.0.norm2.bias - torch.Size([384]): 
The value is the same before and after calling `init_weights` of EncoderDecoder  

backbone.adapter.backbone.blocks.0.mlp.fc1.weight - torch.Size([1536, 384]): 
The value is the same before and after calling `init_weights` of EncoderDecoder  

backbone.adapter.backbone.blocks.0.mlp.fc1.bias - torch.Size([1536]): 
The value is the same before and after calling `init_weights` of EncoderDecoder  

backbone.adapter.backbone.blocks.0.mlp.fc2.weight - torch.Size([384, 1536]): 
The value is the same before and after calling `init_weights` of EncoderDecoder  

backbone.adapter.backbone.blocks.0.mlp.fc2.bias - torch.Size([384]): 
The value is the same before and after calling `init_weights` of EncoderDecoder  

backbone.adapter.backbone.blocks.0.ls2.gamma - torch.Size([384]): 
The value is the same before and after calling `init_weights` of EncoderDecoder  

backbone.adapter.backbone.blocks.1.norm1.weight - torch.Size([384]): 
The value is the same before and after calling `init_weights` of EncoderDecoder  

backbone.adapter.backbone.blocks.1.norm1.bias - torch.Size([384]): 
The value is the same before and after calling `init_weights` of EncoderDecoder  

backbone.adapter.backbone.blocks.1.attn.qkv.weight - torch.Size([1152, 384]): 
The value is the same before and after calling `init_weights` of EncoderDecoder  

backbone.adapter.backbone.blocks.1.attn.qkv.bias - torch.Size([1152]): 
The value is the same before and after calling `init_weights` of EncoderDecoder  

backbone.adapter.backbone.blocks.1.attn.proj.weight - torch.Size([384, 384]): 
The value is the same before and after calling `init_weights` of EncoderDecoder  

backbone.adapter.backbone.blocks.1.attn.proj.bias - torch.Size([384]): 
The value is the same before and after calling `init_weights` of EncoderDecoder  

backbone.adapter.backbone.blocks.1.ls1.gamma - torch.Size([384]): 
The value is the same before and after calling `init_weights` of EncoderDecoder  

backbone.adapter.backbone.blocks.1.norm2.weight - torch.Size([384]): 
The value is the same before and after calling `init_weights` of EncoderDecoder  

backbone.adapter.backbone.blocks.1.norm2.bias - torch.Size([384]): 
The value is the same before and after calling `init_weights` of EncoderDecoder  

backbone.adapter.backbone.blocks.1.mlp.fc1.weight - torch.Size([1536, 384]): 
The value is the same before and after calling `init_weights` of EncoderDecoder  

backbone.adapter.backbone.blocks.1.mlp.fc1.bias - torch.Size([1536]): 
The value is the same before and after calling `init_weights` of EncoderDecoder  

backbone.adapter.backbone.blocks.1.mlp.fc2.weight - torch.Size([384, 1536]): 
The value is the same before and after calling `init_weights` of EncoderDecoder  

backbone.adapter.backbone.blocks.1.mlp.fc2.bias - torch.Size([384]): 
The value is the same before and after calling `init_weights` of EncoderDecoder  

backbone.adapter.backbone.blocks.1.ls2.gamma - torch.Size([384]): 
The value is the same before and after calling `init_weights` of EncoderDecoder  

backbone.adapter.backbone.blocks.2.norm1.weight - torch.Size([384]): 
The value is the same before and after calling `init_weights` of EncoderDecoder  

backbone.adapter.backbone.blocks.2.norm1.bias - torch.Size([384]): 
The value is the same before and after calling `init_weights` of EncoderDecoder  

backbone.adapter.backbone.blocks.2.attn.qkv.weight - torch.Size([1152, 384]): 
The value is the same before and after calling `init_weights` of EncoderDecoder  

backbone.adapter.backbone.blocks.2.attn.qkv.bias - torch.Size([1152]): 
The value is the same before and after calling `init_weights` of EncoderDecoder  

backbone.adapter.backbone.blocks.2.attn.proj.weight - torch.Size([384, 384]): 
The value is the same before and after calling `init_weights` of EncoderDecoder  

backbone.adapter.backbone.blocks.2.attn.proj.bias - torch.Size([384]): 
The value is the same before and after calling `init_weights` of EncoderDecoder  

backbone.adapter.backbone.blocks.2.ls1.gamma - torch.Size([384]): 
The value is the same before and after calling `init_weights` of EncoderDecoder  

backbone.adapter.backbone.blocks.2.norm2.weight - torch.Size([384]): 
The value is the same before and after calling `init_weights` of EncoderDecoder  

backbone.adapter.backbone.blocks.2.norm2.bias - torch.Size([384]): 
The value is the same before and after calling `init_weights` of EncoderDecoder  

backbone.adapter.backbone.blocks.2.mlp.fc1.weight - torch.Size([1536, 384]): 
The value is the same before and after calling `init_weights` of EncoderDecoder  

backbone.adapter.backbone.blocks.2.mlp.fc1.bias - torch.Size([1536]): 
The value is the same before and after calling `init_weights` of EncoderDecoder  

backbone.adapter.backbone.blocks.2.mlp.fc2.weight - torch.Size([384, 1536]): 
The value is the same before and after calling `init_weights` of EncoderDecoder  

backbone.adapter.backbone.blocks.2.mlp.fc2.bias - torch.Size([384]): 
The value is the same before and after calling `init_weights` of EncoderDecoder  

backbone.adapter.backbone.blocks.2.ls2.gamma - torch.Size([384]): 
The value is the same before and after calling `init_weights` of EncoderDecoder  

backbone.adapter.backbone.blocks.3.norm1.weight - torch.Size([384]): 
The value is the same before and after calling `init_weights` of EncoderDecoder  

backbone.adapter.backbone.blocks.3.norm1.bias - torch.Size([384]): 
The value is the same before and after calling `init_weights` of EncoderDecoder  

backbone.adapter.backbone.blocks.3.attn.qkv.weight - torch.Size([1152, 384]): 
The value is the same before and after calling `init_weights` of EncoderDecoder  

backbone.adapter.backbone.blocks.3.attn.qkv.bias - torch.Size([1152]): 
The value is the same before and after calling `init_weights` of EncoderDecoder  

backbone.adapter.backbone.blocks.3.attn.proj.weight - torch.Size([384, 384]): 
The value is the same before and after calling `init_weights` of EncoderDecoder  

backbone.adapter.backbone.blocks.3.attn.proj.bias - torch.Size([384]): 
The value is the same before and after calling `init_weights` of EncoderDecoder  

backbone.adapter.backbone.blocks.3.ls1.gamma - torch.Size([384]): 
The value is the same before and after calling `init_weights` of EncoderDecoder  

backbone.adapter.backbone.blocks.3.norm2.weight - torch.Size([384]): 
The value is the same before and after calling `init_weights` of EncoderDecoder  

backbone.adapter.backbone.blocks.3.norm2.bias - torch.Size([384]): 
The value is the same before and after calling `init_weights` of EncoderDecoder  

backbone.adapter.backbone.blocks.3.mlp.fc1.weight - torch.Size([1536, 384]): 
The value is the same before and after calling `init_weights` of EncoderDecoder  

backbone.adapter.backbone.blocks.3.mlp.fc1.bias - torch.Size([1536]): 
The value is the same before and after calling `init_weights` of EncoderDecoder  

backbone.adapter.backbone.blocks.3.mlp.fc2.weight - torch.Size([384, 1536]): 
The value is the same before and after calling `init_weights` of EncoderDecoder  

backbone.adapter.backbone.blocks.3.mlp.fc2.bias - torch.Size([384]): 
The value is the same before and after calling `init_weights` of EncoderDecoder  

backbone.adapter.backbone.blocks.3.ls2.gamma - torch.Size([384]): 
The value is the same before and after calling `init_weights` of EncoderDecoder  

backbone.adapter.backbone.blocks.4.norm1.weight - torch.Size([384]): 
The value is the same before and after calling `init_weights` of EncoderDecoder  

backbone.adapter.backbone.blocks.4.norm1.bias - torch.Size([384]): 
The value is the same before and after calling `init_weights` of EncoderDecoder  

backbone.adapter.backbone.blocks.4.attn.qkv.weight - torch.Size([1152, 384]): 
The value is the same before and after calling `init_weights` of EncoderDecoder  

backbone.adapter.backbone.blocks.4.attn.qkv.bias - torch.Size([1152]): 
The value is the same before and after calling `init_weights` of EncoderDecoder  

backbone.adapter.backbone.blocks.4.attn.proj.weight - torch.Size([384, 384]): 
The value is the same before and after calling `init_weights` of EncoderDecoder  

backbone.adapter.backbone.blocks.4.attn.proj.bias - torch.Size([384]): 
The value is the same before and after calling `init_weights` of EncoderDecoder  

backbone.adapter.backbone.blocks.4.ls1.gamma - torch.Size([384]): 
The value is the same before and after calling `init_weights` of EncoderDecoder  

backbone.adapter.backbone.blocks.4.norm2.weight - torch.Size([384]): 
The value is the same before and after calling `init_weights` of EncoderDecoder  

backbone.adapter.backbone.blocks.4.norm2.bias - torch.Size([384]): 
The value is the same before and after calling `init_weights` of EncoderDecoder  

backbone.adapter.backbone.blocks.4.mlp.fc1.weight - torch.Size([1536, 384]): 
The value is the same before and after calling `init_weights` of EncoderDecoder  

backbone.adapter.backbone.blocks.4.mlp.fc1.bias - torch.Size([1536]): 
The value is the same before and after calling `init_weights` of EncoderDecoder  

backbone.adapter.backbone.blocks.4.mlp.fc2.weight - torch.Size([384, 1536]): 
The value is the same before and after calling `init_weights` of EncoderDecoder  

backbone.adapter.backbone.blocks.4.mlp.fc2.bias - torch.Size([384]): 
The value is the same before and after calling `init_weights` of EncoderDecoder  

backbone.adapter.backbone.blocks.4.ls2.gamma - torch.Size([384]): 
The value is the same before and after calling `init_weights` of EncoderDecoder  

backbone.adapter.backbone.blocks.5.norm1.weight - torch.Size([384]): 
The value is the same before and after calling `init_weights` of EncoderDecoder  

backbone.adapter.backbone.blocks.5.norm1.bias - torch.Size([384]): 
The value is the same before and after calling `init_weights` of EncoderDecoder  

backbone.adapter.backbone.blocks.5.attn.qkv.weight - torch.Size([1152, 384]): 
The value is the same before and after calling `init_weights` of EncoderDecoder  

backbone.adapter.backbone.blocks.5.attn.qkv.bias - torch.Size([1152]): 
The value is the same before and after calling `init_weights` of EncoderDecoder  

backbone.adapter.backbone.blocks.5.attn.proj.weight - torch.Size([384, 384]): 
The value is the same before and after calling `init_weights` of EncoderDecoder  

backbone.adapter.backbone.blocks.5.attn.proj.bias - torch.Size([384]): 
The value is the same before and after calling `init_weights` of EncoderDecoder  

backbone.adapter.backbone.blocks.5.ls1.gamma - torch.Size([384]): 
The value is the same before and after calling `init_weights` of EncoderDecoder  

backbone.adapter.backbone.blocks.5.norm2.weight - torch.Size([384]): 
The value is the same before and after calling `init_weights` of EncoderDecoder  

backbone.adapter.backbone.blocks.5.norm2.bias - torch.Size([384]): 
The value is the same before and after calling `init_weights` of EncoderDecoder  

backbone.adapter.backbone.blocks.5.mlp.fc1.weight - torch.Size([1536, 384]): 
The value is the same before and after calling `init_weights` of EncoderDecoder  

backbone.adapter.backbone.blocks.5.mlp.fc1.bias - torch.Size([1536]): 
The value is the same before and after calling `init_weights` of EncoderDecoder  

backbone.adapter.backbone.blocks.5.mlp.fc2.weight - torch.Size([384, 1536]): 
The value is the same before and after calling `init_weights` of EncoderDecoder  

backbone.adapter.backbone.blocks.5.mlp.fc2.bias - torch.Size([384]): 
The value is the same before and after calling `init_weights` of EncoderDecoder  

backbone.adapter.backbone.blocks.5.ls2.gamma - torch.Size([384]): 
The value is the same before and after calling `init_weights` of EncoderDecoder  

backbone.adapter.backbone.blocks.6.norm1.weight - torch.Size([384]): 
The value is the same before and after calling `init_weights` of EncoderDecoder  

backbone.adapter.backbone.blocks.6.norm1.bias - torch.Size([384]): 
The value is the same before and after calling `init_weights` of EncoderDecoder  

backbone.adapter.backbone.blocks.6.attn.qkv.weight - torch.Size([1152, 384]): 
The value is the same before and after calling `init_weights` of EncoderDecoder  

backbone.adapter.backbone.blocks.6.attn.qkv.bias - torch.Size([1152]): 
The value is the same before and after calling `init_weights` of EncoderDecoder  

backbone.adapter.backbone.blocks.6.attn.proj.weight - torch.Size([384, 384]): 
The value is the same before and after calling `init_weights` of EncoderDecoder  

backbone.adapter.backbone.blocks.6.attn.proj.bias - torch.Size([384]): 
The value is the same before and after calling `init_weights` of EncoderDecoder  

backbone.adapter.backbone.blocks.6.ls1.gamma - torch.Size([384]): 
The value is the same before and after calling `init_weights` of EncoderDecoder  

backbone.adapter.backbone.blocks.6.norm2.weight - torch.Size([384]): 
The value is the same before and after calling `init_weights` of EncoderDecoder  

backbone.adapter.backbone.blocks.6.norm2.bias - torch.Size([384]): 
The value is the same before and after calling `init_weights` of EncoderDecoder  

backbone.adapter.backbone.blocks.6.mlp.fc1.weight - torch.Size([1536, 384]): 
The value is the same before and after calling `init_weights` of EncoderDecoder  

backbone.adapter.backbone.blocks.6.mlp.fc1.bias - torch.Size([1536]): 
The value is the same before and after calling `init_weights` of EncoderDecoder  

backbone.adapter.backbone.blocks.6.mlp.fc2.weight - torch.Size([384, 1536]): 
The value is the same before and after calling `init_weights` of EncoderDecoder  

backbone.adapter.backbone.blocks.6.mlp.fc2.bias - torch.Size([384]): 
The value is the same before and after calling `init_weights` of EncoderDecoder  

backbone.adapter.backbone.blocks.6.ls2.gamma - torch.Size([384]): 
The value is the same before and after calling `init_weights` of EncoderDecoder  

backbone.adapter.backbone.blocks.7.norm1.weight - torch.Size([384]): 
The value is the same before and after calling `init_weights` of EncoderDecoder  

backbone.adapter.backbone.blocks.7.norm1.bias - torch.Size([384]): 
The value is the same before and after calling `init_weights` of EncoderDecoder  

backbone.adapter.backbone.blocks.7.attn.qkv.weight - torch.Size([1152, 384]): 
The value is the same before and after calling `init_weights` of EncoderDecoder  

backbone.adapter.backbone.blocks.7.attn.qkv.bias - torch.Size([1152]): 
The value is the same before and after calling `init_weights` of EncoderDecoder  

backbone.adapter.backbone.blocks.7.attn.proj.weight - torch.Size([384, 384]): 
The value is the same before and after calling `init_weights` of EncoderDecoder  

backbone.adapter.backbone.blocks.7.attn.proj.bias - torch.Size([384]): 
The value is the same before and after calling `init_weights` of EncoderDecoder  

backbone.adapter.backbone.blocks.7.ls1.gamma - torch.Size([384]): 
The value is the same before and after calling `init_weights` of EncoderDecoder  

backbone.adapter.backbone.blocks.7.norm2.weight - torch.Size([384]): 
The value is the same before and after calling `init_weights` of EncoderDecoder  

backbone.adapter.backbone.blocks.7.norm2.bias - torch.Size([384]): 
The value is the same before and after calling `init_weights` of EncoderDecoder  

backbone.adapter.backbone.blocks.7.mlp.fc1.weight - torch.Size([1536, 384]): 
The value is the same before and after calling `init_weights` of EncoderDecoder  

backbone.adapter.backbone.blocks.7.mlp.fc1.bias - torch.Size([1536]): 
The value is the same before and after calling `init_weights` of EncoderDecoder  

backbone.adapter.backbone.blocks.7.mlp.fc2.weight - torch.Size([384, 1536]): 
The value is the same before and after calling `init_weights` of EncoderDecoder  

backbone.adapter.backbone.blocks.7.mlp.fc2.bias - torch.Size([384]): 
The value is the same before and after calling `init_weights` of EncoderDecoder  

backbone.adapter.backbone.blocks.7.ls2.gamma - torch.Size([384]): 
The value is the same before and after calling `init_weights` of EncoderDecoder  

backbone.adapter.backbone.blocks.8.norm1.weight - torch.Size([384]): 
The value is the same before and after calling `init_weights` of EncoderDecoder  

backbone.adapter.backbone.blocks.8.norm1.bias - torch.Size([384]): 
The value is the same before and after calling `init_weights` of EncoderDecoder  

backbone.adapter.backbone.blocks.8.attn.qkv.weight - torch.Size([1152, 384]): 
The value is the same before and after calling `init_weights` of EncoderDecoder  

backbone.adapter.backbone.blocks.8.attn.qkv.bias - torch.Size([1152]): 
The value is the same before and after calling `init_weights` of EncoderDecoder  

backbone.adapter.backbone.blocks.8.attn.proj.weight - torch.Size([384, 384]): 
The value is the same before and after calling `init_weights` of EncoderDecoder  

backbone.adapter.backbone.blocks.8.attn.proj.bias - torch.Size([384]): 
The value is the same before and after calling `init_weights` of EncoderDecoder  

backbone.adapter.backbone.blocks.8.ls1.gamma - torch.Size([384]): 
The value is the same before and after calling `init_weights` of EncoderDecoder  

backbone.adapter.backbone.blocks.8.norm2.weight - torch.Size([384]): 
The value is the same before and after calling `init_weights` of EncoderDecoder  

backbone.adapter.backbone.blocks.8.norm2.bias - torch.Size([384]): 
The value is the same before and after calling `init_weights` of EncoderDecoder  

backbone.adapter.backbone.blocks.8.mlp.fc1.weight - torch.Size([1536, 384]): 
The value is the same before and after calling `init_weights` of EncoderDecoder  

backbone.adapter.backbone.blocks.8.mlp.fc1.bias - torch.Size([1536]): 
The value is the same before and after calling `init_weights` of EncoderDecoder  

backbone.adapter.backbone.blocks.8.mlp.fc2.weight - torch.Size([384, 1536]): 
The value is the same before and after calling `init_weights` of EncoderDecoder  

backbone.adapter.backbone.blocks.8.mlp.fc2.bias - torch.Size([384]): 
The value is the same before and after calling `init_weights` of EncoderDecoder  

backbone.adapter.backbone.blocks.8.ls2.gamma - torch.Size([384]): 
The value is the same before and after calling `init_weights` of EncoderDecoder  

backbone.adapter.backbone.blocks.9.norm1.weight - torch.Size([384]): 
The value is the same before and after calling `init_weights` of EncoderDecoder  

backbone.adapter.backbone.blocks.9.norm1.bias - torch.Size([384]): 
The value is the same before and after calling `init_weights` of EncoderDecoder  

backbone.adapter.backbone.blocks.9.attn.qkv.weight - torch.Size([1152, 384]): 
The value is the same before and after calling `init_weights` of EncoderDecoder  

backbone.adapter.backbone.blocks.9.attn.qkv.bias - torch.Size([1152]): 
The value is the same before and after calling `init_weights` of EncoderDecoder  

backbone.adapter.backbone.blocks.9.attn.proj.weight - torch.Size([384, 384]): 
The value is the same before and after calling `init_weights` of EncoderDecoder  

backbone.adapter.backbone.blocks.9.attn.proj.bias - torch.Size([384]): 
The value is the same before and after calling `init_weights` of EncoderDecoder  

backbone.adapter.backbone.blocks.9.ls1.gamma - torch.Size([384]): 
The value is the same before and after calling `init_weights` of EncoderDecoder  

backbone.adapter.backbone.blocks.9.norm2.weight - torch.Size([384]): 
The value is the same before and after calling `init_weights` of EncoderDecoder  

backbone.adapter.backbone.blocks.9.norm2.bias - torch.Size([384]): 
The value is the same before and after calling `init_weights` of EncoderDecoder  

backbone.adapter.backbone.blocks.9.mlp.fc1.weight - torch.Size([1536, 384]): 
The value is the same before and after calling `init_weights` of EncoderDecoder  

backbone.adapter.backbone.blocks.9.mlp.fc1.bias - torch.Size([1536]): 
The value is the same before and after calling `init_weights` of EncoderDecoder  

backbone.adapter.backbone.blocks.9.mlp.fc2.weight - torch.Size([384, 1536]): 
The value is the same before and after calling `init_weights` of EncoderDecoder  

backbone.adapter.backbone.blocks.9.mlp.fc2.bias - torch.Size([384]): 
The value is the same before and after calling `init_weights` of EncoderDecoder  

backbone.adapter.backbone.blocks.9.ls2.gamma - torch.Size([384]): 
The value is the same before and after calling `init_weights` of EncoderDecoder  

backbone.adapter.backbone.blocks.10.norm1.weight - torch.Size([384]): 
The value is the same before and after calling `init_weights` of EncoderDecoder  

backbone.adapter.backbone.blocks.10.norm1.bias - torch.Size([384]): 
The value is the same before and after calling `init_weights` of EncoderDecoder  

backbone.adapter.backbone.blocks.10.attn.qkv.weight - torch.Size([1152, 384]): 
The value is the same before and after calling `init_weights` of EncoderDecoder  

backbone.adapter.backbone.blocks.10.attn.qkv.bias - torch.Size([1152]): 
The value is the same before and after calling `init_weights` of EncoderDecoder  

backbone.adapter.backbone.blocks.10.attn.proj.weight - torch.Size([384, 384]): 
The value is the same before and after calling `init_weights` of EncoderDecoder  

backbone.adapter.backbone.blocks.10.attn.proj.bias - torch.Size([384]): 
The value is the same before and after calling `init_weights` of EncoderDecoder  

backbone.adapter.backbone.blocks.10.ls1.gamma - torch.Size([384]): 
The value is the same before and after calling `init_weights` of EncoderDecoder  

backbone.adapter.backbone.blocks.10.norm2.weight - torch.Size([384]): 
The value is the same before and after calling `init_weights` of EncoderDecoder  

backbone.adapter.backbone.blocks.10.norm2.bias - torch.Size([384]): 
The value is the same before and after calling `init_weights` of EncoderDecoder  

backbone.adapter.backbone.blocks.10.mlp.fc1.weight - torch.Size([1536, 384]): 
The value is the same before and after calling `init_weights` of EncoderDecoder  

backbone.adapter.backbone.blocks.10.mlp.fc1.bias - torch.Size([1536]): 
The value is the same before and after calling `init_weights` of EncoderDecoder  

backbone.adapter.backbone.blocks.10.mlp.fc2.weight - torch.Size([384, 1536]): 
The value is the same before and after calling `init_weights` of EncoderDecoder  

backbone.adapter.backbone.blocks.10.mlp.fc2.bias - torch.Size([384]): 
The value is the same before and after calling `init_weights` of EncoderDecoder  

backbone.adapter.backbone.blocks.10.ls2.gamma - torch.Size([384]): 
The value is the same before and after calling `init_weights` of EncoderDecoder  

backbone.adapter.backbone.blocks.11.norm1.weight - torch.Size([384]): 
The value is the same before and after calling `init_weights` of EncoderDecoder  

backbone.adapter.backbone.blocks.11.norm1.bias - torch.Size([384]): 
The value is the same before and after calling `init_weights` of EncoderDecoder  

backbone.adapter.backbone.blocks.11.attn.qkv.weight - torch.Size([1152, 384]): 
The value is the same before and after calling `init_weights` of EncoderDecoder  

backbone.adapter.backbone.blocks.11.attn.qkv.bias - torch.Size([1152]): 
The value is the same before and after calling `init_weights` of EncoderDecoder  

backbone.adapter.backbone.blocks.11.attn.proj.weight - torch.Size([384, 384]): 
The value is the same before and after calling `init_weights` of EncoderDecoder  

backbone.adapter.backbone.blocks.11.attn.proj.bias - torch.Size([384]): 
The value is the same before and after calling `init_weights` of EncoderDecoder  

backbone.adapter.backbone.blocks.11.ls1.gamma - torch.Size([384]): 
The value is the same before and after calling `init_weights` of EncoderDecoder  

backbone.adapter.backbone.blocks.11.norm2.weight - torch.Size([384]): 
The value is the same before and after calling `init_weights` of EncoderDecoder  

backbone.adapter.backbone.blocks.11.norm2.bias - torch.Size([384]): 
The value is the same before and after calling `init_weights` of EncoderDecoder  

backbone.adapter.backbone.blocks.11.mlp.fc1.weight - torch.Size([1536, 384]): 
The value is the same before and after calling `init_weights` of EncoderDecoder  

backbone.adapter.backbone.blocks.11.mlp.fc1.bias - torch.Size([1536]): 
The value is the same before and after calling `init_weights` of EncoderDecoder  

backbone.adapter.backbone.blocks.11.mlp.fc2.weight - torch.Size([384, 1536]): 
The value is the same before and after calling `init_weights` of EncoderDecoder  

backbone.adapter.backbone.blocks.11.mlp.fc2.bias - torch.Size([384]): 
The value is the same before and after calling `init_weights` of EncoderDecoder  

backbone.adapter.backbone.blocks.11.ls2.gamma - torch.Size([384]): 
The value is the same before and after calling `init_weights` of EncoderDecoder  

backbone.adapter.backbone.norm.weight - torch.Size([384]): 
The value is the same before and after calling `init_weights` of EncoderDecoder  

backbone.adapter.backbone.norm.bias - torch.Size([384]): 
The value is the same before and after calling `init_weights` of EncoderDecoder  

backbone.adapter.spm.stem.0.weight - torch.Size([64, 3, 3, 3]): 
The value is the same before and after calling `init_weights` of EncoderDecoder  

backbone.adapter.spm.stem.1.weight - torch.Size([64]): 
The value is the same before and after calling `init_weights` of EncoderDecoder  

backbone.adapter.spm.stem.1.bias - torch.Size([64]): 
The value is the same before and after calling `init_weights` of EncoderDecoder  

backbone.adapter.spm.stem.3.weight - torch.Size([64, 64, 3, 3]): 
The value is the same before and after calling `init_weights` of EncoderDecoder  

backbone.adapter.spm.stem.4.weight - torch.Size([64]): 
The value is the same before and after calling `init_weights` of EncoderDecoder  

backbone.adapter.spm.stem.4.bias - torch.Size([64]): 
The value is the same before and after calling `init_weights` of EncoderDecoder  

backbone.adapter.spm.stem.6.weight - torch.Size([64, 64, 3, 3]): 
The value is the same before and after calling `init_weights` of EncoderDecoder  

backbone.adapter.spm.stem.7.weight - torch.Size([64]): 
The value is the same before and after calling `init_weights` of EncoderDecoder  

backbone.adapter.spm.stem.7.bias - torch.Size([64]): 
The value is the same before and after calling `init_weights` of EncoderDecoder  

backbone.adapter.spm.conv2.0.weight - torch.Size([128, 64, 3, 3]): 
The value is the same before and after calling `init_weights` of EncoderDecoder  

backbone.adapter.spm.conv2.1.weight - torch.Size([128]): 
The value is the same before and after calling `init_weights` of EncoderDecoder  

backbone.adapter.spm.conv2.1.bias - torch.Size([128]): 
The value is the same before and after calling `init_weights` of EncoderDecoder  

backbone.adapter.spm.conv3.0.weight - torch.Size([256, 128, 3, 3]): 
The value is the same before and after calling `init_weights` of EncoderDecoder  

backbone.adapter.spm.conv3.1.weight - torch.Size([256]): 
The value is the same before and after calling `init_weights` of EncoderDecoder  

backbone.adapter.spm.conv3.1.bias - torch.Size([256]): 
The value is the same before and after calling `init_weights` of EncoderDecoder  

backbone.adapter.spm.conv4.0.weight - torch.Size([256, 256, 3, 3]): 
The value is the same before and after calling `init_weights` of EncoderDecoder  

backbone.adapter.spm.conv4.1.weight - torch.Size([256]): 
The value is the same before and after calling `init_weights` of EncoderDecoder  

backbone.adapter.spm.conv4.1.bias - torch.Size([256]): 
The value is the same before and after calling `init_weights` of EncoderDecoder  

backbone.adapter.spm.fc1.weight - torch.Size([384, 64, 1, 1]): 
The value is the same before and after calling `init_weights` of EncoderDecoder  

backbone.adapter.spm.fc1.bias - torch.Size([384]): 
The value is the same before and after calling `init_weights` of EncoderDecoder  

backbone.adapter.spm.fc2.weight - torch.Size([384, 128, 1, 1]): 
The value is the same before and after calling `init_weights` of EncoderDecoder  

backbone.adapter.spm.fc2.bias - torch.Size([384]): 
The value is the same before and after calling `init_weights` of EncoderDecoder  

backbone.adapter.spm.fc3.weight - torch.Size([384, 256, 1, 1]): 
The value is the same before and after calling `init_weights` of EncoderDecoder  

backbone.adapter.spm.fc3.bias - torch.Size([384]): 
The value is the same before and after calling `init_weights` of EncoderDecoder  

backbone.adapter.spm.fc4.weight - torch.Size([384, 256, 1, 1]): 
The value is the same before and after calling `init_weights` of EncoderDecoder  

backbone.adapter.spm.fc4.bias - torch.Size([384]): 
The value is the same before and after calling `init_weights` of EncoderDecoder  

backbone.adapter.interactions.0.extractor.query_norm.weight - torch.Size([384]): 
The value is the same before and after calling `init_weights` of EncoderDecoder  

backbone.adapter.interactions.0.extractor.query_norm.bias - torch.Size([384]): 
The value is the same before and after calling `init_weights` of EncoderDecoder  

backbone.adapter.interactions.0.extractor.feat_norm.weight - torch.Size([384]): 
The value is the same before and after calling `init_weights` of EncoderDecoder  

backbone.adapter.interactions.0.extractor.feat_norm.bias - torch.Size([384]): 
The value is the same before and after calling `init_weights` of EncoderDecoder  

backbone.adapter.interactions.0.extractor.attn.attn.sampling_offsets.weight - torch.Size([128, 384]): 
The value is the same before and after calling `init_weights` of EncoderDecoder  

backbone.adapter.interactions.0.extractor.attn.attn.sampling_offsets.bias - torch.Size([128]): 
The value is the same before and after calling `init_weights` of EncoderDecoder  

backbone.adapter.interactions.0.extractor.attn.attn.attention_weights.weight - torch.Size([64, 384]): 
The value is the same before and after calling `init_weights` of EncoderDecoder  

backbone.adapter.interactions.0.extractor.attn.attn.attention_weights.bias - torch.Size([64]): 
The value is the same before and after calling `init_weights` of EncoderDecoder  

backbone.adapter.interactions.0.extractor.attn.attn.value_proj.weight - torch.Size([384, 384]): 
The value is the same before and after calling `init_weights` of EncoderDecoder  

backbone.adapter.interactions.0.extractor.attn.attn.value_proj.bias - torch.Size([384]): 
The value is the same before and after calling `init_weights` of EncoderDecoder  

backbone.adapter.interactions.0.extractor.attn.attn.output_proj.weight - torch.Size([384, 384]): 
The value is the same before and after calling `init_weights` of EncoderDecoder  

backbone.adapter.interactions.0.extractor.attn.attn.output_proj.bias - torch.Size([384]): 
The value is the same before and after calling `init_weights` of EncoderDecoder  

backbone.adapter.interactions.0.extractor.ffn.fc1.weight - torch.Size([96, 384]): 
The value is the same before and after calling `init_weights` of EncoderDecoder  

backbone.adapter.interactions.0.extractor.ffn.fc1.bias - torch.Size([96]): 
The value is the same before and after calling `init_weights` of EncoderDecoder  

backbone.adapter.interactions.0.extractor.ffn.dwconv.dwconv.weight - torch.Size([96, 1, 3, 3]): 
The value is the same before and after calling `init_weights` of EncoderDecoder  

backbone.adapter.interactions.0.extractor.ffn.dwconv.dwconv.bias - torch.Size([96]): 
The value is the same before and after calling `init_weights` of EncoderDecoder  

backbone.adapter.interactions.0.extractor.ffn.fc2.weight - torch.Size([384, 96]): 
The value is the same before and after calling `init_weights` of EncoderDecoder  

backbone.adapter.interactions.0.extractor.ffn.fc2.bias - torch.Size([384]): 
The value is the same before and after calling `init_weights` of EncoderDecoder  

backbone.adapter.interactions.0.extractor.ffn_norm.weight - torch.Size([384]): 
The value is the same before and after calling `init_weights` of EncoderDecoder  

backbone.adapter.interactions.0.extractor.ffn_norm.bias - torch.Size([384]): 
The value is the same before and after calling `init_weights` of EncoderDecoder  

backbone.adapter.interactions.1.extractor.query_norm.weight - torch.Size([384]): 
The value is the same before and after calling `init_weights` of EncoderDecoder  

backbone.adapter.interactions.1.extractor.query_norm.bias - torch.Size([384]): 
The value is the same before and after calling `init_weights` of EncoderDecoder  

backbone.adapter.interactions.1.extractor.feat_norm.weight - torch.Size([384]): 
The value is the same before and after calling `init_weights` of EncoderDecoder  

backbone.adapter.interactions.1.extractor.feat_norm.bias - torch.Size([384]): 
The value is the same before and after calling `init_weights` of EncoderDecoder  

backbone.adapter.interactions.1.extractor.attn.attn.sampling_offsets.weight - torch.Size([128, 384]): 
The value is the same before and after calling `init_weights` of EncoderDecoder  

backbone.adapter.interactions.1.extractor.attn.attn.sampling_offsets.bias - torch.Size([128]): 
The value is the same before and after calling `init_weights` of EncoderDecoder  

backbone.adapter.interactions.1.extractor.attn.attn.attention_weights.weight - torch.Size([64, 384]): 
The value is the same before and after calling `init_weights` of EncoderDecoder  

backbone.adapter.interactions.1.extractor.attn.attn.attention_weights.bias - torch.Size([64]): 
The value is the same before and after calling `init_weights` of EncoderDecoder  

backbone.adapter.interactions.1.extractor.attn.attn.value_proj.weight - torch.Size([384, 384]): 
The value is the same before and after calling `init_weights` of EncoderDecoder  

backbone.adapter.interactions.1.extractor.attn.attn.value_proj.bias - torch.Size([384]): 
The value is the same before and after calling `init_weights` of EncoderDecoder  

backbone.adapter.interactions.1.extractor.attn.attn.output_proj.weight - torch.Size([384, 384]): 
The value is the same before and after calling `init_weights` of EncoderDecoder  

backbone.adapter.interactions.1.extractor.attn.attn.output_proj.bias - torch.Size([384]): 
The value is the same before and after calling `init_weights` of EncoderDecoder  

backbone.adapter.interactions.1.extractor.ffn.fc1.weight - torch.Size([96, 384]): 
The value is the same before and after calling `init_weights` of EncoderDecoder  

backbone.adapter.interactions.1.extractor.ffn.fc1.bias - torch.Size([96]): 
The value is the same before and after calling `init_weights` of EncoderDecoder  

backbone.adapter.interactions.1.extractor.ffn.dwconv.dwconv.weight - torch.Size([96, 1, 3, 3]): 
The value is the same before and after calling `init_weights` of EncoderDecoder  

backbone.adapter.interactions.1.extractor.ffn.dwconv.dwconv.bias - torch.Size([96]): 
The value is the same before and after calling `init_weights` of EncoderDecoder  

backbone.adapter.interactions.1.extractor.ffn.fc2.weight - torch.Size([384, 96]): 
The value is the same before and after calling `init_weights` of EncoderDecoder  

backbone.adapter.interactions.1.extractor.ffn.fc2.bias - torch.Size([384]): 
The value is the same before and after calling `init_weights` of EncoderDecoder  

backbone.adapter.interactions.1.extractor.ffn_norm.weight - torch.Size([384]): 
The value is the same before and after calling `init_weights` of EncoderDecoder  

backbone.adapter.interactions.1.extractor.ffn_norm.bias - torch.Size([384]): 
The value is the same before and after calling `init_weights` of EncoderDecoder  

backbone.adapter.interactions.2.extractor.query_norm.weight - torch.Size([384]): 
The value is the same before and after calling `init_weights` of EncoderDecoder  

backbone.adapter.interactions.2.extractor.query_norm.bias - torch.Size([384]): 
The value is the same before and after calling `init_weights` of EncoderDecoder  

backbone.adapter.interactions.2.extractor.feat_norm.weight - torch.Size([384]): 
The value is the same before and after calling `init_weights` of EncoderDecoder  

backbone.adapter.interactions.2.extractor.feat_norm.bias - torch.Size([384]): 
The value is the same before and after calling `init_weights` of EncoderDecoder  

backbone.adapter.interactions.2.extractor.attn.attn.sampling_offsets.weight - torch.Size([128, 384]): 
The value is the same before and after calling `init_weights` of EncoderDecoder  

backbone.adapter.interactions.2.extractor.attn.attn.sampling_offsets.bias - torch.Size([128]): 
The value is the same before and after calling `init_weights` of EncoderDecoder  

backbone.adapter.interactions.2.extractor.attn.attn.attention_weights.weight - torch.Size([64, 384]): 
The value is the same before and after calling `init_weights` of EncoderDecoder  

backbone.adapter.interactions.2.extractor.attn.attn.attention_weights.bias - torch.Size([64]): 
The value is the same before and after calling `init_weights` of EncoderDecoder  

backbone.adapter.interactions.2.extractor.attn.attn.value_proj.weight - torch.Size([384, 384]): 
The value is the same before and after calling `init_weights` of EncoderDecoder  

backbone.adapter.interactions.2.extractor.attn.attn.value_proj.bias - torch.Size([384]): 
The value is the same before and after calling `init_weights` of EncoderDecoder  

backbone.adapter.interactions.2.extractor.attn.attn.output_proj.weight - torch.Size([384, 384]): 
The value is the same before and after calling `init_weights` of EncoderDecoder  

backbone.adapter.interactions.2.extractor.attn.attn.output_proj.bias - torch.Size([384]): 
The value is the same before and after calling `init_weights` of EncoderDecoder  

backbone.adapter.interactions.2.extractor.ffn.fc1.weight - torch.Size([96, 384]): 
The value is the same before and after calling `init_weights` of EncoderDecoder  

backbone.adapter.interactions.2.extractor.ffn.fc1.bias - torch.Size([96]): 
The value is the same before and after calling `init_weights` of EncoderDecoder  

backbone.adapter.interactions.2.extractor.ffn.dwconv.dwconv.weight - torch.Size([96, 1, 3, 3]): 
The value is the same before and after calling `init_weights` of EncoderDecoder  

backbone.adapter.interactions.2.extractor.ffn.dwconv.dwconv.bias - torch.Size([96]): 
The value is the same before and after calling `init_weights` of EncoderDecoder  

backbone.adapter.interactions.2.extractor.ffn.fc2.weight - torch.Size([384, 96]): 
The value is the same before and after calling `init_weights` of EncoderDecoder  

backbone.adapter.interactions.2.extractor.ffn.fc2.bias - torch.Size([384]): 
The value is the same before and after calling `init_weights` of EncoderDecoder  

backbone.adapter.interactions.2.extractor.ffn_norm.weight - torch.Size([384]): 
The value is the same before and after calling `init_weights` of EncoderDecoder  

backbone.adapter.interactions.2.extractor.ffn_norm.bias - torch.Size([384]): 
The value is the same before and after calling `init_weights` of EncoderDecoder  

backbone.adapter.interactions.3.extractor.query_norm.weight - torch.Size([384]): 
The value is the same before and after calling `init_weights` of EncoderDecoder  

backbone.adapter.interactions.3.extractor.query_norm.bias - torch.Size([384]): 
The value is the same before and after calling `init_weights` of EncoderDecoder  

backbone.adapter.interactions.3.extractor.feat_norm.weight - torch.Size([384]): 
The value is the same before and after calling `init_weights` of EncoderDecoder  

backbone.adapter.interactions.3.extractor.feat_norm.bias - torch.Size([384]): 
The value is the same before and after calling `init_weights` of EncoderDecoder  

backbone.adapter.interactions.3.extractor.attn.attn.sampling_offsets.weight - torch.Size([128, 384]): 
The value is the same before and after calling `init_weights` of EncoderDecoder  

backbone.adapter.interactions.3.extractor.attn.attn.sampling_offsets.bias - torch.Size([128]): 
The value is the same before and after calling `init_weights` of EncoderDecoder  

backbone.adapter.interactions.3.extractor.attn.attn.attention_weights.weight - torch.Size([64, 384]): 
The value is the same before and after calling `init_weights` of EncoderDecoder  

backbone.adapter.interactions.3.extractor.attn.attn.attention_weights.bias - torch.Size([64]): 
The value is the same before and after calling `init_weights` of EncoderDecoder  

backbone.adapter.interactions.3.extractor.attn.attn.value_proj.weight - torch.Size([384, 384]): 
The value is the same before and after calling `init_weights` of EncoderDecoder  

backbone.adapter.interactions.3.extractor.attn.attn.value_proj.bias - torch.Size([384]): 
The value is the same before and after calling `init_weights` of EncoderDecoder  

backbone.adapter.interactions.3.extractor.attn.attn.output_proj.weight - torch.Size([384, 384]): 
The value is the same before and after calling `init_weights` of EncoderDecoder  

backbone.adapter.interactions.3.extractor.attn.attn.output_proj.bias - torch.Size([384]): 
The value is the same before and after calling `init_weights` of EncoderDecoder  

backbone.adapter.interactions.3.extractor.ffn.fc1.weight - torch.Size([96, 384]): 
The value is the same before and after calling `init_weights` of EncoderDecoder  

backbone.adapter.interactions.3.extractor.ffn.fc1.bias - torch.Size([96]): 
The value is the same before and after calling `init_weights` of EncoderDecoder  

backbone.adapter.interactions.3.extractor.ffn.dwconv.dwconv.weight - torch.Size([96, 1, 3, 3]): 
The value is the same before and after calling `init_weights` of EncoderDecoder  

backbone.adapter.interactions.3.extractor.ffn.dwconv.dwconv.bias - torch.Size([96]): 
The value is the same before and after calling `init_weights` of EncoderDecoder  

backbone.adapter.interactions.3.extractor.ffn.fc2.weight - torch.Size([384, 96]): 
The value is the same before and after calling `init_weights` of EncoderDecoder  

backbone.adapter.interactions.3.extractor.ffn.fc2.bias - torch.Size([384]): 
The value is the same before and after calling `init_weights` of EncoderDecoder  

backbone.adapter.interactions.3.extractor.ffn_norm.weight - torch.Size([384]): 
The value is the same before and after calling `init_weights` of EncoderDecoder  

backbone.adapter.interactions.3.extractor.ffn_norm.bias - torch.Size([384]): 
The value is the same before and after calling `init_weights` of EncoderDecoder  

backbone.adapter.interactions.3.extra_extractors.0.query_norm.weight - torch.Size([384]): 
The value is the same before and after calling `init_weights` of EncoderDecoder  

backbone.adapter.interactions.3.extra_extractors.0.query_norm.bias - torch.Size([384]): 
The value is the same before and after calling `init_weights` of EncoderDecoder  

backbone.adapter.interactions.3.extra_extractors.0.feat_norm.weight - torch.Size([384]): 
The value is the same before and after calling `init_weights` of EncoderDecoder  

backbone.adapter.interactions.3.extra_extractors.0.feat_norm.bias - torch.Size([384]): 
The value is the same before and after calling `init_weights` of EncoderDecoder  

backbone.adapter.interactions.3.extra_extractors.0.attn.attn.sampling_offsets.weight - torch.Size([128, 384]): 
The value is the same before and after calling `init_weights` of EncoderDecoder  

backbone.adapter.interactions.3.extra_extractors.0.attn.attn.sampling_offsets.bias - torch.Size([128]): 
The value is the same before and after calling `init_weights` of EncoderDecoder  

backbone.adapter.interactions.3.extra_extractors.0.attn.attn.attention_weights.weight - torch.Size([64, 384]): 
The value is the same before and after calling `init_weights` of EncoderDecoder  

backbone.adapter.interactions.3.extra_extractors.0.attn.attn.attention_weights.bias - torch.Size([64]): 
The value is the same before and after calling `init_weights` of EncoderDecoder  

backbone.adapter.interactions.3.extra_extractors.0.attn.attn.value_proj.weight - torch.Size([384, 384]): 
The value is the same before and after calling `init_weights` of EncoderDecoder  

backbone.adapter.interactions.3.extra_extractors.0.attn.attn.value_proj.bias - torch.Size([384]): 
The value is the same before and after calling `init_weights` of EncoderDecoder  

backbone.adapter.interactions.3.extra_extractors.0.attn.attn.output_proj.weight - torch.Size([384, 384]): 
The value is the same before and after calling `init_weights` of EncoderDecoder  

backbone.adapter.interactions.3.extra_extractors.0.attn.attn.output_proj.bias - torch.Size([384]): 
The value is the same before and after calling `init_weights` of EncoderDecoder  

backbone.adapter.interactions.3.extra_extractors.0.ffn.fc1.weight - torch.Size([96, 384]): 
The value is the same before and after calling `init_weights` of EncoderDecoder  

backbone.adapter.interactions.3.extra_extractors.0.ffn.fc1.bias - torch.Size([96]): 
The value is the same before and after calling `init_weights` of EncoderDecoder  

backbone.adapter.interactions.3.extra_extractors.0.ffn.dwconv.dwconv.weight - torch.Size([96, 1, 3, 3]): 
The value is the same before and after calling `init_weights` of EncoderDecoder  

backbone.adapter.interactions.3.extra_extractors.0.ffn.dwconv.dwconv.bias - torch.Size([96]): 
The value is the same before and after calling `init_weights` of EncoderDecoder  

backbone.adapter.interactions.3.extra_extractors.0.ffn.fc2.weight - torch.Size([384, 96]): 
The value is the same before and after calling `init_weights` of EncoderDecoder  

backbone.adapter.interactions.3.extra_extractors.0.ffn.fc2.bias - torch.Size([384]): 
The value is the same before and after calling `init_weights` of EncoderDecoder  

backbone.adapter.interactions.3.extra_extractors.0.ffn_norm.weight - torch.Size([384]): 
The value is the same before and after calling `init_weights` of EncoderDecoder  

backbone.adapter.interactions.3.extra_extractors.0.ffn_norm.bias - torch.Size([384]): 
The value is the same before and after calling `init_weights` of EncoderDecoder  

backbone.adapter.interactions.3.extra_extractors.1.query_norm.weight - torch.Size([384]): 
The value is the same before and after calling `init_weights` of EncoderDecoder  

backbone.adapter.interactions.3.extra_extractors.1.query_norm.bias - torch.Size([384]): 
The value is the same before and after calling `init_weights` of EncoderDecoder  

backbone.adapter.interactions.3.extra_extractors.1.feat_norm.weight - torch.Size([384]): 
The value is the same before and after calling `init_weights` of EncoderDecoder  

backbone.adapter.interactions.3.extra_extractors.1.feat_norm.bias - torch.Size([384]): 
The value is the same before and after calling `init_weights` of EncoderDecoder  

backbone.adapter.interactions.3.extra_extractors.1.attn.attn.sampling_offsets.weight - torch.Size([128, 384]): 
The value is the same before and after calling `init_weights` of EncoderDecoder  

backbone.adapter.interactions.3.extra_extractors.1.attn.attn.sampling_offsets.bias - torch.Size([128]): 
The value is the same before and after calling `init_weights` of EncoderDecoder  

backbone.adapter.interactions.3.extra_extractors.1.attn.attn.attention_weights.weight - torch.Size([64, 384]): 
The value is the same before and after calling `init_weights` of EncoderDecoder  

backbone.adapter.interactions.3.extra_extractors.1.attn.attn.attention_weights.bias - torch.Size([64]): 
The value is the same before and after calling `init_weights` of EncoderDecoder  

backbone.adapter.interactions.3.extra_extractors.1.attn.attn.value_proj.weight - torch.Size([384, 384]): 
The value is the same before and after calling `init_weights` of EncoderDecoder  

backbone.adapter.interactions.3.extra_extractors.1.attn.attn.value_proj.bias - torch.Size([384]): 
The value is the same before and after calling `init_weights` of EncoderDecoder  

backbone.adapter.interactions.3.extra_extractors.1.attn.attn.output_proj.weight - torch.Size([384, 384]): 
The value is the same before and after calling `init_weights` of EncoderDecoder  

backbone.adapter.interactions.3.extra_extractors.1.attn.attn.output_proj.bias - torch.Size([384]): 
The value is the same before and after calling `init_weights` of EncoderDecoder  

backbone.adapter.interactions.3.extra_extractors.1.ffn.fc1.weight - torch.Size([96, 384]): 
The value is the same before and after calling `init_weights` of EncoderDecoder  

backbone.adapter.interactions.3.extra_extractors.1.ffn.fc1.bias - torch.Size([96]): 
The value is the same before and after calling `init_weights` of EncoderDecoder  

backbone.adapter.interactions.3.extra_extractors.1.ffn.dwconv.dwconv.weight - torch.Size([96, 1, 3, 3]): 
The value is the same before and after calling `init_weights` of EncoderDecoder  

backbone.adapter.interactions.3.extra_extractors.1.ffn.dwconv.dwconv.bias - torch.Size([96]): 
The value is the same before and after calling `init_weights` of EncoderDecoder  

backbone.adapter.interactions.3.extra_extractors.1.ffn.fc2.weight - torch.Size([384, 96]): 
The value is the same before and after calling `init_weights` of EncoderDecoder  

backbone.adapter.interactions.3.extra_extractors.1.ffn.fc2.bias - torch.Size([384]): 
The value is the same before and after calling `init_weights` of EncoderDecoder  

backbone.adapter.interactions.3.extra_extractors.1.ffn_norm.weight - torch.Size([384]): 
The value is the same before and after calling `init_weights` of EncoderDecoder  

backbone.adapter.interactions.3.extra_extractors.1.ffn_norm.bias - torch.Size([384]): 
The value is the same before and after calling `init_weights` of EncoderDecoder  

backbone.adapter.up.weight - torch.Size([384, 384, 2, 2]): 
The value is the same before and after calling `init_weights` of EncoderDecoder  

backbone.adapter.up.bias - torch.Size([384]): 
The value is the same before and after calling `init_weights` of EncoderDecoder  

backbone.adapter.norm1.weight - torch.Size([384]): 
The value is the same before and after calling `init_weights` of EncoderDecoder  

backbone.adapter.norm1.bias - torch.Size([384]): 
The value is the same before and after calling `init_weights` of EncoderDecoder  

backbone.adapter.norm2.weight - torch.Size([384]): 
The value is the same before and after calling `init_weights` of EncoderDecoder  

backbone.adapter.norm2.bias - torch.Size([384]): 
The value is the same before and after calling `init_weights` of EncoderDecoder  

backbone.adapter.norm3.weight - torch.Size([384]): 
The value is the same before and after calling `init_weights` of EncoderDecoder  

backbone.adapter.norm3.bias - torch.Size([384]): 
The value is the same before and after calling `init_weights` of EncoderDecoder  

backbone.adapter.norm4.weight - torch.Size([384]): 
The value is the same before and after calling `init_weights` of EncoderDecoder  

backbone.adapter.norm4.bias - torch.Size([384]): 
The value is the same before and after calling `init_weights` of EncoderDecoder  

decode_head.pixel_decoder.input_convs.0.conv.weight - torch.Size([256, 384, 1, 1]): 
Initialized by user-defined `init_weights` in Mask2FormerHead  

decode_head.pixel_decoder.input_convs.0.conv.bias - torch.Size([256]): 
The value is the same before and after calling `init_weights` of EncoderDecoder  

decode_head.pixel_decoder.input_convs.0.gn.weight - torch.Size([256]): 
The value is the same before and after calling `init_weights` of EncoderDecoder  

decode_head.pixel_decoder.input_convs.0.gn.bias - torch.Size([256]): 
The value is the same before and after calling `init_weights` of EncoderDecoder  

decode_head.pixel_decoder.input_convs.1.conv.weight - torch.Size([256, 384, 1, 1]): 
Initialized by user-defined `init_weights` in Mask2FormerHead  

decode_head.pixel_decoder.input_convs.1.conv.bias - torch.Size([256]): 
The value is the same before and after calling `init_weights` of EncoderDecoder  

decode_head.pixel_decoder.input_convs.1.gn.weight - torch.Size([256]): 
The value is the same before and after calling `init_weights` of EncoderDecoder  

decode_head.pixel_decoder.input_convs.1.gn.bias - torch.Size([256]): 
The value is the same before and after calling `init_weights` of EncoderDecoder  

decode_head.pixel_decoder.input_convs.2.conv.weight - torch.Size([256, 384, 1, 1]): 
Initialized by user-defined `init_weights` in Mask2FormerHead  

decode_head.pixel_decoder.input_convs.2.conv.bias - torch.Size([256]): 
The value is the same before and after calling `init_weights` of EncoderDecoder  

decode_head.pixel_decoder.input_convs.2.gn.weight - torch.Size([256]): 
The value is the same before and after calling `init_weights` of EncoderDecoder  

decode_head.pixel_decoder.input_convs.2.gn.bias - torch.Size([256]): 
The value is the same before and after calling `init_weights` of EncoderDecoder  

decode_head.pixel_decoder.encoder.layers.0.self_attn.sampling_offsets.weight - torch.Size([192, 256]): 
The value is the same before and after calling `init_weights` of EncoderDecoder  

decode_head.pixel_decoder.encoder.layers.0.self_attn.sampling_offsets.bias - torch.Size([192]): 
Initialized by user-defined `init_weights` in Mask2FormerHead  

decode_head.pixel_decoder.encoder.layers.0.self_attn.attention_weights.weight - torch.Size([96, 256]): 
The value is the same before and after calling `init_weights` of EncoderDecoder  

decode_head.pixel_decoder.encoder.layers.0.self_attn.attention_weights.bias - torch.Size([96]): 
The value is the same before and after calling `init_weights` of EncoderDecoder  

decode_head.pixel_decoder.encoder.layers.0.self_attn.value_proj.weight - torch.Size([256, 256]): 
Initialized by user-defined `init_weights` in Mask2FormerHead  

decode_head.pixel_decoder.encoder.layers.0.self_attn.value_proj.bias - torch.Size([256]): 
The value is the same before and after calling `init_weights` of EncoderDecoder  

decode_head.pixel_decoder.encoder.layers.0.self_attn.output_proj.weight - torch.Size([256, 256]): 
Initialized by user-defined `init_weights` in Mask2FormerHead  

decode_head.pixel_decoder.encoder.layers.0.self_attn.output_proj.bias - torch.Size([256]): 
The value is the same before and after calling `init_weights` of EncoderDecoder  

decode_head.pixel_decoder.encoder.layers.0.ffn.layers.0.0.weight - torch.Size([1024, 256]): 
Initialized by user-defined `init_weights` in Mask2FormerHead  

decode_head.pixel_decoder.encoder.layers.0.ffn.layers.0.0.bias - torch.Size([1024]): 
The value is the same before and after calling `init_weights` of EncoderDecoder  

decode_head.pixel_decoder.encoder.layers.0.ffn.layers.1.weight - torch.Size([256, 1024]): 
Initialized by user-defined `init_weights` in Mask2FormerHead  

decode_head.pixel_decoder.encoder.layers.0.ffn.layers.1.bias - torch.Size([256]): 
The value is the same before and after calling `init_weights` of EncoderDecoder  

decode_head.pixel_decoder.encoder.layers.0.norms.0.weight - torch.Size([256]): 
The value is the same before and after calling `init_weights` of EncoderDecoder  

decode_head.pixel_decoder.encoder.layers.0.norms.0.bias - torch.Size([256]): 
The value is the same before and after calling `init_weights` of EncoderDecoder  

decode_head.pixel_decoder.encoder.layers.0.norms.1.weight - torch.Size([256]): 
The value is the same before and after calling `init_weights` of EncoderDecoder  

decode_head.pixel_decoder.encoder.layers.0.norms.1.bias - torch.Size([256]): 
The value is the same before and after calling `init_weights` of EncoderDecoder  

decode_head.pixel_decoder.encoder.layers.1.self_attn.sampling_offsets.weight - torch.Size([192, 256]): 
The value is the same before and after calling `init_weights` of EncoderDecoder  

decode_head.pixel_decoder.encoder.layers.1.self_attn.sampling_offsets.bias - torch.Size([192]): 
Initialized by user-defined `init_weights` in Mask2FormerHead  

decode_head.pixel_decoder.encoder.layers.1.self_attn.attention_weights.weight - torch.Size([96, 256]): 
The value is the same before and after calling `init_weights` of EncoderDecoder  

decode_head.pixel_decoder.encoder.layers.1.self_attn.attention_weights.bias - torch.Size([96]): 
The value is the same before and after calling `init_weights` of EncoderDecoder  

decode_head.pixel_decoder.encoder.layers.1.self_attn.value_proj.weight - torch.Size([256, 256]): 
Initialized by user-defined `init_weights` in Mask2FormerHead  

decode_head.pixel_decoder.encoder.layers.1.self_attn.value_proj.bias - torch.Size([256]): 
The value is the same before and after calling `init_weights` of EncoderDecoder  

decode_head.pixel_decoder.encoder.layers.1.self_attn.output_proj.weight - torch.Size([256, 256]): 
Initialized by user-defined `init_weights` in Mask2FormerHead  

decode_head.pixel_decoder.encoder.layers.1.self_attn.output_proj.bias - torch.Size([256]): 
The value is the same before and after calling `init_weights` of EncoderDecoder  

decode_head.pixel_decoder.encoder.layers.1.ffn.layers.0.0.weight - torch.Size([1024, 256]): 
Initialized by user-defined `init_weights` in Mask2FormerHead  

decode_head.pixel_decoder.encoder.layers.1.ffn.layers.0.0.bias - torch.Size([1024]): 
The value is the same before and after calling `init_weights` of EncoderDecoder  

decode_head.pixel_decoder.encoder.layers.1.ffn.layers.1.weight - torch.Size([256, 1024]): 
Initialized by user-defined `init_weights` in Mask2FormerHead  

decode_head.pixel_decoder.encoder.layers.1.ffn.layers.1.bias - torch.Size([256]): 
The value is the same before and after calling `init_weights` of EncoderDecoder  

decode_head.pixel_decoder.encoder.layers.1.norms.0.weight - torch.Size([256]): 
The value is the same before and after calling `init_weights` of EncoderDecoder  

decode_head.pixel_decoder.encoder.layers.1.norms.0.bias - torch.Size([256]): 
The value is the same before and after calling `init_weights` of EncoderDecoder  

decode_head.pixel_decoder.encoder.layers.1.norms.1.weight - torch.Size([256]): 
The value is the same before and after calling `init_weights` of EncoderDecoder  

decode_head.pixel_decoder.encoder.layers.1.norms.1.bias - torch.Size([256]): 
The value is the same before and after calling `init_weights` of EncoderDecoder  

decode_head.pixel_decoder.encoder.layers.2.self_attn.sampling_offsets.weight - torch.Size([192, 256]): 
The value is the same before and after calling `init_weights` of EncoderDecoder  

decode_head.pixel_decoder.encoder.layers.2.self_attn.sampling_offsets.bias - torch.Size([192]): 
Initialized by user-defined `init_weights` in Mask2FormerHead  

decode_head.pixel_decoder.encoder.layers.2.self_attn.attention_weights.weight - torch.Size([96, 256]): 
The value is the same before and after calling `init_weights` of EncoderDecoder  

decode_head.pixel_decoder.encoder.layers.2.self_attn.attention_weights.bias - torch.Size([96]): 
The value is the same before and after calling `init_weights` of EncoderDecoder  

decode_head.pixel_decoder.encoder.layers.2.self_attn.value_proj.weight - torch.Size([256, 256]): 
Initialized by user-defined `init_weights` in Mask2FormerHead  

decode_head.pixel_decoder.encoder.layers.2.self_attn.value_proj.bias - torch.Size([256]): 
The value is the same before and after calling `init_weights` of EncoderDecoder  

decode_head.pixel_decoder.encoder.layers.2.self_attn.output_proj.weight - torch.Size([256, 256]): 
Initialized by user-defined `init_weights` in Mask2FormerHead  

decode_head.pixel_decoder.encoder.layers.2.self_attn.output_proj.bias - torch.Size([256]): 
The value is the same before and after calling `init_weights` of EncoderDecoder  

decode_head.pixel_decoder.encoder.layers.2.ffn.layers.0.0.weight - torch.Size([1024, 256]): 
Initialized by user-defined `init_weights` in Mask2FormerHead  

decode_head.pixel_decoder.encoder.layers.2.ffn.layers.0.0.bias - torch.Size([1024]): 
The value is the same before and after calling `init_weights` of EncoderDecoder  

decode_head.pixel_decoder.encoder.layers.2.ffn.layers.1.weight - torch.Size([256, 1024]): 
Initialized by user-defined `init_weights` in Mask2FormerHead  

decode_head.pixel_decoder.encoder.layers.2.ffn.layers.1.bias - torch.Size([256]): 
The value is the same before and after calling `init_weights` of EncoderDecoder  

decode_head.pixel_decoder.encoder.layers.2.norms.0.weight - torch.Size([256]): 
The value is the same before and after calling `init_weights` of EncoderDecoder  

decode_head.pixel_decoder.encoder.layers.2.norms.0.bias - torch.Size([256]): 
The value is the same before and after calling `init_weights` of EncoderDecoder  

decode_head.pixel_decoder.encoder.layers.2.norms.1.weight - torch.Size([256]): 
The value is the same before and after calling `init_weights` of EncoderDecoder  

decode_head.pixel_decoder.encoder.layers.2.norms.1.bias - torch.Size([256]): 
The value is the same before and after calling `init_weights` of EncoderDecoder  

decode_head.pixel_decoder.encoder.layers.3.self_attn.sampling_offsets.weight - torch.Size([192, 256]): 
The value is the same before and after calling `init_weights` of EncoderDecoder  

decode_head.pixel_decoder.encoder.layers.3.self_attn.sampling_offsets.bias - torch.Size([192]): 
Initialized by user-defined `init_weights` in Mask2FormerHead  

decode_head.pixel_decoder.encoder.layers.3.self_attn.attention_weights.weight - torch.Size([96, 256]): 
The value is the same before and after calling `init_weights` of EncoderDecoder  

decode_head.pixel_decoder.encoder.layers.3.self_attn.attention_weights.bias - torch.Size([96]): 
The value is the same before and after calling `init_weights` of EncoderDecoder  

decode_head.pixel_decoder.encoder.layers.3.self_attn.value_proj.weight - torch.Size([256, 256]): 
Initialized by user-defined `init_weights` in Mask2FormerHead  

decode_head.pixel_decoder.encoder.layers.3.self_attn.value_proj.bias - torch.Size([256]): 
The value is the same before and after calling `init_weights` of EncoderDecoder  

decode_head.pixel_decoder.encoder.layers.3.self_attn.output_proj.weight - torch.Size([256, 256]): 
Initialized by user-defined `init_weights` in Mask2FormerHead  

decode_head.pixel_decoder.encoder.layers.3.self_attn.output_proj.bias - torch.Size([256]): 
The value is the same before and after calling `init_weights` of EncoderDecoder  

decode_head.pixel_decoder.encoder.layers.3.ffn.layers.0.0.weight - torch.Size([1024, 256]): 
Initialized by user-defined `init_weights` in Mask2FormerHead  

decode_head.pixel_decoder.encoder.layers.3.ffn.layers.0.0.bias - torch.Size([1024]): 
The value is the same before and after calling `init_weights` of EncoderDecoder  

decode_head.pixel_decoder.encoder.layers.3.ffn.layers.1.weight - torch.Size([256, 1024]): 
Initialized by user-defined `init_weights` in Mask2FormerHead  

decode_head.pixel_decoder.encoder.layers.3.ffn.layers.1.bias - torch.Size([256]): 
The value is the same before and after calling `init_weights` of EncoderDecoder  

decode_head.pixel_decoder.encoder.layers.3.norms.0.weight - torch.Size([256]): 
The value is the same before and after calling `init_weights` of EncoderDecoder  

decode_head.pixel_decoder.encoder.layers.3.norms.0.bias - torch.Size([256]): 
The value is the same before and after calling `init_weights` of EncoderDecoder  

decode_head.pixel_decoder.encoder.layers.3.norms.1.weight - torch.Size([256]): 
The value is the same before and after calling `init_weights` of EncoderDecoder  

decode_head.pixel_decoder.encoder.layers.3.norms.1.bias - torch.Size([256]): 
The value is the same before and after calling `init_weights` of EncoderDecoder  

decode_head.pixel_decoder.encoder.layers.4.self_attn.sampling_offsets.weight - torch.Size([192, 256]): 
The value is the same before and after calling `init_weights` of EncoderDecoder  

decode_head.pixel_decoder.encoder.layers.4.self_attn.sampling_offsets.bias - torch.Size([192]): 
Initialized by user-defined `init_weights` in Mask2FormerHead  

decode_head.pixel_decoder.encoder.layers.4.self_attn.attention_weights.weight - torch.Size([96, 256]): 
The value is the same before and after calling `init_weights` of EncoderDecoder  

decode_head.pixel_decoder.encoder.layers.4.self_attn.attention_weights.bias - torch.Size([96]): 
The value is the same before and after calling `init_weights` of EncoderDecoder  

decode_head.pixel_decoder.encoder.layers.4.self_attn.value_proj.weight - torch.Size([256, 256]): 
Initialized by user-defined `init_weights` in Mask2FormerHead  

decode_head.pixel_decoder.encoder.layers.4.self_attn.value_proj.bias - torch.Size([256]): 
The value is the same before and after calling `init_weights` of EncoderDecoder  

decode_head.pixel_decoder.encoder.layers.4.self_attn.output_proj.weight - torch.Size([256, 256]): 
Initialized by user-defined `init_weights` in Mask2FormerHead  

decode_head.pixel_decoder.encoder.layers.4.self_attn.output_proj.bias - torch.Size([256]): 
The value is the same before and after calling `init_weights` of EncoderDecoder  

decode_head.pixel_decoder.encoder.layers.4.ffn.layers.0.0.weight - torch.Size([1024, 256]): 
Initialized by user-defined `init_weights` in Mask2FormerHead  

decode_head.pixel_decoder.encoder.layers.4.ffn.layers.0.0.bias - torch.Size([1024]): 
The value is the same before and after calling `init_weights` of EncoderDecoder  

decode_head.pixel_decoder.encoder.layers.4.ffn.layers.1.weight - torch.Size([256, 1024]): 
Initialized by user-defined `init_weights` in Mask2FormerHead  

decode_head.pixel_decoder.encoder.layers.4.ffn.layers.1.bias - torch.Size([256]): 
The value is the same before and after calling `init_weights` of EncoderDecoder  

decode_head.pixel_decoder.encoder.layers.4.norms.0.weight - torch.Size([256]): 
The value is the same before and after calling `init_weights` of EncoderDecoder  

decode_head.pixel_decoder.encoder.layers.4.norms.0.bias - torch.Size([256]): 
The value is the same before and after calling `init_weights` of EncoderDecoder  

decode_head.pixel_decoder.encoder.layers.4.norms.1.weight - torch.Size([256]): 
The value is the same before and after calling `init_weights` of EncoderDecoder  

decode_head.pixel_decoder.encoder.layers.4.norms.1.bias - torch.Size([256]): 
The value is the same before and after calling `init_weights` of EncoderDecoder  

decode_head.pixel_decoder.encoder.layers.5.self_attn.sampling_offsets.weight - torch.Size([192, 256]): 
The value is the same before and after calling `init_weights` of EncoderDecoder  

decode_head.pixel_decoder.encoder.layers.5.self_attn.sampling_offsets.bias - torch.Size([192]): 
Initialized by user-defined `init_weights` in Mask2FormerHead  

decode_head.pixel_decoder.encoder.layers.5.self_attn.attention_weights.weight - torch.Size([96, 256]): 
The value is the same before and after calling `init_weights` of EncoderDecoder  

decode_head.pixel_decoder.encoder.layers.5.self_attn.attention_weights.bias - torch.Size([96]): 
The value is the same before and after calling `init_weights` of EncoderDecoder  

decode_head.pixel_decoder.encoder.layers.5.self_attn.value_proj.weight - torch.Size([256, 256]): 
Initialized by user-defined `init_weights` in Mask2FormerHead  

decode_head.pixel_decoder.encoder.layers.5.self_attn.value_proj.bias - torch.Size([256]): 
The value is the same before and after calling `init_weights` of EncoderDecoder  

decode_head.pixel_decoder.encoder.layers.5.self_attn.output_proj.weight - torch.Size([256, 256]): 
Initialized by user-defined `init_weights` in Mask2FormerHead  

decode_head.pixel_decoder.encoder.layers.5.self_attn.output_proj.bias - torch.Size([256]): 
The value is the same before and after calling `init_weights` of EncoderDecoder  

decode_head.pixel_decoder.encoder.layers.5.ffn.layers.0.0.weight - torch.Size([1024, 256]): 
Initialized by user-defined `init_weights` in Mask2FormerHead  

decode_head.pixel_decoder.encoder.layers.5.ffn.layers.0.0.bias - torch.Size([1024]): 
The value is the same before and after calling `init_weights` of EncoderDecoder  

decode_head.pixel_decoder.encoder.layers.5.ffn.layers.1.weight - torch.Size([256, 1024]): 
Initialized by user-defined `init_weights` in Mask2FormerHead  

decode_head.pixel_decoder.encoder.layers.5.ffn.layers.1.bias - torch.Size([256]): 
The value is the same before and after calling `init_weights` of EncoderDecoder  

decode_head.pixel_decoder.encoder.layers.5.norms.0.weight - torch.Size([256]): 
The value is the same before and after calling `init_weights` of EncoderDecoder  

decode_head.pixel_decoder.encoder.layers.5.norms.0.bias - torch.Size([256]): 
The value is the same before and after calling `init_weights` of EncoderDecoder  

decode_head.pixel_decoder.encoder.layers.5.norms.1.weight - torch.Size([256]): 
The value is the same before and after calling `init_weights` of EncoderDecoder  

decode_head.pixel_decoder.encoder.layers.5.norms.1.bias - torch.Size([256]): 
The value is the same before and after calling `init_weights` of EncoderDecoder  

decode_head.pixel_decoder.level_encoding.weight - torch.Size([3, 256]): 
Initialized by user-defined `init_weights` in Mask2FormerHead  

decode_head.pixel_decoder.lateral_convs.0.conv.weight - torch.Size([256, 384, 1, 1]): 
Initialized by user-defined `init_weights` in Mask2FormerHead  

decode_head.pixel_decoder.lateral_convs.0.gn.weight - torch.Size([256]): 
The value is the same before and after calling `init_weights` of EncoderDecoder  

decode_head.pixel_decoder.lateral_convs.0.gn.bias - torch.Size([256]): 
The value is the same before and after calling `init_weights` of EncoderDecoder  

decode_head.pixel_decoder.output_convs.0.conv.weight - torch.Size([256, 256, 3, 3]): 
Initialized by user-defined `init_weights` in Mask2FormerHead  

decode_head.pixel_decoder.output_convs.0.gn.weight - torch.Size([256]): 
The value is the same before and after calling `init_weights` of EncoderDecoder  

decode_head.pixel_decoder.output_convs.0.gn.bias - torch.Size([256]): 
The value is the same before and after calling `init_weights` of EncoderDecoder  

decode_head.pixel_decoder.mask_feature.weight - torch.Size([256, 256, 1, 1]): 
Initialized by user-defined `init_weights` in Mask2FormerHead  

decode_head.pixel_decoder.mask_feature.bias - torch.Size([256]): 
Initialized by user-defined `init_weights` in Mask2FormerHead  

decode_head.transformer_decoder.layers.0.self_attn.attn.in_proj_weight - torch.Size([768, 256]): 
Initialized by user-defined `init_weights` in Mask2FormerHead  

decode_head.transformer_decoder.layers.0.self_attn.attn.in_proj_bias - torch.Size([768]): 
The value is the same before and after calling `init_weights` of EncoderDecoder  

decode_head.transformer_decoder.layers.0.self_attn.attn.out_proj.weight - torch.Size([256, 256]): 
Initialized by user-defined `init_weights` in Mask2FormerHead  

decode_head.transformer_decoder.layers.0.self_attn.attn.out_proj.bias - torch.Size([256]): 
The value is the same before and after calling `init_weights` of EncoderDecoder  

decode_head.transformer_decoder.layers.0.cross_attn.attn.in_proj_weight - torch.Size([768, 256]): 
Initialized by user-defined `init_weights` in Mask2FormerHead  

decode_head.transformer_decoder.layers.0.cross_attn.attn.in_proj_bias - torch.Size([768]): 
The value is the same before and after calling `init_weights` of EncoderDecoder  

decode_head.transformer_decoder.layers.0.cross_attn.attn.out_proj.weight - torch.Size([256, 256]): 
Initialized by user-defined `init_weights` in Mask2FormerHead  

decode_head.transformer_decoder.layers.0.cross_attn.attn.out_proj.bias - torch.Size([256]): 
The value is the same before and after calling `init_weights` of EncoderDecoder  

decode_head.transformer_decoder.layers.0.ffn.layers.0.0.weight - torch.Size([2048, 256]): 
Initialized by user-defined `init_weights` in Mask2FormerHead  

decode_head.transformer_decoder.layers.0.ffn.layers.0.0.bias - torch.Size([2048]): 
The value is the same before and after calling `init_weights` of EncoderDecoder  

decode_head.transformer_decoder.layers.0.ffn.layers.1.weight - torch.Size([256, 2048]): 
Initialized by user-defined `init_weights` in Mask2FormerHead  

decode_head.transformer_decoder.layers.0.ffn.layers.1.bias - torch.Size([256]): 
The value is the same before and after calling `init_weights` of EncoderDecoder  

decode_head.transformer_decoder.layers.0.norms.0.weight - torch.Size([256]): 
The value is the same before and after calling `init_weights` of EncoderDecoder  

decode_head.transformer_decoder.layers.0.norms.0.bias - torch.Size([256]): 
The value is the same before and after calling `init_weights` of EncoderDecoder  

decode_head.transformer_decoder.layers.0.norms.1.weight - torch.Size([256]): 
The value is the same before and after calling `init_weights` of EncoderDecoder  

decode_head.transformer_decoder.layers.0.norms.1.bias - torch.Size([256]): 
The value is the same before and after calling `init_weights` of EncoderDecoder  

decode_head.transformer_decoder.layers.0.norms.2.weight - torch.Size([256]): 
The value is the same before and after calling `init_weights` of EncoderDecoder  

decode_head.transformer_decoder.layers.0.norms.2.bias - torch.Size([256]): 
The value is the same before and after calling `init_weights` of EncoderDecoder  

decode_head.transformer_decoder.layers.1.self_attn.attn.in_proj_weight - torch.Size([768, 256]): 
Initialized by user-defined `init_weights` in Mask2FormerHead  

decode_head.transformer_decoder.layers.1.self_attn.attn.in_proj_bias - torch.Size([768]): 
The value is the same before and after calling `init_weights` of EncoderDecoder  

decode_head.transformer_decoder.layers.1.self_attn.attn.out_proj.weight - torch.Size([256, 256]): 
Initialized by user-defined `init_weights` in Mask2FormerHead  

decode_head.transformer_decoder.layers.1.self_attn.attn.out_proj.bias - torch.Size([256]): 
The value is the same before and after calling `init_weights` of EncoderDecoder  

decode_head.transformer_decoder.layers.1.cross_attn.attn.in_proj_weight - torch.Size([768, 256]): 
Initialized by user-defined `init_weights` in Mask2FormerHead  

decode_head.transformer_decoder.layers.1.cross_attn.attn.in_proj_bias - torch.Size([768]): 
The value is the same before and after calling `init_weights` of EncoderDecoder  

decode_head.transformer_decoder.layers.1.cross_attn.attn.out_proj.weight - torch.Size([256, 256]): 
Initialized by user-defined `init_weights` in Mask2FormerHead  

decode_head.transformer_decoder.layers.1.cross_attn.attn.out_proj.bias - torch.Size([256]): 
The value is the same before and after calling `init_weights` of EncoderDecoder  

decode_head.transformer_decoder.layers.1.ffn.layers.0.0.weight - torch.Size([2048, 256]): 
Initialized by user-defined `init_weights` in Mask2FormerHead  

decode_head.transformer_decoder.layers.1.ffn.layers.0.0.bias - torch.Size([2048]): 
The value is the same before and after calling `init_weights` of EncoderDecoder  

decode_head.transformer_decoder.layers.1.ffn.layers.1.weight - torch.Size([256, 2048]): 
Initialized by user-defined `init_weights` in Mask2FormerHead  

decode_head.transformer_decoder.layers.1.ffn.layers.1.bias - torch.Size([256]): 
The value is the same before and after calling `init_weights` of EncoderDecoder  

decode_head.transformer_decoder.layers.1.norms.0.weight - torch.Size([256]): 
The value is the same before and after calling `init_weights` of EncoderDecoder  

decode_head.transformer_decoder.layers.1.norms.0.bias - torch.Size([256]): 
The value is the same before and after calling `init_weights` of EncoderDecoder  

decode_head.transformer_decoder.layers.1.norms.1.weight - torch.Size([256]): 
The value is the same before and after calling `init_weights` of EncoderDecoder  

decode_head.transformer_decoder.layers.1.norms.1.bias - torch.Size([256]): 
The value is the same before and after calling `init_weights` of EncoderDecoder  

decode_head.transformer_decoder.layers.1.norms.2.weight - torch.Size([256]): 
The value is the same before and after calling `init_weights` of EncoderDecoder  

decode_head.transformer_decoder.layers.1.norms.2.bias - torch.Size([256]): 
The value is the same before and after calling `init_weights` of EncoderDecoder  

decode_head.transformer_decoder.layers.2.self_attn.attn.in_proj_weight - torch.Size([768, 256]): 
Initialized by user-defined `init_weights` in Mask2FormerHead  

decode_head.transformer_decoder.layers.2.self_attn.attn.in_proj_bias - torch.Size([768]): 
The value is the same before and after calling `init_weights` of EncoderDecoder  

decode_head.transformer_decoder.layers.2.self_attn.attn.out_proj.weight - torch.Size([256, 256]): 
Initialized by user-defined `init_weights` in Mask2FormerHead  

decode_head.transformer_decoder.layers.2.self_attn.attn.out_proj.bias - torch.Size([256]): 
The value is the same before and after calling `init_weights` of EncoderDecoder  

decode_head.transformer_decoder.layers.2.cross_attn.attn.in_proj_weight - torch.Size([768, 256]): 
Initialized by user-defined `init_weights` in Mask2FormerHead  

decode_head.transformer_decoder.layers.2.cross_attn.attn.in_proj_bias - torch.Size([768]): 
The value is the same before and after calling `init_weights` of EncoderDecoder  

decode_head.transformer_decoder.layers.2.cross_attn.attn.out_proj.weight - torch.Size([256, 256]): 
Initialized by user-defined `init_weights` in Mask2FormerHead  

decode_head.transformer_decoder.layers.2.cross_attn.attn.out_proj.bias - torch.Size([256]): 
The value is the same before and after calling `init_weights` of EncoderDecoder  

decode_head.transformer_decoder.layers.2.ffn.layers.0.0.weight - torch.Size([2048, 256]): 
Initialized by user-defined `init_weights` in Mask2FormerHead  

decode_head.transformer_decoder.layers.2.ffn.layers.0.0.bias - torch.Size([2048]): 
The value is the same before and after calling `init_weights` of EncoderDecoder  

decode_head.transformer_decoder.layers.2.ffn.layers.1.weight - torch.Size([256, 2048]): 
Initialized by user-defined `init_weights` in Mask2FormerHead  

decode_head.transformer_decoder.layers.2.ffn.layers.1.bias - torch.Size([256]): 
The value is the same before and after calling `init_weights` of EncoderDecoder  

decode_head.transformer_decoder.layers.2.norms.0.weight - torch.Size([256]): 
The value is the same before and after calling `init_weights` of EncoderDecoder  

decode_head.transformer_decoder.layers.2.norms.0.bias - torch.Size([256]): 
The value is the same before and after calling `init_weights` of EncoderDecoder  

decode_head.transformer_decoder.layers.2.norms.1.weight - torch.Size([256]): 
The value is the same before and after calling `init_weights` of EncoderDecoder  

decode_head.transformer_decoder.layers.2.norms.1.bias - torch.Size([256]): 
The value is the same before and after calling `init_weights` of EncoderDecoder  

decode_head.transformer_decoder.layers.2.norms.2.weight - torch.Size([256]): 
The value is the same before and after calling `init_weights` of EncoderDecoder  

decode_head.transformer_decoder.layers.2.norms.2.bias - torch.Size([256]): 
The value is the same before and after calling `init_weights` of EncoderDecoder  

decode_head.transformer_decoder.layers.3.self_attn.attn.in_proj_weight - torch.Size([768, 256]): 
Initialized by user-defined `init_weights` in Mask2FormerHead  

decode_head.transformer_decoder.layers.3.self_attn.attn.in_proj_bias - torch.Size([768]): 
The value is the same before and after calling `init_weights` of EncoderDecoder  

decode_head.transformer_decoder.layers.3.self_attn.attn.out_proj.weight - torch.Size([256, 256]): 
Initialized by user-defined `init_weights` in Mask2FormerHead  

decode_head.transformer_decoder.layers.3.self_attn.attn.out_proj.bias - torch.Size([256]): 
The value is the same before and after calling `init_weights` of EncoderDecoder  

decode_head.transformer_decoder.layers.3.cross_attn.attn.in_proj_weight - torch.Size([768, 256]): 
Initialized by user-defined `init_weights` in Mask2FormerHead  

decode_head.transformer_decoder.layers.3.cross_attn.attn.in_proj_bias - torch.Size([768]): 
The value is the same before and after calling `init_weights` of EncoderDecoder  

decode_head.transformer_decoder.layers.3.cross_attn.attn.out_proj.weight - torch.Size([256, 256]): 
Initialized by user-defined `init_weights` in Mask2FormerHead  

decode_head.transformer_decoder.layers.3.cross_attn.attn.out_proj.bias - torch.Size([256]): 
The value is the same before and after calling `init_weights` of EncoderDecoder  

decode_head.transformer_decoder.layers.3.ffn.layers.0.0.weight - torch.Size([2048, 256]): 
Initialized by user-defined `init_weights` in Mask2FormerHead  

decode_head.transformer_decoder.layers.3.ffn.layers.0.0.bias - torch.Size([2048]): 
The value is the same before and after calling `init_weights` of EncoderDecoder  

decode_head.transformer_decoder.layers.3.ffn.layers.1.weight - torch.Size([256, 2048]): 
Initialized by user-defined `init_weights` in Mask2FormerHead  

decode_head.transformer_decoder.layers.3.ffn.layers.1.bias - torch.Size([256]): 
The value is the same before and after calling `init_weights` of EncoderDecoder  

decode_head.transformer_decoder.layers.3.norms.0.weight - torch.Size([256]): 
The value is the same before and after calling `init_weights` of EncoderDecoder  

decode_head.transformer_decoder.layers.3.norms.0.bias - torch.Size([256]): 
The value is the same before and after calling `init_weights` of EncoderDecoder  

decode_head.transformer_decoder.layers.3.norms.1.weight - torch.Size([256]): 
The value is the same before and after calling `init_weights` of EncoderDecoder  

decode_head.transformer_decoder.layers.3.norms.1.bias - torch.Size([256]): 
The value is the same before and after calling `init_weights` of EncoderDecoder  

decode_head.transformer_decoder.layers.3.norms.2.weight - torch.Size([256]): 
The value is the same before and after calling `init_weights` of EncoderDecoder  

decode_head.transformer_decoder.layers.3.norms.2.bias - torch.Size([256]): 
The value is the same before and after calling `init_weights` of EncoderDecoder  

decode_head.transformer_decoder.layers.4.self_attn.attn.in_proj_weight - torch.Size([768, 256]): 
Initialized by user-defined `init_weights` in Mask2FormerHead  

decode_head.transformer_decoder.layers.4.self_attn.attn.in_proj_bias - torch.Size([768]): 
The value is the same before and after calling `init_weights` of EncoderDecoder  

decode_head.transformer_decoder.layers.4.self_attn.attn.out_proj.weight - torch.Size([256, 256]): 
Initialized by user-defined `init_weights` in Mask2FormerHead  

decode_head.transformer_decoder.layers.4.self_attn.attn.out_proj.bias - torch.Size([256]): 
The value is the same before and after calling `init_weights` of EncoderDecoder  

decode_head.transformer_decoder.layers.4.cross_attn.attn.in_proj_weight - torch.Size([768, 256]): 
Initialized by user-defined `init_weights` in Mask2FormerHead  

decode_head.transformer_decoder.layers.4.cross_attn.attn.in_proj_bias - torch.Size([768]): 
The value is the same before and after calling `init_weights` of EncoderDecoder  

decode_head.transformer_decoder.layers.4.cross_attn.attn.out_proj.weight - torch.Size([256, 256]): 
Initialized by user-defined `init_weights` in Mask2FormerHead  

decode_head.transformer_decoder.layers.4.cross_attn.attn.out_proj.bias - torch.Size([256]): 
The value is the same before and after calling `init_weights` of EncoderDecoder  

decode_head.transformer_decoder.layers.4.ffn.layers.0.0.weight - torch.Size([2048, 256]): 
Initialized by user-defined `init_weights` in Mask2FormerHead  

decode_head.transformer_decoder.layers.4.ffn.layers.0.0.bias - torch.Size([2048]): 
The value is the same before and after calling `init_weights` of EncoderDecoder  

decode_head.transformer_decoder.layers.4.ffn.layers.1.weight - torch.Size([256, 2048]): 
Initialized by user-defined `init_weights` in Mask2FormerHead  

decode_head.transformer_decoder.layers.4.ffn.layers.1.bias - torch.Size([256]): 
The value is the same before and after calling `init_weights` of EncoderDecoder  

decode_head.transformer_decoder.layers.4.norms.0.weight - torch.Size([256]): 
The value is the same before and after calling `init_weights` of EncoderDecoder  

decode_head.transformer_decoder.layers.4.norms.0.bias - torch.Size([256]): 
The value is the same before and after calling `init_weights` of EncoderDecoder  

decode_head.transformer_decoder.layers.4.norms.1.weight - torch.Size([256]): 
The value is the same before and after calling `init_weights` of EncoderDecoder  

decode_head.transformer_decoder.layers.4.norms.1.bias - torch.Size([256]): 
The value is the same before and after calling `init_weights` of EncoderDecoder  

decode_head.transformer_decoder.layers.4.norms.2.weight - torch.Size([256]): 
The value is the same before and after calling `init_weights` of EncoderDecoder  

decode_head.transformer_decoder.layers.4.norms.2.bias - torch.Size([256]): 
The value is the same before and after calling `init_weights` of EncoderDecoder  

decode_head.transformer_decoder.layers.5.self_attn.attn.in_proj_weight - torch.Size([768, 256]): 
Initialized by user-defined `init_weights` in Mask2FormerHead  

decode_head.transformer_decoder.layers.5.self_attn.attn.in_proj_bias - torch.Size([768]): 
The value is the same before and after calling `init_weights` of EncoderDecoder  

decode_head.transformer_decoder.layers.5.self_attn.attn.out_proj.weight - torch.Size([256, 256]): 
Initialized by user-defined `init_weights` in Mask2FormerHead  

decode_head.transformer_decoder.layers.5.self_attn.attn.out_proj.bias - torch.Size([256]): 
The value is the same before and after calling `init_weights` of EncoderDecoder  

decode_head.transformer_decoder.layers.5.cross_attn.attn.in_proj_weight - torch.Size([768, 256]): 
Initialized by user-defined `init_weights` in Mask2FormerHead  

decode_head.transformer_decoder.layers.5.cross_attn.attn.in_proj_bias - torch.Size([768]): 
The value is the same before and after calling `init_weights` of EncoderDecoder  

decode_head.transformer_decoder.layers.5.cross_attn.attn.out_proj.weight - torch.Size([256, 256]): 
Initialized by user-defined `init_weights` in Mask2FormerHead  

decode_head.transformer_decoder.layers.5.cross_attn.attn.out_proj.bias - torch.Size([256]): 
The value is the same before and after calling `init_weights` of EncoderDecoder  

decode_head.transformer_decoder.layers.5.ffn.layers.0.0.weight - torch.Size([2048, 256]): 
Initialized by user-defined `init_weights` in Mask2FormerHead  

decode_head.transformer_decoder.layers.5.ffn.layers.0.0.bias - torch.Size([2048]): 
The value is the same before and after calling `init_weights` of EncoderDecoder  

decode_head.transformer_decoder.layers.5.ffn.layers.1.weight - torch.Size([256, 2048]): 
Initialized by user-defined `init_weights` in Mask2FormerHead  

decode_head.transformer_decoder.layers.5.ffn.layers.1.bias - torch.Size([256]): 
The value is the same before and after calling `init_weights` of EncoderDecoder  

decode_head.transformer_decoder.layers.5.norms.0.weight - torch.Size([256]): 
The value is the same before and after calling `init_weights` of EncoderDecoder  

decode_head.transformer_decoder.layers.5.norms.0.bias - torch.Size([256]): 
The value is the same before and after calling `init_weights` of EncoderDecoder  

decode_head.transformer_decoder.layers.5.norms.1.weight - torch.Size([256]): 
The value is the same before and after calling `init_weights` of EncoderDecoder  

decode_head.transformer_decoder.layers.5.norms.1.bias - torch.Size([256]): 
The value is the same before and after calling `init_weights` of EncoderDecoder  

decode_head.transformer_decoder.layers.5.norms.2.weight - torch.Size([256]): 
The value is the same before and after calling `init_weights` of EncoderDecoder  

decode_head.transformer_decoder.layers.5.norms.2.bias - torch.Size([256]): 
The value is the same before and after calling `init_weights` of EncoderDecoder  

decode_head.transformer_decoder.layers.6.self_attn.attn.in_proj_weight - torch.Size([768, 256]): 
Initialized by user-defined `init_weights` in Mask2FormerHead  

decode_head.transformer_decoder.layers.6.self_attn.attn.in_proj_bias - torch.Size([768]): 
The value is the same before and after calling `init_weights` of EncoderDecoder  

decode_head.transformer_decoder.layers.6.self_attn.attn.out_proj.weight - torch.Size([256, 256]): 
Initialized by user-defined `init_weights` in Mask2FormerHead  

decode_head.transformer_decoder.layers.6.self_attn.attn.out_proj.bias - torch.Size([256]): 
The value is the same before and after calling `init_weights` of EncoderDecoder  

decode_head.transformer_decoder.layers.6.cross_attn.attn.in_proj_weight - torch.Size([768, 256]): 
Initialized by user-defined `init_weights` in Mask2FormerHead  

decode_head.transformer_decoder.layers.6.cross_attn.attn.in_proj_bias - torch.Size([768]): 
The value is the same before and after calling `init_weights` of EncoderDecoder  

decode_head.transformer_decoder.layers.6.cross_attn.attn.out_proj.weight - torch.Size([256, 256]): 
Initialized by user-defined `init_weights` in Mask2FormerHead  

decode_head.transformer_decoder.layers.6.cross_attn.attn.out_proj.bias - torch.Size([256]): 
The value is the same before and after calling `init_weights` of EncoderDecoder  

decode_head.transformer_decoder.layers.6.ffn.layers.0.0.weight - torch.Size([2048, 256]): 
Initialized by user-defined `init_weights` in Mask2FormerHead  

decode_head.transformer_decoder.layers.6.ffn.layers.0.0.bias - torch.Size([2048]): 
The value is the same before and after calling `init_weights` of EncoderDecoder  

decode_head.transformer_decoder.layers.6.ffn.layers.1.weight - torch.Size([256, 2048]): 
Initialized by user-defined `init_weights` in Mask2FormerHead  

decode_head.transformer_decoder.layers.6.ffn.layers.1.bias - torch.Size([256]): 
The value is the same before and after calling `init_weights` of EncoderDecoder  

decode_head.transformer_decoder.layers.6.norms.0.weight - torch.Size([256]): 
The value is the same before and after calling `init_weights` of EncoderDecoder  

decode_head.transformer_decoder.layers.6.norms.0.bias - torch.Size([256]): 
The value is the same before and after calling `init_weights` of EncoderDecoder  

decode_head.transformer_decoder.layers.6.norms.1.weight - torch.Size([256]): 
The value is the same before and after calling `init_weights` of EncoderDecoder  

decode_head.transformer_decoder.layers.6.norms.1.bias - torch.Size([256]): 
The value is the same before and after calling `init_weights` of EncoderDecoder  

decode_head.transformer_decoder.layers.6.norms.2.weight - torch.Size([256]): 
The value is the same before and after calling `init_weights` of EncoderDecoder  

decode_head.transformer_decoder.layers.6.norms.2.bias - torch.Size([256]): 
The value is the same before and after calling `init_weights` of EncoderDecoder  

decode_head.transformer_decoder.layers.7.self_attn.attn.in_proj_weight - torch.Size([768, 256]): 
Initialized by user-defined `init_weights` in Mask2FormerHead  

decode_head.transformer_decoder.layers.7.self_attn.attn.in_proj_bias - torch.Size([768]): 
The value is the same before and after calling `init_weights` of EncoderDecoder  

decode_head.transformer_decoder.layers.7.self_attn.attn.out_proj.weight - torch.Size([256, 256]): 
Initialized by user-defined `init_weights` in Mask2FormerHead  

decode_head.transformer_decoder.layers.7.self_attn.attn.out_proj.bias - torch.Size([256]): 
The value is the same before and after calling `init_weights` of EncoderDecoder  

decode_head.transformer_decoder.layers.7.cross_attn.attn.in_proj_weight - torch.Size([768, 256]): 
Initialized by user-defined `init_weights` in Mask2FormerHead  

decode_head.transformer_decoder.layers.7.cross_attn.attn.in_proj_bias - torch.Size([768]): 
The value is the same before and after calling `init_weights` of EncoderDecoder  

decode_head.transformer_decoder.layers.7.cross_attn.attn.out_proj.weight - torch.Size([256, 256]): 
Initialized by user-defined `init_weights` in Mask2FormerHead  

decode_head.transformer_decoder.layers.7.cross_attn.attn.out_proj.bias - torch.Size([256]): 
The value is the same before and after calling `init_weights` of EncoderDecoder  

decode_head.transformer_decoder.layers.7.ffn.layers.0.0.weight - torch.Size([2048, 256]): 
Initialized by user-defined `init_weights` in Mask2FormerHead  

decode_head.transformer_decoder.layers.7.ffn.layers.0.0.bias - torch.Size([2048]): 
The value is the same before and after calling `init_weights` of EncoderDecoder  

decode_head.transformer_decoder.layers.7.ffn.layers.1.weight - torch.Size([256, 2048]): 
Initialized by user-defined `init_weights` in Mask2FormerHead  

decode_head.transformer_decoder.layers.7.ffn.layers.1.bias - torch.Size([256]): 
The value is the same before and after calling `init_weights` of EncoderDecoder  

decode_head.transformer_decoder.layers.7.norms.0.weight - torch.Size([256]): 
The value is the same before and after calling `init_weights` of EncoderDecoder  

decode_head.transformer_decoder.layers.7.norms.0.bias - torch.Size([256]): 
The value is the same before and after calling `init_weights` of EncoderDecoder  

decode_head.transformer_decoder.layers.7.norms.1.weight - torch.Size([256]): 
The value is the same before and after calling `init_weights` of EncoderDecoder  

decode_head.transformer_decoder.layers.7.norms.1.bias - torch.Size([256]): 
The value is the same before and after calling `init_weights` of EncoderDecoder  

decode_head.transformer_decoder.layers.7.norms.2.weight - torch.Size([256]): 
The value is the same before and after calling `init_weights` of EncoderDecoder  

decode_head.transformer_decoder.layers.7.norms.2.bias - torch.Size([256]): 
The value is the same before and after calling `init_weights` of EncoderDecoder  

decode_head.transformer_decoder.layers.8.self_attn.attn.in_proj_weight - torch.Size([768, 256]): 
Initialized by user-defined `init_weights` in Mask2FormerHead  

decode_head.transformer_decoder.layers.8.self_attn.attn.in_proj_bias - torch.Size([768]): 
The value is the same before and after calling `init_weights` of EncoderDecoder  

decode_head.transformer_decoder.layers.8.self_attn.attn.out_proj.weight - torch.Size([256, 256]): 
Initialized by user-defined `init_weights` in Mask2FormerHead  

decode_head.transformer_decoder.layers.8.self_attn.attn.out_proj.bias - torch.Size([256]): 
The value is the same before and after calling `init_weights` of EncoderDecoder  

decode_head.transformer_decoder.layers.8.cross_attn.attn.in_proj_weight - torch.Size([768, 256]): 
Initialized by user-defined `init_weights` in Mask2FormerHead  

decode_head.transformer_decoder.layers.8.cross_attn.attn.in_proj_bias - torch.Size([768]): 
The value is the same before and after calling `init_weights` of EncoderDecoder  

decode_head.transformer_decoder.layers.8.cross_attn.attn.out_proj.weight - torch.Size([256, 256]): 
Initialized by user-defined `init_weights` in Mask2FormerHead  

decode_head.transformer_decoder.layers.8.cross_attn.attn.out_proj.bias - torch.Size([256]): 
The value is the same before and after calling `init_weights` of EncoderDecoder  

decode_head.transformer_decoder.layers.8.ffn.layers.0.0.weight - torch.Size([2048, 256]): 
Initialized by user-defined `init_weights` in Mask2FormerHead  

decode_head.transformer_decoder.layers.8.ffn.layers.0.0.bias - torch.Size([2048]): 
The value is the same before and after calling `init_weights` of EncoderDecoder  

decode_head.transformer_decoder.layers.8.ffn.layers.1.weight - torch.Size([256, 2048]): 
Initialized by user-defined `init_weights` in Mask2FormerHead  

decode_head.transformer_decoder.layers.8.ffn.layers.1.bias - torch.Size([256]): 
The value is the same before and after calling `init_weights` of EncoderDecoder  

decode_head.transformer_decoder.layers.8.norms.0.weight - torch.Size([256]): 
The value is the same before and after calling `init_weights` of EncoderDecoder  

decode_head.transformer_decoder.layers.8.norms.0.bias - torch.Size([256]): 
The value is the same before and after calling `init_weights` of EncoderDecoder  

decode_head.transformer_decoder.layers.8.norms.1.weight - torch.Size([256]): 
The value is the same before and after calling `init_weights` of EncoderDecoder  

decode_head.transformer_decoder.layers.8.norms.1.bias - torch.Size([256]): 
The value is the same before and after calling `init_weights` of EncoderDecoder  

decode_head.transformer_decoder.layers.8.norms.2.weight - torch.Size([256]): 
The value is the same before and after calling `init_weights` of EncoderDecoder  

decode_head.transformer_decoder.layers.8.norms.2.bias - torch.Size([256]): 
The value is the same before and after calling `init_weights` of EncoderDecoder  

decode_head.transformer_decoder.post_norm.weight - torch.Size([256]): 
The value is the same before and after calling `init_weights` of EncoderDecoder  

decode_head.transformer_decoder.post_norm.bias - torch.Size([256]): 
The value is the same before and after calling `init_weights` of EncoderDecoder  

decode_head.query_embed.weight - torch.Size([100, 256]): 
The value is the same before and after calling `init_weights` of EncoderDecoder  

decode_head.query_feat.weight - torch.Size([100, 256]): 
The value is the same before and after calling `init_weights` of EncoderDecoder  

decode_head.level_embed.weight - torch.Size([3, 256]): 
The value is the same before and after calling `init_weights` of EncoderDecoder  

decode_head.cls_embed.weight - torch.Size([19, 256]): 
The value is the same before and after calling `init_weights` of EncoderDecoder  

decode_head.cls_embed.bias - torch.Size([19]): 
The value is the same before and after calling `init_weights` of EncoderDecoder  

decode_head.mask_embed.0.weight - torch.Size([256, 256]): 
The value is the same before and after calling `init_weights` of EncoderDecoder  

decode_head.mask_embed.0.bias - torch.Size([256]): 
The value is the same before and after calling `init_weights` of EncoderDecoder  

decode_head.mask_embed.2.weight - torch.Size([256, 256]): 
The value is the same before and after calling `init_weights` of EncoderDecoder  

decode_head.mask_embed.2.bias - torch.Size([256]): 
The value is the same before and after calling `init_weights` of EncoderDecoder  

decode_head.mask_embed.4.weight - torch.Size([256, 256]): 
The value is the same before and after calling `init_weights` of EncoderDecoder  

decode_head.mask_embed.4.bias - torch.Size([256]): 
The value is the same before and after calling `init_weights` of EncoderDecoder  
2026/06/09 14:59:18 - mmengine - WARNING - "FileClient" will be deprecated in future. Please use io functions in https://mmengine.readthedocs.io/en/latest/api/fileio.html#file-io
2026/06/09 14:59:18 - mmengine - WARNING - "HardDiskBackend" is the alias of "LocalBackend" and the former will be deprecated in future.
2026/06/09 14:59:18 - mmengine - INFO - Checkpoints will be saved to /mnt/ht2_nas2/00-model/00-fb/mmseg_dino/work_dirs.
2026/06/09 15:00:17 - mmengine - INFO - Iter(train) [   50/40000]  base_lr: 9.9890e-05 lr: 9.9890e-05  eta: 13:02:34  time: 0.9953  data_time: 0.0122  memory: 36687  grad_norm: 67.1387  loss: 90.9817  decode.loss_cls: 3.2900  decode.loss_mask: 1.7249  decode.loss_dice: 4.1510  decode.d0.loss_cls: 5.5826  decode.d0.loss_mask: 1.8074  decode.d0.loss_dice: 3.9107  decode.d1.loss_cls: 2.7755  decode.d1.loss_mask: 1.8250  decode.d1.loss_dice: 3.9778  decode.d2.loss_cls: 2.6486  decode.d2.loss_mask: 1.8121  decode.d2.loss_dice: 4.0664  decode.d3.loss_cls: 2.6922  decode.d3.loss_mask: 1.7976  decode.d3.loss_dice: 4.1062  decode.d4.loss_cls: 2.9469  decode.d4.loss_mask: 1.7727  decode.d4.loss_dice: 4.0247  decode.d5.loss_cls: 2.9606  decode.d5.loss_mask: 1.7306  decode.d5.loss_dice: 4.1141  decode.d6.loss_cls: 3.1086  decode.d6.loss_mask: 1.7561  decode.d6.loss_dice: 4.1087  decode.d7.loss_cls: 3.2685  decode.d7.loss_mask: 1.7267  decode.d7.loss_dice: 4.1479  decode.d8.loss_cls: 3.2818  decode.d8.loss_mask: 1.7226  decode.d8.loss_dice: 4.1430
2026/06/09 15:01:07 - mmengine - INFO - Iter(train) [  100/40000]  base_lr: 9.9777e-05 lr: 9.9777e-05  eta: 12:02:05  time: 0.9893  data_time: 0.0121  memory: 4410  grad_norm: 109.5436  loss: 84.6981  decode.loss_cls: 2.7962  decode.loss_mask: 1.8853  decode.loss_dice: 3.7507  decode.d0.loss_cls: 5.5668  decode.d0.loss_mask: 1.8186  decode.d0.loss_dice: 3.6334  decode.d1.loss_cls: 2.3867  decode.d1.loss_mask: 1.8928  decode.d1.loss_dice: 3.6652  decode.d2.loss_cls: 2.3431  decode.d2.loss_mask: 1.8600  decode.d2.loss_dice: 3.6705  decode.d3.loss_cls: 2.3495  decode.d3.loss_mask: 1.8695  decode.d3.loss_dice: 3.7455  decode.d4.loss_cls: 2.4744  decode.d4.loss_mask: 1.8623  decode.d4.loss_dice: 3.7285  decode.d5.loss_cls: 2.6363  decode.d5.loss_mask: 1.8657  decode.d5.loss_dice: 3.6938  decode.d6.loss_cls: 2.7728  decode.d6.loss_mask: 1.8686  decode.d6.loss_dice: 3.7767  decode.d7.loss_cls: 2.7804  decode.d7.loss_mask: 1.8829  decode.d7.loss_dice: 3.7356  decode.d8.loss_cls: 2.7444  decode.d8.loss_mask: 1.8818  decode.d8.loss_dice: 3.7601
2026/06/09 15:01:56 - mmengine - INFO - Iter(train) [  150/40000]  base_lr: 9.9665e-05 lr: 9.9665e-05  eta: 11:40:19  time: 0.9898  data_time: 0.0117  memory: 4408  grad_norm: 108.4203  loss: 83.4598  decode.loss_cls: 2.7717  decode.loss_mask: 2.0107  decode.loss_dice: 3.5353  decode.d0.loss_cls: 5.5421  decode.d0.loss_mask: 1.8902  decode.d0.loss_dice: 3.5763  decode.d1.loss_cls: 2.3102  decode.d1.loss_mask: 1.9891  decode.d1.loss_dice: 3.5927  decode.d2.loss_cls: 2.2573  decode.d2.loss_mask: 2.0280  decode.d2.loss_dice: 3.5453  decode.d3.loss_cls: 2.2932  decode.d3.loss_mask: 1.9777  decode.d3.loss_dice: 3.6050  decode.d4.loss_cls: 2.3430  decode.d4.loss_mask: 1.9815  decode.d4.loss_dice: 3.5648  decode.d5.loss_cls: 2.4743  decode.d5.loss_mask: 1.9679  decode.d5.loss_dice: 3.5537  decode.d6.loss_cls: 2.5667  decode.d6.loss_mask: 1.9985  decode.d6.loss_dice: 3.6212  decode.d7.loss_cls: 2.6670  decode.d7.loss_mask: 1.9814  decode.d7.loss_dice: 3.5879  decode.d8.loss_cls: 2.5947  decode.d8.loss_mask: 2.0300  decode.d8.loss_dice: 3.6023
2026/06/09 15:02:43 - mmengine - INFO - Iter(train) [  200/40000]  base_lr: 9.9552e-05 lr: 9.9552e-05  eta: 11:20:17  time: 0.8925  data_time: 0.0127  memory: 4406  grad_norm: 129.1666  loss: 82.2887  decode.loss_cls: 2.7819  decode.loss_mask: 1.8649  decode.loss_dice: 3.5425  decode.d0.loss_cls: 5.4723  decode.d0.loss_mask: 1.7591  decode.d0.loss_dice: 3.5404  decode.d1.loss_cls: 2.3007  decode.d1.loss_mask: 1.8085  decode.d1.loss_dice: 3.5060  decode.d2.loss_cls: 2.2532  decode.d2.loss_mask: 1.8443  decode.d2.loss_dice: 3.5441  decode.d3.loss_cls: 2.3594  decode.d3.loss_mask: 1.8457  decode.d3.loss_dice: 3.5679  decode.d4.loss_cls: 2.4833  decode.d4.loss_mask: 1.9275  decode.d4.loss_dice: 3.5216  decode.d5.loss_cls: 2.6310  decode.d5.loss_mask: 1.9027  decode.d5.loss_dice: 3.4799  decode.d6.loss_cls: 2.7263  decode.d6.loss_mask: 1.8862  decode.d6.loss_dice: 3.4295  decode.d7.loss_cls: 2.7245  decode.d7.loss_mask: 1.8737  decode.d7.loss_dice: 3.4735  decode.d8.loss_cls: 2.7347  decode.d8.loss_mask: 1.9287  decode.d8.loss_dice: 3.5747
2026/06/09 15:03:28 - mmengine - INFO - Iter(train) [  250/40000]  base_lr: 9.9440e-05 lr: 9.9440e-05  eta: 11:03:15  time: 0.8880  data_time: 0.0127  memory: 4454  grad_norm: 136.2628  loss: 81.2837  decode.loss_cls: 2.6597  decode.loss_mask: 1.9449  decode.loss_dice: 3.4328  decode.d0.loss_cls: 5.3808  decode.d0.loss_mask: 1.8780  decode.d0.loss_dice: 3.4149  decode.d1.loss_cls: 2.2872  decode.d1.loss_mask: 1.8874  decode.d1.loss_dice: 3.3651  decode.d2.loss_cls: 2.3331  decode.d2.loss_mask: 1.9262  decode.d2.loss_dice: 3.3751  decode.d3.loss_cls: 2.4941  decode.d3.loss_mask: 1.8984  decode.d3.loss_dice: 3.3276  decode.d4.loss_cls: 2.5400  decode.d4.loss_mask: 1.9130  decode.d4.loss_dice: 3.3031  decode.d5.loss_cls: 2.5533  decode.d5.loss_mask: 1.9828  decode.d5.loss_dice: 3.3199  decode.d6.loss_cls: 2.5851  decode.d6.loss_mask: 2.0014  decode.d6.loss_dice: 3.3688  decode.d7.loss_cls: 2.7238  decode.d7.loss_mask: 1.9773  decode.d7.loss_dice: 3.3671  decode.d8.loss_cls: 2.7955  decode.d8.loss_mask: 1.9317  decode.d8.loss_dice: 3.3155
2026/06/09 15:04:13 - mmengine - INFO - Iter(train) [  300/40000]  base_lr: 9.9327e-05 lr: 9.9327e-05  eta: 10:49:56  time: 0.8884  data_time: 0.0130  memory: 4408  grad_norm: 125.0164  loss: 80.9761  decode.loss_cls: 2.8279  decode.loss_mask: 1.7801  decode.loss_dice: 3.4546  decode.d0.loss_cls: 5.3138  decode.d0.loss_mask: 1.7371  decode.d0.loss_dice: 3.4676  decode.d1.loss_cls: 2.3596  decode.d1.loss_mask: 1.7600  decode.d1.loss_dice: 3.4987  decode.d2.loss_cls: 2.4734  decode.d2.loss_mask: 1.7889  decode.d2.loss_dice: 3.4587  decode.d3.loss_cls: 2.5103  decode.d3.loss_mask: 1.7920  decode.d3.loss_dice: 3.4059  decode.d4.loss_cls: 2.5411  decode.d4.loss_mask: 1.7736  decode.d4.loss_dice: 3.4114  decode.d5.loss_cls: 2.5230  decode.d5.loss_mask: 1.8005  decode.d5.loss_dice: 3.4568  decode.d6.loss_cls: 2.6998  decode.d6.loss_mask: 1.7748  decode.d6.loss_dice: 3.3910  decode.d7.loss_cls: 2.7152  decode.d7.loss_mask: 1.8035  decode.d7.loss_dice: 3.4476  decode.d8.loss_cls: 2.8208  decode.d8.loss_mask: 1.7808  decode.d8.loss_dice: 3.4075
2026/06/09 15:04:57 - mmengine - INFO - Iter(train) [  350/40000]  base_lr: 9.9214e-05 lr: 9.9214e-05  eta: 10:40:08  time: 0.8861  data_time: 0.0128  memory: 4409  grad_norm: 131.4072  loss: 77.0394  decode.loss_cls: 2.5597  decode.loss_mask: 1.8237  decode.loss_dice: 3.2429  decode.d0.loss_cls: 5.2432  decode.d0.loss_mask: 1.7465  decode.d0.loss_dice: 3.2888  decode.d1.loss_cls: 2.2620  decode.d1.loss_mask: 1.7328  decode.d1.loss_dice: 3.2249  decode.d2.loss_cls: 2.3792  decode.d2.loss_mask: 1.7646  decode.d2.loss_dice: 3.1531  decode.d3.loss_cls: 2.3802  decode.d3.loss_mask: 1.7922  decode.d3.loss_dice: 3.1436  decode.d4.loss_cls: 2.4078  decode.d4.loss_mask: 1.8022  decode.d4.loss_dice: 3.2269  decode.d5.loss_cls: 2.4006  decode.d5.loss_mask: 1.7978  decode.d5.loss_dice: 3.1915  decode.d6.loss_cls: 2.4278  decode.d6.loss_mask: 1.8103  decode.d6.loss_dice: 3.2018  decode.d7.loss_cls: 2.4851  decode.d7.loss_mask: 1.8220  decode.d7.loss_dice: 3.1508  decode.d8.loss_cls: 2.5419  decode.d8.loss_mask: 1.8416  decode.d8.loss_dice: 3.1941
2026/06/09 15:05:10 - mmengine - INFO - Exp name: dinov3b_m2f_pastis_raster_20260609_145903
2026/06/09 15:05:41 - mmengine - INFO - Iter(train) [  400/40000]  base_lr: 9.9102e-05 lr: 9.9102e-05  eta: 10:32:37  time: 0.8866  data_time: 0.0128  memory: 4397  grad_norm: 123.8873  loss: 80.3046  decode.loss_cls: 2.7156  decode.loss_mask: 1.8622  decode.loss_dice: 3.3957  decode.d0.loss_cls: 5.1696  decode.d0.loss_mask: 1.8174  decode.d0.loss_dice: 3.4409  decode.d1.loss_cls: 2.4024  decode.d1.loss_mask: 1.8638  decode.d1.loss_dice: 3.3670  decode.d2.loss_cls: 2.4567  decode.d2.loss_mask: 1.8317  decode.d2.loss_dice: 3.3282  decode.d3.loss_cls: 2.4669  decode.d3.loss_mask: 1.8435  decode.d3.loss_dice: 3.2993  decode.d4.loss_cls: 2.4994  decode.d4.loss_mask: 1.7879  decode.d4.loss_dice: 3.3099  decode.d5.loss_cls: 2.5627  decode.d5.loss_mask: 1.8453  decode.d5.loss_dice: 3.3225  decode.d6.loss_cls: 2.5582  decode.d6.loss_mask: 1.8709  decode.d6.loss_dice: 3.3688  decode.d7.loss_cls: 2.6889  decode.d7.loss_mask: 1.8930  decode.d7.loss_dice: 3.3840  decode.d8.loss_cls: 2.6880  decode.d8.loss_mask: 1.8872  decode.d8.loss_dice: 3.3770
2026/06/09 15:06:26 - mmengine - INFO - Iter(train) [  450/40000]  base_lr: 9.8989e-05 lr: 9.8989e-05  eta: 10:26:33  time: 0.8842  data_time: 0.0126  memory: 4414  grad_norm: 137.4940  loss: 80.5047  decode.loss_cls: 2.7409  decode.loss_mask: 1.9126  decode.loss_dice: 3.4211  decode.d0.loss_cls: 5.1034  decode.d0.loss_mask: 1.8025  decode.d0.loss_dice: 3.3643  decode.d1.loss_cls: 2.4724  decode.d1.loss_mask: 1.8443  decode.d1.loss_dice: 3.3573  decode.d2.loss_cls: 2.4620  decode.d2.loss_mask: 1.8541  decode.d2.loss_dice: 3.3197  decode.d3.loss_cls: 2.4401  decode.d3.loss_mask: 1.8714  decode.d3.loss_dice: 3.2947  decode.d4.loss_cls: 2.5226  decode.d4.loss_mask: 1.8470  decode.d4.loss_dice: 3.3172  decode.d5.loss_cls: 2.5837  decode.d5.loss_mask: 1.8450  decode.d5.loss_dice: 3.3595  decode.d6.loss_cls: 2.6437  decode.d6.loss_mask: 1.8779  decode.d6.loss_dice: 3.3035  decode.d7.loss_cls: 2.7926  decode.d7.loss_mask: 1.8565  decode.d7.loss_dice: 3.2905  decode.d8.loss_cls: 2.7507  decode.d8.loss_mask: 1.8761  decode.d8.loss_dice: 3.3775
2026/06/09 15:07:10 - mmengine - INFO - Iter(train) [  500/40000]  base_lr: 9.8877e-05 lr: 9.8877e-05  eta: 10:21:43  time: 0.8900  data_time: 0.0126  memory: 4393  grad_norm: 147.4206  loss: 79.9242  decode.loss_cls: 2.6686  decode.loss_mask: 1.7993  decode.loss_dice: 3.4455  decode.d0.loss_cls: 5.0224  decode.d0.loss_mask: 1.7643  decode.d0.loss_dice: 3.5249  decode.d1.loss_cls: 2.3008  decode.d1.loss_mask: 1.7556  decode.d1.loss_dice: 3.4302  decode.d2.loss_cls: 2.3825  decode.d2.loss_mask: 1.7061  decode.d2.loss_dice: 3.3540  decode.d3.loss_cls: 2.4944  decode.d3.loss_mask: 1.7792  decode.d3.loss_dice: 3.3370  decode.d4.loss_cls: 2.5747  decode.d4.loss_mask: 1.7560  decode.d4.loss_dice: 3.3642  decode.d5.loss_cls: 2.5913  decode.d5.loss_mask: 1.7736  decode.d5.loss_dice: 3.3989  decode.d6.loss_cls: 2.6211  decode.d6.loss_mask: 1.7999  decode.d6.loss_dice: 3.3882  decode.d7.loss_cls: 2.8109  decode.d7.loss_mask: 1.8282  decode.d7.loss_dice: 3.3858  decode.d8.loss_cls: 2.6777  decode.d8.loss_mask: 1.7615  decode.d8.loss_dice: 3.4274
2026/06/09 15:07:55 - mmengine - INFO - Iter(train) [  550/40000]  base_lr: 9.8764e-05 lr: 9.8764e-05  eta: 10:17:35  time: 0.8880  data_time: 0.0126  memory: 4387  grad_norm: 145.3558  loss: 78.3530  decode.loss_cls: 2.6127  decode.loss_mask: 1.8858  decode.loss_dice: 3.2885  decode.d0.loss_cls: 4.9190  decode.d0.loss_mask: 1.8159  decode.d0.loss_dice: 3.3603  decode.d1.loss_cls: 2.2781  decode.d1.loss_mask: 1.8294  decode.d1.loss_dice: 3.2012  decode.d2.loss_cls: 2.3588  decode.d2.loss_mask: 1.8687  decode.d2.loss_dice: 3.2039  decode.d3.loss_cls: 2.2750  decode.d3.loss_mask: 1.9072  decode.d3.loss_dice: 3.2252  decode.d4.loss_cls: 2.4461  decode.d4.loss_mask: 1.8498  decode.d4.loss_dice: 3.1882  decode.d5.loss_cls: 2.4728  decode.d5.loss_mask: 1.8926  decode.d5.loss_dice: 3.2853  decode.d6.loss_cls: 2.5615  decode.d6.loss_mask: 1.9265  decode.d6.loss_dice: 3.1921  decode.d7.loss_cls: 2.6619  decode.d7.loss_mask: 1.8907  decode.d7.loss_dice: 3.1756  decode.d8.loss_cls: 2.6611  decode.d8.loss_mask: 1.8906  decode.d8.loss_dice: 3.2286
2026/06/09 15:08:39 - mmengine - INFO - Iter(train) [  600/40000]  base_lr: 9.8651e-05 lr: 9.8651e-05  eta: 10:14:00  time: 0.8863  data_time: 0.0124  memory: 4443  grad_norm: 135.9971  loss: 80.0216  decode.loss_cls: 2.5902  decode.loss_mask: 2.0961  decode.loss_dice: 3.2641  decode.d0.loss_cls: 4.8348  decode.d0.loss_mask: 1.9749  decode.d0.loss_dice: 3.3145  decode.d1.loss_cls: 2.2677  decode.d1.loss_mask: 2.0914  decode.d1.loss_dice: 3.2468  decode.d2.loss_cls: 2.4152  decode.d2.loss_mask: 2.0296  decode.d2.loss_dice: 3.1822  decode.d3.loss_cls: 2.3788  decode.d3.loss_mask: 2.0802  decode.d3.loss_dice: 3.2268  decode.d4.loss_cls: 2.4032  decode.d4.loss_mask: 2.0415  decode.d4.loss_dice: 3.2295  decode.d5.loss_cls: 2.3502  decode.d5.loss_mask: 2.1331  decode.d5.loss_dice: 3.3334  decode.d6.loss_cls: 2.4355  decode.d6.loss_mask: 2.1120  decode.d6.loss_dice: 3.3361  decode.d7.loss_cls: 2.6024  decode.d7.loss_mask: 2.0118  decode.d7.loss_dice: 3.1930  decode.d8.loss_cls: 2.5128  decode.d8.loss_mask: 2.0265  decode.d8.loss_dice: 3.3073
2026/06/09 15:09:23 - mmengine - INFO - Iter(train) [  650/40000]  base_lr: 9.8539e-05 lr: 9.8539e-05  eta: 10:10:46  time: 0.8871  data_time: 0.0125  memory: 4420  grad_norm: 151.2852  loss: 77.5925  decode.loss_cls: 2.5998  decode.loss_mask: 1.8877  decode.loss_dice: 3.2769  decode.d0.loss_cls: 4.8059  decode.d0.loss_mask: 1.7918  decode.d0.loss_dice: 3.3462  decode.d1.loss_cls: 2.2390  decode.d1.loss_mask: 1.8039  decode.d1.loss_dice: 3.3120  decode.d2.loss_cls: 2.3153  decode.d2.loss_mask: 1.8358  decode.d2.loss_dice: 3.1866  decode.d3.loss_cls: 2.3592  decode.d3.loss_mask: 1.8372  decode.d3.loss_dice: 3.1392  decode.d4.loss_cls: 2.4061  decode.d4.loss_mask: 1.8796  decode.d4.loss_dice: 3.1854  decode.d5.loss_cls: 2.4487  decode.d5.loss_mask: 1.8237  decode.d5.loss_dice: 3.2589  decode.d6.loss_cls: 2.5223  decode.d6.loss_mask: 1.8218  decode.d6.loss_dice: 3.2482  decode.d7.loss_cls: 2.5316  decode.d7.loss_mask: 1.8606  decode.d7.loss_dice: 3.1846  decode.d8.loss_cls: 2.5717  decode.d8.loss_mask: 1.8720  decode.d8.loss_dice: 3.2407
2026/06/09 15:10:08 - mmengine - INFO - Iter(train) [  700/40000]  base_lr: 9.8426e-05 lr: 9.8426e-05  eta: 10:07:53  time: 0.8874  data_time: 0.0126  memory: 4404  grad_norm: 160.2635  loss: 77.4353  decode.loss_cls: 2.6115  decode.loss_mask: 1.8542  decode.loss_dice: 3.2566  decode.d0.loss_cls: 4.7153  decode.d0.loss_mask: 1.7941  decode.d0.loss_dice: 3.3198  decode.d1.loss_cls: 2.2240  decode.d1.loss_mask: 1.8662  decode.d1.loss_dice: 3.2231  decode.d2.loss_cls: 2.2844  decode.d2.loss_mask: 1.8629  decode.d2.loss_dice: 3.1535  decode.d3.loss_cls: 2.4141  decode.d3.loss_mask: 1.8823  decode.d3.loss_dice: 3.0845  decode.d4.loss_cls: 2.4671  decode.d4.loss_mask: 1.8872  decode.d4.loss_dice: 3.1714  decode.d5.loss_cls: 2.4724  decode.d5.loss_mask: 1.8749  decode.d5.loss_dice: 3.1880  decode.d6.loss_cls: 2.5088  decode.d6.loss_mask: 1.8462  decode.d6.loss_dice: 3.1669  decode.d7.loss_cls: 2.5949  decode.d7.loss_mask: 1.8567  decode.d7.loss_dice: 3.1542  decode.d8.loss_cls: 2.6611  decode.d8.loss_mask: 1.8415  decode.d8.loss_dice: 3.1978
2026/06/09 15:10:52 - mmengine - INFO - Iter(train) [  750/40000]  base_lr: 9.8313e-05 lr: 9.8313e-05  eta: 10:05:18  time: 0.8882  data_time: 0.0125  memory: 4399  grad_norm: 189.9932  loss: 75.9679  decode.loss_cls: 2.5310  decode.loss_mask: 1.8224  decode.loss_dice: 3.1853  decode.d0.loss_cls: 4.5887  decode.d0.loss_mask: 1.8187  decode.d0.loss_dice: 3.2966  decode.d1.loss_cls: 2.1943  decode.d1.loss_mask: 1.8020  decode.d1.loss_dice: 3.1299  decode.d2.loss_cls: 2.3162  decode.d2.loss_mask: 1.8514  decode.d2.loss_dice: 3.0926  decode.d3.loss_cls: 2.2861  decode.d3.loss_mask: 1.8832  decode.d3.loss_dice: 3.0562  decode.d4.loss_cls: 2.3284  decode.d4.loss_mask: 1.8804  decode.d4.loss_dice: 3.0792  decode.d5.loss_cls: 2.3725  decode.d5.loss_mask: 1.8854  decode.d5.loss_dice: 3.1334  decode.d6.loss_cls: 2.4367  decode.d6.loss_mask: 1.8435  decode.d6.loss_dice: 3.1111  decode.d7.loss_cls: 2.5039  decode.d7.loss_mask: 1.9050  decode.d7.loss_dice: 3.0757  decode.d8.loss_cls: 2.5632  decode.d8.loss_mask: 1.8881  decode.d8.loss_dice: 3.1070
2026/06/09 15:11:36 - mmengine - INFO - Iter(train) [  800/40000]  base_lr: 9.8200e-05 lr: 9.8200e-05  eta: 10:03:00  time: 0.8867  data_time: 0.0124  memory: 4410  grad_norm: 147.8397  loss: 76.5415  decode.loss_cls: 2.6509  decode.loss_mask: 1.7943  decode.loss_dice: 3.2810  decode.d0.loss_cls: 4.5684  decode.d0.loss_mask: 1.7816  decode.d0.loss_dice: 3.3545  decode.d1.loss_cls: 2.2641  decode.d1.loss_mask: 1.7856  decode.d1.loss_dice: 3.2151  decode.d2.loss_cls: 2.2990  decode.d2.loss_mask: 1.7912  decode.d2.loss_dice: 3.1505  decode.d3.loss_cls: 2.3258  decode.d3.loss_mask: 1.8126  decode.d3.loss_dice: 3.1096  decode.d4.loss_cls: 2.3488  decode.d4.loss_mask: 1.7975  decode.d4.loss_dice: 3.1262  decode.d5.loss_cls: 2.4790  decode.d5.loss_mask: 1.7859  decode.d5.loss_dice: 3.1687  decode.d6.loss_cls: 2.4822  decode.d6.loss_mask: 1.8255  decode.d6.loss_dice: 3.1569  decode.d7.loss_cls: 2.6060  decode.d7.loss_mask: 1.7837  decode.d7.loss_dice: 3.1473  decode.d8.loss_cls: 2.6150  decode.d8.loss_mask: 1.8052  decode.d8.loss_dice: 3.2299
2026/06/09 15:12:21 - mmengine - INFO - Iter(train) [  850/40000]  base_lr: 9.8088e-05 lr: 9.8088e-05  eta: 10:00:54  time: 0.8894  data_time: 0.0125  memory: 4421  grad_norm: 121.3352  loss: 77.7813  decode.loss_cls: 2.6407  decode.loss_mask: 1.9578  decode.loss_dice: 3.2622  decode.d0.loss_cls: 4.5089  decode.d0.loss_mask: 1.8859  decode.d0.loss_dice: 3.3597  decode.d1.loss_cls: 2.2854  decode.d1.loss_mask: 1.8553  decode.d1.loss_dice: 3.2217  decode.d2.loss_cls: 2.2427  decode.d2.loss_mask: 1.8757  decode.d2.loss_dice: 3.2041  decode.d3.loss_cls: 2.2781  decode.d3.loss_mask: 1.8659  decode.d3.loss_dice: 3.1904  decode.d4.loss_cls: 2.3336  decode.d4.loss_mask: 1.8678  decode.d4.loss_dice: 3.2201  decode.d5.loss_cls: 2.3473  decode.d5.loss_mask: 1.9210  decode.d5.loss_dice: 3.3190  decode.d6.loss_cls: 2.4325  decode.d6.loss_mask: 1.9252  decode.d6.loss_dice: 3.2587  decode.d7.loss_cls: 2.6227  decode.d7.loss_mask: 1.9069  decode.d7.loss_dice: 3.1960  decode.d8.loss_cls: 2.6454  decode.d8.loss_mask: 1.9233  decode.d8.loss_dice: 3.2274
2026/06/09 15:13:05 - mmengine - INFO - Iter(train) [  900/40000]  base_lr: 9.7975e-05 lr: 9.7975e-05  eta: 9:58:57  time: 0.8897  data_time: 0.0121  memory: 4403  grad_norm: 164.6510  loss: 79.1119  decode.loss_cls: 2.6475  decode.loss_mask: 1.8845  decode.loss_dice: 3.2955  decode.d0.loss_cls: 4.5053  decode.d0.loss_mask: 1.9035  decode.d0.loss_dice: 3.3537  decode.d1.loss_cls: 2.4157  decode.d1.loss_mask: 1.9234  decode.d1.loss_dice: 3.2892  decode.d2.loss_cls: 2.4635  decode.d2.loss_mask: 1.9098  decode.d2.loss_dice: 3.2173  decode.d3.loss_cls: 2.3997  decode.d3.loss_mask: 1.9396  decode.d3.loss_dice: 3.1953  decode.d4.loss_cls: 2.4301  decode.d4.loss_mask: 1.9777  decode.d4.loss_dice: 3.2053  decode.d5.loss_cls: 2.5604  decode.d5.loss_mask: 1.9490  decode.d5.loss_dice: 3.2203  decode.d6.loss_cls: 2.5136  decode.d6.loss_mask: 1.9904  decode.d6.loss_dice: 3.2611  decode.d7.loss_cls: 2.6113  decode.d7.loss_mask: 1.9171  decode.d7.loss_dice: 3.2413  decode.d8.loss_cls: 2.7414  decode.d8.loss_mask: 1.9160  decode.d8.loss_dice: 3.2334
2026/06/09 15:13:50 - mmengine - INFO - Iter(train) [  950/40000]  base_lr: 9.7862e-05 lr: 9.7862e-05  eta: 9:57:09  time: 0.8897  data_time: 0.0122  memory: 4420  grad_norm: 157.0425  loss: 78.0825  decode.loss_cls: 2.5849  decode.loss_mask: 1.9082  decode.loss_dice: 3.3262  decode.d0.loss_cls: 4.4108  decode.d0.loss_mask: 1.8189  decode.d0.loss_dice: 3.3912  decode.d1.loss_cls: 2.2273  decode.d1.loss_mask: 1.8711  decode.d1.loss_dice: 3.3795  decode.d2.loss_cls: 2.3374  decode.d2.loss_mask: 1.8745  decode.d2.loss_dice: 3.2875  decode.d3.loss_cls: 2.3182  decode.d3.loss_mask: 1.8936  decode.d3.loss_dice: 3.2829  decode.d4.loss_cls: 2.3522  decode.d4.loss_mask: 1.8980  decode.d4.loss_dice: 3.2601  decode.d5.loss_cls: 2.3785  decode.d5.loss_mask: 1.8888  decode.d5.loss_dice: 3.2981  decode.d6.loss_cls: 2.3911  decode.d6.loss_mask: 1.8917  decode.d6.loss_dice: 3.2668  decode.d7.loss_cls: 2.6310  decode.d7.loss_mask: 1.9093  decode.d7.loss_dice: 3.2755  decode.d8.loss_cls: 2.5895  decode.d8.loss_mask: 1.8788  decode.d8.loss_dice: 3.2608
2026/06/09 15:14:34 - mmengine - INFO - Exp name: dinov3b_m2f_pastis_raster_20260609_145903
2026/06/09 15:14:34 - mmengine - INFO - Iter(train) [ 1000/40000]  base_lr: 9.7749e-05 lr: 9.7749e-05  eta: 9:55:22  time: 0.8855  data_time: 0.0114  memory: 4409  grad_norm: 157.9724  loss: 75.3112  decode.loss_cls: 2.4549  decode.loss_mask: 2.0247  decode.loss_dice: 3.0539  decode.d0.loss_cls: 4.1973  decode.d0.loss_mask: 1.9224  decode.d0.loss_dice: 3.1048  decode.d1.loss_cls: 2.1038  decode.d1.loss_mask: 2.0322  decode.d1.loss_dice: 3.0949  decode.d2.loss_cls: 2.1489  decode.d2.loss_mask: 2.0569  decode.d2.loss_dice: 3.0505  decode.d3.loss_cls: 2.0935  decode.d3.loss_mask: 2.0694  decode.d3.loss_dice: 3.0748  decode.d4.loss_cls: 2.1822  decode.d4.loss_mask: 2.0618  decode.d4.loss_dice: 3.0081  decode.d5.loss_cls: 2.2293  decode.d5.loss_mask: 2.0377  decode.d5.loss_dice: 3.1173  decode.d6.loss_cls: 2.2980  decode.d6.loss_mask: 2.0282  decode.d6.loss_dice: 3.0103  decode.d7.loss_cls: 2.4363  decode.d7.loss_mask: 1.9990  decode.d7.loss_dice: 3.0202  decode.d8.loss_cls: 2.4290  decode.d8.loss_mask: 2.0003  decode.d8.loss_dice: 2.9710
