2026/06/10 17:08:14 - mmengine - INFO - 
------------------------------------------------------------
System environment:
    sys.platform: linux
    Python: 3.12.13 | packaged by Anaconda, Inc. | (main, Mar 19 2026, 20:20:58) [GCC 14.3.0]
    CUDA available: True
    MUSA available: False
    numpy_random_seed: 1550637651
    GPU 0,1,2,3,4,5,6,7: NVIDIA A40
    CUDA_HOME: /home/users_model/miniconda3/envs/mmseg_dino
    NVCC: Cuda compilation tools, release 12.9, V12.9.86
    GCC: gcc (Ubuntu 9.4.0-1ubuntu1~20.04.2) 9.4.0
    PyTorch: 2.7.1
    PyTorch compiling details: PyTorch built with:
  - GCC 14.3
  - C++ Version: 201703
  - Intel(R) oneAPI Math Kernel Library Version 2024.2.2-Product Build 20240823 for Intel(R) 64 architecture applications
  - Intel(R) MKL-DNN v3.7.1 (Git Hash d21fc6dbb4db827872fc8cf05e70f6771bd4937b)
  - OpenMP 201511 (a.k.a. OpenMP 4.5)
  - LAPACK is enabled (usually provided by MKL)
  - NNPACK is enabled
  - CPU capability usage: AVX512
  - CUDA Runtime 12.9
  - NVCC architecture flags: -gencode;arch=compute_50,code=sm_50;-gencode;arch=compute_60,code=sm_60;-gencode;arch=compute_70,code=sm_70;-gencode;arch=compute_75,code=sm_75;-gencode;arch=compute_80,code=sm_80;-gencode;arch=compute_86,code=sm_86;-gencode;arch=compute_90,code=sm_90;-gencode;arch=compute_100,code=sm_100;-gencode;arch=compute_120,code=sm_120;-gencode;arch=compute_120,code=compute_120
  - CuDNN 91.0.2
    - Built with CuDNN 91.0.1
  - Magma 2.9.0
  - Build settings: BLAS_INFO=mkl, BUILD_TYPE=Release, COMMIT_SHA=Unknown, CUDA_VERSION=12.9, CUDNN_VERSION=9.10.1, CXX_COMPILER=/home/conda/feedstock_root/build_artifacts/libtorch_1753846581042/_build_env/bin/x86_64-conda-linux-gnu-c++, CXX_FLAGS=-fmessage-length=0 -march=nocona -mtune=haswell -ftree-vectorize -fPIC -fstack-protector-strong -fno-plt -O2 -ffunction-sections -pipe -isystem /home/conda/feedstock_root/build_artifacts/libtorch_1753846581042/_h_env_placehold_placehold_placehold_placehold_placehold_placehold_placehold_placehold_placehold_placehold_placehold_placehold_placehold_placehold_placehold_placehold_placehold_placehold_pl/include -fdebug-prefix-map=/home/conda/feedstock_root/build_artifacts/libtorch_1753846581042/work=/usr/local/src/conda/libtorch-2.7.1 -fdebug-prefix-map=/home/conda/feedstock_root/build_artifacts/libtorch_1753846581042/_h_env_placehold_placehold_placehold_placehold_placehold_placehold_placehold_placehold_placehold_placehold_placehold_placehold_placehold_placehold_placehold_placehold_placehold_placehold_pl=/usr/local/src/conda-prefix -I/home/conda/feedstock_root/build_artifacts/libtorch_1753846581042/_h_env_placehold_placehold_placehold_placehold_placehold_placehold_placehold_placehold_placehold_placehold_placehold_placehold_placehold_placehold_placehold_placehold_placehold_placehold_pl/targets/x86_64-linux/include -I/home/conda/feedstock_root/build_artifacts/libtorch_1753846581042/_build_env/targets/x86_64-linux/include -w -Wno-deprecated-declarations -Wno-error=maybe-uninitialized -D_GLIBCXX_USE_CXX11_ABI=1 -fvisibility-inlines-hidden -DUSE_PTHREADPOOL -DNDEBUG -DUSE_KINETO -DLIBKINETO_NOROCTRACER -DLIBKINETO_NOXPUPTI=ON -DUSE_FBGEMM -DUSE_PYTORCH_QNNPACK -DUSE_XNNPACK -DSYMBOLICATE_MOBILE_DEBUG_HANDLE -O2 -fPIC -Wall -Wextra -Werror=return-type -Werror=non-virtual-dtor -Werror=range-loop-construct -Werror=bool-operation -Wnarrowing -Wno-missing-field-initializers -Wno-unknown-pragmas -Wno-unused-parameter -Wno-strict-overflow -Wno-strict-aliasing -Wno-stringop-overflow -Wsuggest-override -Wno-psabi -Wno-error=old-style-cast -fdiagnostics-color=always -faligned-new -Wno-maybe-uninitialized -fno-math-errno -fno-trapping-math -Werror=format -Wno-dangling-reference -Wno-error=dangling-reference -Wno-error=redundant-move -Wno-stringop-overflow, LAPACK_INFO=mkl, PERF_WITH_AVX=1, PERF_WITH_AVX2=1, TORCH_VERSION=2.7.1, USE_CUDA=1, USE_CUDNN=ON, USE_CUSPARSELT=OFF, USE_GFLAGS=OFF, USE_GLOG=OFF, USE_GLOO=ON, USE_MKL=ON, USE_MKLDNN=1, USE_MPI=OFF, USE_NCCL=ON, USE_NNPACK=ON, USE_OPENMP=ON, USE_ROCM=OFF, USE_ROCM_KERNEL_ASSERT=OFF, 

    TorchVision: 0.22.1
    OpenCV: 4.13.0
    MMEngine: 0.10.7

Runtime environment:
    cudnn_benchmark: True
    mp_cfg: {'mp_start_method': 'fork', 'opencv_num_threads': 0}
    dist_cfg: {'backend': 'nccl'}
    seed: 1550637651
    Distributed launcher: none
    Distributed training: False
    GPU number: 1
------------------------------------------------------------

2026/06/10 17:08:14 - mmengine - INFO - Config:
DINO_CKPT = '/mnt/ht2_nas2/00-model/00-fb/mmseg_data/weights/dinov3_vits16_pretrain_lvd1689m-08c60483.pth'
PASTIS_ROOT = '/mnt/ht2_nas2/00-model/00-fb/mmseg_data/PASTIS-R'
custom_imports = dict(
    allow_failed_imports=False,
    imports=[
        'custom_models.dinov3_backbone',
        'custom_datasets.pastis',
    ])
data_preprocessor = dict(
    bgr_to_rgb=False,
    mean=[
        1436.7,
        1387.7,
        1180.2,
    ],
    pad_val=0,
    seg_pad_val=255,
    size=(
        512,
        512,
    ),
    std=[
        1996.2,
        1916.8,
        1976.7,
    ],
    test_cfg=dict(size_divisor=32),
    type='SegDataPreProcessor')
default_hooks = dict(
    checkpoint=dict(
        by_epoch=False, interval=2000, save_best='mIoU',
        type='CheckpointHook'),
    logger=dict(interval=100, log_metric_by_epoch=False, type='LoggerHook'))
default_scope = 'mmseg'
env_cfg = dict(
    cudnn_benchmark=True,
    dist_cfg=dict(backend='nccl'),
    mp_cfg=dict(mp_start_method='fork', opencv_num_threads=0))
img_size = 512
launcher = 'none'
load_from = None
log_level = 'INFO'
log_processor = dict(by_epoch=False)
model = dict(
    auxiliary_head=dict(
        align_corners=False,
        channels=256,
        concat_input=False,
        dropout_ratio=0.1,
        in_channels=384,
        in_index=2,
        loss_decode=dict(
            loss_weight=0.4, type='CrossEntropyLoss', use_sigmoid=False),
        norm_cfg=dict(requires_grad=True, type='SyncBN'),
        num_classes=18,
        num_convs=1,
        type='FCNHead'),
    backbone=dict(
        arch='vit_small',
        checkpoint=
        '/mnt/ht2_nas2/00-model/00-fb/mmseg_data/weights/dinov3_vits16_pretrain_lvd1689m-08c60483.pth',
        freeze_backbone=False,
        patch_size=16,
        type='DINOv3BackboneMmseg'),
    data_preprocessor=dict(
        bgr_to_rgb=False,
        mean=[
            1436.7,
            1387.7,
            1180.2,
        ],
        pad_val=0,
        seg_pad_val=255,
        size=(
            512,
            512,
        ),
        std=[
            1996.2,
            1916.8,
            1976.7,
        ],
        test_cfg=dict(size_divisor=32),
        type='SegDataPreProcessor'),
    decode_head=dict(
        align_corners=False,
        channels=512,
        concat_input=True,
        dropout_ratio=0.1,
        in_channels=384,
        in_index=3,
        loss_decode=dict(
            loss_weight=1.0, type='CrossEntropyLoss', use_sigmoid=False),
        norm_cfg=dict(requires_grad=True, type='SyncBN'),
        num_classes=18,
        num_convs=2,
        type='FCNHead'),
    pretrained=None,
    test_cfg=dict(mode='whole'),
    train_cfg=dict(),
    type='EncoderDecoder')
norm_cfg = dict(requires_grad=True, type='SyncBN')
num_classes = 18
optim_wrapper = dict(
    clip_grad=dict(max_norm=0.01, norm_type=2),
    optimizer=dict(
        betas=(
            0.9,
            0.999,
        ),
        eps=1e-08,
        lr=0.0001,
        type='AdamW',
        weight_decay=0.05),
    paramwise_cfg=dict(
        custom_keys=dict(backbone=dict(decay_mult=1.0, lr_mult=0.1)),
        norm_decay_mult=0.0),
    type='OptimWrapper')
param_scheduler = [
    dict(
        begin=0,
        by_epoch=False,
        end=40000,
        eta_min=0,
        power=0.9,
        type='PolyLR'),
]
resume = False
test_cfg = dict(type='TestLoop')
test_dataloader = dict(
    batch_size=2,
    dataset=dict(
        data_root='/mnt/ht2_nas2/00-model/00-fb/mmseg_data/PASTIS-R',
        pipeline=[
            dict(img_size=512, type='LoadPASTISRaster'),
            dict(type='PackSegInputs'),
        ],
        split='val',
        type='PASTISRasterDataset'),
    num_workers=2,
    persistent_workers=True,
    sampler=dict(shuffle=False, type='DefaultSampler'))
test_evaluator = dict(
    iou_metrics=[
        'mIoU',
    ], type='IoUMetric')
train_cfg = dict(max_iters=40000, type='IterBasedTrainLoop', val_interval=2000)
train_dataloader = dict(
    batch_size=4,
    dataset=dict(
        data_root='/mnt/ht2_nas2/00-model/00-fb/mmseg_data/PASTIS-R',
        pipeline=[
            dict(img_size=512, type='LoadPASTISRaster'),
            dict(prob=0.5, type='RandomFlip'),
            dict(type='PackSegInputs'),
        ],
        split='train',
        type='PASTISRasterDataset'),
    num_workers=4,
    persistent_workers=True,
    sampler=dict(shuffle=True, type='InfiniteSampler'))
train_pipeline = [
    dict(img_size=512, type='LoadPASTISRaster'),
    dict(prob=0.5, type='RandomFlip'),
    dict(type='PackSegInputs'),
]
tta_model = dict(type='SegTTAModel')
val_cfg = dict(type='ValLoop')
val_dataloader = dict(
    batch_size=2,
    dataset=dict(
        data_root='/mnt/ht2_nas2/00-model/00-fb/mmseg_data/PASTIS-R',
        pipeline=[
            dict(img_size=512, type='LoadPASTISRaster'),
            dict(type='PackSegInputs'),
        ],
        split='val',
        type='PASTISRasterDataset'),
    num_workers=2,
    persistent_workers=True,
    sampler=dict(shuffle=False, type='DefaultSampler'))
val_evaluator = dict(
    iou_metrics=[
        'mIoU',
    ], type='IoUMetric')
val_pipeline = [
    dict(img_size=512, type='LoadPASTISRaster'),
    dict(type='PackSegInputs'),
]
vis_backends = [
    dict(type='LocalVisBackend'),
]
visualizer = dict(
    name='visualizer',
    type='SegLocalVisualizer',
    vis_backends=[
        dict(type='LocalVisBackend'),
    ])
work_dir = './work_dirs/'

2026/06/10 17:08:19 - mmengine - INFO - Distributed training is not used, all SyncBatchNorm (SyncBN) layers in the model will be automatically reverted to BatchNormXd layers if they are used.
2026/06/10 17:08:19 - mmengine - INFO - Hooks will be executed in the following order:
before_run:
(VERY_HIGH   ) RuntimeInfoHook                    
(BELOW_NORMAL) LoggerHook                         
 -------------------- 
before_train:
(VERY_HIGH   ) RuntimeInfoHook                    
(NORMAL      ) IterTimerHook                      
(VERY_LOW    ) CheckpointHook                     
 -------------------- 
before_train_epoch:
(VERY_HIGH   ) RuntimeInfoHook                    
(NORMAL      ) IterTimerHook                      
(NORMAL      ) DistSamplerSeedHook                
 -------------------- 
before_train_iter:
(VERY_HIGH   ) RuntimeInfoHook                    
(NORMAL      ) IterTimerHook                      
 -------------------- 
after_train_iter:
(VERY_HIGH   ) RuntimeInfoHook                    
(NORMAL      ) IterTimerHook                      
(BELOW_NORMAL) LoggerHook                         
(LOW         ) ParamSchedulerHook                 
(VERY_LOW    ) CheckpointHook                     
 -------------------- 
after_train_epoch:
(NORMAL      ) IterTimerHook                      
(LOW         ) ParamSchedulerHook                 
(VERY_LOW    ) CheckpointHook                     
 -------------------- 
before_val:
(VERY_HIGH   ) RuntimeInfoHook                    
 -------------------- 
before_val_epoch:
(NORMAL      ) IterTimerHook                      
 -------------------- 
before_val_iter:
(NORMAL      ) IterTimerHook                      
 -------------------- 
after_val_iter:
(NORMAL      ) IterTimerHook                      
(BELOW_NORMAL) LoggerHook                         
 -------------------- 
after_val_epoch:
(VERY_HIGH   ) RuntimeInfoHook                    
(NORMAL      ) IterTimerHook                      
(BELOW_NORMAL) LoggerHook                         
(LOW         ) ParamSchedulerHook                 
(VERY_LOW    ) CheckpointHook                     
 -------------------- 
after_val:
(VERY_HIGH   ) RuntimeInfoHook                    
 -------------------- 
after_train:
(VERY_HIGH   ) RuntimeInfoHook                    
(VERY_LOW    ) CheckpointHook                     
 -------------------- 
before_test:
(VERY_HIGH   ) RuntimeInfoHook                    
 -------------------- 
before_test_epoch:
(NORMAL      ) IterTimerHook                      
 -------------------- 
before_test_iter:
(NORMAL      ) IterTimerHook                      
 -------------------- 
after_test_iter:
(NORMAL      ) IterTimerHook                      
(BELOW_NORMAL) LoggerHook                         
 -------------------- 
after_test_epoch:
(VERY_HIGH   ) RuntimeInfoHook                    
(NORMAL      ) IterTimerHook                      
(BELOW_NORMAL) LoggerHook                         
 -------------------- 
after_test:
(VERY_HIGH   ) RuntimeInfoHook                    
 -------------------- 
after_run:
(BELOW_NORMAL) LoggerHook                         
 -------------------- 
2026/06/10 17:08:20 - mmengine - INFO - paramwise_options -- backbone.adapter.level_embed:lr=1e-05
2026/06/10 17:08:20 - mmengine - INFO - paramwise_options -- backbone.adapter.level_embed:weight_decay=0.05
2026/06/10 17:08:20 - mmengine - INFO - paramwise_options -- backbone.adapter.level_embed:lr_mult=0.1
2026/06/10 17:08:20 - mmengine - INFO - paramwise_options -- backbone.adapter.level_embed:decay_mult=1.0
2026/06/10 17:08:20 - mmengine - INFO - paramwise_options -- backbone.adapter.backbone.cls_token:lr=1e-05
2026/06/10 17:08:20 - mmengine - INFO - paramwise_options -- backbone.adapter.backbone.cls_token:weight_decay=0.05
2026/06/10 17:08:20 - mmengine - INFO - paramwise_options -- backbone.adapter.backbone.cls_token:lr_mult=0.1
2026/06/10 17:08:20 - mmengine - INFO - paramwise_options -- backbone.adapter.backbone.cls_token:decay_mult=1.0
2026/06/10 17:08:20 - mmengine - INFO - paramwise_options -- backbone.adapter.backbone.mask_token:lr=1e-05
2026/06/10 17:08:20 - mmengine - INFO - paramwise_options -- backbone.adapter.backbone.mask_token:weight_decay=0.05
2026/06/10 17:08:20 - mmengine - INFO - paramwise_options -- backbone.adapter.backbone.mask_token:lr_mult=0.1
2026/06/10 17:08:20 - mmengine - INFO - paramwise_options -- backbone.adapter.backbone.mask_token:decay_mult=1.0
2026/06/10 17:08:20 - mmengine - INFO - paramwise_options -- backbone.adapter.backbone.patch_embed.proj.weight:lr=1e-05
2026/06/10 17:08:20 - mmengine - INFO - paramwise_options -- backbone.adapter.backbone.patch_embed.proj.weight:weight_decay=0.05
2026/06/10 17:08:20 - mmengine - INFO - paramwise_options -- backbone.adapter.backbone.patch_embed.proj.weight:lr_mult=0.1
2026/06/10 17:08:20 - mmengine - INFO - paramwise_options -- backbone.adapter.backbone.patch_embed.proj.weight:decay_mult=1.0
2026/06/10 17:08:20 - mmengine - INFO - paramwise_options -- backbone.adapter.backbone.patch_embed.proj.bias:lr=1e-05
2026/06/10 17:08:20 - mmengine - INFO - paramwise_options -- backbone.adapter.backbone.patch_embed.proj.bias:weight_decay=0.05
2026/06/10 17:08:20 - mmengine - INFO - paramwise_options -- backbone.adapter.backbone.patch_embed.proj.bias:lr_mult=0.1
2026/06/10 17:08:20 - mmengine - INFO - paramwise_options -- backbone.adapter.backbone.patch_embed.proj.bias:decay_mult=1.0
2026/06/10 17:08:20 - mmengine - INFO - paramwise_options -- backbone.adapter.backbone.blocks.0.norm1.weight:lr=1e-05
2026/06/10 17:08:20 - mmengine - INFO - paramwise_options -- backbone.adapter.backbone.blocks.0.norm1.weight:weight_decay=0.05
2026/06/10 17:08:20 - mmengine - INFO - paramwise_options -- backbone.adapter.backbone.blocks.0.norm1.weight:lr_mult=0.1
2026/06/10 17:08:20 - mmengine - INFO - paramwise_options -- backbone.adapter.backbone.blocks.0.norm1.weight:decay_mult=1.0
2026/06/10 17:08:20 - mmengine - INFO - paramwise_options -- backbone.adapter.backbone.blocks.0.norm1.bias:lr=1e-05
2026/06/10 17:08:20 - mmengine - INFO - paramwise_options -- backbone.adapter.backbone.blocks.0.norm1.bias:weight_decay=0.05
2026/06/10 17:08:20 - mmengine - INFO - paramwise_options -- backbone.adapter.backbone.blocks.0.norm1.bias:lr_mult=0.1
2026/06/10 17:08:20 - mmengine - INFO - paramwise_options -- backbone.adapter.backbone.blocks.0.norm1.bias:decay_mult=1.0
2026/06/10 17:08:20 - mmengine - INFO - paramwise_options -- backbone.adapter.backbone.blocks.0.attn.qkv.weight:lr=1e-05
2026/06/10 17:08:20 - mmengine - INFO - paramwise_options -- backbone.adapter.backbone.blocks.0.attn.qkv.weight:weight_decay=0.05
2026/06/10 17:08:20 - mmengine - INFO - paramwise_options -- backbone.adapter.backbone.blocks.0.attn.qkv.weight:lr_mult=0.1
2026/06/10 17:08:20 - mmengine - INFO - paramwise_options -- backbone.adapter.backbone.blocks.0.attn.qkv.weight:decay_mult=1.0
2026/06/10 17:08:20 - mmengine - INFO - paramwise_options -- backbone.adapter.backbone.blocks.0.attn.qkv.bias:lr=1e-05
2026/06/10 17:08:20 - mmengine - INFO - paramwise_options -- backbone.adapter.backbone.blocks.0.attn.qkv.bias:weight_decay=0.05
2026/06/10 17:08:20 - mmengine - INFO - paramwise_options -- backbone.adapter.backbone.blocks.0.attn.qkv.bias:lr_mult=0.1
2026/06/10 17:08:20 - mmengine - INFO - paramwise_options -- backbone.adapter.backbone.blocks.0.attn.qkv.bias:decay_mult=1.0
2026/06/10 17:08:20 - mmengine - INFO - paramwise_options -- backbone.adapter.backbone.blocks.0.attn.proj.weight:lr=1e-05
2026/06/10 17:08:20 - mmengine - INFO - paramwise_options -- backbone.adapter.backbone.blocks.0.attn.proj.weight:weight_decay=0.05
2026/06/10 17:08:20 - mmengine - INFO - paramwise_options -- backbone.adapter.backbone.blocks.0.attn.proj.weight:lr_mult=0.1
2026/06/10 17:08:20 - mmengine - INFO - paramwise_options -- backbone.adapter.backbone.blocks.0.attn.proj.weight:decay_mult=1.0
2026/06/10 17:08:20 - mmengine - INFO - paramwise_options -- backbone.adapter.backbone.blocks.0.attn.proj.bias:lr=1e-05
2026/06/10 17:08:20 - mmengine - INFO - paramwise_options -- backbone.adapter.backbone.blocks.0.attn.proj.bias:weight_decay=0.05
2026/06/10 17:08:20 - mmengine - INFO - paramwise_options -- backbone.adapter.backbone.blocks.0.attn.proj.bias:lr_mult=0.1
2026/06/10 17:08:20 - mmengine - INFO - paramwise_options -- backbone.adapter.backbone.blocks.0.attn.proj.bias:decay_mult=1.0
2026/06/10 17:08:20 - mmengine - INFO - paramwise_options -- backbone.adapter.backbone.blocks.0.ls1.gamma:lr=1e-05
2026/06/10 17:08:20 - mmengine - INFO - paramwise_options -- backbone.adapter.backbone.blocks.0.ls1.gamma:weight_decay=0.05
2026/06/10 17:08:20 - mmengine - INFO - paramwise_options -- backbone.adapter.backbone.blocks.0.ls1.gamma:lr_mult=0.1
2026/06/10 17:08:20 - mmengine - INFO - paramwise_options -- backbone.adapter.backbone.blocks.0.ls1.gamma:decay_mult=1.0
2026/06/10 17:08:20 - mmengine - INFO - paramwise_options -- backbone.adapter.backbone.blocks.0.norm2.weight:lr=1e-05
2026/06/10 17:08:20 - mmengine - INFO - paramwise_options -- backbone.adapter.backbone.blocks.0.norm2.weight:weight_decay=0.05
2026/06/10 17:08:20 - mmengine - INFO - paramwise_options -- backbone.adapter.backbone.blocks.0.norm2.weight:lr_mult=0.1
2026/06/10 17:08:20 - mmengine - INFO - paramwise_options -- backbone.adapter.backbone.blocks.0.norm2.weight:decay_mult=1.0
2026/06/10 17:08:20 - mmengine - INFO - paramwise_options -- backbone.adapter.backbone.blocks.0.norm2.bias:lr=1e-05
2026/06/10 17:08:20 - mmengine - INFO - paramwise_options -- backbone.adapter.backbone.blocks.0.norm2.bias:weight_decay=0.05
2026/06/10 17:08:20 - mmengine - INFO - paramwise_options -- backbone.adapter.backbone.blocks.0.norm2.bias:lr_mult=0.1
2026/06/10 17:08:20 - mmengine - INFO - paramwise_options -- backbone.adapter.backbone.blocks.0.norm2.bias:decay_mult=1.0
2026/06/10 17:08:20 - mmengine - INFO - paramwise_options -- backbone.adapter.backbone.blocks.0.mlp.fc1.weight:lr=1e-05
2026/06/10 17:08:20 - mmengine - INFO - paramwise_options -- backbone.adapter.backbone.blocks.0.mlp.fc1.weight:weight_decay=0.05
2026/06/10 17:08:20 - mmengine - INFO - paramwise_options -- backbone.adapter.backbone.blocks.0.mlp.fc1.weight:lr_mult=0.1
2026/06/10 17:08:20 - mmengine - INFO - paramwise_options -- backbone.adapter.backbone.blocks.0.mlp.fc1.weight:decay_mult=1.0
2026/06/10 17:08:20 - mmengine - INFO - paramwise_options -- backbone.adapter.backbone.blocks.0.mlp.fc1.bias:lr=1e-05
2026/06/10 17:08:20 - mmengine - INFO - paramwise_options -- backbone.adapter.backbone.blocks.0.mlp.fc1.bias:weight_decay=0.05
2026/06/10 17:08:20 - mmengine - INFO - paramwise_options -- backbone.adapter.backbone.blocks.0.mlp.fc1.bias:lr_mult=0.1
2026/06/10 17:08:20 - mmengine - INFO - paramwise_options -- backbone.adapter.backbone.blocks.0.mlp.fc1.bias:decay_mult=1.0
2026/06/10 17:08:20 - mmengine - INFO - paramwise_options -- backbone.adapter.backbone.blocks.0.mlp.fc2.weight:lr=1e-05
2026/06/10 17:08:20 - mmengine - INFO - paramwise_options -- backbone.adapter.backbone.blocks.0.mlp.fc2.weight:weight_decay=0.05
2026/06/10 17:08:20 - mmengine - INFO - paramwise_options -- backbone.adapter.backbone.blocks.0.mlp.fc2.weight:lr_mult=0.1
2026/06/10 17:08:20 - mmengine - INFO - paramwise_options -- backbone.adapter.backbone.blocks.0.mlp.fc2.weight:decay_mult=1.0
2026/06/10 17:08:20 - mmengine - INFO - paramwise_options -- backbone.adapter.backbone.blocks.0.mlp.fc2.bias:lr=1e-05
2026/06/10 17:08:20 - mmengine - INFO - paramwise_options -- backbone.adapter.backbone.blocks.0.mlp.fc2.bias:weight_decay=0.05
2026/06/10 17:08:20 - mmengine - INFO - paramwise_options -- backbone.adapter.backbone.blocks.0.mlp.fc2.bias:lr_mult=0.1
2026/06/10 17:08:20 - mmengine - INFO - paramwise_options -- backbone.adapter.backbone.blocks.0.mlp.fc2.bias:decay_mult=1.0
2026/06/10 17:08:20 - mmengine - INFO - paramwise_options -- backbone.adapter.backbone.blocks.0.ls2.gamma:lr=1e-05
2026/06/10 17:08:20 - mmengine - INFO - paramwise_options -- backbone.adapter.backbone.blocks.0.ls2.gamma:weight_decay=0.05
2026/06/10 17:08:20 - mmengine - INFO - paramwise_options -- backbone.adapter.backbone.blocks.0.ls2.gamma:lr_mult=0.1
2026/06/10 17:08:21 - mmengine - INFO - paramwise_options -- backbone.adapter.backbone.blocks.0.ls2.gamma:decay_mult=1.0
2026/06/10 17:08:21 - mmengine - INFO - paramwise_options -- backbone.adapter.backbone.blocks.1.norm1.weight:lr=1e-05
2026/06/10 17:08:21 - mmengine - INFO - paramwise_options -- backbone.adapter.backbone.blocks.1.norm1.weight:weight_decay=0.05
2026/06/10 17:08:21 - mmengine - INFO - paramwise_options -- backbone.adapter.backbone.blocks.1.norm1.weight:lr_mult=0.1
2026/06/10 17:08:21 - mmengine - INFO - paramwise_options -- backbone.adapter.backbone.blocks.1.norm1.weight:decay_mult=1.0
2026/06/10 17:08:21 - mmengine - INFO - paramwise_options -- backbone.adapter.backbone.blocks.1.norm1.bias:lr=1e-05
2026/06/10 17:08:21 - mmengine - INFO - paramwise_options -- backbone.adapter.backbone.blocks.1.norm1.bias:weight_decay=0.05
2026/06/10 17:08:21 - mmengine - INFO - paramwise_options -- backbone.adapter.backbone.blocks.1.norm1.bias:lr_mult=0.1
2026/06/10 17:08:21 - mmengine - INFO - paramwise_options -- backbone.adapter.backbone.blocks.1.norm1.bias:decay_mult=1.0
2026/06/10 17:08:21 - mmengine - INFO - paramwise_options -- backbone.adapter.backbone.blocks.1.attn.qkv.weight:lr=1e-05
2026/06/10 17:08:21 - mmengine - INFO - paramwise_options -- backbone.adapter.backbone.blocks.1.attn.qkv.weight:weight_decay=0.05
2026/06/10 17:08:21 - mmengine - INFO - paramwise_options -- backbone.adapter.backbone.blocks.1.attn.qkv.weight:lr_mult=0.1
2026/06/10 17:08:21 - mmengine - INFO - paramwise_options -- backbone.adapter.backbone.blocks.1.attn.qkv.weight:decay_mult=1.0
2026/06/10 17:08:21 - mmengine - INFO - paramwise_options -- backbone.adapter.backbone.blocks.1.attn.qkv.bias:lr=1e-05
2026/06/10 17:08:21 - mmengine - INFO - paramwise_options -- backbone.adapter.backbone.blocks.1.attn.qkv.bias:weight_decay=0.05
2026/06/10 17:08:21 - mmengine - INFO - paramwise_options -- backbone.adapter.backbone.blocks.1.attn.qkv.bias:lr_mult=0.1
2026/06/10 17:08:21 - mmengine - INFO - paramwise_options -- backbone.adapter.backbone.blocks.1.attn.qkv.bias:decay_mult=1.0
2026/06/10 17:08:21 - mmengine - INFO - paramwise_options -- backbone.adapter.backbone.blocks.1.attn.proj.weight:lr=1e-05
2026/06/10 17:08:21 - mmengine - INFO - paramwise_options -- backbone.adapter.backbone.blocks.1.attn.proj.weight:weight_decay=0.05
2026/06/10 17:08:21 - mmengine - INFO - paramwise_options -- backbone.adapter.backbone.blocks.1.attn.proj.weight:lr_mult=0.1
2026/06/10 17:08:21 - mmengine - INFO - paramwise_options -- backbone.adapter.backbone.blocks.1.attn.proj.weight:decay_mult=1.0
2026/06/10 17:08:21 - mmengine - INFO - paramwise_options -- backbone.adapter.backbone.blocks.1.attn.proj.bias:lr=1e-05
2026/06/10 17:08:21 - mmengine - INFO - paramwise_options -- backbone.adapter.backbone.blocks.1.attn.proj.bias:weight_decay=0.05
2026/06/10 17:08:21 - mmengine - INFO - paramwise_options -- backbone.adapter.backbone.blocks.1.attn.proj.bias:lr_mult=0.1
2026/06/10 17:08:21 - mmengine - INFO - paramwise_options -- backbone.adapter.backbone.blocks.1.attn.proj.bias:decay_mult=1.0
2026/06/10 17:08:21 - mmengine - INFO - paramwise_options -- backbone.adapter.backbone.blocks.1.ls1.gamma:lr=1e-05
2026/06/10 17:08:21 - mmengine - INFO - paramwise_options -- backbone.adapter.backbone.blocks.1.ls1.gamma:weight_decay=0.05
2026/06/10 17:08:21 - mmengine - INFO - paramwise_options -- backbone.adapter.backbone.blocks.1.ls1.gamma:lr_mult=0.1
2026/06/10 17:08:21 - mmengine - INFO - paramwise_options -- backbone.adapter.backbone.blocks.1.ls1.gamma:decay_mult=1.0
2026/06/10 17:08:21 - mmengine - INFO - paramwise_options -- backbone.adapter.backbone.blocks.1.norm2.weight:lr=1e-05
2026/06/10 17:08:21 - mmengine - INFO - paramwise_options -- backbone.adapter.backbone.blocks.1.norm2.weight:weight_decay=0.05
2026/06/10 17:08:21 - mmengine - INFO - paramwise_options -- backbone.adapter.backbone.blocks.1.norm2.weight:lr_mult=0.1
2026/06/10 17:08:21 - mmengine - INFO - paramwise_options -- backbone.adapter.backbone.blocks.1.norm2.weight:decay_mult=1.0
2026/06/10 17:08:21 - mmengine - INFO - paramwise_options -- backbone.adapter.backbone.blocks.1.norm2.bias:lr=1e-05
2026/06/10 17:08:21 - mmengine - INFO - paramwise_options -- backbone.adapter.backbone.blocks.1.norm2.bias:weight_decay=0.05
2026/06/10 17:08:21 - mmengine - INFO - paramwise_options -- backbone.adapter.backbone.blocks.1.norm2.bias:lr_mult=0.1
2026/06/10 17:08:21 - mmengine - INFO - paramwise_options -- backbone.adapter.backbone.blocks.1.norm2.bias:decay_mult=1.0
2026/06/10 17:08:21 - mmengine - INFO - paramwise_options -- backbone.adapter.backbone.blocks.1.mlp.fc1.weight:lr=1e-05
2026/06/10 17:08:21 - mmengine - INFO - paramwise_options -- backbone.adapter.backbone.blocks.1.mlp.fc1.weight:weight_decay=0.05
2026/06/10 17:08:21 - mmengine - INFO - paramwise_options -- backbone.adapter.backbone.blocks.1.mlp.fc1.weight:lr_mult=0.1
2026/06/10 17:08:21 - mmengine - INFO - paramwise_options -- backbone.adapter.backbone.blocks.1.mlp.fc1.weight:decay_mult=1.0
2026/06/10 17:08:21 - mmengine - INFO - paramwise_options -- backbone.adapter.backbone.blocks.1.mlp.fc1.bias:lr=1e-05
2026/06/10 17:08:21 - mmengine - INFO - paramwise_options -- backbone.adapter.backbone.blocks.1.mlp.fc1.bias:weight_decay=0.05
2026/06/10 17:08:21 - mmengine - INFO - paramwise_options -- backbone.adapter.backbone.blocks.1.mlp.fc1.bias:lr_mult=0.1
2026/06/10 17:08:21 - mmengine - INFO - paramwise_options -- backbone.adapter.backbone.blocks.1.mlp.fc1.bias:decay_mult=1.0
2026/06/10 17:08:21 - mmengine - INFO - paramwise_options -- backbone.adapter.backbone.blocks.1.mlp.fc2.weight:lr=1e-05
2026/06/10 17:08:21 - mmengine - INFO - paramwise_options -- backbone.adapter.backbone.blocks.1.mlp.fc2.weight:weight_decay=0.05
2026/06/10 17:08:21 - mmengine - INFO - paramwise_options -- backbone.adapter.backbone.blocks.1.mlp.fc2.weight:lr_mult=0.1
2026/06/10 17:08:21 - mmengine - INFO - paramwise_options -- backbone.adapter.backbone.blocks.1.mlp.fc2.weight:decay_mult=1.0
2026/06/10 17:08:21 - mmengine - INFO - paramwise_options -- backbone.adapter.backbone.blocks.1.mlp.fc2.bias:lr=1e-05
2026/06/10 17:08:21 - mmengine - INFO - paramwise_options -- backbone.adapter.backbone.blocks.1.mlp.fc2.bias:weight_decay=0.05
2026/06/10 17:08:21 - mmengine - INFO - paramwise_options -- backbone.adapter.backbone.blocks.1.mlp.fc2.bias:lr_mult=0.1
2026/06/10 17:08:21 - mmengine - INFO - paramwise_options -- backbone.adapter.backbone.blocks.1.mlp.fc2.bias:decay_mult=1.0
2026/06/10 17:08:21 - mmengine - INFO - paramwise_options -- backbone.adapter.backbone.blocks.1.ls2.gamma:lr=1e-05
2026/06/10 17:08:21 - mmengine - INFO - paramwise_options -- backbone.adapter.backbone.blocks.1.ls2.gamma:weight_decay=0.05
2026/06/10 17:08:21 - mmengine - INFO - paramwise_options -- backbone.adapter.backbone.blocks.1.ls2.gamma:lr_mult=0.1
2026/06/10 17:08:21 - mmengine - INFO - paramwise_options -- backbone.adapter.backbone.blocks.1.ls2.gamma:decay_mult=1.0
2026/06/10 17:08:21 - mmengine - INFO - paramwise_options -- backbone.adapter.backbone.blocks.2.norm1.weight:lr=1e-05
2026/06/10 17:08:21 - mmengine - INFO - paramwise_options -- backbone.adapter.backbone.blocks.2.norm1.weight:weight_decay=0.05
2026/06/10 17:08:21 - mmengine - INFO - paramwise_options -- backbone.adapter.backbone.blocks.2.norm1.weight:lr_mult=0.1
2026/06/10 17:08:21 - mmengine - INFO - paramwise_options -- backbone.adapter.backbone.blocks.2.norm1.weight:decay_mult=1.0
2026/06/10 17:08:21 - mmengine - INFO - paramwise_options -- backbone.adapter.backbone.blocks.2.norm1.bias:lr=1e-05
2026/06/10 17:08:21 - mmengine - INFO - paramwise_options -- backbone.adapter.backbone.blocks.2.norm1.bias:weight_decay=0.05
2026/06/10 17:08:21 - mmengine - INFO - paramwise_options -- backbone.adapter.backbone.blocks.2.norm1.bias:lr_mult=0.1
2026/06/10 17:08:21 - mmengine - INFO - paramwise_options -- backbone.adapter.backbone.blocks.2.norm1.bias:decay_mult=1.0
2026/06/10 17:08:21 - mmengine - INFO - paramwise_options -- backbone.adapter.backbone.blocks.2.attn.qkv.weight:lr=1e-05
2026/06/10 17:08:21 - mmengine - INFO - paramwise_options -- backbone.adapter.backbone.blocks.2.attn.qkv.weight:weight_decay=0.05
2026/06/10 17:08:21 - mmengine - INFO - paramwise_options -- backbone.adapter.backbone.blocks.2.attn.qkv.weight:lr_mult=0.1
2026/06/10 17:08:21 - mmengine - INFO - paramwise_options -- backbone.adapter.backbone.blocks.2.attn.qkv.weight:decay_mult=1.0
2026/06/10 17:08:21 - mmengine - INFO - paramwise_options -- backbone.adapter.backbone.blocks.2.attn.qkv.bias:lr=1e-05
2026/06/10 17:08:21 - mmengine - INFO - paramwise_options -- backbone.adapter.backbone.blocks.2.attn.qkv.bias:weight_decay=0.05
2026/06/10 17:08:21 - mmengine - INFO - paramwise_options -- backbone.adapter.backbone.blocks.2.attn.qkv.bias:lr_mult=0.1
2026/06/10 17:08:21 - mmengine - INFO - paramwise_options -- backbone.adapter.backbone.blocks.2.attn.qkv.bias:decay_mult=1.0
2026/06/10 17:08:21 - mmengine - INFO - paramwise_options -- backbone.adapter.backbone.blocks.2.attn.proj.weight:lr=1e-05
2026/06/10 17:08:21 - mmengine - INFO - paramwise_options -- backbone.adapter.backbone.blocks.2.attn.proj.weight:weight_decay=0.05
2026/06/10 17:08:21 - mmengine - INFO - paramwise_options -- backbone.adapter.backbone.blocks.2.attn.proj.weight:lr_mult=0.1
2026/06/10 17:08:21 - mmengine - INFO - paramwise_options -- backbone.adapter.backbone.blocks.2.attn.proj.weight:decay_mult=1.0
2026/06/10 17:08:21 - mmengine - INFO - paramwise_options -- backbone.adapter.backbone.blocks.2.attn.proj.bias:lr=1e-05
2026/06/10 17:08:21 - mmengine - INFO - paramwise_options -- backbone.adapter.backbone.blocks.2.attn.proj.bias:weight_decay=0.05
2026/06/10 17:08:21 - mmengine - INFO - paramwise_options -- backbone.adapter.backbone.blocks.2.attn.proj.bias:lr_mult=0.1
2026/06/10 17:08:21 - mmengine - INFO - paramwise_options -- backbone.adapter.backbone.blocks.2.attn.proj.bias:decay_mult=1.0
2026/06/10 17:08:21 - mmengine - INFO - paramwise_options -- backbone.adapter.backbone.blocks.2.ls1.gamma:lr=1e-05
2026/06/10 17:08:21 - mmengine - INFO - paramwise_options -- backbone.adapter.backbone.blocks.2.ls1.gamma:weight_decay=0.05
2026/06/10 17:08:21 - mmengine - INFO - paramwise_options -- backbone.adapter.backbone.blocks.2.ls1.gamma:lr_mult=0.1
2026/06/10 17:08:21 - mmengine - INFO - paramwise_options -- backbone.adapter.backbone.blocks.2.ls1.gamma:decay_mult=1.0
2026/06/10 17:08:21 - mmengine - INFO - paramwise_options -- backbone.adapter.backbone.blocks.2.norm2.weight:lr=1e-05
2026/06/10 17:08:21 - mmengine - INFO - paramwise_options -- backbone.adapter.backbone.blocks.2.norm2.weight:weight_decay=0.05
2026/06/10 17:08:21 - mmengine - INFO - paramwise_options -- backbone.adapter.backbone.blocks.2.norm2.weight:lr_mult=0.1
2026/06/10 17:08:21 - mmengine - INFO - paramwise_options -- backbone.adapter.backbone.blocks.2.norm2.weight:decay_mult=1.0
2026/06/10 17:08:21 - mmengine - INFO - paramwise_options -- backbone.adapter.backbone.blocks.2.norm2.bias:lr=1e-05
2026/06/10 17:08:21 - mmengine - INFO - paramwise_options -- backbone.adapter.backbone.blocks.2.norm2.bias:weight_decay=0.05
2026/06/10 17:08:21 - mmengine - INFO - paramwise_options -- backbone.adapter.backbone.blocks.2.norm2.bias:lr_mult=0.1
2026/06/10 17:08:21 - mmengine - INFO - paramwise_options -- backbone.adapter.backbone.blocks.2.norm2.bias:decay_mult=1.0
2026/06/10 17:08:21 - mmengine - INFO - paramwise_options -- backbone.adapter.backbone.blocks.2.mlp.fc1.weight:lr=1e-05
2026/06/10 17:08:21 - mmengine - INFO - paramwise_options -- backbone.adapter.backbone.blocks.2.mlp.fc1.weight:weight_decay=0.05
2026/06/10 17:08:21 - mmengine - INFO - paramwise_options -- backbone.adapter.backbone.blocks.2.mlp.fc1.weight:lr_mult=0.1
2026/06/10 17:08:21 - mmengine - INFO - paramwise_options -- backbone.adapter.backbone.blocks.2.mlp.fc1.weight:decay_mult=1.0
2026/06/10 17:08:21 - mmengine - INFO - paramwise_options -- backbone.adapter.backbone.blocks.2.mlp.fc1.bias:lr=1e-05
2026/06/10 17:08:21 - mmengine - INFO - paramwise_options -- backbone.adapter.backbone.blocks.2.mlp.fc1.bias:weight_decay=0.05
2026/06/10 17:08:21 - mmengine - INFO - paramwise_options -- backbone.adapter.backbone.blocks.2.mlp.fc1.bias:lr_mult=0.1
2026/06/10 17:08:21 - mmengine - INFO - paramwise_options -- backbone.adapter.backbone.blocks.2.mlp.fc1.bias:decay_mult=1.0
2026/06/10 17:08:21 - mmengine - INFO - paramwise_options -- backbone.adapter.backbone.blocks.2.mlp.fc2.weight:lr=1e-05
2026/06/10 17:08:21 - mmengine - INFO - paramwise_options -- backbone.adapter.backbone.blocks.2.mlp.fc2.weight:weight_decay=0.05
2026/06/10 17:08:21 - mmengine - INFO - paramwise_options -- backbone.adapter.backbone.blocks.2.mlp.fc2.weight:lr_mult=0.1
2026/06/10 17:08:21 - mmengine - INFO - paramwise_options -- backbone.adapter.backbone.blocks.2.mlp.fc2.weight:decay_mult=1.0
2026/06/10 17:08:21 - mmengine - INFO - paramwise_options -- backbone.adapter.backbone.blocks.2.mlp.fc2.bias:lr=1e-05
2026/06/10 17:08:21 - mmengine - INFO - paramwise_options -- backbone.adapter.backbone.blocks.2.mlp.fc2.bias:weight_decay=0.05
2026/06/10 17:08:21 - mmengine - INFO - paramwise_options -- backbone.adapter.backbone.blocks.2.mlp.fc2.bias:lr_mult=0.1
2026/06/10 17:08:21 - mmengine - INFO - paramwise_options -- backbone.adapter.backbone.blocks.2.mlp.fc2.bias:decay_mult=1.0
2026/06/10 17:08:21 - mmengine - INFO - paramwise_options -- backbone.adapter.backbone.blocks.2.ls2.gamma:lr=1e-05
2026/06/10 17:08:21 - mmengine - INFO - paramwise_options -- backbone.adapter.backbone.blocks.2.ls2.gamma:weight_decay=0.05
2026/06/10 17:08:21 - mmengine - INFO - paramwise_options -- backbone.adapter.backbone.blocks.2.ls2.gamma:lr_mult=0.1
2026/06/10 17:08:21 - mmengine - INFO - paramwise_options -- backbone.adapter.backbone.blocks.2.ls2.gamma:decay_mult=1.0
2026/06/10 17:08:21 - mmengine - INFO - paramwise_options -- backbone.adapter.backbone.blocks.3.norm1.weight:lr=1e-05
2026/06/10 17:08:21 - mmengine - INFO - paramwise_options -- backbone.adapter.backbone.blocks.3.norm1.weight:weight_decay=0.05
2026/06/10 17:08:21 - mmengine - INFO - paramwise_options -- backbone.adapter.backbone.blocks.3.norm1.weight:lr_mult=0.1
2026/06/10 17:08:21 - mmengine - INFO - paramwise_options -- backbone.adapter.backbone.blocks.3.norm1.weight:decay_mult=1.0
2026/06/10 17:08:21 - mmengine - INFO - paramwise_options -- backbone.adapter.backbone.blocks.3.norm1.bias:lr=1e-05
2026/06/10 17:08:21 - mmengine - INFO - paramwise_options -- backbone.adapter.backbone.blocks.3.norm1.bias:weight_decay=0.05
2026/06/10 17:08:21 - mmengine - INFO - paramwise_options -- backbone.adapter.backbone.blocks.3.norm1.bias:lr_mult=0.1
2026/06/10 17:08:21 - mmengine - INFO - paramwise_options -- backbone.adapter.backbone.blocks.3.norm1.bias:decay_mult=1.0
2026/06/10 17:08:21 - mmengine - INFO - paramwise_options -- backbone.adapter.backbone.blocks.3.attn.qkv.weight:lr=1e-05
2026/06/10 17:08:21 - mmengine - INFO - paramwise_options -- backbone.adapter.backbone.blocks.3.attn.qkv.weight:weight_decay=0.05
2026/06/10 17:08:21 - mmengine - INFO - paramwise_options -- backbone.adapter.backbone.blocks.3.attn.qkv.weight:lr_mult=0.1
2026/06/10 17:08:21 - mmengine - INFO - paramwise_options -- backbone.adapter.backbone.blocks.3.attn.qkv.weight:decay_mult=1.0
2026/06/10 17:08:21 - mmengine - INFO - paramwise_options -- backbone.adapter.backbone.blocks.3.attn.qkv.bias:lr=1e-05
2026/06/10 17:08:21 - mmengine - INFO - paramwise_options -- backbone.adapter.backbone.blocks.3.attn.qkv.bias:weight_decay=0.05
2026/06/10 17:08:21 - mmengine - INFO - paramwise_options -- backbone.adapter.backbone.blocks.3.attn.qkv.bias:lr_mult=0.1
2026/06/10 17:08:21 - mmengine - INFO - paramwise_options -- backbone.adapter.backbone.blocks.3.attn.qkv.bias:decay_mult=1.0
2026/06/10 17:08:21 - mmengine - INFO - paramwise_options -- backbone.adapter.backbone.blocks.3.attn.proj.weight:lr=1e-05
2026/06/10 17:08:21 - mmengine - INFO - paramwise_options -- backbone.adapter.backbone.blocks.3.attn.proj.weight:weight_decay=0.05
2026/06/10 17:08:21 - mmengine - INFO - paramwise_options -- backbone.adapter.backbone.blocks.3.attn.proj.weight:lr_mult=0.1
2026/06/10 17:08:21 - mmengine - INFO - paramwise_options -- backbone.adapter.backbone.blocks.3.attn.proj.weight:decay_mult=1.0
2026/06/10 17:08:21 - mmengine - INFO - paramwise_options -- backbone.adapter.backbone.blocks.3.attn.proj.bias:lr=1e-05
2026/06/10 17:08:21 - mmengine - INFO - paramwise_options -- backbone.adapter.backbone.blocks.3.attn.proj.bias:weight_decay=0.05
2026/06/10 17:08:21 - mmengine - INFO - paramwise_options -- backbone.adapter.backbone.blocks.3.attn.proj.bias:lr_mult=0.1
2026/06/10 17:08:21 - mmengine - INFO - paramwise_options -- backbone.adapter.backbone.blocks.3.attn.proj.bias:decay_mult=1.0
2026/06/10 17:08:21 - mmengine - INFO - paramwise_options -- backbone.adapter.backbone.blocks.3.ls1.gamma:lr=1e-05
2026/06/10 17:08:21 - mmengine - INFO - paramwise_options -- backbone.adapter.backbone.blocks.3.ls1.gamma:weight_decay=0.05
2026/06/10 17:08:21 - mmengine - INFO - paramwise_options -- backbone.adapter.backbone.blocks.3.ls1.gamma:lr_mult=0.1
2026/06/10 17:08:21 - mmengine - INFO - paramwise_options -- backbone.adapter.backbone.blocks.3.ls1.gamma:decay_mult=1.0
2026/06/10 17:08:21 - mmengine - INFO - paramwise_options -- backbone.adapter.backbone.blocks.3.norm2.weight:lr=1e-05
2026/06/10 17:08:21 - mmengine - INFO - paramwise_options -- backbone.adapter.backbone.blocks.3.norm2.weight:weight_decay=0.05
2026/06/10 17:08:21 - mmengine - INFO - paramwise_options -- backbone.adapter.backbone.blocks.3.norm2.weight:lr_mult=0.1
2026/06/10 17:08:21 - mmengine - INFO - paramwise_options -- backbone.adapter.backbone.blocks.3.norm2.weight:decay_mult=1.0
2026/06/10 17:08:21 - mmengine - INFO - paramwise_options -- backbone.adapter.backbone.blocks.3.norm2.bias:lr=1e-05
2026/06/10 17:08:21 - mmengine - INFO - paramwise_options -- backbone.adapter.backbone.blocks.3.norm2.bias:weight_decay=0.05
2026/06/10 17:08:21 - mmengine - INFO - paramwise_options -- backbone.adapter.backbone.blocks.3.norm2.bias:lr_mult=0.1
2026/06/10 17:08:21 - mmengine - INFO - paramwise_options -- backbone.adapter.backbone.blocks.3.norm2.bias:decay_mult=1.0
2026/06/10 17:08:21 - mmengine - INFO - paramwise_options -- backbone.adapter.backbone.blocks.3.mlp.fc1.weight:lr=1e-05
2026/06/10 17:08:21 - mmengine - INFO - paramwise_options -- backbone.adapter.backbone.blocks.3.mlp.fc1.weight:weight_decay=0.05
2026/06/10 17:08:21 - mmengine - INFO - paramwise_options -- backbone.adapter.backbone.blocks.3.mlp.fc1.weight:lr_mult=0.1
2026/06/10 17:08:21 - mmengine - INFO - paramwise_options -- backbone.adapter.backbone.blocks.3.mlp.fc1.weight:decay_mult=1.0
2026/06/10 17:08:21 - mmengine - INFO - paramwise_options -- backbone.adapter.backbone.blocks.3.mlp.fc1.bias:lr=1e-05
2026/06/10 17:08:21 - mmengine - INFO - paramwise_options -- backbone.adapter.backbone.blocks.3.mlp.fc1.bias:weight_decay=0.05
2026/06/10 17:08:21 - mmengine - INFO - paramwise_options -- backbone.adapter.backbone.blocks.3.mlp.fc1.bias:lr_mult=0.1
2026/06/10 17:08:21 - mmengine - INFO - paramwise_options -- backbone.adapter.backbone.blocks.3.mlp.fc1.bias:decay_mult=1.0
2026/06/10 17:08:21 - mmengine - INFO - paramwise_options -- backbone.adapter.backbone.blocks.3.mlp.fc2.weight:lr=1e-05
2026/06/10 17:08:21 - mmengine - INFO - paramwise_options -- backbone.adapter.backbone.blocks.3.mlp.fc2.weight:weight_decay=0.05
2026/06/10 17:08:21 - mmengine - INFO - paramwise_options -- backbone.adapter.backbone.blocks.3.mlp.fc2.weight:lr_mult=0.1
2026/06/10 17:08:21 - mmengine - INFO - paramwise_options -- backbone.adapter.backbone.blocks.3.mlp.fc2.weight:decay_mult=1.0
2026/06/10 17:08:21 - mmengine - INFO - paramwise_options -- backbone.adapter.backbone.blocks.3.mlp.fc2.bias:lr=1e-05
2026/06/10 17:08:21 - mmengine - INFO - paramwise_options -- backbone.adapter.backbone.blocks.3.mlp.fc2.bias:weight_decay=0.05
2026/06/10 17:08:21 - mmengine - INFO - paramwise_options -- backbone.adapter.backbone.blocks.3.mlp.fc2.bias:lr_mult=0.1
2026/06/10 17:08:21 - mmengine - INFO - paramwise_options -- backbone.adapter.backbone.blocks.3.mlp.fc2.bias:decay_mult=1.0
2026/06/10 17:08:21 - mmengine - INFO - paramwise_options -- backbone.adapter.backbone.blocks.3.ls2.gamma:lr=1e-05
2026/06/10 17:08:21 - mmengine - INFO - paramwise_options -- backbone.adapter.backbone.blocks.3.ls2.gamma:weight_decay=0.05
2026/06/10 17:08:21 - mmengine - INFO - paramwise_options -- backbone.adapter.backbone.blocks.3.ls2.gamma:lr_mult=0.1
2026/06/10 17:08:21 - mmengine - INFO - paramwise_options -- backbone.adapter.backbone.blocks.3.ls2.gamma:decay_mult=1.0
2026/06/10 17:08:21 - mmengine - INFO - paramwise_options -- backbone.adapter.backbone.blocks.4.norm1.weight:lr=1e-05
2026/06/10 17:08:21 - mmengine - INFO - paramwise_options -- backbone.adapter.backbone.blocks.4.norm1.weight:weight_decay=0.05
2026/06/10 17:08:21 - mmengine - INFO - paramwise_options -- backbone.adapter.backbone.blocks.4.norm1.weight:lr_mult=0.1
2026/06/10 17:08:21 - mmengine - INFO - paramwise_options -- backbone.adapter.backbone.blocks.4.norm1.weight:decay_mult=1.0
2026/06/10 17:08:21 - mmengine - INFO - paramwise_options -- backbone.adapter.backbone.blocks.4.norm1.bias:lr=1e-05
2026/06/10 17:08:21 - mmengine - INFO - paramwise_options -- backbone.adapter.backbone.blocks.4.norm1.bias:weight_decay=0.05
2026/06/10 17:08:21 - mmengine - INFO - paramwise_options -- backbone.adapter.backbone.blocks.4.norm1.bias:lr_mult=0.1
2026/06/10 17:08:21 - mmengine - INFO - paramwise_options -- backbone.adapter.backbone.blocks.4.norm1.bias:decay_mult=1.0
2026/06/10 17:08:21 - mmengine - INFO - paramwise_options -- backbone.adapter.backbone.blocks.4.attn.qkv.weight:lr=1e-05
2026/06/10 17:08:21 - mmengine - INFO - paramwise_options -- backbone.adapter.backbone.blocks.4.attn.qkv.weight:weight_decay=0.05
2026/06/10 17:08:21 - mmengine - INFO - paramwise_options -- backbone.adapter.backbone.blocks.4.attn.qkv.weight:lr_mult=0.1
2026/06/10 17:08:21 - mmengine - INFO - paramwise_options -- backbone.adapter.backbone.blocks.4.attn.qkv.weight:decay_mult=1.0
2026/06/10 17:08:21 - mmengine - INFO - paramwise_options -- backbone.adapter.backbone.blocks.4.attn.qkv.bias:lr=1e-05
2026/06/10 17:08:21 - mmengine - INFO - paramwise_options -- backbone.adapter.backbone.blocks.4.attn.qkv.bias:weight_decay=0.05
2026/06/10 17:08:21 - mmengine - INFO - paramwise_options -- backbone.adapter.backbone.blocks.4.attn.qkv.bias:lr_mult=0.1
2026/06/10 17:08:21 - mmengine - INFO - paramwise_options -- backbone.adapter.backbone.blocks.4.attn.qkv.bias:decay_mult=1.0
2026/06/10 17:08:21 - mmengine - INFO - paramwise_options -- backbone.adapter.backbone.blocks.4.attn.proj.weight:lr=1e-05
2026/06/10 17:08:21 - mmengine - INFO - paramwise_options -- backbone.adapter.backbone.blocks.4.attn.proj.weight:weight_decay=0.05
2026/06/10 17:08:21 - mmengine - INFO - paramwise_options -- backbone.adapter.backbone.blocks.4.attn.proj.weight:lr_mult=0.1
2026/06/10 17:08:21 - mmengine - INFO - paramwise_options -- backbone.adapter.backbone.blocks.4.attn.proj.weight:decay_mult=1.0
2026/06/10 17:08:21 - mmengine - INFO - paramwise_options -- backbone.adapter.backbone.blocks.4.attn.proj.bias:lr=1e-05
2026/06/10 17:08:21 - mmengine - INFO - paramwise_options -- backbone.adapter.backbone.blocks.4.attn.proj.bias:weight_decay=0.05
2026/06/10 17:08:21 - mmengine - INFO - paramwise_options -- backbone.adapter.backbone.blocks.4.attn.proj.bias:lr_mult=0.1
2026/06/10 17:08:21 - mmengine - INFO - paramwise_options -- backbone.adapter.backbone.blocks.4.attn.proj.bias:decay_mult=1.0
2026/06/10 17:08:21 - mmengine - INFO - paramwise_options -- backbone.adapter.backbone.blocks.4.ls1.gamma:lr=1e-05
2026/06/10 17:08:21 - mmengine - INFO - paramwise_options -- backbone.adapter.backbone.blocks.4.ls1.gamma:weight_decay=0.05
2026/06/10 17:08:21 - mmengine - INFO - paramwise_options -- backbone.adapter.backbone.blocks.4.ls1.gamma:lr_mult=0.1
2026/06/10 17:08:21 - mmengine - INFO - paramwise_options -- backbone.adapter.backbone.blocks.4.ls1.gamma:decay_mult=1.0
2026/06/10 17:08:21 - mmengine - INFO - paramwise_options -- backbone.adapter.backbone.blocks.4.norm2.weight:lr=1e-05
2026/06/10 17:08:21 - mmengine - INFO - paramwise_options -- backbone.adapter.backbone.blocks.4.norm2.weight:weight_decay=0.05
2026/06/10 17:08:21 - mmengine - INFO - paramwise_options -- backbone.adapter.backbone.blocks.4.norm2.weight:lr_mult=0.1
2026/06/10 17:08:21 - mmengine - INFO - paramwise_options -- backbone.adapter.backbone.blocks.4.norm2.weight:decay_mult=1.0
2026/06/10 17:08:21 - mmengine - INFO - paramwise_options -- backbone.adapter.backbone.blocks.4.norm2.bias:lr=1e-05
2026/06/10 17:08:21 - mmengine - INFO - paramwise_options -- backbone.adapter.backbone.blocks.4.norm2.bias:weight_decay=0.05
2026/06/10 17:08:21 - mmengine - INFO - paramwise_options -- backbone.adapter.backbone.blocks.4.norm2.bias:lr_mult=0.1
2026/06/10 17:08:21 - mmengine - INFO - paramwise_options -- backbone.adapter.backbone.blocks.4.norm2.bias:decay_mult=1.0
2026/06/10 17:08:21 - mmengine - INFO - paramwise_options -- backbone.adapter.backbone.blocks.4.mlp.fc1.weight:lr=1e-05
2026/06/10 17:08:21 - mmengine - INFO - paramwise_options -- backbone.adapter.backbone.blocks.4.mlp.fc1.weight:weight_decay=0.05
2026/06/10 17:08:21 - mmengine - INFO - paramwise_options -- backbone.adapter.backbone.blocks.4.mlp.fc1.weight:lr_mult=0.1
2026/06/10 17:08:21 - mmengine - INFO - paramwise_options -- backbone.adapter.backbone.blocks.4.mlp.fc1.weight:decay_mult=1.0
2026/06/10 17:08:21 - mmengine - INFO - paramwise_options -- backbone.adapter.backbone.blocks.4.mlp.fc1.bias:lr=1e-05
2026/06/10 17:08:21 - mmengine - INFO - paramwise_options -- backbone.adapter.backbone.blocks.4.mlp.fc1.bias:weight_decay=0.05
2026/06/10 17:08:21 - mmengine - INFO - paramwise_options -- backbone.adapter.backbone.blocks.4.mlp.fc1.bias:lr_mult=0.1
2026/06/10 17:08:21 - mmengine - INFO - paramwise_options -- backbone.adapter.backbone.blocks.4.mlp.fc1.bias:decay_mult=1.0
2026/06/10 17:08:21 - mmengine - INFO - paramwise_options -- backbone.adapter.backbone.blocks.4.mlp.fc2.weight:lr=1e-05
2026/06/10 17:08:21 - mmengine - INFO - paramwise_options -- backbone.adapter.backbone.blocks.4.mlp.fc2.weight:weight_decay=0.05
2026/06/10 17:08:21 - mmengine - INFO - paramwise_options -- backbone.adapter.backbone.blocks.4.mlp.fc2.weight:lr_mult=0.1
2026/06/10 17:08:21 - mmengine - INFO - paramwise_options -- backbone.adapter.backbone.blocks.4.mlp.fc2.weight:decay_mult=1.0
2026/06/10 17:08:21 - mmengine - INFO - paramwise_options -- backbone.adapter.backbone.blocks.4.mlp.fc2.bias:lr=1e-05
2026/06/10 17:08:21 - mmengine - INFO - paramwise_options -- backbone.adapter.backbone.blocks.4.mlp.fc2.bias:weight_decay=0.05
2026/06/10 17:08:21 - mmengine - INFO - paramwise_options -- backbone.adapter.backbone.blocks.4.mlp.fc2.bias:lr_mult=0.1
2026/06/10 17:08:21 - mmengine - INFO - paramwise_options -- backbone.adapter.backbone.blocks.4.mlp.fc2.bias:decay_mult=1.0
2026/06/10 17:08:21 - mmengine - INFO - paramwise_options -- backbone.adapter.backbone.blocks.4.ls2.gamma:lr=1e-05
2026/06/10 17:08:21 - mmengine - INFO - paramwise_options -- backbone.adapter.backbone.blocks.4.ls2.gamma:weight_decay=0.05
2026/06/10 17:08:21 - mmengine - INFO - paramwise_options -- backbone.adapter.backbone.blocks.4.ls2.gamma:lr_mult=0.1
2026/06/10 17:08:21 - mmengine - INFO - paramwise_options -- backbone.adapter.backbone.blocks.4.ls2.gamma:decay_mult=1.0
2026/06/10 17:08:21 - mmengine - INFO - paramwise_options -- backbone.adapter.backbone.blocks.5.norm1.weight:lr=1e-05
2026/06/10 17:08:21 - mmengine - INFO - paramwise_options -- backbone.adapter.backbone.blocks.5.norm1.weight:weight_decay=0.05
2026/06/10 17:08:21 - mmengine - INFO - paramwise_options -- backbone.adapter.backbone.blocks.5.norm1.weight:lr_mult=0.1
2026/06/10 17:08:21 - mmengine - INFO - paramwise_options -- backbone.adapter.backbone.blocks.5.norm1.weight:decay_mult=1.0
2026/06/10 17:08:21 - mmengine - INFO - paramwise_options -- backbone.adapter.backbone.blocks.5.norm1.bias:lr=1e-05
2026/06/10 17:08:21 - mmengine - INFO - paramwise_options -- backbone.adapter.backbone.blocks.5.norm1.bias:weight_decay=0.05
2026/06/10 17:08:21 - mmengine - INFO - paramwise_options -- backbone.adapter.backbone.blocks.5.norm1.bias:lr_mult=0.1
2026/06/10 17:08:21 - mmengine - INFO - paramwise_options -- backbone.adapter.backbone.blocks.5.norm1.bias:decay_mult=1.0
2026/06/10 17:08:21 - mmengine - INFO - paramwise_options -- backbone.adapter.backbone.blocks.5.attn.qkv.weight:lr=1e-05
2026/06/10 17:08:21 - mmengine - INFO - paramwise_options -- backbone.adapter.backbone.blocks.5.attn.qkv.weight:weight_decay=0.05
2026/06/10 17:08:21 - mmengine - INFO - paramwise_options -- backbone.adapter.backbone.blocks.5.attn.qkv.weight:lr_mult=0.1
2026/06/10 17:08:21 - mmengine - INFO - paramwise_options -- backbone.adapter.backbone.blocks.5.attn.qkv.weight:decay_mult=1.0
2026/06/10 17:08:21 - mmengine - INFO - paramwise_options -- backbone.adapter.backbone.blocks.5.attn.qkv.bias:lr=1e-05
2026/06/10 17:08:21 - mmengine - INFO - paramwise_options -- backbone.adapter.backbone.blocks.5.attn.qkv.bias:weight_decay=0.05
2026/06/10 17:08:22 - mmengine - INFO - paramwise_options -- backbone.adapter.backbone.blocks.5.attn.qkv.bias:lr_mult=0.1
2026/06/10 17:08:22 - mmengine - INFO - paramwise_options -- backbone.adapter.backbone.blocks.5.attn.qkv.bias:decay_mult=1.0
2026/06/10 17:08:22 - mmengine - INFO - paramwise_options -- backbone.adapter.backbone.blocks.5.attn.proj.weight:lr=1e-05
2026/06/10 17:08:22 - mmengine - INFO - paramwise_options -- backbone.adapter.backbone.blocks.5.attn.proj.weight:weight_decay=0.05
2026/06/10 17:08:22 - mmengine - INFO - paramwise_options -- backbone.adapter.backbone.blocks.5.attn.proj.weight:lr_mult=0.1
2026/06/10 17:08:22 - mmengine - INFO - paramwise_options -- backbone.adapter.backbone.blocks.5.attn.proj.weight:decay_mult=1.0
2026/06/10 17:08:22 - mmengine - INFO - paramwise_options -- backbone.adapter.backbone.blocks.5.attn.proj.bias:lr=1e-05
2026/06/10 17:08:22 - mmengine - INFO - paramwise_options -- backbone.adapter.backbone.blocks.5.attn.proj.bias:weight_decay=0.05
2026/06/10 17:08:22 - mmengine - INFO - paramwise_options -- backbone.adapter.backbone.blocks.5.attn.proj.bias:lr_mult=0.1
2026/06/10 17:08:22 - mmengine - INFO - paramwise_options -- backbone.adapter.backbone.blocks.5.attn.proj.bias:decay_mult=1.0
2026/06/10 17:08:22 - mmengine - INFO - paramwise_options -- backbone.adapter.backbone.blocks.5.ls1.gamma:lr=1e-05
2026/06/10 17:08:22 - mmengine - INFO - paramwise_options -- backbone.adapter.backbone.blocks.5.ls1.gamma:weight_decay=0.05
2026/06/10 17:08:22 - mmengine - INFO - paramwise_options -- backbone.adapter.backbone.blocks.5.ls1.gamma:lr_mult=0.1
2026/06/10 17:08:22 - mmengine - INFO - paramwise_options -- backbone.adapter.backbone.blocks.5.ls1.gamma:decay_mult=1.0
2026/06/10 17:08:22 - mmengine - INFO - paramwise_options -- backbone.adapter.backbone.blocks.5.norm2.weight:lr=1e-05
2026/06/10 17:08:22 - mmengine - INFO - paramwise_options -- backbone.adapter.backbone.blocks.5.norm2.weight:weight_decay=0.05
2026/06/10 17:08:22 - mmengine - INFO - paramwise_options -- backbone.adapter.backbone.blocks.5.norm2.weight:lr_mult=0.1
2026/06/10 17:08:22 - mmengine - INFO - paramwise_options -- backbone.adapter.backbone.blocks.5.norm2.weight:decay_mult=1.0
2026/06/10 17:08:22 - mmengine - INFO - paramwise_options -- backbone.adapter.backbone.blocks.5.norm2.bias:lr=1e-05
2026/06/10 17:08:22 - mmengine - INFO - paramwise_options -- backbone.adapter.backbone.blocks.5.norm2.bias:weight_decay=0.05
2026/06/10 17:08:22 - mmengine - INFO - paramwise_options -- backbone.adapter.backbone.blocks.5.norm2.bias:lr_mult=0.1
2026/06/10 17:08:22 - mmengine - INFO - paramwise_options -- backbone.adapter.backbone.blocks.5.norm2.bias:decay_mult=1.0
2026/06/10 17:08:22 - mmengine - INFO - paramwise_options -- backbone.adapter.backbone.blocks.5.mlp.fc1.weight:lr=1e-05
2026/06/10 17:08:22 - mmengine - INFO - paramwise_options -- backbone.adapter.backbone.blocks.5.mlp.fc1.weight:weight_decay=0.05
2026/06/10 17:08:22 - mmengine - INFO - paramwise_options -- backbone.adapter.backbone.blocks.5.mlp.fc1.weight:lr_mult=0.1
2026/06/10 17:08:22 - mmengine - INFO - paramwise_options -- backbone.adapter.backbone.blocks.5.mlp.fc1.weight:decay_mult=1.0
2026/06/10 17:08:22 - mmengine - INFO - paramwise_options -- backbone.adapter.backbone.blocks.5.mlp.fc1.bias:lr=1e-05
2026/06/10 17:08:22 - mmengine - INFO - paramwise_options -- backbone.adapter.backbone.blocks.5.mlp.fc1.bias:weight_decay=0.05
2026/06/10 17:08:22 - mmengine - INFO - paramwise_options -- backbone.adapter.backbone.blocks.5.mlp.fc1.bias:lr_mult=0.1
2026/06/10 17:08:22 - mmengine - INFO - paramwise_options -- backbone.adapter.backbone.blocks.5.mlp.fc1.bias:decay_mult=1.0
2026/06/10 17:08:22 - mmengine - INFO - paramwise_options -- backbone.adapter.backbone.blocks.5.mlp.fc2.weight:lr=1e-05
2026/06/10 17:08:22 - mmengine - INFO - paramwise_options -- backbone.adapter.backbone.blocks.5.mlp.fc2.weight:weight_decay=0.05
2026/06/10 17:08:22 - mmengine - INFO - paramwise_options -- backbone.adapter.backbone.blocks.5.mlp.fc2.weight:lr_mult=0.1
2026/06/10 17:08:22 - mmengine - INFO - paramwise_options -- backbone.adapter.backbone.blocks.5.mlp.fc2.weight:decay_mult=1.0
2026/06/10 17:08:22 - mmengine - INFO - paramwise_options -- backbone.adapter.backbone.blocks.5.mlp.fc2.bias:lr=1e-05
2026/06/10 17:08:22 - mmengine - INFO - paramwise_options -- backbone.adapter.backbone.blocks.5.mlp.fc2.bias:weight_decay=0.05
2026/06/10 17:08:22 - mmengine - INFO - paramwise_options -- backbone.adapter.backbone.blocks.5.mlp.fc2.bias:lr_mult=0.1
2026/06/10 17:08:22 - mmengine - INFO - paramwise_options -- backbone.adapter.backbone.blocks.5.mlp.fc2.bias:decay_mult=1.0
2026/06/10 17:08:22 - mmengine - INFO - paramwise_options -- backbone.adapter.backbone.blocks.5.ls2.gamma:lr=1e-05
2026/06/10 17:08:22 - mmengine - INFO - paramwise_options -- backbone.adapter.backbone.blocks.5.ls2.gamma:weight_decay=0.05
2026/06/10 17:08:22 - mmengine - INFO - paramwise_options -- backbone.adapter.backbone.blocks.5.ls2.gamma:lr_mult=0.1
2026/06/10 17:08:22 - mmengine - INFO - paramwise_options -- backbone.adapter.backbone.blocks.5.ls2.gamma:decay_mult=1.0
2026/06/10 17:08:22 - mmengine - INFO - paramwise_options -- backbone.adapter.backbone.blocks.6.norm1.weight:lr=1e-05
2026/06/10 17:08:22 - mmengine - INFO - paramwise_options -- backbone.adapter.backbone.blocks.6.norm1.weight:weight_decay=0.05
2026/06/10 17:08:22 - mmengine - INFO - paramwise_options -- backbone.adapter.backbone.blocks.6.norm1.weight:lr_mult=0.1
2026/06/10 17:08:22 - mmengine - INFO - paramwise_options -- backbone.adapter.backbone.blocks.6.norm1.weight:decay_mult=1.0
2026/06/10 17:08:22 - mmengine - INFO - paramwise_options -- backbone.adapter.backbone.blocks.6.norm1.bias:lr=1e-05
2026/06/10 17:08:22 - mmengine - INFO - paramwise_options -- backbone.adapter.backbone.blocks.6.norm1.bias:weight_decay=0.05
2026/06/10 17:08:22 - mmengine - INFO - paramwise_options -- backbone.adapter.backbone.blocks.6.norm1.bias:lr_mult=0.1
2026/06/10 17:08:22 - mmengine - INFO - paramwise_options -- backbone.adapter.backbone.blocks.6.norm1.bias:decay_mult=1.0
2026/06/10 17:08:22 - mmengine - INFO - paramwise_options -- backbone.adapter.backbone.blocks.6.attn.qkv.weight:lr=1e-05
2026/06/10 17:08:22 - mmengine - INFO - paramwise_options -- backbone.adapter.backbone.blocks.6.attn.qkv.weight:weight_decay=0.05
2026/06/10 17:08:22 - mmengine - INFO - paramwise_options -- backbone.adapter.backbone.blocks.6.attn.qkv.weight:lr_mult=0.1
2026/06/10 17:08:22 - mmengine - INFO - paramwise_options -- backbone.adapter.backbone.blocks.6.attn.qkv.weight:decay_mult=1.0
2026/06/10 17:08:22 - mmengine - INFO - paramwise_options -- backbone.adapter.backbone.blocks.6.attn.qkv.bias:lr=1e-05
2026/06/10 17:08:22 - mmengine - INFO - paramwise_options -- backbone.adapter.backbone.blocks.6.attn.qkv.bias:weight_decay=0.05
2026/06/10 17:08:22 - mmengine - INFO - paramwise_options -- backbone.adapter.backbone.blocks.6.attn.qkv.bias:lr_mult=0.1
2026/06/10 17:08:22 - mmengine - INFO - paramwise_options -- backbone.adapter.backbone.blocks.6.attn.qkv.bias:decay_mult=1.0
2026/06/10 17:08:22 - mmengine - INFO - paramwise_options -- backbone.adapter.backbone.blocks.6.attn.proj.weight:lr=1e-05
2026/06/10 17:08:22 - mmengine - INFO - paramwise_options -- backbone.adapter.backbone.blocks.6.attn.proj.weight:weight_decay=0.05
2026/06/10 17:08:22 - mmengine - INFO - paramwise_options -- backbone.adapter.backbone.blocks.6.attn.proj.weight:lr_mult=0.1
2026/06/10 17:08:22 - mmengine - INFO - paramwise_options -- backbone.adapter.backbone.blocks.6.attn.proj.weight:decay_mult=1.0
2026/06/10 17:08:22 - mmengine - INFO - paramwise_options -- backbone.adapter.backbone.blocks.6.attn.proj.bias:lr=1e-05
2026/06/10 17:08:22 - mmengine - INFO - paramwise_options -- backbone.adapter.backbone.blocks.6.attn.proj.bias:weight_decay=0.05
2026/06/10 17:08:22 - mmengine - INFO - paramwise_options -- backbone.adapter.backbone.blocks.6.attn.proj.bias:lr_mult=0.1
2026/06/10 17:08:22 - mmengine - INFO - paramwise_options -- backbone.adapter.backbone.blocks.6.attn.proj.bias:decay_mult=1.0
2026/06/10 17:08:22 - mmengine - INFO - paramwise_options -- backbone.adapter.backbone.blocks.6.ls1.gamma:lr=1e-05
2026/06/10 17:08:22 - mmengine - INFO - paramwise_options -- backbone.adapter.backbone.blocks.6.ls1.gamma:weight_decay=0.05
2026/06/10 17:08:22 - mmengine - INFO - paramwise_options -- backbone.adapter.backbone.blocks.6.ls1.gamma:lr_mult=0.1
2026/06/10 17:08:22 - mmengine - INFO - paramwise_options -- backbone.adapter.backbone.blocks.6.ls1.gamma:decay_mult=1.0
2026/06/10 17:08:22 - mmengine - INFO - paramwise_options -- backbone.adapter.backbone.blocks.6.norm2.weight:lr=1e-05
2026/06/10 17:08:22 - mmengine - INFO - paramwise_options -- backbone.adapter.backbone.blocks.6.norm2.weight:weight_decay=0.05
2026/06/10 17:08:22 - mmengine - INFO - paramwise_options -- backbone.adapter.backbone.blocks.6.norm2.weight:lr_mult=0.1
2026/06/10 17:08:22 - mmengine - INFO - paramwise_options -- backbone.adapter.backbone.blocks.6.norm2.weight:decay_mult=1.0
2026/06/10 17:08:22 - mmengine - INFO - paramwise_options -- backbone.adapter.backbone.blocks.6.norm2.bias:lr=1e-05
2026/06/10 17:08:22 - mmengine - INFO - paramwise_options -- backbone.adapter.backbone.blocks.6.norm2.bias:weight_decay=0.05
2026/06/10 17:08:22 - mmengine - INFO - paramwise_options -- backbone.adapter.backbone.blocks.6.norm2.bias:lr_mult=0.1
2026/06/10 17:08:22 - mmengine - INFO - paramwise_options -- backbone.adapter.backbone.blocks.6.norm2.bias:decay_mult=1.0
2026/06/10 17:08:22 - mmengine - INFO - paramwise_options -- backbone.adapter.backbone.blocks.6.mlp.fc1.weight:lr=1e-05
2026/06/10 17:08:22 - mmengine - INFO - paramwise_options -- backbone.adapter.backbone.blocks.6.mlp.fc1.weight:weight_decay=0.05
2026/06/10 17:08:22 - mmengine - INFO - paramwise_options -- backbone.adapter.backbone.blocks.6.mlp.fc1.weight:lr_mult=0.1
2026/06/10 17:08:22 - mmengine - INFO - paramwise_options -- backbone.adapter.backbone.blocks.6.mlp.fc1.weight:decay_mult=1.0
2026/06/10 17:08:22 - mmengine - INFO - paramwise_options -- backbone.adapter.backbone.blocks.6.mlp.fc1.bias:lr=1e-05
2026/06/10 17:08:22 - mmengine - INFO - paramwise_options -- backbone.adapter.backbone.blocks.6.mlp.fc1.bias:weight_decay=0.05
2026/06/10 17:08:22 - mmengine - INFO - paramwise_options -- backbone.adapter.backbone.blocks.6.mlp.fc1.bias:lr_mult=0.1
2026/06/10 17:08:22 - mmengine - INFO - paramwise_options -- backbone.adapter.backbone.blocks.6.mlp.fc1.bias:decay_mult=1.0
2026/06/10 17:08:22 - mmengine - INFO - paramwise_options -- backbone.adapter.backbone.blocks.6.mlp.fc2.weight:lr=1e-05
2026/06/10 17:08:22 - mmengine - INFO - paramwise_options -- backbone.adapter.backbone.blocks.6.mlp.fc2.weight:weight_decay=0.05
2026/06/10 17:08:22 - mmengine - INFO - paramwise_options -- backbone.adapter.backbone.blocks.6.mlp.fc2.weight:lr_mult=0.1
2026/06/10 17:08:22 - mmengine - INFO - paramwise_options -- backbone.adapter.backbone.blocks.6.mlp.fc2.weight:decay_mult=1.0
2026/06/10 17:08:22 - mmengine - INFO - paramwise_options -- backbone.adapter.backbone.blocks.6.mlp.fc2.bias:lr=1e-05
2026/06/10 17:08:22 - mmengine - INFO - paramwise_options -- backbone.adapter.backbone.blocks.6.mlp.fc2.bias:weight_decay=0.05
2026/06/10 17:08:22 - mmengine - INFO - paramwise_options -- backbone.adapter.backbone.blocks.6.mlp.fc2.bias:lr_mult=0.1
2026/06/10 17:08:22 - mmengine - INFO - paramwise_options -- backbone.adapter.backbone.blocks.6.mlp.fc2.bias:decay_mult=1.0
2026/06/10 17:08:22 - mmengine - INFO - paramwise_options -- backbone.adapter.backbone.blocks.6.ls2.gamma:lr=1e-05
2026/06/10 17:08:22 - mmengine - INFO - paramwise_options -- backbone.adapter.backbone.blocks.6.ls2.gamma:weight_decay=0.05
2026/06/10 17:08:22 - mmengine - INFO - paramwise_options -- backbone.adapter.backbone.blocks.6.ls2.gamma:lr_mult=0.1
2026/06/10 17:08:22 - mmengine - INFO - paramwise_options -- backbone.adapter.backbone.blocks.6.ls2.gamma:decay_mult=1.0
2026/06/10 17:08:22 - mmengine - INFO - paramwise_options -- backbone.adapter.backbone.blocks.7.norm1.weight:lr=1e-05
2026/06/10 17:08:22 - mmengine - INFO - paramwise_options -- backbone.adapter.backbone.blocks.7.norm1.weight:weight_decay=0.05
2026/06/10 17:08:22 - mmengine - INFO - paramwise_options -- backbone.adapter.backbone.blocks.7.norm1.weight:lr_mult=0.1
2026/06/10 17:08:22 - mmengine - INFO - paramwise_options -- backbone.adapter.backbone.blocks.7.norm1.weight:decay_mult=1.0
2026/06/10 17:08:22 - mmengine - INFO - paramwise_options -- backbone.adapter.backbone.blocks.7.norm1.bias:lr=1e-05
2026/06/10 17:08:22 - mmengine - INFO - paramwise_options -- backbone.adapter.backbone.blocks.7.norm1.bias:weight_decay=0.05
2026/06/10 17:08:22 - mmengine - INFO - paramwise_options -- backbone.adapter.backbone.blocks.7.norm1.bias:lr_mult=0.1
2026/06/10 17:08:22 - mmengine - INFO - paramwise_options -- backbone.adapter.backbone.blocks.7.norm1.bias:decay_mult=1.0
2026/06/10 17:08:22 - mmengine - INFO - paramwise_options -- backbone.adapter.backbone.blocks.7.attn.qkv.weight:lr=1e-05
2026/06/10 17:08:22 - mmengine - INFO - paramwise_options -- backbone.adapter.backbone.blocks.7.attn.qkv.weight:weight_decay=0.05
2026/06/10 17:08:22 - mmengine - INFO - paramwise_options -- backbone.adapter.backbone.blocks.7.attn.qkv.weight:lr_mult=0.1
2026/06/10 17:08:22 - mmengine - INFO - paramwise_options -- backbone.adapter.backbone.blocks.7.attn.qkv.weight:decay_mult=1.0
2026/06/10 17:08:22 - mmengine - INFO - paramwise_options -- backbone.adapter.backbone.blocks.7.attn.qkv.bias:lr=1e-05
2026/06/10 17:08:22 - mmengine - INFO - paramwise_options -- backbone.adapter.backbone.blocks.7.attn.qkv.bias:weight_decay=0.05
2026/06/10 17:08:22 - mmengine - INFO - paramwise_options -- backbone.adapter.backbone.blocks.7.attn.qkv.bias:lr_mult=0.1
2026/06/10 17:08:22 - mmengine - INFO - paramwise_options -- backbone.adapter.backbone.blocks.7.attn.qkv.bias:decay_mult=1.0
2026/06/10 17:08:22 - mmengine - INFO - paramwise_options -- backbone.adapter.backbone.blocks.7.attn.proj.weight:lr=1e-05
2026/06/10 17:08:22 - mmengine - INFO - paramwise_options -- backbone.adapter.backbone.blocks.7.attn.proj.weight:weight_decay=0.05
2026/06/10 17:08:22 - mmengine - INFO - paramwise_options -- backbone.adapter.backbone.blocks.7.attn.proj.weight:lr_mult=0.1
2026/06/10 17:08:22 - mmengine - INFO - paramwise_options -- backbone.adapter.backbone.blocks.7.attn.proj.weight:decay_mult=1.0
2026/06/10 17:08:22 - mmengine - INFO - paramwise_options -- backbone.adapter.backbone.blocks.7.attn.proj.bias:lr=1e-05
2026/06/10 17:08:22 - mmengine - INFO - paramwise_options -- backbone.adapter.backbone.blocks.7.attn.proj.bias:weight_decay=0.05
2026/06/10 17:08:22 - mmengine - INFO - paramwise_options -- backbone.adapter.backbone.blocks.7.attn.proj.bias:lr_mult=0.1
2026/06/10 17:08:22 - mmengine - INFO - paramwise_options -- backbone.adapter.backbone.blocks.7.attn.proj.bias:decay_mult=1.0
2026/06/10 17:08:22 - mmengine - INFO - paramwise_options -- backbone.adapter.backbone.blocks.7.ls1.gamma:lr=1e-05
2026/06/10 17:08:22 - mmengine - INFO - paramwise_options -- backbone.adapter.backbone.blocks.7.ls1.gamma:weight_decay=0.05
2026/06/10 17:08:22 - mmengine - INFO - paramwise_options -- backbone.adapter.backbone.blocks.7.ls1.gamma:lr_mult=0.1
2026/06/10 17:08:22 - mmengine - INFO - paramwise_options -- backbone.adapter.backbone.blocks.7.ls1.gamma:decay_mult=1.0
2026/06/10 17:08:22 - mmengine - INFO - paramwise_options -- backbone.adapter.backbone.blocks.7.norm2.weight:lr=1e-05
2026/06/10 17:08:22 - mmengine - INFO - paramwise_options -- backbone.adapter.backbone.blocks.7.norm2.weight:weight_decay=0.05
2026/06/10 17:08:22 - mmengine - INFO - paramwise_options -- backbone.adapter.backbone.blocks.7.norm2.weight:lr_mult=0.1
2026/06/10 17:08:22 - mmengine - INFO - paramwise_options -- backbone.adapter.backbone.blocks.7.norm2.weight:decay_mult=1.0
2026/06/10 17:08:22 - mmengine - INFO - paramwise_options -- backbone.adapter.backbone.blocks.7.norm2.bias:lr=1e-05
2026/06/10 17:08:22 - mmengine - INFO - paramwise_options -- backbone.adapter.backbone.blocks.7.norm2.bias:weight_decay=0.05
2026/06/10 17:08:22 - mmengine - INFO - paramwise_options -- backbone.adapter.backbone.blocks.7.norm2.bias:lr_mult=0.1
2026/06/10 17:08:22 - mmengine - INFO - paramwise_options -- backbone.adapter.backbone.blocks.7.norm2.bias:decay_mult=1.0
2026/06/10 17:08:22 - mmengine - INFO - paramwise_options -- backbone.adapter.backbone.blocks.7.mlp.fc1.weight:lr=1e-05
2026/06/10 17:08:22 - mmengine - INFO - paramwise_options -- backbone.adapter.backbone.blocks.7.mlp.fc1.weight:weight_decay=0.05
2026/06/10 17:08:22 - mmengine - INFO - paramwise_options -- backbone.adapter.backbone.blocks.7.mlp.fc1.weight:lr_mult=0.1
2026/06/10 17:08:22 - mmengine - INFO - paramwise_options -- backbone.adapter.backbone.blocks.7.mlp.fc1.weight:decay_mult=1.0
2026/06/10 17:08:22 - mmengine - INFO - paramwise_options -- backbone.adapter.backbone.blocks.7.mlp.fc1.bias:lr=1e-05
2026/06/10 17:08:22 - mmengine - INFO - paramwise_options -- backbone.adapter.backbone.blocks.7.mlp.fc1.bias:weight_decay=0.05
2026/06/10 17:08:22 - mmengine - INFO - paramwise_options -- backbone.adapter.backbone.blocks.7.mlp.fc1.bias:lr_mult=0.1
2026/06/10 17:08:22 - mmengine - INFO - paramwise_options -- backbone.adapter.backbone.blocks.7.mlp.fc1.bias:decay_mult=1.0
2026/06/10 17:08:22 - mmengine - INFO - paramwise_options -- backbone.adapter.backbone.blocks.7.mlp.fc2.weight:lr=1e-05
2026/06/10 17:08:22 - mmengine - INFO - paramwise_options -- backbone.adapter.backbone.blocks.7.mlp.fc2.weight:weight_decay=0.05
2026/06/10 17:08:22 - mmengine - INFO - paramwise_options -- backbone.adapter.backbone.blocks.7.mlp.fc2.weight:lr_mult=0.1
2026/06/10 17:08:22 - mmengine - INFO - paramwise_options -- backbone.adapter.backbone.blocks.7.mlp.fc2.weight:decay_mult=1.0
2026/06/10 17:08:22 - mmengine - INFO - paramwise_options -- backbone.adapter.backbone.blocks.7.mlp.fc2.bias:lr=1e-05
2026/06/10 17:08:22 - mmengine - INFO - paramwise_options -- backbone.adapter.backbone.blocks.7.mlp.fc2.bias:weight_decay=0.05
2026/06/10 17:08:22 - mmengine - INFO - paramwise_options -- backbone.adapter.backbone.blocks.7.mlp.fc2.bias:lr_mult=0.1
2026/06/10 17:08:22 - mmengine - INFO - paramwise_options -- backbone.adapter.backbone.blocks.7.mlp.fc2.bias:decay_mult=1.0
2026/06/10 17:08:22 - mmengine - INFO - paramwise_options -- backbone.adapter.backbone.blocks.7.ls2.gamma:lr=1e-05
2026/06/10 17:08:22 - mmengine - INFO - paramwise_options -- backbone.adapter.backbone.blocks.7.ls2.gamma:weight_decay=0.05
2026/06/10 17:08:22 - mmengine - INFO - paramwise_options -- backbone.adapter.backbone.blocks.7.ls2.gamma:lr_mult=0.1
2026/06/10 17:08:22 - mmengine - INFO - paramwise_options -- backbone.adapter.backbone.blocks.7.ls2.gamma:decay_mult=1.0
2026/06/10 17:08:22 - mmengine - INFO - paramwise_options -- backbone.adapter.backbone.blocks.8.norm1.weight:lr=1e-05
2026/06/10 17:08:22 - mmengine - INFO - paramwise_options -- backbone.adapter.backbone.blocks.8.norm1.weight:weight_decay=0.05
2026/06/10 17:08:22 - mmengine - INFO - paramwise_options -- backbone.adapter.backbone.blocks.8.norm1.weight:lr_mult=0.1
2026/06/10 17:08:22 - mmengine - INFO - paramwise_options -- backbone.adapter.backbone.blocks.8.norm1.weight:decay_mult=1.0
2026/06/10 17:08:22 - mmengine - INFO - paramwise_options -- backbone.adapter.backbone.blocks.8.norm1.bias:lr=1e-05
2026/06/10 17:08:22 - mmengine - INFO - paramwise_options -- backbone.adapter.backbone.blocks.8.norm1.bias:weight_decay=0.05
2026/06/10 17:08:22 - mmengine - INFO - paramwise_options -- backbone.adapter.backbone.blocks.8.norm1.bias:lr_mult=0.1
2026/06/10 17:08:22 - mmengine - INFO - paramwise_options -- backbone.adapter.backbone.blocks.8.norm1.bias:decay_mult=1.0
2026/06/10 17:08:22 - mmengine - INFO - paramwise_options -- backbone.adapter.backbone.blocks.8.attn.qkv.weight:lr=1e-05
2026/06/10 17:08:22 - mmengine - INFO - paramwise_options -- backbone.adapter.backbone.blocks.8.attn.qkv.weight:weight_decay=0.05
2026/06/10 17:08:22 - mmengine - INFO - paramwise_options -- backbone.adapter.backbone.blocks.8.attn.qkv.weight:lr_mult=0.1
2026/06/10 17:08:22 - mmengine - INFO - paramwise_options -- backbone.adapter.backbone.blocks.8.attn.qkv.weight:decay_mult=1.0
2026/06/10 17:08:22 - mmengine - INFO - paramwise_options -- backbone.adapter.backbone.blocks.8.attn.qkv.bias:lr=1e-05
2026/06/10 17:08:22 - mmengine - INFO - paramwise_options -- backbone.adapter.backbone.blocks.8.attn.qkv.bias:weight_decay=0.05
2026/06/10 17:08:22 - mmengine - INFO - paramwise_options -- backbone.adapter.backbone.blocks.8.attn.qkv.bias:lr_mult=0.1
2026/06/10 17:08:22 - mmengine - INFO - paramwise_options -- backbone.adapter.backbone.blocks.8.attn.qkv.bias:decay_mult=1.0
2026/06/10 17:08:22 - mmengine - INFO - paramwise_options -- backbone.adapter.backbone.blocks.8.attn.proj.weight:lr=1e-05
2026/06/10 17:08:22 - mmengine - INFO - paramwise_options -- backbone.adapter.backbone.blocks.8.attn.proj.weight:weight_decay=0.05
2026/06/10 17:08:22 - mmengine - INFO - paramwise_options -- backbone.adapter.backbone.blocks.8.attn.proj.weight:lr_mult=0.1
2026/06/10 17:08:22 - mmengine - INFO - paramwise_options -- backbone.adapter.backbone.blocks.8.attn.proj.weight:decay_mult=1.0
2026/06/10 17:08:22 - mmengine - INFO - paramwise_options -- backbone.adapter.backbone.blocks.8.attn.proj.bias:lr=1e-05
2026/06/10 17:08:22 - mmengine - INFO - paramwise_options -- backbone.adapter.backbone.blocks.8.attn.proj.bias:weight_decay=0.05
2026/06/10 17:08:22 - mmengine - INFO - paramwise_options -- backbone.adapter.backbone.blocks.8.attn.proj.bias:lr_mult=0.1
2026/06/10 17:08:22 - mmengine - INFO - paramwise_options -- backbone.adapter.backbone.blocks.8.attn.proj.bias:decay_mult=1.0
2026/06/10 17:08:22 - mmengine - INFO - paramwise_options -- backbone.adapter.backbone.blocks.8.ls1.gamma:lr=1e-05
2026/06/10 17:08:22 - mmengine - INFO - paramwise_options -- backbone.adapter.backbone.blocks.8.ls1.gamma:weight_decay=0.05
2026/06/10 17:08:22 - mmengine - INFO - paramwise_options -- backbone.adapter.backbone.blocks.8.ls1.gamma:lr_mult=0.1
2026/06/10 17:08:22 - mmengine - INFO - paramwise_options -- backbone.adapter.backbone.blocks.8.ls1.gamma:decay_mult=1.0
2026/06/10 17:08:22 - mmengine - INFO - paramwise_options -- backbone.adapter.backbone.blocks.8.norm2.weight:lr=1e-05
2026/06/10 17:08:22 - mmengine - INFO - paramwise_options -- backbone.adapter.backbone.blocks.8.norm2.weight:weight_decay=0.05
2026/06/10 17:08:22 - mmengine - INFO - paramwise_options -- backbone.adapter.backbone.blocks.8.norm2.weight:lr_mult=0.1
2026/06/10 17:08:22 - mmengine - INFO - paramwise_options -- backbone.adapter.backbone.blocks.8.norm2.weight:decay_mult=1.0
2026/06/10 17:08:22 - mmengine - INFO - paramwise_options -- backbone.adapter.backbone.blocks.8.norm2.bias:lr=1e-05
2026/06/10 17:08:22 - mmengine - INFO - paramwise_options -- backbone.adapter.backbone.blocks.8.norm2.bias:weight_decay=0.05
2026/06/10 17:08:22 - mmengine - INFO - paramwise_options -- backbone.adapter.backbone.blocks.8.norm2.bias:lr_mult=0.1
2026/06/10 17:08:22 - mmengine - INFO - paramwise_options -- backbone.adapter.backbone.blocks.8.norm2.bias:decay_mult=1.0
2026/06/10 17:08:22 - mmengine - INFO - paramwise_options -- backbone.adapter.backbone.blocks.8.mlp.fc1.weight:lr=1e-05
2026/06/10 17:08:22 - mmengine - INFO - paramwise_options -- backbone.adapter.backbone.blocks.8.mlp.fc1.weight:weight_decay=0.05
2026/06/10 17:08:22 - mmengine - INFO - paramwise_options -- backbone.adapter.backbone.blocks.8.mlp.fc1.weight:lr_mult=0.1
2026/06/10 17:08:22 - mmengine - INFO - paramwise_options -- backbone.adapter.backbone.blocks.8.mlp.fc1.weight:decay_mult=1.0
2026/06/10 17:08:22 - mmengine - INFO - paramwise_options -- backbone.adapter.backbone.blocks.8.mlp.fc1.bias:lr=1e-05
2026/06/10 17:08:23 - mmengine - INFO - paramwise_options -- backbone.adapter.backbone.blocks.8.mlp.fc1.bias:weight_decay=0.05
2026/06/10 17:08:23 - mmengine - INFO - paramwise_options -- backbone.adapter.backbone.blocks.8.mlp.fc1.bias:lr_mult=0.1
2026/06/10 17:08:23 - mmengine - INFO - paramwise_options -- backbone.adapter.backbone.blocks.8.mlp.fc1.bias:decay_mult=1.0
2026/06/10 17:08:23 - mmengine - INFO - paramwise_options -- backbone.adapter.backbone.blocks.8.mlp.fc2.weight:lr=1e-05
2026/06/10 17:08:23 - mmengine - INFO - paramwise_options -- backbone.adapter.backbone.blocks.8.mlp.fc2.weight:weight_decay=0.05
2026/06/10 17:08:23 - mmengine - INFO - paramwise_options -- backbone.adapter.backbone.blocks.8.mlp.fc2.weight:lr_mult=0.1
2026/06/10 17:08:23 - mmengine - INFO - paramwise_options -- backbone.adapter.backbone.blocks.8.mlp.fc2.weight:decay_mult=1.0
2026/06/10 17:08:23 - mmengine - INFO - paramwise_options -- backbone.adapter.backbone.blocks.8.mlp.fc2.bias:lr=1e-05
2026/06/10 17:08:23 - mmengine - INFO - paramwise_options -- backbone.adapter.backbone.blocks.8.mlp.fc2.bias:weight_decay=0.05
2026/06/10 17:08:23 - mmengine - INFO - paramwise_options -- backbone.adapter.backbone.blocks.8.mlp.fc2.bias:lr_mult=0.1
2026/06/10 17:08:23 - mmengine - INFO - paramwise_options -- backbone.adapter.backbone.blocks.8.mlp.fc2.bias:decay_mult=1.0
2026/06/10 17:08:23 - mmengine - INFO - paramwise_options -- backbone.adapter.backbone.blocks.8.ls2.gamma:lr=1e-05
2026/06/10 17:08:23 - mmengine - INFO - paramwise_options -- backbone.adapter.backbone.blocks.8.ls2.gamma:weight_decay=0.05
2026/06/10 17:08:23 - mmengine - INFO - paramwise_options -- backbone.adapter.backbone.blocks.8.ls2.gamma:lr_mult=0.1
2026/06/10 17:08:23 - mmengine - INFO - paramwise_options -- backbone.adapter.backbone.blocks.8.ls2.gamma:decay_mult=1.0
2026/06/10 17:08:23 - mmengine - INFO - paramwise_options -- backbone.adapter.backbone.blocks.9.norm1.weight:lr=1e-05
2026/06/10 17:08:23 - mmengine - INFO - paramwise_options -- backbone.adapter.backbone.blocks.9.norm1.weight:weight_decay=0.05
2026/06/10 17:08:23 - mmengine - INFO - paramwise_options -- backbone.adapter.backbone.blocks.9.norm1.weight:lr_mult=0.1
2026/06/10 17:08:23 - mmengine - INFO - paramwise_options -- backbone.adapter.backbone.blocks.9.norm1.weight:decay_mult=1.0
2026/06/10 17:08:23 - mmengine - INFO - paramwise_options -- backbone.adapter.backbone.blocks.9.norm1.bias:lr=1e-05
2026/06/10 17:08:23 - mmengine - INFO - paramwise_options -- backbone.adapter.backbone.blocks.9.norm1.bias:weight_decay=0.05
2026/06/10 17:08:23 - mmengine - INFO - paramwise_options -- backbone.adapter.backbone.blocks.9.norm1.bias:lr_mult=0.1
2026/06/10 17:08:23 - mmengine - INFO - paramwise_options -- backbone.adapter.backbone.blocks.9.norm1.bias:decay_mult=1.0
2026/06/10 17:08:23 - mmengine - INFO - paramwise_options -- backbone.adapter.backbone.blocks.9.attn.qkv.weight:lr=1e-05
2026/06/10 17:08:23 - mmengine - INFO - paramwise_options -- backbone.adapter.backbone.blocks.9.attn.qkv.weight:weight_decay=0.05
2026/06/10 17:08:23 - mmengine - INFO - paramwise_options -- backbone.adapter.backbone.blocks.9.attn.qkv.weight:lr_mult=0.1
2026/06/10 17:08:23 - mmengine - INFO - paramwise_options -- backbone.adapter.backbone.blocks.9.attn.qkv.weight:decay_mult=1.0
2026/06/10 17:08:23 - mmengine - INFO - paramwise_options -- backbone.adapter.backbone.blocks.9.attn.qkv.bias:lr=1e-05
2026/06/10 17:08:23 - mmengine - INFO - paramwise_options -- backbone.adapter.backbone.blocks.9.attn.qkv.bias:weight_decay=0.05
2026/06/10 17:08:23 - mmengine - INFO - paramwise_options -- backbone.adapter.backbone.blocks.9.attn.qkv.bias:lr_mult=0.1
2026/06/10 17:08:23 - mmengine - INFO - paramwise_options -- backbone.adapter.backbone.blocks.9.attn.qkv.bias:decay_mult=1.0
2026/06/10 17:08:23 - mmengine - INFO - paramwise_options -- backbone.adapter.backbone.blocks.9.attn.proj.weight:lr=1e-05
2026/06/10 17:08:23 - mmengine - INFO - paramwise_options -- backbone.adapter.backbone.blocks.9.attn.proj.weight:weight_decay=0.05
2026/06/10 17:08:23 - mmengine - INFO - paramwise_options -- backbone.adapter.backbone.blocks.9.attn.proj.weight:lr_mult=0.1
2026/06/10 17:08:23 - mmengine - INFO - paramwise_options -- backbone.adapter.backbone.blocks.9.attn.proj.weight:decay_mult=1.0
2026/06/10 17:08:23 - mmengine - INFO - paramwise_options -- backbone.adapter.backbone.blocks.9.attn.proj.bias:lr=1e-05
2026/06/10 17:08:23 - mmengine - INFO - paramwise_options -- backbone.adapter.backbone.blocks.9.attn.proj.bias:weight_decay=0.05
2026/06/10 17:08:23 - mmengine - INFO - paramwise_options -- backbone.adapter.backbone.blocks.9.attn.proj.bias:lr_mult=0.1
2026/06/10 17:08:23 - mmengine - INFO - paramwise_options -- backbone.adapter.backbone.blocks.9.attn.proj.bias:decay_mult=1.0
2026/06/10 17:08:23 - mmengine - INFO - paramwise_options -- backbone.adapter.backbone.blocks.9.ls1.gamma:lr=1e-05
2026/06/10 17:08:23 - mmengine - INFO - paramwise_options -- backbone.adapter.backbone.blocks.9.ls1.gamma:weight_decay=0.05
2026/06/10 17:08:23 - mmengine - INFO - paramwise_options -- backbone.adapter.backbone.blocks.9.ls1.gamma:lr_mult=0.1
2026/06/10 17:08:23 - mmengine - INFO - paramwise_options -- backbone.adapter.backbone.blocks.9.ls1.gamma:decay_mult=1.0
2026/06/10 17:08:23 - mmengine - INFO - paramwise_options -- backbone.adapter.backbone.blocks.9.norm2.weight:lr=1e-05
2026/06/10 17:08:23 - mmengine - INFO - paramwise_options -- backbone.adapter.backbone.blocks.9.norm2.weight:weight_decay=0.05
2026/06/10 17:08:23 - mmengine - INFO - paramwise_options -- backbone.adapter.backbone.blocks.9.norm2.weight:lr_mult=0.1
2026/06/10 17:08:23 - mmengine - INFO - paramwise_options -- backbone.adapter.backbone.blocks.9.norm2.weight:decay_mult=1.0
2026/06/10 17:08:23 - mmengine - INFO - paramwise_options -- backbone.adapter.backbone.blocks.9.norm2.bias:lr=1e-05
2026/06/10 17:08:23 - mmengine - INFO - paramwise_options -- backbone.adapter.backbone.blocks.9.norm2.bias:weight_decay=0.05
2026/06/10 17:08:23 - mmengine - INFO - paramwise_options -- backbone.adapter.backbone.blocks.9.norm2.bias:lr_mult=0.1
2026/06/10 17:08:23 - mmengine - INFO - paramwise_options -- backbone.adapter.backbone.blocks.9.norm2.bias:decay_mult=1.0
2026/06/10 17:08:23 - mmengine - INFO - paramwise_options -- backbone.adapter.backbone.blocks.9.mlp.fc1.weight:lr=1e-05
2026/06/10 17:08:23 - mmengine - INFO - paramwise_options -- backbone.adapter.backbone.blocks.9.mlp.fc1.weight:weight_decay=0.05
2026/06/10 17:08:23 - mmengine - INFO - paramwise_options -- backbone.adapter.backbone.blocks.9.mlp.fc1.weight:lr_mult=0.1
2026/06/10 17:08:23 - mmengine - INFO - paramwise_options -- backbone.adapter.backbone.blocks.9.mlp.fc1.weight:decay_mult=1.0
2026/06/10 17:08:23 - mmengine - INFO - paramwise_options -- backbone.adapter.backbone.blocks.9.mlp.fc1.bias:lr=1e-05
2026/06/10 17:08:23 - mmengine - INFO - paramwise_options -- backbone.adapter.backbone.blocks.9.mlp.fc1.bias:weight_decay=0.05
2026/06/10 17:08:23 - mmengine - INFO - paramwise_options -- backbone.adapter.backbone.blocks.9.mlp.fc1.bias:lr_mult=0.1
2026/06/10 17:08:23 - mmengine - INFO - paramwise_options -- backbone.adapter.backbone.blocks.9.mlp.fc1.bias:decay_mult=1.0
2026/06/10 17:08:23 - mmengine - INFO - paramwise_options -- backbone.adapter.backbone.blocks.9.mlp.fc2.weight:lr=1e-05
2026/06/10 17:08:23 - mmengine - INFO - paramwise_options -- backbone.adapter.backbone.blocks.9.mlp.fc2.weight:weight_decay=0.05
2026/06/10 17:08:23 - mmengine - INFO - paramwise_options -- backbone.adapter.backbone.blocks.9.mlp.fc2.weight:lr_mult=0.1
2026/06/10 17:08:23 - mmengine - INFO - paramwise_options -- backbone.adapter.backbone.blocks.9.mlp.fc2.weight:decay_mult=1.0
2026/06/10 17:08:23 - mmengine - INFO - paramwise_options -- backbone.adapter.backbone.blocks.9.mlp.fc2.bias:lr=1e-05
2026/06/10 17:08:23 - mmengine - INFO - paramwise_options -- backbone.adapter.backbone.blocks.9.mlp.fc2.bias:weight_decay=0.05
2026/06/10 17:08:23 - mmengine - INFO - paramwise_options -- backbone.adapter.backbone.blocks.9.mlp.fc2.bias:lr_mult=0.1
2026/06/10 17:08:23 - mmengine - INFO - paramwise_options -- backbone.adapter.backbone.blocks.9.mlp.fc2.bias:decay_mult=1.0
2026/06/10 17:08:23 - mmengine - INFO - paramwise_options -- backbone.adapter.backbone.blocks.9.ls2.gamma:lr=1e-05
2026/06/10 17:08:23 - mmengine - INFO - paramwise_options -- backbone.adapter.backbone.blocks.9.ls2.gamma:weight_decay=0.05
2026/06/10 17:08:23 - mmengine - INFO - paramwise_options -- backbone.adapter.backbone.blocks.9.ls2.gamma:lr_mult=0.1
2026/06/10 17:08:23 - mmengine - INFO - paramwise_options -- backbone.adapter.backbone.blocks.9.ls2.gamma:decay_mult=1.0
2026/06/10 17:08:23 - mmengine - INFO - paramwise_options -- backbone.adapter.backbone.blocks.10.norm1.weight:lr=1e-05
2026/06/10 17:08:23 - mmengine - INFO - paramwise_options -- backbone.adapter.backbone.blocks.10.norm1.weight:weight_decay=0.05
2026/06/10 17:08:23 - mmengine - INFO - paramwise_options -- backbone.adapter.backbone.blocks.10.norm1.weight:lr_mult=0.1
2026/06/10 17:08:23 - mmengine - INFO - paramwise_options -- backbone.adapter.backbone.blocks.10.norm1.weight:decay_mult=1.0
2026/06/10 17:08:23 - mmengine - INFO - paramwise_options -- backbone.adapter.backbone.blocks.10.norm1.bias:lr=1e-05
2026/06/10 17:08:23 - mmengine - INFO - paramwise_options -- backbone.adapter.backbone.blocks.10.norm1.bias:weight_decay=0.05
2026/06/10 17:08:23 - mmengine - INFO - paramwise_options -- backbone.adapter.backbone.blocks.10.norm1.bias:lr_mult=0.1
2026/06/10 17:08:23 - mmengine - INFO - paramwise_options -- backbone.adapter.backbone.blocks.10.norm1.bias:decay_mult=1.0
2026/06/10 17:08:23 - mmengine - INFO - paramwise_options -- backbone.adapter.backbone.blocks.10.attn.qkv.weight:lr=1e-05
2026/06/10 17:08:23 - mmengine - INFO - paramwise_options -- backbone.adapter.backbone.blocks.10.attn.qkv.weight:weight_decay=0.05
2026/06/10 17:08:23 - mmengine - INFO - paramwise_options -- backbone.adapter.backbone.blocks.10.attn.qkv.weight:lr_mult=0.1
2026/06/10 17:08:23 - mmengine - INFO - paramwise_options -- backbone.adapter.backbone.blocks.10.attn.qkv.weight:decay_mult=1.0
2026/06/10 17:08:23 - mmengine - INFO - paramwise_options -- backbone.adapter.backbone.blocks.10.attn.qkv.bias:lr=1e-05
2026/06/10 17:08:23 - mmengine - INFO - paramwise_options -- backbone.adapter.backbone.blocks.10.attn.qkv.bias:weight_decay=0.05
2026/06/10 17:08:23 - mmengine - INFO - paramwise_options -- backbone.adapter.backbone.blocks.10.attn.qkv.bias:lr_mult=0.1
2026/06/10 17:08:23 - mmengine - INFO - paramwise_options -- backbone.adapter.backbone.blocks.10.attn.qkv.bias:decay_mult=1.0
2026/06/10 17:08:23 - mmengine - INFO - paramwise_options -- backbone.adapter.backbone.blocks.10.attn.proj.weight:lr=1e-05
2026/06/10 17:08:23 - mmengine - INFO - paramwise_options -- backbone.adapter.backbone.blocks.10.attn.proj.weight:weight_decay=0.05
2026/06/10 17:08:23 - mmengine - INFO - paramwise_options -- backbone.adapter.backbone.blocks.10.attn.proj.weight:lr_mult=0.1
2026/06/10 17:08:23 - mmengine - INFO - paramwise_options -- backbone.adapter.backbone.blocks.10.attn.proj.weight:decay_mult=1.0
2026/06/10 17:08:23 - mmengine - INFO - paramwise_options -- backbone.adapter.backbone.blocks.10.attn.proj.bias:lr=1e-05
2026/06/10 17:08:23 - mmengine - INFO - paramwise_options -- backbone.adapter.backbone.blocks.10.attn.proj.bias:weight_decay=0.05
2026/06/10 17:08:23 - mmengine - INFO - paramwise_options -- backbone.adapter.backbone.blocks.10.attn.proj.bias:lr_mult=0.1
2026/06/10 17:08:23 - mmengine - INFO - paramwise_options -- backbone.adapter.backbone.blocks.10.attn.proj.bias:decay_mult=1.0
2026/06/10 17:08:23 - mmengine - INFO - paramwise_options -- backbone.adapter.backbone.blocks.10.ls1.gamma:lr=1e-05
2026/06/10 17:08:23 - mmengine - INFO - paramwise_options -- backbone.adapter.backbone.blocks.10.ls1.gamma:weight_decay=0.05
2026/06/10 17:08:23 - mmengine - INFO - paramwise_options -- backbone.adapter.backbone.blocks.10.ls1.gamma:lr_mult=0.1
2026/06/10 17:08:23 - mmengine - INFO - paramwise_options -- backbone.adapter.backbone.blocks.10.ls1.gamma:decay_mult=1.0
2026/06/10 17:08:23 - mmengine - INFO - paramwise_options -- backbone.adapter.backbone.blocks.10.norm2.weight:lr=1e-05
2026/06/10 17:08:23 - mmengine - INFO - paramwise_options -- backbone.adapter.backbone.blocks.10.norm2.weight:weight_decay=0.05
2026/06/10 17:08:23 - mmengine - INFO - paramwise_options -- backbone.adapter.backbone.blocks.10.norm2.weight:lr_mult=0.1
2026/06/10 17:08:23 - mmengine - INFO - paramwise_options -- backbone.adapter.backbone.blocks.10.norm2.weight:decay_mult=1.0
2026/06/10 17:08:23 - mmengine - INFO - paramwise_options -- backbone.adapter.backbone.blocks.10.norm2.bias:lr=1e-05
2026/06/10 17:08:23 - mmengine - INFO - paramwise_options -- backbone.adapter.backbone.blocks.10.norm2.bias:weight_decay=0.05
2026/06/10 17:08:23 - mmengine - INFO - paramwise_options -- backbone.adapter.backbone.blocks.10.norm2.bias:lr_mult=0.1
2026/06/10 17:08:23 - mmengine - INFO - paramwise_options -- backbone.adapter.backbone.blocks.10.norm2.bias:decay_mult=1.0
2026/06/10 17:08:23 - mmengine - INFO - paramwise_options -- backbone.adapter.backbone.blocks.10.mlp.fc1.weight:lr=1e-05
2026/06/10 17:08:23 - mmengine - INFO - paramwise_options -- backbone.adapter.backbone.blocks.10.mlp.fc1.weight:weight_decay=0.05
2026/06/10 17:08:23 - mmengine - INFO - paramwise_options -- backbone.adapter.backbone.blocks.10.mlp.fc1.weight:lr_mult=0.1
2026/06/10 17:08:23 - mmengine - INFO - paramwise_options -- backbone.adapter.backbone.blocks.10.mlp.fc1.weight:decay_mult=1.0
2026/06/10 17:08:23 - mmengine - INFO - paramwise_options -- backbone.adapter.backbone.blocks.10.mlp.fc1.bias:lr=1e-05
2026/06/10 17:08:23 - mmengine - INFO - paramwise_options -- backbone.adapter.backbone.blocks.10.mlp.fc1.bias:weight_decay=0.05
2026/06/10 17:08:23 - mmengine - INFO - paramwise_options -- backbone.adapter.backbone.blocks.10.mlp.fc1.bias:lr_mult=0.1
2026/06/10 17:08:23 - mmengine - INFO - paramwise_options -- backbone.adapter.backbone.blocks.10.mlp.fc1.bias:decay_mult=1.0
2026/06/10 17:08:23 - mmengine - INFO - paramwise_options -- backbone.adapter.backbone.blocks.10.mlp.fc2.weight:lr=1e-05
2026/06/10 17:08:23 - mmengine - INFO - paramwise_options -- backbone.adapter.backbone.blocks.10.mlp.fc2.weight:weight_decay=0.05
2026/06/10 17:08:23 - mmengine - INFO - paramwise_options -- backbone.adapter.backbone.blocks.10.mlp.fc2.weight:lr_mult=0.1
2026/06/10 17:08:23 - mmengine - INFO - paramwise_options -- backbone.adapter.backbone.blocks.10.mlp.fc2.weight:decay_mult=1.0
2026/06/10 17:08:23 - mmengine - INFO - paramwise_options -- backbone.adapter.backbone.blocks.10.mlp.fc2.bias:lr=1e-05
2026/06/10 17:08:23 - mmengine - INFO - paramwise_options -- backbone.adapter.backbone.blocks.10.mlp.fc2.bias:weight_decay=0.05
2026/06/10 17:08:23 - mmengine - INFO - paramwise_options -- backbone.adapter.backbone.blocks.10.mlp.fc2.bias:lr_mult=0.1
2026/06/10 17:08:23 - mmengine - INFO - paramwise_options -- backbone.adapter.backbone.blocks.10.mlp.fc2.bias:decay_mult=1.0
2026/06/10 17:08:23 - mmengine - INFO - paramwise_options -- backbone.adapter.backbone.blocks.10.ls2.gamma:lr=1e-05
2026/06/10 17:08:23 - mmengine - INFO - paramwise_options -- backbone.adapter.backbone.blocks.10.ls2.gamma:weight_decay=0.05
2026/06/10 17:08:23 - mmengine - INFO - paramwise_options -- backbone.adapter.backbone.blocks.10.ls2.gamma:lr_mult=0.1
2026/06/10 17:08:23 - mmengine - INFO - paramwise_options -- backbone.adapter.backbone.blocks.10.ls2.gamma:decay_mult=1.0
2026/06/10 17:08:23 - mmengine - INFO - paramwise_options -- backbone.adapter.backbone.blocks.11.norm1.weight:lr=1e-05
2026/06/10 17:08:23 - mmengine - INFO - paramwise_options -- backbone.adapter.backbone.blocks.11.norm1.weight:weight_decay=0.05
2026/06/10 17:08:23 - mmengine - INFO - paramwise_options -- backbone.adapter.backbone.blocks.11.norm1.weight:lr_mult=0.1
2026/06/10 17:08:23 - mmengine - INFO - paramwise_options -- backbone.adapter.backbone.blocks.11.norm1.weight:decay_mult=1.0
2026/06/10 17:08:23 - mmengine - INFO - paramwise_options -- backbone.adapter.backbone.blocks.11.norm1.bias:lr=1e-05
2026/06/10 17:08:23 - mmengine - INFO - paramwise_options -- backbone.adapter.backbone.blocks.11.norm1.bias:weight_decay=0.05
2026/06/10 17:08:23 - mmengine - INFO - paramwise_options -- backbone.adapter.backbone.blocks.11.norm1.bias:lr_mult=0.1
2026/06/10 17:08:23 - mmengine - INFO - paramwise_options -- backbone.adapter.backbone.blocks.11.norm1.bias:decay_mult=1.0
2026/06/10 17:08:23 - mmengine - INFO - paramwise_options -- backbone.adapter.backbone.blocks.11.attn.qkv.weight:lr=1e-05
2026/06/10 17:08:23 - mmengine - INFO - paramwise_options -- backbone.adapter.backbone.blocks.11.attn.qkv.weight:weight_decay=0.05
2026/06/10 17:08:23 - mmengine - INFO - paramwise_options -- backbone.adapter.backbone.blocks.11.attn.qkv.weight:lr_mult=0.1
2026/06/10 17:08:23 - mmengine - INFO - paramwise_options -- backbone.adapter.backbone.blocks.11.attn.qkv.weight:decay_mult=1.0
2026/06/10 17:08:23 - mmengine - INFO - paramwise_options -- backbone.adapter.backbone.blocks.11.attn.qkv.bias:lr=1e-05
2026/06/10 17:08:23 - mmengine - INFO - paramwise_options -- backbone.adapter.backbone.blocks.11.attn.qkv.bias:weight_decay=0.05
2026/06/10 17:08:23 - mmengine - INFO - paramwise_options -- backbone.adapter.backbone.blocks.11.attn.qkv.bias:lr_mult=0.1
2026/06/10 17:08:23 - mmengine - INFO - paramwise_options -- backbone.adapter.backbone.blocks.11.attn.qkv.bias:decay_mult=1.0
2026/06/10 17:08:23 - mmengine - INFO - paramwise_options -- backbone.adapter.backbone.blocks.11.attn.proj.weight:lr=1e-05
2026/06/10 17:08:23 - mmengine - INFO - paramwise_options -- backbone.adapter.backbone.blocks.11.attn.proj.weight:weight_decay=0.05
2026/06/10 17:08:23 - mmengine - INFO - paramwise_options -- backbone.adapter.backbone.blocks.11.attn.proj.weight:lr_mult=0.1
2026/06/10 17:08:23 - mmengine - INFO - paramwise_options -- backbone.adapter.backbone.blocks.11.attn.proj.weight:decay_mult=1.0
2026/06/10 17:08:23 - mmengine - INFO - paramwise_options -- backbone.adapter.backbone.blocks.11.attn.proj.bias:lr=1e-05
2026/06/10 17:08:23 - mmengine - INFO - paramwise_options -- backbone.adapter.backbone.blocks.11.attn.proj.bias:weight_decay=0.05
2026/06/10 17:08:23 - mmengine - INFO - paramwise_options -- backbone.adapter.backbone.blocks.11.attn.proj.bias:lr_mult=0.1
2026/06/10 17:08:23 - mmengine - INFO - paramwise_options -- backbone.adapter.backbone.blocks.11.attn.proj.bias:decay_mult=1.0
2026/06/10 17:08:23 - mmengine - INFO - paramwise_options -- backbone.adapter.backbone.blocks.11.ls1.gamma:lr=1e-05
2026/06/10 17:08:23 - mmengine - INFO - paramwise_options -- backbone.adapter.backbone.blocks.11.ls1.gamma:weight_decay=0.05
2026/06/10 17:08:23 - mmengine - INFO - paramwise_options -- backbone.adapter.backbone.blocks.11.ls1.gamma:lr_mult=0.1
2026/06/10 17:08:23 - mmengine - INFO - paramwise_options -- backbone.adapter.backbone.blocks.11.ls1.gamma:decay_mult=1.0
2026/06/10 17:08:23 - mmengine - INFO - paramwise_options -- backbone.adapter.backbone.blocks.11.norm2.weight:lr=1e-05
2026/06/10 17:08:23 - mmengine - INFO - paramwise_options -- backbone.adapter.backbone.blocks.11.norm2.weight:weight_decay=0.05
2026/06/10 17:08:23 - mmengine - INFO - paramwise_options -- backbone.adapter.backbone.blocks.11.norm2.weight:lr_mult=0.1
2026/06/10 17:08:23 - mmengine - INFO - paramwise_options -- backbone.adapter.backbone.blocks.11.norm2.weight:decay_mult=1.0
2026/06/10 17:08:23 - mmengine - INFO - paramwise_options -- backbone.adapter.backbone.blocks.11.norm2.bias:lr=1e-05
2026/06/10 17:08:23 - mmengine - INFO - paramwise_options -- backbone.adapter.backbone.blocks.11.norm2.bias:weight_decay=0.05
2026/06/10 17:08:23 - mmengine - INFO - paramwise_options -- backbone.adapter.backbone.blocks.11.norm2.bias:lr_mult=0.1
2026/06/10 17:08:23 - mmengine - INFO - paramwise_options -- backbone.adapter.backbone.blocks.11.norm2.bias:decay_mult=1.0
2026/06/10 17:08:23 - mmengine - INFO - paramwise_options -- backbone.adapter.backbone.blocks.11.mlp.fc1.weight:lr=1e-05
2026/06/10 17:08:23 - mmengine - INFO - paramwise_options -- backbone.adapter.backbone.blocks.11.mlp.fc1.weight:weight_decay=0.05
2026/06/10 17:08:23 - mmengine - INFO - paramwise_options -- backbone.adapter.backbone.blocks.11.mlp.fc1.weight:lr_mult=0.1
2026/06/10 17:08:23 - mmengine - INFO - paramwise_options -- backbone.adapter.backbone.blocks.11.mlp.fc1.weight:decay_mult=1.0
2026/06/10 17:08:23 - mmengine - INFO - paramwise_options -- backbone.adapter.backbone.blocks.11.mlp.fc1.bias:lr=1e-05
2026/06/10 17:08:23 - mmengine - INFO - paramwise_options -- backbone.adapter.backbone.blocks.11.mlp.fc1.bias:weight_decay=0.05
2026/06/10 17:08:23 - mmengine - INFO - paramwise_options -- backbone.adapter.backbone.blocks.11.mlp.fc1.bias:lr_mult=0.1
2026/06/10 17:08:23 - mmengine - INFO - paramwise_options -- backbone.adapter.backbone.blocks.11.mlp.fc1.bias:decay_mult=1.0
2026/06/10 17:08:23 - mmengine - INFO - paramwise_options -- backbone.adapter.backbone.blocks.11.mlp.fc2.weight:lr=1e-05
2026/06/10 17:08:23 - mmengine - INFO - paramwise_options -- backbone.adapter.backbone.blocks.11.mlp.fc2.weight:weight_decay=0.05
2026/06/10 17:08:23 - mmengine - INFO - paramwise_options -- backbone.adapter.backbone.blocks.11.mlp.fc2.weight:lr_mult=0.1
2026/06/10 17:08:23 - mmengine - INFO - paramwise_options -- backbone.adapter.backbone.blocks.11.mlp.fc2.weight:decay_mult=1.0
2026/06/10 17:08:23 - mmengine - INFO - paramwise_options -- backbone.adapter.backbone.blocks.11.mlp.fc2.bias:lr=1e-05
2026/06/10 17:08:23 - mmengine - INFO - paramwise_options -- backbone.adapter.backbone.blocks.11.mlp.fc2.bias:weight_decay=0.05
2026/06/10 17:08:23 - mmengine - INFO - paramwise_options -- backbone.adapter.backbone.blocks.11.mlp.fc2.bias:lr_mult=0.1
2026/06/10 17:08:23 - mmengine - INFO - paramwise_options -- backbone.adapter.backbone.blocks.11.mlp.fc2.bias:decay_mult=1.0
2026/06/10 17:08:23 - mmengine - INFO - paramwise_options -- backbone.adapter.backbone.blocks.11.ls2.gamma:lr=1e-05
2026/06/10 17:08:23 - mmengine - INFO - paramwise_options -- backbone.adapter.backbone.blocks.11.ls2.gamma:weight_decay=0.05
2026/06/10 17:08:23 - mmengine - INFO - paramwise_options -- backbone.adapter.backbone.blocks.11.ls2.gamma:lr_mult=0.1
2026/06/10 17:08:23 - mmengine - INFO - paramwise_options -- backbone.adapter.backbone.blocks.11.ls2.gamma:decay_mult=1.0
2026/06/10 17:08:23 - mmengine - INFO - paramwise_options -- backbone.adapter.backbone.norm.weight:lr=1e-05
2026/06/10 17:08:23 - mmengine - INFO - paramwise_options -- backbone.adapter.backbone.norm.weight:weight_decay=0.05
2026/06/10 17:08:23 - mmengine - INFO - paramwise_options -- backbone.adapter.backbone.norm.weight:lr_mult=0.1
2026/06/10 17:08:23 - mmengine - INFO - paramwise_options -- backbone.adapter.backbone.norm.weight:decay_mult=1.0
2026/06/10 17:08:24 - mmengine - INFO - paramwise_options -- backbone.adapter.backbone.norm.bias:lr=1e-05
2026/06/10 17:08:24 - mmengine - INFO - paramwise_options -- backbone.adapter.backbone.norm.bias:weight_decay=0.05
2026/06/10 17:08:24 - mmengine - INFO - paramwise_options -- backbone.adapter.backbone.norm.bias:lr_mult=0.1
2026/06/10 17:08:24 - mmengine - INFO - paramwise_options -- backbone.adapter.backbone.norm.bias:decay_mult=1.0
2026/06/10 17:08:24 - mmengine - INFO - paramwise_options -- backbone.adapter.spm.stem.0.weight:lr=1e-05
2026/06/10 17:08:24 - mmengine - INFO - paramwise_options -- backbone.adapter.spm.stem.0.weight:weight_decay=0.05
2026/06/10 17:08:24 - mmengine - INFO - paramwise_options -- backbone.adapter.spm.stem.0.weight:lr_mult=0.1
2026/06/10 17:08:24 - mmengine - INFO - paramwise_options -- backbone.adapter.spm.stem.0.weight:decay_mult=1.0
2026/06/10 17:08:24 - mmengine - INFO - paramwise_options -- backbone.adapter.spm.stem.1.weight:lr=1e-05
2026/06/10 17:08:24 - mmengine - INFO - paramwise_options -- backbone.adapter.spm.stem.1.weight:weight_decay=0.05
2026/06/10 17:08:24 - mmengine - INFO - paramwise_options -- backbone.adapter.spm.stem.1.weight:lr_mult=0.1
2026/06/10 17:08:24 - mmengine - INFO - paramwise_options -- backbone.adapter.spm.stem.1.weight:decay_mult=1.0
2026/06/10 17:08:24 - mmengine - INFO - paramwise_options -- backbone.adapter.spm.stem.1.bias:lr=1e-05
2026/06/10 17:08:24 - mmengine - INFO - paramwise_options -- backbone.adapter.spm.stem.1.bias:weight_decay=0.05
2026/06/10 17:08:24 - mmengine - INFO - paramwise_options -- backbone.adapter.spm.stem.1.bias:lr_mult=0.1
2026/06/10 17:08:24 - mmengine - INFO - paramwise_options -- backbone.adapter.spm.stem.1.bias:decay_mult=1.0
2026/06/10 17:08:24 - mmengine - INFO - paramwise_options -- backbone.adapter.spm.stem.3.weight:lr=1e-05
2026/06/10 17:08:24 - mmengine - INFO - paramwise_options -- backbone.adapter.spm.stem.3.weight:weight_decay=0.05
2026/06/10 17:08:24 - mmengine - INFO - paramwise_options -- backbone.adapter.spm.stem.3.weight:lr_mult=0.1
2026/06/10 17:08:24 - mmengine - INFO - paramwise_options -- backbone.adapter.spm.stem.3.weight:decay_mult=1.0
2026/06/10 17:08:24 - mmengine - INFO - paramwise_options -- backbone.adapter.spm.stem.4.weight:lr=1e-05
2026/06/10 17:08:24 - mmengine - INFO - paramwise_options -- backbone.adapter.spm.stem.4.weight:weight_decay=0.05
2026/06/10 17:08:24 - mmengine - INFO - paramwise_options -- backbone.adapter.spm.stem.4.weight:lr_mult=0.1
2026/06/10 17:08:24 - mmengine - INFO - paramwise_options -- backbone.adapter.spm.stem.4.weight:decay_mult=1.0
2026/06/10 17:08:24 - mmengine - INFO - paramwise_options -- backbone.adapter.spm.stem.4.bias:lr=1e-05
2026/06/10 17:08:24 - mmengine - INFO - paramwise_options -- backbone.adapter.spm.stem.4.bias:weight_decay=0.05
2026/06/10 17:08:24 - mmengine - INFO - paramwise_options -- backbone.adapter.spm.stem.4.bias:lr_mult=0.1
2026/06/10 17:08:24 - mmengine - INFO - paramwise_options -- backbone.adapter.spm.stem.4.bias:decay_mult=1.0
2026/06/10 17:08:24 - mmengine - INFO - paramwise_options -- backbone.adapter.spm.stem.6.weight:lr=1e-05
2026/06/10 17:08:24 - mmengine - INFO - paramwise_options -- backbone.adapter.spm.stem.6.weight:weight_decay=0.05
2026/06/10 17:08:24 - mmengine - INFO - paramwise_options -- backbone.adapter.spm.stem.6.weight:lr_mult=0.1
2026/06/10 17:08:24 - mmengine - INFO - paramwise_options -- backbone.adapter.spm.stem.6.weight:decay_mult=1.0
2026/06/10 17:08:24 - mmengine - INFO - paramwise_options -- backbone.adapter.spm.stem.7.weight:lr=1e-05
2026/06/10 17:08:24 - mmengine - INFO - paramwise_options -- backbone.adapter.spm.stem.7.weight:weight_decay=0.05
2026/06/10 17:08:24 - mmengine - INFO - paramwise_options -- backbone.adapter.spm.stem.7.weight:lr_mult=0.1
2026/06/10 17:08:24 - mmengine - INFO - paramwise_options -- backbone.adapter.spm.stem.7.weight:decay_mult=1.0
2026/06/10 17:08:24 - mmengine - INFO - paramwise_options -- backbone.adapter.spm.stem.7.bias:lr=1e-05
2026/06/10 17:08:24 - mmengine - INFO - paramwise_options -- backbone.adapter.spm.stem.7.bias:weight_decay=0.05
2026/06/10 17:08:24 - mmengine - INFO - paramwise_options -- backbone.adapter.spm.stem.7.bias:lr_mult=0.1
2026/06/10 17:08:24 - mmengine - INFO - paramwise_options -- backbone.adapter.spm.stem.7.bias:decay_mult=1.0
2026/06/10 17:08:24 - mmengine - INFO - paramwise_options -- backbone.adapter.spm.conv2.0.weight:lr=1e-05
2026/06/10 17:08:24 - mmengine - INFO - paramwise_options -- backbone.adapter.spm.conv2.0.weight:weight_decay=0.05
2026/06/10 17:08:24 - mmengine - INFO - paramwise_options -- backbone.adapter.spm.conv2.0.weight:lr_mult=0.1
2026/06/10 17:08:24 - mmengine - INFO - paramwise_options -- backbone.adapter.spm.conv2.0.weight:decay_mult=1.0
2026/06/10 17:08:24 - mmengine - INFO - paramwise_options -- backbone.adapter.spm.conv2.1.weight:lr=1e-05
2026/06/10 17:08:24 - mmengine - INFO - paramwise_options -- backbone.adapter.spm.conv2.1.weight:weight_decay=0.05
2026/06/10 17:08:24 - mmengine - INFO - paramwise_options -- backbone.adapter.spm.conv2.1.weight:lr_mult=0.1
2026/06/10 17:08:24 - mmengine - INFO - paramwise_options -- backbone.adapter.spm.conv2.1.weight:decay_mult=1.0
2026/06/10 17:08:24 - mmengine - INFO - paramwise_options -- backbone.adapter.spm.conv2.1.bias:lr=1e-05
2026/06/10 17:08:24 - mmengine - INFO - paramwise_options -- backbone.adapter.spm.conv2.1.bias:weight_decay=0.05
2026/06/10 17:08:24 - mmengine - INFO - paramwise_options -- backbone.adapter.spm.conv2.1.bias:lr_mult=0.1
2026/06/10 17:08:24 - mmengine - INFO - paramwise_options -- backbone.adapter.spm.conv2.1.bias:decay_mult=1.0
2026/06/10 17:08:24 - mmengine - INFO - paramwise_options -- backbone.adapter.spm.conv3.0.weight:lr=1e-05
2026/06/10 17:08:24 - mmengine - INFO - paramwise_options -- backbone.adapter.spm.conv3.0.weight:weight_decay=0.05
2026/06/10 17:08:24 - mmengine - INFO - paramwise_options -- backbone.adapter.spm.conv3.0.weight:lr_mult=0.1
2026/06/10 17:08:24 - mmengine - INFO - paramwise_options -- backbone.adapter.spm.conv3.0.weight:decay_mult=1.0
2026/06/10 17:08:24 - mmengine - INFO - paramwise_options -- backbone.adapter.spm.conv3.1.weight:lr=1e-05
2026/06/10 17:08:24 - mmengine - INFO - paramwise_options -- backbone.adapter.spm.conv3.1.weight:weight_decay=0.05
2026/06/10 17:08:24 - mmengine - INFO - paramwise_options -- backbone.adapter.spm.conv3.1.weight:lr_mult=0.1
2026/06/10 17:08:24 - mmengine - INFO - paramwise_options -- backbone.adapter.spm.conv3.1.weight:decay_mult=1.0
2026/06/10 17:08:24 - mmengine - INFO - paramwise_options -- backbone.adapter.spm.conv3.1.bias:lr=1e-05
2026/06/10 17:08:24 - mmengine - INFO - paramwise_options -- backbone.adapter.spm.conv3.1.bias:weight_decay=0.05
2026/06/10 17:08:24 - mmengine - INFO - paramwise_options -- backbone.adapter.spm.conv3.1.bias:lr_mult=0.1
2026/06/10 17:08:24 - mmengine - INFO - paramwise_options -- backbone.adapter.spm.conv3.1.bias:decay_mult=1.0
2026/06/10 17:08:24 - mmengine - INFO - paramwise_options -- backbone.adapter.spm.conv4.0.weight:lr=1e-05
2026/06/10 17:08:24 - mmengine - INFO - paramwise_options -- backbone.adapter.spm.conv4.0.weight:weight_decay=0.05
2026/06/10 17:08:24 - mmengine - INFO - paramwise_options -- backbone.adapter.spm.conv4.0.weight:lr_mult=0.1
2026/06/10 17:08:24 - mmengine - INFO - paramwise_options -- backbone.adapter.spm.conv4.0.weight:decay_mult=1.0
2026/06/10 17:08:24 - mmengine - INFO - paramwise_options -- backbone.adapter.spm.conv4.1.weight:lr=1e-05
2026/06/10 17:08:24 - mmengine - INFO - paramwise_options -- backbone.adapter.spm.conv4.1.weight:weight_decay=0.05
2026/06/10 17:08:24 - mmengine - INFO - paramwise_options -- backbone.adapter.spm.conv4.1.weight:lr_mult=0.1
2026/06/10 17:08:24 - mmengine - INFO - paramwise_options -- backbone.adapter.spm.conv4.1.weight:decay_mult=1.0
2026/06/10 17:08:24 - mmengine - INFO - paramwise_options -- backbone.adapter.spm.conv4.1.bias:lr=1e-05
2026/06/10 17:08:24 - mmengine - INFO - paramwise_options -- backbone.adapter.spm.conv4.1.bias:weight_decay=0.05
2026/06/10 17:08:24 - mmengine - INFO - paramwise_options -- backbone.adapter.spm.conv4.1.bias:lr_mult=0.1
2026/06/10 17:08:24 - mmengine - INFO - paramwise_options -- backbone.adapter.spm.conv4.1.bias:decay_mult=1.0
2026/06/10 17:08:24 - mmengine - INFO - paramwise_options -- backbone.adapter.spm.fc1.weight:lr=1e-05
2026/06/10 17:08:24 - mmengine - INFO - paramwise_options -- backbone.adapter.spm.fc1.weight:weight_decay=0.05
2026/06/10 17:08:24 - mmengine - INFO - paramwise_options -- backbone.adapter.spm.fc1.weight:lr_mult=0.1
2026/06/10 17:08:24 - mmengine - INFO - paramwise_options -- backbone.adapter.spm.fc1.weight:decay_mult=1.0
2026/06/10 17:08:24 - mmengine - INFO - paramwise_options -- backbone.adapter.spm.fc1.bias:lr=1e-05
2026/06/10 17:08:24 - mmengine - INFO - paramwise_options -- backbone.adapter.spm.fc1.bias:weight_decay=0.05
2026/06/10 17:08:24 - mmengine - INFO - paramwise_options -- backbone.adapter.spm.fc1.bias:lr_mult=0.1
2026/06/10 17:08:24 - mmengine - INFO - paramwise_options -- backbone.adapter.spm.fc1.bias:decay_mult=1.0
2026/06/10 17:08:24 - mmengine - INFO - paramwise_options -- backbone.adapter.spm.fc2.weight:lr=1e-05
2026/06/10 17:08:24 - mmengine - INFO - paramwise_options -- backbone.adapter.spm.fc2.weight:weight_decay=0.05
2026/06/10 17:08:24 - mmengine - INFO - paramwise_options -- backbone.adapter.spm.fc2.weight:lr_mult=0.1
2026/06/10 17:08:24 - mmengine - INFO - paramwise_options -- backbone.adapter.spm.fc2.weight:decay_mult=1.0
2026/06/10 17:08:24 - mmengine - INFO - paramwise_options -- backbone.adapter.spm.fc2.bias:lr=1e-05
2026/06/10 17:08:24 - mmengine - INFO - paramwise_options -- backbone.adapter.spm.fc2.bias:weight_decay=0.05
2026/06/10 17:08:24 - mmengine - INFO - paramwise_options -- backbone.adapter.spm.fc2.bias:lr_mult=0.1
2026/06/10 17:08:24 - mmengine - INFO - paramwise_options -- backbone.adapter.spm.fc2.bias:decay_mult=1.0
2026/06/10 17:08:24 - mmengine - INFO - paramwise_options -- backbone.adapter.spm.fc3.weight:lr=1e-05
2026/06/10 17:08:24 - mmengine - INFO - paramwise_options -- backbone.adapter.spm.fc3.weight:weight_decay=0.05
2026/06/10 17:08:24 - mmengine - INFO - paramwise_options -- backbone.adapter.spm.fc3.weight:lr_mult=0.1
2026/06/10 17:08:24 - mmengine - INFO - paramwise_options -- backbone.adapter.spm.fc3.weight:decay_mult=1.0
2026/06/10 17:08:24 - mmengine - INFO - paramwise_options -- backbone.adapter.spm.fc3.bias:lr=1e-05
2026/06/10 17:08:24 - mmengine - INFO - paramwise_options -- backbone.adapter.spm.fc3.bias:weight_decay=0.05
2026/06/10 17:08:24 - mmengine - INFO - paramwise_options -- backbone.adapter.spm.fc3.bias:lr_mult=0.1
2026/06/10 17:08:24 - mmengine - INFO - paramwise_options -- backbone.adapter.spm.fc3.bias:decay_mult=1.0
2026/06/10 17:08:24 - mmengine - INFO - paramwise_options -- backbone.adapter.spm.fc4.weight:lr=1e-05
2026/06/10 17:08:24 - mmengine - INFO - paramwise_options -- backbone.adapter.spm.fc4.weight:weight_decay=0.05
2026/06/10 17:08:24 - mmengine - INFO - paramwise_options -- backbone.adapter.spm.fc4.weight:lr_mult=0.1
2026/06/10 17:08:24 - mmengine - INFO - paramwise_options -- backbone.adapter.spm.fc4.weight:decay_mult=1.0
2026/06/10 17:08:24 - mmengine - INFO - paramwise_options -- backbone.adapter.spm.fc4.bias:lr=1e-05
2026/06/10 17:08:24 - mmengine - INFO - paramwise_options -- backbone.adapter.spm.fc4.bias:weight_decay=0.05
2026/06/10 17:08:24 - mmengine - INFO - paramwise_options -- backbone.adapter.spm.fc4.bias:lr_mult=0.1
2026/06/10 17:08:24 - mmengine - INFO - paramwise_options -- backbone.adapter.spm.fc4.bias:decay_mult=1.0
2026/06/10 17:08:24 - mmengine - INFO - paramwise_options -- backbone.adapter.interactions.0.extractor.query_norm.weight:lr=1e-05
2026/06/10 17:08:24 - mmengine - INFO - paramwise_options -- backbone.adapter.interactions.0.extractor.query_norm.weight:weight_decay=0.05
2026/06/10 17:08:24 - mmengine - INFO - paramwise_options -- backbone.adapter.interactions.0.extractor.query_norm.weight:lr_mult=0.1
2026/06/10 17:08:24 - mmengine - INFO - paramwise_options -- backbone.adapter.interactions.0.extractor.query_norm.weight:decay_mult=1.0
2026/06/10 17:08:24 - mmengine - INFO - paramwise_options -- backbone.adapter.interactions.0.extractor.query_norm.bias:lr=1e-05
2026/06/10 17:08:24 - mmengine - INFO - paramwise_options -- backbone.adapter.interactions.0.extractor.query_norm.bias:weight_decay=0.05
2026/06/10 17:08:24 - mmengine - INFO - paramwise_options -- backbone.adapter.interactions.0.extractor.query_norm.bias:lr_mult=0.1
2026/06/10 17:08:24 - mmengine - INFO - paramwise_options -- backbone.adapter.interactions.0.extractor.query_norm.bias:decay_mult=1.0
2026/06/10 17:08:24 - mmengine - INFO - paramwise_options -- backbone.adapter.interactions.0.extractor.feat_norm.weight:lr=1e-05
2026/06/10 17:08:24 - mmengine - INFO - paramwise_options -- backbone.adapter.interactions.0.extractor.feat_norm.weight:weight_decay=0.05
2026/06/10 17:08:24 - mmengine - INFO - paramwise_options -- backbone.adapter.interactions.0.extractor.feat_norm.weight:lr_mult=0.1
2026/06/10 17:08:24 - mmengine - INFO - paramwise_options -- backbone.adapter.interactions.0.extractor.feat_norm.weight:decay_mult=1.0
2026/06/10 17:08:24 - mmengine - INFO - paramwise_options -- backbone.adapter.interactions.0.extractor.feat_norm.bias:lr=1e-05
2026/06/10 17:08:24 - mmengine - INFO - paramwise_options -- backbone.adapter.interactions.0.extractor.feat_norm.bias:weight_decay=0.05
2026/06/10 17:08:24 - mmengine - INFO - paramwise_options -- backbone.adapter.interactions.0.extractor.feat_norm.bias:lr_mult=0.1
2026/06/10 17:08:24 - mmengine - INFO - paramwise_options -- backbone.adapter.interactions.0.extractor.feat_norm.bias:decay_mult=1.0
2026/06/10 17:08:24 - mmengine - INFO - paramwise_options -- backbone.adapter.interactions.0.extractor.attn.attn.sampling_offsets.weight:lr=1e-05
2026/06/10 17:08:24 - mmengine - INFO - paramwise_options -- backbone.adapter.interactions.0.extractor.attn.attn.sampling_offsets.weight:weight_decay=0.05
2026/06/10 17:08:24 - mmengine - INFO - paramwise_options -- backbone.adapter.interactions.0.extractor.attn.attn.sampling_offsets.weight:lr_mult=0.1
2026/06/10 17:08:24 - mmengine - INFO - paramwise_options -- backbone.adapter.interactions.0.extractor.attn.attn.sampling_offsets.weight:decay_mult=1.0
2026/06/10 17:08:24 - mmengine - INFO - paramwise_options -- backbone.adapter.interactions.0.extractor.attn.attn.sampling_offsets.bias:lr=1e-05
2026/06/10 17:08:24 - mmengine - INFO - paramwise_options -- backbone.adapter.interactions.0.extractor.attn.attn.sampling_offsets.bias:weight_decay=0.05
2026/06/10 17:08:24 - mmengine - INFO - paramwise_options -- backbone.adapter.interactions.0.extractor.attn.attn.sampling_offsets.bias:lr_mult=0.1
2026/06/10 17:08:24 - mmengine - INFO - paramwise_options -- backbone.adapter.interactions.0.extractor.attn.attn.sampling_offsets.bias:decay_mult=1.0
2026/06/10 17:08:24 - mmengine - INFO - paramwise_options -- backbone.adapter.interactions.0.extractor.attn.attn.attention_weights.weight:lr=1e-05
2026/06/10 17:08:24 - mmengine - INFO - paramwise_options -- backbone.adapter.interactions.0.extractor.attn.attn.attention_weights.weight:weight_decay=0.05
2026/06/10 17:08:24 - mmengine - INFO - paramwise_options -- backbone.adapter.interactions.0.extractor.attn.attn.attention_weights.weight:lr_mult=0.1
2026/06/10 17:08:24 - mmengine - INFO - paramwise_options -- backbone.adapter.interactions.0.extractor.attn.attn.attention_weights.weight:decay_mult=1.0
2026/06/10 17:08:24 - mmengine - INFO - paramwise_options -- backbone.adapter.interactions.0.extractor.attn.attn.attention_weights.bias:lr=1e-05
2026/06/10 17:08:24 - mmengine - INFO - paramwise_options -- backbone.adapter.interactions.0.extractor.attn.attn.attention_weights.bias:weight_decay=0.05
2026/06/10 17:08:24 - mmengine - INFO - paramwise_options -- backbone.adapter.interactions.0.extractor.attn.attn.attention_weights.bias:lr_mult=0.1
2026/06/10 17:08:24 - mmengine - INFO - paramwise_options -- backbone.adapter.interactions.0.extractor.attn.attn.attention_weights.bias:decay_mult=1.0
2026/06/10 17:08:24 - mmengine - INFO - paramwise_options -- backbone.adapter.interactions.0.extractor.attn.attn.value_proj.weight:lr=1e-05
2026/06/10 17:08:24 - mmengine - INFO - paramwise_options -- backbone.adapter.interactions.0.extractor.attn.attn.value_proj.weight:weight_decay=0.05
2026/06/10 17:08:24 - mmengine - INFO - paramwise_options -- backbone.adapter.interactions.0.extractor.attn.attn.value_proj.weight:lr_mult=0.1
2026/06/10 17:08:24 - mmengine - INFO - paramwise_options -- backbone.adapter.interactions.0.extractor.attn.attn.value_proj.weight:decay_mult=1.0
2026/06/10 17:08:24 - mmengine - INFO - paramwise_options -- backbone.adapter.interactions.0.extractor.attn.attn.value_proj.bias:lr=1e-05
2026/06/10 17:08:24 - mmengine - INFO - paramwise_options -- backbone.adapter.interactions.0.extractor.attn.attn.value_proj.bias:weight_decay=0.05
2026/06/10 17:08:24 - mmengine - INFO - paramwise_options -- backbone.adapter.interactions.0.extractor.attn.attn.value_proj.bias:lr_mult=0.1
2026/06/10 17:08:24 - mmengine - INFO - paramwise_options -- backbone.adapter.interactions.0.extractor.attn.attn.value_proj.bias:decay_mult=1.0
2026/06/10 17:08:24 - mmengine - INFO - paramwise_options -- backbone.adapter.interactions.0.extractor.attn.attn.output_proj.weight:lr=1e-05
2026/06/10 17:08:24 - mmengine - INFO - paramwise_options -- backbone.adapter.interactions.0.extractor.attn.attn.output_proj.weight:weight_decay=0.05
2026/06/10 17:08:24 - mmengine - INFO - paramwise_options -- backbone.adapter.interactions.0.extractor.attn.attn.output_proj.weight:lr_mult=0.1
2026/06/10 17:08:24 - mmengine - INFO - paramwise_options -- backbone.adapter.interactions.0.extractor.attn.attn.output_proj.weight:decay_mult=1.0
2026/06/10 17:08:24 - mmengine - INFO - paramwise_options -- backbone.adapter.interactions.0.extractor.attn.attn.output_proj.bias:lr=1e-05
2026/06/10 17:08:24 - mmengine - INFO - paramwise_options -- backbone.adapter.interactions.0.extractor.attn.attn.output_proj.bias:weight_decay=0.05
2026/06/10 17:08:24 - mmengine - INFO - paramwise_options -- backbone.adapter.interactions.0.extractor.attn.attn.output_proj.bias:lr_mult=0.1
2026/06/10 17:08:24 - mmengine - INFO - paramwise_options -- backbone.adapter.interactions.0.extractor.attn.attn.output_proj.bias:decay_mult=1.0
2026/06/10 17:08:24 - mmengine - INFO - paramwise_options -- backbone.adapter.interactions.0.extractor.ffn.fc1.weight:lr=1e-05
2026/06/10 17:08:24 - mmengine - INFO - paramwise_options -- backbone.adapter.interactions.0.extractor.ffn.fc1.weight:weight_decay=0.05
2026/06/10 17:08:24 - mmengine - INFO - paramwise_options -- backbone.adapter.interactions.0.extractor.ffn.fc1.weight:lr_mult=0.1
2026/06/10 17:08:24 - mmengine - INFO - paramwise_options -- backbone.adapter.interactions.0.extractor.ffn.fc1.weight:decay_mult=1.0
2026/06/10 17:08:24 - mmengine - INFO - paramwise_options -- backbone.adapter.interactions.0.extractor.ffn.fc1.bias:lr=1e-05
2026/06/10 17:08:24 - mmengine - INFO - paramwise_options -- backbone.adapter.interactions.0.extractor.ffn.fc1.bias:weight_decay=0.05
2026/06/10 17:08:24 - mmengine - INFO - paramwise_options -- backbone.adapter.interactions.0.extractor.ffn.fc1.bias:lr_mult=0.1
2026/06/10 17:08:24 - mmengine - INFO - paramwise_options -- backbone.adapter.interactions.0.extractor.ffn.fc1.bias:decay_mult=1.0
2026/06/10 17:08:24 - mmengine - INFO - paramwise_options -- backbone.adapter.interactions.0.extractor.ffn.dwconv.dwconv.weight:lr=1e-05
2026/06/10 17:08:24 - mmengine - INFO - paramwise_options -- backbone.adapter.interactions.0.extractor.ffn.dwconv.dwconv.weight:weight_decay=0.05
2026/06/10 17:08:24 - mmengine - INFO - paramwise_options -- backbone.adapter.interactions.0.extractor.ffn.dwconv.dwconv.weight:lr_mult=0.1
2026/06/10 17:08:24 - mmengine - INFO - paramwise_options -- backbone.adapter.interactions.0.extractor.ffn.dwconv.dwconv.weight:decay_mult=1.0
2026/06/10 17:08:24 - mmengine - INFO - paramwise_options -- backbone.adapter.interactions.0.extractor.ffn.dwconv.dwconv.bias:lr=1e-05
2026/06/10 17:08:24 - mmengine - INFO - paramwise_options -- backbone.adapter.interactions.0.extractor.ffn.dwconv.dwconv.bias:weight_decay=0.05
2026/06/10 17:08:24 - mmengine - INFO - paramwise_options -- backbone.adapter.interactions.0.extractor.ffn.dwconv.dwconv.bias:lr_mult=0.1
2026/06/10 17:08:24 - mmengine - INFO - paramwise_options -- backbone.adapter.interactions.0.extractor.ffn.dwconv.dwconv.bias:decay_mult=1.0
2026/06/10 17:08:24 - mmengine - INFO - paramwise_options -- backbone.adapter.interactions.0.extractor.ffn.fc2.weight:lr=1e-05
2026/06/10 17:08:24 - mmengine - INFO - paramwise_options -- backbone.adapter.interactions.0.extractor.ffn.fc2.weight:weight_decay=0.05
2026/06/10 17:08:24 - mmengine - INFO - paramwise_options -- backbone.adapter.interactions.0.extractor.ffn.fc2.weight:lr_mult=0.1
2026/06/10 17:08:24 - mmengine - INFO - paramwise_options -- backbone.adapter.interactions.0.extractor.ffn.fc2.weight:decay_mult=1.0
2026/06/10 17:08:24 - mmengine - INFO - paramwise_options -- backbone.adapter.interactions.0.extractor.ffn.fc2.bias:lr=1e-05
2026/06/10 17:08:24 - mmengine - INFO - paramwise_options -- backbone.adapter.interactions.0.extractor.ffn.fc2.bias:weight_decay=0.05
2026/06/10 17:08:24 - mmengine - INFO - paramwise_options -- backbone.adapter.interactions.0.extractor.ffn.fc2.bias:lr_mult=0.1
2026/06/10 17:08:24 - mmengine - INFO - paramwise_options -- backbone.adapter.interactions.0.extractor.ffn.fc2.bias:decay_mult=1.0
2026/06/10 17:08:24 - mmengine - INFO - paramwise_options -- backbone.adapter.interactions.0.extractor.ffn_norm.weight:lr=1e-05
2026/06/10 17:08:24 - mmengine - INFO - paramwise_options -- backbone.adapter.interactions.0.extractor.ffn_norm.weight:weight_decay=0.05
2026/06/10 17:08:24 - mmengine - INFO - paramwise_options -- backbone.adapter.interactions.0.extractor.ffn_norm.weight:lr_mult=0.1
2026/06/10 17:08:24 - mmengine - INFO - paramwise_options -- backbone.adapter.interactions.0.extractor.ffn_norm.weight:decay_mult=1.0
2026/06/10 17:08:24 - mmengine - INFO - paramwise_options -- backbone.adapter.interactions.0.extractor.ffn_norm.bias:lr=1e-05
2026/06/10 17:08:24 - mmengine - INFO - paramwise_options -- backbone.adapter.interactions.0.extractor.ffn_norm.bias:weight_decay=0.05
2026/06/10 17:08:24 - mmengine - INFO - paramwise_options -- backbone.adapter.interactions.0.extractor.ffn_norm.bias:lr_mult=0.1
2026/06/10 17:08:24 - mmengine - INFO - paramwise_options -- backbone.adapter.interactions.0.extractor.ffn_norm.bias:decay_mult=1.0
2026/06/10 17:08:24 - mmengine - INFO - paramwise_options -- backbone.adapter.interactions.1.extractor.query_norm.weight:lr=1e-05
2026/06/10 17:08:24 - mmengine - INFO - paramwise_options -- backbone.adapter.interactions.1.extractor.query_norm.weight:weight_decay=0.05
2026/06/10 17:08:24 - mmengine - INFO - paramwise_options -- backbone.adapter.interactions.1.extractor.query_norm.weight:lr_mult=0.1
2026/06/10 17:08:24 - mmengine - INFO - paramwise_options -- backbone.adapter.interactions.1.extractor.query_norm.weight:decay_mult=1.0
2026/06/10 17:08:24 - mmengine - INFO - paramwise_options -- backbone.adapter.interactions.1.extractor.query_norm.bias:lr=1e-05
2026/06/10 17:08:24 - mmengine - INFO - paramwise_options -- backbone.adapter.interactions.1.extractor.query_norm.bias:weight_decay=0.05
2026/06/10 17:08:24 - mmengine - INFO - paramwise_options -- backbone.adapter.interactions.1.extractor.query_norm.bias:lr_mult=0.1
2026/06/10 17:08:24 - mmengine - INFO - paramwise_options -- backbone.adapter.interactions.1.extractor.query_norm.bias:decay_mult=1.0
2026/06/10 17:08:24 - mmengine - INFO - paramwise_options -- backbone.adapter.interactions.1.extractor.feat_norm.weight:lr=1e-05
2026/06/10 17:08:24 - mmengine - INFO - paramwise_options -- backbone.adapter.interactions.1.extractor.feat_norm.weight:weight_decay=0.05
2026/06/10 17:08:24 - mmengine - INFO - paramwise_options -- backbone.adapter.interactions.1.extractor.feat_norm.weight:lr_mult=0.1
2026/06/10 17:08:24 - mmengine - INFO - paramwise_options -- backbone.adapter.interactions.1.extractor.feat_norm.weight:decay_mult=1.0
2026/06/10 17:08:24 - mmengine - INFO - paramwise_options -- backbone.adapter.interactions.1.extractor.feat_norm.bias:lr=1e-05
2026/06/10 17:08:24 - mmengine - INFO - paramwise_options -- backbone.adapter.interactions.1.extractor.feat_norm.bias:weight_decay=0.05
2026/06/10 17:08:24 - mmengine - INFO - paramwise_options -- backbone.adapter.interactions.1.extractor.feat_norm.bias:lr_mult=0.1
2026/06/10 17:08:24 - mmengine - INFO - paramwise_options -- backbone.adapter.interactions.1.extractor.feat_norm.bias:decay_mult=1.0
2026/06/10 17:08:24 - mmengine - INFO - paramwise_options -- backbone.adapter.interactions.1.extractor.attn.attn.sampling_offsets.weight:lr=1e-05
2026/06/10 17:08:24 - mmengine - INFO - paramwise_options -- backbone.adapter.interactions.1.extractor.attn.attn.sampling_offsets.weight:weight_decay=0.05
2026/06/10 17:08:24 - mmengine - INFO - paramwise_options -- backbone.adapter.interactions.1.extractor.attn.attn.sampling_offsets.weight:lr_mult=0.1
2026/06/10 17:08:24 - mmengine - INFO - paramwise_options -- backbone.adapter.interactions.1.extractor.attn.attn.sampling_offsets.weight:decay_mult=1.0
2026/06/10 17:08:24 - mmengine - INFO - paramwise_options -- backbone.adapter.interactions.1.extractor.attn.attn.sampling_offsets.bias:lr=1e-05
2026/06/10 17:08:24 - mmengine - INFO - paramwise_options -- backbone.adapter.interactions.1.extractor.attn.attn.sampling_offsets.bias:weight_decay=0.05
2026/06/10 17:08:25 - mmengine - INFO - paramwise_options -- backbone.adapter.interactions.1.extractor.attn.attn.sampling_offsets.bias:lr_mult=0.1
2026/06/10 17:08:25 - mmengine - INFO - paramwise_options -- backbone.adapter.interactions.1.extractor.attn.attn.sampling_offsets.bias:decay_mult=1.0
2026/06/10 17:08:25 - mmengine - INFO - paramwise_options -- backbone.adapter.interactions.1.extractor.attn.attn.attention_weights.weight:lr=1e-05
2026/06/10 17:08:25 - mmengine - INFO - paramwise_options -- backbone.adapter.interactions.1.extractor.attn.attn.attention_weights.weight:weight_decay=0.05
2026/06/10 17:08:25 - mmengine - INFO - paramwise_options -- backbone.adapter.interactions.1.extractor.attn.attn.attention_weights.weight:lr_mult=0.1
2026/06/10 17:08:25 - mmengine - INFO - paramwise_options -- backbone.adapter.interactions.1.extractor.attn.attn.attention_weights.weight:decay_mult=1.0
2026/06/10 17:08:25 - mmengine - INFO - paramwise_options -- backbone.adapter.interactions.1.extractor.attn.attn.attention_weights.bias:lr=1e-05
2026/06/10 17:08:25 - mmengine - INFO - paramwise_options -- backbone.adapter.interactions.1.extractor.attn.attn.attention_weights.bias:weight_decay=0.05
2026/06/10 17:08:25 - mmengine - INFO - paramwise_options -- backbone.adapter.interactions.1.extractor.attn.attn.attention_weights.bias:lr_mult=0.1
2026/06/10 17:08:25 - mmengine - INFO - paramwise_options -- backbone.adapter.interactions.1.extractor.attn.attn.attention_weights.bias:decay_mult=1.0
2026/06/10 17:08:25 - mmengine - INFO - paramwise_options -- backbone.adapter.interactions.1.extractor.attn.attn.value_proj.weight:lr=1e-05
2026/06/10 17:08:25 - mmengine - INFO - paramwise_options -- backbone.adapter.interactions.1.extractor.attn.attn.value_proj.weight:weight_decay=0.05
2026/06/10 17:08:25 - mmengine - INFO - paramwise_options -- backbone.adapter.interactions.1.extractor.attn.attn.value_proj.weight:lr_mult=0.1
2026/06/10 17:08:25 - mmengine - INFO - paramwise_options -- backbone.adapter.interactions.1.extractor.attn.attn.value_proj.weight:decay_mult=1.0
2026/06/10 17:08:25 - mmengine - INFO - paramwise_options -- backbone.adapter.interactions.1.extractor.attn.attn.value_proj.bias:lr=1e-05
2026/06/10 17:08:25 - mmengine - INFO - paramwise_options -- backbone.adapter.interactions.1.extractor.attn.attn.value_proj.bias:weight_decay=0.05
2026/06/10 17:08:25 - mmengine - INFO - paramwise_options -- backbone.adapter.interactions.1.extractor.attn.attn.value_proj.bias:lr_mult=0.1
2026/06/10 17:08:25 - mmengine - INFO - paramwise_options -- backbone.adapter.interactions.1.extractor.attn.attn.value_proj.bias:decay_mult=1.0
2026/06/10 17:08:25 - mmengine - INFO - paramwise_options -- backbone.adapter.interactions.1.extractor.attn.attn.output_proj.weight:lr=1e-05
2026/06/10 17:08:25 - mmengine - INFO - paramwise_options -- backbone.adapter.interactions.1.extractor.attn.attn.output_proj.weight:weight_decay=0.05
2026/06/10 17:08:25 - mmengine - INFO - paramwise_options -- backbone.adapter.interactions.1.extractor.attn.attn.output_proj.weight:lr_mult=0.1
2026/06/10 17:08:25 - mmengine - INFO - paramwise_options -- backbone.adapter.interactions.1.extractor.attn.attn.output_proj.weight:decay_mult=1.0
2026/06/10 17:08:25 - mmengine - INFO - paramwise_options -- backbone.adapter.interactions.1.extractor.attn.attn.output_proj.bias:lr=1e-05
2026/06/10 17:08:25 - mmengine - INFO - paramwise_options -- backbone.adapter.interactions.1.extractor.attn.attn.output_proj.bias:weight_decay=0.05
2026/06/10 17:08:25 - mmengine - INFO - paramwise_options -- backbone.adapter.interactions.1.extractor.attn.attn.output_proj.bias:lr_mult=0.1
2026/06/10 17:08:25 - mmengine - INFO - paramwise_options -- backbone.adapter.interactions.1.extractor.attn.attn.output_proj.bias:decay_mult=1.0
2026/06/10 17:08:25 - mmengine - INFO - paramwise_options -- backbone.adapter.interactions.1.extractor.ffn.fc1.weight:lr=1e-05
2026/06/10 17:08:25 - mmengine - INFO - paramwise_options -- backbone.adapter.interactions.1.extractor.ffn.fc1.weight:weight_decay=0.05
2026/06/10 17:08:25 - mmengine - INFO - paramwise_options -- backbone.adapter.interactions.1.extractor.ffn.fc1.weight:lr_mult=0.1
2026/06/10 17:08:25 - mmengine - INFO - paramwise_options -- backbone.adapter.interactions.1.extractor.ffn.fc1.weight:decay_mult=1.0
2026/06/10 17:08:25 - mmengine - INFO - paramwise_options -- backbone.adapter.interactions.1.extractor.ffn.fc1.bias:lr=1e-05
2026/06/10 17:08:25 - mmengine - INFO - paramwise_options -- backbone.adapter.interactions.1.extractor.ffn.fc1.bias:weight_decay=0.05
2026/06/10 17:08:25 - mmengine - INFO - paramwise_options -- backbone.adapter.interactions.1.extractor.ffn.fc1.bias:lr_mult=0.1
2026/06/10 17:08:25 - mmengine - INFO - paramwise_options -- backbone.adapter.interactions.1.extractor.ffn.fc1.bias:decay_mult=1.0
2026/06/10 17:08:25 - mmengine - INFO - paramwise_options -- backbone.adapter.interactions.1.extractor.ffn.dwconv.dwconv.weight:lr=1e-05
2026/06/10 17:08:25 - mmengine - INFO - paramwise_options -- backbone.adapter.interactions.1.extractor.ffn.dwconv.dwconv.weight:weight_decay=0.05
2026/06/10 17:08:25 - mmengine - INFO - paramwise_options -- backbone.adapter.interactions.1.extractor.ffn.dwconv.dwconv.weight:lr_mult=0.1
2026/06/10 17:08:25 - mmengine - INFO - paramwise_options -- backbone.adapter.interactions.1.extractor.ffn.dwconv.dwconv.weight:decay_mult=1.0
2026/06/10 17:08:25 - mmengine - INFO - paramwise_options -- backbone.adapter.interactions.1.extractor.ffn.dwconv.dwconv.bias:lr=1e-05
2026/06/10 17:08:25 - mmengine - INFO - paramwise_options -- backbone.adapter.interactions.1.extractor.ffn.dwconv.dwconv.bias:weight_decay=0.05
2026/06/10 17:08:25 - mmengine - INFO - paramwise_options -- backbone.adapter.interactions.1.extractor.ffn.dwconv.dwconv.bias:lr_mult=0.1
2026/06/10 17:08:25 - mmengine - INFO - paramwise_options -- backbone.adapter.interactions.1.extractor.ffn.dwconv.dwconv.bias:decay_mult=1.0
2026/06/10 17:08:25 - mmengine - INFO - paramwise_options -- backbone.adapter.interactions.1.extractor.ffn.fc2.weight:lr=1e-05
2026/06/10 17:08:25 - mmengine - INFO - paramwise_options -- backbone.adapter.interactions.1.extractor.ffn.fc2.weight:weight_decay=0.05
2026/06/10 17:08:25 - mmengine - INFO - paramwise_options -- backbone.adapter.interactions.1.extractor.ffn.fc2.weight:lr_mult=0.1
2026/06/10 17:08:25 - mmengine - INFO - paramwise_options -- backbone.adapter.interactions.1.extractor.ffn.fc2.weight:decay_mult=1.0
2026/06/10 17:08:25 - mmengine - INFO - paramwise_options -- backbone.adapter.interactions.1.extractor.ffn.fc2.bias:lr=1e-05
2026/06/10 17:08:25 - mmengine - INFO - paramwise_options -- backbone.adapter.interactions.1.extractor.ffn.fc2.bias:weight_decay=0.05
2026/06/10 17:08:25 - mmengine - INFO - paramwise_options -- backbone.adapter.interactions.1.extractor.ffn.fc2.bias:lr_mult=0.1
2026/06/10 17:08:25 - mmengine - INFO - paramwise_options -- backbone.adapter.interactions.1.extractor.ffn.fc2.bias:decay_mult=1.0
2026/06/10 17:08:25 - mmengine - INFO - paramwise_options -- backbone.adapter.interactions.1.extractor.ffn_norm.weight:lr=1e-05
2026/06/10 17:08:25 - mmengine - INFO - paramwise_options -- backbone.adapter.interactions.1.extractor.ffn_norm.weight:weight_decay=0.05
2026/06/10 17:08:25 - mmengine - INFO - paramwise_options -- backbone.adapter.interactions.1.extractor.ffn_norm.weight:lr_mult=0.1
2026/06/10 17:08:25 - mmengine - INFO - paramwise_options -- backbone.adapter.interactions.1.extractor.ffn_norm.weight:decay_mult=1.0
2026/06/10 17:08:25 - mmengine - INFO - paramwise_options -- backbone.adapter.interactions.1.extractor.ffn_norm.bias:lr=1e-05
2026/06/10 17:08:25 - mmengine - INFO - paramwise_options -- backbone.adapter.interactions.1.extractor.ffn_norm.bias:weight_decay=0.05
2026/06/10 17:08:25 - mmengine - INFO - paramwise_options -- backbone.adapter.interactions.1.extractor.ffn_norm.bias:lr_mult=0.1
2026/06/10 17:08:25 - mmengine - INFO - paramwise_options -- backbone.adapter.interactions.1.extractor.ffn_norm.bias:decay_mult=1.0
2026/06/10 17:08:25 - mmengine - INFO - paramwise_options -- backbone.adapter.interactions.2.extractor.query_norm.weight:lr=1e-05
2026/06/10 17:08:25 - mmengine - INFO - paramwise_options -- backbone.adapter.interactions.2.extractor.query_norm.weight:weight_decay=0.05
2026/06/10 17:08:25 - mmengine - INFO - paramwise_options -- backbone.adapter.interactions.2.extractor.query_norm.weight:lr_mult=0.1
2026/06/10 17:08:25 - mmengine - INFO - paramwise_options -- backbone.adapter.interactions.2.extractor.query_norm.weight:decay_mult=1.0
2026/06/10 17:08:25 - mmengine - INFO - paramwise_options -- backbone.adapter.interactions.2.extractor.query_norm.bias:lr=1e-05
2026/06/10 17:08:25 - mmengine - INFO - paramwise_options -- backbone.adapter.interactions.2.extractor.query_norm.bias:weight_decay=0.05
2026/06/10 17:08:25 - mmengine - INFO - paramwise_options -- backbone.adapter.interactions.2.extractor.query_norm.bias:lr_mult=0.1
2026/06/10 17:08:25 - mmengine - INFO - paramwise_options -- backbone.adapter.interactions.2.extractor.query_norm.bias:decay_mult=1.0
2026/06/10 17:08:25 - mmengine - INFO - paramwise_options -- backbone.adapter.interactions.2.extractor.feat_norm.weight:lr=1e-05
2026/06/10 17:08:25 - mmengine - INFO - paramwise_options -- backbone.adapter.interactions.2.extractor.feat_norm.weight:weight_decay=0.05
2026/06/10 17:08:25 - mmengine - INFO - paramwise_options -- backbone.adapter.interactions.2.extractor.feat_norm.weight:lr_mult=0.1
2026/06/10 17:08:25 - mmengine - INFO - paramwise_options -- backbone.adapter.interactions.2.extractor.feat_norm.weight:decay_mult=1.0
2026/06/10 17:08:25 - mmengine - INFO - paramwise_options -- backbone.adapter.interactions.2.extractor.feat_norm.bias:lr=1e-05
2026/06/10 17:08:25 - mmengine - INFO - paramwise_options -- backbone.adapter.interactions.2.extractor.feat_norm.bias:weight_decay=0.05
2026/06/10 17:08:25 - mmengine - INFO - paramwise_options -- backbone.adapter.interactions.2.extractor.feat_norm.bias:lr_mult=0.1
2026/06/10 17:08:25 - mmengine - INFO - paramwise_options -- backbone.adapter.interactions.2.extractor.feat_norm.bias:decay_mult=1.0
2026/06/10 17:08:25 - mmengine - INFO - paramwise_options -- backbone.adapter.interactions.2.extractor.attn.attn.sampling_offsets.weight:lr=1e-05
2026/06/10 17:08:25 - mmengine - INFO - paramwise_options -- backbone.adapter.interactions.2.extractor.attn.attn.sampling_offsets.weight:weight_decay=0.05
2026/06/10 17:08:25 - mmengine - INFO - paramwise_options -- backbone.adapter.interactions.2.extractor.attn.attn.sampling_offsets.weight:lr_mult=0.1
2026/06/10 17:08:25 - mmengine - INFO - paramwise_options -- backbone.adapter.interactions.2.extractor.attn.attn.sampling_offsets.weight:decay_mult=1.0
2026/06/10 17:08:25 - mmengine - INFO - paramwise_options -- backbone.adapter.interactions.2.extractor.attn.attn.sampling_offsets.bias:lr=1e-05
2026/06/10 17:08:25 - mmengine - INFO - paramwise_options -- backbone.adapter.interactions.2.extractor.attn.attn.sampling_offsets.bias:weight_decay=0.05
2026/06/10 17:08:25 - mmengine - INFO - paramwise_options -- backbone.adapter.interactions.2.extractor.attn.attn.sampling_offsets.bias:lr_mult=0.1
2026/06/10 17:08:25 - mmengine - INFO - paramwise_options -- backbone.adapter.interactions.2.extractor.attn.attn.sampling_offsets.bias:decay_mult=1.0
2026/06/10 17:08:25 - mmengine - INFO - paramwise_options -- backbone.adapter.interactions.2.extractor.attn.attn.attention_weights.weight:lr=1e-05
2026/06/10 17:08:25 - mmengine - INFO - paramwise_options -- backbone.adapter.interactions.2.extractor.attn.attn.attention_weights.weight:weight_decay=0.05
2026/06/10 17:08:25 - mmengine - INFO - paramwise_options -- backbone.adapter.interactions.2.extractor.attn.attn.attention_weights.weight:lr_mult=0.1
2026/06/10 17:08:25 - mmengine - INFO - paramwise_options -- backbone.adapter.interactions.2.extractor.attn.attn.attention_weights.weight:decay_mult=1.0
2026/06/10 17:08:25 - mmengine - INFO - paramwise_options -- backbone.adapter.interactions.2.extractor.attn.attn.attention_weights.bias:lr=1e-05
2026/06/10 17:08:25 - mmengine - INFO - paramwise_options -- backbone.adapter.interactions.2.extractor.attn.attn.attention_weights.bias:weight_decay=0.05
2026/06/10 17:08:25 - mmengine - INFO - paramwise_options -- backbone.adapter.interactions.2.extractor.attn.attn.attention_weights.bias:lr_mult=0.1
2026/06/10 17:08:25 - mmengine - INFO - paramwise_options -- backbone.adapter.interactions.2.extractor.attn.attn.attention_weights.bias:decay_mult=1.0
2026/06/10 17:08:25 - mmengine - INFO - paramwise_options -- backbone.adapter.interactions.2.extractor.attn.attn.value_proj.weight:lr=1e-05
2026/06/10 17:08:25 - mmengine - INFO - paramwise_options -- backbone.adapter.interactions.2.extractor.attn.attn.value_proj.weight:weight_decay=0.05
2026/06/10 17:08:25 - mmengine - INFO - paramwise_options -- backbone.adapter.interactions.2.extractor.attn.attn.value_proj.weight:lr_mult=0.1
2026/06/10 17:08:25 - mmengine - INFO - paramwise_options -- backbone.adapter.interactions.2.extractor.attn.attn.value_proj.weight:decay_mult=1.0
2026/06/10 17:08:25 - mmengine - INFO - paramwise_options -- backbone.adapter.interactions.2.extractor.attn.attn.value_proj.bias:lr=1e-05
2026/06/10 17:08:25 - mmengine - INFO - paramwise_options -- backbone.adapter.interactions.2.extractor.attn.attn.value_proj.bias:weight_decay=0.05
2026/06/10 17:08:25 - mmengine - INFO - paramwise_options -- backbone.adapter.interactions.2.extractor.attn.attn.value_proj.bias:lr_mult=0.1
2026/06/10 17:08:25 - mmengine - INFO - paramwise_options -- backbone.adapter.interactions.2.extractor.attn.attn.value_proj.bias:decay_mult=1.0
2026/06/10 17:08:25 - mmengine - INFO - paramwise_options -- backbone.adapter.interactions.2.extractor.attn.attn.output_proj.weight:lr=1e-05
2026/06/10 17:08:25 - mmengine - INFO - paramwise_options -- backbone.adapter.interactions.2.extractor.attn.attn.output_proj.weight:weight_decay=0.05
2026/06/10 17:08:25 - mmengine - INFO - paramwise_options -- backbone.adapter.interactions.2.extractor.attn.attn.output_proj.weight:lr_mult=0.1
2026/06/10 17:08:25 - mmengine - INFO - paramwise_options -- backbone.adapter.interactions.2.extractor.attn.attn.output_proj.weight:decay_mult=1.0
2026/06/10 17:08:25 - mmengine - INFO - paramwise_options -- backbone.adapter.interactions.2.extractor.attn.attn.output_proj.bias:lr=1e-05
2026/06/10 17:08:25 - mmengine - INFO - paramwise_options -- backbone.adapter.interactions.2.extractor.attn.attn.output_proj.bias:weight_decay=0.05
2026/06/10 17:08:25 - mmengine - INFO - paramwise_options -- backbone.adapter.interactions.2.extractor.attn.attn.output_proj.bias:lr_mult=0.1
2026/06/10 17:08:25 - mmengine - INFO - paramwise_options -- backbone.adapter.interactions.2.extractor.attn.attn.output_proj.bias:decay_mult=1.0
2026/06/10 17:08:25 - mmengine - INFO - paramwise_options -- backbone.adapter.interactions.2.extractor.ffn.fc1.weight:lr=1e-05
2026/06/10 17:08:25 - mmengine - INFO - paramwise_options -- backbone.adapter.interactions.2.extractor.ffn.fc1.weight:weight_decay=0.05
2026/06/10 17:08:25 - mmengine - INFO - paramwise_options -- backbone.adapter.interactions.2.extractor.ffn.fc1.weight:lr_mult=0.1
2026/06/10 17:08:25 - mmengine - INFO - paramwise_options -- backbone.adapter.interactions.2.extractor.ffn.fc1.weight:decay_mult=1.0
2026/06/10 17:08:25 - mmengine - INFO - paramwise_options -- backbone.adapter.interactions.2.extractor.ffn.fc1.bias:lr=1e-05
2026/06/10 17:08:25 - mmengine - INFO - paramwise_options -- backbone.adapter.interactions.2.extractor.ffn.fc1.bias:weight_decay=0.05
2026/06/10 17:08:25 - mmengine - INFO - paramwise_options -- backbone.adapter.interactions.2.extractor.ffn.fc1.bias:lr_mult=0.1
2026/06/10 17:08:25 - mmengine - INFO - paramwise_options -- backbone.adapter.interactions.2.extractor.ffn.fc1.bias:decay_mult=1.0
2026/06/10 17:08:25 - mmengine - INFO - paramwise_options -- backbone.adapter.interactions.2.extractor.ffn.dwconv.dwconv.weight:lr=1e-05
2026/06/10 17:08:25 - mmengine - INFO - paramwise_options -- backbone.adapter.interactions.2.extractor.ffn.dwconv.dwconv.weight:weight_decay=0.05
2026/06/10 17:08:25 - mmengine - INFO - paramwise_options -- backbone.adapter.interactions.2.extractor.ffn.dwconv.dwconv.weight:lr_mult=0.1
2026/06/10 17:08:25 - mmengine - INFO - paramwise_options -- backbone.adapter.interactions.2.extractor.ffn.dwconv.dwconv.weight:decay_mult=1.0
2026/06/10 17:08:25 - mmengine - INFO - paramwise_options -- backbone.adapter.interactions.2.extractor.ffn.dwconv.dwconv.bias:lr=1e-05
2026/06/10 17:08:25 - mmengine - INFO - paramwise_options -- backbone.adapter.interactions.2.extractor.ffn.dwconv.dwconv.bias:weight_decay=0.05
2026/06/10 17:08:25 - mmengine - INFO - paramwise_options -- backbone.adapter.interactions.2.extractor.ffn.dwconv.dwconv.bias:lr_mult=0.1
2026/06/10 17:08:25 - mmengine - INFO - paramwise_options -- backbone.adapter.interactions.2.extractor.ffn.dwconv.dwconv.bias:decay_mult=1.0
2026/06/10 17:08:25 - mmengine - INFO - paramwise_options -- backbone.adapter.interactions.2.extractor.ffn.fc2.weight:lr=1e-05
2026/06/10 17:08:25 - mmengine - INFO - paramwise_options -- backbone.adapter.interactions.2.extractor.ffn.fc2.weight:weight_decay=0.05
2026/06/10 17:08:25 - mmengine - INFO - paramwise_options -- backbone.adapter.interactions.2.extractor.ffn.fc2.weight:lr_mult=0.1
2026/06/10 17:08:25 - mmengine - INFO - paramwise_options -- backbone.adapter.interactions.2.extractor.ffn.fc2.weight:decay_mult=1.0
2026/06/10 17:08:25 - mmengine - INFO - paramwise_options -- backbone.adapter.interactions.2.extractor.ffn.fc2.bias:lr=1e-05
2026/06/10 17:08:25 - mmengine - INFO - paramwise_options -- backbone.adapter.interactions.2.extractor.ffn.fc2.bias:weight_decay=0.05
2026/06/10 17:08:25 - mmengine - INFO - paramwise_options -- backbone.adapter.interactions.2.extractor.ffn.fc2.bias:lr_mult=0.1
2026/06/10 17:08:25 - mmengine - INFO - paramwise_options -- backbone.adapter.interactions.2.extractor.ffn.fc2.bias:decay_mult=1.0
2026/06/10 17:08:25 - mmengine - INFO - paramwise_options -- backbone.adapter.interactions.2.extractor.ffn_norm.weight:lr=1e-05
2026/06/10 17:08:25 - mmengine - INFO - paramwise_options -- backbone.adapter.interactions.2.extractor.ffn_norm.weight:weight_decay=0.05
2026/06/10 17:08:25 - mmengine - INFO - paramwise_options -- backbone.adapter.interactions.2.extractor.ffn_norm.weight:lr_mult=0.1
2026/06/10 17:08:25 - mmengine - INFO - paramwise_options -- backbone.adapter.interactions.2.extractor.ffn_norm.weight:decay_mult=1.0
2026/06/10 17:08:25 - mmengine - INFO - paramwise_options -- backbone.adapter.interactions.2.extractor.ffn_norm.bias:lr=1e-05
2026/06/10 17:08:25 - mmengine - INFO - paramwise_options -- backbone.adapter.interactions.2.extractor.ffn_norm.bias:weight_decay=0.05
2026/06/10 17:08:25 - mmengine - INFO - paramwise_options -- backbone.adapter.interactions.2.extractor.ffn_norm.bias:lr_mult=0.1
2026/06/10 17:08:25 - mmengine - INFO - paramwise_options -- backbone.adapter.interactions.2.extractor.ffn_norm.bias:decay_mult=1.0
2026/06/10 17:08:25 - mmengine - INFO - paramwise_options -- backbone.adapter.interactions.3.extractor.query_norm.weight:lr=1e-05
2026/06/10 17:08:25 - mmengine - INFO - paramwise_options -- backbone.adapter.interactions.3.extractor.query_norm.weight:weight_decay=0.05
2026/06/10 17:08:25 - mmengine - INFO - paramwise_options -- backbone.adapter.interactions.3.extractor.query_norm.weight:lr_mult=0.1
2026/06/10 17:08:25 - mmengine - INFO - paramwise_options -- backbone.adapter.interactions.3.extractor.query_norm.weight:decay_mult=1.0
2026/06/10 17:08:25 - mmengine - INFO - paramwise_options -- backbone.adapter.interactions.3.extractor.query_norm.bias:lr=1e-05
2026/06/10 17:08:25 - mmengine - INFO - paramwise_options -- backbone.adapter.interactions.3.extractor.query_norm.bias:weight_decay=0.05
2026/06/10 17:08:25 - mmengine - INFO - paramwise_options -- backbone.adapter.interactions.3.extractor.query_norm.bias:lr_mult=0.1
2026/06/10 17:08:25 - mmengine - INFO - paramwise_options -- backbone.adapter.interactions.3.extractor.query_norm.bias:decay_mult=1.0
2026/06/10 17:08:25 - mmengine - INFO - paramwise_options -- backbone.adapter.interactions.3.extractor.feat_norm.weight:lr=1e-05
2026/06/10 17:08:25 - mmengine - INFO - paramwise_options -- backbone.adapter.interactions.3.extractor.feat_norm.weight:weight_decay=0.05
2026/06/10 17:08:25 - mmengine - INFO - paramwise_options -- backbone.adapter.interactions.3.extractor.feat_norm.weight:lr_mult=0.1
2026/06/10 17:08:25 - mmengine - INFO - paramwise_options -- backbone.adapter.interactions.3.extractor.feat_norm.weight:decay_mult=1.0
2026/06/10 17:08:25 - mmengine - INFO - paramwise_options -- backbone.adapter.interactions.3.extractor.feat_norm.bias:lr=1e-05
2026/06/10 17:08:25 - mmengine - INFO - paramwise_options -- backbone.adapter.interactions.3.extractor.feat_norm.bias:weight_decay=0.05
2026/06/10 17:08:25 - mmengine - INFO - paramwise_options -- backbone.adapter.interactions.3.extractor.feat_norm.bias:lr_mult=0.1
2026/06/10 17:08:25 - mmengine - INFO - paramwise_options -- backbone.adapter.interactions.3.extractor.feat_norm.bias:decay_mult=1.0
2026/06/10 17:08:25 - mmengine - INFO - paramwise_options -- backbone.adapter.interactions.3.extractor.attn.attn.sampling_offsets.weight:lr=1e-05
2026/06/10 17:08:25 - mmengine - INFO - paramwise_options -- backbone.adapter.interactions.3.extractor.attn.attn.sampling_offsets.weight:weight_decay=0.05
2026/06/10 17:08:25 - mmengine - INFO - paramwise_options -- backbone.adapter.interactions.3.extractor.attn.attn.sampling_offsets.weight:lr_mult=0.1
2026/06/10 17:08:25 - mmengine - INFO - paramwise_options -- backbone.adapter.interactions.3.extractor.attn.attn.sampling_offsets.weight:decay_mult=1.0
2026/06/10 17:08:25 - mmengine - INFO - paramwise_options -- backbone.adapter.interactions.3.extractor.attn.attn.sampling_offsets.bias:lr=1e-05
2026/06/10 17:08:25 - mmengine - INFO - paramwise_options -- backbone.adapter.interactions.3.extractor.attn.attn.sampling_offsets.bias:weight_decay=0.05
2026/06/10 17:08:25 - mmengine - INFO - paramwise_options -- backbone.adapter.interactions.3.extractor.attn.attn.sampling_offsets.bias:lr_mult=0.1
2026/06/10 17:08:25 - mmengine - INFO - paramwise_options -- backbone.adapter.interactions.3.extractor.attn.attn.sampling_offsets.bias:decay_mult=1.0
2026/06/10 17:08:25 - mmengine - INFO - paramwise_options -- backbone.adapter.interactions.3.extractor.attn.attn.attention_weights.weight:lr=1e-05
2026/06/10 17:08:25 - mmengine - INFO - paramwise_options -- backbone.adapter.interactions.3.extractor.attn.attn.attention_weights.weight:weight_decay=0.05
2026/06/10 17:08:25 - mmengine - INFO - paramwise_options -- backbone.adapter.interactions.3.extractor.attn.attn.attention_weights.weight:lr_mult=0.1
2026/06/10 17:08:25 - mmengine - INFO - paramwise_options -- backbone.adapter.interactions.3.extractor.attn.attn.attention_weights.weight:decay_mult=1.0
2026/06/10 17:08:25 - mmengine - INFO - paramwise_options -- backbone.adapter.interactions.3.extractor.attn.attn.attention_weights.bias:lr=1e-05
2026/06/10 17:08:25 - mmengine - INFO - paramwise_options -- backbone.adapter.interactions.3.extractor.attn.attn.attention_weights.bias:weight_decay=0.05
2026/06/10 17:08:25 - mmengine - INFO - paramwise_options -- backbone.adapter.interactions.3.extractor.attn.attn.attention_weights.bias:lr_mult=0.1
2026/06/10 17:08:25 - mmengine - INFO - paramwise_options -- backbone.adapter.interactions.3.extractor.attn.attn.attention_weights.bias:decay_mult=1.0
2026/06/10 17:08:25 - mmengine - INFO - paramwise_options -- backbone.adapter.interactions.3.extractor.attn.attn.value_proj.weight:lr=1e-05
2026/06/10 17:08:25 - mmengine - INFO - paramwise_options -- backbone.adapter.interactions.3.extractor.attn.attn.value_proj.weight:weight_decay=0.05
2026/06/10 17:08:25 - mmengine - INFO - paramwise_options -- backbone.adapter.interactions.3.extractor.attn.attn.value_proj.weight:lr_mult=0.1
2026/06/10 17:08:25 - mmengine - INFO - paramwise_options -- backbone.adapter.interactions.3.extractor.attn.attn.value_proj.weight:decay_mult=1.0
2026/06/10 17:08:25 - mmengine - INFO - paramwise_options -- backbone.adapter.interactions.3.extractor.attn.attn.value_proj.bias:lr=1e-05
2026/06/10 17:08:25 - mmengine - INFO - paramwise_options -- backbone.adapter.interactions.3.extractor.attn.attn.value_proj.bias:weight_decay=0.05
2026/06/10 17:08:25 - mmengine - INFO - paramwise_options -- backbone.adapter.interactions.3.extractor.attn.attn.value_proj.bias:lr_mult=0.1
2026/06/10 17:08:25 - mmengine - INFO - paramwise_options -- backbone.adapter.interactions.3.extractor.attn.attn.value_proj.bias:decay_mult=1.0
2026/06/10 17:08:25 - mmengine - INFO - paramwise_options -- backbone.adapter.interactions.3.extractor.attn.attn.output_proj.weight:lr=1e-05
2026/06/10 17:08:25 - mmengine - INFO - paramwise_options -- backbone.adapter.interactions.3.extractor.attn.attn.output_proj.weight:weight_decay=0.05
2026/06/10 17:08:25 - mmengine - INFO - paramwise_options -- backbone.adapter.interactions.3.extractor.attn.attn.output_proj.weight:lr_mult=0.1
2026/06/10 17:08:25 - mmengine - INFO - paramwise_options -- backbone.adapter.interactions.3.extractor.attn.attn.output_proj.weight:decay_mult=1.0
2026/06/10 17:08:25 - mmengine - INFO - paramwise_options -- backbone.adapter.interactions.3.extractor.attn.attn.output_proj.bias:lr=1e-05
2026/06/10 17:08:25 - mmengine - INFO - paramwise_options -- backbone.adapter.interactions.3.extractor.attn.attn.output_proj.bias:weight_decay=0.05
2026/06/10 17:08:25 - mmengine - INFO - paramwise_options -- backbone.adapter.interactions.3.extractor.attn.attn.output_proj.bias:lr_mult=0.1
2026/06/10 17:08:25 - mmengine - INFO - paramwise_options -- backbone.adapter.interactions.3.extractor.attn.attn.output_proj.bias:decay_mult=1.0
2026/06/10 17:08:25 - mmengine - INFO - paramwise_options -- backbone.adapter.interactions.3.extractor.ffn.fc1.weight:lr=1e-05
2026/06/10 17:08:25 - mmengine - INFO - paramwise_options -- backbone.adapter.interactions.3.extractor.ffn.fc1.weight:weight_decay=0.05
2026/06/10 17:08:25 - mmengine - INFO - paramwise_options -- backbone.adapter.interactions.3.extractor.ffn.fc1.weight:lr_mult=0.1
2026/06/10 17:08:25 - mmengine - INFO - paramwise_options -- backbone.adapter.interactions.3.extractor.ffn.fc1.weight:decay_mult=1.0
2026/06/10 17:08:25 - mmengine - INFO - paramwise_options -- backbone.adapter.interactions.3.extractor.ffn.fc1.bias:lr=1e-05
2026/06/10 17:08:25 - mmengine - INFO - paramwise_options -- backbone.adapter.interactions.3.extractor.ffn.fc1.bias:weight_decay=0.05
2026/06/10 17:08:25 - mmengine - INFO - paramwise_options -- backbone.adapter.interactions.3.extractor.ffn.fc1.bias:lr_mult=0.1
2026/06/10 17:08:25 - mmengine - INFO - paramwise_options -- backbone.adapter.interactions.3.extractor.ffn.fc1.bias:decay_mult=1.0
2026/06/10 17:08:25 - mmengine - INFO - paramwise_options -- backbone.adapter.interactions.3.extractor.ffn.dwconv.dwconv.weight:lr=1e-05
2026/06/10 17:08:25 - mmengine - INFO - paramwise_options -- backbone.adapter.interactions.3.extractor.ffn.dwconv.dwconv.weight:weight_decay=0.05
2026/06/10 17:08:25 - mmengine - INFO - paramwise_options -- backbone.adapter.interactions.3.extractor.ffn.dwconv.dwconv.weight:lr_mult=0.1
2026/06/10 17:08:25 - mmengine - INFO - paramwise_options -- backbone.adapter.interactions.3.extractor.ffn.dwconv.dwconv.weight:decay_mult=1.0
2026/06/10 17:08:25 - mmengine - INFO - paramwise_options -- backbone.adapter.interactions.3.extractor.ffn.dwconv.dwconv.bias:lr=1e-05
2026/06/10 17:08:25 - mmengine - INFO - paramwise_options -- backbone.adapter.interactions.3.extractor.ffn.dwconv.dwconv.bias:weight_decay=0.05
2026/06/10 17:08:25 - mmengine - INFO - paramwise_options -- backbone.adapter.interactions.3.extractor.ffn.dwconv.dwconv.bias:lr_mult=0.1
2026/06/10 17:08:25 - mmengine - INFO - paramwise_options -- backbone.adapter.interactions.3.extractor.ffn.dwconv.dwconv.bias:decay_mult=1.0
2026/06/10 17:08:25 - mmengine - INFO - paramwise_options -- backbone.adapter.interactions.3.extractor.ffn.fc2.weight:lr=1e-05
2026/06/10 17:08:25 - mmengine - INFO - paramwise_options -- backbone.adapter.interactions.3.extractor.ffn.fc2.weight:weight_decay=0.05
2026/06/10 17:08:25 - mmengine - INFO - paramwise_options -- backbone.adapter.interactions.3.extractor.ffn.fc2.weight:lr_mult=0.1
2026/06/10 17:08:25 - mmengine - INFO - paramwise_options -- backbone.adapter.interactions.3.extractor.ffn.fc2.weight:decay_mult=1.0
2026/06/10 17:08:25 - mmengine - INFO - paramwise_options -- backbone.adapter.interactions.3.extractor.ffn.fc2.bias:lr=1e-05
2026/06/10 17:08:25 - mmengine - INFO - paramwise_options -- backbone.adapter.interactions.3.extractor.ffn.fc2.bias:weight_decay=0.05
2026/06/10 17:08:25 - mmengine - INFO - paramwise_options -- backbone.adapter.interactions.3.extractor.ffn.fc2.bias:lr_mult=0.1
2026/06/10 17:08:25 - mmengine - INFO - paramwise_options -- backbone.adapter.interactions.3.extractor.ffn.fc2.bias:decay_mult=1.0
2026/06/10 17:08:25 - mmengine - INFO - paramwise_options -- backbone.adapter.interactions.3.extractor.ffn_norm.weight:lr=1e-05
2026/06/10 17:08:25 - mmengine - INFO - paramwise_options -- backbone.adapter.interactions.3.extractor.ffn_norm.weight:weight_decay=0.05
2026/06/10 17:08:25 - mmengine - INFO - paramwise_options -- backbone.adapter.interactions.3.extractor.ffn_norm.weight:lr_mult=0.1
2026/06/10 17:08:25 - mmengine - INFO - paramwise_options -- backbone.adapter.interactions.3.extractor.ffn_norm.weight:decay_mult=1.0
2026/06/10 17:08:25 - mmengine - INFO - paramwise_options -- backbone.adapter.interactions.3.extractor.ffn_norm.bias:lr=1e-05
2026/06/10 17:08:25 - mmengine - INFO - paramwise_options -- backbone.adapter.interactions.3.extractor.ffn_norm.bias:weight_decay=0.05
2026/06/10 17:08:25 - mmengine - INFO - paramwise_options -- backbone.adapter.interactions.3.extractor.ffn_norm.bias:lr_mult=0.1
2026/06/10 17:08:25 - mmengine - INFO - paramwise_options -- backbone.adapter.interactions.3.extractor.ffn_norm.bias:decay_mult=1.0
2026/06/10 17:08:26 - mmengine - INFO - paramwise_options -- backbone.adapter.interactions.3.extra_extractors.0.query_norm.weight:lr=1e-05
2026/06/10 17:08:26 - mmengine - INFO - paramwise_options -- backbone.adapter.interactions.3.extra_extractors.0.query_norm.weight:weight_decay=0.05
2026/06/10 17:08:26 - mmengine - INFO - paramwise_options -- backbone.adapter.interactions.3.extra_extractors.0.query_norm.weight:lr_mult=0.1
2026/06/10 17:08:26 - mmengine - INFO - paramwise_options -- backbone.adapter.interactions.3.extra_extractors.0.query_norm.weight:decay_mult=1.0
2026/06/10 17:08:26 - mmengine - INFO - paramwise_options -- backbone.adapter.interactions.3.extra_extractors.0.query_norm.bias:lr=1e-05
2026/06/10 17:08:26 - mmengine - INFO - paramwise_options -- backbone.adapter.interactions.3.extra_extractors.0.query_norm.bias:weight_decay=0.05
2026/06/10 17:08:26 - mmengine - INFO - paramwise_options -- backbone.adapter.interactions.3.extra_extractors.0.query_norm.bias:lr_mult=0.1
2026/06/10 17:08:26 - mmengine - INFO - paramwise_options -- backbone.adapter.interactions.3.extra_extractors.0.query_norm.bias:decay_mult=1.0
2026/06/10 17:08:26 - mmengine - INFO - paramwise_options -- backbone.adapter.interactions.3.extra_extractors.0.feat_norm.weight:lr=1e-05
2026/06/10 17:08:26 - mmengine - INFO - paramwise_options -- backbone.adapter.interactions.3.extra_extractors.0.feat_norm.weight:weight_decay=0.05
2026/06/10 17:08:26 - mmengine - INFO - paramwise_options -- backbone.adapter.interactions.3.extra_extractors.0.feat_norm.weight:lr_mult=0.1
2026/06/10 17:08:26 - mmengine - INFO - paramwise_options -- backbone.adapter.interactions.3.extra_extractors.0.feat_norm.weight:decay_mult=1.0
2026/06/10 17:08:26 - mmengine - INFO - paramwise_options -- backbone.adapter.interactions.3.extra_extractors.0.feat_norm.bias:lr=1e-05
2026/06/10 17:08:26 - mmengine - INFO - paramwise_options -- backbone.adapter.interactions.3.extra_extractors.0.feat_norm.bias:weight_decay=0.05
2026/06/10 17:08:26 - mmengine - INFO - paramwise_options -- backbone.adapter.interactions.3.extra_extractors.0.feat_norm.bias:lr_mult=0.1
2026/06/10 17:08:26 - mmengine - INFO - paramwise_options -- backbone.adapter.interactions.3.extra_extractors.0.feat_norm.bias:decay_mult=1.0
2026/06/10 17:08:26 - mmengine - INFO - paramwise_options -- backbone.adapter.interactions.3.extra_extractors.0.attn.attn.sampling_offsets.weight:lr=1e-05
2026/06/10 17:08:26 - mmengine - INFO - paramwise_options -- backbone.adapter.interactions.3.extra_extractors.0.attn.attn.sampling_offsets.weight:weight_decay=0.05
2026/06/10 17:08:26 - mmengine - INFO - paramwise_options -- backbone.adapter.interactions.3.extra_extractors.0.attn.attn.sampling_offsets.weight:lr_mult=0.1
2026/06/10 17:08:26 - mmengine - INFO - paramwise_options -- backbone.adapter.interactions.3.extra_extractors.0.attn.attn.sampling_offsets.weight:decay_mult=1.0
2026/06/10 17:08:26 - mmengine - INFO - paramwise_options -- backbone.adapter.interactions.3.extra_extractors.0.attn.attn.sampling_offsets.bias:lr=1e-05
2026/06/10 17:08:26 - mmengine - INFO - paramwise_options -- backbone.adapter.interactions.3.extra_extractors.0.attn.attn.sampling_offsets.bias:weight_decay=0.05
2026/06/10 17:08:26 - mmengine - INFO - paramwise_options -- backbone.adapter.interactions.3.extra_extractors.0.attn.attn.sampling_offsets.bias:lr_mult=0.1
2026/06/10 17:08:26 - mmengine - INFO - paramwise_options -- backbone.adapter.interactions.3.extra_extractors.0.attn.attn.sampling_offsets.bias:decay_mult=1.0
2026/06/10 17:08:26 - mmengine - INFO - paramwise_options -- backbone.adapter.interactions.3.extra_extractors.0.attn.attn.attention_weights.weight:lr=1e-05
2026/06/10 17:08:26 - mmengine - INFO - paramwise_options -- backbone.adapter.interactions.3.extra_extractors.0.attn.attn.attention_weights.weight:weight_decay=0.05
2026/06/10 17:08:26 - mmengine - INFO - paramwise_options -- backbone.adapter.interactions.3.extra_extractors.0.attn.attn.attention_weights.weight:lr_mult=0.1
2026/06/10 17:08:26 - mmengine - INFO - paramwise_options -- backbone.adapter.interactions.3.extra_extractors.0.attn.attn.attention_weights.weight:decay_mult=1.0
2026/06/10 17:08:26 - mmengine - INFO - paramwise_options -- backbone.adapter.interactions.3.extra_extractors.0.attn.attn.attention_weights.bias:lr=1e-05
2026/06/10 17:08:26 - mmengine - INFO - paramwise_options -- backbone.adapter.interactions.3.extra_extractors.0.attn.attn.attention_weights.bias:weight_decay=0.05
2026/06/10 17:08:26 - mmengine - INFO - paramwise_options -- backbone.adapter.interactions.3.extra_extractors.0.attn.attn.attention_weights.bias:lr_mult=0.1
2026/06/10 17:08:26 - mmengine - INFO - paramwise_options -- backbone.adapter.interactions.3.extra_extractors.0.attn.attn.attention_weights.bias:decay_mult=1.0
2026/06/10 17:08:26 - mmengine - INFO - paramwise_options -- backbone.adapter.interactions.3.extra_extractors.0.attn.attn.value_proj.weight:lr=1e-05
2026/06/10 17:08:26 - mmengine - INFO - paramwise_options -- backbone.adapter.interactions.3.extra_extractors.0.attn.attn.value_proj.weight:weight_decay=0.05
2026/06/10 17:08:26 - mmengine - INFO - paramwise_options -- backbone.adapter.interactions.3.extra_extractors.0.attn.attn.value_proj.weight:lr_mult=0.1
2026/06/10 17:08:26 - mmengine - INFO - paramwise_options -- backbone.adapter.interactions.3.extra_extractors.0.attn.attn.value_proj.weight:decay_mult=1.0
2026/06/10 17:08:26 - mmengine - INFO - paramwise_options -- backbone.adapter.interactions.3.extra_extractors.0.attn.attn.value_proj.bias:lr=1e-05
2026/06/10 17:08:26 - mmengine - INFO - paramwise_options -- backbone.adapter.interactions.3.extra_extractors.0.attn.attn.value_proj.bias:weight_decay=0.05
2026/06/10 17:08:26 - mmengine - INFO - paramwise_options -- backbone.adapter.interactions.3.extra_extractors.0.attn.attn.value_proj.bias:lr_mult=0.1
2026/06/10 17:08:26 - mmengine - INFO - paramwise_options -- backbone.adapter.interactions.3.extra_extractors.0.attn.attn.value_proj.bias:decay_mult=1.0
2026/06/10 17:08:26 - mmengine - INFO - paramwise_options -- backbone.adapter.interactions.3.extra_extractors.0.attn.attn.output_proj.weight:lr=1e-05
2026/06/10 17:08:26 - mmengine - INFO - paramwise_options -- backbone.adapter.interactions.3.extra_extractors.0.attn.attn.output_proj.weight:weight_decay=0.05
2026/06/10 17:08:26 - mmengine - INFO - paramwise_options -- backbone.adapter.interactions.3.extra_extractors.0.attn.attn.output_proj.weight:lr_mult=0.1
2026/06/10 17:08:26 - mmengine - INFO - paramwise_options -- backbone.adapter.interactions.3.extra_extractors.0.attn.attn.output_proj.weight:decay_mult=1.0
2026/06/10 17:08:26 - mmengine - INFO - paramwise_options -- backbone.adapter.interactions.3.extra_extractors.0.attn.attn.output_proj.bias:lr=1e-05
2026/06/10 17:08:26 - mmengine - INFO - paramwise_options -- backbone.adapter.interactions.3.extra_extractors.0.attn.attn.output_proj.bias:weight_decay=0.05
2026/06/10 17:08:26 - mmengine - INFO - paramwise_options -- backbone.adapter.interactions.3.extra_extractors.0.attn.attn.output_proj.bias:lr_mult=0.1
2026/06/10 17:08:26 - mmengine - INFO - paramwise_options -- backbone.adapter.interactions.3.extra_extractors.0.attn.attn.output_proj.bias:decay_mult=1.0
2026/06/10 17:08:26 - mmengine - INFO - paramwise_options -- backbone.adapter.interactions.3.extra_extractors.0.ffn.fc1.weight:lr=1e-05
2026/06/10 17:08:26 - mmengine - INFO - paramwise_options -- backbone.adapter.interactions.3.extra_extractors.0.ffn.fc1.weight:weight_decay=0.05
2026/06/10 17:08:26 - mmengine - INFO - paramwise_options -- backbone.adapter.interactions.3.extra_extractors.0.ffn.fc1.weight:lr_mult=0.1
2026/06/10 17:08:26 - mmengine - INFO - paramwise_options -- backbone.adapter.interactions.3.extra_extractors.0.ffn.fc1.weight:decay_mult=1.0
2026/06/10 17:08:26 - mmengine - INFO - paramwise_options -- backbone.adapter.interactions.3.extra_extractors.0.ffn.fc1.bias:lr=1e-05
2026/06/10 17:08:26 - mmengine - INFO - paramwise_options -- backbone.adapter.interactions.3.extra_extractors.0.ffn.fc1.bias:weight_decay=0.05
2026/06/10 17:08:26 - mmengine - INFO - paramwise_options -- backbone.adapter.interactions.3.extra_extractors.0.ffn.fc1.bias:lr_mult=0.1
2026/06/10 17:08:26 - mmengine - INFO - paramwise_options -- backbone.adapter.interactions.3.extra_extractors.0.ffn.fc1.bias:decay_mult=1.0
2026/06/10 17:08:26 - mmengine - INFO - paramwise_options -- backbone.adapter.interactions.3.extra_extractors.0.ffn.dwconv.dwconv.weight:lr=1e-05
2026/06/10 17:08:26 - mmengine - INFO - paramwise_options -- backbone.adapter.interactions.3.extra_extractors.0.ffn.dwconv.dwconv.weight:weight_decay=0.05
2026/06/10 17:08:26 - mmengine - INFO - paramwise_options -- backbone.adapter.interactions.3.extra_extractors.0.ffn.dwconv.dwconv.weight:lr_mult=0.1
2026/06/10 17:08:26 - mmengine - INFO - paramwise_options -- backbone.adapter.interactions.3.extra_extractors.0.ffn.dwconv.dwconv.weight:decay_mult=1.0
2026/06/10 17:08:26 - mmengine - INFO - paramwise_options -- backbone.adapter.interactions.3.extra_extractors.0.ffn.dwconv.dwconv.bias:lr=1e-05
2026/06/10 17:08:26 - mmengine - INFO - paramwise_options -- backbone.adapter.interactions.3.extra_extractors.0.ffn.dwconv.dwconv.bias:weight_decay=0.05
2026/06/10 17:08:26 - mmengine - INFO - paramwise_options -- backbone.adapter.interactions.3.extra_extractors.0.ffn.dwconv.dwconv.bias:lr_mult=0.1
2026/06/10 17:08:26 - mmengine - INFO - paramwise_options -- backbone.adapter.interactions.3.extra_extractors.0.ffn.dwconv.dwconv.bias:decay_mult=1.0
2026/06/10 17:08:26 - mmengine - INFO - paramwise_options -- backbone.adapter.interactions.3.extra_extractors.0.ffn.fc2.weight:lr=1e-05
2026/06/10 17:08:26 - mmengine - INFO - paramwise_options -- backbone.adapter.interactions.3.extra_extractors.0.ffn.fc2.weight:weight_decay=0.05
2026/06/10 17:08:26 - mmengine - INFO - paramwise_options -- backbone.adapter.interactions.3.extra_extractors.0.ffn.fc2.weight:lr_mult=0.1
2026/06/10 17:08:26 - mmengine - INFO - paramwise_options -- backbone.adapter.interactions.3.extra_extractors.0.ffn.fc2.weight:decay_mult=1.0
2026/06/10 17:08:26 - mmengine - INFO - paramwise_options -- backbone.adapter.interactions.3.extra_extractors.0.ffn.fc2.bias:lr=1e-05
2026/06/10 17:08:26 - mmengine - INFO - paramwise_options -- backbone.adapter.interactions.3.extra_extractors.0.ffn.fc2.bias:weight_decay=0.05
2026/06/10 17:08:26 - mmengine - INFO - paramwise_options -- backbone.adapter.interactions.3.extra_extractors.0.ffn.fc2.bias:lr_mult=0.1
2026/06/10 17:08:26 - mmengine - INFO - paramwise_options -- backbone.adapter.interactions.3.extra_extractors.0.ffn.fc2.bias:decay_mult=1.0
2026/06/10 17:08:26 - mmengine - INFO - paramwise_options -- backbone.adapter.interactions.3.extra_extractors.0.ffn_norm.weight:lr=1e-05
2026/06/10 17:08:26 - mmengine - INFO - paramwise_options -- backbone.adapter.interactions.3.extra_extractors.0.ffn_norm.weight:weight_decay=0.05
2026/06/10 17:08:26 - mmengine - INFO - paramwise_options -- backbone.adapter.interactions.3.extra_extractors.0.ffn_norm.weight:lr_mult=0.1
2026/06/10 17:08:26 - mmengine - INFO - paramwise_options -- backbone.adapter.interactions.3.extra_extractors.0.ffn_norm.weight:decay_mult=1.0
2026/06/10 17:08:26 - mmengine - INFO - paramwise_options -- backbone.adapter.interactions.3.extra_extractors.0.ffn_norm.bias:lr=1e-05
2026/06/10 17:08:26 - mmengine - INFO - paramwise_options -- backbone.adapter.interactions.3.extra_extractors.0.ffn_norm.bias:weight_decay=0.05
2026/06/10 17:08:26 - mmengine - INFO - paramwise_options -- backbone.adapter.interactions.3.extra_extractors.0.ffn_norm.bias:lr_mult=0.1
2026/06/10 17:08:26 - mmengine - INFO - paramwise_options -- backbone.adapter.interactions.3.extra_extractors.0.ffn_norm.bias:decay_mult=1.0
2026/06/10 17:08:26 - mmengine - INFO - paramwise_options -- backbone.adapter.interactions.3.extra_extractors.1.query_norm.weight:lr=1e-05
2026/06/10 17:08:26 - mmengine - INFO - paramwise_options -- backbone.adapter.interactions.3.extra_extractors.1.query_norm.weight:weight_decay=0.05
2026/06/10 17:08:26 - mmengine - INFO - paramwise_options -- backbone.adapter.interactions.3.extra_extractors.1.query_norm.weight:lr_mult=0.1
2026/06/10 17:08:26 - mmengine - INFO - paramwise_options -- backbone.adapter.interactions.3.extra_extractors.1.query_norm.weight:decay_mult=1.0
2026/06/10 17:08:26 - mmengine - INFO - paramwise_options -- backbone.adapter.interactions.3.extra_extractors.1.query_norm.bias:lr=1e-05
2026/06/10 17:08:26 - mmengine - INFO - paramwise_options -- backbone.adapter.interactions.3.extra_extractors.1.query_norm.bias:weight_decay=0.05
2026/06/10 17:08:26 - mmengine - INFO - paramwise_options -- backbone.adapter.interactions.3.extra_extractors.1.query_norm.bias:lr_mult=0.1
2026/06/10 17:08:26 - mmengine - INFO - paramwise_options -- backbone.adapter.interactions.3.extra_extractors.1.query_norm.bias:decay_mult=1.0
2026/06/10 17:08:26 - mmengine - INFO - paramwise_options -- backbone.adapter.interactions.3.extra_extractors.1.feat_norm.weight:lr=1e-05
2026/06/10 17:08:26 - mmengine - INFO - paramwise_options -- backbone.adapter.interactions.3.extra_extractors.1.feat_norm.weight:weight_decay=0.05
2026/06/10 17:08:26 - mmengine - INFO - paramwise_options -- backbone.adapter.interactions.3.extra_extractors.1.feat_norm.weight:lr_mult=0.1
2026/06/10 17:08:26 - mmengine - INFO - paramwise_options -- backbone.adapter.interactions.3.extra_extractors.1.feat_norm.weight:decay_mult=1.0
2026/06/10 17:08:26 - mmengine - INFO - paramwise_options -- backbone.adapter.interactions.3.extra_extractors.1.feat_norm.bias:lr=1e-05
2026/06/10 17:08:26 - mmengine - INFO - paramwise_options -- backbone.adapter.interactions.3.extra_extractors.1.feat_norm.bias:weight_decay=0.05
2026/06/10 17:08:26 - mmengine - INFO - paramwise_options -- backbone.adapter.interactions.3.extra_extractors.1.feat_norm.bias:lr_mult=0.1
2026/06/10 17:08:26 - mmengine - INFO - paramwise_options -- backbone.adapter.interactions.3.extra_extractors.1.feat_norm.bias:decay_mult=1.0
2026/06/10 17:08:26 - mmengine - INFO - paramwise_options -- backbone.adapter.interactions.3.extra_extractors.1.attn.attn.sampling_offsets.weight:lr=1e-05
2026/06/10 17:08:26 - mmengine - INFO - paramwise_options -- backbone.adapter.interactions.3.extra_extractors.1.attn.attn.sampling_offsets.weight:weight_decay=0.05
2026/06/10 17:08:26 - mmengine - INFO - paramwise_options -- backbone.adapter.interactions.3.extra_extractors.1.attn.attn.sampling_offsets.weight:lr_mult=0.1
2026/06/10 17:08:26 - mmengine - INFO - paramwise_options -- backbone.adapter.interactions.3.extra_extractors.1.attn.attn.sampling_offsets.weight:decay_mult=1.0
2026/06/10 17:08:26 - mmengine - INFO - paramwise_options -- backbone.adapter.interactions.3.extra_extractors.1.attn.attn.sampling_offsets.bias:lr=1e-05
2026/06/10 17:08:26 - mmengine - INFO - paramwise_options -- backbone.adapter.interactions.3.extra_extractors.1.attn.attn.sampling_offsets.bias:weight_decay=0.05
2026/06/10 17:08:26 - mmengine - INFO - paramwise_options -- backbone.adapter.interactions.3.extra_extractors.1.attn.attn.sampling_offsets.bias:lr_mult=0.1
2026/06/10 17:08:26 - mmengine - INFO - paramwise_options -- backbone.adapter.interactions.3.extra_extractors.1.attn.attn.sampling_offsets.bias:decay_mult=1.0
2026/06/10 17:08:26 - mmengine - INFO - paramwise_options -- backbone.adapter.interactions.3.extra_extractors.1.attn.attn.attention_weights.weight:lr=1e-05
2026/06/10 17:08:26 - mmengine - INFO - paramwise_options -- backbone.adapter.interactions.3.extra_extractors.1.attn.attn.attention_weights.weight:weight_decay=0.05
2026/06/10 17:08:26 - mmengine - INFO - paramwise_options -- backbone.adapter.interactions.3.extra_extractors.1.attn.attn.attention_weights.weight:lr_mult=0.1
2026/06/10 17:08:26 - mmengine - INFO - paramwise_options -- backbone.adapter.interactions.3.extra_extractors.1.attn.attn.attention_weights.weight:decay_mult=1.0
2026/06/10 17:08:26 - mmengine - INFO - paramwise_options -- backbone.adapter.interactions.3.extra_extractors.1.attn.attn.attention_weights.bias:lr=1e-05
2026/06/10 17:08:26 - mmengine - INFO - paramwise_options -- backbone.adapter.interactions.3.extra_extractors.1.attn.attn.attention_weights.bias:weight_decay=0.05
2026/06/10 17:08:26 - mmengine - INFO - paramwise_options -- backbone.adapter.interactions.3.extra_extractors.1.attn.attn.attention_weights.bias:lr_mult=0.1
2026/06/10 17:08:26 - mmengine - INFO - paramwise_options -- backbone.adapter.interactions.3.extra_extractors.1.attn.attn.attention_weights.bias:decay_mult=1.0
2026/06/10 17:08:26 - mmengine - INFO - paramwise_options -- backbone.adapter.interactions.3.extra_extractors.1.attn.attn.value_proj.weight:lr=1e-05
2026/06/10 17:08:26 - mmengine - INFO - paramwise_options -- backbone.adapter.interactions.3.extra_extractors.1.attn.attn.value_proj.weight:weight_decay=0.05
2026/06/10 17:08:26 - mmengine - INFO - paramwise_options -- backbone.adapter.interactions.3.extra_extractors.1.attn.attn.value_proj.weight:lr_mult=0.1
2026/06/10 17:08:26 - mmengine - INFO - paramwise_options -- backbone.adapter.interactions.3.extra_extractors.1.attn.attn.value_proj.weight:decay_mult=1.0
2026/06/10 17:08:26 - mmengine - INFO - paramwise_options -- backbone.adapter.interactions.3.extra_extractors.1.attn.attn.value_proj.bias:lr=1e-05
2026/06/10 17:08:26 - mmengine - INFO - paramwise_options -- backbone.adapter.interactions.3.extra_extractors.1.attn.attn.value_proj.bias:weight_decay=0.05
2026/06/10 17:08:26 - mmengine - INFO - paramwise_options -- backbone.adapter.interactions.3.extra_extractors.1.attn.attn.value_proj.bias:lr_mult=0.1
2026/06/10 17:08:26 - mmengine - INFO - paramwise_options -- backbone.adapter.interactions.3.extra_extractors.1.attn.attn.value_proj.bias:decay_mult=1.0
2026/06/10 17:08:26 - mmengine - INFO - paramwise_options -- backbone.adapter.interactions.3.extra_extractors.1.attn.attn.output_proj.weight:lr=1e-05
2026/06/10 17:08:26 - mmengine - INFO - paramwise_options -- backbone.adapter.interactions.3.extra_extractors.1.attn.attn.output_proj.weight:weight_decay=0.05
2026/06/10 17:08:26 - mmengine - INFO - paramwise_options -- backbone.adapter.interactions.3.extra_extractors.1.attn.attn.output_proj.weight:lr_mult=0.1
2026/06/10 17:08:26 - mmengine - INFO - paramwise_options -- backbone.adapter.interactions.3.extra_extractors.1.attn.attn.output_proj.weight:decay_mult=1.0
2026/06/10 17:08:26 - mmengine - INFO - paramwise_options -- backbone.adapter.interactions.3.extra_extractors.1.attn.attn.output_proj.bias:lr=1e-05
2026/06/10 17:08:26 - mmengine - INFO - paramwise_options -- backbone.adapter.interactions.3.extra_extractors.1.attn.attn.output_proj.bias:weight_decay=0.05
2026/06/10 17:08:26 - mmengine - INFO - paramwise_options -- backbone.adapter.interactions.3.extra_extractors.1.attn.attn.output_proj.bias:lr_mult=0.1
2026/06/10 17:08:26 - mmengine - INFO - paramwise_options -- backbone.adapter.interactions.3.extra_extractors.1.attn.attn.output_proj.bias:decay_mult=1.0
2026/06/10 17:08:26 - mmengine - INFO - paramwise_options -- backbone.adapter.interactions.3.extra_extractors.1.ffn.fc1.weight:lr=1e-05
2026/06/10 17:08:26 - mmengine - INFO - paramwise_options -- backbone.adapter.interactions.3.extra_extractors.1.ffn.fc1.weight:weight_decay=0.05
2026/06/10 17:08:26 - mmengine - INFO - paramwise_options -- backbone.adapter.interactions.3.extra_extractors.1.ffn.fc1.weight:lr_mult=0.1
2026/06/10 17:08:26 - mmengine - INFO - paramwise_options -- backbone.adapter.interactions.3.extra_extractors.1.ffn.fc1.weight:decay_mult=1.0
2026/06/10 17:08:26 - mmengine - INFO - paramwise_options -- backbone.adapter.interactions.3.extra_extractors.1.ffn.fc1.bias:lr=1e-05
2026/06/10 17:08:26 - mmengine - INFO - paramwise_options -- backbone.adapter.interactions.3.extra_extractors.1.ffn.fc1.bias:weight_decay=0.05
2026/06/10 17:08:26 - mmengine - INFO - paramwise_options -- backbone.adapter.interactions.3.extra_extractors.1.ffn.fc1.bias:lr_mult=0.1
2026/06/10 17:08:26 - mmengine - INFO - paramwise_options -- backbone.adapter.interactions.3.extra_extractors.1.ffn.fc1.bias:decay_mult=1.0
2026/06/10 17:08:26 - mmengine - INFO - paramwise_options -- backbone.adapter.interactions.3.extra_extractors.1.ffn.dwconv.dwconv.weight:lr=1e-05
2026/06/10 17:08:26 - mmengine - INFO - paramwise_options -- backbone.adapter.interactions.3.extra_extractors.1.ffn.dwconv.dwconv.weight:weight_decay=0.05
2026/06/10 17:08:26 - mmengine - INFO - paramwise_options -- backbone.adapter.interactions.3.extra_extractors.1.ffn.dwconv.dwconv.weight:lr_mult=0.1
2026/06/10 17:08:26 - mmengine - INFO - paramwise_options -- backbone.adapter.interactions.3.extra_extractors.1.ffn.dwconv.dwconv.weight:decay_mult=1.0
2026/06/10 17:08:26 - mmengine - INFO - paramwise_options -- backbone.adapter.interactions.3.extra_extractors.1.ffn.dwconv.dwconv.bias:lr=1e-05
2026/06/10 17:08:26 - mmengine - INFO - paramwise_options -- backbone.adapter.interactions.3.extra_extractors.1.ffn.dwconv.dwconv.bias:weight_decay=0.05
2026/06/10 17:08:26 - mmengine - INFO - paramwise_options -- backbone.adapter.interactions.3.extra_extractors.1.ffn.dwconv.dwconv.bias:lr_mult=0.1
2026/06/10 17:08:26 - mmengine - INFO - paramwise_options -- backbone.adapter.interactions.3.extra_extractors.1.ffn.dwconv.dwconv.bias:decay_mult=1.0
2026/06/10 17:08:26 - mmengine - INFO - paramwise_options -- backbone.adapter.interactions.3.extra_extractors.1.ffn.fc2.weight:lr=1e-05
2026/06/10 17:08:26 - mmengine - INFO - paramwise_options -- backbone.adapter.interactions.3.extra_extractors.1.ffn.fc2.weight:weight_decay=0.05
2026/06/10 17:08:26 - mmengine - INFO - paramwise_options -- backbone.adapter.interactions.3.extra_extractors.1.ffn.fc2.weight:lr_mult=0.1
2026/06/10 17:08:26 - mmengine - INFO - paramwise_options -- backbone.adapter.interactions.3.extra_extractors.1.ffn.fc2.weight:decay_mult=1.0
2026/06/10 17:08:26 - mmengine - INFO - paramwise_options -- backbone.adapter.interactions.3.extra_extractors.1.ffn.fc2.bias:lr=1e-05
2026/06/10 17:08:26 - mmengine - INFO - paramwise_options -- backbone.adapter.interactions.3.extra_extractors.1.ffn.fc2.bias:weight_decay=0.05
2026/06/10 17:08:26 - mmengine - INFO - paramwise_options -- backbone.adapter.interactions.3.extra_extractors.1.ffn.fc2.bias:lr_mult=0.1
2026/06/10 17:08:26 - mmengine - INFO - paramwise_options -- backbone.adapter.interactions.3.extra_extractors.1.ffn.fc2.bias:decay_mult=1.0
2026/06/10 17:08:26 - mmengine - INFO - paramwise_options -- backbone.adapter.interactions.3.extra_extractors.1.ffn_norm.weight:lr=1e-05
2026/06/10 17:08:26 - mmengine - INFO - paramwise_options -- backbone.adapter.interactions.3.extra_extractors.1.ffn_norm.weight:weight_decay=0.05
2026/06/10 17:08:26 - mmengine - INFO - paramwise_options -- backbone.adapter.interactions.3.extra_extractors.1.ffn_norm.weight:lr_mult=0.1
2026/06/10 17:08:26 - mmengine - INFO - paramwise_options -- backbone.adapter.interactions.3.extra_extractors.1.ffn_norm.weight:decay_mult=1.0
2026/06/10 17:08:26 - mmengine - INFO - paramwise_options -- backbone.adapter.interactions.3.extra_extractors.1.ffn_norm.bias:lr=1e-05
2026/06/10 17:08:26 - mmengine - INFO - paramwise_options -- backbone.adapter.interactions.3.extra_extractors.1.ffn_norm.bias:weight_decay=0.05
2026/06/10 17:08:26 - mmengine - INFO - paramwise_options -- backbone.adapter.interactions.3.extra_extractors.1.ffn_norm.bias:lr_mult=0.1
2026/06/10 17:08:26 - mmengine - INFO - paramwise_options -- backbone.adapter.interactions.3.extra_extractors.1.ffn_norm.bias:decay_mult=1.0
2026/06/10 17:08:26 - mmengine - INFO - paramwise_options -- backbone.adapter.up.weight:lr=1e-05
2026/06/10 17:08:26 - mmengine - INFO - paramwise_options -- backbone.adapter.up.weight:weight_decay=0.05
2026/06/10 17:08:26 - mmengine - INFO - paramwise_options -- backbone.adapter.up.weight:lr_mult=0.1
2026/06/10 17:08:26 - mmengine - INFO - paramwise_options -- backbone.adapter.up.weight:decay_mult=1.0
2026/06/10 17:08:26 - mmengine - INFO - paramwise_options -- backbone.adapter.up.bias:lr=1e-05
2026/06/10 17:08:26 - mmengine - INFO - paramwise_options -- backbone.adapter.up.bias:weight_decay=0.05
2026/06/10 17:08:26 - mmengine - INFO - paramwise_options -- backbone.adapter.up.bias:lr_mult=0.1
2026/06/10 17:08:26 - mmengine - INFO - paramwise_options -- backbone.adapter.up.bias:decay_mult=1.0
2026/06/10 17:08:26 - mmengine - INFO - paramwise_options -- backbone.adapter.norm1.weight:lr=1e-05
2026/06/10 17:08:26 - mmengine - INFO - paramwise_options -- backbone.adapter.norm1.weight:weight_decay=0.05
2026/06/10 17:08:26 - mmengine - INFO - paramwise_options -- backbone.adapter.norm1.weight:lr_mult=0.1
2026/06/10 17:08:26 - mmengine - INFO - paramwise_options -- backbone.adapter.norm1.weight:decay_mult=1.0
2026/06/10 17:08:26 - mmengine - INFO - paramwise_options -- backbone.adapter.norm1.bias:lr=1e-05
2026/06/10 17:08:26 - mmengine - INFO - paramwise_options -- backbone.adapter.norm1.bias:weight_decay=0.05
2026/06/10 17:08:26 - mmengine - INFO - paramwise_options -- backbone.adapter.norm1.bias:lr_mult=0.1
2026/06/10 17:08:26 - mmengine - INFO - paramwise_options -- backbone.adapter.norm1.bias:decay_mult=1.0
2026/06/10 17:08:26 - mmengine - INFO - paramwise_options -- backbone.adapter.norm2.weight:lr=1e-05
2026/06/10 17:08:26 - mmengine - INFO - paramwise_options -- backbone.adapter.norm2.weight:weight_decay=0.05
2026/06/10 17:08:26 - mmengine - INFO - paramwise_options -- backbone.adapter.norm2.weight:lr_mult=0.1
2026/06/10 17:08:26 - mmengine - INFO - paramwise_options -- backbone.adapter.norm2.weight:decay_mult=1.0
2026/06/10 17:08:26 - mmengine - INFO - paramwise_options -- backbone.adapter.norm2.bias:lr=1e-05
2026/06/10 17:08:26 - mmengine - INFO - paramwise_options -- backbone.adapter.norm2.bias:weight_decay=0.05
2026/06/10 17:08:26 - mmengine - INFO - paramwise_options -- backbone.adapter.norm2.bias:lr_mult=0.1
2026/06/10 17:08:26 - mmengine - INFO - paramwise_options -- backbone.adapter.norm2.bias:decay_mult=1.0
2026/06/10 17:08:26 - mmengine - INFO - paramwise_options -- backbone.adapter.norm3.weight:lr=1e-05
2026/06/10 17:08:26 - mmengine - INFO - paramwise_options -- backbone.adapter.norm3.weight:weight_decay=0.05
2026/06/10 17:08:26 - mmengine - INFO - paramwise_options -- backbone.adapter.norm3.weight:lr_mult=0.1
2026/06/10 17:08:26 - mmengine - INFO - paramwise_options -- backbone.adapter.norm3.weight:decay_mult=1.0
2026/06/10 17:08:26 - mmengine - INFO - paramwise_options -- backbone.adapter.norm3.bias:lr=1e-05
2026/06/10 17:08:26 - mmengine - INFO - paramwise_options -- backbone.adapter.norm3.bias:weight_decay=0.05
2026/06/10 17:08:26 - mmengine - INFO - paramwise_options -- backbone.adapter.norm3.bias:lr_mult=0.1
2026/06/10 17:08:26 - mmengine - INFO - paramwise_options -- backbone.adapter.norm3.bias:decay_mult=1.0
2026/06/10 17:08:26 - mmengine - INFO - paramwise_options -- backbone.adapter.norm4.weight:lr=1e-05
2026/06/10 17:08:26 - mmengine - INFO - paramwise_options -- backbone.adapter.norm4.weight:weight_decay=0.05
2026/06/10 17:08:26 - mmengine - INFO - paramwise_options -- backbone.adapter.norm4.weight:lr_mult=0.1
2026/06/10 17:08:26 - mmengine - INFO - paramwise_options -- backbone.adapter.norm4.weight:decay_mult=1.0
2026/06/10 17:08:26 - mmengine - INFO - paramwise_options -- backbone.adapter.norm4.bias:lr=1e-05
2026/06/10 17:08:26 - mmengine - INFO - paramwise_options -- backbone.adapter.norm4.bias:weight_decay=0.05
2026/06/10 17:08:26 - mmengine - INFO - paramwise_options -- backbone.adapter.norm4.bias:lr_mult=0.1
2026/06/10 17:08:26 - mmengine - INFO - paramwise_options -- backbone.adapter.norm4.bias:decay_mult=1.0
2026/06/10 17:08:26 - mmengine - INFO - paramwise_options -- decode_head.convs.0.bn.weight:weight_decay=0.0
2026/06/10 17:08:26 - mmengine - INFO - paramwise_options -- decode_head.convs.0.bn.bias:weight_decay=0.0
2026/06/10 17:08:26 - mmengine - INFO - paramwise_options -- decode_head.convs.1.bn.weight:weight_decay=0.0
2026/06/10 17:08:27 - mmengine - INFO - paramwise_options -- decode_head.convs.1.bn.bias:weight_decay=0.0
2026/06/10 17:08:27 - mmengine - INFO - paramwise_options -- decode_head.conv_cat.bn.weight:weight_decay=0.0
2026/06/10 17:08:27 - mmengine - INFO - paramwise_options -- decode_head.conv_cat.bn.bias:weight_decay=0.0
2026/06/10 17:08:27 - mmengine - INFO - paramwise_options -- auxiliary_head.convs.0.bn.weight:weight_decay=0.0
2026/06/10 17:08:27 - mmengine - INFO - paramwise_options -- auxiliary_head.convs.0.bn.bias:weight_decay=0.0
2026/06/10 17:08:27 - mmengine - WARNING - The prefix is not set in metric class IoUMetric.
Name of parameter - Initialization information

backbone.adapter.level_embed - torch.Size([3, 384]): 
The value is the same before and after calling `init_weights` of EncoderDecoder  

backbone.adapter.backbone.cls_token - torch.Size([1, 1, 384]): 
The value is the same before and after calling `init_weights` of EncoderDecoder  

backbone.adapter.backbone.mask_token - torch.Size([1, 384]): 
The value is the same before and after calling `init_weights` of EncoderDecoder  

backbone.adapter.backbone.patch_embed.proj.weight - torch.Size([384, 3, 16, 16]): 
The value is the same before and after calling `init_weights` of EncoderDecoder  

backbone.adapter.backbone.patch_embed.proj.bias - torch.Size([384]): 
The value is the same before and after calling `init_weights` of EncoderDecoder  

backbone.adapter.backbone.blocks.0.norm1.weight - torch.Size([384]): 
The value is the same before and after calling `init_weights` of EncoderDecoder  

backbone.adapter.backbone.blocks.0.norm1.bias - torch.Size([384]): 
The value is the same before and after calling `init_weights` of EncoderDecoder  

backbone.adapter.backbone.blocks.0.attn.qkv.weight - torch.Size([1152, 384]): 
The value is the same before and after calling `init_weights` of EncoderDecoder  

backbone.adapter.backbone.blocks.0.attn.qkv.bias - torch.Size([1152]): 
The value is the same before and after calling `init_weights` of EncoderDecoder  

backbone.adapter.backbone.blocks.0.attn.proj.weight - torch.Size([384, 384]): 
The value is the same before and after calling `init_weights` of EncoderDecoder  

backbone.adapter.backbone.blocks.0.attn.proj.bias - torch.Size([384]): 
The value is the same before and after calling `init_weights` of EncoderDecoder  

backbone.adapter.backbone.blocks.0.ls1.gamma - torch.Size([384]): 
The value is the same before and after calling `init_weights` of EncoderDecoder  

backbone.adapter.backbone.blocks.0.norm2.weight - torch.Size([384]): 
The value is the same before and after calling `init_weights` of EncoderDecoder  

backbone.adapter.backbone.blocks.0.norm2.bias - torch.Size([384]): 
The value is the same before and after calling `init_weights` of EncoderDecoder  

backbone.adapter.backbone.blocks.0.mlp.fc1.weight - torch.Size([1536, 384]): 
The value is the same before and after calling `init_weights` of EncoderDecoder  

backbone.adapter.backbone.blocks.0.mlp.fc1.bias - torch.Size([1536]): 
The value is the same before and after calling `init_weights` of EncoderDecoder  

backbone.adapter.backbone.blocks.0.mlp.fc2.weight - torch.Size([384, 1536]): 
The value is the same before and after calling `init_weights` of EncoderDecoder  

backbone.adapter.backbone.blocks.0.mlp.fc2.bias - torch.Size([384]): 
The value is the same before and after calling `init_weights` of EncoderDecoder  

backbone.adapter.backbone.blocks.0.ls2.gamma - torch.Size([384]): 
The value is the same before and after calling `init_weights` of EncoderDecoder  

backbone.adapter.backbone.blocks.1.norm1.weight - torch.Size([384]): 
The value is the same before and after calling `init_weights` of EncoderDecoder  

backbone.adapter.backbone.blocks.1.norm1.bias - torch.Size([384]): 
The value is the same before and after calling `init_weights` of EncoderDecoder  

backbone.adapter.backbone.blocks.1.attn.qkv.weight - torch.Size([1152, 384]): 
The value is the same before and after calling `init_weights` of EncoderDecoder  

backbone.adapter.backbone.blocks.1.attn.qkv.bias - torch.Size([1152]): 
The value is the same before and after calling `init_weights` of EncoderDecoder  

backbone.adapter.backbone.blocks.1.attn.proj.weight - torch.Size([384, 384]): 
The value is the same before and after calling `init_weights` of EncoderDecoder  

backbone.adapter.backbone.blocks.1.attn.proj.bias - torch.Size([384]): 
The value is the same before and after calling `init_weights` of EncoderDecoder  

backbone.adapter.backbone.blocks.1.ls1.gamma - torch.Size([384]): 
The value is the same before and after calling `init_weights` of EncoderDecoder  

backbone.adapter.backbone.blocks.1.norm2.weight - torch.Size([384]): 
The value is the same before and after calling `init_weights` of EncoderDecoder  

backbone.adapter.backbone.blocks.1.norm2.bias - torch.Size([384]): 
The value is the same before and after calling `init_weights` of EncoderDecoder  

backbone.adapter.backbone.blocks.1.mlp.fc1.weight - torch.Size([1536, 384]): 
The value is the same before and after calling `init_weights` of EncoderDecoder  

backbone.adapter.backbone.blocks.1.mlp.fc1.bias - torch.Size([1536]): 
The value is the same before and after calling `init_weights` of EncoderDecoder  

backbone.adapter.backbone.blocks.1.mlp.fc2.weight - torch.Size([384, 1536]): 
The value is the same before and after calling `init_weights` of EncoderDecoder  

backbone.adapter.backbone.blocks.1.mlp.fc2.bias - torch.Size([384]): 
The value is the same before and after calling `init_weights` of EncoderDecoder  

backbone.adapter.backbone.blocks.1.ls2.gamma - torch.Size([384]): 
The value is the same before and after calling `init_weights` of EncoderDecoder  

backbone.adapter.backbone.blocks.2.norm1.weight - torch.Size([384]): 
The value is the same before and after calling `init_weights` of EncoderDecoder  

backbone.adapter.backbone.blocks.2.norm1.bias - torch.Size([384]): 
The value is the same before and after calling `init_weights` of EncoderDecoder  

backbone.adapter.backbone.blocks.2.attn.qkv.weight - torch.Size([1152, 384]): 
The value is the same before and after calling `init_weights` of EncoderDecoder  

backbone.adapter.backbone.blocks.2.attn.qkv.bias - torch.Size([1152]): 
The value is the same before and after calling `init_weights` of EncoderDecoder  

backbone.adapter.backbone.blocks.2.attn.proj.weight - torch.Size([384, 384]): 
The value is the same before and after calling `init_weights` of EncoderDecoder  

backbone.adapter.backbone.blocks.2.attn.proj.bias - torch.Size([384]): 
The value is the same before and after calling `init_weights` of EncoderDecoder  

backbone.adapter.backbone.blocks.2.ls1.gamma - torch.Size([384]): 
The value is the same before and after calling `init_weights` of EncoderDecoder  

backbone.adapter.backbone.blocks.2.norm2.weight - torch.Size([384]): 
The value is the same before and after calling `init_weights` of EncoderDecoder  

backbone.adapter.backbone.blocks.2.norm2.bias - torch.Size([384]): 
The value is the same before and after calling `init_weights` of EncoderDecoder  

backbone.adapter.backbone.blocks.2.mlp.fc1.weight - torch.Size([1536, 384]): 
The value is the same before and after calling `init_weights` of EncoderDecoder  

backbone.adapter.backbone.blocks.2.mlp.fc1.bias - torch.Size([1536]): 
The value is the same before and after calling `init_weights` of EncoderDecoder  

backbone.adapter.backbone.blocks.2.mlp.fc2.weight - torch.Size([384, 1536]): 
The value is the same before and after calling `init_weights` of EncoderDecoder  

backbone.adapter.backbone.blocks.2.mlp.fc2.bias - torch.Size([384]): 
The value is the same before and after calling `init_weights` of EncoderDecoder  

backbone.adapter.backbone.blocks.2.ls2.gamma - torch.Size([384]): 
The value is the same before and after calling `init_weights` of EncoderDecoder  

backbone.adapter.backbone.blocks.3.norm1.weight - torch.Size([384]): 
The value is the same before and after calling `init_weights` of EncoderDecoder  

backbone.adapter.backbone.blocks.3.norm1.bias - torch.Size([384]): 
The value is the same before and after calling `init_weights` of EncoderDecoder  

backbone.adapter.backbone.blocks.3.attn.qkv.weight - torch.Size([1152, 384]): 
The value is the same before and after calling `init_weights` of EncoderDecoder  

backbone.adapter.backbone.blocks.3.attn.qkv.bias - torch.Size([1152]): 
The value is the same before and after calling `init_weights` of EncoderDecoder  

backbone.adapter.backbone.blocks.3.attn.proj.weight - torch.Size([384, 384]): 
The value is the same before and after calling `init_weights` of EncoderDecoder  

backbone.adapter.backbone.blocks.3.attn.proj.bias - torch.Size([384]): 
The value is the same before and after calling `init_weights` of EncoderDecoder  

backbone.adapter.backbone.blocks.3.ls1.gamma - torch.Size([384]): 
The value is the same before and after calling `init_weights` of EncoderDecoder  

backbone.adapter.backbone.blocks.3.norm2.weight - torch.Size([384]): 
The value is the same before and after calling `init_weights` of EncoderDecoder  

backbone.adapter.backbone.blocks.3.norm2.bias - torch.Size([384]): 
The value is the same before and after calling `init_weights` of EncoderDecoder  

backbone.adapter.backbone.blocks.3.mlp.fc1.weight - torch.Size([1536, 384]): 
The value is the same before and after calling `init_weights` of EncoderDecoder  

backbone.adapter.backbone.blocks.3.mlp.fc1.bias - torch.Size([1536]): 
The value is the same before and after calling `init_weights` of EncoderDecoder  

backbone.adapter.backbone.blocks.3.mlp.fc2.weight - torch.Size([384, 1536]): 
The value is the same before and after calling `init_weights` of EncoderDecoder  

backbone.adapter.backbone.blocks.3.mlp.fc2.bias - torch.Size([384]): 
The value is the same before and after calling `init_weights` of EncoderDecoder  

backbone.adapter.backbone.blocks.3.ls2.gamma - torch.Size([384]): 
The value is the same before and after calling `init_weights` of EncoderDecoder  

backbone.adapter.backbone.blocks.4.norm1.weight - torch.Size([384]): 
The value is the same before and after calling `init_weights` of EncoderDecoder  

backbone.adapter.backbone.blocks.4.norm1.bias - torch.Size([384]): 
The value is the same before and after calling `init_weights` of EncoderDecoder  

backbone.adapter.backbone.blocks.4.attn.qkv.weight - torch.Size([1152, 384]): 
The value is the same before and after calling `init_weights` of EncoderDecoder  

backbone.adapter.backbone.blocks.4.attn.qkv.bias - torch.Size([1152]): 
The value is the same before and after calling `init_weights` of EncoderDecoder  

backbone.adapter.backbone.blocks.4.attn.proj.weight - torch.Size([384, 384]): 
The value is the same before and after calling `init_weights` of EncoderDecoder  

backbone.adapter.backbone.blocks.4.attn.proj.bias - torch.Size([384]): 
The value is the same before and after calling `init_weights` of EncoderDecoder  

backbone.adapter.backbone.blocks.4.ls1.gamma - torch.Size([384]): 
The value is the same before and after calling `init_weights` of EncoderDecoder  

backbone.adapter.backbone.blocks.4.norm2.weight - torch.Size([384]): 
The value is the same before and after calling `init_weights` of EncoderDecoder  

backbone.adapter.backbone.blocks.4.norm2.bias - torch.Size([384]): 
The value is the same before and after calling `init_weights` of EncoderDecoder  

backbone.adapter.backbone.blocks.4.mlp.fc1.weight - torch.Size([1536, 384]): 
The value is the same before and after calling `init_weights` of EncoderDecoder  

backbone.adapter.backbone.blocks.4.mlp.fc1.bias - torch.Size([1536]): 
The value is the same before and after calling `init_weights` of EncoderDecoder  

backbone.adapter.backbone.blocks.4.mlp.fc2.weight - torch.Size([384, 1536]): 
The value is the same before and after calling `init_weights` of EncoderDecoder  

backbone.adapter.backbone.blocks.4.mlp.fc2.bias - torch.Size([384]): 
The value is the same before and after calling `init_weights` of EncoderDecoder  

backbone.adapter.backbone.blocks.4.ls2.gamma - torch.Size([384]): 
The value is the same before and after calling `init_weights` of EncoderDecoder  

backbone.adapter.backbone.blocks.5.norm1.weight - torch.Size([384]): 
The value is the same before and after calling `init_weights` of EncoderDecoder  

backbone.adapter.backbone.blocks.5.norm1.bias - torch.Size([384]): 
The value is the same before and after calling `init_weights` of EncoderDecoder  

backbone.adapter.backbone.blocks.5.attn.qkv.weight - torch.Size([1152, 384]): 
The value is the same before and after calling `init_weights` of EncoderDecoder  

backbone.adapter.backbone.blocks.5.attn.qkv.bias - torch.Size([1152]): 
The value is the same before and after calling `init_weights` of EncoderDecoder  

backbone.adapter.backbone.blocks.5.attn.proj.weight - torch.Size([384, 384]): 
The value is the same before and after calling `init_weights` of EncoderDecoder  

backbone.adapter.backbone.blocks.5.attn.proj.bias - torch.Size([384]): 
The value is the same before and after calling `init_weights` of EncoderDecoder  

backbone.adapter.backbone.blocks.5.ls1.gamma - torch.Size([384]): 
The value is the same before and after calling `init_weights` of EncoderDecoder  

backbone.adapter.backbone.blocks.5.norm2.weight - torch.Size([384]): 
The value is the same before and after calling `init_weights` of EncoderDecoder  

backbone.adapter.backbone.blocks.5.norm2.bias - torch.Size([384]): 
The value is the same before and after calling `init_weights` of EncoderDecoder  

backbone.adapter.backbone.blocks.5.mlp.fc1.weight - torch.Size([1536, 384]): 
The value is the same before and after calling `init_weights` of EncoderDecoder  

backbone.adapter.backbone.blocks.5.mlp.fc1.bias - torch.Size([1536]): 
The value is the same before and after calling `init_weights` of EncoderDecoder  

backbone.adapter.backbone.blocks.5.mlp.fc2.weight - torch.Size([384, 1536]): 
The value is the same before and after calling `init_weights` of EncoderDecoder  

backbone.adapter.backbone.blocks.5.mlp.fc2.bias - torch.Size([384]): 
The value is the same before and after calling `init_weights` of EncoderDecoder  

backbone.adapter.backbone.blocks.5.ls2.gamma - torch.Size([384]): 
The value is the same before and after calling `init_weights` of EncoderDecoder  

backbone.adapter.backbone.blocks.6.norm1.weight - torch.Size([384]): 
The value is the same before and after calling `init_weights` of EncoderDecoder  

backbone.adapter.backbone.blocks.6.norm1.bias - torch.Size([384]): 
The value is the same before and after calling `init_weights` of EncoderDecoder  

backbone.adapter.backbone.blocks.6.attn.qkv.weight - torch.Size([1152, 384]): 
The value is the same before and after calling `init_weights` of EncoderDecoder  

backbone.adapter.backbone.blocks.6.attn.qkv.bias - torch.Size([1152]): 
The value is the same before and after calling `init_weights` of EncoderDecoder  

backbone.adapter.backbone.blocks.6.attn.proj.weight - torch.Size([384, 384]): 
The value is the same before and after calling `init_weights` of EncoderDecoder  

backbone.adapter.backbone.blocks.6.attn.proj.bias - torch.Size([384]): 
The value is the same before and after calling `init_weights` of EncoderDecoder  

backbone.adapter.backbone.blocks.6.ls1.gamma - torch.Size([384]): 
The value is the same before and after calling `init_weights` of EncoderDecoder  

backbone.adapter.backbone.blocks.6.norm2.weight - torch.Size([384]): 
The value is the same before and after calling `init_weights` of EncoderDecoder  

backbone.adapter.backbone.blocks.6.norm2.bias - torch.Size([384]): 
The value is the same before and after calling `init_weights` of EncoderDecoder  

backbone.adapter.backbone.blocks.6.mlp.fc1.weight - torch.Size([1536, 384]): 
The value is the same before and after calling `init_weights` of EncoderDecoder  

backbone.adapter.backbone.blocks.6.mlp.fc1.bias - torch.Size([1536]): 
The value is the same before and after calling `init_weights` of EncoderDecoder  

backbone.adapter.backbone.blocks.6.mlp.fc2.weight - torch.Size([384, 1536]): 
The value is the same before and after calling `init_weights` of EncoderDecoder  

backbone.adapter.backbone.blocks.6.mlp.fc2.bias - torch.Size([384]): 
The value is the same before and after calling `init_weights` of EncoderDecoder  

backbone.adapter.backbone.blocks.6.ls2.gamma - torch.Size([384]): 
The value is the same before and after calling `init_weights` of EncoderDecoder  

backbone.adapter.backbone.blocks.7.norm1.weight - torch.Size([384]): 
The value is the same before and after calling `init_weights` of EncoderDecoder  

backbone.adapter.backbone.blocks.7.norm1.bias - torch.Size([384]): 
The value is the same before and after calling `init_weights` of EncoderDecoder  

backbone.adapter.backbone.blocks.7.attn.qkv.weight - torch.Size([1152, 384]): 
The value is the same before and after calling `init_weights` of EncoderDecoder  

backbone.adapter.backbone.blocks.7.attn.qkv.bias - torch.Size([1152]): 
The value is the same before and after calling `init_weights` of EncoderDecoder  

backbone.adapter.backbone.blocks.7.attn.proj.weight - torch.Size([384, 384]): 
The value is the same before and after calling `init_weights` of EncoderDecoder  

backbone.adapter.backbone.blocks.7.attn.proj.bias - torch.Size([384]): 
The value is the same before and after calling `init_weights` of EncoderDecoder  

backbone.adapter.backbone.blocks.7.ls1.gamma - torch.Size([384]): 
The value is the same before and after calling `init_weights` of EncoderDecoder  

backbone.adapter.backbone.blocks.7.norm2.weight - torch.Size([384]): 
The value is the same before and after calling `init_weights` of EncoderDecoder  

backbone.adapter.backbone.blocks.7.norm2.bias - torch.Size([384]): 
The value is the same before and after calling `init_weights` of EncoderDecoder  

backbone.adapter.backbone.blocks.7.mlp.fc1.weight - torch.Size([1536, 384]): 
The value is the same before and after calling `init_weights` of EncoderDecoder  

backbone.adapter.backbone.blocks.7.mlp.fc1.bias - torch.Size([1536]): 
The value is the same before and after calling `init_weights` of EncoderDecoder  

backbone.adapter.backbone.blocks.7.mlp.fc2.weight - torch.Size([384, 1536]): 
The value is the same before and after calling `init_weights` of EncoderDecoder  

backbone.adapter.backbone.blocks.7.mlp.fc2.bias - torch.Size([384]): 
The value is the same before and after calling `init_weights` of EncoderDecoder  

backbone.adapter.backbone.blocks.7.ls2.gamma - torch.Size([384]): 
The value is the same before and after calling `init_weights` of EncoderDecoder  

backbone.adapter.backbone.blocks.8.norm1.weight - torch.Size([384]): 
The value is the same before and after calling `init_weights` of EncoderDecoder  

backbone.adapter.backbone.blocks.8.norm1.bias - torch.Size([384]): 
The value is the same before and after calling `init_weights` of EncoderDecoder  

backbone.adapter.backbone.blocks.8.attn.qkv.weight - torch.Size([1152, 384]): 
The value is the same before and after calling `init_weights` of EncoderDecoder  

backbone.adapter.backbone.blocks.8.attn.qkv.bias - torch.Size([1152]): 
The value is the same before and after calling `init_weights` of EncoderDecoder  

backbone.adapter.backbone.blocks.8.attn.proj.weight - torch.Size([384, 384]): 
The value is the same before and after calling `init_weights` of EncoderDecoder  

backbone.adapter.backbone.blocks.8.attn.proj.bias - torch.Size([384]): 
The value is the same before and after calling `init_weights` of EncoderDecoder  

backbone.adapter.backbone.blocks.8.ls1.gamma - torch.Size([384]): 
The value is the same before and after calling `init_weights` of EncoderDecoder  

backbone.adapter.backbone.blocks.8.norm2.weight - torch.Size([384]): 
The value is the same before and after calling `init_weights` of EncoderDecoder  

backbone.adapter.backbone.blocks.8.norm2.bias - torch.Size([384]): 
The value is the same before and after calling `init_weights` of EncoderDecoder  

backbone.adapter.backbone.blocks.8.mlp.fc1.weight - torch.Size([1536, 384]): 
The value is the same before and after calling `init_weights` of EncoderDecoder  

backbone.adapter.backbone.blocks.8.mlp.fc1.bias - torch.Size([1536]): 
The value is the same before and after calling `init_weights` of EncoderDecoder  

backbone.adapter.backbone.blocks.8.mlp.fc2.weight - torch.Size([384, 1536]): 
The value is the same before and after calling `init_weights` of EncoderDecoder  

backbone.adapter.backbone.blocks.8.mlp.fc2.bias - torch.Size([384]): 
The value is the same before and after calling `init_weights` of EncoderDecoder  

backbone.adapter.backbone.blocks.8.ls2.gamma - torch.Size([384]): 
The value is the same before and after calling `init_weights` of EncoderDecoder  

backbone.adapter.backbone.blocks.9.norm1.weight - torch.Size([384]): 
The value is the same before and after calling `init_weights` of EncoderDecoder  

backbone.adapter.backbone.blocks.9.norm1.bias - torch.Size([384]): 
The value is the same before and after calling `init_weights` of EncoderDecoder  

backbone.adapter.backbone.blocks.9.attn.qkv.weight - torch.Size([1152, 384]): 
The value is the same before and after calling `init_weights` of EncoderDecoder  

backbone.adapter.backbone.blocks.9.attn.qkv.bias - torch.Size([1152]): 
The value is the same before and after calling `init_weights` of EncoderDecoder  

backbone.adapter.backbone.blocks.9.attn.proj.weight - torch.Size([384, 384]): 
The value is the same before and after calling `init_weights` of EncoderDecoder  

backbone.adapter.backbone.blocks.9.attn.proj.bias - torch.Size([384]): 
The value is the same before and after calling `init_weights` of EncoderDecoder  

backbone.adapter.backbone.blocks.9.ls1.gamma - torch.Size([384]): 
The value is the same before and after calling `init_weights` of EncoderDecoder  

backbone.adapter.backbone.blocks.9.norm2.weight - torch.Size([384]): 
The value is the same before and after calling `init_weights` of EncoderDecoder  

backbone.adapter.backbone.blocks.9.norm2.bias - torch.Size([384]): 
The value is the same before and after calling `init_weights` of EncoderDecoder  

backbone.adapter.backbone.blocks.9.mlp.fc1.weight - torch.Size([1536, 384]): 
The value is the same before and after calling `init_weights` of EncoderDecoder  

backbone.adapter.backbone.blocks.9.mlp.fc1.bias - torch.Size([1536]): 
The value is the same before and after calling `init_weights` of EncoderDecoder  

backbone.adapter.backbone.blocks.9.mlp.fc2.weight - torch.Size([384, 1536]): 
The value is the same before and after calling `init_weights` of EncoderDecoder  

backbone.adapter.backbone.blocks.9.mlp.fc2.bias - torch.Size([384]): 
The value is the same before and after calling `init_weights` of EncoderDecoder  

backbone.adapter.backbone.blocks.9.ls2.gamma - torch.Size([384]): 
The value is the same before and after calling `init_weights` of EncoderDecoder  

backbone.adapter.backbone.blocks.10.norm1.weight - torch.Size([384]): 
The value is the same before and after calling `init_weights` of EncoderDecoder  

backbone.adapter.backbone.blocks.10.norm1.bias - torch.Size([384]): 
The value is the same before and after calling `init_weights` of EncoderDecoder  

backbone.adapter.backbone.blocks.10.attn.qkv.weight - torch.Size([1152, 384]): 
The value is the same before and after calling `init_weights` of EncoderDecoder  

backbone.adapter.backbone.blocks.10.attn.qkv.bias - torch.Size([1152]): 
The value is the same before and after calling `init_weights` of EncoderDecoder  

backbone.adapter.backbone.blocks.10.attn.proj.weight - torch.Size([384, 384]): 
The value is the same before and after calling `init_weights` of EncoderDecoder  

backbone.adapter.backbone.blocks.10.attn.proj.bias - torch.Size([384]): 
The value is the same before and after calling `init_weights` of EncoderDecoder  

backbone.adapter.backbone.blocks.10.ls1.gamma - torch.Size([384]): 
The value is the same before and after calling `init_weights` of EncoderDecoder  

backbone.adapter.backbone.blocks.10.norm2.weight - torch.Size([384]): 
The value is the same before and after calling `init_weights` of EncoderDecoder  

backbone.adapter.backbone.blocks.10.norm2.bias - torch.Size([384]): 
The value is the same before and after calling `init_weights` of EncoderDecoder  

backbone.adapter.backbone.blocks.10.mlp.fc1.weight - torch.Size([1536, 384]): 
The value is the same before and after calling `init_weights` of EncoderDecoder  

backbone.adapter.backbone.blocks.10.mlp.fc1.bias - torch.Size([1536]): 
The value is the same before and after calling `init_weights` of EncoderDecoder  

backbone.adapter.backbone.blocks.10.mlp.fc2.weight - torch.Size([384, 1536]): 
The value is the same before and after calling `init_weights` of EncoderDecoder  

backbone.adapter.backbone.blocks.10.mlp.fc2.bias - torch.Size([384]): 
The value is the same before and after calling `init_weights` of EncoderDecoder  

backbone.adapter.backbone.blocks.10.ls2.gamma - torch.Size([384]): 
The value is the same before and after calling `init_weights` of EncoderDecoder  

backbone.adapter.backbone.blocks.11.norm1.weight - torch.Size([384]): 
The value is the same before and after calling `init_weights` of EncoderDecoder  

backbone.adapter.backbone.blocks.11.norm1.bias - torch.Size([384]): 
The value is the same before and after calling `init_weights` of EncoderDecoder  

backbone.adapter.backbone.blocks.11.attn.qkv.weight - torch.Size([1152, 384]): 
The value is the same before and after calling `init_weights` of EncoderDecoder  

backbone.adapter.backbone.blocks.11.attn.qkv.bias - torch.Size([1152]): 
The value is the same before and after calling `init_weights` of EncoderDecoder  

backbone.adapter.backbone.blocks.11.attn.proj.weight - torch.Size([384, 384]): 
The value is the same before and after calling `init_weights` of EncoderDecoder  

backbone.adapter.backbone.blocks.11.attn.proj.bias - torch.Size([384]): 
The value is the same before and after calling `init_weights` of EncoderDecoder  

backbone.adapter.backbone.blocks.11.ls1.gamma - torch.Size([384]): 
The value is the same before and after calling `init_weights` of EncoderDecoder  

backbone.adapter.backbone.blocks.11.norm2.weight - torch.Size([384]): 
The value is the same before and after calling `init_weights` of EncoderDecoder  

backbone.adapter.backbone.blocks.11.norm2.bias - torch.Size([384]): 
The value is the same before and after calling `init_weights` of EncoderDecoder  

backbone.adapter.backbone.blocks.11.mlp.fc1.weight - torch.Size([1536, 384]): 
The value is the same before and after calling `init_weights` of EncoderDecoder  

backbone.adapter.backbone.blocks.11.mlp.fc1.bias - torch.Size([1536]): 
The value is the same before and after calling `init_weights` of EncoderDecoder  

backbone.adapter.backbone.blocks.11.mlp.fc2.weight - torch.Size([384, 1536]): 
The value is the same before and after calling `init_weights` of EncoderDecoder  

backbone.adapter.backbone.blocks.11.mlp.fc2.bias - torch.Size([384]): 
The value is the same before and after calling `init_weights` of EncoderDecoder  

backbone.adapter.backbone.blocks.11.ls2.gamma - torch.Size([384]): 
The value is the same before and after calling `init_weights` of EncoderDecoder  

backbone.adapter.backbone.norm.weight - torch.Size([384]): 
The value is the same before and after calling `init_weights` of EncoderDecoder  

backbone.adapter.backbone.norm.bias - torch.Size([384]): 
The value is the same before and after calling `init_weights` of EncoderDecoder  

backbone.adapter.spm.stem.0.weight - torch.Size([64, 3, 3, 3]): 
The value is the same before and after calling `init_weights` of EncoderDecoder  

backbone.adapter.spm.stem.1.weight - torch.Size([64]): 
The value is the same before and after calling `init_weights` of EncoderDecoder  

backbone.adapter.spm.stem.1.bias - torch.Size([64]): 
The value is the same before and after calling `init_weights` of EncoderDecoder  

backbone.adapter.spm.stem.3.weight - torch.Size([64, 64, 3, 3]): 
The value is the same before and after calling `init_weights` of EncoderDecoder  

backbone.adapter.spm.stem.4.weight - torch.Size([64]): 
The value is the same before and after calling `init_weights` of EncoderDecoder  

backbone.adapter.spm.stem.4.bias - torch.Size([64]): 
The value is the same before and after calling `init_weights` of EncoderDecoder  

backbone.adapter.spm.stem.6.weight - torch.Size([64, 64, 3, 3]): 
The value is the same before and after calling `init_weights` of EncoderDecoder  

backbone.adapter.spm.stem.7.weight - torch.Size([64]): 
The value is the same before and after calling `init_weights` of EncoderDecoder  

backbone.adapter.spm.stem.7.bias - torch.Size([64]): 
The value is the same before and after calling `init_weights` of EncoderDecoder  

backbone.adapter.spm.conv2.0.weight - torch.Size([128, 64, 3, 3]): 
The value is the same before and after calling `init_weights` of EncoderDecoder  

backbone.adapter.spm.conv2.1.weight - torch.Size([128]): 
The value is the same before and after calling `init_weights` of EncoderDecoder  

backbone.adapter.spm.conv2.1.bias - torch.Size([128]): 
The value is the same before and after calling `init_weights` of EncoderDecoder  

backbone.adapter.spm.conv3.0.weight - torch.Size([256, 128, 3, 3]): 
The value is the same before and after calling `init_weights` of EncoderDecoder  

backbone.adapter.spm.conv3.1.weight - torch.Size([256]): 
The value is the same before and after calling `init_weights` of EncoderDecoder  

backbone.adapter.spm.conv3.1.bias - torch.Size([256]): 
The value is the same before and after calling `init_weights` of EncoderDecoder  

backbone.adapter.spm.conv4.0.weight - torch.Size([256, 256, 3, 3]): 
The value is the same before and after calling `init_weights` of EncoderDecoder  

backbone.adapter.spm.conv4.1.weight - torch.Size([256]): 
The value is the same before and after calling `init_weights` of EncoderDecoder  

backbone.adapter.spm.conv4.1.bias - torch.Size([256]): 
The value is the same before and after calling `init_weights` of EncoderDecoder  

backbone.adapter.spm.fc1.weight - torch.Size([384, 64, 1, 1]): 
The value is the same before and after calling `init_weights` of EncoderDecoder  

backbone.adapter.spm.fc1.bias - torch.Size([384]): 
The value is the same before and after calling `init_weights` of EncoderDecoder  

backbone.adapter.spm.fc2.weight - torch.Size([384, 128, 1, 1]): 
The value is the same before and after calling `init_weights` of EncoderDecoder  

backbone.adapter.spm.fc2.bias - torch.Size([384]): 
The value is the same before and after calling `init_weights` of EncoderDecoder  

backbone.adapter.spm.fc3.weight - torch.Size([384, 256, 1, 1]): 
The value is the same before and after calling `init_weights` of EncoderDecoder  

backbone.adapter.spm.fc3.bias - torch.Size([384]): 
The value is the same before and after calling `init_weights` of EncoderDecoder  

backbone.adapter.spm.fc4.weight - torch.Size([384, 256, 1, 1]): 
The value is the same before and after calling `init_weights` of EncoderDecoder  

backbone.adapter.spm.fc4.bias - torch.Size([384]): 
The value is the same before and after calling `init_weights` of EncoderDecoder  

backbone.adapter.interactions.0.extractor.query_norm.weight - torch.Size([384]): 
The value is the same before and after calling `init_weights` of EncoderDecoder  

backbone.adapter.interactions.0.extractor.query_norm.bias - torch.Size([384]): 
The value is the same before and after calling `init_weights` of EncoderDecoder  

backbone.adapter.interactions.0.extractor.feat_norm.weight - torch.Size([384]): 
The value is the same before and after calling `init_weights` of EncoderDecoder  

backbone.adapter.interactions.0.extractor.feat_norm.bias - torch.Size([384]): 
The value is the same before and after calling `init_weights` of EncoderDecoder  

backbone.adapter.interactions.0.extractor.attn.attn.sampling_offsets.weight - torch.Size([128, 384]): 
The value is the same before and after calling `init_weights` of EncoderDecoder  

backbone.adapter.interactions.0.extractor.attn.attn.sampling_offsets.bias - torch.Size([128]): 
The value is the same before and after calling `init_weights` of EncoderDecoder  

backbone.adapter.interactions.0.extractor.attn.attn.attention_weights.weight - torch.Size([64, 384]): 
The value is the same before and after calling `init_weights` of EncoderDecoder  

backbone.adapter.interactions.0.extractor.attn.attn.attention_weights.bias - torch.Size([64]): 
The value is the same before and after calling `init_weights` of EncoderDecoder  

backbone.adapter.interactions.0.extractor.attn.attn.value_proj.weight - torch.Size([384, 384]): 
The value is the same before and after calling `init_weights` of EncoderDecoder  

backbone.adapter.interactions.0.extractor.attn.attn.value_proj.bias - torch.Size([384]): 
The value is the same before and after calling `init_weights` of EncoderDecoder  

backbone.adapter.interactions.0.extractor.attn.attn.output_proj.weight - torch.Size([384, 384]): 
The value is the same before and after calling `init_weights` of EncoderDecoder  

backbone.adapter.interactions.0.extractor.attn.attn.output_proj.bias - torch.Size([384]): 
The value is the same before and after calling `init_weights` of EncoderDecoder  

backbone.adapter.interactions.0.extractor.ffn.fc1.weight - torch.Size([96, 384]): 
The value is the same before and after calling `init_weights` of EncoderDecoder  

backbone.adapter.interactions.0.extractor.ffn.fc1.bias - torch.Size([96]): 
The value is the same before and after calling `init_weights` of EncoderDecoder  

backbone.adapter.interactions.0.extractor.ffn.dwconv.dwconv.weight - torch.Size([96, 1, 3, 3]): 
The value is the same before and after calling `init_weights` of EncoderDecoder  

backbone.adapter.interactions.0.extractor.ffn.dwconv.dwconv.bias - torch.Size([96]): 
The value is the same before and after calling `init_weights` of EncoderDecoder  

backbone.adapter.interactions.0.extractor.ffn.fc2.weight - torch.Size([384, 96]): 
The value is the same before and after calling `init_weights` of EncoderDecoder  

backbone.adapter.interactions.0.extractor.ffn.fc2.bias - torch.Size([384]): 
The value is the same before and after calling `init_weights` of EncoderDecoder  

backbone.adapter.interactions.0.extractor.ffn_norm.weight - torch.Size([384]): 
The value is the same before and after calling `init_weights` of EncoderDecoder  

backbone.adapter.interactions.0.extractor.ffn_norm.bias - torch.Size([384]): 
The value is the same before and after calling `init_weights` of EncoderDecoder  

backbone.adapter.interactions.1.extractor.query_norm.weight - torch.Size([384]): 
The value is the same before and after calling `init_weights` of EncoderDecoder  

backbone.adapter.interactions.1.extractor.query_norm.bias - torch.Size([384]): 
The value is the same before and after calling `init_weights` of EncoderDecoder  

backbone.adapter.interactions.1.extractor.feat_norm.weight - torch.Size([384]): 
The value is the same before and after calling `init_weights` of EncoderDecoder  

backbone.adapter.interactions.1.extractor.feat_norm.bias - torch.Size([384]): 
The value is the same before and after calling `init_weights` of EncoderDecoder  

backbone.adapter.interactions.1.extractor.attn.attn.sampling_offsets.weight - torch.Size([128, 384]): 
The value is the same before and after calling `init_weights` of EncoderDecoder  

backbone.adapter.interactions.1.extractor.attn.attn.sampling_offsets.bias - torch.Size([128]): 
The value is the same before and after calling `init_weights` of EncoderDecoder  

backbone.adapter.interactions.1.extractor.attn.attn.attention_weights.weight - torch.Size([64, 384]): 
The value is the same before and after calling `init_weights` of EncoderDecoder  

backbone.adapter.interactions.1.extractor.attn.attn.attention_weights.bias - torch.Size([64]): 
The value is the same before and after calling `init_weights` of EncoderDecoder  

backbone.adapter.interactions.1.extractor.attn.attn.value_proj.weight - torch.Size([384, 384]): 
The value is the same before and after calling `init_weights` of EncoderDecoder  

backbone.adapter.interactions.1.extractor.attn.attn.value_proj.bias - torch.Size([384]): 
The value is the same before and after calling `init_weights` of EncoderDecoder  

backbone.adapter.interactions.1.extractor.attn.attn.output_proj.weight - torch.Size([384, 384]): 
The value is the same before and after calling `init_weights` of EncoderDecoder  

backbone.adapter.interactions.1.extractor.attn.attn.output_proj.bias - torch.Size([384]): 
The value is the same before and after calling `init_weights` of EncoderDecoder  

backbone.adapter.interactions.1.extractor.ffn.fc1.weight - torch.Size([96, 384]): 
The value is the same before and after calling `init_weights` of EncoderDecoder  

backbone.adapter.interactions.1.extractor.ffn.fc1.bias - torch.Size([96]): 
The value is the same before and after calling `init_weights` of EncoderDecoder  

backbone.adapter.interactions.1.extractor.ffn.dwconv.dwconv.weight - torch.Size([96, 1, 3, 3]): 
The value is the same before and after calling `init_weights` of EncoderDecoder  

backbone.adapter.interactions.1.extractor.ffn.dwconv.dwconv.bias - torch.Size([96]): 
The value is the same before and after calling `init_weights` of EncoderDecoder  

backbone.adapter.interactions.1.extractor.ffn.fc2.weight - torch.Size([384, 96]): 
The value is the same before and after calling `init_weights` of EncoderDecoder  

backbone.adapter.interactions.1.extractor.ffn.fc2.bias - torch.Size([384]): 
The value is the same before and after calling `init_weights` of EncoderDecoder  

backbone.adapter.interactions.1.extractor.ffn_norm.weight - torch.Size([384]): 
The value is the same before and after calling `init_weights` of EncoderDecoder  

backbone.adapter.interactions.1.extractor.ffn_norm.bias - torch.Size([384]): 
The value is the same before and after calling `init_weights` of EncoderDecoder  

backbone.adapter.interactions.2.extractor.query_norm.weight - torch.Size([384]): 
The value is the same before and after calling `init_weights` of EncoderDecoder  

backbone.adapter.interactions.2.extractor.query_norm.bias - torch.Size([384]): 
The value is the same before and after calling `init_weights` of EncoderDecoder  

backbone.adapter.interactions.2.extractor.feat_norm.weight - torch.Size([384]): 
The value is the same before and after calling `init_weights` of EncoderDecoder  

backbone.adapter.interactions.2.extractor.feat_norm.bias - torch.Size([384]): 
The value is the same before and after calling `init_weights` of EncoderDecoder  

backbone.adapter.interactions.2.extractor.attn.attn.sampling_offsets.weight - torch.Size([128, 384]): 
The value is the same before and after calling `init_weights` of EncoderDecoder  

backbone.adapter.interactions.2.extractor.attn.attn.sampling_offsets.bias - torch.Size([128]): 
The value is the same before and after calling `init_weights` of EncoderDecoder  

backbone.adapter.interactions.2.extractor.attn.attn.attention_weights.weight - torch.Size([64, 384]): 
The value is the same before and after calling `init_weights` of EncoderDecoder  

backbone.adapter.interactions.2.extractor.attn.attn.attention_weights.bias - torch.Size([64]): 
The value is the same before and after calling `init_weights` of EncoderDecoder  

backbone.adapter.interactions.2.extractor.attn.attn.value_proj.weight - torch.Size([384, 384]): 
The value is the same before and after calling `init_weights` of EncoderDecoder  

backbone.adapter.interactions.2.extractor.attn.attn.value_proj.bias - torch.Size([384]): 
The value is the same before and after calling `init_weights` of EncoderDecoder  

backbone.adapter.interactions.2.extractor.attn.attn.output_proj.weight - torch.Size([384, 384]): 
The value is the same before and after calling `init_weights` of EncoderDecoder  

backbone.adapter.interactions.2.extractor.attn.attn.output_proj.bias - torch.Size([384]): 
The value is the same before and after calling `init_weights` of EncoderDecoder  

backbone.adapter.interactions.2.extractor.ffn.fc1.weight - torch.Size([96, 384]): 
The value is the same before and after calling `init_weights` of EncoderDecoder  

backbone.adapter.interactions.2.extractor.ffn.fc1.bias - torch.Size([96]): 
The value is the same before and after calling `init_weights` of EncoderDecoder  

backbone.adapter.interactions.2.extractor.ffn.dwconv.dwconv.weight - torch.Size([96, 1, 3, 3]): 
The value is the same before and after calling `init_weights` of EncoderDecoder  

backbone.adapter.interactions.2.extractor.ffn.dwconv.dwconv.bias - torch.Size([96]): 
The value is the same before and after calling `init_weights` of EncoderDecoder  

backbone.adapter.interactions.2.extractor.ffn.fc2.weight - torch.Size([384, 96]): 
The value is the same before and after calling `init_weights` of EncoderDecoder  

backbone.adapter.interactions.2.extractor.ffn.fc2.bias - torch.Size([384]): 
The value is the same before and after calling `init_weights` of EncoderDecoder  

backbone.adapter.interactions.2.extractor.ffn_norm.weight - torch.Size([384]): 
The value is the same before and after calling `init_weights` of EncoderDecoder  

backbone.adapter.interactions.2.extractor.ffn_norm.bias - torch.Size([384]): 
The value is the same before and after calling `init_weights` of EncoderDecoder  

backbone.adapter.interactions.3.extractor.query_norm.weight - torch.Size([384]): 
The value is the same before and after calling `init_weights` of EncoderDecoder  

backbone.adapter.interactions.3.extractor.query_norm.bias - torch.Size([384]): 
The value is the same before and after calling `init_weights` of EncoderDecoder  

backbone.adapter.interactions.3.extractor.feat_norm.weight - torch.Size([384]): 
The value is the same before and after calling `init_weights` of EncoderDecoder  

backbone.adapter.interactions.3.extractor.feat_norm.bias - torch.Size([384]): 
The value is the same before and after calling `init_weights` of EncoderDecoder  

backbone.adapter.interactions.3.extractor.attn.attn.sampling_offsets.weight - torch.Size([128, 384]): 
The value is the same before and after calling `init_weights` of EncoderDecoder  

backbone.adapter.interactions.3.extractor.attn.attn.sampling_offsets.bias - torch.Size([128]): 
The value is the same before and after calling `init_weights` of EncoderDecoder  

backbone.adapter.interactions.3.extractor.attn.attn.attention_weights.weight - torch.Size([64, 384]): 
The value is the same before and after calling `init_weights` of EncoderDecoder  

backbone.adapter.interactions.3.extractor.attn.attn.attention_weights.bias - torch.Size([64]): 
The value is the same before and after calling `init_weights` of EncoderDecoder  

backbone.adapter.interactions.3.extractor.attn.attn.value_proj.weight - torch.Size([384, 384]): 
The value is the same before and after calling `init_weights` of EncoderDecoder  

backbone.adapter.interactions.3.extractor.attn.attn.value_proj.bias - torch.Size([384]): 
The value is the same before and after calling `init_weights` of EncoderDecoder  

backbone.adapter.interactions.3.extractor.attn.attn.output_proj.weight - torch.Size([384, 384]): 
The value is the same before and after calling `init_weights` of EncoderDecoder  

backbone.adapter.interactions.3.extractor.attn.attn.output_proj.bias - torch.Size([384]): 
The value is the same before and after calling `init_weights` of EncoderDecoder  

backbone.adapter.interactions.3.extractor.ffn.fc1.weight - torch.Size([96, 384]): 
The value is the same before and after calling `init_weights` of EncoderDecoder  

backbone.adapter.interactions.3.extractor.ffn.fc1.bias - torch.Size([96]): 
The value is the same before and after calling `init_weights` of EncoderDecoder  

backbone.adapter.interactions.3.extractor.ffn.dwconv.dwconv.weight - torch.Size([96, 1, 3, 3]): 
The value is the same before and after calling `init_weights` of EncoderDecoder  

backbone.adapter.interactions.3.extractor.ffn.dwconv.dwconv.bias - torch.Size([96]): 
The value is the same before and after calling `init_weights` of EncoderDecoder  

backbone.adapter.interactions.3.extractor.ffn.fc2.weight - torch.Size([384, 96]): 
The value is the same before and after calling `init_weights` of EncoderDecoder  

backbone.adapter.interactions.3.extractor.ffn.fc2.bias - torch.Size([384]): 
The value is the same before and after calling `init_weights` of EncoderDecoder  

backbone.adapter.interactions.3.extractor.ffn_norm.weight - torch.Size([384]): 
The value is the same before and after calling `init_weights` of EncoderDecoder  

backbone.adapter.interactions.3.extractor.ffn_norm.bias - torch.Size([384]): 
The value is the same before and after calling `init_weights` of EncoderDecoder  

backbone.adapter.interactions.3.extra_extractors.0.query_norm.weight - torch.Size([384]): 
The value is the same before and after calling `init_weights` of EncoderDecoder  

backbone.adapter.interactions.3.extra_extractors.0.query_norm.bias - torch.Size([384]): 
The value is the same before and after calling `init_weights` of EncoderDecoder  

backbone.adapter.interactions.3.extra_extractors.0.feat_norm.weight - torch.Size([384]): 
The value is the same before and after calling `init_weights` of EncoderDecoder  

backbone.adapter.interactions.3.extra_extractors.0.feat_norm.bias - torch.Size([384]): 
The value is the same before and after calling `init_weights` of EncoderDecoder  

backbone.adapter.interactions.3.extra_extractors.0.attn.attn.sampling_offsets.weight - torch.Size([128, 384]): 
The value is the same before and after calling `init_weights` of EncoderDecoder  

backbone.adapter.interactions.3.extra_extractors.0.attn.attn.sampling_offsets.bias - torch.Size([128]): 
The value is the same before and after calling `init_weights` of EncoderDecoder  

backbone.adapter.interactions.3.extra_extractors.0.attn.attn.attention_weights.weight - torch.Size([64, 384]): 
The value is the same before and after calling `init_weights` of EncoderDecoder  

backbone.adapter.interactions.3.extra_extractors.0.attn.attn.attention_weights.bias - torch.Size([64]): 
The value is the same before and after calling `init_weights` of EncoderDecoder  

backbone.adapter.interactions.3.extra_extractors.0.attn.attn.value_proj.weight - torch.Size([384, 384]): 
The value is the same before and after calling `init_weights` of EncoderDecoder  

backbone.adapter.interactions.3.extra_extractors.0.attn.attn.value_proj.bias - torch.Size([384]): 
The value is the same before and after calling `init_weights` of EncoderDecoder  

backbone.adapter.interactions.3.extra_extractors.0.attn.attn.output_proj.weight - torch.Size([384, 384]): 
The value is the same before and after calling `init_weights` of EncoderDecoder  

backbone.adapter.interactions.3.extra_extractors.0.attn.attn.output_proj.bias - torch.Size([384]): 
The value is the same before and after calling `init_weights` of EncoderDecoder  

backbone.adapter.interactions.3.extra_extractors.0.ffn.fc1.weight - torch.Size([96, 384]): 
The value is the same before and after calling `init_weights` of EncoderDecoder  

backbone.adapter.interactions.3.extra_extractors.0.ffn.fc1.bias - torch.Size([96]): 
The value is the same before and after calling `init_weights` of EncoderDecoder  

backbone.adapter.interactions.3.extra_extractors.0.ffn.dwconv.dwconv.weight - torch.Size([96, 1, 3, 3]): 
The value is the same before and after calling `init_weights` of EncoderDecoder  

backbone.adapter.interactions.3.extra_extractors.0.ffn.dwconv.dwconv.bias - torch.Size([96]): 
The value is the same before and after calling `init_weights` of EncoderDecoder  

backbone.adapter.interactions.3.extra_extractors.0.ffn.fc2.weight - torch.Size([384, 96]): 
The value is the same before and after calling `init_weights` of EncoderDecoder  

backbone.adapter.interactions.3.extra_extractors.0.ffn.fc2.bias - torch.Size([384]): 
The value is the same before and after calling `init_weights` of EncoderDecoder  

backbone.adapter.interactions.3.extra_extractors.0.ffn_norm.weight - torch.Size([384]): 
The value is the same before and after calling `init_weights` of EncoderDecoder  

backbone.adapter.interactions.3.extra_extractors.0.ffn_norm.bias - torch.Size([384]): 
The value is the same before and after calling `init_weights` of EncoderDecoder  

backbone.adapter.interactions.3.extra_extractors.1.query_norm.weight - torch.Size([384]): 
The value is the same before and after calling `init_weights` of EncoderDecoder  

backbone.adapter.interactions.3.extra_extractors.1.query_norm.bias - torch.Size([384]): 
The value is the same before and after calling `init_weights` of EncoderDecoder  

backbone.adapter.interactions.3.extra_extractors.1.feat_norm.weight - torch.Size([384]): 
The value is the same before and after calling `init_weights` of EncoderDecoder  

backbone.adapter.interactions.3.extra_extractors.1.feat_norm.bias - torch.Size([384]): 
The value is the same before and after calling `init_weights` of EncoderDecoder  

backbone.adapter.interactions.3.extra_extractors.1.attn.attn.sampling_offsets.weight - torch.Size([128, 384]): 
The value is the same before and after calling `init_weights` of EncoderDecoder  

backbone.adapter.interactions.3.extra_extractors.1.attn.attn.sampling_offsets.bias - torch.Size([128]): 
The value is the same before and after calling `init_weights` of EncoderDecoder  

backbone.adapter.interactions.3.extra_extractors.1.attn.attn.attention_weights.weight - torch.Size([64, 384]): 
The value is the same before and after calling `init_weights` of EncoderDecoder  

backbone.adapter.interactions.3.extra_extractors.1.attn.attn.attention_weights.bias - torch.Size([64]): 
The value is the same before and after calling `init_weights` of EncoderDecoder  

backbone.adapter.interactions.3.extra_extractors.1.attn.attn.value_proj.weight - torch.Size([384, 384]): 
The value is the same before and after calling `init_weights` of EncoderDecoder  

backbone.adapter.interactions.3.extra_extractors.1.attn.attn.value_proj.bias - torch.Size([384]): 
The value is the same before and after calling `init_weights` of EncoderDecoder  

backbone.adapter.interactions.3.extra_extractors.1.attn.attn.output_proj.weight - torch.Size([384, 384]): 
The value is the same before and after calling `init_weights` of EncoderDecoder  

backbone.adapter.interactions.3.extra_extractors.1.attn.attn.output_proj.bias - torch.Size([384]): 
The value is the same before and after calling `init_weights` of EncoderDecoder  

backbone.adapter.interactions.3.extra_extractors.1.ffn.fc1.weight - torch.Size([96, 384]): 
The value is the same before and after calling `init_weights` of EncoderDecoder  

backbone.adapter.interactions.3.extra_extractors.1.ffn.fc1.bias - torch.Size([96]): 
The value is the same before and after calling `init_weights` of EncoderDecoder  

backbone.adapter.interactions.3.extra_extractors.1.ffn.dwconv.dwconv.weight - torch.Size([96, 1, 3, 3]): 
The value is the same before and after calling `init_weights` of EncoderDecoder  

backbone.adapter.interactions.3.extra_extractors.1.ffn.dwconv.dwconv.bias - torch.Size([96]): 
The value is the same before and after calling `init_weights` of EncoderDecoder  

backbone.adapter.interactions.3.extra_extractors.1.ffn.fc2.weight - torch.Size([384, 96]): 
The value is the same before and after calling `init_weights` of EncoderDecoder  

backbone.adapter.interactions.3.extra_extractors.1.ffn.fc2.bias - torch.Size([384]): 
The value is the same before and after calling `init_weights` of EncoderDecoder  

backbone.adapter.interactions.3.extra_extractors.1.ffn_norm.weight - torch.Size([384]): 
The value is the same before and after calling `init_weights` of EncoderDecoder  

backbone.adapter.interactions.3.extra_extractors.1.ffn_norm.bias - torch.Size([384]): 
The value is the same before and after calling `init_weights` of EncoderDecoder  

backbone.adapter.up.weight - torch.Size([384, 384, 2, 2]): 
The value is the same before and after calling `init_weights` of EncoderDecoder  

backbone.adapter.up.bias - torch.Size([384]): 
The value is the same before and after calling `init_weights` of EncoderDecoder  

backbone.adapter.norm1.weight - torch.Size([384]): 
The value is the same before and after calling `init_weights` of EncoderDecoder  

backbone.adapter.norm1.bias - torch.Size([384]): 
The value is the same before and after calling `init_weights` of EncoderDecoder  

backbone.adapter.norm2.weight - torch.Size([384]): 
The value is the same before and after calling `init_weights` of EncoderDecoder  

backbone.adapter.norm2.bias - torch.Size([384]): 
The value is the same before and after calling `init_weights` of EncoderDecoder  

backbone.adapter.norm3.weight - torch.Size([384]): 
The value is the same before and after calling `init_weights` of EncoderDecoder  

backbone.adapter.norm3.bias - torch.Size([384]): 
The value is the same before and after calling `init_weights` of EncoderDecoder  

backbone.adapter.norm4.weight - torch.Size([384]): 
The value is the same before and after calling `init_weights` of EncoderDecoder  

backbone.adapter.norm4.bias - torch.Size([384]): 
The value is the same before and after calling `init_weights` of EncoderDecoder  

decode_head.conv_seg.weight - torch.Size([18, 512, 1, 1]): 
NormalInit: mean=0, std=0.01, bias=0 

decode_head.conv_seg.bias - torch.Size([18]): 
NormalInit: mean=0, std=0.01, bias=0 

decode_head.convs.0.conv.weight - torch.Size([512, 384, 3, 3]): 
The value is the same before and after calling `init_weights` of EncoderDecoder  

decode_head.convs.0.bn.weight - torch.Size([512]): 
The value is the same before and after calling `init_weights` of EncoderDecoder  

decode_head.convs.0.bn.bias - torch.Size([512]): 
The value is the same before and after calling `init_weights` of EncoderDecoder  

decode_head.convs.1.conv.weight - torch.Size([512, 512, 3, 3]): 
The value is the same before and after calling `init_weights` of EncoderDecoder  

decode_head.convs.1.bn.weight - torch.Size([512]): 
The value is the same before and after calling `init_weights` of EncoderDecoder  

decode_head.convs.1.bn.bias - torch.Size([512]): 
The value is the same before and after calling `init_weights` of EncoderDecoder  

decode_head.conv_cat.conv.weight - torch.Size([512, 896, 3, 3]): 
Initialized by user-defined `init_weights` in ConvModule  

decode_head.conv_cat.bn.weight - torch.Size([512]): 
The value is the same before and after calling `init_weights` of EncoderDecoder  

decode_head.conv_cat.bn.bias - torch.Size([512]): 
The value is the same before and after calling `init_weights` of EncoderDecoder  

auxiliary_head.conv_seg.weight - torch.Size([18, 256, 1, 1]): 
NormalInit: mean=0, std=0.01, bias=0 

auxiliary_head.conv_seg.bias - torch.Size([18]): 
NormalInit: mean=0, std=0.01, bias=0 

auxiliary_head.convs.0.conv.weight - torch.Size([256, 384, 3, 3]): 
The value is the same before and after calling `init_weights` of EncoderDecoder  

auxiliary_head.convs.0.bn.weight - torch.Size([256]): 
The value is the same before and after calling `init_weights` of EncoderDecoder  

auxiliary_head.convs.0.bn.bias - torch.Size([256]): 
The value is the same before and after calling `init_weights` of EncoderDecoder  
2026/06/10 17:08:27 - mmengine - WARNING - "FileClient" will be deprecated in future. Please use io functions in https://mmengine.readthedocs.io/en/latest/api/fileio.html#file-io
2026/06/10 17:08:27 - mmengine - WARNING - "HardDiskBackend" is the alias of "LocalBackend" and the former will be deprecated in future.
2026/06/10 17:08:27 - mmengine - INFO - Checkpoints will be saved to /mnt/ht2_nas2/00-model/00-fb/mmseg_dino/work_dirs.
2026/06/10 17:08:47 - mmengine - INFO - Iter(train) [  100/40000]  base_lr: 9.9777e-05 lr: 9.9777e-06  eta: 2:13:51  time: 0.1852  data_time: 0.0073  memory: 4988  grad_norm: 3.0142  loss: 1.3430  decode.loss_ce: 0.9177  decode.acc_seg: 62.1971  aux.loss_ce: 0.4253  aux.acc_seg: 59.0271
2026/06/10 17:09:06 - mmengine - INFO - Iter(train) [  200/40000]  base_lr: 9.9552e-05 lr: 9.9552e-06  eta: 2:08:10  time: 0.1846  data_time: 0.0073  memory: 1532  grad_norm: 2.5633  loss: 1.3102  decode.loss_ce: 0.9209  decode.acc_seg: 51.4292  aux.loss_ce: 0.3893  aux.acc_seg: 60.9951
2026/06/10 17:09:24 - mmengine - INFO - Iter(train) [  300/40000]  base_lr: 9.9327e-05 lr: 9.9327e-06  eta: 2:05:55  time: 0.1839  data_time: 0.0072  memory: 1532  grad_norm: 3.2005  loss: 1.2913  decode.loss_ce: 0.9068  decode.acc_seg: 68.4799  aux.loss_ce: 0.3845  aux.acc_seg: 67.7148
2026/06/10 17:09:36 - mmengine - INFO - Exp name: dinov3b_fcn_pastis_raster_20260610_170813
2026/06/10 17:09:43 - mmengine - INFO - Iter(train) [  400/40000]  base_lr: 9.9102e-05 lr: 9.9102e-06  eta: 2:05:06  time: 0.1840  data_time: 0.0072  memory: 1530  grad_norm: 3.0078  loss: 1.2434  decode.loss_ce: 0.8781  decode.acc_seg: 43.9704  aux.loss_ce: 0.3653  aux.acc_seg: 42.1999
2026/06/10 17:10:01 - mmengine - INFO - Iter(train) [  500/40000]  base_lr: 9.8877e-05 lr: 9.8877e-06  eta: 2:04:17  time: 0.1845  data_time: 0.0073  memory: 1532  grad_norm: 4.3129  loss: 1.3088  decode.loss_ce: 0.9267  decode.acc_seg: 38.3035  aux.loss_ce: 0.3821  aux.acc_seg: 36.5376
2026/06/10 17:10:20 - mmengine - INFO - Iter(train) [  600/40000]  base_lr: 9.8651e-05 lr: 9.8651e-06  eta: 2:03:35  time: 0.1861  data_time: 0.0076  memory: 1532  grad_norm: 3.8444  loss: 1.1682  decode.loss_ce: 0.8268  decode.acc_seg: 42.1564  aux.loss_ce: 0.3414  aux.acc_seg: 36.4572
2026/06/10 17:10:38 - mmengine - INFO - Iter(train) [  700/40000]  base_lr: 9.8426e-05 lr: 9.8426e-06  eta: 2:03:02  time: 0.1866  data_time: 0.0076  memory: 1531  grad_norm: 3.2198  loss: 1.0880  decode.loss_ce: 0.7715  decode.acc_seg: 61.1370  aux.loss_ce: 0.3165  aux.acc_seg: 58.0238
2026/06/10 17:10:57 - mmengine - INFO - Iter(train) [  800/40000]  base_lr: 9.8200e-05 lr: 9.8200e-06  eta: 2:02:38  time: 0.1884  data_time: 0.0090  memory: 1530  grad_norm: 4.4995  loss: 1.1054  decode.loss_ce: 0.7860  decode.acc_seg: 26.4129  aux.loss_ce: 0.3194  aux.acc_seg: 24.5205
2026/06/10 17:11:16 - mmengine - INFO - Iter(train) [  900/40000]  base_lr: 9.7975e-05 lr: 9.7975e-06  eta: 2:02:21  time: 0.1859  data_time: 0.0079  memory: 1529  grad_norm: 4.3051  loss: 1.2564  decode.loss_ce: 0.8928  decode.acc_seg: 49.1516  aux.loss_ce: 0.3636  aux.acc_seg: 47.3001
2026/06/10 17:11:34 - mmengine - INFO - Exp name: dinov3b_fcn_pastis_raster_20260610_170813
2026/06/10 17:11:34 - mmengine - INFO - Iter(train) [ 1000/40000]  base_lr: 9.7749e-05 lr: 9.7749e-06  eta: 2:01:50  time: 0.1843  data_time: 0.0072  memory: 1529  grad_norm: 3.4433  loss: 1.2016  decode.loss_ce: 0.8567  decode.acc_seg: 39.3131  aux.loss_ce: 0.3449  aux.acc_seg: 33.3503
2026/06/10 17:11:53 - mmengine - INFO - Iter(train) [ 1100/40000]  base_lr: 9.7524e-05 lr: 9.7524e-06  eta: 2:01:21  time: 0.1842  data_time: 0.0072  memory: 1532  grad_norm: 4.3440  loss: 1.2496  decode.loss_ce: 0.8857  decode.acc_seg: 40.5031  aux.loss_ce: 0.3639  aux.acc_seg: 45.8788
2026/06/10 17:12:11 - mmengine - INFO - Iter(train) [ 1200/40000]  base_lr: 9.7298e-05 lr: 9.7298e-06  eta: 2:00:53  time: 0.1838  data_time: 0.0071  memory: 1532  grad_norm: 4.9473  loss: 1.1989  decode.loss_ce: 0.8464  decode.acc_seg: 54.2556  aux.loss_ce: 0.3526  aux.acc_seg: 47.6157
2026/06/10 17:12:30 - mmengine - INFO - Iter(train) [ 1300/40000]  base_lr: 9.7072e-05 lr: 9.7072e-06  eta: 2:00:26  time: 0.1846  data_time: 0.0074  memory: 1530  grad_norm: 4.7536  loss: 1.2776  decode.loss_ce: 0.9061  decode.acc_seg: 56.8937  aux.loss_ce: 0.3715  aux.acc_seg: 55.9195
2026/06/10 17:12:48 - mmengine - INFO - Iter(train) [ 1400/40000]  base_lr: 9.6847e-05 lr: 9.6847e-06  eta: 2:00:10  time: 0.1895  data_time: 0.0100  memory: 1530  grad_norm: 4.4678  loss: 1.1078  decode.loss_ce: 0.7872  decode.acc_seg: 65.1159  aux.loss_ce: 0.3206  aux.acc_seg: 62.9931
2026/06/10 17:13:07 - mmengine - INFO - Iter(train) [ 1500/40000]  base_lr: 9.6621e-05 lr: 9.6621e-06  eta: 1:59:54  time: 0.1873  data_time: 0.0085  memory: 1532  grad_norm: 4.5403  loss: 1.0947  decode.loss_ce: 0.7735  decode.acc_seg: 50.0751  aux.loss_ce: 0.3213  aux.acc_seg: 49.6234
2026/06/10 17:13:26 - mmengine - INFO - Iter(train) [ 1600/40000]  base_lr: 9.6395e-05 lr: 9.6395e-06  eta: 1:59:37  time: 0.1870  data_time: 0.0085  memory: 1530  grad_norm: 5.0185  loss: 1.2370  decode.loss_ce: 0.8787  decode.acc_seg: 56.9919  aux.loss_ce: 0.3583  aux.acc_seg: 55.6463
2026/06/10 17:13:45 - mmengine - INFO - Iter(train) [ 1700/40000]  base_lr: 9.6169e-05 lr: 9.6169e-06  eta: 1:59:19  time: 0.1865  data_time: 0.0084  memory: 1531  grad_norm: 4.4881  loss: 1.1763  decode.loss_ce: 0.8352  decode.acc_seg: 49.4210  aux.loss_ce: 0.3412  aux.acc_seg: 49.9311
2026/06/10 17:14:03 - mmengine - INFO - Iter(train) [ 1800/40000]  base_lr: 9.5943e-05 lr: 9.5943e-06  eta: 1:59:00  time: 0.1869  data_time: 0.0084  memory: 1532  grad_norm: 4.4465  loss: 1.2744  decode.loss_ce: 0.9077  decode.acc_seg: 75.9018  aux.loss_ce: 0.3667  aux.acc_seg: 71.7671
2026/06/10 17:14:22 - mmengine - INFO - Iter(train) [ 1900/40000]  base_lr: 9.5717e-05 lr: 9.5717e-06  eta: 1:58:41  time: 0.1865  data_time: 0.0084  memory: 1530  grad_norm: 3.6932  loss: 1.0120  decode.loss_ce: 0.7197  decode.acc_seg: 61.1322  aux.loss_ce: 0.2923  aux.acc_seg: 60.8002
2026/06/10 17:14:41 - mmengine - INFO - Exp name: dinov3b_fcn_pastis_raster_20260610_170813
2026/06/10 17:14:41 - mmengine - INFO - Iter(train) [ 2000/40000]  base_lr: 9.5491e-05 lr: 9.5491e-06  eta: 1:58:22  time: 0.1868  data_time: 0.0082  memory: 1530  grad_norm: 3.3739  loss: 1.2513  decode.loss_ce: 0.8833  decode.acc_seg: 34.7253  aux.loss_ce: 0.3680  aux.acc_seg: 34.9526
2026/06/10 17:14:41 - mmengine - INFO - Saving checkpoint at 2000 iterations
2026/06/10 17:14:47 - mmengine - INFO - Iter(val) [100/241]    eta: 0:00:05  time: 0.0332  data_time: 0.0034  memory: 3463  
2026/06/10 17:14:50 - mmengine - INFO - Iter(val) [200/241]    eta: 0:00:01  time: 0.0337  data_time: 0.0036  memory: 545  
2026/06/10 17:14:51 - mmengine - INFO - per class results:
2026/06/10 17:14:51 - mmengine - INFO - 
+---------+-------+-------+
|  Class  |  IoU  |  Acc  |
+---------+-------+-------+
|  crop_1 | 64.21 | 89.79 |
|  crop_2 | 32.89 | 56.25 |
|  crop_3 | 25.96 | 42.73 |
|  crop_4 |  1.98 |  2.11 |
|  crop_5 | 14.03 | 18.59 |
|  crop_6 |  0.0  |  0.0  |
|  crop_7 |  3.74 |  3.99 |
|  crop_8 | 38.61 | 59.97 |
|  crop_9 |  8.94 | 10.18 |
| crop_10 |  1.66 |  1.71 |
| crop_11 | 20.33 | 49.22 |
| crop_12 | 11.18 | 18.01 |
| crop_13 |  0.0  |  0.0  |
| crop_14 |  0.0  |  0.0  |
| crop_15 |  0.0  |  0.0  |
| crop_16 | 26.81 | 49.04 |
| crop_17 |  0.0  |  0.0  |
| crop_18 |  0.0  |  0.0  |
+---------+-------+-------+
2026/06/10 17:14:51 - mmengine - INFO - Iter(val) [241/241]    aAcc: 54.5400  mIoU: 13.9100  mAcc: 22.3100  data_time: 0.0041  time: 0.0350
2026/06/10 17:14:53 - mmengine - INFO - The best checkpoint with 13.9100 mIoU at 2000 iter is saved to best_mIoU_iter_2000.pth.
2026/06/10 17:15:13 - mmengine - INFO - Iter(train) [ 2100/40000]  base_lr: 9.5264e-05 lr: 9.5264e-06  eta: 1:59:00  time: 0.1874  data_time: 0.0086  memory: 1529  grad_norm: 5.3676  loss: 1.1109  decode.loss_ce: 0.7912  decode.acc_seg: 25.9060  aux.loss_ce: 0.3197  aux.acc_seg: 25.4915
2026/06/10 17:15:32 - mmengine - INFO - Iter(train) [ 2200/40000]  base_lr: 9.5038e-05 lr: 9.5038e-06  eta: 1:58:40  time: 0.1876  data_time: 0.0087  memory: 1529  grad_norm: 4.9989  loss: 1.1693  decode.loss_ce: 0.8292  decode.acc_seg: 56.5766  aux.loss_ce: 0.3401  aux.acc_seg: 45.7050
2026/06/10 17:15:51 - mmengine - INFO - Iter(train) [ 2300/40000]  base_lr: 9.4812e-05 lr: 9.4812e-06  eta: 1:58:21  time: 0.1880  data_time: 0.0089  memory: 1530  grad_norm: 3.6609  loss: 1.0618  decode.loss_ce: 0.7501  decode.acc_seg: 58.6125  aux.loss_ce: 0.3117  aux.acc_seg: 58.5490
2026/06/10 17:16:10 - mmengine - INFO - Iter(train) [ 2400/40000]  base_lr: 9.4586e-05 lr: 9.4586e-06  eta: 1:58:02  time: 0.1880  data_time: 0.0088  memory: 1529  grad_norm: 5.2944  loss: 1.2586  decode.loss_ce: 0.8903  decode.acc_seg: 60.8634  aux.loss_ce: 0.3683  aux.acc_seg: 59.7302
2026/06/10 17:16:29 - mmengine - INFO - Iter(train) [ 2500/40000]  base_lr: 9.4359e-05 lr: 9.4359e-06  eta: 1:57:47  time: 0.1881  data_time: 0.0088  memory: 1531  grad_norm: 4.3904  loss: 1.1660  decode.loss_ce: 0.8267  decode.acc_seg: 50.1067  aux.loss_ce: 0.3393  aux.acc_seg: 52.7298
2026/06/10 17:16:47 - mmengine - INFO - Iter(train) [ 2600/40000]  base_lr: 9.4133e-05 lr: 9.4133e-06  eta: 1:57:28  time: 0.1882  data_time: 0.0089  memory: 1530  grad_norm: 3.4345  loss: 0.9464  decode.loss_ce: 0.6708  decode.acc_seg: 53.0893  aux.loss_ce: 0.2756  aux.acc_seg: 60.3524
2026/06/10 17:17:06 - mmengine - INFO - Iter(train) [ 2700/40000]  base_lr: 9.3906e-05 lr: 9.3906e-06  eta: 1:57:09  time: 0.1882  data_time: 0.0089  memory: 1531  grad_norm: 4.0092  loss: 1.3180  decode.loss_ce: 0.9365  decode.acc_seg: 43.7697  aux.loss_ce: 0.3815  aux.acc_seg: 46.5254
2026/06/10 17:17:25 - mmengine - INFO - Iter(train) [ 2800/40000]  base_lr: 9.3679e-05 lr: 9.3679e-06  eta: 1:56:50  time: 0.1882  data_time: 0.0089  memory: 1529  grad_norm: 4.7470  loss: 1.2953  decode.loss_ce: 0.9170  decode.acc_seg: 47.2165  aux.loss_ce: 0.3783  aux.acc_seg: 46.6882
2026/06/10 17:17:44 - mmengine - INFO - Iter(train) [ 2900/40000]  base_lr: 9.3453e-05 lr: 9.3453e-06  eta: 1:56:30  time: 0.1880  data_time: 0.0092  memory: 1530  grad_norm: 4.7098  loss: 1.1933  decode.loss_ce: 0.8402  decode.acc_seg: 61.6549  aux.loss_ce: 0.3530  aux.acc_seg: 64.1128
2026/06/10 17:18:03 - mmengine - INFO - Exp name: dinov3b_fcn_pastis_raster_20260610_170813
2026/06/10 17:18:03 - mmengine - INFO - Iter(train) [ 3000/40000]  base_lr: 9.3226e-05 lr: 9.3226e-06  eta: 1:56:11  time: 0.1874  data_time: 0.0090  memory: 1531  grad_norm: 4.0478  loss: 1.2693  decode.loss_ce: 0.8996  decode.acc_seg: 60.5239  aux.loss_ce: 0.3697  aux.acc_seg: 61.8902
2026/06/10 17:18:22 - mmengine - INFO - Iter(train) [ 3100/40000]  base_lr: 9.2999e-05 lr: 9.2999e-06  eta: 1:55:52  time: 0.1877  data_time: 0.0090  memory: 1529  grad_norm: 3.7563  loss: 0.9885  decode.loss_ce: 0.7016  decode.acc_seg: 56.6509  aux.loss_ce: 0.2870  aux.acc_seg: 52.3340
2026/06/10 17:18:40 - mmengine - INFO - Iter(train) [ 3200/40000]  base_lr: 9.2772e-05 lr: 9.2772e-06  eta: 1:55:32  time: 0.1875  data_time: 0.0088  memory: 1529  grad_norm: 3.6130  loss: 1.2056  decode.loss_ce: 0.8592  decode.acc_seg: 47.0704  aux.loss_ce: 0.3464  aux.acc_seg: 46.1279
2026/06/10 17:18:59 - mmengine - INFO - Iter(train) [ 3300/40000]  base_lr: 9.2545e-05 lr: 9.2545e-06  eta: 1:55:12  time: 0.1873  data_time: 0.0087  memory: 1530  grad_norm: 4.2459  loss: 1.0957  decode.loss_ce: 0.7753  decode.acc_seg: 63.4467  aux.loss_ce: 0.3205  aux.acc_seg: 64.8638
2026/06/10 17:19:18 - mmengine - INFO - Iter(train) [ 3400/40000]  base_lr: 9.2319e-05 lr: 9.2319e-06  eta: 1:54:53  time: 0.1884  data_time: 0.0091  memory: 1530  grad_norm: 4.5270  loss: 1.0559  decode.loss_ce: 0.7440  decode.acc_seg: 41.4331  aux.loss_ce: 0.3119  aux.acc_seg: 42.8195
2026/06/10 17:19:37 - mmengine - INFO - Iter(train) [ 3500/40000]  base_lr: 9.2091e-05 lr: 9.2091e-06  eta: 1:54:34  time: 0.1881  data_time: 0.0090  memory: 1531  grad_norm: 3.6798  loss: 0.9371  decode.loss_ce: 0.6555  decode.acc_seg: 47.5812  aux.loss_ce: 0.2817  aux.acc_seg: 53.2098
2026/06/10 17:19:55 - mmengine - INFO - Iter(train) [ 3600/40000]  base_lr: 9.1864e-05 lr: 9.1864e-06  eta: 1:54:14  time: 0.1881  data_time: 0.0090  memory: 1530  grad_norm: 4.8966  loss: 1.3410  decode.loss_ce: 0.9505  decode.acc_seg: 47.0231  aux.loss_ce: 0.3905  aux.acc_seg: 40.8791
2026/06/10 17:20:14 - mmengine - INFO - Iter(train) [ 3700/40000]  base_lr: 9.1637e-05 lr: 9.1637e-06  eta: 1:53:56  time: 0.1883  data_time: 0.0092  memory: 1530  grad_norm: 4.0084  loss: 1.0120  decode.loss_ce: 0.7142  decode.acc_seg: 65.0219  aux.loss_ce: 0.2978  aux.acc_seg: 64.4193
2026/06/10 17:20:33 - mmengine - INFO - Iter(train) [ 3800/40000]  base_lr: 9.1410e-05 lr: 9.1410e-06  eta: 1:53:37  time: 0.1878  data_time: 0.0090  memory: 1530  grad_norm: 4.5875  loss: 1.2478  decode.loss_ce: 0.8777  decode.acc_seg: 52.2046  aux.loss_ce: 0.3701  aux.acc_seg: 53.8541
2026/06/10 17:20:52 - mmengine - INFO - Iter(train) [ 3900/40000]  base_lr: 9.1183e-05 lr: 9.1183e-06  eta: 1:53:18  time: 0.1883  data_time: 0.0093  memory: 1529  grad_norm: 4.7736  loss: 1.0587  decode.loss_ce: 0.7459  decode.acc_seg: 60.5185  aux.loss_ce: 0.3129  aux.acc_seg: 61.2359
2026/06/10 17:21:11 - mmengine - INFO - Exp name: dinov3b_fcn_pastis_raster_20260610_170813
2026/06/10 17:21:11 - mmengine - INFO - Iter(train) [ 4000/40000]  base_lr: 9.0955e-05 lr: 9.0955e-06  eta: 1:52:59  time: 0.1876  data_time: 0.0088  memory: 1530  grad_norm: 4.6741  loss: 0.9999  decode.loss_ce: 0.7057  decode.acc_seg: 54.7124  aux.loss_ce: 0.2942  aux.acc_seg: 56.5612
2026/06/10 17:21:11 - mmengine - INFO - Saving checkpoint at 4000 iterations
2026/06/10 17:21:16 - mmengine - INFO - Iter(val) [100/241]    eta: 0:00:04  time: 0.0342  data_time: 0.0035  memory: 546  
2026/06/10 17:21:19 - mmengine - INFO - Iter(val) [200/241]    eta: 0:00:01  time: 0.0344  data_time: 0.0036  memory: 546  
2026/06/10 17:21:21 - mmengine - INFO - per class results:
2026/06/10 17:21:21 - mmengine - INFO - 
+---------+-------+-------+
|  Class  |  IoU  |  Acc  |
+---------+-------+-------+
|  crop_1 | 67.71 | 88.14 |
|  crop_2 | 35.64 | 65.75 |
|  crop_3 | 24.61 | 36.96 |
|  crop_4 |  5.3  |  6.27 |
|  crop_5 | 19.91 | 32.74 |
|  crop_6 |  0.0  |  0.0  |
|  crop_7 |  8.43 |  9.41 |
|  crop_8 | 42.61 | 64.79 |
|  crop_9 | 11.93 | 13.54 |
| crop_10 |  0.21 |  0.21 |
| crop_11 | 19.66 |  51.1 |
| crop_12 | 14.26 | 32.41 |
| crop_13 |  0.0  |  0.0  |
| crop_14 |  3.11 |  3.24 |
| crop_15 |  0.29 |  0.31 |
| crop_16 | 27.35 | 50.71 |
| crop_17 |  0.0  |  0.0  |
| crop_18 |  0.0  |  0.0  |
+---------+-------+-------+
2026/06/10 17:21:21 - mmengine - INFO - Iter(val) [241/241]    aAcc: 55.6800  mIoU: 15.6100  mAcc: 25.3100  data_time: 0.0037  time: 0.0345
2026/06/10 17:21:21 - mmengine - INFO - The previous best checkpoint /mnt/ht2_nas2/00-model/00-fb/mmseg_dino/work_dirs/best_mIoU_iter_2000.pth is removed
2026/06/10 17:21:22 - mmengine - INFO - The best checkpoint with 15.6100 mIoU at 4000 iter is saved to best_mIoU_iter_4000.pth.
2026/06/10 17:21:43 - mmengine - INFO - Iter(train) [ 4100/40000]  base_lr: 9.0728e-05 lr: 9.0728e-06  eta: 1:53:10  time: 0.1883  data_time: 0.0092  memory: 1531  grad_norm: 4.4058  loss: 1.1319  decode.loss_ce: 0.7962  decode.acc_seg: 60.8237  aux.loss_ce: 0.3357  aux.acc_seg: 54.8719
2026/06/10 17:22:02 - mmengine - INFO - Iter(train) [ 4200/40000]  base_lr: 9.0500e-05 lr: 9.0500e-06  eta: 1:52:50  time: 0.1888  data_time: 0.0093  memory: 1530  grad_norm: 4.0778  loss: 0.9514  decode.loss_ce: 0.6691  decode.acc_seg: 43.2985  aux.loss_ce: 0.2823  aux.acc_seg: 40.3270
2026/06/10 17:22:21 - mmengine - INFO - Iter(train) [ 4300/40000]  base_lr: 9.0273e-05 lr: 9.0273e-06  eta: 1:52:31  time: 0.1890  data_time: 0.0094  memory: 1530  grad_norm: 4.9707  loss: 1.0700  decode.loss_ce: 0.7536  decode.acc_seg: 63.5971  aux.loss_ce: 0.3164  aux.acc_seg: 66.2995
2026/06/10 17:22:40 - mmengine - INFO - Iter(train) [ 4400/40000]  base_lr: 9.0045e-05 lr: 9.0045e-06  eta: 1:52:14  time: 0.1886  data_time: 0.0092  memory: 1529  grad_norm: 4.0919  loss: 0.8926  decode.loss_ce: 0.6285  decode.acc_seg: 46.5479  aux.loss_ce: 0.2641  aux.acc_seg: 31.2081
2026/06/10 17:22:59 - mmengine - INFO - Iter(train) [ 4500/40000]  base_lr: 8.9818e-05 lr: 8.9818e-06  eta: 1:51:55  time: 0.1883  data_time: 0.0092  memory: 1530  grad_norm: 6.0631  loss: 1.1168  decode.loss_ce: 0.7895  decode.acc_seg: 57.2232  aux.loss_ce: 0.3273  aux.acc_seg: 50.6739
2026/06/10 17:23:18 - mmengine - INFO - Iter(train) [ 4600/40000]  base_lr: 8.9590e-05 lr: 8.9590e-06  eta: 1:51:36  time: 0.1895  data_time: 0.0096  memory: 1530  grad_norm: 4.7159  loss: 1.2577  decode.loss_ce: 0.8881  decode.acc_seg: 41.2294  aux.loss_ce: 0.3697  aux.acc_seg: 41.2485
2026/06/10 17:23:36 - mmengine - INFO - Iter(train) [ 4700/40000]  base_lr: 8.9362e-05 lr: 8.9362e-06  eta: 1:51:17  time: 0.1891  data_time: 0.0094  memory: 1530  grad_norm: 6.1853  loss: 1.1492  decode.loss_ce: 0.8150  decode.acc_seg: 67.7434  aux.loss_ce: 0.3341  aux.acc_seg: 69.9173
2026/06/10 17:23:55 - mmengine - INFO - Iter(train) [ 4800/40000]  base_lr: 8.9134e-05 lr: 8.9134e-06  eta: 1:50:58  time: 0.1893  data_time: 0.0094  memory: 1529  grad_norm: 4.4008  loss: 1.1176  decode.loss_ce: 0.7886  decode.acc_seg: 40.3097  aux.loss_ce: 0.3289  aux.acc_seg: 33.3600
2026/06/10 17:24:14 - mmengine - INFO - Iter(train) [ 4900/40000]  base_lr: 8.8906e-05 lr: 8.8906e-06  eta: 1:50:39  time: 0.1890  data_time: 0.0094  memory: 1529  grad_norm: 6.8245  loss: 1.2387  decode.loss_ce: 0.8735  decode.acc_seg: 38.6384  aux.loss_ce: 0.3651  aux.acc_seg: 33.8748
2026/06/10 17:24:33 - mmengine - INFO - Exp name: dinov3b_fcn_pastis_raster_20260610_170813
2026/06/10 17:24:33 - mmengine - INFO - Iter(train) [ 5000/40000]  base_lr: 8.8678e-05 lr: 8.8678e-06  eta: 1:50:21  time: 0.1889  data_time: 0.0093  memory: 1530  grad_norm: 4.2569  loss: 0.9917  decode.loss_ce: 0.6994  decode.acc_seg: 65.3776  aux.loss_ce: 0.2922  aux.acc_seg: 62.7396
2026/06/10 17:24:52 - mmengine - INFO - Iter(train) [ 5100/40000]  base_lr: 8.8450e-05 lr: 8.8450e-06  eta: 1:50:02  time: 0.1895  data_time: 0.0095  memory: 1531  grad_norm: 5.0163  loss: 1.4061  decode.loss_ce: 0.9988  decode.acc_seg: 66.2161  aux.loss_ce: 0.4073  aux.acc_seg: 67.7455
2026/06/10 17:25:11 - mmengine - INFO - Iter(train) [ 5200/40000]  base_lr: 8.8222e-05 lr: 8.8222e-06  eta: 1:49:43  time: 0.1893  data_time: 0.0094  memory: 1531  grad_norm: 4.9302  loss: 0.9486  decode.loss_ce: 0.6656  decode.acc_seg: 62.4041  aux.loss_ce: 0.2830  aux.acc_seg: 59.2642
2026/06/10 17:25:30 - mmengine - INFO - Iter(train) [ 5300/40000]  base_lr: 8.7994e-05 lr: 8.7994e-06  eta: 1:49:25  time: 0.1886  data_time: 0.0092  memory: 1530  grad_norm: 4.6053  loss: 1.1136  decode.loss_ce: 0.7826  decode.acc_seg: 62.0398  aux.loss_ce: 0.3309  aux.acc_seg: 58.1201
2026/06/10 17:25:49 - mmengine - INFO - Iter(train) [ 5400/40000]  base_lr: 8.7766e-05 lr: 8.7766e-06  eta: 1:49:06  time: 0.1887  data_time: 0.0093  memory: 1530  grad_norm: 3.9599  loss: 0.9946  decode.loss_ce: 0.7018  decode.acc_seg: 57.7653  aux.loss_ce: 0.2929  aux.acc_seg: 54.3254
2026/06/10 17:26:08 - mmengine - INFO - Iter(train) [ 5500/40000]  base_lr: 8.7537e-05 lr: 8.7537e-06  eta: 1:48:47  time: 0.1890  data_time: 0.0093  memory: 1530  grad_norm: 4.9998  loss: 1.0694  decode.loss_ce: 0.7540  decode.acc_seg: 72.1108  aux.loss_ce: 0.3153  aux.acc_seg: 69.9415
2026/06/10 17:26:27 - mmengine - INFO - Iter(train) [ 5600/40000]  base_lr: 8.7309e-05 lr: 8.7309e-06  eta: 1:48:28  time: 0.1886  data_time: 0.0094  memory: 1529  grad_norm: 4.0025  loss: 1.0362  decode.loss_ce: 0.7325  decode.acc_seg: 56.6747  aux.loss_ce: 0.3037  aux.acc_seg: 60.2449
2026/06/10 17:26:46 - mmengine - INFO - Iter(train) [ 5700/40000]  base_lr: 8.7080e-05 lr: 8.7080e-06  eta: 1:48:08  time: 0.1886  data_time: 0.0094  memory: 1530  grad_norm: 4.6195  loss: 0.9875  decode.loss_ce: 0.6957  decode.acc_seg: 42.0259  aux.loss_ce: 0.2918  aux.acc_seg: 41.9613
2026/06/10 17:27:05 - mmengine - INFO - Iter(train) [ 5800/40000]  base_lr: 8.6852e-05 lr: 8.6852e-06  eta: 1:47:49  time: 0.1887  data_time: 0.0093  memory: 1529  grad_norm: 3.4540  loss: 1.0898  decode.loss_ce: 0.7657  decode.acc_seg: 48.9074  aux.loss_ce: 0.3241  aux.acc_seg: 46.5782
2026/06/10 17:27:24 - mmengine - INFO - Iter(train) [ 5900/40000]  base_lr: 8.6623e-05 lr: 8.6623e-06  eta: 1:47:30  time: 0.1891  data_time: 0.0095  memory: 1530  grad_norm: 5.0099  loss: 1.1565  decode.loss_ce: 0.8021  decode.acc_seg: 56.4101  aux.loss_ce: 0.3545  aux.acc_seg: 55.7094
2026/06/10 17:27:42 - mmengine - INFO - Exp name: dinov3b_fcn_pastis_raster_20260610_170813
2026/06/10 17:27:42 - mmengine - INFO - Iter(train) [ 6000/40000]  base_lr: 8.6395e-05 lr: 8.6395e-06  eta: 1:47:11  time: 0.1892  data_time: 0.0095  memory: 1531  grad_norm: 6.4607  loss: 1.0819  decode.loss_ce: 0.7540  decode.acc_seg: 53.8861  aux.loss_ce: 0.3279  aux.acc_seg: 48.7847
2026/06/10 17:27:43 - mmengine - INFO - Saving checkpoint at 6000 iterations
2026/06/10 17:27:47 - mmengine - INFO - Iter(val) [100/241]    eta: 0:00:04  time: 0.0333  data_time: 0.0034  memory: 546  
2026/06/10 17:27:51 - mmengine - INFO - Iter(val) [200/241]    eta: 0:00:01  time: 0.0341  data_time: 0.0037  memory: 546  
2026/06/10 17:27:52 - mmengine - INFO - per class results:
2026/06/10 17:27:52 - mmengine - INFO - 
+---------+-------+-------+
|  Class  |  IoU  |  Acc  |
+---------+-------+-------+
|  crop_1 | 68.08 | 90.06 |
|  crop_2 | 35.76 | 65.52 |
|  crop_3 | 25.11 | 36.19 |
|  crop_4 |  2.46 |  2.64 |
|  crop_5 | 18.91 | 29.64 |
|  crop_6 |  0.0  |  0.0  |
|  crop_7 |  9.61 | 12.14 |
|  crop_8 | 42.31 | 64.51 |
|  crop_9 | 22.51 | 37.19 |
| crop_10 |  4.53 |  4.92 |
| crop_11 | 20.42 | 43.54 |
| crop_12 | 13.55 | 29.77 |
| crop_13 |  0.01 |  0.01 |
| crop_14 |  5.24 |  5.58 |
| crop_15 |  4.34 |  5.89 |
| crop_16 | 27.61 | 43.37 |
| crop_17 |  0.0  |  0.0  |
| crop_18 |  0.0  |  0.0  |
+---------+-------+-------+
2026/06/10 17:27:52 - mmengine - INFO - Iter(val) [241/241]    aAcc: 56.3600  mIoU: 16.6900  mAcc: 26.1700  data_time: 0.0037  time: 0.0338
2026/06/10 17:27:52 - mmengine - INFO - The previous best checkpoint /mnt/ht2_nas2/00-model/00-fb/mmseg_dino/work_dirs/best_mIoU_iter_4000.pth is removed
2026/06/10 17:27:54 - mmengine - INFO - The best checkpoint with 16.6900 mIoU at 6000 iter is saved to best_mIoU_iter_6000.pth.
2026/06/10 17:28:14 - mmengine - INFO - Iter(train) [ 6100/40000]  base_lr: 8.6166e-05 lr: 8.6166e-06  eta: 1:47:11  time: 0.1891  data_time: 0.0094  memory: 1529  grad_norm: 4.7271  loss: 1.0504  decode.loss_ce: 0.7355  decode.acc_seg: 49.7701  aux.loss_ce: 0.3149  aux.acc_seg: 47.0268
2026/06/10 17:28:33 - mmengine - INFO - Iter(train) [ 6200/40000]  base_lr: 8.5937e-05 lr: 8.5937e-06  eta: 1:46:51  time: 0.1884  data_time: 0.0092  memory: 1529  grad_norm: 4.9755  loss: 1.0391  decode.loss_ce: 0.7309  decode.acc_seg: 38.0523  aux.loss_ce: 0.3082  aux.acc_seg: 39.7400
2026/06/10 17:28:52 - mmengine - INFO - Iter(train) [ 6300/40000]  base_lr: 8.5708e-05 lr: 8.5708e-06  eta: 1:46:32  time: 0.1884  data_time: 0.0092  memory: 1529  grad_norm: 3.7447  loss: 1.0702  decode.loss_ce: 0.7491  decode.acc_seg: 41.9601  aux.loss_ce: 0.3211  aux.acc_seg: 39.3369
2026/06/10 17:29:11 - mmengine - INFO - Iter(train) [ 6400/40000]  base_lr: 8.5479e-05 lr: 8.5479e-06  eta: 1:46:13  time: 0.1890  data_time: 0.0095  memory: 1531  grad_norm: 4.8465  loss: 1.0797  decode.loss_ce: 0.7547  decode.acc_seg: 74.5645  aux.loss_ce: 0.3249  aux.acc_seg: 72.4540
2026/06/10 17:29:30 - mmengine - INFO - Iter(train) [ 6500/40000]  base_lr: 8.5250e-05 lr: 8.5250e-06  eta: 1:45:53  time: 0.1885  data_time: 0.0091  memory: 1530  grad_norm: 4.8087  loss: 1.0392  decode.loss_ce: 0.7286  decode.acc_seg: 73.2806  aux.loss_ce: 0.3106  aux.acc_seg: 72.5636
2026/06/10 17:29:49 - mmengine - INFO - Iter(train) [ 6600/40000]  base_lr: 8.5021e-05 lr: 8.5021e-06  eta: 1:45:34  time: 0.1885  data_time: 0.0091  memory: 1530  grad_norm: 4.7651  loss: 0.9754  decode.loss_ce: 0.6814  decode.acc_seg: 63.1412  aux.loss_ce: 0.2939  aux.acc_seg: 60.1689
2026/06/10 17:30:08 - mmengine - INFO - Iter(train) [ 6700/40000]  base_lr: 8.4792e-05 lr: 8.4792e-06  eta: 1:45:15  time: 0.1886  data_time: 0.0092  memory: 1530  grad_norm: 4.5164  loss: 1.0532  decode.loss_ce: 0.7331  decode.acc_seg: 46.8509  aux.loss_ce: 0.3201  aux.acc_seg: 45.8318
2026/06/10 17:30:27 - mmengine - INFO - Iter(train) [ 6800/40000]  base_lr: 8.4563e-05 lr: 8.4563e-06  eta: 1:44:55  time: 0.1890  data_time: 0.0093  memory: 1530  grad_norm: 4.9358  loss: 0.9729  decode.loss_ce: 0.6761  decode.acc_seg: 69.6816  aux.loss_ce: 0.2968  aux.acc_seg: 67.7935
2026/06/10 17:30:45 - mmengine - INFO - Iter(train) [ 6900/40000]  base_lr: 8.4334e-05 lr: 8.4334e-06  eta: 1:44:36  time: 0.1881  data_time: 0.0091  memory: 1530  grad_norm: 4.0015  loss: 0.9886  decode.loss_ce: 0.6939  decode.acc_seg: 50.9957  aux.loss_ce: 0.2947  aux.acc_seg: 49.7589
2026/06/10 17:31:04 - mmengine - INFO - Exp name: dinov3b_fcn_pastis_raster_20260610_170813
2026/06/10 17:31:04 - mmengine - INFO - Iter(train) [ 7000/40000]  base_lr: 8.4104e-05 lr: 8.4104e-06  eta: 1:44:16  time: 0.1882  data_time: 0.0091  memory: 1531  grad_norm: 5.0013  loss: 0.9837  decode.loss_ce: 0.6930  decode.acc_seg: 71.7241  aux.loss_ce: 0.2907  aux.acc_seg: 71.9768
2026/06/10 17:31:23 - mmengine - INFO - Iter(train) [ 7100/40000]  base_lr: 8.3875e-05 lr: 8.3875e-06  eta: 1:43:57  time: 0.1880  data_time: 0.0090  memory: 1529  grad_norm: 6.4903  loss: 1.1660  decode.loss_ce: 0.8152  decode.acc_seg: 48.9021  aux.loss_ce: 0.3507  aux.acc_seg: 45.1835
2026/06/10 17:31:42 - mmengine - INFO - Iter(train) [ 7200/40000]  base_lr: 8.3645e-05 lr: 8.3645e-06  eta: 1:43:37  time: 0.1885  data_time: 0.0091  memory: 1530  grad_norm: 3.7968  loss: 1.0360  decode.loss_ce: 0.7249  decode.acc_seg: 41.4974  aux.loss_ce: 0.3111  aux.acc_seg: 43.0691
2026/06/10 17:32:01 - mmengine - INFO - Iter(train) [ 7300/40000]  base_lr: 8.3416e-05 lr: 8.3416e-06  eta: 1:43:18  time: 0.1878  data_time: 0.0088  memory: 1530  grad_norm: 5.7922  loss: 1.0623  decode.loss_ce: 0.7396  decode.acc_seg: 52.8910  aux.loss_ce: 0.3227  aux.acc_seg: 53.1461
2026/06/10 17:32:20 - mmengine - INFO - Iter(train) [ 7400/40000]  base_lr: 8.3186e-05 lr: 8.3186e-06  eta: 1:42:58  time: 0.1881  data_time: 0.0090  memory: 1529  grad_norm: 4.6880  loss: 1.0278  decode.loss_ce: 0.7176  decode.acc_seg: 56.2746  aux.loss_ce: 0.3102  aux.acc_seg: 57.2329
2026/06/10 17:32:39 - mmengine - INFO - Iter(train) [ 7500/40000]  base_lr: 8.2957e-05 lr: 8.2957e-06  eta: 1:42:40  time: 0.1886  data_time: 0.0090  memory: 1529  grad_norm: 7.3722  loss: 1.1603  decode.loss_ce: 0.8117  decode.acc_seg: 30.0947  aux.loss_ce: 0.3486  aux.acc_seg: 34.8719
2026/06/10 17:32:58 - mmengine - INFO - Iter(train) [ 7600/40000]  base_lr: 8.2727e-05 lr: 8.2727e-06  eta: 1:42:20  time: 0.1878  data_time: 0.0087  memory: 1529  grad_norm: 4.9712  loss: 0.9999  decode.loss_ce: 0.7003  decode.acc_seg: 73.5460  aux.loss_ce: 0.2996  aux.acc_seg: 75.3730
2026/06/10 17:33:16 - mmengine - INFO - Iter(train) [ 7700/40000]  base_lr: 8.2497e-05 lr: 8.2497e-06  eta: 1:42:01  time: 0.1881  data_time: 0.0088  memory: 1530  grad_norm: 5.6206  loss: 1.1178  decode.loss_ce: 0.7839  decode.acc_seg: 64.8576  aux.loss_ce: 0.3338  aux.acc_seg: 63.0290
2026/06/10 17:33:35 - mmengine - INFO - Iter(train) [ 7800/40000]  base_lr: 8.2267e-05 lr: 8.2267e-06  eta: 1:41:41  time: 0.1881  data_time: 0.0089  memory: 1530  grad_norm: 5.5972  loss: 0.9621  decode.loss_ce: 0.6709  decode.acc_seg: 55.8771  aux.loss_ce: 0.2912  aux.acc_seg: 46.3265
2026/06/10 17:33:54 - mmengine - INFO - Iter(train) [ 7900/40000]  base_lr: 8.2037e-05 lr: 8.2037e-06  eta: 1:41:22  time: 0.1882  data_time: 0.0090  memory: 1530  grad_norm: 4.9598  loss: 0.8909  decode.loss_ce: 0.6205  decode.acc_seg: 60.4247  aux.loss_ce: 0.2705  aux.acc_seg: 59.8719
2026/06/10 17:34:13 - mmengine - INFO - Exp name: dinov3b_fcn_pastis_raster_20260610_170813
2026/06/10 17:34:13 - mmengine - INFO - Iter(train) [ 8000/40000]  base_lr: 8.1807e-05 lr: 8.1807e-06  eta: 1:41:03  time: 0.1884  data_time: 0.0089  memory: 1529  grad_norm: 6.2232  loss: 0.9924  decode.loss_ce: 0.6912  decode.acc_seg: 61.5365  aux.loss_ce: 0.3012  aux.acc_seg: 53.1264
2026/06/10 17:34:13 - mmengine - INFO - Saving checkpoint at 8000 iterations
2026/06/10 17:34:19 - mmengine - INFO - Iter(val) [100/241]    eta: 0:00:04  time: 0.0334  data_time: 0.0033  memory: 546  
2026/06/10 17:34:22 - mmengine - INFO - Iter(val) [200/241]    eta: 0:00:01  time: 0.0335  data_time: 0.0034  memory: 546  
2026/06/10 17:34:23 - mmengine - INFO - per class results:
2026/06/10 17:34:23 - mmengine - INFO - 
+---------+-------+-------+
|  Class  |  IoU  |  Acc  |
+---------+-------+-------+
|  crop_1 | 68.13 | 87.85 |
|  crop_2 | 32.42 | 47.83 |
|  crop_3 | 30.42 | 53.98 |
|  crop_4 |  6.28 |  8.31 |
|  crop_5 | 20.63 | 35.55 |
|  crop_6 |  1.41 |  1.47 |
|  crop_7 |  9.87 |  13.1 |
|  crop_8 | 41.28 | 61.87 |
|  crop_9 | 14.35 | 16.35 |
| crop_10 |  4.2  |  4.83 |
| crop_11 | 20.05 | 43.76 |
| crop_12 | 14.28 | 23.95 |
| crop_13 |  0.11 |  0.11 |
| crop_14 | 10.65 | 13.56 |
| crop_15 |  3.85 |  4.65 |
| crop_16 | 27.02 | 43.87 |
| crop_17 |  0.0  |  0.0  |
| crop_18 |  0.0  |  0.0  |
+---------+-------+-------+
2026/06/10 17:34:23 - mmengine - INFO - Iter(val) [241/241]    aAcc: 56.2600  mIoU: 16.9400  mAcc: 25.6100  data_time: 0.0036  time: 0.0338
2026/06/10 17:34:23 - mmengine - INFO - The previous best checkpoint /mnt/ht2_nas2/00-model/00-fb/mmseg_dino/work_dirs/best_mIoU_iter_6000.pth is removed
2026/06/10 17:34:25 - mmengine - INFO - The best checkpoint with 16.9400 mIoU at 8000 iter is saved to best_mIoU_iter_8000.pth.
2026/06/10 17:34:46 - mmengine - INFO - Iter(train) [ 8100/40000]  base_lr: 8.1577e-05 lr: 8.1577e-06  eta: 1:40:56  time: 0.1881  data_time: 0.0088  memory: 1530  grad_norm: 6.1798  loss: 1.0387  decode.loss_ce: 0.7109  decode.acc_seg: 48.5927  aux.loss_ce: 0.3277  aux.acc_seg: 44.1763
2026/06/10 17:35:04 - mmengine - INFO - Iter(train) [ 8200/40000]  base_lr: 8.1347e-05 lr: 8.1347e-06  eta: 1:40:37  time: 0.1880  data_time: 0.0089  memory: 1529  grad_norm: 4.8359  loss: 1.0283  decode.loss_ce: 0.7174  decode.acc_seg: 61.3079  aux.loss_ce: 0.3109  aux.acc_seg: 55.4315
2026/06/10 17:35:23 - mmengine - INFO - Iter(train) [ 8300/40000]  base_lr: 8.1116e-05 lr: 8.1116e-06  eta: 1:40:17  time: 0.1888  data_time: 0.0091  memory: 1529  grad_norm: 5.7019  loss: 1.0979  decode.loss_ce: 0.7524  decode.acc_seg: 71.2405  aux.loss_ce: 0.3454  aux.acc_seg: 70.1629
2026/06/10 17:35:42 - mmengine - INFO - Iter(train) [ 8400/40000]  base_lr: 8.0886e-05 lr: 8.0886e-06  eta: 1:39:58  time: 0.1878  data_time: 0.0087  memory: 1530  grad_norm: 6.3631  loss: 0.9413  decode.loss_ce: 0.6465  decode.acc_seg: 59.8726  aux.loss_ce: 0.2949  aux.acc_seg: 58.4576
2026/06/10 17:36:01 - mmengine - INFO - Iter(train) [ 8500/40000]  base_lr: 8.0656e-05 lr: 8.0656e-06  eta: 1:39:38  time: 0.1881  data_time: 0.0088  memory: 1530  grad_norm: 5.0736  loss: 0.8831  decode.loss_ce: 0.6134  decode.acc_seg: 60.7651  aux.loss_ce: 0.2696  aux.acc_seg: 55.8519
2026/06/10 17:36:20 - mmengine - INFO - Iter(train) [ 8600/40000]  base_lr: 8.0425e-05 lr: 8.0425e-06  eta: 1:39:19  time: 0.1892  data_time: 0.0097  memory: 1530  grad_norm: 5.3327  loss: 1.0684  decode.loss_ce: 0.7481  decode.acc_seg: 71.9286  aux.loss_ce: 0.3203  aux.acc_seg: 68.4974
2026/06/10 17:36:39 - mmengine - INFO - Iter(train) [ 8700/40000]  base_lr: 8.0195e-05 lr: 8.0195e-06  eta: 1:38:59  time: 0.1886  data_time: 0.0090  memory: 1530  grad_norm: 4.6095  loss: 1.0658  decode.loss_ce: 0.7405  decode.acc_seg: 69.8577  aux.loss_ce: 0.3254  aux.acc_seg: 67.8009
2026/06/10 17:36:58 - mmengine - INFO - Iter(train) [ 8800/40000]  base_lr: 7.9964e-05 lr: 7.9964e-06  eta: 1:38:40  time: 0.1883  data_time: 0.0088  memory: 1530  grad_norm: 6.0761  loss: 1.0756  decode.loss_ce: 0.7460  decode.acc_seg: 30.2905  aux.loss_ce: 0.3297  aux.acc_seg: 29.3195
2026/06/10 17:37:16 - mmengine - INFO - Iter(train) [ 8900/40000]  base_lr: 7.9733e-05 lr: 7.9733e-06  eta: 1:38:20  time: 0.1887  data_time: 0.0091  memory: 1530  grad_norm: 4.7708  loss: 1.1149  decode.loss_ce: 0.7786  decode.acc_seg: 64.7125  aux.loss_ce: 0.3363  aux.acc_seg: 59.0923
2026/06/10 17:37:35 - mmengine - INFO - Exp name: dinov3b_fcn_pastis_raster_20260610_170813
2026/06/10 17:37:35 - mmengine - INFO - Iter(train) [ 9000/40000]  base_lr: 7.9503e-05 lr: 7.9503e-06  eta: 1:38:01  time: 0.1884  data_time: 0.0090  memory: 1532  grad_norm: 6.1317  loss: 1.0211  decode.loss_ce: 0.7087  decode.acc_seg: 61.7178  aux.loss_ce: 0.3124  aux.acc_seg: 55.0370
2026/06/10 17:37:54 - mmengine - INFO - Iter(train) [ 9100/40000]  base_lr: 7.9272e-05 lr: 7.9272e-06  eta: 1:37:42  time: 0.1882  data_time: 0.0089  memory: 1531  grad_norm: 4.6046  loss: 1.0418  decode.loss_ce: 0.7182  decode.acc_seg: 63.1108  aux.loss_ce: 0.3236  aux.acc_seg: 53.8660
2026/06/10 17:38:13 - mmengine - INFO - Iter(train) [ 9200/40000]  base_lr: 7.9041e-05 lr: 7.9041e-06  eta: 1:37:22  time: 0.1880  data_time: 0.0089  memory: 1530  grad_norm: 4.3587  loss: 0.9650  decode.loss_ce: 0.6696  decode.acc_seg: 65.0365  aux.loss_ce: 0.2954  aux.acc_seg: 63.1935
2026/06/10 17:38:32 - mmengine - INFO - Iter(train) [ 9300/40000]  base_lr: 7.8810e-05 lr: 7.8810e-06  eta: 1:37:03  time: 0.1883  data_time: 0.0089  memory: 1530  grad_norm: 4.3076  loss: 0.9478  decode.loss_ce: 0.6590  decode.acc_seg: 64.9083  aux.loss_ce: 0.2889  aux.acc_seg: 63.7482
2026/06/10 17:38:51 - mmengine - INFO - Iter(train) [ 9400/40000]  base_lr: 7.8579e-05 lr: 7.8579e-06  eta: 1:36:44  time: 0.1882  data_time: 0.0088  memory: 1531  grad_norm: 5.3555  loss: 1.1626  decode.loss_ce: 0.8066  decode.acc_seg: 59.2858  aux.loss_ce: 0.3560  aux.acc_seg: 54.3875
2026/06/10 17:39:10 - mmengine - INFO - Iter(train) [ 9500/40000]  base_lr: 7.8348e-05 lr: 7.8348e-06  eta: 1:36:24  time: 0.1883  data_time: 0.0090  memory: 1531  grad_norm: 6.2544  loss: 0.9894  decode.loss_ce: 0.6843  decode.acc_seg: 43.4243  aux.loss_ce: 0.3051  aux.acc_seg: 36.1905
2026/06/10 17:39:28 - mmengine - INFO - Iter(train) [ 9600/40000]  base_lr: 7.8116e-05 lr: 7.8116e-06  eta: 1:36:05  time: 0.1888  data_time: 0.0092  memory: 1530  grad_norm: 5.9054  loss: 1.1771  decode.loss_ce: 0.8176  decode.acc_seg: 50.3693  aux.loss_ce: 0.3595  aux.acc_seg: 45.7785
2026/06/10 17:39:47 - mmengine - INFO - Iter(train) [ 9700/40000]  base_lr: 7.7885e-05 lr: 7.7885e-06  eta: 1:35:46  time: 0.1891  data_time: 0.0093  memory: 1530  grad_norm: 6.8388  loss: 0.9411  decode.loss_ce: 0.6512  decode.acc_seg: 47.8258  aux.loss_ce: 0.2899  aux.acc_seg: 41.8827
2026/06/10 17:40:06 - mmengine - INFO - Iter(train) [ 9800/40000]  base_lr: 7.7654e-05 lr: 7.7654e-06  eta: 1:35:27  time: 0.1885  data_time: 0.0090  memory: 1530  grad_norm: 5.1959  loss: 1.0626  decode.loss_ce: 0.7373  decode.acc_seg: 60.5563  aux.loss_ce: 0.3253  aux.acc_seg: 57.2813
2026/06/10 17:40:25 - mmengine - INFO - Iter(train) [ 9900/40000]  base_lr: 7.7422e-05 lr: 7.7422e-06  eta: 1:35:07  time: 0.1889  data_time: 0.0092  memory: 1530  grad_norm: 4.7495  loss: 0.9791  decode.loss_ce: 0.6736  decode.acc_seg: 52.2882  aux.loss_ce: 0.3054  aux.acc_seg: 50.8851
2026/06/10 17:40:44 - mmengine - INFO - Exp name: dinov3b_fcn_pastis_raster_20260610_170813
2026/06/10 17:40:44 - mmengine - INFO - Iter(train) [10000/40000]  base_lr: 7.7191e-05 lr: 7.7191e-06  eta: 1:34:48  time: 0.1887  data_time: 0.0091  memory: 1530  grad_norm: 7.8823  loss: 0.9693  decode.loss_ce: 0.6640  decode.acc_seg: 43.2384  aux.loss_ce: 0.3052  aux.acc_seg: 39.8458
2026/06/10 17:40:44 - mmengine - INFO - Saving checkpoint at 10000 iterations
2026/06/10 17:40:50 - mmengine - INFO - Iter(val) [100/241]    eta: 0:00:04  time: 0.0327  data_time: 0.0031  memory: 546  
2026/06/10 17:40:53 - mmengine - INFO - Iter(val) [200/241]    eta: 0:00:01  time: 0.0329  data_time: 0.0032  memory: 546  
2026/06/10 17:40:55 - mmengine - INFO - per class results:
2026/06/10 17:40:55 - mmengine - INFO - 
+---------+-------+-------+
|  Class  |  IoU  |  Acc  |
+---------+-------+-------+
|  crop_1 | 67.67 | 89.61 |
|  crop_2 | 32.81 | 49.11 |
|  crop_3 | 29.85 | 47.35 |
|  crop_4 |  8.76 | 13.84 |
|  crop_5 | 18.16 | 28.85 |
|  crop_6 |  3.48 |  3.81 |
|  crop_7 |  7.88 | 10.53 |
|  crop_8 | 41.05 | 66.32 |
|  crop_9 | 16.09 |  20.1 |
| crop_10 |  1.96 |  2.14 |
| crop_11 | 17.63 | 35.61 |
| crop_12 | 14.07 | 25.66 |
| crop_13 |  3.25 |  3.82 |
| crop_14 | 11.86 | 15.64 |
| crop_15 |  8.29 | 13.04 |
| crop_16 |  28.1 | 39.14 |
| crop_17 |  0.0  |  0.0  |
| crop_18 |  0.0  |  0.0  |
+---------+-------+-------+
2026/06/10 17:40:55 - mmengine - INFO - Iter(val) [241/241]    aAcc: 56.1900  mIoU: 17.2700  mAcc: 25.8100  data_time: 0.0034  time: 0.0334
2026/06/10 17:40:55 - mmengine - INFO - The previous best checkpoint /mnt/ht2_nas2/00-model/00-fb/mmseg_dino/work_dirs/best_mIoU_iter_8000.pth is removed
2026/06/10 17:40:56 - mmengine - INFO - The best checkpoint with 17.2700 mIoU at 10000 iter is saved to best_mIoU_iter_10000.pth.
2026/06/10 17:41:16 - mmengine - INFO - Iter(train) [10100/40000]  base_lr: 7.6959e-05 lr: 7.6959e-06  eta: 1:34:38  time: 0.1884  data_time: 0.0091  memory: 1530  grad_norm: 4.6987  loss: 1.0242  decode.loss_ce: 0.7050  decode.acc_seg: 55.3867  aux.loss_ce: 0.3191  aux.acc_seg: 43.3444
2026/06/10 17:41:35 - mmengine - INFO - Iter(train) [10200/40000]  base_lr: 7.6727e-05 lr: 7.6727e-06  eta: 1:34:18  time: 0.1885  data_time: 0.0091  memory: 1529  grad_norm: 5.9876  loss: 1.0539  decode.loss_ce: 0.7252  decode.acc_seg: 48.4117  aux.loss_ce: 0.3286  aux.acc_seg: 50.1927
2026/06/10 17:41:54 - mmengine - INFO - Iter(train) [10300/40000]  base_lr: 7.6496e-05 lr: 7.6496e-06  eta: 1:33:59  time: 0.1889  data_time: 0.0092  memory: 1530  grad_norm: 5.1292  loss: 1.0832  decode.loss_ce: 0.7492  decode.acc_seg: 64.4830  aux.loss_ce: 0.3340  aux.acc_seg: 58.7476
2026/06/10 17:42:13 - mmengine - INFO - Iter(train) [10400/40000]  base_lr: 7.6264e-05 lr: 7.6264e-06  eta: 1:33:40  time: 0.1887  data_time: 0.0091  memory: 1530  grad_norm: 4.8566  loss: 1.0259  decode.loss_ce: 0.7037  decode.acc_seg: 64.9794  aux.loss_ce: 0.3222  aux.acc_seg: 62.7866
2026/06/10 17:42:32 - mmengine - INFO - Iter(train) [10500/40000]  base_lr: 7.6032e-05 lr: 7.6032e-06  eta: 1:33:21  time: 0.1886  data_time: 0.0091  memory: 1530  grad_norm: 5.4020  loss: 0.9250  decode.loss_ce: 0.6348  decode.acc_seg: 83.8440  aux.loss_ce: 0.2902  aux.acc_seg: 72.3469
2026/06/10 17:42:51 - mmengine - INFO - Iter(train) [10600/40000]  base_lr: 7.5800e-05 lr: 7.5800e-06  eta: 1:33:01  time: 0.1892  data_time: 0.0093  memory: 1530  grad_norm: 5.9177  loss: 0.9741  decode.loss_ce: 0.6678  decode.acc_seg: 45.6246  aux.loss_ce: 0.3063  aux.acc_seg: 37.4216
2026/06/10 17:43:10 - mmengine - INFO - Iter(train) [10700/40000]  base_lr: 7.5568e-05 lr: 7.5568e-06  eta: 1:32:42  time: 0.1886  data_time: 0.0091  memory: 1528  grad_norm: 5.8411  loss: 1.0859  decode.loss_ce: 0.7509  decode.acc_seg: 58.7792  aux.loss_ce: 0.3350  aux.acc_seg: 56.5956
2026/06/10 17:43:29 - mmengine - INFO - Iter(train) [10800/40000]  base_lr: 7.5336e-05 lr: 7.5336e-06  eta: 1:32:23  time: 0.1888  data_time: 0.0091  memory: 1529  grad_norm: 7.2043  loss: 1.0960  decode.loss_ce: 0.7674  decode.acc_seg: 42.4581  aux.loss_ce: 0.3286  aux.acc_seg: 42.2174
2026/06/10 17:43:48 - mmengine - INFO - Iter(train) [10900/40000]  base_lr: 7.5103e-05 lr: 7.5103e-06  eta: 1:32:04  time: 0.1892  data_time: 0.0093  memory: 1530  grad_norm: 4.6905  loss: 1.0066  decode.loss_ce: 0.6900  decode.acc_seg: 64.6565  aux.loss_ce: 0.3166  aux.acc_seg: 65.8143
2026/06/10 17:44:07 - mmengine - INFO - Exp name: dinov3b_fcn_pastis_raster_20260610_170813
2026/06/10 17:44:07 - mmengine - INFO - Iter(train) [11000/40000]  base_lr: 7.4871e-05 lr: 7.4871e-06  eta: 1:31:45  time: 0.1892  data_time: 0.0093  memory: 1529  grad_norm: 6.5101  loss: 1.0749  decode.loss_ce: 0.7355  decode.acc_seg: 46.3636  aux.loss_ce: 0.3394  aux.acc_seg: 36.7769
2026/06/10 17:44:25 - mmengine - INFO - Iter(train) [11100/40000]  base_lr: 7.4639e-05 lr: 7.4639e-06  eta: 1:31:26  time: 0.1891  data_time: 0.0093  memory: 1530  grad_norm: 4.8873  loss: 1.0359  decode.loss_ce: 0.7136  decode.acc_seg: 56.7760  aux.loss_ce: 0.3223  aux.acc_seg: 58.8280
2026/06/10 17:44:44 - mmengine - INFO - Iter(train) [11200/40000]  base_lr: 7.4406e-05 lr: 7.4406e-06  eta: 1:31:07  time: 0.1890  data_time: 0.0092  memory: 1531  grad_norm: 4.3380  loss: 0.9762  decode.loss_ce: 0.6696  decode.acc_seg: 79.9863  aux.loss_ce: 0.3066  aux.acc_seg: 74.8696
2026/06/10 17:45:03 - mmengine - INFO - Iter(train) [11300/40000]  base_lr: 7.4174e-05 lr: 7.4174e-06  eta: 1:30:47  time: 0.1892  data_time: 0.0093  memory: 1531  grad_norm: 6.5489  loss: 0.9320  decode.loss_ce: 0.6336  decode.acc_seg: 59.5070  aux.loss_ce: 0.2985  aux.acc_seg: 61.7295
2026/06/10 17:45:22 - mmengine - INFO - Iter(train) [11400/40000]  base_lr: 7.3941e-05 lr: 7.3941e-06  eta: 1:30:28  time: 0.1895  data_time: 0.0095  memory: 1529  grad_norm: 8.2115  loss: 1.0081  decode.loss_ce: 0.6905  decode.acc_seg: 71.1272  aux.loss_ce: 0.3177  aux.acc_seg: 69.3353
2026/06/10 17:45:41 - mmengine - INFO - Iter(train) [11500/40000]  base_lr: 7.3708e-05 lr: 7.3708e-06  eta: 1:30:09  time: 0.1893  data_time: 0.0093  memory: 1529  grad_norm: 5.1377  loss: 0.9540  decode.loss_ce: 0.6525  decode.acc_seg: 32.9933  aux.loss_ce: 0.3014  aux.acc_seg: 32.1854
2026/06/10 17:46:00 - mmengine - INFO - Iter(train) [11600/40000]  base_lr: 7.3475e-05 lr: 7.3475e-06  eta: 1:29:50  time: 0.1898  data_time: 0.0095  memory: 1530  grad_norm: 5.2051  loss: 1.0680  decode.loss_ce: 0.7329  decode.acc_seg: 40.0133  aux.loss_ce: 0.3351  aux.acc_seg: 38.4631
2026/06/10 17:46:19 - mmengine - INFO - Iter(train) [11700/40000]  base_lr: 7.3243e-05 lr: 7.3243e-06  eta: 1:29:31  time: 0.1896  data_time: 0.0095  memory: 1530  grad_norm: 5.0242  loss: 0.9989  decode.loss_ce: 0.6814  decode.acc_seg: 63.9721  aux.loss_ce: 0.3175  aux.acc_seg: 60.3592
2026/06/10 17:46:38 - mmengine - INFO - Iter(train) [11800/40000]  base_lr: 7.3010e-05 lr: 7.3010e-06  eta: 1:29:12  time: 0.1895  data_time: 0.0094  memory: 1531  grad_norm: 5.0920  loss: 0.7933  decode.loss_ce: 0.5413  decode.acc_seg: 71.7151  aux.loss_ce: 0.2521  aux.acc_seg: 69.0853
2026/06/10 17:46:57 - mmengine - INFO - Iter(train) [11900/40000]  base_lr: 7.2777e-05 lr: 7.2777e-06  eta: 1:28:53  time: 0.1895  data_time: 0.0094  memory: 1531  grad_norm: 4.6514  loss: 0.9192  decode.loss_ce: 0.6301  decode.acc_seg: 62.8495  aux.loss_ce: 0.2890  aux.acc_seg: 61.2171
2026/06/10 17:47:16 - mmengine - INFO - Exp name: dinov3b_fcn_pastis_raster_20260610_170813
2026/06/10 17:47:16 - mmengine - INFO - Iter(train) [12000/40000]  base_lr: 7.2543e-05 lr: 7.2543e-06  eta: 1:28:34  time: 0.1893  data_time: 0.0093  memory: 1531  grad_norm: 6.7563  loss: 0.9812  decode.loss_ce: 0.6762  decode.acc_seg: 57.5313  aux.loss_ce: 0.3050  aux.acc_seg: 59.4262
2026/06/10 17:47:16 - mmengine - INFO - Saving checkpoint at 12000 iterations
2026/06/10 17:47:22 - mmengine - INFO - Iter(val) [100/241]    eta: 0:00:04  time: 0.0331  data_time: 0.0032  memory: 546  
2026/06/10 17:47:25 - mmengine - INFO - Iter(val) [200/241]    eta: 0:00:01  time: 0.0332  data_time: 0.0032  memory: 546  
2026/06/10 17:47:26 - mmengine - INFO - per class results:
2026/06/10 17:47:26 - mmengine - INFO - 
+---------+-------+-------+
|  Class  |  IoU  |  Acc  |
+---------+-------+-------+
|  crop_1 | 67.19 | 88.17 |
|  crop_2 | 34.74 | 59.22 |
|  crop_3 | 28.03 | 42.27 |
|  crop_4 |  4.67 |  5.81 |
|  crop_5 | 16.32 | 23.02 |
|  crop_6 |  3.58 |  4.66 |
|  crop_7 |  7.51 | 13.74 |
|  crop_8 | 39.46 |  56.5 |
|  crop_9 | 25.79 | 38.28 |
| crop_10 |  2.54 |  2.96 |
| crop_11 | 18.43 | 40.74 |
| crop_12 | 11.32 | 19.67 |
| crop_13 |  5.89 |  7.07 |
| crop_14 | 12.97 |  18.4 |
| crop_15 |  6.25 |  9.22 |
| crop_16 | 28.84 | 39.13 |
| crop_17 |  1.34 |  1.42 |
| crop_18 |  0.28 |  0.28 |
+---------+-------+-------+
2026/06/10 17:47:26 - mmengine - INFO - Iter(val) [241/241]    aAcc: 55.6900  mIoU: 17.5100  mAcc: 26.1400  data_time: 0.0034  time: 0.0335
2026/06/10 17:47:26 - mmengine - INFO - The previous best checkpoint /mnt/ht2_nas2/00-model/00-fb/mmseg_dino/work_dirs/best_mIoU_iter_10000.pth is removed
2026/06/10 17:47:28 - mmengine - INFO - The best checkpoint with 17.5100 mIoU at 12000 iter is saved to best_mIoU_iter_12000.pth.
2026/06/10 17:47:49 - mmengine - INFO - Iter(train) [12100/40000]  base_lr: 7.2310e-05 lr: 7.2310e-06  eta: 1:28:22  time: 0.1894  data_time: 0.0094  memory: 1530  grad_norm: 5.1552  loss: 1.0149  decode.loss_ce: 0.6996  decode.acc_seg: 40.0960  aux.loss_ce: 0.3152  aux.acc_seg: 30.9081
2026/06/10 17:48:08 - mmengine - INFO - Iter(train) [12200/40000]  base_lr: 7.2077e-05 lr: 7.2077e-06  eta: 1:28:03  time: 0.1894  data_time: 0.0094  memory: 1531  grad_norm: 5.9827  loss: 1.0649  decode.loss_ce: 0.7289  decode.acc_seg: 34.1898  aux.loss_ce: 0.3360  aux.acc_seg: 32.3257
2026/06/10 17:48:26 - mmengine - INFO - Iter(train) [12300/40000]  base_lr: 7.1844e-05 lr: 7.1844e-06  eta: 1:27:44  time: 0.1910  data_time: 0.0095  memory: 1530  grad_norm: 7.0830  loss: 1.0717  decode.loss_ce: 0.7325  decode.acc_seg: 60.7969  aux.loss_ce: 0.3392  aux.acc_seg: 49.4942
2026/06/10 17:48:45 - mmengine - INFO - Iter(train) [12400/40000]  base_lr: 7.1610e-05 lr: 7.1610e-06  eta: 1:27:25  time: 0.1890  data_time: 0.0093  memory: 1530  grad_norm: 5.9820  loss: 0.8735  decode.loss_ce: 0.5883  decode.acc_seg: 58.9001  aux.loss_ce: 0.2852  aux.acc_seg: 51.8454
2026/06/10 17:49:04 - mmengine - INFO - Iter(train) [12500/40000]  base_lr: 7.1376e-05 lr: 7.1376e-06  eta: 1:27:06  time: 0.1889  data_time: 0.0092  memory: 1529  grad_norm: 4.5354  loss: 1.0426  decode.loss_ce: 0.7095  decode.acc_seg: 53.1840  aux.loss_ce: 0.3332  aux.acc_seg: 46.0049
2026/06/10 17:49:23 - mmengine - INFO - Iter(train) [12600/40000]  base_lr: 7.1143e-05 lr: 7.1143e-06  eta: 1:26:46  time: 0.1889  data_time: 0.0092  memory: 1531  grad_norm: 4.5693  loss: 0.9000  decode.loss_ce: 0.6076  decode.acc_seg: 69.6982  aux.loss_ce: 0.2924  aux.acc_seg: 67.3971
2026/06/10 17:49:42 - mmengine - INFO - Iter(train) [12700/40000]  base_lr: 7.0909e-05 lr: 7.0909e-06  eta: 1:26:27  time: 0.1889  data_time: 0.0092  memory: 1529  grad_norm: 5.7465  loss: 0.8970  decode.loss_ce: 0.6144  decode.acc_seg: 59.6866  aux.loss_ce: 0.2826  aux.acc_seg: 56.6793
2026/06/10 17:50:01 - mmengine - INFO - Iter(train) [12800/40000]  base_lr: 7.0675e-05 lr: 7.0675e-06  eta: 1:26:08  time: 0.1897  data_time: 0.0095  memory: 1532  grad_norm: 7.0733  loss: 0.9247  decode.loss_ce: 0.6235  decode.acc_seg: 69.6028  aux.loss_ce: 0.3011  aux.acc_seg: 65.5310
2026/06/10 17:50:20 - mmengine - INFO - Iter(train) [12900/40000]  base_lr: 7.0441e-05 lr: 7.0441e-06  eta: 1:25:49  time: 0.1893  data_time: 0.0095  memory: 1531  grad_norm: 5.0155  loss: 0.9436  decode.loss_ce: 0.6315  decode.acc_seg: 61.9651  aux.loss_ce: 0.3121  aux.acc_seg: 48.2109
2026/06/10 17:50:39 - mmengine - INFO - Exp name: dinov3b_fcn_pastis_raster_20260610_170813
2026/06/10 17:50:39 - mmengine - INFO - Iter(train) [13000/40000]  base_lr: 7.0207e-05 lr: 7.0207e-06  eta: 1:25:30  time: 0.1892  data_time: 0.0094  memory: 1531  grad_norm: 8.7354  loss: 0.9648  decode.loss_ce: 0.6491  decode.acc_seg: 51.0971  aux.loss_ce: 0.3157  aux.acc_seg: 46.8680
2026/06/10 17:50:58 - mmengine - INFO - Iter(train) [13100/40000]  base_lr: 6.9973e-05 lr: 6.9973e-06  eta: 1:25:11  time: 0.1899  data_time: 0.0095  memory: 1529  grad_norm: 4.6269  loss: 0.9092  decode.loss_ce: 0.6066  decode.acc_seg: 54.4586  aux.loss_ce: 0.3025  aux.acc_seg: 51.6772
2026/06/10 17:51:17 - mmengine - INFO - Iter(train) [13200/40000]  base_lr: 6.9739e-05 lr: 6.9739e-06  eta: 1:24:52  time: 0.1897  data_time: 0.0094  memory: 1530  grad_norm: 5.2482  loss: 0.7391  decode.loss_ce: 0.5030  decode.acc_seg: 67.6186  aux.loss_ce: 0.2361  aux.acc_seg: 63.6320
2026/06/10 17:51:36 - mmengine - INFO - Iter(train) [13300/40000]  base_lr: 6.9505e-05 lr: 6.9505e-06  eta: 1:24:33  time: 0.1892  data_time: 0.0093  memory: 1530  grad_norm: 5.1229  loss: 0.9138  decode.loss_ce: 0.6193  decode.acc_seg: 76.6697  aux.loss_ce: 0.2945  aux.acc_seg: 60.6693
2026/06/10 17:51:55 - mmengine - INFO - Iter(train) [13400/40000]  base_lr: 6.9271e-05 lr: 6.9271e-06  eta: 1:24:14  time: 0.1893  data_time: 0.0094  memory: 1529  grad_norm: 5.7492  loss: 0.7624  decode.loss_ce: 0.5102  decode.acc_seg: 62.9686  aux.loss_ce: 0.2522  aux.acc_seg: 55.6240
2026/06/10 17:52:14 - mmengine - INFO - Iter(train) [13500/40000]  base_lr: 6.9036e-05 lr: 6.9036e-06  eta: 1:23:55  time: 0.1900  data_time: 0.0097  memory: 1529  grad_norm: 5.9448  loss: 0.9859  decode.loss_ce: 0.6727  decode.acc_seg: 44.3077  aux.loss_ce: 0.3132  aux.acc_seg: 38.8161
2026/06/10 17:52:33 - mmengine - INFO - Iter(train) [13600/40000]  base_lr: 6.8802e-05 lr: 6.8802e-06  eta: 1:23:36  time: 0.1892  data_time: 0.0093  memory: 1530  grad_norm: 7.1383  loss: 0.9750  decode.loss_ce: 0.6690  decode.acc_seg: 52.0704  aux.loss_ce: 0.3060  aux.acc_seg: 43.5273
2026/06/10 17:52:52 - mmengine - INFO - Iter(train) [13700/40000]  base_lr: 6.8567e-05 lr: 6.8567e-06  eta: 1:23:17  time: 0.1895  data_time: 0.0093  memory: 1530  grad_norm: 5.0049  loss: 0.9172  decode.loss_ce: 0.6195  decode.acc_seg: 59.5702  aux.loss_ce: 0.2977  aux.acc_seg: 51.5681
2026/06/10 17:53:11 - mmengine - INFO - Iter(train) [13800/40000]  base_lr: 6.8332e-05 lr: 6.8332e-06  eta: 1:22:57  time: 0.1891  data_time: 0.0093  memory: 1530  grad_norm: 6.4427  loss: 0.7834  decode.loss_ce: 0.5202  decode.acc_seg: 62.1112  aux.loss_ce: 0.2631  aux.acc_seg: 54.3580
2026/06/10 17:53:30 - mmengine - INFO - Iter(train) [13900/40000]  base_lr: 6.8098e-05 lr: 6.8098e-06  eta: 1:22:38  time: 0.1891  data_time: 0.0093  memory: 1529  grad_norm: 6.1843  loss: 0.9451  decode.loss_ce: 0.6386  decode.acc_seg: 72.5260  aux.loss_ce: 0.3065  aux.acc_seg: 68.5188
2026/06/10 17:53:49 - mmengine - INFO - Exp name: dinov3b_fcn_pastis_raster_20260610_170813
2026/06/10 17:53:49 - mmengine - INFO - Iter(train) [14000/40000]  base_lr: 6.7863e-05 lr: 6.7863e-06  eta: 1:22:19  time: 0.1892  data_time: 0.0093  memory: 1530  grad_norm: 6.1374  loss: 0.9793  decode.loss_ce: 0.6612  decode.acc_seg: 52.8986  aux.loss_ce: 0.3181  aux.acc_seg: 44.8389
2026/06/10 17:53:49 - mmengine - INFO - Saving checkpoint at 14000 iterations
2026/06/10 17:53:54 - mmengine - INFO - Iter(val) [100/241]    eta: 0:00:04  time: 0.0329  data_time: 0.0032  memory: 546  
2026/06/10 17:53:57 - mmengine - INFO - Iter(val) [200/241]    eta: 0:00:01  time: 0.0327  data_time: 0.0031  memory: 546  
2026/06/10 17:53:59 - mmengine - INFO - per class results:
2026/06/10 17:53:59 - mmengine - INFO - 
+---------+-------+-------+
|  Class  |  IoU  |  Acc  |
+---------+-------+-------+
|  crop_1 | 67.48 | 89.42 |
|  crop_2 | 32.36 | 48.58 |
|  crop_3 | 30.03 | 50.87 |
|  crop_4 |  4.44 |  5.55 |
|  crop_5 | 15.87 | 22.03 |
|  crop_6 |  3.68 |  4.24 |
|  crop_7 |  7.35 |  9.28 |
|  crop_8 | 38.92 | 57.58 |
|  crop_9 | 22.84 | 31.61 |
| crop_10 |  4.11 |  5.25 |
| crop_11 | 18.01 | 30.34 |
| crop_12 | 14.44 | 34.37 |
| crop_13 |  1.99 |  2.11 |
| crop_14 |  8.5  | 10.59 |
| crop_15 |  7.56 | 10.13 |
| crop_16 |  29.1 | 52.91 |
| crop_17 |  1.61 |  1.7  |
| crop_18 |  0.03 |  0.03 |
+---------+-------+-------+
2026/06/10 17:53:59 - mmengine - INFO - Iter(val) [241/241]    aAcc: 56.0100  mIoU: 17.1300  mAcc: 25.9200  data_time: 0.0032  time: 0.0329
2026/06/10 17:54:18 - mmengine - INFO - Iter(train) [14100/40000]  base_lr: 6.7628e-05 lr: 6.7628e-06  eta: 1:22:00  time: 0.1897  data_time: 0.0096  memory: 1530  grad_norm: 6.9698  loss: 0.9155  decode.loss_ce: 0.6149  decode.acc_seg: 58.9902  aux.loss_ce: 0.3007  aux.acc_seg: 49.4342
2026/06/10 17:54:36 - mmengine - INFO - Iter(train) [14200/40000]  base_lr: 6.7393e-05 lr: 6.7393e-06  eta: 1:21:41  time: 0.1891  data_time: 0.0093  memory: 1530  grad_norm: 5.9904  loss: 0.8685  decode.loss_ce: 0.5826  decode.acc_seg: 71.0108  aux.loss_ce: 0.2859  aux.acc_seg: 64.4928
2026/06/10 17:54:55 - mmengine - INFO - Iter(train) [14300/40000]  base_lr: 6.7158e-05 lr: 6.7158e-06  eta: 1:21:22  time: 0.1891  data_time: 0.0094  memory: 1530  grad_norm: 6.1393  loss: 0.9201  decode.loss_ce: 0.6275  decode.acc_seg: 47.1931  aux.loss_ce: 0.2927  aux.acc_seg: 44.0975
2026/06/10 17:55:14 - mmengine - INFO - Iter(train) [14400/40000]  base_lr: 6.6922e-05 lr: 6.6922e-06  eta: 1:21:03  time: 0.1892  data_time: 0.0093  memory: 1530  grad_norm: 5.6701  loss: 1.0118  decode.loss_ce: 0.6841  decode.acc_seg: 59.9825  aux.loss_ce: 0.3278  aux.acc_seg: 52.0617
2026/06/10 17:55:33 - mmengine - INFO - Iter(train) [14500/40000]  base_lr: 6.6687e-05 lr: 6.6687e-06  eta: 1:20:44  time: 0.1894  data_time: 0.0094  memory: 1530  grad_norm: 5.1449  loss: 0.9039  decode.loss_ce: 0.6043  decode.acc_seg: 51.7924  aux.loss_ce: 0.2996  aux.acc_seg: 49.2846
2026/06/10 17:55:52 - mmengine - INFO - Iter(train) [14600/40000]  base_lr: 6.6452e-05 lr: 6.6452e-06  eta: 1:20:25  time: 0.1893  data_time: 0.0094  memory: 1531  grad_norm: 6.4403  loss: 0.8078  decode.loss_ce: 0.5432  decode.acc_seg: 52.7358  aux.loss_ce: 0.2646  aux.acc_seg: 51.5990
2026/06/10 17:56:11 - mmengine - INFO - Iter(train) [14700/40000]  base_lr: 6.6216e-05 lr: 6.6216e-06  eta: 1:20:05  time: 0.1893  data_time: 0.0093  memory: 1530  grad_norm: 5.7135  loss: 0.9062  decode.loss_ce: 0.6135  decode.acc_seg: 56.5130  aux.loss_ce: 0.2927  aux.acc_seg: 49.7187
2026/06/10 17:56:30 - mmengine - INFO - Iter(train) [14800/40000]  base_lr: 6.5981e-05 lr: 6.5981e-06  eta: 1:19:46  time: 0.1892  data_time: 0.0094  memory: 1530  grad_norm: 5.2782  loss: 1.0466  decode.loss_ce: 0.7074  decode.acc_seg: 75.2499  aux.loss_ce: 0.3392  aux.acc_seg: 70.6717
2026/06/10 17:56:49 - mmengine - INFO - Iter(train) [14900/40000]  base_lr: 6.5745e-05 lr: 6.5745e-06  eta: 1:19:27  time: 0.1894  data_time: 0.0094  memory: 1529  grad_norm: 5.0993  loss: 0.9426  decode.loss_ce: 0.6331  decode.acc_seg: 50.3790  aux.loss_ce: 0.3095  aux.acc_seg: 32.7764
2026/06/10 17:57:08 - mmengine - INFO - Exp name: dinov3b_fcn_pastis_raster_20260610_170813
2026/06/10 17:57:08 - mmengine - INFO - Iter(train) [15000/40000]  base_lr: 6.5509e-05 lr: 6.5509e-06  eta: 1:19:08  time: 0.1896  data_time: 0.0095  memory: 1529  grad_norm: 4.9266  loss: 0.8342  decode.loss_ce: 0.5563  decode.acc_seg: 59.2752  aux.loss_ce: 0.2779  aux.acc_seg: 53.5576
2026/06/10 17:57:27 - mmengine - INFO - Iter(train) [15100/40000]  base_lr: 6.5273e-05 lr: 6.5273e-06  eta: 1:18:49  time: 0.1897  data_time: 0.0095  memory: 1530  grad_norm: 6.0753  loss: 1.1033  decode.loss_ce: 0.7503  decode.acc_seg: 50.1898  aux.loss_ce: 0.3530  aux.acc_seg: 37.1804
2026/06/10 17:57:46 - mmengine - INFO - Iter(train) [15200/40000]  base_lr: 6.5037e-05 lr: 6.5037e-06  eta: 1:18:30  time: 0.1897  data_time: 0.0095  memory: 1530  grad_norm: 4.7438  loss: 0.8542  decode.loss_ce: 0.5699  decode.acc_seg: 62.4546  aux.loss_ce: 0.2843  aux.acc_seg: 46.6953
2026/06/10 17:58:05 - mmengine - INFO - Iter(train) [15300/40000]  base_lr: 6.4801e-05 lr: 6.4801e-06  eta: 1:18:11  time: 0.1895  data_time: 0.0094  memory: 1530  grad_norm: 5.6031  loss: 0.9899  decode.loss_ce: 0.6684  decode.acc_seg: 78.2789  aux.loss_ce: 0.3214  aux.acc_seg: 69.0603
2026/06/10 17:58:24 - mmengine - INFO - Iter(train) [15400/40000]  base_lr: 6.4565e-05 lr: 6.4565e-06  eta: 1:17:52  time: 0.1895  data_time: 0.0095  memory: 1530  grad_norm: 5.3073  loss: 0.9042  decode.loss_ce: 0.6036  decode.acc_seg: 63.7294  aux.loss_ce: 0.3006  aux.acc_seg: 54.7398
2026/06/10 17:58:43 - mmengine - INFO - Iter(train) [15500/40000]  base_lr: 6.4329e-05 lr: 6.4329e-06  eta: 1:17:33  time: 0.1895  data_time: 0.0095  memory: 1530  grad_norm: 4.9800  loss: 0.8650  decode.loss_ce: 0.5793  decode.acc_seg: 61.5876  aux.loss_ce: 0.2857  aux.acc_seg: 54.8913
2026/06/10 17:59:02 - mmengine - INFO - Iter(train) [15600/40000]  base_lr: 6.4092e-05 lr: 6.4092e-06  eta: 1:17:14  time: 0.1893  data_time: 0.0094  memory: 1529  grad_norm: 5.2412  loss: 0.7712  decode.loss_ce: 0.5148  decode.acc_seg: 69.1115  aux.loss_ce: 0.2565  aux.acc_seg: 61.3520
2026/06/10 17:59:21 - mmengine - INFO - Iter(train) [15700/40000]  base_lr: 6.3856e-05 lr: 6.3856e-06  eta: 1:16:55  time: 0.1897  data_time: 0.0095  memory: 1531  grad_norm: 7.0007  loss: 0.7926  decode.loss_ce: 0.5242  decode.acc_seg: 67.9095  aux.loss_ce: 0.2684  aux.acc_seg: 47.0115
2026/06/10 17:59:40 - mmengine - INFO - Iter(train) [15800/40000]  base_lr: 6.3619e-05 lr: 6.3619e-06  eta: 1:16:36  time: 0.1889  data_time: 0.0093  memory: 1530  grad_norm: 5.5962  loss: 0.8357  decode.loss_ce: 0.5631  decode.acc_seg: 79.4925  aux.loss_ce: 0.2726  aux.acc_seg: 75.2106
2026/06/10 17:59:59 - mmengine - INFO - Iter(train) [15900/40000]  base_lr: 6.3383e-05 lr: 6.3383e-06  eta: 1:16:17  time: 0.1889  data_time: 0.0093  memory: 1530  grad_norm: 7.0370  loss: 1.0136  decode.loss_ce: 0.6858  decode.acc_seg: 49.5421  aux.loss_ce: 0.3277  aux.acc_seg: 43.3332
2026/06/10 18:00:18 - mmengine - INFO - Exp name: dinov3b_fcn_pastis_raster_20260610_170813
2026/06/10 18:00:18 - mmengine - INFO - Iter(train) [16000/40000]  base_lr: 6.3146e-05 lr: 6.3146e-06  eta: 1:15:58  time: 0.1891  data_time: 0.0094  memory: 1531  grad_norm: 5.8912  loss: 0.8214  decode.loss_ce: 0.5588  decode.acc_seg: 62.2887  aux.loss_ce: 0.2627  aux.acc_seg: 54.8580
2026/06/10 18:00:18 - mmengine - INFO - Saving checkpoint at 16000 iterations
2026/06/10 18:00:22 - mmengine - INFO - Iter(val) [100/241]    eta: 0:00:04  time: 0.0323  data_time: 0.0030  memory: 546  
2026/06/10 18:00:26 - mmengine - INFO - Iter(val) [200/241]    eta: 0:00:01  time: 0.0334  data_time: 0.0034  memory: 546  
2026/06/10 18:00:27 - mmengine - INFO - per class results:
2026/06/10 18:00:27 - mmengine - INFO - 
+---------+-------+-------+
|  Class  |  IoU  |  Acc  |
+---------+-------+-------+
|  crop_1 | 68.38 | 84.77 |
|  crop_2 | 33.21 |  55.7 |
|  crop_3 | 28.33 | 43.12 |
|  crop_4 |  6.16 |  8.49 |
|  crop_5 |  15.9 | 24.95 |
|  crop_6 |  3.56 |  5.09 |
|  crop_7 |  6.0  |  8.55 |
|  crop_8 | 39.26 | 67.56 |
|  crop_9 | 23.63 | 38.19 |
| crop_10 |  4.37 |  5.25 |
| crop_11 | 19.76 | 44.12 |
| crop_12 | 13.37 | 28.66 |
| crop_13 | 11.34 | 18.14 |
| crop_14 | 10.05 | 13.16 |
| crop_15 |  5.46 |  8.26 |
| crop_16 | 29.55 | 51.95 |
| crop_17 |  0.36 |  0.4  |
| crop_18 |  0.4  |  0.41 |
+---------+-------+-------+
2026/06/10 18:00:27 - mmengine - INFO - Iter(val) [241/241]    aAcc: 55.0200  mIoU: 17.7300  mAcc: 28.1500  data_time: 0.0032  time: 0.0326
2026/06/10 18:00:27 - mmengine - INFO - The previous best checkpoint /mnt/ht2_nas2/00-model/00-fb/mmseg_dino/work_dirs/best_mIoU_iter_12000.pth is removed
2026/06/10 18:00:28 - mmengine - INFO - The best checkpoint with 17.7300 mIoU at 16000 iter is saved to best_mIoU_iter_16000.pth.
2026/06/10 18:00:49 - mmengine - INFO - Iter(train) [16100/40000]  base_lr: 6.2909e-05 lr: 6.2909e-06  eta: 1:15:43  time: 0.1887  data_time: 0.0092  memory: 1529  grad_norm: 5.2252  loss: 0.9292  decode.loss_ce: 0.6080  decode.acc_seg: 62.2234  aux.loss_ce: 0.3212  aux.acc_seg: 52.6312
2026/06/10 18:01:08 - mmengine - INFO - Iter(train) [16200/40000]  base_lr: 6.2672e-05 lr: 6.2672e-06  eta: 1:15:24  time: 0.1889  data_time: 0.0092  memory: 1530  grad_norm: 5.5432  loss: 0.9272  decode.loss_ce: 0.6217  decode.acc_seg: 63.2225  aux.loss_ce: 0.3055  aux.acc_seg: 50.7677
2026/06/10 18:01:27 - mmengine - INFO - Iter(train) [16300/40000]  base_lr: 6.2435e-05 lr: 6.2435e-06  eta: 1:15:05  time: 0.1901  data_time: 0.0099  memory: 1530  grad_norm: 4.6401  loss: 0.7744  decode.loss_ce: 0.5069  decode.acc_seg: 70.5459  aux.loss_ce: 0.2675  aux.acc_seg: 59.6400
2026/06/10 18:01:46 - mmengine - INFO - Iter(train) [16400/40000]  base_lr: 6.2198e-05 lr: 6.2198e-06  eta: 1:14:45  time: 0.1892  data_time: 0.0094  memory: 1529  grad_norm: 6.7032  loss: 0.8269  decode.loss_ce: 0.5376  decode.acc_seg: 67.3871  aux.loss_ce: 0.2892  aux.acc_seg: 50.6538
2026/06/10 18:02:04 - mmengine - INFO - Iter(train) [16500/40000]  base_lr: 6.1961e-05 lr: 6.1961e-06  eta: 1:14:26  time: 0.1889  data_time: 0.0093  memory: 1530  grad_norm: 5.7743  loss: 0.9121  decode.loss_ce: 0.5909  decode.acc_seg: 55.6055  aux.loss_ce: 0.3212  aux.acc_seg: 54.9477
2026/06/10 18:02:23 - mmengine - INFO - Iter(train) [16600/40000]  base_lr: 6.1723e-05 lr: 6.1723e-06  eta: 1:14:07  time: 0.1892  data_time: 0.0093  memory: 1530  grad_norm: 5.5890  loss: 0.8439  decode.loss_ce: 0.5664  decode.acc_seg: 62.2870  aux.loss_ce: 0.2775  aux.acc_seg: 55.5348
2026/06/10 18:02:42 - mmengine - INFO - Iter(train) [16700/40000]  base_lr: 6.1486e-05 lr: 6.1486e-06  eta: 1:13:48  time: 0.1894  data_time: 0.0097  memory: 1530  grad_norm: 6.5793  loss: 0.9033  decode.loss_ce: 0.6056  decode.acc_seg: 72.9479  aux.loss_ce: 0.2977  aux.acc_seg: 63.2489
2026/06/10 18:03:01 - mmengine - INFO - Iter(train) [16800/40000]  base_lr: 6.1248e-05 lr: 6.1248e-06  eta: 1:13:29  time: 0.1897  data_time: 0.0098  memory: 1531  grad_norm: 5.1916  loss: 0.8235  decode.loss_ce: 0.5392  decode.acc_seg: 72.3806  aux.loss_ce: 0.2843  aux.acc_seg: 57.3282
2026/06/10 18:03:20 - mmengine - INFO - Iter(train) [16900/40000]  base_lr: 6.1011e-05 lr: 6.1011e-06  eta: 1:13:10  time: 0.1904  data_time: 0.0100  memory: 1529  grad_norm: 6.6779  loss: 0.9231  decode.loss_ce: 0.6123  decode.acc_seg: 75.3587  aux.loss_ce: 0.3108  aux.acc_seg: 64.3073
2026/06/10 18:03:39 - mmengine - INFO - Exp name: dinov3b_fcn_pastis_raster_20260610_170813
2026/06/10 18:03:39 - mmengine - INFO - Iter(train) [17000/40000]  base_lr: 6.0773e-05 lr: 6.0773e-06  eta: 1:12:51  time: 0.1892  data_time: 0.0094  memory: 1530  grad_norm: 5.4451  loss: 0.9399  decode.loss_ce: 0.6242  decode.acc_seg: 55.2805  aux.loss_ce: 0.3157  aux.acc_seg: 48.0384
2026/06/10 18:03:58 - mmengine - INFO - Iter(train) [17100/40000]  base_lr: 6.0535e-05 lr: 6.0535e-06  eta: 1:12:32  time: 0.1894  data_time: 0.0094  memory: 1531  grad_norm: 6.3056  loss: 0.9885  decode.loss_ce: 0.6719  decode.acc_seg: 60.3871  aux.loss_ce: 0.3166  aux.acc_seg: 48.0168
2026/06/10 18:04:17 - mmengine - INFO - Iter(train) [17200/40000]  base_lr: 6.0297e-05 lr: 6.0297e-06  eta: 1:12:13  time: 0.1896  data_time: 0.0095  memory: 1530  grad_norm: 4.8484  loss: 0.7885  decode.loss_ce: 0.5122  decode.acc_seg: 55.7692  aux.loss_ce: 0.2763  aux.acc_seg: 46.9373
2026/06/10 18:04:36 - mmengine - INFO - Iter(train) [17300/40000]  base_lr: 6.0059e-05 lr: 6.0059e-06  eta: 1:11:54  time: 0.1893  data_time: 0.0095  memory: 1530  grad_norm: 7.1902  loss: 0.7468  decode.loss_ce: 0.4833  decode.acc_seg: 58.1800  aux.loss_ce: 0.2634  aux.acc_seg: 53.9764
2026/06/10 18:04:55 - mmengine - INFO - Iter(train) [17400/40000]  base_lr: 5.9821e-05 lr: 5.9821e-06  eta: 1:11:35  time: 0.1893  data_time: 0.0094  memory: 1530  grad_norm: 5.5881  loss: 0.8854  decode.loss_ce: 0.5830  decode.acc_seg: 64.5348  aux.loss_ce: 0.3024  aux.acc_seg: 58.0688
2026/06/10 18:05:14 - mmengine - INFO - Iter(train) [17500/40000]  base_lr: 5.9583e-05 lr: 5.9583e-06  eta: 1:11:16  time: 0.1892  data_time: 0.0094  memory: 1530  grad_norm: 4.9912  loss: 0.7465  decode.loss_ce: 0.4854  decode.acc_seg: 61.9291  aux.loss_ce: 0.2611  aux.acc_seg: 54.2665
2026/06/10 18:05:33 - mmengine - INFO - Iter(train) [17600/40000]  base_lr: 5.9344e-05 lr: 5.9344e-06  eta: 1:10:57  time: 0.1899  data_time: 0.0097  memory: 1530  grad_norm: 5.2151  loss: 0.8329  decode.loss_ce: 0.5464  decode.acc_seg: 42.6339  aux.loss_ce: 0.2865  aux.acc_seg: 37.2381
2026/06/10 18:05:52 - mmengine - INFO - Iter(train) [17700/40000]  base_lr: 5.9106e-05 lr: 5.9106e-06  eta: 1:10:38  time: 0.1901  data_time: 0.0097  memory: 1531  grad_norm: 4.9716  loss: 0.8239  decode.loss_ce: 0.5468  decode.acc_seg: 67.9210  aux.loss_ce: 0.2771  aux.acc_seg: 65.8525
2026/06/10 18:06:11 - mmengine - INFO - Iter(train) [17800/40000]  base_lr: 5.8867e-05 lr: 5.8867e-06  eta: 1:10:19  time: 0.1900  data_time: 0.0096  memory: 1529  grad_norm: 6.8712  loss: 1.0097  decode.loss_ce: 0.6782  decode.acc_seg: 60.2788  aux.loss_ce: 0.3315  aux.acc_seg: 52.4830
2026/06/10 18:06:30 - mmengine - INFO - Iter(train) [17900/40000]  base_lr: 5.8629e-05 lr: 5.8629e-06  eta: 1:10:00  time: 0.1898  data_time: 0.0098  memory: 1530  grad_norm: 5.9734  loss: 0.8668  decode.loss_ce: 0.5694  decode.acc_seg: 68.6765  aux.loss_ce: 0.2973  aux.acc_seg: 62.9966
2026/06/10 18:06:49 - mmengine - INFO - Exp name: dinov3b_fcn_pastis_raster_20260610_170813
2026/06/10 18:06:49 - mmengine - INFO - Iter(train) [18000/40000]  base_lr: 5.8390e-05 lr: 5.8390e-06  eta: 1:09:40  time: 0.1887  data_time: 0.0094  memory: 1528  grad_norm: 6.3786  loss: 0.9779  decode.loss_ce: 0.6457  decode.acc_seg: 83.4924  aux.loss_ce: 0.3322  aux.acc_seg: 71.1135
2026/06/10 18:06:49 - mmengine - INFO - Saving checkpoint at 18000 iterations
2026/06/10 18:06:54 - mmengine - INFO - Iter(val) [100/241]    eta: 0:00:04  time: 0.0334  data_time: 0.0035  memory: 546  
2026/06/10 18:06:58 - mmengine - INFO - Iter(val) [200/241]    eta: 0:00:01  time: 0.0336  data_time: 0.0036  memory: 546  
2026/06/10 18:06:59 - mmengine - INFO - per class results:
2026/06/10 18:06:59 - mmengine - INFO - 
+---------+-------+-------+
|  Class  |  IoU  |  Acc  |
+---------+-------+-------+
|  crop_1 | 66.07 | 89.83 |
|  crop_2 | 33.34 | 52.17 |
|  crop_3 | 26.46 | 38.12 |
|  crop_4 |  4.59 |  6.2  |
|  crop_5 | 16.89 | 27.11 |
|  crop_6 |  3.62 |  4.76 |
|  crop_7 |  9.02 | 14.82 |
|  crop_8 | 38.91 |  58.1 |
|  crop_9 | 18.02 | 22.92 |
| crop_10 |  5.36 |  7.15 |
| crop_11 | 20.32 | 51.17 |
| crop_12 | 13.41 | 24.43 |
| crop_13 |  3.3  |  4.04 |
| crop_14 | 11.42 | 17.04 |
| crop_15 |  7.62 | 11.25 |
| crop_16 | 28.98 | 40.16 |
| crop_17 |  1.43 |  1.78 |
| crop_18 |  1.26 |  1.51 |
+---------+-------+-------+
2026/06/10 18:06:59 - mmengine - INFO - Iter(val) [241/241]    aAcc: 54.8900  mIoU: 17.2200  mAcc: 26.2500  data_time: 0.0037  time: 0.0337
2026/06/10 18:07:18 - mmengine - INFO - Iter(train) [18100/40000]  base_lr: 5.8151e-05 lr: 5.8151e-06  eta: 1:09:21  time: 0.1901  data_time: 0.0098  memory: 1530  grad_norm: 5.8174  loss: 0.8191  decode.loss_ce: 0.5264  decode.acc_seg: 69.4264  aux.loss_ce: 0.2927  aux.acc_seg: 60.6678
2026/06/10 18:07:37 - mmengine - INFO - Iter(train) [18200/40000]  base_lr: 5.7912e-05 lr: 5.7912e-06  eta: 1:09:02  time: 0.1894  data_time: 0.0097  memory: 1530  grad_norm: 5.9735  loss: 0.7679  decode.loss_ce: 0.4927  decode.acc_seg: 74.4567  aux.loss_ce: 0.2751  aux.acc_seg: 53.8031
2026/06/10 18:07:56 - mmengine - INFO - Iter(train) [18300/40000]  base_lr: 5.7673e-05 lr: 5.7673e-06  eta: 1:08:43  time: 0.1896  data_time: 0.0096  memory: 1529  grad_norm: 4.7332  loss: 0.7638  decode.loss_ce: 0.4963  decode.acc_seg: 71.8683  aux.loss_ce: 0.2675  aux.acc_seg: 46.9494
2026/06/10 18:08:15 - mmengine - INFO - Iter(train) [18400/40000]  base_lr: 5.7433e-05 lr: 5.7433e-06  eta: 1:08:24  time: 0.1892  data_time: 0.0095  memory: 1529  grad_norm: 6.0051  loss: 0.8779  decode.loss_ce: 0.5704  decode.acc_seg: 64.9106  aux.loss_ce: 0.3075  aux.acc_seg: 52.0349
2026/06/10 18:08:34 - mmengine - INFO - Iter(train) [18500/40000]  base_lr: 5.7194e-05 lr: 5.7194e-06  eta: 1:08:05  time: 0.1888  data_time: 0.0093  memory: 1530  grad_norm: 6.0842  loss: 1.0445  decode.loss_ce: 0.6983  decode.acc_seg: 65.8723  aux.loss_ce: 0.3462  aux.acc_seg: 56.5871
2026/06/10 18:08:53 - mmengine - INFO - Iter(train) [18600/40000]  base_lr: 5.6955e-05 lr: 5.6955e-06  eta: 1:07:46  time: 0.1886  data_time: 0.0093  memory: 1531  grad_norm: 5.5468  loss: 0.8407  decode.loss_ce: 0.5538  decode.acc_seg: 86.0344  aux.loss_ce: 0.2869  aux.acc_seg: 81.5104
2026/06/10 18:09:12 - mmengine - INFO - Iter(train) [18700/40000]  base_lr: 5.6715e-05 lr: 5.6715e-06  eta: 1:07:27  time: 0.1894  data_time: 0.0096  memory: 1529  grad_norm: 4.9618  loss: 0.9335  decode.loss_ce: 0.6211  decode.acc_seg: 50.7643  aux.loss_ce: 0.3125  aux.acc_seg: 40.9885
2026/06/10 18:09:31 - mmengine - INFO - Iter(train) [18800/40000]  base_lr: 5.6475e-05 lr: 5.6475e-06  eta: 1:07:08  time: 0.1896  data_time: 0.0095  memory: 1530  grad_norm: 5.7856  loss: 0.8695  decode.loss_ce: 0.5642  decode.acc_seg: 60.1905  aux.loss_ce: 0.3053  aux.acc_seg: 50.4228
2026/06/10 18:09:50 - mmengine - INFO - Iter(train) [18900/40000]  base_lr: 5.6235e-05 lr: 5.6235e-06  eta: 1:06:49  time: 0.1902  data_time: 0.0098  memory: 1531  grad_norm: 5.2669  loss: 0.7344  decode.loss_ce: 0.4830  decode.acc_seg: 68.8516  aux.loss_ce: 0.2514  aux.acc_seg: 70.0117
2026/06/10 18:10:08 - mmengine - INFO - Exp name: dinov3b_fcn_pastis_raster_20260610_170813
2026/06/10 18:10:08 - mmengine - INFO - Iter(train) [19000/40000]  base_lr: 5.5996e-05 lr: 5.5996e-06  eta: 1:06:30  time: 0.1891  data_time: 0.0094  memory: 1530  grad_norm: 6.8732  loss: 0.7504  decode.loss_ce: 0.4883  decode.acc_seg: 78.2764  aux.loss_ce: 0.2621  aux.acc_seg: 63.4819
2026/06/10 18:10:27 - mmengine - INFO - Iter(train) [19100/40000]  base_lr: 5.5755e-05 lr: 5.5755e-06  eta: 1:06:11  time: 0.1902  data_time: 0.0097  memory: 1530  grad_norm: 5.9722  loss: 0.8307  decode.loss_ce: 0.5335  decode.acc_seg: 77.5133  aux.loss_ce: 0.2972  aux.acc_seg: 66.0694
2026/06/10 18:10:47 - mmengine - INFO - Iter(train) [19200/40000]  base_lr: 5.5515e-05 lr: 5.5515e-06  eta: 1:05:52  time: 0.2152  data_time: 0.0096  memory: 1529  grad_norm: 6.1266  loss: 0.9490  decode.loss_ce: 0.6146  decode.acc_seg: 74.7165  aux.loss_ce: 0.3344  aux.acc_seg: 71.2142
2026/06/10 18:11:06 - mmengine - INFO - Iter(train) [19300/40000]  base_lr: 5.5275e-05 lr: 5.5275e-06  eta: 1:05:33  time: 0.1890  data_time: 0.0094  memory: 1530  grad_norm: 6.6717  loss: 0.7858  decode.loss_ce: 0.5090  decode.acc_seg: 86.3522  aux.loss_ce: 0.2768  aux.acc_seg: 73.0843
2026/06/10 18:11:25 - mmengine - INFO - Iter(train) [19400/40000]  base_lr: 5.5035e-05 lr: 5.5035e-06  eta: 1:05:14  time: 0.1891  data_time: 0.0095  memory: 1529  grad_norm: 5.7011  loss: 0.8213  decode.loss_ce: 0.5332  decode.acc_seg: 56.8547  aux.loss_ce: 0.2882  aux.acc_seg: 50.2430
2026/06/10 18:11:44 - mmengine - INFO - Iter(train) [19500/40000]  base_lr: 5.4794e-05 lr: 5.4794e-06  eta: 1:04:55  time: 0.1891  data_time: 0.0094  memory: 1529  grad_norm: 5.3887  loss: 0.8682  decode.loss_ce: 0.5697  decode.acc_seg: 51.9280  aux.loss_ce: 0.2985  aux.acc_seg: 49.2404
2026/06/10 18:12:02 - mmengine - INFO - Iter(train) [19600/40000]  base_lr: 5.4554e-05 lr: 5.4554e-06  eta: 1:04:36  time: 0.1896  data_time: 0.0095  memory: 1530  grad_norm: 6.1361  loss: 0.8308  decode.loss_ce: 0.5239  decode.acc_seg: 59.3125  aux.loss_ce: 0.3070  aux.acc_seg: 49.0947
2026/06/10 18:12:21 - mmengine - INFO - Iter(train) [19700/40000]  base_lr: 5.4313e-05 lr: 5.4313e-06  eta: 1:04:17  time: 0.1896  data_time: 0.0096  memory: 1530  grad_norm: 7.2798  loss: 1.0401  decode.loss_ce: 0.6762  decode.acc_seg: 55.9897  aux.loss_ce: 0.3639  aux.acc_seg: 36.4044
2026/06/10 18:12:40 - mmengine - INFO - Iter(train) [19800/40000]  base_lr: 5.4072e-05 lr: 5.4072e-06  eta: 1:03:58  time: 0.1893  data_time: 0.0095  memory: 1531  grad_norm: 5.1578  loss: 0.8102  decode.loss_ce: 0.5259  decode.acc_seg: 67.5962  aux.loss_ce: 0.2843  aux.acc_seg: 66.1125
2026/06/10 18:12:59 - mmengine - INFO - Iter(train) [19900/40000]  base_lr: 5.3831e-05 lr: 5.3831e-06  eta: 1:03:39  time: 0.1894  data_time: 0.0095  memory: 1530  grad_norm: 5.2509  loss: 0.8265  decode.loss_ce: 0.5336  decode.acc_seg: 73.6064  aux.loss_ce: 0.2929  aux.acc_seg: 69.1976
2026/06/10 18:13:18 - mmengine - INFO - Exp name: dinov3b_fcn_pastis_raster_20260610_170813
2026/06/10 18:13:18 - mmengine - INFO - Iter(train) [20000/40000]  base_lr: 5.3590e-05 lr: 5.3590e-06  eta: 1:03:20  time: 0.1901  data_time: 0.0098  memory: 1530  grad_norm: 5.6670  loss: 0.8278  decode.loss_ce: 0.5342  decode.acc_seg: 72.5465  aux.loss_ce: 0.2935  aux.acc_seg: 53.9097
2026/06/10 18:13:18 - mmengine - INFO - Saving checkpoint at 20000 iterations
2026/06/10 18:13:24 - mmengine - INFO - Iter(val) [100/241]    eta: 0:00:04  time: 0.0337  data_time: 0.0036  memory: 546  
2026/06/10 18:13:27 - mmengine - INFO - Iter(val) [200/241]    eta: 0:00:01  time: 0.0345  data_time: 0.0039  memory: 546  
2026/06/10 18:13:29 - mmengine - INFO - per class results:
2026/06/10 18:13:29 - mmengine - INFO - 
+---------+-------+-------+
|  Class  |  IoU  |  Acc  |
+---------+-------+-------+
|  crop_1 | 67.71 | 86.22 |
|  crop_2 | 34.03 | 55.99 |
|  crop_3 | 29.41 | 46.75 |
|  crop_4 |  4.67 |  6.36 |
|  crop_5 | 17.59 | 27.25 |
|  crop_6 |  3.36 |  4.75 |
|  crop_7 |  8.3  | 11.03 |
|  crop_8 | 36.83 | 53.48 |
|  crop_9 | 20.69 | 27.57 |
| crop_10 |  6.96 | 10.28 |
| crop_11 | 19.02 | 31.82 |
| crop_12 | 13.36 | 26.91 |
| crop_13 |  2.37 |  2.43 |
| crop_14 | 10.31 | 17.78 |
| crop_15 |  4.21 |  5.63 |
| crop_16 | 31.39 | 48.56 |
| crop_17 |  1.35 |  1.93 |
| crop_18 |  2.68 |  3.04 |
+---------+-------+-------+
2026/06/10 18:13:29 - mmengine - INFO - Iter(val) [241/241]    aAcc: 55.2300  mIoU: 17.4600  mAcc: 25.9900  data_time: 0.0039  time: 0.0341
2026/06/10 18:13:48 - mmengine - INFO - Iter(train) [20100/40000]  base_lr: 5.3349e-05 lr: 5.3349e-06  eta: 1:03:01  time: 0.1894  data_time: 0.0096  memory: 1530  grad_norm: 6.0005  loss: 0.7229  decode.loss_ce: 0.4691  decode.acc_seg: 76.0098  aux.loss_ce: 0.2539  aux.acc_seg: 68.3675
2026/06/10 18:14:07 - mmengine - INFO - Iter(train) [20200/40000]  base_lr: 5.3107e-05 lr: 5.3107e-06  eta: 1:02:41  time: 0.1891  data_time: 0.0094  memory: 1530  grad_norm: 7.3735  loss: 0.8501  decode.loss_ce: 0.5484  decode.acc_seg: 78.2180  aux.loss_ce: 0.3017  aux.acc_seg: 71.0153
2026/06/10 18:14:26 - mmengine - INFO - Iter(train) [20300/40000]  base_lr: 5.2866e-05 lr: 5.2866e-06  eta: 1:02:22  time: 0.1896  data_time: 0.0096  memory: 1530  grad_norm: 5.0246  loss: 0.8594  decode.loss_ce: 0.5507  decode.acc_seg: 76.5158  aux.loss_ce: 0.3087  aux.acc_seg: 63.5027
2026/06/10 18:14:44 - mmengine - INFO - Iter(train) [20400/40000]  base_lr: 5.2624e-05 lr: 5.2624e-06  eta: 1:02:03  time: 0.1892  data_time: 0.0095  memory: 1532  grad_norm: 5.4736  loss: 0.7449  decode.loss_ce: 0.4804  decode.acc_seg: 78.1025  aux.loss_ce: 0.2644  aux.acc_seg: 72.8586
2026/06/10 18:15:03 - mmengine - INFO - Iter(train) [20500/40000]  base_lr: 5.2383e-05 lr: 5.2383e-06  eta: 1:01:44  time: 0.1892  data_time: 0.0095  memory: 1530  grad_norm: 6.2540  loss: 0.8065  decode.loss_ce: 0.5190  decode.acc_seg: 71.8991  aux.loss_ce: 0.2875  aux.acc_seg: 68.2603
2026/06/10 18:15:22 - mmengine - INFO - Iter(train) [20600/40000]  base_lr: 5.2141e-05 lr: 5.2141e-06  eta: 1:01:25  time: 0.1897  data_time: 0.0096  memory: 1529  grad_norm: 6.3044  loss: 0.9658  decode.loss_ce: 0.6186  decode.acc_seg: 58.3979  aux.loss_ce: 0.3472  aux.acc_seg: 44.1206
2026/06/10 18:15:41 - mmengine - INFO - Iter(train) [20700/40000]  base_lr: 5.1899e-05 lr: 5.1899e-06  eta: 1:01:06  time: 0.1892  data_time: 0.0095  memory: 1530  grad_norm: 5.5261  loss: 0.8044  decode.loss_ce: 0.5257  decode.acc_seg: 76.3348  aux.loss_ce: 0.2786  aux.acc_seg: 66.8671
2026/06/10 18:16:00 - mmengine - INFO - Iter(train) [20800/40000]  base_lr: 5.1657e-05 lr: 5.1657e-06  eta: 1:00:47  time: 0.1890  data_time: 0.0094  memory: 1530  grad_norm: 7.4125  loss: 0.9172  decode.loss_ce: 0.5815  decode.acc_seg: 75.3746  aux.loss_ce: 0.3357  aux.acc_seg: 63.1984
2026/06/10 18:16:19 - mmengine - INFO - Iter(train) [20900/40000]  base_lr: 5.1415e-05 lr: 5.1415e-06  eta: 1:00:28  time: 0.1902  data_time: 0.0098  memory: 1530  grad_norm: 5.9372  loss: 0.8173  decode.loss_ce: 0.5104  decode.acc_seg: 71.0021  aux.loss_ce: 0.3069  aux.acc_seg: 40.5453
2026/06/10 18:16:38 - mmengine - INFO - Exp name: dinov3b_fcn_pastis_raster_20260610_170813
2026/06/10 18:16:38 - mmengine - INFO - Iter(train) [21000/40000]  base_lr: 5.1172e-05 lr: 5.1172e-06  eta: 1:00:09  time: 0.1894  data_time: 0.0095  memory: 1530  grad_norm: 5.3625  loss: 0.9208  decode.loss_ce: 0.5920  decode.acc_seg: 55.7019  aux.loss_ce: 0.3288  aux.acc_seg: 44.6639
2026/06/10 18:16:57 - mmengine - INFO - Iter(train) [21100/40000]  base_lr: 5.0930e-05 lr: 5.0930e-06  eta: 0:59:50  time: 0.1899  data_time: 0.0096  memory: 1530  grad_norm: 6.9518  loss: 0.9228  decode.loss_ce: 0.6096  decode.acc_seg: 77.2249  aux.loss_ce: 0.3132  aux.acc_seg: 55.3732
2026/06/10 18:17:16 - mmengine - INFO - Iter(train) [21200/40000]  base_lr: 5.0687e-05 lr: 5.0687e-06  eta: 0:59:31  time: 0.1889  data_time: 0.0093  memory: 1530  grad_norm: 5.5849  loss: 0.8792  decode.loss_ce: 0.5621  decode.acc_seg: 67.4187  aux.loss_ce: 0.3171  aux.acc_seg: 57.6232
2026/06/10 18:17:35 - mmengine - INFO - Iter(train) [21300/40000]  base_lr: 5.0444e-05 lr: 5.0444e-06  eta: 0:59:12  time: 0.1892  data_time: 0.0095  memory: 1530  grad_norm: 5.4167  loss: 0.8331  decode.loss_ce: 0.5366  decode.acc_seg: 63.9514  aux.loss_ce: 0.2965  aux.acc_seg: 52.6483
2026/06/10 18:17:54 - mmengine - INFO - Iter(train) [21400/40000]  base_lr: 5.0202e-05 lr: 5.0202e-06  eta: 0:58:53  time: 0.1888  data_time: 0.0094  memory: 1530  grad_norm: 5.8689  loss: 0.8233  decode.loss_ce: 0.5216  decode.acc_seg: 76.4232  aux.loss_ce: 0.3018  aux.acc_seg: 68.6434
2026/06/10 18:18:13 - mmengine - INFO - Iter(train) [21500/40000]  base_lr: 4.9959e-05 lr: 4.9959e-06  eta: 0:58:34  time: 0.1884  data_time: 0.0092  memory: 1531  grad_norm: 5.8057  loss: 0.7856  decode.loss_ce: 0.5040  decode.acc_seg: 64.8799  aux.loss_ce: 0.2816  aux.acc_seg: 50.2917
2026/06/10 18:18:32 - mmengine - INFO - Iter(train) [21600/40000]  base_lr: 4.9716e-05 lr: 4.9716e-06  eta: 0:58:15  time: 0.1886  data_time: 0.0093  memory: 1531  grad_norm: 7.5785  loss: 0.8911  decode.loss_ce: 0.5693  decode.acc_seg: 58.9823  aux.loss_ce: 0.3217  aux.acc_seg: 43.0112
2026/06/10 18:18:51 - mmengine - INFO - Iter(train) [21700/40000]  base_lr: 4.9472e-05 lr: 4.9472e-06  eta: 0:57:56  time: 0.1890  data_time: 0.0094  memory: 1530  grad_norm: 7.0114  loss: 0.8184  decode.loss_ce: 0.5250  decode.acc_seg: 67.3734  aux.loss_ce: 0.2934  aux.acc_seg: 53.7314
2026/06/10 18:19:10 - mmengine - INFO - Iter(train) [21800/40000]  base_lr: 4.9229e-05 lr: 4.9229e-06  eta: 0:57:37  time: 0.1909  data_time: 0.0100  memory: 1531  grad_norm: 7.5368  loss: 0.7530  decode.loss_ce: 0.4763  decode.acc_seg: 78.5346  aux.loss_ce: 0.2767  aux.acc_seg: 77.8292
2026/06/10 18:19:29 - mmengine - INFO - Iter(train) [21900/40000]  base_lr: 4.8985e-05 lr: 4.8985e-06  eta: 0:57:18  time: 0.1900  data_time: 0.0098  memory: 1529  grad_norm: 5.7888  loss: 0.8020  decode.loss_ce: 0.5046  decode.acc_seg: 69.6091  aux.loss_ce: 0.2974  aux.acc_seg: 50.5946
2026/06/10 18:19:48 - mmengine - INFO - Exp name: dinov3b_fcn_pastis_raster_20260610_170813
2026/06/10 18:19:48 - mmengine - INFO - Iter(train) [22000/40000]  base_lr: 4.8742e-05 lr: 4.8742e-06  eta: 0:56:59  time: 0.1900  data_time: 0.0098  memory: 1530  grad_norm: 8.4967  loss: 0.7477  decode.loss_ce: 0.4698  decode.acc_seg: 66.5335  aux.loss_ce: 0.2780  aux.acc_seg: 52.7032
2026/06/10 18:19:48 - mmengine - INFO - Saving checkpoint at 22000 iterations
2026/06/10 18:19:53 - mmengine - INFO - Iter(val) [100/241]    eta: 0:00:04  time: 0.0337  data_time: 0.0035  memory: 546  
2026/06/10 18:19:57 - mmengine - INFO - Iter(val) [200/241]    eta: 0:00:01  time: 0.0348  data_time: 0.0037  memory: 546  
2026/06/10 18:19:58 - mmengine - INFO - per class results:
2026/06/10 18:19:58 - mmengine - INFO - 
+---------+-------+-------+
|  Class  |  IoU  |  Acc  |
+---------+-------+-------+
|  crop_1 | 67.52 | 85.59 |
|  crop_2 | 30.97 | 49.89 |
|  crop_3 | 29.34 | 50.54 |
|  crop_4 |  5.21 |  6.94 |
|  crop_5 | 13.19 | 17.86 |
|  crop_6 |  2.82 |  3.51 |
|  crop_7 |  6.63 |  9.45 |
|  crop_8 | 38.79 |  54.6 |
|  crop_9 | 22.99 | 34.04 |
| crop_10 |  5.15 |  6.99 |
| crop_11 | 21.29 | 42.16 |
| crop_12 | 12.92 | 26.69 |
| crop_13 |  8.74 |  10.4 |
| crop_14 | 10.24 | 14.52 |
| crop_15 |  6.7  | 11.23 |
| crop_16 | 29.65 | 40.72 |
| crop_17 |  0.46 |  0.55 |
| crop_18 |  4.07 |  5.56 |
+---------+-------+-------+
2026/06/10 18:19:58 - mmengine - INFO - Iter(val) [241/241]    aAcc: 54.6500  mIoU: 17.5900  mAcc: 26.1800  data_time: 0.0038  time: 0.0343
2026/06/10 18:20:17 - mmengine - INFO - Iter(train) [22100/40000]  base_lr: 4.8498e-05 lr: 4.8498e-06  eta: 0:56:40  time: 0.1895  data_time: 0.0095  memory: 1529  grad_norm: 4.7115  loss: 0.8046  decode.loss_ce: 0.5211  decode.acc_seg: 57.2750  aux.loss_ce: 0.2835  aux.acc_seg: 43.1241
2026/06/10 18:20:36 - mmengine - INFO - Iter(train) [22200/40000]  base_lr: 4.8254e-05 lr: 4.8254e-06  eta: 0:56:21  time: 0.1892  data_time: 0.0093  memory: 1530  grad_norm: 5.9794  loss: 0.8648  decode.loss_ce: 0.5515  decode.acc_seg: 70.6379  aux.loss_ce: 0.3134  aux.acc_seg: 54.5828
2026/06/10 18:20:55 - mmengine - INFO - Iter(train) [22300/40000]  base_lr: 4.8010e-05 lr: 4.8010e-06  eta: 0:56:02  time: 0.1893  data_time: 0.0094  memory: 1530  grad_norm: 5.5035  loss: 0.7818  decode.loss_ce: 0.4926  decode.acc_seg: 66.3323  aux.loss_ce: 0.2892  aux.acc_seg: 62.2373
2026/06/10 18:21:14 - mmengine - INFO - Iter(train) [22400/40000]  base_lr: 4.7766e-05 lr: 4.7766e-06  eta: 0:55:43  time: 0.1897  data_time: 0.0095  memory: 1530  grad_norm: 5.5944  loss: 0.8497  decode.loss_ce: 0.5448  decode.acc_seg: 58.1799  aux.loss_ce: 0.3048  aux.acc_seg: 34.9459
2026/06/10 18:21:33 - mmengine - INFO - Iter(train) [22500/40000]  base_lr: 4.7521e-05 lr: 4.7521e-06  eta: 0:55:24  time: 0.1884  data_time: 0.0091  memory: 1530  grad_norm: 6.3224  loss: 0.8549  decode.loss_ce: 0.5558  decode.acc_seg: 74.1121  aux.loss_ce: 0.2991  aux.acc_seg: 70.0951
2026/06/10 18:21:52 - mmengine - INFO - Iter(train) [22600/40000]  base_lr: 4.7277e-05 lr: 4.7277e-06  eta: 0:55:04  time: 0.1887  data_time: 0.0091  memory: 1529  grad_norm: 7.2542  loss: 0.8344  decode.loss_ce: 0.5338  decode.acc_seg: 59.0604  aux.loss_ce: 0.3006  aux.acc_seg: 38.9596
2026/06/10 18:22:10 - mmengine - INFO - Iter(train) [22700/40000]  base_lr: 4.7032e-05 lr: 4.7032e-06  eta: 0:54:45  time: 0.1883  data_time: 0.0090  memory: 1531  grad_norm: 6.2100  loss: 0.8361  decode.loss_ce: 0.5350  decode.acc_seg: 49.2560  aux.loss_ce: 0.3011  aux.acc_seg: 38.8552
2026/06/10 18:22:29 - mmengine - INFO - Iter(train) [22800/40000]  base_lr: 4.6788e-05 lr: 4.6788e-06  eta: 0:54:26  time: 0.1896  data_time: 0.0093  memory: 1529  grad_norm: 6.2055  loss: 0.7024  decode.loss_ce: 0.4446  decode.acc_seg: 71.9475  aux.loss_ce: 0.2578  aux.acc_seg: 52.4620
2026/06/10 18:22:48 - mmengine - INFO - Iter(train) [22900/40000]  base_lr: 4.6543e-05 lr: 4.6543e-06  eta: 0:54:07  time: 0.1887  data_time: 0.0091  memory: 1529  grad_norm: 5.6417  loss: 0.8093  decode.loss_ce: 0.5134  decode.acc_seg: 74.2798  aux.loss_ce: 0.2959  aux.acc_seg: 65.6940
2026/06/10 18:23:07 - mmengine - INFO - Exp name: dinov3b_fcn_pastis_raster_20260610_170813
2026/06/10 18:23:07 - mmengine - INFO - Iter(train) [23000/40000]  base_lr: 4.6298e-05 lr: 4.6298e-06  eta: 0:53:48  time: 0.1889  data_time: 0.0092  memory: 1530  grad_norm: 5.5744  loss: 0.7320  decode.loss_ce: 0.4594  decode.acc_seg: 61.8479  aux.loss_ce: 0.2726  aux.acc_seg: 54.6671
2026/06/10 18:23:26 - mmengine - INFO - Iter(train) [23100/40000]  base_lr: 4.6053e-05 lr: 4.6053e-06  eta: 0:53:29  time: 0.1886  data_time: 0.0091  memory: 1529  grad_norm: 5.7119  loss: 0.6767  decode.loss_ce: 0.4169  decode.acc_seg: 62.7963  aux.loss_ce: 0.2598  aux.acc_seg: 52.6894
2026/06/10 18:23:45 - mmengine - INFO - Iter(train) [23200/40000]  base_lr: 4.5807e-05 lr: 4.5807e-06  eta: 0:53:10  time: 0.1885  data_time: 0.0090  memory: 1529  grad_norm: 5.7563  loss: 0.7941  decode.loss_ce: 0.4980  decode.acc_seg: 75.6944  aux.loss_ce: 0.2961  aux.acc_seg: 66.7004
2026/06/10 18:24:04 - mmengine - INFO - Iter(train) [23300/40000]  base_lr: 4.5562e-05 lr: 4.5562e-06  eta: 0:52:51  time: 0.1885  data_time: 0.0090  memory: 1530  grad_norm: 7.9203  loss: 0.8672  decode.loss_ce: 0.5550  decode.acc_seg: 75.0469  aux.loss_ce: 0.3122  aux.acc_seg: 72.3976
2026/06/10 18:24:23 - mmengine - INFO - Iter(train) [23400/40000]  base_lr: 4.5316e-05 lr: 4.5316e-06  eta: 0:52:32  time: 0.1890  data_time: 0.0093  memory: 1531  grad_norm: 5.4003  loss: 0.8012  decode.loss_ce: 0.5041  decode.acc_seg: 57.1570  aux.loss_ce: 0.2971  aux.acc_seg: 48.8184
2026/06/10 18:24:42 - mmengine - INFO - Iter(train) [23500/40000]  base_lr: 4.5070e-05 lr: 4.5070e-06  eta: 0:52:13  time: 0.1887  data_time: 0.0091  memory: 1530  grad_norm: 7.8221  loss: 0.8529  decode.loss_ce: 0.5533  decode.acc_seg: 62.1382  aux.loss_ce: 0.2996  aux.acc_seg: 48.5390
2026/06/10 18:25:00 - mmengine - INFO - Iter(train) [23600/40000]  base_lr: 4.4824e-05 lr: 4.4824e-06  eta: 0:51:54  time: 0.1888  data_time: 0.0092  memory: 1530  grad_norm: 6.7356  loss: 0.9248  decode.loss_ce: 0.5857  decode.acc_seg: 68.0807  aux.loss_ce: 0.3390  aux.acc_seg: 48.3157
2026/06/10 18:25:19 - mmengine - INFO - Iter(train) [23700/40000]  base_lr: 4.4578e-05 lr: 4.4578e-06  eta: 0:51:35  time: 0.1891  data_time: 0.0093  memory: 1530  grad_norm: 4.6111  loss: 0.6382  decode.loss_ce: 0.3939  decode.acc_seg: 67.7225  aux.loss_ce: 0.2443  aux.acc_seg: 50.5773
2026/06/10 18:25:38 - mmengine - INFO - Iter(train) [23800/40000]  base_lr: 4.4332e-05 lr: 4.4332e-06  eta: 0:51:16  time: 0.1887  data_time: 0.0091  memory: 1530  grad_norm: 5.6774  loss: 0.8652  decode.loss_ce: 0.5409  decode.acc_seg: 64.8696  aux.loss_ce: 0.3243  aux.acc_seg: 47.0456
2026/06/10 18:25:57 - mmengine - INFO - Iter(train) [23900/40000]  base_lr: 4.4086e-05 lr: 4.4086e-06  eta: 0:50:57  time: 0.1893  data_time: 0.0092  memory: 1530  grad_norm: 6.4486  loss: 0.8712  decode.loss_ce: 0.5640  decode.acc_seg: 73.3925  aux.loss_ce: 0.3072  aux.acc_seg: 59.5838
2026/06/10 18:26:16 - mmengine - INFO - Exp name: dinov3b_fcn_pastis_raster_20260610_170813
2026/06/10 18:26:16 - mmengine - INFO - Iter(train) [24000/40000]  base_lr: 4.3839e-05 lr: 4.3839e-06  eta: 0:50:38  time: 0.1886  data_time: 0.0091  memory: 1529  grad_norm: 5.0618  loss: 0.7166  decode.loss_ce: 0.4537  decode.acc_seg: 69.8323  aux.loss_ce: 0.2629  aux.acc_seg: 62.9287
2026/06/10 18:26:16 - mmengine - INFO - Saving checkpoint at 24000 iterations
2026/06/10 18:26:21 - mmengine - INFO - Iter(val) [100/241]    eta: 0:00:04  time: 0.0332  data_time: 0.0033  memory: 546  
2026/06/10 18:26:24 - mmengine - INFO - Iter(val) [200/241]    eta: 0:00:01  time: 0.0336  data_time: 0.0035  memory: 546  
2026/06/10 18:26:26 - mmengine - INFO - per class results:
2026/06/10 18:26:26 - mmengine - INFO - 
+---------+-------+-------+
|  Class  |  IoU  |  Acc  |
+---------+-------+-------+
|  crop_1 | 67.04 | 86.62 |
|  crop_2 | 33.09 |  56.2 |
|  crop_3 | 27.34 |  42.9 |
|  crop_4 |  4.43 |  5.79 |
|  crop_5 | 16.04 |  24.2 |
|  crop_6 |  3.01 |  4.37 |
|  crop_7 |  6.54 | 10.35 |
|  crop_8 | 39.09 | 59.26 |
|  crop_9 | 20.94 | 28.88 |
| crop_10 |  4.96 |  6.7  |
| crop_11 | 19.83 | 37.76 |
| crop_12 | 13.24 | 24.47 |
| crop_13 |  8.64 | 10.98 |
| crop_14 |  8.73 | 12.43 |
| crop_15 |  4.44 |  6.7  |
| crop_16 | 30.05 | 39.79 |
| crop_17 |  0.95 |  1.12 |
| crop_18 |  4.68 |  6.28 |
+---------+-------+-------+
2026/06/10 18:26:26 - mmengine - INFO - Iter(val) [241/241]    aAcc: 54.6400  mIoU: 17.3900  mAcc: 25.8200  data_time: 0.0035  time: 0.0334
2026/06/10 18:26:45 - mmengine - INFO - Iter(train) [24100/40000]  base_lr: 4.3593e-05 lr: 4.3593e-06  eta: 0:50:19  time: 0.1889  data_time: 0.0094  memory: 1530  grad_norm: 7.0949  loss: 0.9074  decode.loss_ce: 0.5723  decode.acc_seg: 70.4521  aux.loss_ce: 0.3352  aux.acc_seg: 48.9883
2026/06/10 18:27:04 - mmengine - INFO - Iter(train) [24200/40000]  base_lr: 4.3346e-05 lr: 4.3346e-06  eta: 0:50:00  time: 0.1890  data_time: 0.0093  memory: 1530  grad_norm: 4.7590  loss: 0.7572  decode.loss_ce: 0.4852  decode.acc_seg: 65.5305  aux.loss_ce: 0.2720  aux.acc_seg: 61.8097
2026/06/10 18:27:23 - mmengine - INFO - Iter(train) [24300/40000]  base_lr: 4.3099e-05 lr: 4.3099e-06  eta: 0:49:40  time: 0.1893  data_time: 0.0093  memory: 1529  grad_norm: 7.7459  loss: 0.8690  decode.loss_ce: 0.5575  decode.acc_seg: 70.8686  aux.loss_ce: 0.3116  aux.acc_seg: 74.0135
2026/06/10 18:27:42 - mmengine - INFO - Iter(train) [24400/40000]  base_lr: 4.2852e-05 lr: 4.2852e-06  eta: 0:49:21  time: 0.1890  data_time: 0.0093  memory: 1530  grad_norm: 6.6317  loss: 0.7097  decode.loss_ce: 0.4310  decode.acc_seg: 76.1669  aux.loss_ce: 0.2787  aux.acc_seg: 55.2237
2026/06/10 18:28:00 - mmengine - INFO - Iter(train) [24500/40000]  base_lr: 4.2604e-05 lr: 4.2604e-06  eta: 0:49:02  time: 0.1892  data_time: 0.0093  memory: 1530  grad_norm: 6.1308  loss: 0.8284  decode.loss_ce: 0.5187  decode.acc_seg: 67.5183  aux.loss_ce: 0.3097  aux.acc_seg: 51.5418
2026/06/10 18:28:19 - mmengine - INFO - Iter(train) [24600/40000]  base_lr: 4.2357e-05 lr: 4.2357e-06  eta: 0:48:43  time: 0.1894  data_time: 0.0095  memory: 1530  grad_norm: 4.6586  loss: 0.7651  decode.loss_ce: 0.4725  decode.acc_seg: 65.5339  aux.loss_ce: 0.2927  aux.acc_seg: 49.4443
2026/06/10 18:28:38 - mmengine - INFO - Iter(train) [24700/40000]  base_lr: 4.2109e-05 lr: 4.2109e-06  eta: 0:48:24  time: 0.1892  data_time: 0.0093  memory: 1530  grad_norm: 5.1151  loss: 0.7834  decode.loss_ce: 0.4951  decode.acc_seg: 78.7605  aux.loss_ce: 0.2883  aux.acc_seg: 64.9309
2026/06/10 18:28:57 - mmengine - INFO - Iter(train) [24800/40000]  base_lr: 4.1862e-05 lr: 4.1862e-06  eta: 0:48:05  time: 0.1894  data_time: 0.0094  memory: 1529  grad_norm: 5.0331  loss: 0.7166  decode.loss_ce: 0.4500  decode.acc_seg: 70.5664  aux.loss_ce: 0.2666  aux.acc_seg: 58.6958
2026/06/10 18:29:16 - mmengine - INFO - Iter(train) [24900/40000]  base_lr: 4.1614e-05 lr: 4.1614e-06  eta: 0:47:46  time: 0.1894  data_time: 0.0093  memory: 1529  grad_norm: 4.7772  loss: 0.6574  decode.loss_ce: 0.4074  decode.acc_seg: 67.4944  aux.loss_ce: 0.2500  aux.acc_seg: 45.0069
2026/06/10 18:29:35 - mmengine - INFO - Exp name: dinov3b_fcn_pastis_raster_20260610_170813
2026/06/10 18:29:35 - mmengine - INFO - Iter(train) [25000/40000]  base_lr: 4.1365e-05 lr: 4.1365e-06  eta: 0:47:27  time: 0.1890  data_time: 0.0093  memory: 1530  grad_norm: 5.5778  loss: 0.7890  decode.loss_ce: 0.4967  decode.acc_seg: 68.3432  aux.loss_ce: 0.2923  aux.acc_seg: 48.8849
2026/06/10 18:29:54 - mmengine - INFO - Iter(train) [25100/40000]  base_lr: 4.1117e-05 lr: 4.1117e-06  eta: 0:47:08  time: 0.1888  data_time: 0.0093  memory: 1529  grad_norm: 5.6119  loss: 0.7717  decode.loss_ce: 0.4809  decode.acc_seg: 66.5260  aux.loss_ce: 0.2908  aux.acc_seg: 44.8619
2026/06/10 18:30:13 - mmengine - INFO - Iter(train) [25200/40000]  base_lr: 4.0869e-05 lr: 4.0869e-06  eta: 0:46:49  time: 0.1891  data_time: 0.0092  memory: 1530  grad_norm: 5.4661  loss: 0.8168  decode.loss_ce: 0.5189  decode.acc_seg: 62.3398  aux.loss_ce: 0.2979  aux.acc_seg: 46.2352
2026/06/10 18:30:32 - mmengine - INFO - Iter(train) [25300/40000]  base_lr: 4.0620e-05 lr: 4.0620e-06  eta: 0:46:30  time: 0.1890  data_time: 0.0093  memory: 1529  grad_norm: 7.4494  loss: 1.0040  decode.loss_ce: 0.6459  decode.acc_seg: 43.5393  aux.loss_ce: 0.3581  aux.acc_seg: 26.4599
2026/06/10 18:30:51 - mmengine - INFO - Iter(train) [25400/40000]  base_lr: 4.0371e-05 lr: 4.0371e-06  eta: 0:46:11  time: 0.1891  data_time: 0.0094  memory: 1531  grad_norm: 6.3140  loss: 0.9424  decode.loss_ce: 0.5981  decode.acc_seg: 65.7711  aux.loss_ce: 0.3443  aux.acc_seg: 53.2521
2026/06/10 18:31:10 - mmengine - INFO - Iter(train) [25500/40000]  base_lr: 4.0122e-05 lr: 4.0122e-06  eta: 0:45:52  time: 0.1890  data_time: 0.0093  memory: 1530  grad_norm: 5.4622  loss: 0.6245  decode.loss_ce: 0.3804  decode.acc_seg: 62.7052  aux.loss_ce: 0.2440  aux.acc_seg: 46.6343
2026/06/10 18:31:29 - mmengine - INFO - Iter(train) [25600/40000]  base_lr: 3.9873e-05 lr: 3.9873e-06  eta: 0:45:33  time: 0.1898  data_time: 0.0097  memory: 1529  grad_norm: 5.1121  loss: 0.6698  decode.loss_ce: 0.4149  decode.acc_seg: 61.9919  aux.loss_ce: 0.2549  aux.acc_seg: 53.2507
2026/06/10 18:31:48 - mmengine - INFO - Iter(train) [25700/40000]  base_lr: 3.9624e-05 lr: 3.9624e-06  eta: 0:45:14  time: 0.1891  data_time: 0.0095  memory: 1530  grad_norm: 6.4426  loss: 0.8675  decode.loss_ce: 0.5446  decode.acc_seg: 79.5598  aux.loss_ce: 0.3230  aux.acc_seg: 61.1616
2026/06/10 18:32:07 - mmengine - INFO - Iter(train) [25800/40000]  base_lr: 3.9375e-05 lr: 3.9375e-06  eta: 0:44:55  time: 0.1898  data_time: 0.0097  memory: 1530  grad_norm: 7.2616  loss: 0.8250  decode.loss_ce: 0.5205  decode.acc_seg: 64.3258  aux.loss_ce: 0.3045  aux.acc_seg: 47.0330
2026/06/10 18:32:26 - mmengine - INFO - Iter(train) [25900/40000]  base_lr: 3.9125e-05 lr: 3.9125e-06  eta: 0:44:36  time: 0.1895  data_time: 0.0096  memory: 1530  grad_norm: 6.7654  loss: 0.7339  decode.loss_ce: 0.4513  decode.acc_seg: 79.9147  aux.loss_ce: 0.2826  aux.acc_seg: 64.2762
2026/06/10 18:32:45 - mmengine - INFO - Exp name: dinov3b_fcn_pastis_raster_20260610_170813
2026/06/10 18:32:45 - mmengine - INFO - Iter(train) [26000/40000]  base_lr: 3.8875e-05 lr: 3.8875e-06  eta: 0:44:17  time: 0.1890  data_time: 0.0093  memory: 1529  grad_norm: 7.0074  loss: 0.7206  decode.loss_ce: 0.4482  decode.acc_seg: 68.1687  aux.loss_ce: 0.2724  aux.acc_seg: 55.0792
2026/06/10 18:32:45 - mmengine - INFO - Saving checkpoint at 26000 iterations
2026/06/10 18:32:50 - mmengine - INFO - Iter(val) [100/241]    eta: 0:00:04  time: 0.0331  data_time: 0.0034  memory: 546  
2026/06/10 18:32:53 - mmengine - INFO - Iter(val) [200/241]    eta: 0:00:01  time: 0.0329  data_time: 0.0032  memory: 546  
2026/06/10 18:32:55 - mmengine - INFO - per class results:
2026/06/10 18:32:55 - mmengine - INFO - 
+---------+-------+-------+
|  Class  |  IoU  |  Acc  |
+---------+-------+-------+
|  crop_1 | 66.98 | 84.92 |
|  crop_2 | 32.37 | 51.08 |
|  crop_3 | 28.99 | 47.92 |
|  crop_4 |  5.91 |  8.61 |
|  crop_5 | 14.57 | 22.14 |
|  crop_6 |  3.15 |  4.57 |
|  crop_7 |  6.55 | 10.38 |
|  crop_8 | 38.04 |  58.4 |
|  crop_9 |  18.5 | 22.62 |
| crop_10 |  6.2  |  8.52 |
| crop_11 | 18.91 | 34.13 |
| crop_12 | 12.74 | 26.13 |
| crop_13 |  4.6  |  6.03 |
| crop_14 |  9.67 | 15.46 |
| crop_15 |  4.58 |  6.45 |
| crop_16 |  30.9 | 47.48 |
| crop_17 |  1.33 |  1.62 |
| crop_18 |  4.26 |  5.85 |
+---------+-------+-------+
2026/06/10 18:32:55 - mmengine - INFO - Iter(val) [241/241]    aAcc: 54.2700  mIoU: 17.1300  mAcc: 25.6800  data_time: 0.0035  time: 0.0332
2026/06/10 18:33:13 - mmengine - INFO - Iter(train) [26100/40000]  base_lr: 3.8625e-05 lr: 3.8625e-06  eta: 0:43:58  time: 0.1889  data_time: 0.0095  memory: 1529  grad_norm: 6.0438  loss: 0.8003  decode.loss_ce: 0.4965  decode.acc_seg: 73.6884  aux.loss_ce: 0.3039  aux.acc_seg: 69.9755
2026/06/10 18:33:32 - mmengine - INFO - Iter(train) [26200/40000]  base_lr: 3.8375e-05 lr: 3.8375e-06  eta: 0:43:39  time: 0.1891  data_time: 0.0095  memory: 1530  grad_norm: 5.9327  loss: 0.6653  decode.loss_ce: 0.4013  decode.acc_seg: 59.5434  aux.loss_ce: 0.2640  aux.acc_seg: 45.4453
2026/06/10 18:33:51 - mmengine - INFO - Iter(train) [26300/40000]  base_lr: 3.8125e-05 lr: 3.8125e-06  eta: 0:43:20  time: 0.1892  data_time: 0.0095  memory: 1531  grad_norm: 4.7892  loss: 0.7651  decode.loss_ce: 0.4825  decode.acc_seg: 60.2280  aux.loss_ce: 0.2825  aux.acc_seg: 57.7553
2026/06/10 18:34:10 - mmengine - INFO - Iter(train) [26400/40000]  base_lr: 3.7874e-05 lr: 3.7874e-06  eta: 0:43:01  time: 0.1902  data_time: 0.0099  memory: 1530  grad_norm: 5.9770  loss: 0.7618  decode.loss_ce: 0.4754  decode.acc_seg: 67.0872  aux.loss_ce: 0.2865  aux.acc_seg: 47.7667
2026/06/10 18:34:29 - mmengine - INFO - Iter(train) [26500/40000]  base_lr: 3.7623e-05 lr: 3.7623e-06  eta: 0:42:42  time: 0.1893  data_time: 0.0096  memory: 1530  grad_norm: 5.4348  loss: 0.7489  decode.loss_ce: 0.4516  decode.acc_seg: 64.4624  aux.loss_ce: 0.2973  aux.acc_seg: 37.9363
2026/06/10 18:34:48 - mmengine - INFO - Iter(train) [26600/40000]  base_lr: 3.7372e-05 lr: 3.7372e-06  eta: 0:42:23  time: 0.1895  data_time: 0.0096  memory: 1531  grad_norm: 5.4119  loss: 0.7410  decode.loss_ce: 0.4484  decode.acc_seg: 74.6883  aux.loss_ce: 0.2926  aux.acc_seg: 57.6580
2026/06/10 18:35:07 - mmengine - INFO - Iter(train) [26700/40000]  base_lr: 3.7121e-05 lr: 3.7121e-06  eta: 0:42:04  time: 0.1892  data_time: 0.0093  memory: 1530  grad_norm: 4.9255  loss: 0.6975  decode.loss_ce: 0.4357  decode.acc_seg: 68.4945  aux.loss_ce: 0.2617  aux.acc_seg: 61.5793
2026/06/10 18:35:26 - mmengine - INFO - Iter(train) [26800/40000]  base_lr: 3.6870e-05 lr: 3.6870e-06  eta: 0:41:45  time: 0.1892  data_time: 0.0094  memory: 1530  grad_norm: 6.5973  loss: 0.7854  decode.loss_ce: 0.4963  decode.acc_seg: 72.2031  aux.loss_ce: 0.2890  aux.acc_seg: 64.1715
2026/06/10 18:35:45 - mmengine - INFO - Iter(train) [26900/40000]  base_lr: 3.6618e-05 lr: 3.6618e-06  eta: 0:41:26  time: 0.1899  data_time: 0.0096  memory: 1530  grad_norm: 5.8233  loss: 0.8213  decode.loss_ce: 0.5073  decode.acc_seg: 52.1975  aux.loss_ce: 0.3140  aux.acc_seg: 36.1376
2026/06/10 18:36:04 - mmengine - INFO - Exp name: dinov3b_fcn_pastis_raster_20260610_170813
2026/06/10 18:36:04 - mmengine - INFO - Iter(train) [27000/40000]  base_lr: 3.6367e-05 lr: 3.6367e-06  eta: 0:41:07  time: 0.1894  data_time: 0.0095  memory: 1530  grad_norm: 5.9257  loss: 0.7391  decode.loss_ce: 0.4542  decode.acc_seg: 68.0949  aux.loss_ce: 0.2849  aux.acc_seg: 54.2815
2026/06/10 18:36:23 - mmengine - INFO - Iter(train) [27100/40000]  base_lr: 3.6115e-05 lr: 3.6115e-06  eta: 0:40:48  time: 0.1892  data_time: 0.0094  memory: 1531  grad_norm: 5.6474  loss: 0.6854  decode.loss_ce: 0.4348  decode.acc_seg: 73.1859  aux.loss_ce: 0.2506  aux.acc_seg: 58.0099
2026/06/10 18:36:42 - mmengine - INFO - Iter(train) [27200/40000]  base_lr: 3.5863e-05 lr: 3.5863e-06  eta: 0:40:29  time: 0.1892  data_time: 0.0094  memory: 1530  grad_norm: 4.4991  loss: 0.6341  decode.loss_ce: 0.3823  decode.acc_seg: 74.1516  aux.loss_ce: 0.2517  aux.acc_seg: 59.0142
2026/06/10 18:37:01 - mmengine - INFO - Iter(train) [27300/40000]  base_lr: 3.5611e-05 lr: 3.5611e-06  eta: 0:40:10  time: 0.1896  data_time: 0.0095  memory: 1529  grad_norm: 7.2493  loss: 0.8385  decode.loss_ce: 0.5234  decode.acc_seg: 77.1985  aux.loss_ce: 0.3152  aux.acc_seg: 56.6238
2026/06/10 18:37:20 - mmengine - INFO - Iter(train) [27400/40000]  base_lr: 3.5358e-05 lr: 3.5358e-06  eta: 0:39:51  time: 0.1898  data_time: 0.0099  memory: 1530  grad_norm: 6.4918  loss: 0.6414  decode.loss_ce: 0.3845  decode.acc_seg: 72.4987  aux.loss_ce: 0.2569  aux.acc_seg: 52.7875
2026/06/10 18:37:39 - mmengine - INFO - Iter(train) [27500/40000]  base_lr: 3.5105e-05 lr: 3.5105e-06  eta: 0:39:32  time: 0.1898  data_time: 0.0095  memory: 1529  grad_norm: 6.8881  loss: 0.8187  decode.loss_ce: 0.5113  decode.acc_seg: 79.7301  aux.loss_ce: 0.3074  aux.acc_seg: 73.5261
2026/06/10 18:37:58 - mmengine - INFO - Iter(train) [27600/40000]  base_lr: 3.4853e-05 lr: 3.4853e-06  eta: 0:39:13  time: 0.1889  data_time: 0.0091  memory: 1530  grad_norm: 7.9679  loss: 0.8119  decode.loss_ce: 0.5048  decode.acc_seg: 82.4282  aux.loss_ce: 0.3071  aux.acc_seg: 70.1723
2026/06/10 18:38:17 - mmengine - INFO - Iter(train) [27700/40000]  base_lr: 3.4600e-05 lr: 3.4600e-06  eta: 0:38:54  time: 0.1889  data_time: 0.0092  memory: 1530  grad_norm: 6.1111  loss: 0.8192  decode.loss_ce: 0.5091  decode.acc_seg: 74.6263  aux.loss_ce: 0.3101  aux.acc_seg: 63.8678
2026/06/10 18:38:36 - mmengine - INFO - Iter(train) [27800/40000]  base_lr: 3.4346e-05 lr: 3.4346e-06  eta: 0:38:35  time: 0.1894  data_time: 0.0094  memory: 1532  grad_norm: 4.5310  loss: 0.6873  decode.loss_ce: 0.4270  decode.acc_seg: 71.7460  aux.loss_ce: 0.2602  aux.acc_seg: 52.1407
2026/06/10 18:38:55 - mmengine - INFO - Iter(train) [27900/40000]  base_lr: 3.4093e-05 lr: 3.4093e-06  eta: 0:38:16  time: 0.1890  data_time: 0.0093  memory: 1530  grad_norm: 5.4650  loss: 0.6834  decode.loss_ce: 0.4275  decode.acc_seg: 74.3358  aux.loss_ce: 0.2559  aux.acc_seg: 60.3725
2026/06/10 18:39:14 - mmengine - INFO - Exp name: dinov3b_fcn_pastis_raster_20260610_170813
2026/06/10 18:39:14 - mmengine - INFO - Iter(train) [28000/40000]  base_lr: 3.3839e-05 lr: 3.3839e-06  eta: 0:37:57  time: 0.1890  data_time: 0.0093  memory: 1530  grad_norm: 6.0566  loss: 0.6559  decode.loss_ce: 0.3946  decode.acc_seg: 87.7982  aux.loss_ce: 0.2613  aux.acc_seg: 64.2160
2026/06/10 18:39:14 - mmengine - INFO - Saving checkpoint at 28000 iterations
2026/06/10 18:39:19 - mmengine - INFO - Iter(val) [100/241]    eta: 0:00:04  time: 0.0339  data_time: 0.0035  memory: 546  
2026/06/10 18:39:22 - mmengine - INFO - Iter(val) [200/241]    eta: 0:00:01  time: 0.0336  data_time: 0.0034  memory: 546  
2026/06/10 18:39:24 - mmengine - INFO - per class results:
2026/06/10 18:39:24 - mmengine - INFO - 
+---------+-------+-------+
|  Class  |  IoU  |  Acc  |
+---------+-------+-------+
|  crop_1 |  66.9 | 86.42 |
|  crop_2 |  31.7 | 49.45 |
|  crop_3 | 29.31 |  48.5 |
|  crop_4 |  7.09 | 10.17 |
|  crop_5 | 15.45 | 22.89 |
|  crop_6 |  3.78 |  5.83 |
|  crop_7 |  6.53 |  9.53 |
|  crop_8 | 38.51 | 57.61 |
|  crop_9 | 20.55 | 25.48 |
| crop_10 |  4.9  |  6.44 |
| crop_11 | 20.54 |  37.0 |
| crop_12 | 12.16 | 23.13 |
| crop_13 |  4.08 |  4.99 |
| crop_14 | 11.15 | 17.29 |
| crop_15 |  5.87 |  8.82 |
| crop_16 | 28.92 | 41.62 |
| crop_17 |  1.12 |  1.35 |
| crop_18 |  3.59 |  4.65 |
+---------+-------+-------+
2026/06/10 18:39:24 - mmengine - INFO - Iter(val) [241/241]    aAcc: 54.7400  mIoU: 17.3400  mAcc: 25.6200  data_time: 0.0036  time: 0.0341
2026/06/10 18:39:43 - mmengine - INFO - Iter(train) [28100/40000]  base_lr: 3.3585e-05 lr: 3.3585e-06  eta: 0:37:38  time: 0.1895  data_time: 0.0095  memory: 1531  grad_norm: 4.9865  loss: 0.5325  decode.loss_ce: 0.3274  decode.acc_seg: 69.5954  aux.loss_ce: 0.2051  aux.acc_seg: 60.0163
2026/06/10 18:40:02 - mmengine - INFO - Iter(train) [28200/40000]  base_lr: 3.3331e-05 lr: 3.3331e-06  eta: 0:37:19  time: 0.1895  data_time: 0.0094  memory: 1530  grad_norm: 6.7011  loss: 0.8940  decode.loss_ce: 0.5603  decode.acc_seg: 73.0197  aux.loss_ce: 0.3337  aux.acc_seg: 60.5203
2026/06/10 18:40:21 - mmengine - INFO - Iter(train) [28300/40000]  base_lr: 3.3077e-05 lr: 3.3077e-06  eta: 0:37:00  time: 0.1894  data_time: 0.0094  memory: 1529  grad_norm: 5.7902  loss: 0.7259  decode.loss_ce: 0.4534  decode.acc_seg: 68.2459  aux.loss_ce: 0.2725  aux.acc_seg: 57.2839
2026/06/10 18:40:40 - mmengine - INFO - Iter(train) [28400/40000]  base_lr: 3.2822e-05 lr: 3.2822e-06  eta: 0:36:41  time: 0.1898  data_time: 0.0096  memory: 1531  grad_norm: 6.0664  loss: 0.6079  decode.loss_ce: 0.3742  decode.acc_seg: 68.5149  aux.loss_ce: 0.2337  aux.acc_seg: 65.2100
2026/06/10 18:40:59 - mmengine - INFO - Iter(train) [28500/40000]  base_lr: 3.2567e-05 lr: 3.2567e-06  eta: 0:36:22  time: 0.1893  data_time: 0.0094  memory: 1530  grad_norm: 6.7769  loss: 0.7098  decode.loss_ce: 0.4332  decode.acc_seg: 73.7431  aux.loss_ce: 0.2766  aux.acc_seg: 56.9301
2026/06/10 18:41:17 - mmengine - INFO - Iter(train) [28600/40000]  base_lr: 3.2312e-05 lr: 3.2312e-06  eta: 0:36:03  time: 0.1893  data_time: 0.0094  memory: 1530  grad_norm: 6.4915  loss: 0.8675  decode.loss_ce: 0.5508  decode.acc_seg: 59.3420  aux.loss_ce: 0.3168  aux.acc_seg: 44.0587
2026/06/10 18:41:36 - mmengine - INFO - Iter(train) [28700/40000]  base_lr: 3.2057e-05 lr: 3.2057e-06  eta: 0:35:44  time: 0.1891  data_time: 0.0093  memory: 1529  grad_norm: 5.3687  loss: 0.7208  decode.loss_ce: 0.4617  decode.acc_seg: 58.7997  aux.loss_ce: 0.2591  aux.acc_seg: 54.3783
2026/06/10 18:41:55 - mmengine - INFO - Iter(train) [28800/40000]  base_lr: 3.1802e-05 lr: 3.1802e-06  eta: 0:35:25  time: 0.1892  data_time: 0.0093  memory: 1531  grad_norm: 6.5706  loss: 0.6758  decode.loss_ce: 0.4027  decode.acc_seg: 62.1734  aux.loss_ce: 0.2731  aux.acc_seg: 50.6758
2026/06/10 18:42:14 - mmengine - INFO - Iter(train) [28900/40000]  base_lr: 3.1546e-05 lr: 3.1546e-06  eta: 0:35:06  time: 0.1893  data_time: 0.0094  memory: 1530  grad_norm: 5.6341  loss: 0.6014  decode.loss_ce: 0.3495  decode.acc_seg: 70.6846  aux.loss_ce: 0.2519  aux.acc_seg: 55.9782
2026/06/10 18:42:34 - mmengine - INFO - Exp name: dinov3b_fcn_pastis_raster_20260610_170813
2026/06/10 18:42:34 - mmengine - INFO - Iter(train) [29000/40000]  base_lr: 3.1290e-05 lr: 3.1290e-06  eta: 0:34:47  time: 0.1890  data_time: 0.0092  memory: 1531  grad_norm: 5.2485  loss: 0.6960  decode.loss_ce: 0.4271  decode.acc_seg: 77.8711  aux.loss_ce: 0.2689  aux.acc_seg: 63.5519
2026/06/10 18:42:52 - mmengine - INFO - Iter(train) [29100/40000]  base_lr: 3.1034e-05 lr: 3.1034e-06  eta: 0:34:28  time: 0.1891  data_time: 0.0093  memory: 1530  grad_norm: 7.9379  loss: 0.8223  decode.loss_ce: 0.5185  decode.acc_seg: 39.5544  aux.loss_ce: 0.3039  aux.acc_seg: 30.4029
2026/06/10 18:43:11 - mmengine - INFO - Iter(train) [29200/40000]  base_lr: 3.0778e-05 lr: 3.0778e-06  eta: 0:34:09  time: 0.1888  data_time: 0.0092  memory: 1529  grad_norm: 5.1157  loss: 0.5936  decode.loss_ce: 0.3553  decode.acc_seg: 78.1496  aux.loss_ce: 0.2383  aux.acc_seg: 56.2285
2026/06/10 18:43:30 - mmengine - INFO - Iter(train) [29300/40000]  base_lr: 3.0521e-05 lr: 3.0521e-06  eta: 0:33:50  time: 0.1895  data_time: 0.0094  memory: 1530  grad_norm: 5.6812  loss: 0.7563  decode.loss_ce: 0.4602  decode.acc_seg: 50.9102  aux.loss_ce: 0.2962  aux.acc_seg: 36.4915
2026/06/10 18:43:49 - mmengine - INFO - Iter(train) [29400/40000]  base_lr: 3.0264e-05 lr: 3.0264e-06  eta: 0:33:31  time: 0.1887  data_time: 0.0091  memory: 1530  grad_norm: 5.5877  loss: 0.7320  decode.loss_ce: 0.4553  decode.acc_seg: 68.2216  aux.loss_ce: 0.2768  aux.acc_seg: 54.8045
2026/06/10 18:44:08 - mmengine - INFO - Iter(train) [29500/40000]  base_lr: 3.0007e-05 lr: 3.0007e-06  eta: 0:33:13  time: 0.1879  data_time: 0.0088  memory: 1530  grad_norm: 4.6973  loss: 0.7245  decode.loss_ce: 0.4505  decode.acc_seg: 73.4535  aux.loss_ce: 0.2740  aux.acc_seg: 46.4029
2026/06/10 18:44:27 - mmengine - INFO - Iter(train) [29600/40000]  base_lr: 2.9750e-05 lr: 2.9750e-06  eta: 0:32:53  time: 0.1880  data_time: 0.0089  memory: 1529  grad_norm: 6.8410  loss: 0.6754  decode.loss_ce: 0.4169  decode.acc_seg: 72.4476  aux.loss_ce: 0.2584  aux.acc_seg: 59.4268
2026/06/10 18:44:46 - mmengine - INFO - Iter(train) [29700/40000]  base_lr: 2.9492e-05 lr: 2.9492e-06  eta: 0:32:34  time: 0.1933  data_time: 0.0099  memory: 1529  grad_norm: 5.0505  loss: 0.6823  decode.loss_ce: 0.4137  decode.acc_seg: 62.2391  aux.loss_ce: 0.2687  aux.acc_seg: 52.9700
2026/06/10 18:45:05 - mmengine - INFO - Iter(train) [29800/40000]  base_lr: 2.9235e-05 lr: 2.9235e-06  eta: 0:32:16  time: 0.1904  data_time: 0.0097  memory: 1530  grad_norm: 5.1423  loss: 0.6143  decode.loss_ce: 0.3645  decode.acc_seg: 75.6215  aux.loss_ce: 0.2497  aux.acc_seg: 56.2084
2026/06/10 18:45:24 - mmengine - INFO - Iter(train) [29900/40000]  base_lr: 2.8976e-05 lr: 2.8976e-06  eta: 0:31:57  time: 0.1895  data_time: 0.0094  memory: 1529  grad_norm: 5.1831  loss: 0.6409  decode.loss_ce: 0.3736  decode.acc_seg: 75.5688  aux.loss_ce: 0.2673  aux.acc_seg: 64.1573
2026/06/10 18:45:43 - mmengine - INFO - Exp name: dinov3b_fcn_pastis_raster_20260610_170813
2026/06/10 18:45:43 - mmengine - INFO - Iter(train) [30000/40000]  base_lr: 2.8718e-05 lr: 2.8718e-06  eta: 0:31:38  time: 0.1895  data_time: 0.0093  memory: 1529  grad_norm: 5.9661  loss: 0.7348  decode.loss_ce: 0.4349  decode.acc_seg: 72.0588  aux.loss_ce: 0.2998  aux.acc_seg: 55.0477
2026/06/10 18:45:43 - mmengine - INFO - Saving checkpoint at 30000 iterations
2026/06/10 18:45:49 - mmengine - INFO - Iter(val) [100/241]    eta: 0:00:04  time: 0.0333  data_time: 0.0033  memory: 546  
2026/06/10 18:45:52 - mmengine - INFO - Iter(val) [200/241]    eta: 0:00:01  time: 0.0332  data_time: 0.0032  memory: 546  
2026/06/10 18:45:54 - mmengine - INFO - per class results:
2026/06/10 18:45:54 - mmengine - INFO - 
+---------+-------+-------+
|  Class  |  IoU  |  Acc  |
+---------+-------+-------+
|  crop_1 | 65.26 | 82.63 |
|  crop_2 |  31.2 | 47.96 |
|  crop_3 | 28.82 |  50.1 |
|  crop_4 |  5.85 |  8.57 |
|  crop_5 |  16.3 | 26.74 |
|  crop_6 |  3.34 |  4.72 |
|  crop_7 |  5.79 |  7.81 |
|  crop_8 |  34.9 | 53.44 |
|  crop_9 | 19.64 | 24.28 |
| crop_10 |  5.88 |  8.25 |
| crop_11 | 17.63 | 33.43 |
| crop_12 | 12.34 | 23.15 |
| crop_13 |  7.61 |  10.4 |
| crop_14 |  9.39 | 15.05 |
| crop_15 |  3.92 |  5.9  |
| crop_16 | 28.02 | 47.24 |
| crop_17 |  0.82 |  0.97 |
| crop_18 |  3.8  |  4.92 |
+---------+-------+-------+
2026/06/10 18:45:54 - mmengine - INFO - Iter(val) [241/241]    aAcc: 53.1700  mIoU: 16.6900  mAcc: 25.3100  data_time: 0.0036  time: 0.0338
2026/06/10 18:46:13 - mmengine - INFO - Iter(train) [30100/40000]  base_lr: 2.8460e-05 lr: 2.8460e-06  eta: 0:31:19  time: 0.1895  data_time: 0.0096  memory: 1530  grad_norm: 6.1938  loss: 0.7447  decode.loss_ce: 0.4669  decode.acc_seg: 54.8465  aux.loss_ce: 0.2779  aux.acc_seg: 40.3153
2026/06/10 18:46:32 - mmengine - INFO - Iter(train) [30200/40000]  base_lr: 2.8201e-05 lr: 2.8201e-06  eta: 0:31:00  time: 0.1893  data_time: 0.0095  memory: 1530  grad_norm: 5.9685  loss: 0.7074  decode.loss_ce: 0.4240  decode.acc_seg: 68.9781  aux.loss_ce: 0.2835  aux.acc_seg: 58.3169
2026/06/10 18:46:51 - mmengine - INFO - Iter(train) [30300/40000]  base_lr: 2.7942e-05 lr: 2.7942e-06  eta: 0:30:41  time: 0.1895  data_time: 0.0095  memory: 1530  grad_norm: 6.1865  loss: 0.6689  decode.loss_ce: 0.3917  decode.acc_seg: 72.0808  aux.loss_ce: 0.2772  aux.acc_seg: 52.1801
2026/06/10 18:47:10 - mmengine - INFO - Iter(train) [30400/40000]  base_lr: 2.7682e-05 lr: 2.7682e-06  eta: 0:30:22  time: 0.1897  data_time: 0.0096  memory: 1531  grad_norm: 6.1836  loss: 0.6600  decode.loss_ce: 0.4012  decode.acc_seg: 81.0132  aux.loss_ce: 0.2588  aux.acc_seg: 68.7142
2026/06/10 18:47:29 - mmengine - INFO - Iter(train) [30500/40000]  base_lr: 2.7422e-05 lr: 2.7422e-06  eta: 0:30:03  time: 0.1908  data_time: 0.0097  memory: 1531  grad_norm: 5.2220  loss: 0.6344  decode.loss_ce: 0.3708  decode.acc_seg: 70.2297  aux.loss_ce: 0.2636  aux.acc_seg: 54.7251
2026/06/10 18:47:48 - mmengine - INFO - Iter(train) [30600/40000]  base_lr: 2.7163e-05 lr: 2.7163e-06  eta: 0:29:44  time: 0.1892  data_time: 0.0094  memory: 1530  grad_norm: 6.9511  loss: 0.6418  decode.loss_ce: 0.3945  decode.acc_seg: 50.7254  aux.loss_ce: 0.2473  aux.acc_seg: 36.3922
2026/06/10 18:48:07 - mmengine - INFO - Iter(train) [30700/40000]  base_lr: 2.6902e-05 lr: 2.6902e-06  eta: 0:29:25  time: 0.1896  data_time: 0.0095  memory: 1530  grad_norm: 7.6504  loss: 0.7139  decode.loss_ce: 0.4308  decode.acc_seg: 53.3971  aux.loss_ce: 0.2830  aux.acc_seg: 37.9987
2026/06/10 18:48:26 - mmengine - INFO - Iter(train) [30800/40000]  base_lr: 2.6642e-05 lr: 2.6642e-06  eta: 0:29:06  time: 0.1893  data_time: 0.0094  memory: 1529  grad_norm: 5.0551  loss: 0.6168  decode.loss_ce: 0.3596  decode.acc_seg: 65.6164  aux.loss_ce: 0.2571  aux.acc_seg: 51.3953
2026/06/10 18:48:45 - mmengine - INFO - Iter(train) [30900/40000]  base_lr: 2.6381e-05 lr: 2.6381e-06  eta: 0:28:47  time: 0.1891  data_time: 0.0094  memory: 1530  grad_norm: 6.2163  loss: 0.6141  decode.loss_ce: 0.3533  decode.acc_seg: 50.3926  aux.loss_ce: 0.2608  aux.acc_seg: 43.0205
2026/06/10 18:49:04 - mmengine - INFO - Exp name: dinov3b_fcn_pastis_raster_20260610_170813
2026/06/10 18:49:04 - mmengine - INFO - Iter(train) [31000/40000]  base_lr: 2.6120e-05 lr: 2.6120e-06  eta: 0:28:28  time: 0.1900  data_time: 0.0096  memory: 1529  grad_norm: 4.4243  loss: 0.6580  decode.loss_ce: 0.3936  decode.acc_seg: 68.3954  aux.loss_ce: 0.2644  aux.acc_seg: 53.3807
2026/06/10 18:49:23 - mmengine - INFO - Iter(train) [31100/40000]  base_lr: 2.5859e-05 lr: 2.5859e-06  eta: 0:28:09  time: 0.1905  data_time: 0.0097  memory: 1530  grad_norm: 6.3599  loss: 0.7601  decode.loss_ce: 0.4704  decode.acc_seg: 71.9858  aux.loss_ce: 0.2897  aux.acc_seg: 56.3411
2026/06/10 18:49:42 - mmengine - INFO - Iter(train) [31200/40000]  base_lr: 2.5597e-05 lr: 2.5597e-06  eta: 0:27:50  time: 0.1901  data_time: 0.0097  memory: 1529  grad_norm: 5.0661  loss: 0.5699  decode.loss_ce: 0.3526  decode.acc_seg: 74.7847  aux.loss_ce: 0.2173  aux.acc_seg: 58.9260
2026/06/10 18:50:01 - mmengine - INFO - Iter(train) [31300/40000]  base_lr: 2.5335e-05 lr: 2.5335e-06  eta: 0:27:31  time: 0.1903  data_time: 0.0096  memory: 1530  grad_norm: 4.8772  loss: 0.7135  decode.loss_ce: 0.4164  decode.acc_seg: 85.4741  aux.loss_ce: 0.2971  aux.acc_seg: 77.9301
2026/06/10 18:50:20 - mmengine - INFO - Iter(train) [31400/40000]  base_lr: 2.5073e-05 lr: 2.5073e-06  eta: 0:27:12  time: 0.1902  data_time: 0.0097  memory: 1529  grad_norm: 5.5604  loss: 0.6634  decode.loss_ce: 0.3981  decode.acc_seg: 69.7240  aux.loss_ce: 0.2652  aux.acc_seg: 50.9786
2026/06/10 18:50:39 - mmengine - INFO - Iter(train) [31500/40000]  base_lr: 2.4810e-05 lr: 2.4810e-06  eta: 0:26:53  time: 0.1900  data_time: 0.0096  memory: 1530  grad_norm: 5.9679  loss: 0.8068  decode.loss_ce: 0.4946  decode.acc_seg: 72.7358  aux.loss_ce: 0.3122  aux.acc_seg: 54.6059
2026/06/10 18:50:58 - mmengine - INFO - Iter(train) [31600/40000]  base_lr: 2.4547e-05 lr: 2.4547e-06  eta: 0:26:34  time: 0.1902  data_time: 0.0097  memory: 1529  grad_norm: 5.9139  loss: 0.7222  decode.loss_ce: 0.4422  decode.acc_seg: 81.8462  aux.loss_ce: 0.2800  aux.acc_seg: 71.8871
2026/06/10 18:51:17 - mmengine - INFO - Iter(train) [31700/40000]  base_lr: 2.4284e-05 lr: 2.4284e-06  eta: 0:26:15  time: 0.1905  data_time: 0.0097  memory: 1531  grad_norm: 6.3380  loss: 0.7329  decode.loss_ce: 0.4400  decode.acc_seg: 77.2716  aux.loss_ce: 0.2928  aux.acc_seg: 67.8808
2026/06/10 18:51:36 - mmengine - INFO - Iter(train) [31800/40000]  base_lr: 2.4021e-05 lr: 2.4021e-06  eta: 0:25:56  time: 0.1900  data_time: 0.0096  memory: 1531  grad_norm: 6.0447  loss: 0.6958  decode.loss_ce: 0.4186  decode.acc_seg: 77.8448  aux.loss_ce: 0.2772  aux.acc_seg: 58.2282
2026/06/10 18:51:55 - mmengine - INFO - Iter(train) [31900/40000]  base_lr: 2.3757e-05 lr: 2.3757e-06  eta: 0:25:37  time: 0.1902  data_time: 0.0096  memory: 1529  grad_norm: 5.8944  loss: 0.7700  decode.loss_ce: 0.4738  decode.acc_seg: 63.9560  aux.loss_ce: 0.2962  aux.acc_seg: 41.7544
2026/06/10 18:52:14 - mmengine - INFO - Exp name: dinov3b_fcn_pastis_raster_20260610_170813
2026/06/10 18:52:14 - mmengine - INFO - Iter(train) [32000/40000]  base_lr: 2.3493e-05 lr: 2.3493e-06  eta: 0:25:18  time: 0.1900  data_time: 0.0097  memory: 1529  grad_norm: 5.6619  loss: 0.6972  decode.loss_ce: 0.4214  decode.acc_seg: 65.1183  aux.loss_ce: 0.2758  aux.acc_seg: 50.2850
2026/06/10 18:52:14 - mmengine - INFO - Saving checkpoint at 32000 iterations
2026/06/10 18:52:20 - mmengine - INFO - Iter(val) [100/241]    eta: 0:00:04  time: 0.0334  data_time: 0.0035  memory: 546  
2026/06/10 18:52:23 - mmengine - INFO - Iter(val) [200/241]    eta: 0:00:01  time: 0.0337  data_time: 0.0036  memory: 546  
2026/06/10 18:52:25 - mmengine - INFO - per class results:
2026/06/10 18:52:25 - mmengine - INFO - 
+---------+-------+-------+
|  Class  |  IoU  |  Acc  |
+---------+-------+-------+
|  crop_1 | 65.85 | 87.26 |
|  crop_2 | 30.71 | 46.32 |
|  crop_3 | 28.94 | 48.09 |
|  crop_4 |  4.22 |  5.53 |
|  crop_5 | 15.65 | 26.06 |
|  crop_6 |  2.72 |  3.69 |
|  crop_7 |  6.34 |  9.4  |
|  crop_8 | 37.31 | 55.67 |
|  crop_9 |  17.0 |  21.0 |
| crop_10 |  5.12 |  6.51 |
| crop_11 | 19.05 | 33.61 |
| crop_12 | 11.74 | 21.69 |
| crop_13 |  7.36 |  9.13 |
| crop_14 | 10.18 |  16.4 |
| crop_15 |  5.37 |  8.44 |
| crop_16 | 27.79 | 39.91 |
| crop_17 |  0.9  |  1.06 |
| crop_18 |  3.5  |  4.78 |
+---------+-------+-------+
2026/06/10 18:52:25 - mmengine - INFO - Iter(val) [241/241]    aAcc: 54.1100  mIoU: 16.6500  mAcc: 24.7000  data_time: 0.0037  time: 0.0338
2026/06/10 18:52:44 - mmengine - INFO - Iter(train) [32100/40000]  base_lr: 2.3228e-05 lr: 2.3228e-06  eta: 0:24:59  time: 0.1888  data_time: 0.0095  memory: 1530  grad_norm: 6.5870  loss: 0.6622  decode.loss_ce: 0.4072  decode.acc_seg: 76.9661  aux.loss_ce: 0.2550  aux.acc_seg: 70.0282
2026/06/10 18:53:03 - mmengine - INFO - Iter(train) [32200/40000]  base_lr: 2.2964e-05 lr: 2.2964e-06  eta: 0:24:40  time: 0.1891  data_time: 0.0096  memory: 1530  grad_norm: 6.1509  loss: 0.6466  decode.loss_ce: 0.3861  decode.acc_seg: 74.0795  aux.loss_ce: 0.2605  aux.acc_seg: 52.8196
2026/06/10 18:53:22 - mmengine - INFO - Iter(train) [32300/40000]  base_lr: 2.2699e-05 lr: 2.2699e-06  eta: 0:24:21  time: 0.1899  data_time: 0.0097  memory: 1529  grad_norm: 4.7741  loss: 0.6588  decode.loss_ce: 0.3847  decode.acc_seg: 77.3431  aux.loss_ce: 0.2741  aux.acc_seg: 53.5690
2026/06/10 18:53:40 - mmengine - INFO - Iter(train) [32400/40000]  base_lr: 2.2433e-05 lr: 2.2433e-06  eta: 0:24:02  time: 0.1887  data_time: 0.0094  memory: 1529  grad_norm: 5.3710  loss: 0.7297  decode.loss_ce: 0.4303  decode.acc_seg: 86.3872  aux.loss_ce: 0.2994  aux.acc_seg: 66.5539
2026/06/10 18:53:59 - mmengine - INFO - Iter(train) [32500/40000]  base_lr: 2.2167e-05 lr: 2.2167e-06  eta: 0:23:43  time: 0.1892  data_time: 0.0095  memory: 1529  grad_norm: 6.9341  loss: 0.8167  decode.loss_ce: 0.4952  decode.acc_seg: 55.7288  aux.loss_ce: 0.3215  aux.acc_seg: 35.2814
2026/06/10 18:54:18 - mmengine - INFO - Iter(train) [32600/40000]  base_lr: 2.1901e-05 lr: 2.1901e-06  eta: 0:23:24  time: 0.1898  data_time: 0.0097  memory: 1529  grad_norm: 5.7907  loss: 0.6380  decode.loss_ce: 0.3850  decode.acc_seg: 80.7935  aux.loss_ce: 0.2530  aux.acc_seg: 70.2556
2026/06/10 18:54:37 - mmengine - INFO - Iter(train) [32700/40000]  base_lr: 2.1634e-05 lr: 2.1634e-06  eta: 0:23:05  time: 0.1898  data_time: 0.0097  memory: 1530  grad_norm: 5.8274  loss: 0.8358  decode.loss_ce: 0.5190  decode.acc_seg: 74.9849  aux.loss_ce: 0.3168  aux.acc_seg: 61.8457
2026/06/10 18:54:56 - mmengine - INFO - Iter(train) [32800/40000]  base_lr: 2.1368e-05 lr: 2.1368e-06  eta: 0:22:46  time: 0.1888  data_time: 0.0094  memory: 1530  grad_norm: 5.9494  loss: 0.7089  decode.loss_ce: 0.4114  decode.acc_seg: 73.0101  aux.loss_ce: 0.2975  aux.acc_seg: 55.6637
2026/06/10 18:55:15 - mmengine - INFO - Iter(train) [32900/40000]  base_lr: 2.1100e-05 lr: 2.1100e-06  eta: 0:22:27  time: 0.1889  data_time: 0.0094  memory: 1529  grad_norm: 5.0799  loss: 0.7453  decode.loss_ce: 0.4538  decode.acc_seg: 76.6663  aux.loss_ce: 0.2916  aux.acc_seg: 67.7825
2026/06/10 18:55:34 - mmengine - INFO - Exp name: dinov3b_fcn_pastis_raster_20260610_170813
2026/06/10 18:55:34 - mmengine - INFO - Iter(train) [33000/40000]  base_lr: 2.0833e-05 lr: 2.0833e-06  eta: 0:22:08  time: 0.1890  data_time: 0.0094  memory: 1531  grad_norm: 6.5617  loss: 0.8356  decode.loss_ce: 0.5040  decode.acc_seg: 68.7972  aux.loss_ce: 0.3316  aux.acc_seg: 58.7147
2026/06/10 18:55:53 - mmengine - INFO - Iter(train) [33100/40000]  base_lr: 2.0565e-05 lr: 2.0565e-06  eta: 0:21:49  time: 0.1894  data_time: 0.0095  memory: 1531  grad_norm: 6.6033  loss: 0.7654  decode.loss_ce: 0.4637  decode.acc_seg: 68.6322  aux.loss_ce: 0.3017  aux.acc_seg: 51.3828
2026/06/10 18:56:12 - mmengine - INFO - Iter(train) [33200/40000]  base_lr: 2.0296e-05 lr: 2.0296e-06  eta: 0:21:30  time: 0.1899  data_time: 0.0097  memory: 1530  grad_norm: 5.7868  loss: 0.6981  decode.loss_ce: 0.4243  decode.acc_seg: 74.9790  aux.loss_ce: 0.2739  aux.acc_seg: 45.1590
2026/06/10 18:56:31 - mmengine - INFO - Iter(train) [33300/40000]  base_lr: 2.0027e-05 lr: 2.0027e-06  eta: 0:21:11  time: 0.1904  data_time: 0.0098  memory: 1530  grad_norm: 5.7476  loss: 0.6935  decode.loss_ce: 0.4021  decode.acc_seg: 88.7717  aux.loss_ce: 0.2914  aux.acc_seg: 78.6149
2026/06/10 18:56:50 - mmengine - INFO - Iter(train) [33400/40000]  base_lr: 1.9758e-05 lr: 1.9758e-06  eta: 0:20:52  time: 0.1898  data_time: 0.0097  memory: 1530  grad_norm: 4.5944  loss: 0.5904  decode.loss_ce: 0.3436  decode.acc_seg: 71.0756  aux.loss_ce: 0.2468  aux.acc_seg: 47.6416
2026/06/10 18:57:09 - mmengine - INFO - Iter(train) [33500/40000]  base_lr: 1.9488e-05 lr: 1.9488e-06  eta: 0:20:33  time: 0.1900  data_time: 0.0097  memory: 1530  grad_norm: 5.4791  loss: 0.6307  decode.loss_ce: 0.3675  decode.acc_seg: 73.3942  aux.loss_ce: 0.2632  aux.acc_seg: 55.7192
2026/06/10 18:57:28 - mmengine - INFO - Iter(train) [33600/40000]  base_lr: 1.9218e-05 lr: 1.9218e-06  eta: 0:20:14  time: 0.1903  data_time: 0.0096  memory: 1529  grad_norm: 6.5674  loss: 0.8346  decode.loss_ce: 0.4914  decode.acc_seg: 59.5444  aux.loss_ce: 0.3433  aux.acc_seg: 40.6160
2026/06/10 18:57:47 - mmengine - INFO - Iter(train) [33700/40000]  base_lr: 1.8948e-05 lr: 1.8948e-06  eta: 0:19:55  time: 0.1900  data_time: 0.0096  memory: 1529  grad_norm: 5.0503  loss: 0.5712  decode.loss_ce: 0.3348  decode.acc_seg: 57.2816  aux.loss_ce: 0.2364  aux.acc_seg: 36.9708
2026/06/10 18:58:06 - mmengine - INFO - Iter(train) [33800/40000]  base_lr: 1.8677e-05 lr: 1.8677e-06  eta: 0:19:36  time: 0.1904  data_time: 0.0098  memory: 1530  grad_norm: 6.6640  loss: 0.7653  decode.loss_ce: 0.4633  decode.acc_seg: 64.1758  aux.loss_ce: 0.3020  aux.acc_seg: 47.1870
2026/06/10 18:58:25 - mmengine - INFO - Iter(train) [33900/40000]  base_lr: 1.8406e-05 lr: 1.8406e-06  eta: 0:19:17  time: 0.1903  data_time: 0.0097  memory: 1529  grad_norm: 5.6628  loss: 0.7375  decode.loss_ce: 0.4361  decode.acc_seg: 75.7468  aux.loss_ce: 0.3014  aux.acc_seg: 66.2361
2026/06/10 18:58:44 - mmengine - INFO - Exp name: dinov3b_fcn_pastis_raster_20260610_170813
2026/06/10 18:58:44 - mmengine - INFO - Iter(train) [34000/40000]  base_lr: 1.8134e-05 lr: 1.8134e-06  eta: 0:18:58  time: 0.1895  data_time: 0.0092  memory: 1531  grad_norm: 5.5405  loss: 0.6775  decode.loss_ce: 0.4115  decode.acc_seg: 73.0958  aux.loss_ce: 0.2660  aux.acc_seg: 66.7085
2026/06/10 18:58:45 - mmengine - INFO - Saving checkpoint at 34000 iterations
2026/06/10 18:58:50 - mmengine - INFO - Iter(val) [100/241]    eta: 0:00:04  time: 0.0345  data_time: 0.0038  memory: 546  
2026/06/10 18:58:53 - mmengine - INFO - Iter(val) [200/241]    eta: 0:00:01  time: 0.0346  data_time: 0.0038  memory: 546  
2026/06/10 18:58:55 - mmengine - INFO - per class results:
2026/06/10 18:58:55 - mmengine - INFO - 
+---------+-------+-------+
|  Class  |  IoU  |  Acc  |
+---------+-------+-------+
|  crop_1 | 66.34 | 83.89 |
|  crop_2 | 31.45 | 50.52 |
|  crop_3 | 28.07 |  45.1 |
|  crop_4 |  6.7  | 10.22 |
|  crop_5 | 16.28 | 26.57 |
|  crop_6 |  3.17 |  4.44 |
|  crop_7 |  5.15 |  7.28 |
|  crop_8 | 36.58 | 59.67 |
|  crop_9 | 17.53 | 21.23 |
| crop_10 |  4.78 |  6.25 |
| crop_11 | 16.88 | 32.45 |
| crop_12 | 11.41 | 24.34 |
| crop_13 |  7.17 |  9.09 |
| crop_14 | 10.03 | 17.63 |
| crop_15 |  5.14 |  8.06 |
| crop_16 | 28.31 | 38.95 |
| crop_17 |  0.84 |  1.04 |
| crop_18 |  2.7  |  3.91 |
+---------+-------+-------+
2026/06/10 18:58:55 - mmengine - INFO - Iter(val) [241/241]    aAcc: 53.3300  mIoU: 16.5800  mAcc: 25.0400  data_time: 0.0039  time: 0.0348
2026/06/10 18:59:14 - mmengine - INFO - Iter(train) [34100/40000]  base_lr: 1.7862e-05 lr: 1.7862e-06  eta: 0:18:39  time: 0.1884  data_time: 0.0090  memory: 1530  grad_norm: 5.7698  loss: 0.6208  decode.loss_ce: 0.3669  decode.acc_seg: 74.1698  aux.loss_ce: 0.2539  aux.acc_seg: 55.1971
2026/06/10 18:59:33 - mmengine - INFO - Iter(train) [34200/40000]  base_lr: 1.7589e-05 lr: 1.7589e-06  eta: 0:18:20  time: 0.1887  data_time: 0.0090  memory: 1529  grad_norm: 4.4833  loss: 0.4893  decode.loss_ce: 0.2784  decode.acc_seg: 74.6756  aux.loss_ce: 0.2109  aux.acc_seg: 54.2248
2026/06/10 18:59:51 - mmengine - INFO - Iter(train) [34300/40000]  base_lr: 1.7316e-05 lr: 1.7316e-06  eta: 0:18:01  time: 0.1892  data_time: 0.0093  memory: 1529  grad_norm: 4.7806  loss: 0.5629  decode.loss_ce: 0.3290  decode.acc_seg: 81.7507  aux.loss_ce: 0.2340  aux.acc_seg: 64.3475
2026/06/10 19:00:10 - mmengine - INFO - Iter(train) [34400/40000]  base_lr: 1.7042e-05 lr: 1.7042e-06  eta: 0:17:42  time: 0.1891  data_time: 0.0092  memory: 1530  grad_norm: 4.6897  loss: 0.6393  decode.loss_ce: 0.3752  decode.acc_seg: 74.7388  aux.loss_ce: 0.2640  aux.acc_seg: 56.2326
2026/06/10 19:00:29 - mmengine - INFO - Iter(train) [34500/40000]  base_lr: 1.6768e-05 lr: 1.6768e-06  eta: 0:17:23  time: 0.1888  data_time: 0.0092  memory: 1529  grad_norm: 4.6519  loss: 0.6612  decode.loss_ce: 0.3844  decode.acc_seg: 77.8135  aux.loss_ce: 0.2768  aux.acc_seg: 64.8261
2026/06/10 19:00:49 - mmengine - INFO - Iter(train) [34600/40000]  base_lr: 1.6493e-05 lr: 1.6493e-06  eta: 0:17:04  time: 0.1955  data_time: 0.0098  memory: 1529  grad_norm: 5.1963  loss: 0.6107  decode.loss_ce: 0.3552  decode.acc_seg: 78.8351  aux.loss_ce: 0.2554  aux.acc_seg: 64.3560
2026/06/10 19:01:08 - mmengine - INFO - Iter(train) [34700/40000]  base_lr: 1.6218e-05 lr: 1.6218e-06  eta: 0:16:46  time: 0.1882  data_time: 0.0090  memory: 1530  grad_norm: 6.5037  loss: 0.6484  decode.loss_ce: 0.3985  decode.acc_seg: 73.9102  aux.loss_ce: 0.2499  aux.acc_seg: 58.3163
2026/06/10 19:01:26 - mmengine - INFO - Iter(train) [34800/40000]  base_lr: 1.5943e-05 lr: 1.5943e-06  eta: 0:16:27  time: 0.1898  data_time: 0.0095  memory: 1530  grad_norm: 4.9298  loss: 0.6012  decode.loss_ce: 0.3606  decode.acc_seg: 58.6677  aux.loss_ce: 0.2406  aux.acc_seg: 45.4735
2026/06/10 19:01:46 - mmengine - INFO - Iter(train) [34900/40000]  base_lr: 1.5666e-05 lr: 1.5666e-06  eta: 0:16:08  time: 0.1903  data_time: 0.0097  memory: 1530  grad_norm: 5.0358  loss: 0.7024  decode.loss_ce: 0.4170  decode.acc_seg: 75.6115  aux.loss_ce: 0.2855  aux.acc_seg: 58.3386
2026/06/10 19:02:05 - mmengine - INFO - Exp name: dinov3b_fcn_pastis_raster_20260610_170813
2026/06/10 19:02:05 - mmengine - INFO - Iter(train) [35000/40000]  base_lr: 1.5390e-05 lr: 1.5390e-06  eta: 0:15:49  time: 0.1892  data_time: 0.0096  memory: 1529  grad_norm: 6.7104  loss: 0.7079  decode.loss_ce: 0.4236  decode.acc_seg: 72.3290  aux.loss_ce: 0.2842  aux.acc_seg: 61.5485
2026/06/10 19:02:24 - mmengine - INFO - Iter(train) [35100/40000]  base_lr: 1.5112e-05 lr: 1.5112e-06  eta: 0:15:30  time: 0.1891  data_time: 0.0092  memory: 1529  grad_norm: 5.5269  loss: 0.6107  decode.loss_ce: 0.3621  decode.acc_seg: 76.5790  aux.loss_ce: 0.2486  aux.acc_seg: 50.2767
2026/06/10 19:02:42 - mmengine - INFO - Iter(train) [35200/40000]  base_lr: 1.4834e-05 lr: 1.4834e-06  eta: 0:15:11  time: 0.1898  data_time: 0.0094  memory: 1529  grad_norm: 5.9263  loss: 0.6536  decode.loss_ce: 0.3786  decode.acc_seg: 76.0654  aux.loss_ce: 0.2750  aux.acc_seg: 52.1866
2026/06/10 19:03:01 - mmengine - INFO - Iter(train) [35300/40000]  base_lr: 1.4556e-05 lr: 1.4556e-06  eta: 0:14:52  time: 0.1896  data_time: 0.0093  memory: 1529  grad_norm: 6.0033  loss: 0.6940  decode.loss_ce: 0.4249  decode.acc_seg: 73.8819  aux.loss_ce: 0.2691  aux.acc_seg: 71.1897
2026/06/10 19:03:20 - mmengine - INFO - Iter(train) [35400/40000]  base_lr: 1.4277e-05 lr: 1.4277e-06  eta: 0:14:33  time: 0.1901  data_time: 0.0096  memory: 1529  grad_norm: 5.1385  loss: 0.5856  decode.loss_ce: 0.3497  decode.acc_seg: 83.2387  aux.loss_ce: 0.2359  aux.acc_seg: 72.5173
2026/06/10 19:03:43 - mmengine - INFO - Iter(train) [35500/40000]  base_lr: 1.3997e-05 lr: 1.3997e-06  eta: 0:14:14  time: 0.3769  data_time: 0.0095  memory: 1531  grad_norm: 5.5955  loss: 0.6275  decode.loss_ce: 0.3620  decode.acc_seg: 73.6967  aux.loss_ce: 0.2655  aux.acc_seg: 53.9222
2026/06/10 19:04:13 - mmengine - INFO - Iter(train) [35600/40000]  base_lr: 1.3717e-05 lr: 1.3717e-06  eta: 0:13:56  time: 0.1889  data_time: 0.0092  memory: 1530  grad_norm: 7.5317  loss: 0.7623  decode.loss_ce: 0.4576  decode.acc_seg: 80.5495  aux.loss_ce: 0.3047  aux.acc_seg: 63.2698
2026/06/10 19:04:32 - mmengine - INFO - Iter(train) [35700/40000]  base_lr: 1.3436e-05 lr: 1.3436e-06  eta: 0:13:37  time: 0.1883  data_time: 0.0091  memory: 1530  grad_norm: 4.9393  loss: 0.6884  decode.loss_ce: 0.4043  decode.acc_seg: 78.2847  aux.loss_ce: 0.2841  aux.acc_seg: 60.8312
2026/06/10 19:04:51 - mmengine - INFO - Iter(train) [35800/40000]  base_lr: 1.3155e-05 lr: 1.3155e-06  eta: 0:13:18  time: 0.1886  data_time: 0.0091  memory: 1529  grad_norm: 7.0017  loss: 0.6492  decode.loss_ce: 0.3812  decode.acc_seg: 70.4404  aux.loss_ce: 0.2680  aux.acc_seg: 60.1634
2026/06/10 19:05:10 - mmengine - INFO - Iter(train) [35900/40000]  base_lr: 1.2872e-05 lr: 1.2872e-06  eta: 0:12:59  time: 0.1890  data_time: 0.0093  memory: 1530  grad_norm: 4.0264  loss: 0.5142  decode.loss_ce: 0.2902  decode.acc_seg: 78.3910  aux.loss_ce: 0.2240  aux.acc_seg: 66.1285
2026/06/10 19:05:29 - mmengine - INFO - Exp name: dinov3b_fcn_pastis_raster_20260610_170813
2026/06/10 19:05:29 - mmengine - INFO - Iter(train) [36000/40000]  base_lr: 1.2590e-05 lr: 1.2590e-06  eta: 0:12:40  time: 0.1894  data_time: 0.0093  memory: 1530  grad_norm: 5.0859  loss: 0.6698  decode.loss_ce: 0.3825  decode.acc_seg: 67.5154  aux.loss_ce: 0.2873  aux.acc_seg: 50.9580
2026/06/10 19:05:29 - mmengine - INFO - Saving checkpoint at 36000 iterations
2026/06/10 19:05:35 - mmengine - INFO - Iter(val) [100/241]    eta: 0:00:04  time: 0.0347  data_time: 0.0037  memory: 546  
2026/06/10 19:05:38 - mmengine - INFO - Iter(val) [200/241]    eta: 0:00:01  time: 0.0347  data_time: 0.0037  memory: 546  
2026/06/10 19:05:40 - mmengine - INFO - per class results:
2026/06/10 19:05:40 - mmengine - INFO - 
+---------+-------+-------+
|  Class  |  IoU  |  Acc  |
+---------+-------+-------+
|  crop_1 |  66.5 | 85.15 |
|  crop_2 |  29.4 |  45.0 |
|  crop_3 | 29.51 | 50.72 |
|  crop_4 |  4.49 |  6.42 |
|  crop_5 | 14.01 |  20.9 |
|  crop_6 |  3.13 |  4.64 |
|  crop_7 |  6.23 |  8.81 |
|  crop_8 | 37.98 | 61.45 |
|  crop_9 | 20.17 | 25.03 |
| crop_10 |  4.44 |  5.74 |
| crop_11 | 17.93 | 37.68 |
| crop_12 | 12.11 | 21.91 |
| crop_13 |  6.56 |  8.65 |
| crop_14 |  8.86 | 13.25 |
| crop_15 |  4.23 |  6.24 |
| crop_16 | 29.47 | 42.06 |
| crop_17 |  0.38 |  0.46 |
| crop_18 |  3.84 |  5.36 |
+---------+-------+-------+
2026/06/10 19:05:40 - mmengine - INFO - Iter(val) [241/241]    aAcc: 53.7800  mIoU: 16.6200  mAcc: 24.9700  data_time: 0.0039  time: 0.0348
2026/06/10 19:05:59 - mmengine - INFO - Iter(train) [36100/40000]  base_lr: 1.2306e-05 lr: 1.2306e-06  eta: 0:12:21  time: 0.1895  data_time: 0.0094  memory: 1530  grad_norm: 4.7234  loss: 0.5984  decode.loss_ce: 0.3364  decode.acc_seg: 66.1510  aux.loss_ce: 0.2620  aux.acc_seg: 50.6393
2026/06/10 19:06:18 - mmengine - INFO - Iter(train) [36200/40000]  base_lr: 1.2022e-05 lr: 1.2022e-06  eta: 0:12:02  time: 0.1894  data_time: 0.0094  memory: 1530  grad_norm: 5.8390  loss: 0.6554  decode.loss_ce: 0.3885  decode.acc_seg: 78.0818  aux.loss_ce: 0.2669  aux.acc_seg: 54.1171
2026/06/10 19:06:37 - mmengine - INFO - Iter(train) [36300/40000]  base_lr: 1.1736e-05 lr: 1.1736e-06  eta: 0:11:43  time: 0.1924  data_time: 0.0099  memory: 1530  grad_norm: 5.8304  loss: 0.7188  decode.loss_ce: 0.4369  decode.acc_seg: 61.8567  aux.loss_ce: 0.2820  aux.acc_seg: 43.7520
2026/06/10 19:07:05 - mmengine - INFO - Iter(train) [36400/40000]  base_lr: 1.1451e-05 lr: 1.1451e-06  eta: 0:11:25  time: 0.3833  data_time: 0.0094  memory: 1530  grad_norm: 4.7042  loss: 0.5805  decode.loss_ce: 0.3285  decode.acc_seg: 84.3783  aux.loss_ce: 0.2521  aux.acc_seg: 73.4598
2026/06/10 19:07:29 - mmengine - INFO - Iter(train) [36500/40000]  base_lr: 1.1164e-05 lr: 1.1164e-06  eta: 0:11:07  time: 0.1895  data_time: 0.0093  memory: 1530  grad_norm: 6.3582  loss: 0.7921  decode.loss_ce: 0.4644  decode.acc_seg: 71.9555  aux.loss_ce: 0.3277  aux.acc_seg: 59.7157
2026/06/10 19:07:48 - mmengine - INFO - Iter(train) [36600/40000]  base_lr: 1.0876e-05 lr: 1.0876e-06  eta: 0:10:48  time: 0.1933  data_time: 0.0097  memory: 1529  grad_norm: 5.7372  loss: 0.7211  decode.loss_ce: 0.4170  decode.acc_seg: 74.1189  aux.loss_ce: 0.3041  aux.acc_seg: 63.3591
2026/06/10 19:08:12 - mmengine - INFO - Iter(train) [36700/40000]  base_lr: 1.0588e-05 lr: 1.0588e-06  eta: 0:10:29  time: 0.3894  data_time: 0.0095  memory: 1530  grad_norm: 6.9121  loss: 0.7665  decode.loss_ce: 0.4699  decode.acc_seg: 77.5716  aux.loss_ce: 0.2966  aux.acc_seg: 71.5899
2026/06/10 19:08:50 - mmengine - INFO - Iter(train) [36800/40000]  base_lr: 1.0299e-05 lr: 1.0299e-06  eta: 0:10:12  time: 0.3854  data_time: 0.0096  memory: 1529  grad_norm: 6.1768  loss: 0.6655  decode.loss_ce: 0.3814  decode.acc_seg: 79.4216  aux.loss_ce: 0.2841  aux.acc_seg: 51.9638
2026/06/10 19:09:29 - mmengine - INFO - Iter(train) [36900/40000]  base_lr: 1.0009e-05 lr: 1.0009e-06  eta: 0:09:54  time: 0.3832  data_time: 0.0102  memory: 1530  grad_norm: 4.5000  loss: 0.5933  decode.loss_ce: 0.3489  decode.acc_seg: 89.0643  aux.loss_ce: 0.2443  aux.acc_seg: 71.3999
2026/06/10 19:10:08 - mmengine - INFO - Exp name: dinov3b_fcn_pastis_raster_20260610_170813
2026/06/10 19:10:08 - mmengine - INFO - Iter(train) [37000/40000]  base_lr: 9.7177e-06 lr: 9.7177e-07  eta: 0:09:36  time: 0.3868  data_time: 0.0104  memory: 1530  grad_norm: 4.2774  loss: 0.5326  decode.loss_ce: 0.3084  decode.acc_seg: 81.0037  aux.loss_ce: 0.2242  aux.acc_seg: 69.6420
2026/06/10 19:10:47 - mmengine - INFO - Iter(train) [37100/40000]  base_lr: 9.4257e-06 lr: 9.4257e-07  eta: 0:09:19  time: 0.3902  data_time: 0.0104  memory: 1530  grad_norm: 5.2258  loss: 0.6359  decode.loss_ce: 0.3632  decode.acc_seg: 64.1460  aux.loss_ce: 0.2726  aux.acc_seg: 44.2072
2026/06/10 19:11:25 - mmengine - INFO - Iter(train) [37200/40000]  base_lr: 9.1327e-06 lr: 9.1327e-07  eta: 0:09:01  time: 0.3870  data_time: 0.0100  memory: 1530  grad_norm: 7.4282  loss: 0.7818  decode.loss_ce: 0.4571  decode.acc_seg: 66.1977  aux.loss_ce: 0.3247  aux.acc_seg: 43.8460
2026/06/10 19:12:04 - mmengine - INFO - Iter(train) [37300/40000]  base_lr: 8.8386e-06 lr: 8.8386e-07  eta: 0:08:43  time: 0.3867  data_time: 0.0100  memory: 1530  grad_norm: 5.3825  loss: 0.7762  decode.loss_ce: 0.4552  decode.acc_seg: 60.0950  aux.loss_ce: 0.3210  aux.acc_seg: 45.5877
2026/06/10 19:12:43 - mmengine - INFO - Iter(train) [37400/40000]  base_lr: 8.5434e-06 lr: 8.5434e-07  eta: 0:08:25  time: 0.3848  data_time: 0.0093  memory: 1531  grad_norm: 7.4012  loss: 0.6921  decode.loss_ce: 0.4148  decode.acc_seg: 81.4803  aux.loss_ce: 0.2773  aux.acc_seg: 70.8458
2026/06/10 19:13:21 - mmengine - INFO - Iter(train) [37500/40000]  base_lr: 8.2471e-06 lr: 8.2471e-07  eta: 0:08:07  time: 0.3845  data_time: 0.0090  memory: 1531  grad_norm: 5.8686  loss: 0.5657  decode.loss_ce: 0.3126  decode.acc_seg: 75.0302  aux.loss_ce: 0.2531  aux.acc_seg: 60.2732
2026/06/10 19:14:00 - mmengine - INFO - Iter(train) [37600/40000]  base_lr: 7.9496e-06 lr: 7.9496e-07  eta: 0:07:48  time: 0.3825  data_time: 0.0092  memory: 1531  grad_norm: 5.7247  loss: 0.7309  decode.loss_ce: 0.4242  decode.acc_seg: 71.3824  aux.loss_ce: 0.3067  aux.acc_seg: 46.6836
2026/06/10 19:14:38 - mmengine - INFO - Iter(train) [37700/40000]  base_lr: 7.6509e-06 lr: 7.6509e-07  eta: 0:07:30  time: 0.3842  data_time: 0.0099  memory: 1529  grad_norm: 5.0848  loss: 0.6839  decode.loss_ce: 0.3987  decode.acc_seg: 89.6243  aux.loss_ce: 0.2853  aux.acc_seg: 69.6699
2026/06/10 19:15:17 - mmengine - INFO - Iter(train) [37800/40000]  base_lr: 7.3508e-06 lr: 7.3508e-07  eta: 0:07:12  time: 0.3882  data_time: 0.0096  memory: 1531  grad_norm: 4.9231  loss: 0.6160  decode.loss_ce: 0.3395  decode.acc_seg: 69.1109  aux.loss_ce: 0.2765  aux.acc_seg: 30.2199
2026/06/10 19:15:55 - mmengine - INFO - Iter(train) [37900/40000]  base_lr: 7.0494e-06 lr: 7.0494e-07  eta: 0:06:53  time: 0.3828  data_time: 0.0092  memory: 1529  grad_norm: 6.2303  loss: 0.6306  decode.loss_ce: 0.3644  decode.acc_seg: 79.8465  aux.loss_ce: 0.2662  aux.acc_seg: 55.9327
2026/06/10 19:16:34 - mmengine - INFO - Exp name: dinov3b_fcn_pastis_raster_20260610_170813
2026/06/10 19:16:34 - mmengine - INFO - Iter(train) [38000/40000]  base_lr: 6.7466e-06 lr: 6.7466e-07  eta: 0:06:34  time: 0.3857  data_time: 0.0090  memory: 1530  grad_norm: 5.7908  loss: 0.6672  decode.loss_ce: 0.3904  decode.acc_seg: 82.0933  aux.loss_ce: 0.2768  aux.acc_seg: 52.4965
2026/06/10 19:16:34 - mmengine - INFO - Saving checkpoint at 38000 iterations
2026/06/10 19:16:45 - mmengine - INFO - Iter(val) [100/241]    eta: 0:00:12  time: 0.0846  data_time: 0.0035  memory: 546  
2026/06/10 19:16:53 - mmengine - INFO - Iter(val) [200/241]    eta: 0:00:03  time: 0.0851  data_time: 0.0036  memory: 546  
2026/06/10 19:16:57 - mmengine - INFO - per class results:
2026/06/10 19:16:57 - mmengine - INFO - 
+---------+-------+-------+
|  Class  |  IoU  |  Acc  |
+---------+-------+-------+
|  crop_1 |  66.4 | 86.02 |
|  crop_2 | 30.78 | 47.63 |
|  crop_3 | 28.77 | 48.19 |
|  crop_4 |  5.14 |  7.22 |
|  crop_5 | 15.27 | 22.75 |
|  crop_6 |  3.13 |  4.35 |
|  crop_7 |  6.29 |  8.38 |
|  crop_8 | 38.65 | 60.12 |
|  crop_9 |  19.6 | 24.27 |
| crop_10 |  4.43 |  6.1  |
| crop_11 | 18.62 | 35.96 |
| crop_12 | 12.67 |  23.2 |
| crop_13 |  7.16 |  8.54 |
| crop_14 |  8.43 | 12.94 |
| crop_15 |  5.52 |  8.7  |
| crop_16 | 29.62 | 44.41 |
| crop_17 |  1.21 |  1.59 |
| crop_18 |  3.43 |  4.78 |
+---------+-------+-------+
2026/06/10 19:16:57 - mmengine - INFO - Iter(val) [241/241]    aAcc: 54.1200  mIoU: 16.9500  mAcc: 25.2900  data_time: 0.0037  time: 0.0852
2026/06/10 19:17:35 - mmengine - INFO - Iter(train) [38100/40000]  base_lr: 6.4422e-06 lr: 6.4422e-07  eta: 0:06:16  time: 0.3848  data_time: 0.0091  memory: 1529  grad_norm: 5.6808  loss: 0.6999  decode.loss_ce: 0.4058  decode.acc_seg: 83.2135  aux.loss_ce: 0.2942  aux.acc_seg: 71.8405
2026/06/10 19:18:14 - mmengine - INFO - Iter(train) [38200/40000]  base_lr: 6.1362e-06 lr: 6.1362e-07  eta: 0:05:57  time: 0.3892  data_time: 0.0094  memory: 1529  grad_norm: 5.6904  loss: 0.6138  decode.loss_ce: 0.3590  decode.acc_seg: 84.4920  aux.loss_ce: 0.2548  aux.acc_seg: 69.1089
2026/06/10 19:18:52 - mmengine - INFO - Iter(train) [38300/40000]  base_lr: 5.8285e-06 lr: 5.8285e-07  eta: 0:05:38  time: 0.3827  data_time: 0.0090  memory: 1529  grad_norm: 5.1557  loss: 0.6527  decode.loss_ce: 0.3780  decode.acc_seg: 77.8976  aux.loss_ce: 0.2747  aux.acc_seg: 66.6126
2026/06/10 19:19:31 - mmengine - INFO - Iter(train) [38400/40000]  base_lr: 5.5190e-06 lr: 5.5190e-07  eta: 0:05:18  time: 0.3848  data_time: 0.0091  memory: 1529  grad_norm: 5.6089  loss: 0.7095  decode.loss_ce: 0.4181  decode.acc_seg: 73.1441  aux.loss_ce: 0.2914  aux.acc_seg: 35.0803
2026/06/10 19:20:10 - mmengine - INFO - Iter(train) [38500/40000]  base_lr: 5.2076e-06 lr: 5.2076e-07  eta: 0:04:59  time: 0.3836  data_time: 0.0093  memory: 1531  grad_norm: 4.7478  loss: 0.7133  decode.loss_ce: 0.4084  decode.acc_seg: 70.1067  aux.loss_ce: 0.3049  aux.acc_seg: 62.0238
2026/06/10 19:20:48 - mmengine - INFO - Iter(train) [38600/40000]  base_lr: 4.8941e-06 lr: 4.8941e-07  eta: 0:04:40  time: 0.3845  data_time: 0.0092  memory: 1530  grad_norm: 6.3797  loss: 0.7528  decode.loss_ce: 0.4565  decode.acc_seg: 66.3782  aux.loss_ce: 0.2963  aux.acc_seg: 41.3911
2026/06/10 19:21:26 - mmengine - INFO - Iter(train) [38700/40000]  base_lr: 4.5783e-06 lr: 4.5783e-07  eta: 0:04:21  time: 0.3872  data_time: 0.0092  memory: 1530  grad_norm: 6.3223  loss: 0.6879  decode.loss_ce: 0.4138  decode.acc_seg: 76.8196  aux.loss_ce: 0.2741  aux.acc_seg: 63.2723
2026/06/10 19:22:05 - mmengine - INFO - Iter(train) [38800/40000]  base_lr: 4.2601e-06 lr: 4.2601e-07  eta: 0:04:01  time: 0.3867  data_time: 0.0093  memory: 1530  grad_norm: 5.0238  loss: 0.6451  decode.loss_ce: 0.3688  decode.acc_seg: 71.8192  aux.loss_ce: 0.2763  aux.acc_seg: 54.9928
2026/06/10 19:22:44 - mmengine - INFO - Iter(train) [38900/40000]  base_lr: 3.9392e-06 lr: 3.9392e-07  eta: 0:03:41  time: 0.3836  data_time: 0.0095  memory: 1531  grad_norm: 4.9422  loss: 0.4876  decode.loss_ce: 0.2835  decode.acc_seg: 76.5572  aux.loss_ce: 0.2041  aux.acc_seg: 61.5253
2026/06/10 19:23:22 - mmengine - INFO - Exp name: dinov3b_fcn_pastis_raster_20260610_170813
2026/06/10 19:23:22 - mmengine - INFO - Iter(train) [39000/40000]  base_lr: 3.6154e-06 lr: 3.6154e-07  eta: 0:03:22  time: 0.3887  data_time: 0.0093  memory: 1529  grad_norm: 6.6008  loss: 0.7156  decode.loss_ce: 0.4220  decode.acc_seg: 80.3070  aux.loss_ce: 0.2936  aux.acc_seg: 62.7957
2026/06/10 19:24:01 - mmengine - INFO - Iter(train) [39100/40000]  base_lr: 3.2883e-06 lr: 3.2883e-07  eta: 0:03:02  time: 0.3848  data_time: 0.0095  memory: 1530  grad_norm: 6.7484  loss: 0.7736  decode.loss_ce: 0.4631  decode.acc_seg: 62.3719  aux.loss_ce: 0.3104  aux.acc_seg: 45.7265
2026/06/10 19:24:39 - mmengine - INFO - Iter(train) [39200/40000]  base_lr: 2.9576e-06 lr: 2.9576e-07  eta: 0:02:42  time: 0.3842  data_time: 0.0097  memory: 1530  grad_norm: 6.3259  loss: 0.7067  decode.loss_ce: 0.4092  decode.acc_seg: 88.2353  aux.loss_ce: 0.2975  aux.acc_seg: 69.1941
2026/06/10 19:25:18 - mmengine - INFO - Iter(train) [39300/40000]  base_lr: 2.6227e-06 lr: 2.6227e-07  eta: 0:02:22  time: 0.3866  data_time: 0.0095  memory: 1530  grad_norm: 4.8171  loss: 0.6142  decode.loss_ce: 0.3605  decode.acc_seg: 86.4564  aux.loss_ce: 0.2537  aux.acc_seg: 56.0841
2026/06/10 19:25:57 - mmengine - INFO - Iter(train) [39400/40000]  base_lr: 2.2829e-06 lr: 2.2829e-07  eta: 0:02:02  time: 0.3880  data_time: 0.0094  memory: 1531  grad_norm: 6.4138  loss: 0.6838  decode.loss_ce: 0.4103  decode.acc_seg: 60.4405  aux.loss_ce: 0.2735  aux.acc_seg: 53.6647
2026/06/10 19:26:35 - mmengine - INFO - Iter(train) [39500/40000]  base_lr: 1.9374e-06 lr: 1.9374e-07  eta: 0:01:42  time: 0.3855  data_time: 0.0093  memory: 1530  grad_norm: 5.4207  loss: 0.7241  decode.loss_ce: 0.4132  decode.acc_seg: 81.0249  aux.loss_ce: 0.3109  aux.acc_seg: 61.0206
2026/06/10 19:27:14 - mmengine - INFO - Iter(train) [39600/40000]  base_lr: 1.5849e-06 lr: 1.5849e-07  eta: 0:01:22  time: 0.3865  data_time: 0.0093  memory: 1530  grad_norm: 5.6150  loss: 0.6983  decode.loss_ce: 0.4008  decode.acc_seg: 83.6137  aux.loss_ce: 0.2975  aux.acc_seg: 70.0784
2026/06/10 19:27:53 - mmengine - INFO - Iter(train) [39700/40000]  base_lr: 1.2234e-06 lr: 1.2234e-07  eta: 0:01:01  time: 0.3886  data_time: 0.0097  memory: 1530  grad_norm: 5.0639  loss: 0.6969  decode.loss_ce: 0.4041  decode.acc_seg: 78.0885  aux.loss_ce: 0.2928  aux.acc_seg: 46.3849
2026/06/10 19:28:31 - mmengine - INFO - Iter(train) [39800/40000]  base_lr: 8.4934e-07 lr: 8.4934e-08  eta: 0:00:41  time: 0.3866  data_time: 0.0095  memory: 1530  grad_norm: 7.4751  loss: 0.6889  decode.loss_ce: 0.3971  decode.acc_seg: 87.0790  aux.loss_ce: 0.2917  aux.acc_seg: 76.5252
2026/06/10 19:29:10 - mmengine - INFO - Iter(train) [39900/40000]  base_lr: 4.5515e-07 lr: 4.5515e-08  eta: 0:00:20  time: 0.3848  data_time: 0.0096  memory: 1530  grad_norm: 4.7976  loss: 0.6485  decode.loss_ce: 0.3716  decode.acc_seg: 77.6506  aux.loss_ce: 0.2769  aux.acc_seg: 48.3048
2026/06/10 19:29:49 - mmengine - INFO - Exp name: dinov3b_fcn_pastis_raster_20260610_170813
2026/06/10 19:29:49 - mmengine - INFO - Iter(train) [40000/40000]  base_lr: 0.0000e+00 lr: 0.0000e+00  eta: 0:00:00  time: 0.3858  data_time: 0.0095  memory: 1530  grad_norm: 7.9806  loss: 0.7597  decode.loss_ce: 0.4453  decode.acc_seg: 77.2131  aux.loss_ce: 0.3144  aux.acc_seg: 60.8982
2026/06/10 19:29:49 - mmengine - INFO - Saving checkpoint at 40000 iterations
2026/06/10 19:29:59 - mmengine - INFO - Iter(val) [100/241]    eta: 0:00:12  time: 0.0853  data_time: 0.0035  memory: 546  
2026/06/10 19:30:08 - mmengine - INFO - Iter(val) [200/241]    eta: 0:00:03  time: 0.0851  data_time: 0.0038  memory: 546  
2026/06/10 19:30:11 - mmengine - INFO - per class results:
2026/06/10 19:30:11 - mmengine - INFO - 
+---------+-------+-------+
|  Class  |  IoU  |  Acc  |
+---------+-------+-------+
|  crop_1 | 66.09 | 88.43 |
|  crop_2 | 31.74 | 50.35 |
|  crop_3 | 26.93 | 41.53 |
|  crop_4 |  5.56 |  7.86 |
|  crop_5 | 15.51 | 23.37 |
|  crop_6 |  3.19 |  4.68 |
|  crop_7 |  6.26 |  9.23 |
|  crop_8 | 37.96 | 60.29 |
|  crop_9 |  20.0 | 24.52 |
| crop_10 |  5.07 |  6.87 |
| crop_11 | 18.18 | 33.13 |
| crop_12 | 11.95 | 22.78 |
| crop_13 |  6.82 |  8.4  |
| crop_14 |  7.78 | 11.37 |
| crop_15 |  5.49 |  8.61 |
| crop_16 | 28.78 |  42.1 |
| crop_17 |  0.71 |  0.86 |
| crop_18 |  2.69 |  3.86 |
+---------+-------+-------+
2026/06/10 19:30:11 - mmengine - INFO - Iter(val) [241/241]    aAcc: 54.1600  mIoU: 16.7100  mAcc: 24.9000  data_time: 0.0039  time: 0.0861
