2026/06/16 14:48:12 - mmengine - INFO - 
------------------------------------------------------------
System environment:
    sys.platform: linux
    Python: 3.12.13 | packaged by Anaconda, Inc. | (main, Mar 19 2026, 20:20:58) [GCC 14.3.0]
    CUDA available: True
    MUSA available: False
    numpy_random_seed: 38095212
    GPU 0: NVIDIA A40
    CUDA_HOME: /home/users_model/miniconda3/envs/mmseg_dino
    NVCC: Cuda compilation tools, release 12.9, V12.9.86
    GCC: gcc (Ubuntu 9.4.0-1ubuntu1~20.04.2) 9.4.0
    PyTorch: 2.7.1
    PyTorch compiling details: PyTorch built with:
  - GCC 14.3
  - C++ Version: 201703
  - Intel(R) oneAPI Math Kernel Library Version 2024.2.2-Product Build 20240823 for Intel(R) 64 architecture applications
  - Intel(R) MKL-DNN v3.7.1 (Git Hash d21fc6dbb4db827872fc8cf05e70f6771bd4937b)
  - OpenMP 201511 (a.k.a. OpenMP 4.5)
  - LAPACK is enabled (usually provided by MKL)
  - NNPACK is enabled
  - CPU capability usage: AVX512
  - CUDA Runtime 12.9
  - NVCC architecture flags: -gencode;arch=compute_50,code=sm_50;-gencode;arch=compute_60,code=sm_60;-gencode;arch=compute_70,code=sm_70;-gencode;arch=compute_75,code=sm_75;-gencode;arch=compute_80,code=sm_80;-gencode;arch=compute_86,code=sm_86;-gencode;arch=compute_90,code=sm_90;-gencode;arch=compute_100,code=sm_100;-gencode;arch=compute_120,code=sm_120;-gencode;arch=compute_120,code=compute_120
  - CuDNN 91.0.2
    - Built with CuDNN 91.0.1
  - Magma 2.9.0
  - Build settings: BLAS_INFO=mkl, BUILD_TYPE=Release, COMMIT_SHA=Unknown, CUDA_VERSION=12.9, CUDNN_VERSION=9.10.1, CXX_COMPILER=/home/conda/feedstock_root/build_artifacts/libtorch_1753846581042/_build_env/bin/x86_64-conda-linux-gnu-c++, CXX_FLAGS=-fmessage-length=0 -march=nocona -mtune=haswell -ftree-vectorize -fPIC -fstack-protector-strong -fno-plt -O2 -ffunction-sections -pipe -isystem /home/conda/feedstock_root/build_artifacts/libtorch_1753846581042/_h_env_placehold_placehold_placehold_placehold_placehold_placehold_placehold_placehold_placehold_placehold_placehold_placehold_placehold_placehold_placehold_placehold_placehold_placehold_pl/include -fdebug-prefix-map=/home/conda/feedstock_root/build_artifacts/libtorch_1753846581042/work=/usr/local/src/conda/libtorch-2.7.1 -fdebug-prefix-map=/home/conda/feedstock_root/build_artifacts/libtorch_1753846581042/_h_env_placehold_placehold_placehold_placehold_placehold_placehold_placehold_placehold_placehold_placehold_placehold_placehold_placehold_placehold_placehold_placehold_placehold_placehold_pl=/usr/local/src/conda-prefix -I/home/conda/feedstock_root/build_artifacts/libtorch_1753846581042/_h_env_placehold_placehold_placehold_placehold_placehold_placehold_placehold_placehold_placehold_placehold_placehold_placehold_placehold_placehold_placehold_placehold_placehold_placehold_pl/targets/x86_64-linux/include -I/home/conda/feedstock_root/build_artifacts/libtorch_1753846581042/_build_env/targets/x86_64-linux/include -w -Wno-deprecated-declarations -Wno-error=maybe-uninitialized -D_GLIBCXX_USE_CXX11_ABI=1 -fvisibility-inlines-hidden -DUSE_PTHREADPOOL -DNDEBUG -DUSE_KINETO -DLIBKINETO_NOROCTRACER -DLIBKINETO_NOXPUPTI=ON -DUSE_FBGEMM -DUSE_PYTORCH_QNNPACK -DUSE_XNNPACK -DSYMBOLICATE_MOBILE_DEBUG_HANDLE -O2 -fPIC -Wall -Wextra -Werror=return-type -Werror=non-virtual-dtor -Werror=range-loop-construct -Werror=bool-operation -Wnarrowing -Wno-missing-field-initializers -Wno-unknown-pragmas -Wno-unused-parameter -Wno-strict-overflow -Wno-strict-aliasing -Wno-stringop-overflow -Wsuggest-override -Wno-psabi -Wno-error=old-style-cast -fdiagnostics-color=always -faligned-new -Wno-maybe-uninitialized -fno-math-errno -fno-trapping-math -Werror=format -Wno-dangling-reference -Wno-error=dangling-reference -Wno-error=redundant-move -Wno-stringop-overflow, LAPACK_INFO=mkl, PERF_WITH_AVX=1, PERF_WITH_AVX2=1, TORCH_VERSION=2.7.1, USE_CUDA=1, USE_CUDNN=ON, USE_CUSPARSELT=OFF, USE_GFLAGS=OFF, USE_GLOG=OFF, USE_GLOO=ON, USE_MKL=ON, USE_MKLDNN=1, USE_MPI=OFF, USE_NCCL=ON, USE_NNPACK=ON, USE_OPENMP=ON, USE_ROCM=OFF, USE_ROCM_KERNEL_ASSERT=OFF, 

    TorchVision: 0.22.1
    OpenCV: 4.13.0
    MMEngine: 0.10.7

Runtime environment:
    cudnn_benchmark: True
    mp_cfg: {'mp_start_method': 'fork', 'opencv_num_threads': 0}
    dist_cfg: {'backend': 'nccl'}
    seed: 38095212
    Distributed launcher: none
    Distributed training: False
    GPU number: 1
------------------------------------------------------------

2026/06/16 14:48:13 - mmengine - INFO - Config:
DINO_CKPT = '/mnt/ht2_nas2/00-model/00-fb/mmseg_data/weights/dinov3_vitl16_pretrain_sat493m-eadcf0ff.pth'
PASTIS_ROOT = '/mnt/ht2_nas2/00-model/00-fb/mmseg_data/PASTIS-R'
auto_scale_lr = dict(base_batch_size=16, enable=False)
crop_size = (
    512,
    512,
)
custom_imports = dict(
    allow_failed_imports=False,
    imports=[
        'custom_datasets.pastis_temporal',
        'custom_models.dinov3_temporal_backbone_v3',
    ])
data_preprocessor = dict(
    bgr_to_rgb=False,
    mean=None,
    pad_val=0,
    seg_pad_val=255,
    size=(
        256,
        256,
    ),
    std=None,
    test_cfg=dict(size_divisor=32),
    type='SegDataPreProcessor')
data_root = 'data/ade/ADEChallengeData2016'
dataset_type = 'ADE20KDataset'
default_hooks = dict(
    checkpoint=dict(
        by_epoch=False,
        interval=2000,
        max_keep_ckpts=3,
        save_best='mIoU',
        type='CheckpointHook'),
    logger=dict(interval=50, log_metric_by_epoch=False, type='LoggerHook'),
    param_scheduler=dict(type='ParamSchedulerHook'),
    sampler_seed=dict(type='DistSamplerSeedHook'),
    timer=dict(type='IterTimerHook'),
    visualization=dict(type='SegVisualizationHook'))
default_scope = 'mmseg'
embed_multi = dict(decay_mult=0.0, lr_mult=1.0)
env_cfg = dict(
    cudnn_benchmark=True,
    dist_cfg=dict(backend='nccl'),
    mp_cfg=dict(mp_start_method='fork', opencv_num_threads=0))
img_ratios = [
    0.5,
    0.75,
    1.0,
    1.25,
    1.5,
    1.75,
]
img_size = 256
in_bands = 10
launcher = 'none'
load_from = None
log_level = 'INFO'
log_processor = dict(by_epoch=False)
model = dict(
    backbone=dict(
        arch='vit_large',
        checkpoint=
        '/mnt/ht2_nas2/00-model/00-fb/mmseg_data/weights/dinov3_vitl16_pretrain_sat493m-eadcf0ff.pth',
        drop_path_rate=0.3,
        freeze_backbone=False,
        in_bands=10,
        n_frames=12,
        patch_size=16,
        type='DINOv3TemporalBackbone_v3'),
    data_preprocessor=dict(
        bgr_to_rgb=False,
        mean=None,
        pad_val=0,
        seg_pad_val=255,
        size=(
            256,
            256,
        ),
        std=None,
        test_cfg=dict(size_divisor=32),
        type='SegDataPreProcessor'),
    decode_head=dict(
        align_corners=False,
        enforce_decoder_input_project=False,
        feat_channels=256,
        in_channels=[
            1024,
            1024,
            1024,
            1024,
        ],
        loss_cls=dict(
            class_weight=[
                1.0,
                1.0,
                1.0,
                1.0,
                1.0,
                1.0,
                1.0,
                1.0,
                1.0,
                1.0,
                1.0,
                1.0,
                1.0,
                1.0,
                1.0,
                1.0,
                1.0,
                1.0,
                1.0,
                0.1,
            ],
            loss_weight=2.0,
            reduction='mean',
            type='mmdet.CrossEntropyLoss',
            use_sigmoid=False),
        loss_dice=dict(
            activate=True,
            eps=1.0,
            loss_weight=5.0,
            naive_dice=True,
            reduction='mean',
            type='mmdet.DiceLoss',
            use_sigmoid=True),
        loss_mask=dict(
            loss_weight=5.0,
            reduction='mean',
            type='mmdet.CrossEntropyLoss',
            use_sigmoid=True),
        num_classes=19,
        num_queries=100,
        num_transformer_feat_level=3,
        out_channels=256,
        pixel_decoder=dict(
            act_cfg=dict(type='ReLU'),
            encoder=dict(
                init_cfg=None,
                layer_cfg=dict(
                    ffn_cfg=dict(
                        act_cfg=dict(inplace=True, type='ReLU'),
                        embed_dims=256,
                        feedforward_channels=1024,
                        ffn_drop=0.0,
                        num_fcs=2),
                    self_attn_cfg=dict(
                        batch_first=True,
                        dropout=0.0,
                        embed_dims=256,
                        im2col_step=64,
                        init_cfg=None,
                        norm_cfg=None,
                        num_heads=8,
                        num_levels=3,
                        num_points=4)),
                num_layers=6),
            init_cfg=None,
            norm_cfg=dict(num_groups=32, type='GN'),
            num_outs=3,
            positional_encoding=dict(normalize=True, num_feats=128),
            type='mmdet.MSDeformAttnPixelDecoder'),
        positional_encoding=dict(normalize=True, num_feats=128),
        strides=[
            4,
            8,
            16,
            32,
        ],
        train_cfg=dict(
            assigner=dict(
                match_costs=[
                    dict(type='mmdet.ClassificationCost', weight=2.0),
                    dict(
                        type='mmdet.CrossEntropyLossCost',
                        use_sigmoid=True,
                        weight=5.0),
                    dict(
                        eps=1.0,
                        pred_act=True,
                        type='mmdet.DiceCost',
                        weight=5.0),
                ],
                type='mmdet.HungarianAssigner'),
            importance_sample_ratio=0.75,
            num_points=12544,
            oversample_ratio=3.0,
            sampler=dict(type='mmdet.MaskPseudoSampler')),
        transformer_decoder=dict(
            init_cfg=None,
            layer_cfg=dict(
                cross_attn_cfg=dict(
                    attn_drop=0.0,
                    batch_first=True,
                    dropout_layer=None,
                    embed_dims=256,
                    num_heads=8,
                    proj_drop=0.0),
                ffn_cfg=dict(
                    act_cfg=dict(inplace=True, type='ReLU'),
                    add_identity=True,
                    dropout_layer=None,
                    embed_dims=256,
                    feedforward_channels=2048,
                    ffn_drop=0.0,
                    num_fcs=2),
                self_attn_cfg=dict(
                    attn_drop=0.0,
                    batch_first=True,
                    dropout_layer=None,
                    embed_dims=256,
                    num_heads=8,
                    proj_drop=0.0)),
            num_layers=9,
            return_intermediate=True),
        type='Mask2FormerHead'),
    test_cfg=dict(mode='whole'),
    train_cfg=dict(),
    type='EncoderDecoder')
n_frames = 12
num_classes = 19
optim_wrapper = dict(
    clip_grad=dict(max_norm=0.01, norm_type=2),
    optimizer=dict(
        betas=(
            0.9,
            0.999,
        ),
        eps=1e-08,
        lr=0.0001,
        type='AdamW',
        weight_decay=0.05),
    paramwise_cfg=dict(
        custom_keys=dict({
            'backbone.adapter.backbone':
            dict(decay_mult=1.0, lr_mult=0.05),
            'backbone.adapter.backbone.patch_embed':
            dict(decay_mult=1.0, lr_mult=1.0),
            'backbone.adapter.spm.stem':
            dict(decay_mult=1.0, lr_mult=1.0),
            'level_embed':
            dict(decay_mult=0.0, lr_mult=1.0),
            'query_embed':
            dict(decay_mult=0.0, lr_mult=1.0),
            'query_feat':
            dict(decay_mult=0.0, lr_mult=1.0)
        }),
        norm_decay_mult=0.0),
    type='OptimWrapper')
optimizer = dict(
    betas=(
        0.9,
        0.999,
    ),
    eps=1e-08,
    lr=0.0001,
    type='AdamW',
    weight_decay=0.05)
param_scheduler = [
    dict(
        begin=0, by_epoch=False, end=1500, start_factor=0.001,
        type='LinearLR'),
    dict(
        begin=1500,
        by_epoch=False,
        end=20000,
        eta_min=0,
        power=0.9,
        type='PolyLR'),
]
resume = False
test_cfg = dict(type='TestLoop')
test_dataloader = dict(
    batch_size=4,
    dataset=dict(
        data_root='/mnt/ht2_nas2/00-model/00-fb/mmseg_data/PASTIS-R',
        pipeline=[
            dict(
                img_size=256, num_classes=19, type='LoadPASTISRasterTemporal'),
            dict(type='PackSegInputs'),
        ],
        split='val',
        type='PASTISRasterTemporalDataset'),
    num_workers=4,
    persistent_workers=True,
    sampler=dict(shuffle=False, type='DefaultSampler'))
test_evaluator = dict(
    iou_metrics=[
        'mIoU',
    ], type='IoUMetric')
test_pipeline = [
    dict(type='LoadImageFromFile'),
    dict(keep_ratio=True, scale=(
        2048,
        512,
    ), type='Resize'),
    dict(reduce_zero_label=True, type='LoadAnnotations'),
    dict(type='PackSegInputs'),
]
total_channels = 120
train_cfg = dict(max_iters=20000, type='IterBasedTrainLoop', val_interval=1000)
train_dataloader = dict(
    batch_size=4,
    dataset=dict(
        data_root='/mnt/ht2_nas2/00-model/00-fb/mmseg_data/PASTIS-R',
        pipeline=[
            dict(
                img_size=256, num_classes=19, type='LoadPASTISRasterTemporal'),
            dict(
                direction=[
                    'horizontal',
                    'vertical',
                ],
                prob=0.5,
                type='RandomFlip'),
            dict(prob=0.75, type='PASTISRandomRotate90'),
            dict(type='PackSegInputs'),
        ],
        split='train',
        type='PASTISRasterTemporalDataset'),
    num_workers=4,
    persistent_workers=True,
    sampler=dict(shuffle=True, type='InfiniteSampler'))
train_pipeline = [
    dict(img_size=256, num_classes=19, type='LoadPASTISRasterTemporal'),
    dict(direction=[
        'horizontal',
        'vertical',
    ], prob=0.5, type='RandomFlip'),
    dict(prob=0.75, type='PASTISRandomRotate90'),
    dict(type='PackSegInputs'),
]
tta_model = dict(type='SegTTAModel')
tta_pipeline = [
    dict(backend_args=None, type='LoadImageFromFile'),
    dict(
        transforms=[
            [
                dict(keep_ratio=True, scale_factor=0.5, type='Resize'),
                dict(keep_ratio=True, scale_factor=0.75, type='Resize'),
                dict(keep_ratio=True, scale_factor=1.0, type='Resize'),
                dict(keep_ratio=True, scale_factor=1.25, type='Resize'),
                dict(keep_ratio=True, scale_factor=1.5, type='Resize'),
                dict(keep_ratio=True, scale_factor=1.75, type='Resize'),
            ],
            [
                dict(direction='horizontal', prob=0.0, type='RandomFlip'),
                dict(direction='horizontal', prob=1.0, type='RandomFlip'),
            ],
            [
                dict(type='LoadAnnotations'),
            ],
            [
                dict(type='PackSegInputs'),
            ],
        ],
        type='TestTimeAug'),
]
val_cfg = dict(type='ValLoop')
val_dataloader = dict(
    batch_size=4,
    dataset=dict(
        data_root='/mnt/ht2_nas2/00-model/00-fb/mmseg_data/PASTIS-R',
        pipeline=[
            dict(
                img_size=256, num_classes=19, type='LoadPASTISRasterTemporal'),
            dict(type='PackSegInputs'),
        ],
        split='val',
        type='PASTISRasterTemporalDataset'),
    num_workers=4,
    persistent_workers=True,
    sampler=dict(shuffle=False, type='DefaultSampler'))
val_evaluator = dict(
    iou_metrics=[
        'mIoU',
    ], type='IoUMetric')
val_pipeline = [
    dict(img_size=256, num_classes=19, type='LoadPASTISRasterTemporal'),
    dict(type='PackSegInputs'),
]
vis_backends = [
    dict(type='LocalVisBackend'),
]
visualizer = dict(
    name='visualizer',
    type='SegLocalVisualizer',
    vis_backends=[
        dict(type='LocalVisBackend'),
    ])
work_dir = './work_dirs/dinov3l_m2f_pastis_temporal_v4'

2026/06/16 14:48:22 - mmengine - INFO - Distributed training is not used, all SyncBatchNorm (SyncBN) layers in the model will be automatically reverted to BatchNormXd layers if they are used.
2026/06/16 14:48:22 - mmengine - INFO - Hooks will be executed in the following order:
before_run:
(VERY_HIGH   ) RuntimeInfoHook                    
(BELOW_NORMAL) LoggerHook                         
 -------------------- 
before_train:
(VERY_HIGH   ) RuntimeInfoHook                    
(NORMAL      ) IterTimerHook                      
(VERY_LOW    ) CheckpointHook                     
 -------------------- 
before_train_epoch:
(VERY_HIGH   ) RuntimeInfoHook                    
(NORMAL      ) IterTimerHook                      
(NORMAL      ) DistSamplerSeedHook                
 -------------------- 
before_train_iter:
(VERY_HIGH   ) RuntimeInfoHook                    
(NORMAL      ) IterTimerHook                      
 -------------------- 
after_train_iter:
(VERY_HIGH   ) RuntimeInfoHook                    
(NORMAL      ) IterTimerHook                      
(BELOW_NORMAL) LoggerHook                         
(LOW         ) ParamSchedulerHook                 
(VERY_LOW    ) CheckpointHook                     
 -------------------- 
after_train_epoch:
(NORMAL      ) IterTimerHook                      
(LOW         ) ParamSchedulerHook                 
(VERY_LOW    ) CheckpointHook                     
 -------------------- 
before_val:
(VERY_HIGH   ) RuntimeInfoHook                    
 -------------------- 
before_val_epoch:
(NORMAL      ) IterTimerHook                      
 -------------------- 
before_val_iter:
(NORMAL      ) IterTimerHook                      
 -------------------- 
after_val_iter:
(NORMAL      ) IterTimerHook                      
(NORMAL      ) SegVisualizationHook               
(BELOW_NORMAL) LoggerHook                         
 -------------------- 
after_val_epoch:
(VERY_HIGH   ) RuntimeInfoHook                    
(NORMAL      ) IterTimerHook                      
(BELOW_NORMAL) LoggerHook                         
(LOW         ) ParamSchedulerHook                 
(VERY_LOW    ) CheckpointHook                     
 -------------------- 
after_val:
(VERY_HIGH   ) RuntimeInfoHook                    
 -------------------- 
after_train:
(VERY_HIGH   ) RuntimeInfoHook                    
(VERY_LOW    ) CheckpointHook                     
 -------------------- 
before_test:
(VERY_HIGH   ) RuntimeInfoHook                    
 -------------------- 
before_test_epoch:
(NORMAL      ) IterTimerHook                      
 -------------------- 
before_test_iter:
(NORMAL      ) IterTimerHook                      
 -------------------- 
after_test_iter:
(NORMAL      ) IterTimerHook                      
(NORMAL      ) SegVisualizationHook               
(BELOW_NORMAL) LoggerHook                         
 -------------------- 
after_test_epoch:
(VERY_HIGH   ) RuntimeInfoHook                    
(NORMAL      ) IterTimerHook                      
(BELOW_NORMAL) LoggerHook                         
 -------------------- 
after_test:
(VERY_HIGH   ) RuntimeInfoHook                    
 -------------------- 
after_run:
(BELOW_NORMAL) LoggerHook                         
 -------------------- 
2026/06/16 14:48:26 - mmengine - INFO - paramwise_options -- backbone.adapter.level_embed:lr=0.0001
2026/06/16 14:48:26 - mmengine - INFO - paramwise_options -- backbone.adapter.level_embed:weight_decay=0.0
2026/06/16 14:48:26 - mmengine - INFO - paramwise_options -- backbone.adapter.level_embed:lr_mult=1.0
2026/06/16 14:48:26 - mmengine - INFO - paramwise_options -- backbone.adapter.level_embed:decay_mult=0.0
2026/06/16 14:48:26 - mmengine - INFO - paramwise_options -- backbone.adapter.backbone.cls_token:lr=5e-06
2026/06/16 14:48:26 - mmengine - INFO - paramwise_options -- backbone.adapter.backbone.cls_token:weight_decay=0.05
2026/06/16 14:48:26 - mmengine - INFO - paramwise_options -- backbone.adapter.backbone.cls_token:lr_mult=0.05
2026/06/16 14:48:26 - mmengine - INFO - paramwise_options -- backbone.adapter.backbone.cls_token:decay_mult=1.0
2026/06/16 14:48:26 - mmengine - INFO - paramwise_options -- backbone.adapter.backbone.mask_token:lr=5e-06
2026/06/16 14:48:26 - mmengine - INFO - paramwise_options -- backbone.adapter.backbone.mask_token:weight_decay=0.05
2026/06/16 14:48:26 - mmengine - INFO - paramwise_options -- backbone.adapter.backbone.mask_token:lr_mult=0.05
2026/06/16 14:48:26 - mmengine - INFO - paramwise_options -- backbone.adapter.backbone.mask_token:decay_mult=1.0
2026/06/16 14:48:26 - mmengine - INFO - paramwise_options -- backbone.adapter.backbone.patch_embed.proj.weight:lr=0.0001
2026/06/16 14:48:26 - mmengine - INFO - paramwise_options -- backbone.adapter.backbone.patch_embed.proj.weight:weight_decay=0.05
2026/06/16 14:48:26 - mmengine - INFO - paramwise_options -- backbone.adapter.backbone.patch_embed.proj.weight:lr_mult=1.0
2026/06/16 14:48:26 - mmengine - INFO - paramwise_options -- backbone.adapter.backbone.patch_embed.proj.weight:decay_mult=1.0
2026/06/16 14:48:26 - mmengine - INFO - paramwise_options -- backbone.adapter.backbone.patch_embed.proj.bias:lr=0.0001
2026/06/16 14:48:26 - mmengine - INFO - paramwise_options -- backbone.adapter.backbone.patch_embed.proj.bias:weight_decay=0.05
2026/06/16 14:48:26 - mmengine - INFO - paramwise_options -- backbone.adapter.backbone.patch_embed.proj.bias:lr_mult=1.0
2026/06/16 14:48:26 - mmengine - INFO - paramwise_options -- backbone.adapter.backbone.patch_embed.proj.bias:decay_mult=1.0
2026/06/16 14:48:26 - mmengine - INFO - paramwise_options -- backbone.adapter.backbone.blocks.0.norm1.weight:lr=5e-06
2026/06/16 14:48:26 - mmengine - INFO - paramwise_options -- backbone.adapter.backbone.blocks.0.norm1.weight:weight_decay=0.05
2026/06/16 14:48:26 - mmengine - INFO - paramwise_options -- backbone.adapter.backbone.blocks.0.norm1.weight:lr_mult=0.05
2026/06/16 14:48:26 - mmengine - INFO - paramwise_options -- backbone.adapter.backbone.blocks.0.norm1.weight:decay_mult=1.0
2026/06/16 14:48:26 - mmengine - INFO - paramwise_options -- backbone.adapter.backbone.blocks.0.norm1.bias:lr=5e-06
2026/06/16 14:48:26 - mmengine - INFO - paramwise_options -- backbone.adapter.backbone.blocks.0.norm1.bias:weight_decay=0.05
2026/06/16 14:48:26 - mmengine - INFO - paramwise_options -- backbone.adapter.backbone.blocks.0.norm1.bias:lr_mult=0.05
2026/06/16 14:48:26 - mmengine - INFO - paramwise_options -- backbone.adapter.backbone.blocks.0.norm1.bias:decay_mult=1.0
2026/06/16 14:48:26 - mmengine - INFO - paramwise_options -- backbone.adapter.backbone.blocks.0.attn.qkv.weight:lr=5e-06
2026/06/16 14:48:26 - mmengine - INFO - paramwise_options -- backbone.adapter.backbone.blocks.0.attn.qkv.weight:weight_decay=0.05
2026/06/16 14:48:26 - mmengine - INFO - paramwise_options -- backbone.adapter.backbone.blocks.0.attn.qkv.weight:lr_mult=0.05
2026/06/16 14:48:26 - mmengine - INFO - paramwise_options -- backbone.adapter.backbone.blocks.0.attn.qkv.weight:decay_mult=1.0
2026/06/16 14:48:26 - mmengine - INFO - paramwise_options -- backbone.adapter.backbone.blocks.0.attn.qkv.bias:lr=5e-06
2026/06/16 14:48:26 - mmengine - INFO - paramwise_options -- backbone.adapter.backbone.blocks.0.attn.qkv.bias:weight_decay=0.05
2026/06/16 14:48:26 - mmengine - INFO - paramwise_options -- backbone.adapter.backbone.blocks.0.attn.qkv.bias:lr_mult=0.05
2026/06/16 14:48:26 - mmengine - INFO - paramwise_options -- backbone.adapter.backbone.blocks.0.attn.qkv.bias:decay_mult=1.0
2026/06/16 14:48:26 - mmengine - INFO - paramwise_options -- backbone.adapter.backbone.blocks.0.attn.proj.weight:lr=5e-06
2026/06/16 14:48:26 - mmengine - INFO - paramwise_options -- backbone.adapter.backbone.blocks.0.attn.proj.weight:weight_decay=0.05
2026/06/16 14:48:26 - mmengine - INFO - paramwise_options -- backbone.adapter.backbone.blocks.0.attn.proj.weight:lr_mult=0.05
2026/06/16 14:48:26 - mmengine - INFO - paramwise_options -- backbone.adapter.backbone.blocks.0.attn.proj.weight:decay_mult=1.0
2026/06/16 14:48:26 - mmengine - INFO - paramwise_options -- backbone.adapter.backbone.blocks.0.attn.proj.bias:lr=5e-06
2026/06/16 14:48:26 - mmengine - INFO - paramwise_options -- backbone.adapter.backbone.blocks.0.attn.proj.bias:weight_decay=0.05
2026/06/16 14:48:26 - mmengine - INFO - paramwise_options -- backbone.adapter.backbone.blocks.0.attn.proj.bias:lr_mult=0.05
2026/06/16 14:48:26 - mmengine - INFO - paramwise_options -- backbone.adapter.backbone.blocks.0.attn.proj.bias:decay_mult=1.0
2026/06/16 14:48:26 - mmengine - INFO - paramwise_options -- backbone.adapter.backbone.blocks.0.ls1.gamma:lr=5e-06
2026/06/16 14:48:26 - mmengine - INFO - paramwise_options -- backbone.adapter.backbone.blocks.0.ls1.gamma:weight_decay=0.05
2026/06/16 14:48:26 - mmengine - INFO - paramwise_options -- backbone.adapter.backbone.blocks.0.ls1.gamma:lr_mult=0.05
2026/06/16 14:48:26 - mmengine - INFO - paramwise_options -- backbone.adapter.backbone.blocks.0.ls1.gamma:decay_mult=1.0
2026/06/16 14:48:26 - mmengine - INFO - paramwise_options -- backbone.adapter.backbone.blocks.0.norm2.weight:lr=5e-06
2026/06/16 14:48:26 - mmengine - INFO - paramwise_options -- backbone.adapter.backbone.blocks.0.norm2.weight:weight_decay=0.05
2026/06/16 14:48:26 - mmengine - INFO - paramwise_options -- backbone.adapter.backbone.blocks.0.norm2.weight:lr_mult=0.05
2026/06/16 14:48:26 - mmengine - INFO - paramwise_options -- backbone.adapter.backbone.blocks.0.norm2.weight:decay_mult=1.0
2026/06/16 14:48:26 - mmengine - INFO - paramwise_options -- backbone.adapter.backbone.blocks.0.norm2.bias:lr=5e-06
2026/06/16 14:48:26 - mmengine - INFO - paramwise_options -- backbone.adapter.backbone.blocks.0.norm2.bias:weight_decay=0.05
2026/06/16 14:48:26 - mmengine - INFO - paramwise_options -- backbone.adapter.backbone.blocks.0.norm2.bias:lr_mult=0.05
2026/06/16 14:48:26 - mmengine - INFO - paramwise_options -- backbone.adapter.backbone.blocks.0.norm2.bias:decay_mult=1.0
2026/06/16 14:48:26 - mmengine - INFO - paramwise_options -- backbone.adapter.backbone.blocks.0.mlp.fc1.weight:lr=5e-06
2026/06/16 14:48:26 - mmengine - INFO - paramwise_options -- backbone.adapter.backbone.blocks.0.mlp.fc1.weight:weight_decay=0.05
2026/06/16 14:48:26 - mmengine - INFO - paramwise_options -- backbone.adapter.backbone.blocks.0.mlp.fc1.weight:lr_mult=0.05
2026/06/16 14:48:26 - mmengine - INFO - paramwise_options -- backbone.adapter.backbone.blocks.0.mlp.fc1.weight:decay_mult=1.0
2026/06/16 14:48:26 - mmengine - INFO - paramwise_options -- backbone.adapter.backbone.blocks.0.mlp.fc1.bias:lr=5e-06
2026/06/16 14:48:26 - mmengine - INFO - paramwise_options -- backbone.adapter.backbone.blocks.0.mlp.fc1.bias:weight_decay=0.05
2026/06/16 14:48:26 - mmengine - INFO - paramwise_options -- backbone.adapter.backbone.blocks.0.mlp.fc1.bias:lr_mult=0.05
2026/06/16 14:48:26 - mmengine - INFO - paramwise_options -- backbone.adapter.backbone.blocks.0.mlp.fc1.bias:decay_mult=1.0
2026/06/16 14:48:26 - mmengine - INFO - paramwise_options -- backbone.adapter.backbone.blocks.0.mlp.fc2.weight:lr=5e-06
2026/06/16 14:48:26 - mmengine - INFO - paramwise_options -- backbone.adapter.backbone.blocks.0.mlp.fc2.weight:weight_decay=0.05
2026/06/16 14:48:26 - mmengine - INFO - paramwise_options -- backbone.adapter.backbone.blocks.0.mlp.fc2.weight:lr_mult=0.05
2026/06/16 14:48:26 - mmengine - INFO - paramwise_options -- backbone.adapter.backbone.blocks.0.mlp.fc2.weight:decay_mult=1.0
2026/06/16 14:48:26 - mmengine - INFO - paramwise_options -- backbone.adapter.backbone.blocks.0.mlp.fc2.bias:lr=5e-06
2026/06/16 14:48:26 - mmengine - INFO - paramwise_options -- backbone.adapter.backbone.blocks.0.mlp.fc2.bias:weight_decay=0.05
2026/06/16 14:48:26 - mmengine - INFO - paramwise_options -- backbone.adapter.backbone.blocks.0.mlp.fc2.bias:lr_mult=0.05
2026/06/16 14:48:26 - mmengine - INFO - paramwise_options -- backbone.adapter.backbone.blocks.0.mlp.fc2.bias:decay_mult=1.0
2026/06/16 14:48:26 - mmengine - INFO - paramwise_options -- backbone.adapter.backbone.blocks.0.ls2.gamma:lr=5e-06
2026/06/16 14:48:26 - mmengine - INFO - paramwise_options -- backbone.adapter.backbone.blocks.0.ls2.gamma:weight_decay=0.05
2026/06/16 14:48:26 - mmengine - INFO - paramwise_options -- backbone.adapter.backbone.blocks.0.ls2.gamma:lr_mult=0.05
2026/06/16 14:48:26 - mmengine - INFO - paramwise_options -- backbone.adapter.backbone.blocks.0.ls2.gamma:decay_mult=1.0
2026/06/16 14:48:26 - mmengine - INFO - paramwise_options -- backbone.adapter.backbone.blocks.1.norm1.weight:lr=5e-06
2026/06/16 14:48:26 - mmengine - INFO - paramwise_options -- backbone.adapter.backbone.blocks.1.norm1.weight:weight_decay=0.05
2026/06/16 14:48:26 - mmengine - INFO - paramwise_options -- backbone.adapter.backbone.blocks.1.norm1.weight:lr_mult=0.05
2026/06/16 14:48:26 - mmengine - INFO - paramwise_options -- backbone.adapter.backbone.blocks.1.norm1.weight:decay_mult=1.0
2026/06/16 14:48:26 - mmengine - INFO - paramwise_options -- backbone.adapter.backbone.blocks.1.norm1.bias:lr=5e-06
2026/06/16 14:48:26 - mmengine - INFO - paramwise_options -- backbone.adapter.backbone.blocks.1.norm1.bias:weight_decay=0.05
2026/06/16 14:48:26 - mmengine - INFO - paramwise_options -- backbone.adapter.backbone.blocks.1.norm1.bias:lr_mult=0.05
2026/06/16 14:48:26 - mmengine - INFO - paramwise_options -- backbone.adapter.backbone.blocks.1.norm1.bias:decay_mult=1.0
2026/06/16 14:48:26 - mmengine - INFO - paramwise_options -- backbone.adapter.backbone.blocks.1.attn.qkv.weight:lr=5e-06
2026/06/16 14:48:26 - mmengine - INFO - paramwise_options -- backbone.adapter.backbone.blocks.1.attn.qkv.weight:weight_decay=0.05
2026/06/16 14:48:26 - mmengine - INFO - paramwise_options -- backbone.adapter.backbone.blocks.1.attn.qkv.weight:lr_mult=0.05
2026/06/16 14:48:26 - mmengine - INFO - paramwise_options -- backbone.adapter.backbone.blocks.1.attn.qkv.weight:decay_mult=1.0
2026/06/16 14:48:26 - mmengine - INFO - paramwise_options -- backbone.adapter.backbone.blocks.1.attn.qkv.bias:lr=5e-06
2026/06/16 14:48:26 - mmengine - INFO - paramwise_options -- backbone.adapter.backbone.blocks.1.attn.qkv.bias:weight_decay=0.05
2026/06/16 14:48:26 - mmengine - INFO - paramwise_options -- backbone.adapter.backbone.blocks.1.attn.qkv.bias:lr_mult=0.05
2026/06/16 14:48:26 - mmengine - INFO - paramwise_options -- backbone.adapter.backbone.blocks.1.attn.qkv.bias:decay_mult=1.0
2026/06/16 14:48:26 - mmengine - INFO - paramwise_options -- backbone.adapter.backbone.blocks.1.attn.proj.weight:lr=5e-06
2026/06/16 14:48:26 - mmengine - INFO - paramwise_options -- backbone.adapter.backbone.blocks.1.attn.proj.weight:weight_decay=0.05
2026/06/16 14:48:26 - mmengine - INFO - paramwise_options -- backbone.adapter.backbone.blocks.1.attn.proj.weight:lr_mult=0.05
2026/06/16 14:48:26 - mmengine - INFO - paramwise_options -- backbone.adapter.backbone.blocks.1.attn.proj.weight:decay_mult=1.0
2026/06/16 14:48:26 - mmengine - INFO - paramwise_options -- backbone.adapter.backbone.blocks.1.attn.proj.bias:lr=5e-06
2026/06/16 14:48:26 - mmengine - INFO - paramwise_options -- backbone.adapter.backbone.blocks.1.attn.proj.bias:weight_decay=0.05
2026/06/16 14:48:26 - mmengine - INFO - paramwise_options -- backbone.adapter.backbone.blocks.1.attn.proj.bias:lr_mult=0.05
2026/06/16 14:48:26 - mmengine - INFO - paramwise_options -- backbone.adapter.backbone.blocks.1.attn.proj.bias:decay_mult=1.0
2026/06/16 14:48:26 - mmengine - INFO - paramwise_options -- backbone.adapter.backbone.blocks.1.ls1.gamma:lr=5e-06
2026/06/16 14:48:26 - mmengine - INFO - paramwise_options -- backbone.adapter.backbone.blocks.1.ls1.gamma:weight_decay=0.05
2026/06/16 14:48:26 - mmengine - INFO - paramwise_options -- backbone.adapter.backbone.blocks.1.ls1.gamma:lr_mult=0.05
2026/06/16 14:48:26 - mmengine - INFO - paramwise_options -- backbone.adapter.backbone.blocks.1.ls1.gamma:decay_mult=1.0
2026/06/16 14:48:26 - mmengine - INFO - paramwise_options -- backbone.adapter.backbone.blocks.1.norm2.weight:lr=5e-06
2026/06/16 14:48:26 - mmengine - INFO - paramwise_options -- backbone.adapter.backbone.blocks.1.norm2.weight:weight_decay=0.05
2026/06/16 14:48:26 - mmengine - INFO - paramwise_options -- backbone.adapter.backbone.blocks.1.norm2.weight:lr_mult=0.05
2026/06/16 14:48:26 - mmengine - INFO - paramwise_options -- backbone.adapter.backbone.blocks.1.norm2.weight:decay_mult=1.0
2026/06/16 14:48:26 - mmengine - INFO - paramwise_options -- backbone.adapter.backbone.blocks.1.norm2.bias:lr=5e-06
2026/06/16 14:48:26 - mmengine - INFO - paramwise_options -- backbone.adapter.backbone.blocks.1.norm2.bias:weight_decay=0.05
2026/06/16 14:48:26 - mmengine - INFO - paramwise_options -- backbone.adapter.backbone.blocks.1.norm2.bias:lr_mult=0.05
2026/06/16 14:48:26 - mmengine - INFO - paramwise_options -- backbone.adapter.backbone.blocks.1.norm2.bias:decay_mult=1.0
2026/06/16 14:48:26 - mmengine - INFO - paramwise_options -- backbone.adapter.backbone.blocks.1.mlp.fc1.weight:lr=5e-06
2026/06/16 14:48:26 - mmengine - INFO - paramwise_options -- backbone.adapter.backbone.blocks.1.mlp.fc1.weight:weight_decay=0.05
2026/06/16 14:48:26 - mmengine - INFO - paramwise_options -- backbone.adapter.backbone.blocks.1.mlp.fc1.weight:lr_mult=0.05
2026/06/16 14:48:26 - mmengine - INFO - paramwise_options -- backbone.adapter.backbone.blocks.1.mlp.fc1.weight:decay_mult=1.0
2026/06/16 14:48:26 - mmengine - INFO - paramwise_options -- backbone.adapter.backbone.blocks.1.mlp.fc1.bias:lr=5e-06
2026/06/16 14:48:26 - mmengine - INFO - paramwise_options -- backbone.adapter.backbone.blocks.1.mlp.fc1.bias:weight_decay=0.05
2026/06/16 14:48:26 - mmengine - INFO - paramwise_options -- backbone.adapter.backbone.blocks.1.mlp.fc1.bias:lr_mult=0.05
2026/06/16 14:48:26 - mmengine - INFO - paramwise_options -- backbone.adapter.backbone.blocks.1.mlp.fc1.bias:decay_mult=1.0
2026/06/16 14:48:26 - mmengine - INFO - paramwise_options -- backbone.adapter.backbone.blocks.1.mlp.fc2.weight:lr=5e-06
2026/06/16 14:48:26 - mmengine - INFO - paramwise_options -- backbone.adapter.backbone.blocks.1.mlp.fc2.weight:weight_decay=0.05
2026/06/16 14:48:26 - mmengine - INFO - paramwise_options -- backbone.adapter.backbone.blocks.1.mlp.fc2.weight:lr_mult=0.05
2026/06/16 14:48:26 - mmengine - INFO - paramwise_options -- backbone.adapter.backbone.blocks.1.mlp.fc2.weight:decay_mult=1.0
2026/06/16 14:48:26 - mmengine - INFO - paramwise_options -- backbone.adapter.backbone.blocks.1.mlp.fc2.bias:lr=5e-06
2026/06/16 14:48:26 - mmengine - INFO - paramwise_options -- backbone.adapter.backbone.blocks.1.mlp.fc2.bias:weight_decay=0.05
2026/06/16 14:48:26 - mmengine - INFO - paramwise_options -- backbone.adapter.backbone.blocks.1.mlp.fc2.bias:lr_mult=0.05
2026/06/16 14:48:26 - mmengine - INFO - paramwise_options -- backbone.adapter.backbone.blocks.1.mlp.fc2.bias:decay_mult=1.0
2026/06/16 14:48:26 - mmengine - INFO - paramwise_options -- backbone.adapter.backbone.blocks.1.ls2.gamma:lr=5e-06
2026/06/16 14:48:26 - mmengine - INFO - paramwise_options -- backbone.adapter.backbone.blocks.1.ls2.gamma:weight_decay=0.05
2026/06/16 14:48:26 - mmengine - INFO - paramwise_options -- backbone.adapter.backbone.blocks.1.ls2.gamma:lr_mult=0.05
2026/06/16 14:48:26 - mmengine - INFO - paramwise_options -- backbone.adapter.backbone.blocks.1.ls2.gamma:decay_mult=1.0
2026/06/16 14:48:26 - mmengine - INFO - paramwise_options -- backbone.adapter.backbone.blocks.2.norm1.weight:lr=5e-06
2026/06/16 14:48:26 - mmengine - INFO - paramwise_options -- backbone.adapter.backbone.blocks.2.norm1.weight:weight_decay=0.05
2026/06/16 14:48:26 - mmengine - INFO - paramwise_options -- backbone.adapter.backbone.blocks.2.norm1.weight:lr_mult=0.05
2026/06/16 14:48:26 - mmengine - INFO - paramwise_options -- backbone.adapter.backbone.blocks.2.norm1.weight:decay_mult=1.0
2026/06/16 14:48:26 - mmengine - INFO - paramwise_options -- backbone.adapter.backbone.blocks.2.norm1.bias:lr=5e-06
2026/06/16 14:48:26 - mmengine - INFO - paramwise_options -- backbone.adapter.backbone.blocks.2.norm1.bias:weight_decay=0.05
2026/06/16 14:48:26 - mmengine - INFO - paramwise_options -- backbone.adapter.backbone.blocks.2.norm1.bias:lr_mult=0.05
2026/06/16 14:48:26 - mmengine - INFO - paramwise_options -- backbone.adapter.backbone.blocks.2.norm1.bias:decay_mult=1.0
2026/06/16 14:48:26 - mmengine - INFO - paramwise_options -- backbone.adapter.backbone.blocks.2.attn.qkv.weight:lr=5e-06
2026/06/16 14:48:26 - mmengine - INFO - paramwise_options -- backbone.adapter.backbone.blocks.2.attn.qkv.weight:weight_decay=0.05
2026/06/16 14:48:26 - mmengine - INFO - paramwise_options -- backbone.adapter.backbone.blocks.2.attn.qkv.weight:lr_mult=0.05
2026/06/16 14:48:26 - mmengine - INFO - paramwise_options -- backbone.adapter.backbone.blocks.2.attn.qkv.weight:decay_mult=1.0
2026/06/16 14:48:26 - mmengine - INFO - paramwise_options -- backbone.adapter.backbone.blocks.2.attn.qkv.bias:lr=5e-06
2026/06/16 14:48:26 - mmengine - INFO - paramwise_options -- backbone.adapter.backbone.blocks.2.attn.qkv.bias:weight_decay=0.05
2026/06/16 14:48:26 - mmengine - INFO - paramwise_options -- backbone.adapter.backbone.blocks.2.attn.qkv.bias:lr_mult=0.05
2026/06/16 14:48:26 - mmengine - INFO - paramwise_options -- backbone.adapter.backbone.blocks.2.attn.qkv.bias:decay_mult=1.0
2026/06/16 14:48:26 - mmengine - INFO - paramwise_options -- backbone.adapter.backbone.blocks.2.attn.proj.weight:lr=5e-06
2026/06/16 14:48:26 - mmengine - INFO - paramwise_options -- backbone.adapter.backbone.blocks.2.attn.proj.weight:weight_decay=0.05
2026/06/16 14:48:26 - mmengine - INFO - paramwise_options -- backbone.adapter.backbone.blocks.2.attn.proj.weight:lr_mult=0.05
2026/06/16 14:48:26 - mmengine - INFO - paramwise_options -- backbone.adapter.backbone.blocks.2.attn.proj.weight:decay_mult=1.0
2026/06/16 14:48:26 - mmengine - INFO - paramwise_options -- backbone.adapter.backbone.blocks.2.attn.proj.bias:lr=5e-06
2026/06/16 14:48:26 - mmengine - INFO - paramwise_options -- backbone.adapter.backbone.blocks.2.attn.proj.bias:weight_decay=0.05
2026/06/16 14:48:26 - mmengine - INFO - paramwise_options -- backbone.adapter.backbone.blocks.2.attn.proj.bias:lr_mult=0.05
2026/06/16 14:48:26 - mmengine - INFO - paramwise_options -- backbone.adapter.backbone.blocks.2.attn.proj.bias:decay_mult=1.0
2026/06/16 14:48:26 - mmengine - INFO - paramwise_options -- backbone.adapter.backbone.blocks.2.ls1.gamma:lr=5e-06
2026/06/16 14:48:26 - mmengine - INFO - paramwise_options -- backbone.adapter.backbone.blocks.2.ls1.gamma:weight_decay=0.05
2026/06/16 14:48:26 - mmengine - INFO - paramwise_options -- backbone.adapter.backbone.blocks.2.ls1.gamma:lr_mult=0.05
2026/06/16 14:48:26 - mmengine - INFO - paramwise_options -- backbone.adapter.backbone.blocks.2.ls1.gamma:decay_mult=1.0
2026/06/16 14:48:26 - mmengine - INFO - paramwise_options -- backbone.adapter.backbone.blocks.2.norm2.weight:lr=5e-06
2026/06/16 14:48:26 - mmengine - INFO - paramwise_options -- backbone.adapter.backbone.blocks.2.norm2.weight:weight_decay=0.05
2026/06/16 14:48:26 - mmengine - INFO - paramwise_options -- backbone.adapter.backbone.blocks.2.norm2.weight:lr_mult=0.05
2026/06/16 14:48:26 - mmengine - INFO - paramwise_options -- backbone.adapter.backbone.blocks.2.norm2.weight:decay_mult=1.0
2026/06/16 14:48:26 - mmengine - INFO - paramwise_options -- backbone.adapter.backbone.blocks.2.norm2.bias:lr=5e-06
2026/06/16 14:48:26 - mmengine - INFO - paramwise_options -- backbone.adapter.backbone.blocks.2.norm2.bias:weight_decay=0.05
2026/06/16 14:48:26 - mmengine - INFO - paramwise_options -- backbone.adapter.backbone.blocks.2.norm2.bias:lr_mult=0.05
2026/06/16 14:48:26 - mmengine - INFO - paramwise_options -- backbone.adapter.backbone.blocks.2.norm2.bias:decay_mult=1.0
2026/06/16 14:48:26 - mmengine - INFO - paramwise_options -- backbone.adapter.backbone.blocks.2.mlp.fc1.weight:lr=5e-06
2026/06/16 14:48:26 - mmengine - INFO - paramwise_options -- backbone.adapter.backbone.blocks.2.mlp.fc1.weight:weight_decay=0.05
2026/06/16 14:48:26 - mmengine - INFO - paramwise_options -- backbone.adapter.backbone.blocks.2.mlp.fc1.weight:lr_mult=0.05
2026/06/16 14:48:26 - mmengine - INFO - paramwise_options -- backbone.adapter.backbone.blocks.2.mlp.fc1.weight:decay_mult=1.0
2026/06/16 14:48:26 - mmengine - INFO - paramwise_options -- backbone.adapter.backbone.blocks.2.mlp.fc1.bias:lr=5e-06
2026/06/16 14:48:26 - mmengine - INFO - paramwise_options -- backbone.adapter.backbone.blocks.2.mlp.fc1.bias:weight_decay=0.05
2026/06/16 14:48:26 - mmengine - INFO - paramwise_options -- backbone.adapter.backbone.blocks.2.mlp.fc1.bias:lr_mult=0.05
2026/06/16 14:48:26 - mmengine - INFO - paramwise_options -- backbone.adapter.backbone.blocks.2.mlp.fc1.bias:decay_mult=1.0
2026/06/16 14:48:26 - mmengine - INFO - paramwise_options -- backbone.adapter.backbone.blocks.2.mlp.fc2.weight:lr=5e-06
2026/06/16 14:48:26 - mmengine - INFO - paramwise_options -- backbone.adapter.backbone.blocks.2.mlp.fc2.weight:weight_decay=0.05
2026/06/16 14:48:26 - mmengine - INFO - paramwise_options -- backbone.adapter.backbone.blocks.2.mlp.fc2.weight:lr_mult=0.05
2026/06/16 14:48:26 - mmengine - INFO - paramwise_options -- backbone.adapter.backbone.blocks.2.mlp.fc2.weight:decay_mult=1.0
2026/06/16 14:48:26 - mmengine - INFO - paramwise_options -- backbone.adapter.backbone.blocks.2.mlp.fc2.bias:lr=5e-06
2026/06/16 14:48:26 - mmengine - INFO - paramwise_options -- backbone.adapter.backbone.blocks.2.mlp.fc2.bias:weight_decay=0.05
2026/06/16 14:48:26 - mmengine - INFO - paramwise_options -- backbone.adapter.backbone.blocks.2.mlp.fc2.bias:lr_mult=0.05
2026/06/16 14:48:26 - mmengine - INFO - paramwise_options -- backbone.adapter.backbone.blocks.2.mlp.fc2.bias:decay_mult=1.0
2026/06/16 14:48:26 - mmengine - INFO - paramwise_options -- backbone.adapter.backbone.blocks.2.ls2.gamma:lr=5e-06
2026/06/16 14:48:26 - mmengine - INFO - paramwise_options -- backbone.adapter.backbone.blocks.2.ls2.gamma:weight_decay=0.05
2026/06/16 14:48:26 - mmengine - INFO - paramwise_options -- backbone.adapter.backbone.blocks.2.ls2.gamma:lr_mult=0.05
2026/06/16 14:48:26 - mmengine - INFO - paramwise_options -- backbone.adapter.backbone.blocks.2.ls2.gamma:decay_mult=1.0
2026/06/16 14:48:26 - mmengine - INFO - paramwise_options -- backbone.adapter.backbone.blocks.3.norm1.weight:lr=5e-06
2026/06/16 14:48:26 - mmengine - INFO - paramwise_options -- backbone.adapter.backbone.blocks.3.norm1.weight:weight_decay=0.05
2026/06/16 14:48:26 - mmengine - INFO - paramwise_options -- backbone.adapter.backbone.blocks.3.norm1.weight:lr_mult=0.05
2026/06/16 14:48:26 - mmengine - INFO - paramwise_options -- backbone.adapter.backbone.blocks.3.norm1.weight:decay_mult=1.0
2026/06/16 14:48:26 - mmengine - INFO - paramwise_options -- backbone.adapter.backbone.blocks.3.norm1.bias:lr=5e-06
2026/06/16 14:48:26 - mmengine - INFO - paramwise_options -- backbone.adapter.backbone.blocks.3.norm1.bias:weight_decay=0.05
2026/06/16 14:48:26 - mmengine - INFO - paramwise_options -- backbone.adapter.backbone.blocks.3.norm1.bias:lr_mult=0.05
2026/06/16 14:48:26 - mmengine - INFO - paramwise_options -- backbone.adapter.backbone.blocks.3.norm1.bias:decay_mult=1.0
2026/06/16 14:48:26 - mmengine - INFO - paramwise_options -- backbone.adapter.backbone.blocks.3.attn.qkv.weight:lr=5e-06
2026/06/16 14:48:26 - mmengine - INFO - paramwise_options -- backbone.adapter.backbone.blocks.3.attn.qkv.weight:weight_decay=0.05
2026/06/16 14:48:26 - mmengine - INFO - paramwise_options -- backbone.adapter.backbone.blocks.3.attn.qkv.weight:lr_mult=0.05
2026/06/16 14:48:26 - mmengine - INFO - paramwise_options -- backbone.adapter.backbone.blocks.3.attn.qkv.weight:decay_mult=1.0
2026/06/16 14:48:26 - mmengine - INFO - paramwise_options -- backbone.adapter.backbone.blocks.3.attn.qkv.bias:lr=5e-06
2026/06/16 14:48:26 - mmengine - INFO - paramwise_options -- backbone.adapter.backbone.blocks.3.attn.qkv.bias:weight_decay=0.05
2026/06/16 14:48:26 - mmengine - INFO - paramwise_options -- backbone.adapter.backbone.blocks.3.attn.qkv.bias:lr_mult=0.05
2026/06/16 14:48:26 - mmengine - INFO - paramwise_options -- backbone.adapter.backbone.blocks.3.attn.qkv.bias:decay_mult=1.0
2026/06/16 14:48:26 - mmengine - INFO - paramwise_options -- backbone.adapter.backbone.blocks.3.attn.proj.weight:lr=5e-06
2026/06/16 14:48:26 - mmengine - INFO - paramwise_options -- backbone.adapter.backbone.blocks.3.attn.proj.weight:weight_decay=0.05
2026/06/16 14:48:26 - mmengine - INFO - paramwise_options -- backbone.adapter.backbone.blocks.3.attn.proj.weight:lr_mult=0.05
2026/06/16 14:48:26 - mmengine - INFO - paramwise_options -- backbone.adapter.backbone.blocks.3.attn.proj.weight:decay_mult=1.0
2026/06/16 14:48:26 - mmengine - INFO - paramwise_options -- backbone.adapter.backbone.blocks.3.attn.proj.bias:lr=5e-06
2026/06/16 14:48:26 - mmengine - INFO - paramwise_options -- backbone.adapter.backbone.blocks.3.attn.proj.bias:weight_decay=0.05
2026/06/16 14:48:26 - mmengine - INFO - paramwise_options -- backbone.adapter.backbone.blocks.3.attn.proj.bias:lr_mult=0.05
2026/06/16 14:48:26 - mmengine - INFO - paramwise_options -- backbone.adapter.backbone.blocks.3.attn.proj.bias:decay_mult=1.0
2026/06/16 14:48:26 - mmengine - INFO - paramwise_options -- backbone.adapter.backbone.blocks.3.ls1.gamma:lr=5e-06
2026/06/16 14:48:26 - mmengine - INFO - paramwise_options -- backbone.adapter.backbone.blocks.3.ls1.gamma:weight_decay=0.05
2026/06/16 14:48:26 - mmengine - INFO - paramwise_options -- backbone.adapter.backbone.blocks.3.ls1.gamma:lr_mult=0.05
2026/06/16 14:48:26 - mmengine - INFO - paramwise_options -- backbone.adapter.backbone.blocks.3.ls1.gamma:decay_mult=1.0
2026/06/16 14:48:26 - mmengine - INFO - paramwise_options -- backbone.adapter.backbone.blocks.3.norm2.weight:lr=5e-06
2026/06/16 14:48:26 - mmengine - INFO - paramwise_options -- backbone.adapter.backbone.blocks.3.norm2.weight:weight_decay=0.05
2026/06/16 14:48:26 - mmengine - INFO - paramwise_options -- backbone.adapter.backbone.blocks.3.norm2.weight:lr_mult=0.05
2026/06/16 14:48:26 - mmengine - INFO - paramwise_options -- backbone.adapter.backbone.blocks.3.norm2.weight:decay_mult=1.0
2026/06/16 14:48:26 - mmengine - INFO - paramwise_options -- backbone.adapter.backbone.blocks.3.norm2.bias:lr=5e-06
2026/06/16 14:48:26 - mmengine - INFO - paramwise_options -- backbone.adapter.backbone.blocks.3.norm2.bias:weight_decay=0.05
2026/06/16 14:48:26 - mmengine - INFO - paramwise_options -- backbone.adapter.backbone.blocks.3.norm2.bias:lr_mult=0.05
2026/06/16 14:48:26 - mmengine - INFO - paramwise_options -- backbone.adapter.backbone.blocks.3.norm2.bias:decay_mult=1.0
2026/06/16 14:48:26 - mmengine - INFO - paramwise_options -- backbone.adapter.backbone.blocks.3.mlp.fc1.weight:lr=5e-06
2026/06/16 14:48:26 - mmengine - INFO - paramwise_options -- backbone.adapter.backbone.blocks.3.mlp.fc1.weight:weight_decay=0.05
2026/06/16 14:48:26 - mmengine - INFO - paramwise_options -- backbone.adapter.backbone.blocks.3.mlp.fc1.weight:lr_mult=0.05
2026/06/16 14:48:26 - mmengine - INFO - paramwise_options -- backbone.adapter.backbone.blocks.3.mlp.fc1.weight:decay_mult=1.0
2026/06/16 14:48:26 - mmengine - INFO - paramwise_options -- backbone.adapter.backbone.blocks.3.mlp.fc1.bias:lr=5e-06
2026/06/16 14:48:26 - mmengine - INFO - paramwise_options -- backbone.adapter.backbone.blocks.3.mlp.fc1.bias:weight_decay=0.05
2026/06/16 14:48:26 - mmengine - INFO - paramwise_options -- backbone.adapter.backbone.blocks.3.mlp.fc1.bias:lr_mult=0.05
2026/06/16 14:48:26 - mmengine - INFO - paramwise_options -- backbone.adapter.backbone.blocks.3.mlp.fc1.bias:decay_mult=1.0
2026/06/16 14:48:26 - mmengine - INFO - paramwise_options -- backbone.adapter.backbone.blocks.3.mlp.fc2.weight:lr=5e-06
2026/06/16 14:48:26 - mmengine - INFO - paramwise_options -- backbone.adapter.backbone.blocks.3.mlp.fc2.weight:weight_decay=0.05
2026/06/16 14:48:26 - mmengine - INFO - paramwise_options -- backbone.adapter.backbone.blocks.3.mlp.fc2.weight:lr_mult=0.05
2026/06/16 14:48:26 - mmengine - INFO - paramwise_options -- backbone.adapter.backbone.blocks.3.mlp.fc2.weight:decay_mult=1.0
2026/06/16 14:48:26 - mmengine - INFO - paramwise_options -- backbone.adapter.backbone.blocks.3.mlp.fc2.bias:lr=5e-06
2026/06/16 14:48:26 - mmengine - INFO - paramwise_options -- backbone.adapter.backbone.blocks.3.mlp.fc2.bias:weight_decay=0.05
2026/06/16 14:48:26 - mmengine - INFO - paramwise_options -- backbone.adapter.backbone.blocks.3.mlp.fc2.bias:lr_mult=0.05
2026/06/16 14:48:26 - mmengine - INFO - paramwise_options -- backbone.adapter.backbone.blocks.3.mlp.fc2.bias:decay_mult=1.0
2026/06/16 14:48:26 - mmengine - INFO - paramwise_options -- backbone.adapter.backbone.blocks.3.ls2.gamma:lr=5e-06
2026/06/16 14:48:26 - mmengine - INFO - paramwise_options -- backbone.adapter.backbone.blocks.3.ls2.gamma:weight_decay=0.05
2026/06/16 14:48:26 - mmengine - INFO - paramwise_options -- backbone.adapter.backbone.blocks.3.ls2.gamma:lr_mult=0.05
2026/06/16 14:48:26 - mmengine - INFO - paramwise_options -- backbone.adapter.backbone.blocks.3.ls2.gamma:decay_mult=1.0
2026/06/16 14:48:26 - mmengine - INFO - paramwise_options -- backbone.adapter.backbone.blocks.4.norm1.weight:lr=5e-06
2026/06/16 14:48:26 - mmengine - INFO - paramwise_options -- backbone.adapter.backbone.blocks.4.norm1.weight:weight_decay=0.05
2026/06/16 14:48:26 - mmengine - INFO - paramwise_options -- backbone.adapter.backbone.blocks.4.norm1.weight:lr_mult=0.05
2026/06/16 14:48:26 - mmengine - INFO - paramwise_options -- backbone.adapter.backbone.blocks.4.norm1.weight:decay_mult=1.0
2026/06/16 14:48:26 - mmengine - INFO - paramwise_options -- backbone.adapter.backbone.blocks.4.norm1.bias:lr=5e-06
2026/06/16 14:48:26 - mmengine - INFO - paramwise_options -- backbone.adapter.backbone.blocks.4.norm1.bias:weight_decay=0.05
2026/06/16 14:48:26 - mmengine - INFO - paramwise_options -- backbone.adapter.backbone.blocks.4.norm1.bias:lr_mult=0.05
2026/06/16 14:48:26 - mmengine - INFO - paramwise_options -- backbone.adapter.backbone.blocks.4.norm1.bias:decay_mult=1.0
2026/06/16 14:48:26 - mmengine - INFO - paramwise_options -- backbone.adapter.backbone.blocks.4.attn.qkv.weight:lr=5e-06
2026/06/16 14:48:26 - mmengine - INFO - paramwise_options -- backbone.adapter.backbone.blocks.4.attn.qkv.weight:weight_decay=0.05
2026/06/16 14:48:26 - mmengine - INFO - paramwise_options -- backbone.adapter.backbone.blocks.4.attn.qkv.weight:lr_mult=0.05
2026/06/16 14:48:26 - mmengine - INFO - paramwise_options -- backbone.adapter.backbone.blocks.4.attn.qkv.weight:decay_mult=1.0
2026/06/16 14:48:26 - mmengine - INFO - paramwise_options -- backbone.adapter.backbone.blocks.4.attn.qkv.bias:lr=5e-06
2026/06/16 14:48:26 - mmengine - INFO - paramwise_options -- backbone.adapter.backbone.blocks.4.attn.qkv.bias:weight_decay=0.05
2026/06/16 14:48:26 - mmengine - INFO - paramwise_options -- backbone.adapter.backbone.blocks.4.attn.qkv.bias:lr_mult=0.05
2026/06/16 14:48:26 - mmengine - INFO - paramwise_options -- backbone.adapter.backbone.blocks.4.attn.qkv.bias:decay_mult=1.0
2026/06/16 14:48:26 - mmengine - INFO - paramwise_options -- backbone.adapter.backbone.blocks.4.attn.proj.weight:lr=5e-06
2026/06/16 14:48:26 - mmengine - INFO - paramwise_options -- backbone.adapter.backbone.blocks.4.attn.proj.weight:weight_decay=0.05
2026/06/16 14:48:26 - mmengine - INFO - paramwise_options -- backbone.adapter.backbone.blocks.4.attn.proj.weight:lr_mult=0.05
2026/06/16 14:48:26 - mmengine - INFO - paramwise_options -- backbone.adapter.backbone.blocks.4.attn.proj.weight:decay_mult=1.0
2026/06/16 14:48:26 - mmengine - INFO - paramwise_options -- backbone.adapter.backbone.blocks.4.attn.proj.bias:lr=5e-06
2026/06/16 14:48:26 - mmengine - INFO - paramwise_options -- backbone.adapter.backbone.blocks.4.attn.proj.bias:weight_decay=0.05
2026/06/16 14:48:26 - mmengine - INFO - paramwise_options -- backbone.adapter.backbone.blocks.4.attn.proj.bias:lr_mult=0.05
2026/06/16 14:48:26 - mmengine - INFO - paramwise_options -- backbone.adapter.backbone.blocks.4.attn.proj.bias:decay_mult=1.0
2026/06/16 14:48:26 - mmengine - INFO - paramwise_options -- backbone.adapter.backbone.blocks.4.ls1.gamma:lr=5e-06
2026/06/16 14:48:26 - mmengine - INFO - paramwise_options -- backbone.adapter.backbone.blocks.4.ls1.gamma:weight_decay=0.05
2026/06/16 14:48:26 - mmengine - INFO - paramwise_options -- backbone.adapter.backbone.blocks.4.ls1.gamma:lr_mult=0.05
2026/06/16 14:48:26 - mmengine - INFO - paramwise_options -- backbone.adapter.backbone.blocks.4.ls1.gamma:decay_mult=1.0
2026/06/16 14:48:26 - mmengine - INFO - paramwise_options -- backbone.adapter.backbone.blocks.4.norm2.weight:lr=5e-06
2026/06/16 14:48:26 - mmengine - INFO - paramwise_options -- backbone.adapter.backbone.blocks.4.norm2.weight:weight_decay=0.05
2026/06/16 14:48:26 - mmengine - INFO - paramwise_options -- backbone.adapter.backbone.blocks.4.norm2.weight:lr_mult=0.05
2026/06/16 14:48:26 - mmengine - INFO - paramwise_options -- backbone.adapter.backbone.blocks.4.norm2.weight:decay_mult=1.0
2026/06/16 14:48:26 - mmengine - INFO - paramwise_options -- backbone.adapter.backbone.blocks.4.norm2.bias:lr=5e-06
2026/06/16 14:48:26 - mmengine - INFO - paramwise_options -- backbone.adapter.backbone.blocks.4.norm2.bias:weight_decay=0.05
2026/06/16 14:48:26 - mmengine - INFO - paramwise_options -- backbone.adapter.backbone.blocks.4.norm2.bias:lr_mult=0.05
2026/06/16 14:48:26 - mmengine - INFO - paramwise_options -- backbone.adapter.backbone.blocks.4.norm2.bias:decay_mult=1.0
2026/06/16 14:48:26 - mmengine - INFO - paramwise_options -- backbone.adapter.backbone.blocks.4.mlp.fc1.weight:lr=5e-06
2026/06/16 14:48:26 - mmengine - INFO - paramwise_options -- backbone.adapter.backbone.blocks.4.mlp.fc1.weight:weight_decay=0.05
2026/06/16 14:48:26 - mmengine - INFO - paramwise_options -- backbone.adapter.backbone.blocks.4.mlp.fc1.weight:lr_mult=0.05
2026/06/16 14:48:26 - mmengine - INFO - paramwise_options -- backbone.adapter.backbone.blocks.4.mlp.fc1.weight:decay_mult=1.0
2026/06/16 14:48:26 - mmengine - INFO - paramwise_options -- backbone.adapter.backbone.blocks.4.mlp.fc1.bias:lr=5e-06
2026/06/16 14:48:26 - mmengine - INFO - paramwise_options -- backbone.adapter.backbone.blocks.4.mlp.fc1.bias:weight_decay=0.05
2026/06/16 14:48:26 - mmengine - INFO - paramwise_options -- backbone.adapter.backbone.blocks.4.mlp.fc1.bias:lr_mult=0.05
2026/06/16 14:48:26 - mmengine - INFO - paramwise_options -- backbone.adapter.backbone.blocks.4.mlp.fc1.bias:decay_mult=1.0
2026/06/16 14:48:26 - mmengine - INFO - paramwise_options -- backbone.adapter.backbone.blocks.4.mlp.fc2.weight:lr=5e-06
2026/06/16 14:48:26 - mmengine - INFO - paramwise_options -- backbone.adapter.backbone.blocks.4.mlp.fc2.weight:weight_decay=0.05
2026/06/16 14:48:26 - mmengine - INFO - paramwise_options -- backbone.adapter.backbone.blocks.4.mlp.fc2.weight:lr_mult=0.05
2026/06/16 14:48:26 - mmengine - INFO - paramwise_options -- backbone.adapter.backbone.blocks.4.mlp.fc2.weight:decay_mult=1.0
2026/06/16 14:48:26 - mmengine - INFO - paramwise_options -- backbone.adapter.backbone.blocks.4.mlp.fc2.bias:lr=5e-06
2026/06/16 14:48:26 - mmengine - INFO - paramwise_options -- backbone.adapter.backbone.blocks.4.mlp.fc2.bias:weight_decay=0.05
2026/06/16 14:48:26 - mmengine - INFO - paramwise_options -- backbone.adapter.backbone.blocks.4.mlp.fc2.bias:lr_mult=0.05
2026/06/16 14:48:26 - mmengine - INFO - paramwise_options -- backbone.adapter.backbone.blocks.4.mlp.fc2.bias:decay_mult=1.0
2026/06/16 14:48:26 - mmengine - INFO - paramwise_options -- backbone.adapter.backbone.blocks.4.ls2.gamma:lr=5e-06
2026/06/16 14:48:26 - mmengine - INFO - paramwise_options -- backbone.adapter.backbone.blocks.4.ls2.gamma:weight_decay=0.05
2026/06/16 14:48:26 - mmengine - INFO - paramwise_options -- backbone.adapter.backbone.blocks.4.ls2.gamma:lr_mult=0.05
2026/06/16 14:48:26 - mmengine - INFO - paramwise_options -- backbone.adapter.backbone.blocks.4.ls2.gamma:decay_mult=1.0
2026/06/16 14:48:26 - mmengine - INFO - paramwise_options -- backbone.adapter.backbone.blocks.5.norm1.weight:lr=5e-06
2026/06/16 14:48:26 - mmengine - INFO - paramwise_options -- backbone.adapter.backbone.blocks.5.norm1.weight:weight_decay=0.05
2026/06/16 14:48:26 - mmengine - INFO - paramwise_options -- backbone.adapter.backbone.blocks.5.norm1.weight:lr_mult=0.05
2026/06/16 14:48:26 - mmengine - INFO - paramwise_options -- backbone.adapter.backbone.blocks.5.norm1.weight:decay_mult=1.0
2026/06/16 14:48:26 - mmengine - INFO - paramwise_options -- backbone.adapter.backbone.blocks.5.norm1.bias:lr=5e-06
2026/06/16 14:48:26 - mmengine - INFO - paramwise_options -- backbone.adapter.backbone.blocks.5.norm1.bias:weight_decay=0.05
2026/06/16 14:48:26 - mmengine - INFO - paramwise_options -- backbone.adapter.backbone.blocks.5.norm1.bias:lr_mult=0.05
2026/06/16 14:48:26 - mmengine - INFO - paramwise_options -- backbone.adapter.backbone.blocks.5.norm1.bias:decay_mult=1.0
2026/06/16 14:48:26 - mmengine - INFO - paramwise_options -- backbone.adapter.backbone.blocks.5.attn.qkv.weight:lr=5e-06
2026/06/16 14:48:26 - mmengine - INFO - paramwise_options -- backbone.adapter.backbone.blocks.5.attn.qkv.weight:weight_decay=0.05
2026/06/16 14:48:26 - mmengine - INFO - paramwise_options -- backbone.adapter.backbone.blocks.5.attn.qkv.weight:lr_mult=0.05
2026/06/16 14:48:26 - mmengine - INFO - paramwise_options -- backbone.adapter.backbone.blocks.5.attn.qkv.weight:decay_mult=1.0
2026/06/16 14:48:26 - mmengine - INFO - paramwise_options -- backbone.adapter.backbone.blocks.5.attn.qkv.bias:lr=5e-06
2026/06/16 14:48:26 - mmengine - INFO - paramwise_options -- backbone.adapter.backbone.blocks.5.attn.qkv.bias:weight_decay=0.05
2026/06/16 14:48:26 - mmengine - INFO - paramwise_options -- backbone.adapter.backbone.blocks.5.attn.qkv.bias:lr_mult=0.05
2026/06/16 14:48:26 - mmengine - INFO - paramwise_options -- backbone.adapter.backbone.blocks.5.attn.qkv.bias:decay_mult=1.0
2026/06/16 14:48:26 - mmengine - INFO - paramwise_options -- backbone.adapter.backbone.blocks.5.attn.proj.weight:lr=5e-06
2026/06/16 14:48:26 - mmengine - INFO - paramwise_options -- backbone.adapter.backbone.blocks.5.attn.proj.weight:weight_decay=0.05
2026/06/16 14:48:26 - mmengine - INFO - paramwise_options -- backbone.adapter.backbone.blocks.5.attn.proj.weight:lr_mult=0.05
2026/06/16 14:48:26 - mmengine - INFO - paramwise_options -- backbone.adapter.backbone.blocks.5.attn.proj.weight:decay_mult=1.0
2026/06/16 14:48:26 - mmengine - INFO - paramwise_options -- backbone.adapter.backbone.blocks.5.attn.proj.bias:lr=5e-06
2026/06/16 14:48:26 - mmengine - INFO - paramwise_options -- backbone.adapter.backbone.blocks.5.attn.proj.bias:weight_decay=0.05
2026/06/16 14:48:26 - mmengine - INFO - paramwise_options -- backbone.adapter.backbone.blocks.5.attn.proj.bias:lr_mult=0.05
2026/06/16 14:48:26 - mmengine - INFO - paramwise_options -- backbone.adapter.backbone.blocks.5.attn.proj.bias:decay_mult=1.0
2026/06/16 14:48:26 - mmengine - INFO - paramwise_options -- backbone.adapter.backbone.blocks.5.ls1.gamma:lr=5e-06
2026/06/16 14:48:26 - mmengine - INFO - paramwise_options -- backbone.adapter.backbone.blocks.5.ls1.gamma:weight_decay=0.05
2026/06/16 14:48:26 - mmengine - INFO - paramwise_options -- backbone.adapter.backbone.blocks.5.ls1.gamma:lr_mult=0.05
2026/06/16 14:48:26 - mmengine - INFO - paramwise_options -- backbone.adapter.backbone.blocks.5.ls1.gamma:decay_mult=1.0
2026/06/16 14:48:26 - mmengine - INFO - paramwise_options -- backbone.adapter.backbone.blocks.5.norm2.weight:lr=5e-06
2026/06/16 14:48:26 - mmengine - INFO - paramwise_options -- backbone.adapter.backbone.blocks.5.norm2.weight:weight_decay=0.05
2026/06/16 14:48:26 - mmengine - INFO - paramwise_options -- backbone.adapter.backbone.blocks.5.norm2.weight:lr_mult=0.05
2026/06/16 14:48:26 - mmengine - INFO - paramwise_options -- backbone.adapter.backbone.blocks.5.norm2.weight:decay_mult=1.0
2026/06/16 14:48:26 - mmengine - INFO - paramwise_options -- backbone.adapter.backbone.blocks.5.norm2.bias:lr=5e-06
2026/06/16 14:48:26 - mmengine - INFO - paramwise_options -- backbone.adapter.backbone.blocks.5.norm2.bias:weight_decay=0.05
2026/06/16 14:48:26 - mmengine - INFO - paramwise_options -- backbone.adapter.backbone.blocks.5.norm2.bias:lr_mult=0.05
2026/06/16 14:48:26 - mmengine - INFO - paramwise_options -- backbone.adapter.backbone.blocks.5.norm2.bias:decay_mult=1.0
2026/06/16 14:48:26 - mmengine - INFO - paramwise_options -- backbone.adapter.backbone.blocks.5.mlp.fc1.weight:lr=5e-06
2026/06/16 14:48:26 - mmengine - INFO - paramwise_options -- backbone.adapter.backbone.blocks.5.mlp.fc1.weight:weight_decay=0.05
2026/06/16 14:48:26 - mmengine - INFO - paramwise_options -- backbone.adapter.backbone.blocks.5.mlp.fc1.weight:lr_mult=0.05
2026/06/16 14:48:26 - mmengine - INFO - paramwise_options -- backbone.adapter.backbone.blocks.5.mlp.fc1.weight:decay_mult=1.0
2026/06/16 14:48:26 - mmengine - INFO - paramwise_options -- backbone.adapter.backbone.blocks.5.mlp.fc1.bias:lr=5e-06
2026/06/16 14:48:26 - mmengine - INFO - paramwise_options -- backbone.adapter.backbone.blocks.5.mlp.fc1.bias:weight_decay=0.05
2026/06/16 14:48:26 - mmengine - INFO - paramwise_options -- backbone.adapter.backbone.blocks.5.mlp.fc1.bias:lr_mult=0.05
2026/06/16 14:48:26 - mmengine - INFO - paramwise_options -- backbone.adapter.backbone.blocks.5.mlp.fc1.bias:decay_mult=1.0
2026/06/16 14:48:26 - mmengine - INFO - paramwise_options -- backbone.adapter.backbone.blocks.5.mlp.fc2.weight:lr=5e-06
2026/06/16 14:48:26 - mmengine - INFO - paramwise_options -- backbone.adapter.backbone.blocks.5.mlp.fc2.weight:weight_decay=0.05
2026/06/16 14:48:26 - mmengine - INFO - paramwise_options -- backbone.adapter.backbone.blocks.5.mlp.fc2.weight:lr_mult=0.05
2026/06/16 14:48:26 - mmengine - INFO - paramwise_options -- backbone.adapter.backbone.blocks.5.mlp.fc2.weight:decay_mult=1.0
2026/06/16 14:48:26 - mmengine - INFO - paramwise_options -- backbone.adapter.backbone.blocks.5.mlp.fc2.bias:lr=5e-06
2026/06/16 14:48:26 - mmengine - INFO - paramwise_options -- backbone.adapter.backbone.blocks.5.mlp.fc2.bias:weight_decay=0.05
2026/06/16 14:48:26 - mmengine - INFO - paramwise_options -- backbone.adapter.backbone.blocks.5.mlp.fc2.bias:lr_mult=0.05
2026/06/16 14:48:26 - mmengine - INFO - paramwise_options -- backbone.adapter.backbone.blocks.5.mlp.fc2.bias:decay_mult=1.0
2026/06/16 14:48:26 - mmengine - INFO - paramwise_options -- backbone.adapter.backbone.blocks.5.ls2.gamma:lr=5e-06
2026/06/16 14:48:26 - mmengine - INFO - paramwise_options -- backbone.adapter.backbone.blocks.5.ls2.gamma:weight_decay=0.05
2026/06/16 14:48:26 - mmengine - INFO - paramwise_options -- backbone.adapter.backbone.blocks.5.ls2.gamma:lr_mult=0.05
2026/06/16 14:48:26 - mmengine - INFO - paramwise_options -- backbone.adapter.backbone.blocks.5.ls2.gamma:decay_mult=1.0
2026/06/16 14:48:26 - mmengine - INFO - paramwise_options -- backbone.adapter.backbone.blocks.6.norm1.weight:lr=5e-06
2026/06/16 14:48:26 - mmengine - INFO - paramwise_options -- backbone.adapter.backbone.blocks.6.norm1.weight:weight_decay=0.05
2026/06/16 14:48:26 - mmengine - INFO - paramwise_options -- backbone.adapter.backbone.blocks.6.norm1.weight:lr_mult=0.05
2026/06/16 14:48:26 - mmengine - INFO - paramwise_options -- backbone.adapter.backbone.blocks.6.norm1.weight:decay_mult=1.0
2026/06/16 14:48:26 - mmengine - INFO - paramwise_options -- backbone.adapter.backbone.blocks.6.norm1.bias:lr=5e-06
2026/06/16 14:48:26 - mmengine - INFO - paramwise_options -- backbone.adapter.backbone.blocks.6.norm1.bias:weight_decay=0.05
2026/06/16 14:48:26 - mmengine - INFO - paramwise_options -- backbone.adapter.backbone.blocks.6.norm1.bias:lr_mult=0.05
2026/06/16 14:48:26 - mmengine - INFO - paramwise_options -- backbone.adapter.backbone.blocks.6.norm1.bias:decay_mult=1.0
2026/06/16 14:48:26 - mmengine - INFO - paramwise_options -- backbone.adapter.backbone.blocks.6.attn.qkv.weight:lr=5e-06
2026/06/16 14:48:26 - mmengine - INFO - paramwise_options -- backbone.adapter.backbone.blocks.6.attn.qkv.weight:weight_decay=0.05
2026/06/16 14:48:26 - mmengine - INFO - paramwise_options -- backbone.adapter.backbone.blocks.6.attn.qkv.weight:lr_mult=0.05
2026/06/16 14:48:26 - mmengine - INFO - paramwise_options -- backbone.adapter.backbone.blocks.6.attn.qkv.weight:decay_mult=1.0
2026/06/16 14:48:26 - mmengine - INFO - paramwise_options -- backbone.adapter.backbone.blocks.6.attn.qkv.bias:lr=5e-06
2026/06/16 14:48:26 - mmengine - INFO - paramwise_options -- backbone.adapter.backbone.blocks.6.attn.qkv.bias:weight_decay=0.05
2026/06/16 14:48:26 - mmengine - INFO - paramwise_options -- backbone.adapter.backbone.blocks.6.attn.qkv.bias:lr_mult=0.05
2026/06/16 14:48:26 - mmengine - INFO - paramwise_options -- backbone.adapter.backbone.blocks.6.attn.qkv.bias:decay_mult=1.0
2026/06/16 14:48:26 - mmengine - INFO - paramwise_options -- backbone.adapter.backbone.blocks.6.attn.proj.weight:lr=5e-06
2026/06/16 14:48:26 - mmengine - INFO - paramwise_options -- backbone.adapter.backbone.blocks.6.attn.proj.weight:weight_decay=0.05
2026/06/16 14:48:26 - mmengine - INFO - paramwise_options -- backbone.adapter.backbone.blocks.6.attn.proj.weight:lr_mult=0.05
2026/06/16 14:48:26 - mmengine - INFO - paramwise_options -- backbone.adapter.backbone.blocks.6.attn.proj.weight:decay_mult=1.0
2026/06/16 14:48:26 - mmengine - INFO - paramwise_options -- backbone.adapter.backbone.blocks.6.attn.proj.bias:lr=5e-06
2026/06/16 14:48:26 - mmengine - INFO - paramwise_options -- backbone.adapter.backbone.blocks.6.attn.proj.bias:weight_decay=0.05
2026/06/16 14:48:26 - mmengine - INFO - paramwise_options -- backbone.adapter.backbone.blocks.6.attn.proj.bias:lr_mult=0.05
2026/06/16 14:48:26 - mmengine - INFO - paramwise_options -- backbone.adapter.backbone.blocks.6.attn.proj.bias:decay_mult=1.0
2026/06/16 14:48:26 - mmengine - INFO - paramwise_options -- backbone.adapter.backbone.blocks.6.ls1.gamma:lr=5e-06
2026/06/16 14:48:26 - mmengine - INFO - paramwise_options -- backbone.adapter.backbone.blocks.6.ls1.gamma:weight_decay=0.05
2026/06/16 14:48:26 - mmengine - INFO - paramwise_options -- backbone.adapter.backbone.blocks.6.ls1.gamma:lr_mult=0.05
2026/06/16 14:48:26 - mmengine - INFO - paramwise_options -- backbone.adapter.backbone.blocks.6.ls1.gamma:decay_mult=1.0
2026/06/16 14:48:26 - mmengine - INFO - paramwise_options -- backbone.adapter.backbone.blocks.6.norm2.weight:lr=5e-06
2026/06/16 14:48:26 - mmengine - INFO - paramwise_options -- backbone.adapter.backbone.blocks.6.norm2.weight:weight_decay=0.05
2026/06/16 14:48:26 - mmengine - INFO - paramwise_options -- backbone.adapter.backbone.blocks.6.norm2.weight:lr_mult=0.05
2026/06/16 14:48:26 - mmengine - INFO - paramwise_options -- backbone.adapter.backbone.blocks.6.norm2.weight:decay_mult=1.0
2026/06/16 14:48:26 - mmengine - INFO - paramwise_options -- backbone.adapter.backbone.blocks.6.norm2.bias:lr=5e-06
2026/06/16 14:48:26 - mmengine - INFO - paramwise_options -- backbone.adapter.backbone.blocks.6.norm2.bias:weight_decay=0.05
2026/06/16 14:48:26 - mmengine - INFO - paramwise_options -- backbone.adapter.backbone.blocks.6.norm2.bias:lr_mult=0.05
2026/06/16 14:48:26 - mmengine - INFO - paramwise_options -- backbone.adapter.backbone.blocks.6.norm2.bias:decay_mult=1.0
2026/06/16 14:48:26 - mmengine - INFO - paramwise_options -- backbone.adapter.backbone.blocks.6.mlp.fc1.weight:lr=5e-06
2026/06/16 14:48:26 - mmengine - INFO - paramwise_options -- backbone.adapter.backbone.blocks.6.mlp.fc1.weight:weight_decay=0.05
2026/06/16 14:48:26 - mmengine - INFO - paramwise_options -- backbone.adapter.backbone.blocks.6.mlp.fc1.weight:lr_mult=0.05
2026/06/16 14:48:26 - mmengine - INFO - paramwise_options -- backbone.adapter.backbone.blocks.6.mlp.fc1.weight:decay_mult=1.0
2026/06/16 14:48:26 - mmengine - INFO - paramwise_options -- backbone.adapter.backbone.blocks.6.mlp.fc1.bias:lr=5e-06
2026/06/16 14:48:26 - mmengine - INFO - paramwise_options -- backbone.adapter.backbone.blocks.6.mlp.fc1.bias:weight_decay=0.05
2026/06/16 14:48:26 - mmengine - INFO - paramwise_options -- backbone.adapter.backbone.blocks.6.mlp.fc1.bias:lr_mult=0.05
2026/06/16 14:48:26 - mmengine - INFO - paramwise_options -- backbone.adapter.backbone.blocks.6.mlp.fc1.bias:decay_mult=1.0
2026/06/16 14:48:26 - mmengine - INFO - paramwise_options -- backbone.adapter.backbone.blocks.6.mlp.fc2.weight:lr=5e-06
2026/06/16 14:48:26 - mmengine - INFO - paramwise_options -- backbone.adapter.backbone.blocks.6.mlp.fc2.weight:weight_decay=0.05
2026/06/16 14:48:26 - mmengine - INFO - paramwise_options -- backbone.adapter.backbone.blocks.6.mlp.fc2.weight:lr_mult=0.05
2026/06/16 14:48:26 - mmengine - INFO - paramwise_options -- backbone.adapter.backbone.blocks.6.mlp.fc2.weight:decay_mult=1.0
2026/06/16 14:48:26 - mmengine - INFO - paramwise_options -- backbone.adapter.backbone.blocks.6.mlp.fc2.bias:lr=5e-06
2026/06/16 14:48:26 - mmengine - INFO - paramwise_options -- backbone.adapter.backbone.blocks.6.mlp.fc2.bias:weight_decay=0.05
2026/06/16 14:48:26 - mmengine - INFO - paramwise_options -- backbone.adapter.backbone.blocks.6.mlp.fc2.bias:lr_mult=0.05
2026/06/16 14:48:26 - mmengine - INFO - paramwise_options -- backbone.adapter.backbone.blocks.6.mlp.fc2.bias:decay_mult=1.0
2026/06/16 14:48:26 - mmengine - INFO - paramwise_options -- backbone.adapter.backbone.blocks.6.ls2.gamma:lr=5e-06
2026/06/16 14:48:26 - mmengine - INFO - paramwise_options -- backbone.adapter.backbone.blocks.6.ls2.gamma:weight_decay=0.05
2026/06/16 14:48:26 - mmengine - INFO - paramwise_options -- backbone.adapter.backbone.blocks.6.ls2.gamma:lr_mult=0.05
2026/06/16 14:48:26 - mmengine - INFO - paramwise_options -- backbone.adapter.backbone.blocks.6.ls2.gamma:decay_mult=1.0
2026/06/16 14:48:26 - mmengine - INFO - paramwise_options -- backbone.adapter.backbone.blocks.7.norm1.weight:lr=5e-06
2026/06/16 14:48:26 - mmengine - INFO - paramwise_options -- backbone.adapter.backbone.blocks.7.norm1.weight:weight_decay=0.05
2026/06/16 14:48:26 - mmengine - INFO - paramwise_options -- backbone.adapter.backbone.blocks.7.norm1.weight:lr_mult=0.05
2026/06/16 14:48:26 - mmengine - INFO - paramwise_options -- backbone.adapter.backbone.blocks.7.norm1.weight:decay_mult=1.0
2026/06/16 14:48:26 - mmengine - INFO - paramwise_options -- backbone.adapter.backbone.blocks.7.norm1.bias:lr=5e-06
2026/06/16 14:48:26 - mmengine - INFO - paramwise_options -- backbone.adapter.backbone.blocks.7.norm1.bias:weight_decay=0.05
2026/06/16 14:48:26 - mmengine - INFO - paramwise_options -- backbone.adapter.backbone.blocks.7.norm1.bias:lr_mult=0.05
2026/06/16 14:48:26 - mmengine - INFO - paramwise_options -- backbone.adapter.backbone.blocks.7.norm1.bias:decay_mult=1.0
2026/06/16 14:48:26 - mmengine - INFO - paramwise_options -- backbone.adapter.backbone.blocks.7.attn.qkv.weight:lr=5e-06
2026/06/16 14:48:26 - mmengine - INFO - paramwise_options -- backbone.adapter.backbone.blocks.7.attn.qkv.weight:weight_decay=0.05
2026/06/16 14:48:26 - mmengine - INFO - paramwise_options -- backbone.adapter.backbone.blocks.7.attn.qkv.weight:lr_mult=0.05
2026/06/16 14:48:26 - mmengine - INFO - paramwise_options -- backbone.adapter.backbone.blocks.7.attn.qkv.weight:decay_mult=1.0
2026/06/16 14:48:26 - mmengine - INFO - paramwise_options -- backbone.adapter.backbone.blocks.7.attn.qkv.bias:lr=5e-06
2026/06/16 14:48:26 - mmengine - INFO - paramwise_options -- backbone.adapter.backbone.blocks.7.attn.qkv.bias:weight_decay=0.05
2026/06/16 14:48:26 - mmengine - INFO - paramwise_options -- backbone.adapter.backbone.blocks.7.attn.qkv.bias:lr_mult=0.05
2026/06/16 14:48:26 - mmengine - INFO - paramwise_options -- backbone.adapter.backbone.blocks.7.attn.qkv.bias:decay_mult=1.0
2026/06/16 14:48:26 - mmengine - INFO - paramwise_options -- backbone.adapter.backbone.blocks.7.attn.proj.weight:lr=5e-06
2026/06/16 14:48:26 - mmengine - INFO - paramwise_options -- backbone.adapter.backbone.blocks.7.attn.proj.weight:weight_decay=0.05
2026/06/16 14:48:26 - mmengine - INFO - paramwise_options -- backbone.adapter.backbone.blocks.7.attn.proj.weight:lr_mult=0.05
2026/06/16 14:48:26 - mmengine - INFO - paramwise_options -- backbone.adapter.backbone.blocks.7.attn.proj.weight:decay_mult=1.0
2026/06/16 14:48:26 - mmengine - INFO - paramwise_options -- backbone.adapter.backbone.blocks.7.attn.proj.bias:lr=5e-06
2026/06/16 14:48:26 - mmengine - INFO - paramwise_options -- backbone.adapter.backbone.blocks.7.attn.proj.bias:weight_decay=0.05
2026/06/16 14:48:26 - mmengine - INFO - paramwise_options -- backbone.adapter.backbone.blocks.7.attn.proj.bias:lr_mult=0.05
2026/06/16 14:48:26 - mmengine - INFO - paramwise_options -- backbone.adapter.backbone.blocks.7.attn.proj.bias:decay_mult=1.0
2026/06/16 14:48:26 - mmengine - INFO - paramwise_options -- backbone.adapter.backbone.blocks.7.ls1.gamma:lr=5e-06
2026/06/16 14:48:26 - mmengine - INFO - paramwise_options -- backbone.adapter.backbone.blocks.7.ls1.gamma:weight_decay=0.05
2026/06/16 14:48:26 - mmengine - INFO - paramwise_options -- backbone.adapter.backbone.blocks.7.ls1.gamma:lr_mult=0.05
2026/06/16 14:48:26 - mmengine - INFO - paramwise_options -- backbone.adapter.backbone.blocks.7.ls1.gamma:decay_mult=1.0
2026/06/16 14:48:26 - mmengine - INFO - paramwise_options -- backbone.adapter.backbone.blocks.7.norm2.weight:lr=5e-06
2026/06/16 14:48:26 - mmengine - INFO - paramwise_options -- backbone.adapter.backbone.blocks.7.norm2.weight:weight_decay=0.05
2026/06/16 14:48:26 - mmengine - INFO - paramwise_options -- backbone.adapter.backbone.blocks.7.norm2.weight:lr_mult=0.05
2026/06/16 14:48:26 - mmengine - INFO - paramwise_options -- backbone.adapter.backbone.blocks.7.norm2.weight:decay_mult=1.0
2026/06/16 14:48:26 - mmengine - INFO - paramwise_options -- backbone.adapter.backbone.blocks.7.norm2.bias:lr=5e-06
2026/06/16 14:48:26 - mmengine - INFO - paramwise_options -- backbone.adapter.backbone.blocks.7.norm2.bias:weight_decay=0.05
2026/06/16 14:48:26 - mmengine - INFO - paramwise_options -- backbone.adapter.backbone.blocks.7.norm2.bias:lr_mult=0.05
2026/06/16 14:48:26 - mmengine - INFO - paramwise_options -- backbone.adapter.backbone.blocks.7.norm2.bias:decay_mult=1.0
2026/06/16 14:48:26 - mmengine - INFO - paramwise_options -- backbone.adapter.backbone.blocks.7.mlp.fc1.weight:lr=5e-06
2026/06/16 14:48:26 - mmengine - INFO - paramwise_options -- backbone.adapter.backbone.blocks.7.mlp.fc1.weight:weight_decay=0.05
2026/06/16 14:48:26 - mmengine - INFO - paramwise_options -- backbone.adapter.backbone.blocks.7.mlp.fc1.weight:lr_mult=0.05
2026/06/16 14:48:26 - mmengine - INFO - paramwise_options -- backbone.adapter.backbone.blocks.7.mlp.fc1.weight:decay_mult=1.0
2026/06/16 14:48:26 - mmengine - INFO - paramwise_options -- backbone.adapter.backbone.blocks.7.mlp.fc1.bias:lr=5e-06
2026/06/16 14:48:26 - mmengine - INFO - paramwise_options -- backbone.adapter.backbone.blocks.7.mlp.fc1.bias:weight_decay=0.05
2026/06/16 14:48:26 - mmengine - INFO - paramwise_options -- backbone.adapter.backbone.blocks.7.mlp.fc1.bias:lr_mult=0.05
2026/06/16 14:48:26 - mmengine - INFO - paramwise_options -- backbone.adapter.backbone.blocks.7.mlp.fc1.bias:decay_mult=1.0
2026/06/16 14:48:26 - mmengine - INFO - paramwise_options -- backbone.adapter.backbone.blocks.7.mlp.fc2.weight:lr=5e-06
2026/06/16 14:48:26 - mmengine - INFO - paramwise_options -- backbone.adapter.backbone.blocks.7.mlp.fc2.weight:weight_decay=0.05
2026/06/16 14:48:26 - mmengine - INFO - paramwise_options -- backbone.adapter.backbone.blocks.7.mlp.fc2.weight:lr_mult=0.05
2026/06/16 14:48:26 - mmengine - INFO - paramwise_options -- backbone.adapter.backbone.blocks.7.mlp.fc2.weight:decay_mult=1.0
2026/06/16 14:48:26 - mmengine - INFO - paramwise_options -- backbone.adapter.backbone.blocks.7.mlp.fc2.bias:lr=5e-06
2026/06/16 14:48:26 - mmengine - INFO - paramwise_options -- backbone.adapter.backbone.blocks.7.mlp.fc2.bias:weight_decay=0.05
2026/06/16 14:48:26 - mmengine - INFO - paramwise_options -- backbone.adapter.backbone.blocks.7.mlp.fc2.bias:lr_mult=0.05
2026/06/16 14:48:26 - mmengine - INFO - paramwise_options -- backbone.adapter.backbone.blocks.7.mlp.fc2.bias:decay_mult=1.0
2026/06/16 14:48:26 - mmengine - INFO - paramwise_options -- backbone.adapter.backbone.blocks.7.ls2.gamma:lr=5e-06
2026/06/16 14:48:26 - mmengine - INFO - paramwise_options -- backbone.adapter.backbone.blocks.7.ls2.gamma:weight_decay=0.05
2026/06/16 14:48:26 - mmengine - INFO - paramwise_options -- backbone.adapter.backbone.blocks.7.ls2.gamma:lr_mult=0.05
2026/06/16 14:48:26 - mmengine - INFO - paramwise_options -- backbone.adapter.backbone.blocks.7.ls2.gamma:decay_mult=1.0
2026/06/16 14:48:26 - mmengine - INFO - paramwise_options -- backbone.adapter.backbone.blocks.8.norm1.weight:lr=5e-06
2026/06/16 14:48:26 - mmengine - INFO - paramwise_options -- backbone.adapter.backbone.blocks.8.norm1.weight:weight_decay=0.05
2026/06/16 14:48:26 - mmengine - INFO - paramwise_options -- backbone.adapter.backbone.blocks.8.norm1.weight:lr_mult=0.05
2026/06/16 14:48:26 - mmengine - INFO - paramwise_options -- backbone.adapter.backbone.blocks.8.norm1.weight:decay_mult=1.0
2026/06/16 14:48:26 - mmengine - INFO - paramwise_options -- backbone.adapter.backbone.blocks.8.norm1.bias:lr=5e-06
2026/06/16 14:48:26 - mmengine - INFO - paramwise_options -- backbone.adapter.backbone.blocks.8.norm1.bias:weight_decay=0.05
2026/06/16 14:48:26 - mmengine - INFO - paramwise_options -- backbone.adapter.backbone.blocks.8.norm1.bias:lr_mult=0.05
2026/06/16 14:48:26 - mmengine - INFO - paramwise_options -- backbone.adapter.backbone.blocks.8.norm1.bias:decay_mult=1.0
2026/06/16 14:48:26 - mmengine - INFO - paramwise_options -- backbone.adapter.backbone.blocks.8.attn.qkv.weight:lr=5e-06
2026/06/16 14:48:26 - mmengine - INFO - paramwise_options -- backbone.adapter.backbone.blocks.8.attn.qkv.weight:weight_decay=0.05
2026/06/16 14:48:26 - mmengine - INFO - paramwise_options -- backbone.adapter.backbone.blocks.8.attn.qkv.weight:lr_mult=0.05
2026/06/16 14:48:26 - mmengine - INFO - paramwise_options -- backbone.adapter.backbone.blocks.8.attn.qkv.weight:decay_mult=1.0
2026/06/16 14:48:26 - mmengine - INFO - paramwise_options -- backbone.adapter.backbone.blocks.8.attn.qkv.bias:lr=5e-06
2026/06/16 14:48:26 - mmengine - INFO - paramwise_options -- backbone.adapter.backbone.blocks.8.attn.qkv.bias:weight_decay=0.05
2026/06/16 14:48:26 - mmengine - INFO - paramwise_options -- backbone.adapter.backbone.blocks.8.attn.qkv.bias:lr_mult=0.05
2026/06/16 14:48:26 - mmengine - INFO - paramwise_options -- backbone.adapter.backbone.blocks.8.attn.qkv.bias:decay_mult=1.0
2026/06/16 14:48:26 - mmengine - INFO - paramwise_options -- backbone.adapter.backbone.blocks.8.attn.proj.weight:lr=5e-06
2026/06/16 14:48:26 - mmengine - INFO - paramwise_options -- backbone.adapter.backbone.blocks.8.attn.proj.weight:weight_decay=0.05
2026/06/16 14:48:26 - mmengine - INFO - paramwise_options -- backbone.adapter.backbone.blocks.8.attn.proj.weight:lr_mult=0.05
2026/06/16 14:48:26 - mmengine - INFO - paramwise_options -- backbone.adapter.backbone.blocks.8.attn.proj.weight:decay_mult=1.0
2026/06/16 14:48:26 - mmengine - INFO - paramwise_options -- backbone.adapter.backbone.blocks.8.attn.proj.bias:lr=5e-06
2026/06/16 14:48:26 - mmengine - INFO - paramwise_options -- backbone.adapter.backbone.blocks.8.attn.proj.bias:weight_decay=0.05
2026/06/16 14:48:26 - mmengine - INFO - paramwise_options -- backbone.adapter.backbone.blocks.8.attn.proj.bias:lr_mult=0.05
2026/06/16 14:48:26 - mmengine - INFO - paramwise_options -- backbone.adapter.backbone.blocks.8.attn.proj.bias:decay_mult=1.0
2026/06/16 14:48:26 - mmengine - INFO - paramwise_options -- backbone.adapter.backbone.blocks.8.ls1.gamma:lr=5e-06
2026/06/16 14:48:26 - mmengine - INFO - paramwise_options -- backbone.adapter.backbone.blocks.8.ls1.gamma:weight_decay=0.05
2026/06/16 14:48:26 - mmengine - INFO - paramwise_options -- backbone.adapter.backbone.blocks.8.ls1.gamma:lr_mult=0.05
2026/06/16 14:48:26 - mmengine - INFO - paramwise_options -- backbone.adapter.backbone.blocks.8.ls1.gamma:decay_mult=1.0
2026/06/16 14:48:26 - mmengine - INFO - paramwise_options -- backbone.adapter.backbone.blocks.8.norm2.weight:lr=5e-06
2026/06/16 14:48:26 - mmengine - INFO - paramwise_options -- backbone.adapter.backbone.blocks.8.norm2.weight:weight_decay=0.05
2026/06/16 14:48:26 - mmengine - INFO - paramwise_options -- backbone.adapter.backbone.blocks.8.norm2.weight:lr_mult=0.05
2026/06/16 14:48:26 - mmengine - INFO - paramwise_options -- backbone.adapter.backbone.blocks.8.norm2.weight:decay_mult=1.0
2026/06/16 14:48:26 - mmengine - INFO - paramwise_options -- backbone.adapter.backbone.blocks.8.norm2.bias:lr=5e-06
2026/06/16 14:48:26 - mmengine - INFO - paramwise_options -- backbone.adapter.backbone.blocks.8.norm2.bias:weight_decay=0.05
2026/06/16 14:48:26 - mmengine - INFO - paramwise_options -- backbone.adapter.backbone.blocks.8.norm2.bias:lr_mult=0.05
2026/06/16 14:48:26 - mmengine - INFO - paramwise_options -- backbone.adapter.backbone.blocks.8.norm2.bias:decay_mult=1.0
2026/06/16 14:48:26 - mmengine - INFO - paramwise_options -- backbone.adapter.backbone.blocks.8.mlp.fc1.weight:lr=5e-06
2026/06/16 14:48:26 - mmengine - INFO - paramwise_options -- backbone.adapter.backbone.blocks.8.mlp.fc1.weight:weight_decay=0.05
2026/06/16 14:48:26 - mmengine - INFO - paramwise_options -- backbone.adapter.backbone.blocks.8.mlp.fc1.weight:lr_mult=0.05
2026/06/16 14:48:26 - mmengine - INFO - paramwise_options -- backbone.adapter.backbone.blocks.8.mlp.fc1.weight:decay_mult=1.0
2026/06/16 14:48:26 - mmengine - INFO - paramwise_options -- backbone.adapter.backbone.blocks.8.mlp.fc1.bias:lr=5e-06
2026/06/16 14:48:26 - mmengine - INFO - paramwise_options -- backbone.adapter.backbone.blocks.8.mlp.fc1.bias:weight_decay=0.05
2026/06/16 14:48:26 - mmengine - INFO - paramwise_options -- backbone.adapter.backbone.blocks.8.mlp.fc1.bias:lr_mult=0.05
2026/06/16 14:48:26 - mmengine - INFO - paramwise_options -- backbone.adapter.backbone.blocks.8.mlp.fc1.bias:decay_mult=1.0
2026/06/16 14:48:26 - mmengine - INFO - paramwise_options -- backbone.adapter.backbone.blocks.8.mlp.fc2.weight:lr=5e-06
2026/06/16 14:48:26 - mmengine - INFO - paramwise_options -- backbone.adapter.backbone.blocks.8.mlp.fc2.weight:weight_decay=0.05
2026/06/16 14:48:26 - mmengine - INFO - paramwise_options -- backbone.adapter.backbone.blocks.8.mlp.fc2.weight:lr_mult=0.05
2026/06/16 14:48:26 - mmengine - INFO - paramwise_options -- backbone.adapter.backbone.blocks.8.mlp.fc2.weight:decay_mult=1.0
2026/06/16 14:48:26 - mmengine - INFO - paramwise_options -- backbone.adapter.backbone.blocks.8.mlp.fc2.bias:lr=5e-06
2026/06/16 14:48:26 - mmengine - INFO - paramwise_options -- backbone.adapter.backbone.blocks.8.mlp.fc2.bias:weight_decay=0.05
2026/06/16 14:48:26 - mmengine - INFO - paramwise_options -- backbone.adapter.backbone.blocks.8.mlp.fc2.bias:lr_mult=0.05
2026/06/16 14:48:26 - mmengine - INFO - paramwise_options -- backbone.adapter.backbone.blocks.8.mlp.fc2.bias:decay_mult=1.0
2026/06/16 14:48:26 - mmengine - INFO - paramwise_options -- backbone.adapter.backbone.blocks.8.ls2.gamma:lr=5e-06
2026/06/16 14:48:26 - mmengine - INFO - paramwise_options -- backbone.adapter.backbone.blocks.8.ls2.gamma:weight_decay=0.05
2026/06/16 14:48:26 - mmengine - INFO - paramwise_options -- backbone.adapter.backbone.blocks.8.ls2.gamma:lr_mult=0.05
2026/06/16 14:48:26 - mmengine - INFO - paramwise_options -- backbone.adapter.backbone.blocks.8.ls2.gamma:decay_mult=1.0
2026/06/16 14:48:26 - mmengine - INFO - paramwise_options -- backbone.adapter.backbone.blocks.9.norm1.weight:lr=5e-06
2026/06/16 14:48:26 - mmengine - INFO - paramwise_options -- backbone.adapter.backbone.blocks.9.norm1.weight:weight_decay=0.05
2026/06/16 14:48:26 - mmengine - INFO - paramwise_options -- backbone.adapter.backbone.blocks.9.norm1.weight:lr_mult=0.05
2026/06/16 14:48:26 - mmengine - INFO - paramwise_options -- backbone.adapter.backbone.blocks.9.norm1.weight:decay_mult=1.0
2026/06/16 14:48:26 - mmengine - INFO - paramwise_options -- backbone.adapter.backbone.blocks.9.norm1.bias:lr=5e-06
2026/06/16 14:48:26 - mmengine - INFO - paramwise_options -- backbone.adapter.backbone.blocks.9.norm1.bias:weight_decay=0.05
2026/06/16 14:48:26 - mmengine - INFO - paramwise_options -- backbone.adapter.backbone.blocks.9.norm1.bias:lr_mult=0.05
2026/06/16 14:48:26 - mmengine - INFO - paramwise_options -- backbone.adapter.backbone.blocks.9.norm1.bias:decay_mult=1.0
2026/06/16 14:48:26 - mmengine - INFO - paramwise_options -- backbone.adapter.backbone.blocks.9.attn.qkv.weight:lr=5e-06
2026/06/16 14:48:26 - mmengine - INFO - paramwise_options -- backbone.adapter.backbone.blocks.9.attn.qkv.weight:weight_decay=0.05
2026/06/16 14:48:26 - mmengine - INFO - paramwise_options -- backbone.adapter.backbone.blocks.9.attn.qkv.weight:lr_mult=0.05
2026/06/16 14:48:26 - mmengine - INFO - paramwise_options -- backbone.adapter.backbone.blocks.9.attn.qkv.weight:decay_mult=1.0
2026/06/16 14:48:26 - mmengine - INFO - paramwise_options -- backbone.adapter.backbone.blocks.9.attn.qkv.bias:lr=5e-06
2026/06/16 14:48:26 - mmengine - INFO - paramwise_options -- backbone.adapter.backbone.blocks.9.attn.qkv.bias:weight_decay=0.05
2026/06/16 14:48:26 - mmengine - INFO - paramwise_options -- backbone.adapter.backbone.blocks.9.attn.qkv.bias:lr_mult=0.05
2026/06/16 14:48:26 - mmengine - INFO - paramwise_options -- backbone.adapter.backbone.blocks.9.attn.qkv.bias:decay_mult=1.0
2026/06/16 14:48:26 - mmengine - INFO - paramwise_options -- backbone.adapter.backbone.blocks.9.attn.proj.weight:lr=5e-06
2026/06/16 14:48:26 - mmengine - INFO - paramwise_options -- backbone.adapter.backbone.blocks.9.attn.proj.weight:weight_decay=0.05
2026/06/16 14:48:26 - mmengine - INFO - paramwise_options -- backbone.adapter.backbone.blocks.9.attn.proj.weight:lr_mult=0.05
2026/06/16 14:48:26 - mmengine - INFO - paramwise_options -- backbone.adapter.backbone.blocks.9.attn.proj.weight:decay_mult=1.0
2026/06/16 14:48:26 - mmengine - INFO - paramwise_options -- backbone.adapter.backbone.blocks.9.attn.proj.bias:lr=5e-06
2026/06/16 14:48:26 - mmengine - INFO - paramwise_options -- backbone.adapter.backbone.blocks.9.attn.proj.bias:weight_decay=0.05
2026/06/16 14:48:26 - mmengine - INFO - paramwise_options -- backbone.adapter.backbone.blocks.9.attn.proj.bias:lr_mult=0.05
2026/06/16 14:48:26 - mmengine - INFO - paramwise_options -- backbone.adapter.backbone.blocks.9.attn.proj.bias:decay_mult=1.0
2026/06/16 14:48:26 - mmengine - INFO - paramwise_options -- backbone.adapter.backbone.blocks.9.ls1.gamma:lr=5e-06
2026/06/16 14:48:26 - mmengine - INFO - paramwise_options -- backbone.adapter.backbone.blocks.9.ls1.gamma:weight_decay=0.05
2026/06/16 14:48:26 - mmengine - INFO - paramwise_options -- backbone.adapter.backbone.blocks.9.ls1.gamma:lr_mult=0.05
2026/06/16 14:48:26 - mmengine - INFO - paramwise_options -- backbone.adapter.backbone.blocks.9.ls1.gamma:decay_mult=1.0
2026/06/16 14:48:26 - mmengine - INFO - paramwise_options -- backbone.adapter.backbone.blocks.9.norm2.weight:lr=5e-06
2026/06/16 14:48:26 - mmengine - INFO - paramwise_options -- backbone.adapter.backbone.blocks.9.norm2.weight:weight_decay=0.05
2026/06/16 14:48:26 - mmengine - INFO - paramwise_options -- backbone.adapter.backbone.blocks.9.norm2.weight:lr_mult=0.05
2026/06/16 14:48:26 - mmengine - INFO - paramwise_options -- backbone.adapter.backbone.blocks.9.norm2.weight:decay_mult=1.0
2026/06/16 14:48:26 - mmengine - INFO - paramwise_options -- backbone.adapter.backbone.blocks.9.norm2.bias:lr=5e-06
2026/06/16 14:48:26 - mmengine - INFO - paramwise_options -- backbone.adapter.backbone.blocks.9.norm2.bias:weight_decay=0.05
2026/06/16 14:48:26 - mmengine - INFO - paramwise_options -- backbone.adapter.backbone.blocks.9.norm2.bias:lr_mult=0.05
2026/06/16 14:48:26 - mmengine - INFO - paramwise_options -- backbone.adapter.backbone.blocks.9.norm2.bias:decay_mult=1.0
2026/06/16 14:48:26 - mmengine - INFO - paramwise_options -- backbone.adapter.backbone.blocks.9.mlp.fc1.weight:lr=5e-06
2026/06/16 14:48:26 - mmengine - INFO - paramwise_options -- backbone.adapter.backbone.blocks.9.mlp.fc1.weight:weight_decay=0.05
2026/06/16 14:48:26 - mmengine - INFO - paramwise_options -- backbone.adapter.backbone.blocks.9.mlp.fc1.weight:lr_mult=0.05
2026/06/16 14:48:26 - mmengine - INFO - paramwise_options -- backbone.adapter.backbone.blocks.9.mlp.fc1.weight:decay_mult=1.0
2026/06/16 14:48:26 - mmengine - INFO - paramwise_options -- backbone.adapter.backbone.blocks.9.mlp.fc1.bias:lr=5e-06
2026/06/16 14:48:26 - mmengine - INFO - paramwise_options -- backbone.adapter.backbone.blocks.9.mlp.fc1.bias:weight_decay=0.05
2026/06/16 14:48:26 - mmengine - INFO - paramwise_options -- backbone.adapter.backbone.blocks.9.mlp.fc1.bias:lr_mult=0.05
2026/06/16 14:48:26 - mmengine - INFO - paramwise_options -- backbone.adapter.backbone.blocks.9.mlp.fc1.bias:decay_mult=1.0
2026/06/16 14:48:26 - mmengine - INFO - paramwise_options -- backbone.adapter.backbone.blocks.9.mlp.fc2.weight:lr=5e-06
2026/06/16 14:48:26 - mmengine - INFO - paramwise_options -- backbone.adapter.backbone.blocks.9.mlp.fc2.weight:weight_decay=0.05
2026/06/16 14:48:26 - mmengine - INFO - paramwise_options -- backbone.adapter.backbone.blocks.9.mlp.fc2.weight:lr_mult=0.05
2026/06/16 14:48:26 - mmengine - INFO - paramwise_options -- backbone.adapter.backbone.blocks.9.mlp.fc2.weight:decay_mult=1.0
2026/06/16 14:48:26 - mmengine - INFO - paramwise_options -- backbone.adapter.backbone.blocks.9.mlp.fc2.bias:lr=5e-06
2026/06/16 14:48:26 - mmengine - INFO - paramwise_options -- backbone.adapter.backbone.blocks.9.mlp.fc2.bias:weight_decay=0.05
2026/06/16 14:48:26 - mmengine - INFO - paramwise_options -- backbone.adapter.backbone.blocks.9.mlp.fc2.bias:lr_mult=0.05
2026/06/16 14:48:26 - mmengine - INFO - paramwise_options -- backbone.adapter.backbone.blocks.9.mlp.fc2.bias:decay_mult=1.0
2026/06/16 14:48:26 - mmengine - INFO - paramwise_options -- backbone.adapter.backbone.blocks.9.ls2.gamma:lr=5e-06
2026/06/16 14:48:26 - mmengine - INFO - paramwise_options -- backbone.adapter.backbone.blocks.9.ls2.gamma:weight_decay=0.05
2026/06/16 14:48:26 - mmengine - INFO - paramwise_options -- backbone.adapter.backbone.blocks.9.ls2.gamma:lr_mult=0.05
2026/06/16 14:48:26 - mmengine - INFO - paramwise_options -- backbone.adapter.backbone.blocks.9.ls2.gamma:decay_mult=1.0
2026/06/16 14:48:26 - mmengine - INFO - paramwise_options -- backbone.adapter.backbone.blocks.10.norm1.weight:lr=5e-06
2026/06/16 14:48:26 - mmengine - INFO - paramwise_options -- backbone.adapter.backbone.blocks.10.norm1.weight:weight_decay=0.05
2026/06/16 14:48:26 - mmengine - INFO - paramwise_options -- backbone.adapter.backbone.blocks.10.norm1.weight:lr_mult=0.05
2026/06/16 14:48:26 - mmengine - INFO - paramwise_options -- backbone.adapter.backbone.blocks.10.norm1.weight:decay_mult=1.0
2026/06/16 14:48:26 - mmengine - INFO - paramwise_options -- backbone.adapter.backbone.blocks.10.norm1.bias:lr=5e-06
2026/06/16 14:48:26 - mmengine - INFO - paramwise_options -- backbone.adapter.backbone.blocks.10.norm1.bias:weight_decay=0.05
2026/06/16 14:48:26 - mmengine - INFO - paramwise_options -- backbone.adapter.backbone.blocks.10.norm1.bias:lr_mult=0.05
2026/06/16 14:48:26 - mmengine - INFO - paramwise_options -- backbone.adapter.backbone.blocks.10.norm1.bias:decay_mult=1.0
2026/06/16 14:48:26 - mmengine - INFO - paramwise_options -- backbone.adapter.backbone.blocks.10.attn.qkv.weight:lr=5e-06
2026/06/16 14:48:26 - mmengine - INFO - paramwise_options -- backbone.adapter.backbone.blocks.10.attn.qkv.weight:weight_decay=0.05
2026/06/16 14:48:26 - mmengine - INFO - paramwise_options -- backbone.adapter.backbone.blocks.10.attn.qkv.weight:lr_mult=0.05
2026/06/16 14:48:26 - mmengine - INFO - paramwise_options -- backbone.adapter.backbone.blocks.10.attn.qkv.weight:decay_mult=1.0
2026/06/16 14:48:26 - mmengine - INFO - paramwise_options -- backbone.adapter.backbone.blocks.10.attn.qkv.bias:lr=5e-06
2026/06/16 14:48:26 - mmengine - INFO - paramwise_options -- backbone.adapter.backbone.blocks.10.attn.qkv.bias:weight_decay=0.05
2026/06/16 14:48:26 - mmengine - INFO - paramwise_options -- backbone.adapter.backbone.blocks.10.attn.qkv.bias:lr_mult=0.05
2026/06/16 14:48:26 - mmengine - INFO - paramwise_options -- backbone.adapter.backbone.blocks.10.attn.qkv.bias:decay_mult=1.0
2026/06/16 14:48:26 - mmengine - INFO - paramwise_options -- backbone.adapter.backbone.blocks.10.attn.proj.weight:lr=5e-06
2026/06/16 14:48:26 - mmengine - INFO - paramwise_options -- backbone.adapter.backbone.blocks.10.attn.proj.weight:weight_decay=0.05
2026/06/16 14:48:26 - mmengine - INFO - paramwise_options -- backbone.adapter.backbone.blocks.10.attn.proj.weight:lr_mult=0.05
2026/06/16 14:48:26 - mmengine - INFO - paramwise_options -- backbone.adapter.backbone.blocks.10.attn.proj.weight:decay_mult=1.0
2026/06/16 14:48:26 - mmengine - INFO - paramwise_options -- backbone.adapter.backbone.blocks.10.attn.proj.bias:lr=5e-06
2026/06/16 14:48:26 - mmengine - INFO - paramwise_options -- backbone.adapter.backbone.blocks.10.attn.proj.bias:weight_decay=0.05
2026/06/16 14:48:26 - mmengine - INFO - paramwise_options -- backbone.adapter.backbone.blocks.10.attn.proj.bias:lr_mult=0.05
2026/06/16 14:48:26 - mmengine - INFO - paramwise_options -- backbone.adapter.backbone.blocks.10.attn.proj.bias:decay_mult=1.0
2026/06/16 14:48:26 - mmengine - INFO - paramwise_options -- backbone.adapter.backbone.blocks.10.ls1.gamma:lr=5e-06
2026/06/16 14:48:26 - mmengine - INFO - paramwise_options -- backbone.adapter.backbone.blocks.10.ls1.gamma:weight_decay=0.05
2026/06/16 14:48:26 - mmengine - INFO - paramwise_options -- backbone.adapter.backbone.blocks.10.ls1.gamma:lr_mult=0.05
2026/06/16 14:48:26 - mmengine - INFO - paramwise_options -- backbone.adapter.backbone.blocks.10.ls1.gamma:decay_mult=1.0
2026/06/16 14:48:26 - mmengine - INFO - paramwise_options -- backbone.adapter.backbone.blocks.10.norm2.weight:lr=5e-06
2026/06/16 14:48:26 - mmengine - INFO - paramwise_options -- backbone.adapter.backbone.blocks.10.norm2.weight:weight_decay=0.05
2026/06/16 14:48:26 - mmengine - INFO - paramwise_options -- backbone.adapter.backbone.blocks.10.norm2.weight:lr_mult=0.05
2026/06/16 14:48:26 - mmengine - INFO - paramwise_options -- backbone.adapter.backbone.blocks.10.norm2.weight:decay_mult=1.0
2026/06/16 14:48:26 - mmengine - INFO - paramwise_options -- backbone.adapter.backbone.blocks.10.norm2.bias:lr=5e-06
2026/06/16 14:48:26 - mmengine - INFO - paramwise_options -- backbone.adapter.backbone.blocks.10.norm2.bias:weight_decay=0.05
2026/06/16 14:48:26 - mmengine - INFO - paramwise_options -- backbone.adapter.backbone.blocks.10.norm2.bias:lr_mult=0.05
2026/06/16 14:48:26 - mmengine - INFO - paramwise_options -- backbone.adapter.backbone.blocks.10.norm2.bias:decay_mult=1.0
2026/06/16 14:48:26 - mmengine - INFO - paramwise_options -- backbone.adapter.backbone.blocks.10.mlp.fc1.weight:lr=5e-06
2026/06/16 14:48:26 - mmengine - INFO - paramwise_options -- backbone.adapter.backbone.blocks.10.mlp.fc1.weight:weight_decay=0.05
2026/06/16 14:48:26 - mmengine - INFO - paramwise_options -- backbone.adapter.backbone.blocks.10.mlp.fc1.weight:lr_mult=0.05
2026/06/16 14:48:26 - mmengine - INFO - paramwise_options -- backbone.adapter.backbone.blocks.10.mlp.fc1.weight:decay_mult=1.0
2026/06/16 14:48:26 - mmengine - INFO - paramwise_options -- backbone.adapter.backbone.blocks.10.mlp.fc1.bias:lr=5e-06
2026/06/16 14:48:26 - mmengine - INFO - paramwise_options -- backbone.adapter.backbone.blocks.10.mlp.fc1.bias:weight_decay=0.05
2026/06/16 14:48:26 - mmengine - INFO - paramwise_options -- backbone.adapter.backbone.blocks.10.mlp.fc1.bias:lr_mult=0.05
2026/06/16 14:48:26 - mmengine - INFO - paramwise_options -- backbone.adapter.backbone.blocks.10.mlp.fc1.bias:decay_mult=1.0
2026/06/16 14:48:26 - mmengine - INFO - paramwise_options -- backbone.adapter.backbone.blocks.10.mlp.fc2.weight:lr=5e-06
2026/06/16 14:48:26 - mmengine - INFO - paramwise_options -- backbone.adapter.backbone.blocks.10.mlp.fc2.weight:weight_decay=0.05
2026/06/16 14:48:26 - mmengine - INFO - paramwise_options -- backbone.adapter.backbone.blocks.10.mlp.fc2.weight:lr_mult=0.05
2026/06/16 14:48:26 - mmengine - INFO - paramwise_options -- backbone.adapter.backbone.blocks.10.mlp.fc2.weight:decay_mult=1.0
2026/06/16 14:48:26 - mmengine - INFO - paramwise_options -- backbone.adapter.backbone.blocks.10.mlp.fc2.bias:lr=5e-06
2026/06/16 14:48:26 - mmengine - INFO - paramwise_options -- backbone.adapter.backbone.blocks.10.mlp.fc2.bias:weight_decay=0.05
2026/06/16 14:48:26 - mmengine - INFO - paramwise_options -- backbone.adapter.backbone.blocks.10.mlp.fc2.bias:lr_mult=0.05
2026/06/16 14:48:26 - mmengine - INFO - paramwise_options -- backbone.adapter.backbone.blocks.10.mlp.fc2.bias:decay_mult=1.0
2026/06/16 14:48:26 - mmengine - INFO - paramwise_options -- backbone.adapter.backbone.blocks.10.ls2.gamma:lr=5e-06
2026/06/16 14:48:26 - mmengine - INFO - paramwise_options -- backbone.adapter.backbone.blocks.10.ls2.gamma:weight_decay=0.05
2026/06/16 14:48:26 - mmengine - INFO - paramwise_options -- backbone.adapter.backbone.blocks.10.ls2.gamma:lr_mult=0.05
2026/06/16 14:48:26 - mmengine - INFO - paramwise_options -- backbone.adapter.backbone.blocks.10.ls2.gamma:decay_mult=1.0
2026/06/16 14:48:26 - mmengine - INFO - paramwise_options -- backbone.adapter.backbone.blocks.11.norm1.weight:lr=5e-06
2026/06/16 14:48:26 - mmengine - INFO - paramwise_options -- backbone.adapter.backbone.blocks.11.norm1.weight:weight_decay=0.05
2026/06/16 14:48:26 - mmengine - INFO - paramwise_options -- backbone.adapter.backbone.blocks.11.norm1.weight:lr_mult=0.05
2026/06/16 14:48:26 - mmengine - INFO - paramwise_options -- backbone.adapter.backbone.blocks.11.norm1.weight:decay_mult=1.0
2026/06/16 14:48:26 - mmengine - INFO - paramwise_options -- backbone.adapter.backbone.blocks.11.norm1.bias:lr=5e-06
2026/06/16 14:48:26 - mmengine - INFO - paramwise_options -- backbone.adapter.backbone.blocks.11.norm1.bias:weight_decay=0.05
2026/06/16 14:48:26 - mmengine - INFO - paramwise_options -- backbone.adapter.backbone.blocks.11.norm1.bias:lr_mult=0.05
2026/06/16 14:48:26 - mmengine - INFO - paramwise_options -- backbone.adapter.backbone.blocks.11.norm1.bias:decay_mult=1.0
2026/06/16 14:48:26 - mmengine - INFO - paramwise_options -- backbone.adapter.backbone.blocks.11.attn.qkv.weight:lr=5e-06
2026/06/16 14:48:26 - mmengine - INFO - paramwise_options -- backbone.adapter.backbone.blocks.11.attn.qkv.weight:weight_decay=0.05
2026/06/16 14:48:26 - mmengine - INFO - paramwise_options -- backbone.adapter.backbone.blocks.11.attn.qkv.weight:lr_mult=0.05
2026/06/16 14:48:26 - mmengine - INFO - paramwise_options -- backbone.adapter.backbone.blocks.11.attn.qkv.weight:decay_mult=1.0
2026/06/16 14:48:26 - mmengine - INFO - paramwise_options -- backbone.adapter.backbone.blocks.11.attn.qkv.bias:lr=5e-06
2026/06/16 14:48:26 - mmengine - INFO - paramwise_options -- backbone.adapter.backbone.blocks.11.attn.qkv.bias:weight_decay=0.05
2026/06/16 14:48:26 - mmengine - INFO - paramwise_options -- backbone.adapter.backbone.blocks.11.attn.qkv.bias:lr_mult=0.05
2026/06/16 14:48:26 - mmengine - INFO - paramwise_options -- backbone.adapter.backbone.blocks.11.attn.qkv.bias:decay_mult=1.0
2026/06/16 14:48:26 - mmengine - INFO - paramwise_options -- backbone.adapter.backbone.blocks.11.attn.proj.weight:lr=5e-06
2026/06/16 14:48:26 - mmengine - INFO - paramwise_options -- backbone.adapter.backbone.blocks.11.attn.proj.weight:weight_decay=0.05
2026/06/16 14:48:26 - mmengine - INFO - paramwise_options -- backbone.adapter.backbone.blocks.11.attn.proj.weight:lr_mult=0.05
2026/06/16 14:48:26 - mmengine - INFO - paramwise_options -- backbone.adapter.backbone.blocks.11.attn.proj.weight:decay_mult=1.0
2026/06/16 14:48:26 - mmengine - INFO - paramwise_options -- backbone.adapter.backbone.blocks.11.attn.proj.bias:lr=5e-06
2026/06/16 14:48:26 - mmengine - INFO - paramwise_options -- backbone.adapter.backbone.blocks.11.attn.proj.bias:weight_decay=0.05
2026/06/16 14:48:26 - mmengine - INFO - paramwise_options -- backbone.adapter.backbone.blocks.11.attn.proj.bias:lr_mult=0.05
2026/06/16 14:48:26 - mmengine - INFO - paramwise_options -- backbone.adapter.backbone.blocks.11.attn.proj.bias:decay_mult=1.0
2026/06/16 14:48:26 - mmengine - INFO - paramwise_options -- backbone.adapter.backbone.blocks.11.ls1.gamma:lr=5e-06
2026/06/16 14:48:26 - mmengine - INFO - paramwise_options -- backbone.adapter.backbone.blocks.11.ls1.gamma:weight_decay=0.05
2026/06/16 14:48:26 - mmengine - INFO - paramwise_options -- backbone.adapter.backbone.blocks.11.ls1.gamma:lr_mult=0.05
2026/06/16 14:48:26 - mmengine - INFO - paramwise_options -- backbone.adapter.backbone.blocks.11.ls1.gamma:decay_mult=1.0
2026/06/16 14:48:26 - mmengine - INFO - paramwise_options -- backbone.adapter.backbone.blocks.11.norm2.weight:lr=5e-06
2026/06/16 14:48:26 - mmengine - INFO - paramwise_options -- backbone.adapter.backbone.blocks.11.norm2.weight:weight_decay=0.05
2026/06/16 14:48:26 - mmengine - INFO - paramwise_options -- backbone.adapter.backbone.blocks.11.norm2.weight:lr_mult=0.05
2026/06/16 14:48:26 - mmengine - INFO - paramwise_options -- backbone.adapter.backbone.blocks.11.norm2.weight:decay_mult=1.0
2026/06/16 14:48:26 - mmengine - INFO - paramwise_options -- backbone.adapter.backbone.blocks.11.norm2.bias:lr=5e-06
2026/06/16 14:48:26 - mmengine - INFO - paramwise_options -- backbone.adapter.backbone.blocks.11.norm2.bias:weight_decay=0.05
2026/06/16 14:48:26 - mmengine - INFO - paramwise_options -- backbone.adapter.backbone.blocks.11.norm2.bias:lr_mult=0.05
2026/06/16 14:48:26 - mmengine - INFO - paramwise_options -- backbone.adapter.backbone.blocks.11.norm2.bias:decay_mult=1.0
2026/06/16 14:48:26 - mmengine - INFO - paramwise_options -- backbone.adapter.backbone.blocks.11.mlp.fc1.weight:lr=5e-06
2026/06/16 14:48:26 - mmengine - INFO - paramwise_options -- backbone.adapter.backbone.blocks.11.mlp.fc1.weight:weight_decay=0.05
2026/06/16 14:48:26 - mmengine - INFO - paramwise_options -- backbone.adapter.backbone.blocks.11.mlp.fc1.weight:lr_mult=0.05
2026/06/16 14:48:26 - mmengine - INFO - paramwise_options -- backbone.adapter.backbone.blocks.11.mlp.fc1.weight:decay_mult=1.0
2026/06/16 14:48:26 - mmengine - INFO - paramwise_options -- backbone.adapter.backbone.blocks.11.mlp.fc1.bias:lr=5e-06
2026/06/16 14:48:26 - mmengine - INFO - paramwise_options -- backbone.adapter.backbone.blocks.11.mlp.fc1.bias:weight_decay=0.05
2026/06/16 14:48:26 - mmengine - INFO - paramwise_options -- backbone.adapter.backbone.blocks.11.mlp.fc1.bias:lr_mult=0.05
2026/06/16 14:48:26 - mmengine - INFO - paramwise_options -- backbone.adapter.backbone.blocks.11.mlp.fc1.bias:decay_mult=1.0
2026/06/16 14:48:26 - mmengine - INFO - paramwise_options -- backbone.adapter.backbone.blocks.11.mlp.fc2.weight:lr=5e-06
2026/06/16 14:48:26 - mmengine - INFO - paramwise_options -- backbone.adapter.backbone.blocks.11.mlp.fc2.weight:weight_decay=0.05
2026/06/16 14:48:26 - mmengine - INFO - paramwise_options -- backbone.adapter.backbone.blocks.11.mlp.fc2.weight:lr_mult=0.05
2026/06/16 14:48:26 - mmengine - INFO - paramwise_options -- backbone.adapter.backbone.blocks.11.mlp.fc2.weight:decay_mult=1.0
2026/06/16 14:48:26 - mmengine - INFO - paramwise_options -- backbone.adapter.backbone.blocks.11.mlp.fc2.bias:lr=5e-06
2026/06/16 14:48:26 - mmengine - INFO - paramwise_options -- backbone.adapter.backbone.blocks.11.mlp.fc2.bias:weight_decay=0.05
2026/06/16 14:48:26 - mmengine - INFO - paramwise_options -- backbone.adapter.backbone.blocks.11.mlp.fc2.bias:lr_mult=0.05
2026/06/16 14:48:26 - mmengine - INFO - paramwise_options -- backbone.adapter.backbone.blocks.11.mlp.fc2.bias:decay_mult=1.0
2026/06/16 14:48:26 - mmengine - INFO - paramwise_options -- backbone.adapter.backbone.blocks.11.ls2.gamma:lr=5e-06
2026/06/16 14:48:26 - mmengine - INFO - paramwise_options -- backbone.adapter.backbone.blocks.11.ls2.gamma:weight_decay=0.05
2026/06/16 14:48:26 - mmengine - INFO - paramwise_options -- backbone.adapter.backbone.blocks.11.ls2.gamma:lr_mult=0.05
2026/06/16 14:48:26 - mmengine - INFO - paramwise_options -- backbone.adapter.backbone.blocks.11.ls2.gamma:decay_mult=1.0
2026/06/16 14:48:26 - mmengine - INFO - paramwise_options -- backbone.adapter.backbone.blocks.12.norm1.weight:lr=5e-06
2026/06/16 14:48:26 - mmengine - INFO - paramwise_options -- backbone.adapter.backbone.blocks.12.norm1.weight:weight_decay=0.05
2026/06/16 14:48:26 - mmengine - INFO - paramwise_options -- backbone.adapter.backbone.blocks.12.norm1.weight:lr_mult=0.05
2026/06/16 14:48:26 - mmengine - INFO - paramwise_options -- backbone.adapter.backbone.blocks.12.norm1.weight:decay_mult=1.0
2026/06/16 14:48:26 - mmengine - INFO - paramwise_options -- backbone.adapter.backbone.blocks.12.norm1.bias:lr=5e-06
2026/06/16 14:48:26 - mmengine - INFO - paramwise_options -- backbone.adapter.backbone.blocks.12.norm1.bias:weight_decay=0.05
2026/06/16 14:48:26 - mmengine - INFO - paramwise_options -- backbone.adapter.backbone.blocks.12.norm1.bias:lr_mult=0.05
2026/06/16 14:48:26 - mmengine - INFO - paramwise_options -- backbone.adapter.backbone.blocks.12.norm1.bias:decay_mult=1.0
2026/06/16 14:48:26 - mmengine - INFO - paramwise_options -- backbone.adapter.backbone.blocks.12.attn.qkv.weight:lr=5e-06
2026/06/16 14:48:26 - mmengine - INFO - paramwise_options -- backbone.adapter.backbone.blocks.12.attn.qkv.weight:weight_decay=0.05
2026/06/16 14:48:26 - mmengine - INFO - paramwise_options -- backbone.adapter.backbone.blocks.12.attn.qkv.weight:lr_mult=0.05
2026/06/16 14:48:26 - mmengine - INFO - paramwise_options -- backbone.adapter.backbone.blocks.12.attn.qkv.weight:decay_mult=1.0
2026/06/16 14:48:26 - mmengine - INFO - paramwise_options -- backbone.adapter.backbone.blocks.12.attn.qkv.bias:lr=5e-06
2026/06/16 14:48:26 - mmengine - INFO - paramwise_options -- backbone.adapter.backbone.blocks.12.attn.qkv.bias:weight_decay=0.05
2026/06/16 14:48:26 - mmengine - INFO - paramwise_options -- backbone.adapter.backbone.blocks.12.attn.qkv.bias:lr_mult=0.05
2026/06/16 14:48:26 - mmengine - INFO - paramwise_options -- backbone.adapter.backbone.blocks.12.attn.qkv.bias:decay_mult=1.0
2026/06/16 14:48:26 - mmengine - INFO - paramwise_options -- backbone.adapter.backbone.blocks.12.attn.proj.weight:lr=5e-06
2026/06/16 14:48:26 - mmengine - INFO - paramwise_options -- backbone.adapter.backbone.blocks.12.attn.proj.weight:weight_decay=0.05
2026/06/16 14:48:26 - mmengine - INFO - paramwise_options -- backbone.adapter.backbone.blocks.12.attn.proj.weight:lr_mult=0.05
2026/06/16 14:48:26 - mmengine - INFO - paramwise_options -- backbone.adapter.backbone.blocks.12.attn.proj.weight:decay_mult=1.0
2026/06/16 14:48:26 - mmengine - INFO - paramwise_options -- backbone.adapter.backbone.blocks.12.attn.proj.bias:lr=5e-06
2026/06/16 14:48:26 - mmengine - INFO - paramwise_options -- backbone.adapter.backbone.blocks.12.attn.proj.bias:weight_decay=0.05
2026/06/16 14:48:26 - mmengine - INFO - paramwise_options -- backbone.adapter.backbone.blocks.12.attn.proj.bias:lr_mult=0.05
2026/06/16 14:48:26 - mmengine - INFO - paramwise_options -- backbone.adapter.backbone.blocks.12.attn.proj.bias:decay_mult=1.0
2026/06/16 14:48:26 - mmengine - INFO - paramwise_options -- backbone.adapter.backbone.blocks.12.ls1.gamma:lr=5e-06
2026/06/16 14:48:26 - mmengine - INFO - paramwise_options -- backbone.adapter.backbone.blocks.12.ls1.gamma:weight_decay=0.05
2026/06/16 14:48:26 - mmengine - INFO - paramwise_options -- backbone.adapter.backbone.blocks.12.ls1.gamma:lr_mult=0.05
2026/06/16 14:48:26 - mmengine - INFO - paramwise_options -- backbone.adapter.backbone.blocks.12.ls1.gamma:decay_mult=1.0
2026/06/16 14:48:26 - mmengine - INFO - paramwise_options -- backbone.adapter.backbone.blocks.12.norm2.weight:lr=5e-06
2026/06/16 14:48:26 - mmengine - INFO - paramwise_options -- backbone.adapter.backbone.blocks.12.norm2.weight:weight_decay=0.05
2026/06/16 14:48:26 - mmengine - INFO - paramwise_options -- backbone.adapter.backbone.blocks.12.norm2.weight:lr_mult=0.05
2026/06/16 14:48:26 - mmengine - INFO - paramwise_options -- backbone.adapter.backbone.blocks.12.norm2.weight:decay_mult=1.0
2026/06/16 14:48:26 - mmengine - INFO - paramwise_options -- backbone.adapter.backbone.blocks.12.norm2.bias:lr=5e-06
2026/06/16 14:48:26 - mmengine - INFO - paramwise_options -- backbone.adapter.backbone.blocks.12.norm2.bias:weight_decay=0.05
2026/06/16 14:48:26 - mmengine - INFO - paramwise_options -- backbone.adapter.backbone.blocks.12.norm2.bias:lr_mult=0.05
2026/06/16 14:48:26 - mmengine - INFO - paramwise_options -- backbone.adapter.backbone.blocks.12.norm2.bias:decay_mult=1.0
2026/06/16 14:48:26 - mmengine - INFO - paramwise_options -- backbone.adapter.backbone.blocks.12.mlp.fc1.weight:lr=5e-06
2026/06/16 14:48:26 - mmengine - INFO - paramwise_options -- backbone.adapter.backbone.blocks.12.mlp.fc1.weight:weight_decay=0.05
2026/06/16 14:48:26 - mmengine - INFO - paramwise_options -- backbone.adapter.backbone.blocks.12.mlp.fc1.weight:lr_mult=0.05
2026/06/16 14:48:26 - mmengine - INFO - paramwise_options -- backbone.adapter.backbone.blocks.12.mlp.fc1.weight:decay_mult=1.0
2026/06/16 14:48:26 - mmengine - INFO - paramwise_options -- backbone.adapter.backbone.blocks.12.mlp.fc1.bias:lr=5e-06
2026/06/16 14:48:26 - mmengine - INFO - paramwise_options -- backbone.adapter.backbone.blocks.12.mlp.fc1.bias:weight_decay=0.05
2026/06/16 14:48:26 - mmengine - INFO - paramwise_options -- backbone.adapter.backbone.blocks.12.mlp.fc1.bias:lr_mult=0.05
2026/06/16 14:48:26 - mmengine - INFO - paramwise_options -- backbone.adapter.backbone.blocks.12.mlp.fc1.bias:decay_mult=1.0
2026/06/16 14:48:26 - mmengine - INFO - paramwise_options -- backbone.adapter.backbone.blocks.12.mlp.fc2.weight:lr=5e-06
2026/06/16 14:48:26 - mmengine - INFO - paramwise_options -- backbone.adapter.backbone.blocks.12.mlp.fc2.weight:weight_decay=0.05
2026/06/16 14:48:26 - mmengine - INFO - paramwise_options -- backbone.adapter.backbone.blocks.12.mlp.fc2.weight:lr_mult=0.05
2026/06/16 14:48:26 - mmengine - INFO - paramwise_options -- backbone.adapter.backbone.blocks.12.mlp.fc2.weight:decay_mult=1.0
2026/06/16 14:48:26 - mmengine - INFO - paramwise_options -- backbone.adapter.backbone.blocks.12.mlp.fc2.bias:lr=5e-06
2026/06/16 14:48:26 - mmengine - INFO - paramwise_options -- backbone.adapter.backbone.blocks.12.mlp.fc2.bias:weight_decay=0.05
2026/06/16 14:48:26 - mmengine - INFO - paramwise_options -- backbone.adapter.backbone.blocks.12.mlp.fc2.bias:lr_mult=0.05
2026/06/16 14:48:26 - mmengine - INFO - paramwise_options -- backbone.adapter.backbone.blocks.12.mlp.fc2.bias:decay_mult=1.0
2026/06/16 14:48:26 - mmengine - INFO - paramwise_options -- backbone.adapter.backbone.blocks.12.ls2.gamma:lr=5e-06
2026/06/16 14:48:26 - mmengine - INFO - paramwise_options -- backbone.adapter.backbone.blocks.12.ls2.gamma:weight_decay=0.05
2026/06/16 14:48:26 - mmengine - INFO - paramwise_options -- backbone.adapter.backbone.blocks.12.ls2.gamma:lr_mult=0.05
2026/06/16 14:48:26 - mmengine - INFO - paramwise_options -- backbone.adapter.backbone.blocks.12.ls2.gamma:decay_mult=1.0
2026/06/16 14:48:26 - mmengine - INFO - paramwise_options -- backbone.adapter.backbone.blocks.13.norm1.weight:lr=5e-06
2026/06/16 14:48:26 - mmengine - INFO - paramwise_options -- backbone.adapter.backbone.blocks.13.norm1.weight:weight_decay=0.05
2026/06/16 14:48:26 - mmengine - INFO - paramwise_options -- backbone.adapter.backbone.blocks.13.norm1.weight:lr_mult=0.05
2026/06/16 14:48:26 - mmengine - INFO - paramwise_options -- backbone.adapter.backbone.blocks.13.norm1.weight:decay_mult=1.0
2026/06/16 14:48:26 - mmengine - INFO - paramwise_options -- backbone.adapter.backbone.blocks.13.norm1.bias:lr=5e-06
2026/06/16 14:48:26 - mmengine - INFO - paramwise_options -- backbone.adapter.backbone.blocks.13.norm1.bias:weight_decay=0.05
2026/06/16 14:48:26 - mmengine - INFO - paramwise_options -- backbone.adapter.backbone.blocks.13.norm1.bias:lr_mult=0.05
2026/06/16 14:48:26 - mmengine - INFO - paramwise_options -- backbone.adapter.backbone.blocks.13.norm1.bias:decay_mult=1.0
2026/06/16 14:48:26 - mmengine - INFO - paramwise_options -- backbone.adapter.backbone.blocks.13.attn.qkv.weight:lr=5e-06
2026/06/16 14:48:26 - mmengine - INFO - paramwise_options -- backbone.adapter.backbone.blocks.13.attn.qkv.weight:weight_decay=0.05
2026/06/16 14:48:26 - mmengine - INFO - paramwise_options -- backbone.adapter.backbone.blocks.13.attn.qkv.weight:lr_mult=0.05
2026/06/16 14:48:26 - mmengine - INFO - paramwise_options -- backbone.adapter.backbone.blocks.13.attn.qkv.weight:decay_mult=1.0
2026/06/16 14:48:26 - mmengine - INFO - paramwise_options -- backbone.adapter.backbone.blocks.13.attn.qkv.bias:lr=5e-06
2026/06/16 14:48:26 - mmengine - INFO - paramwise_options -- backbone.adapter.backbone.blocks.13.attn.qkv.bias:weight_decay=0.05
2026/06/16 14:48:26 - mmengine - INFO - paramwise_options -- backbone.adapter.backbone.blocks.13.attn.qkv.bias:lr_mult=0.05
2026/06/16 14:48:26 - mmengine - INFO - paramwise_options -- backbone.adapter.backbone.blocks.13.attn.qkv.bias:decay_mult=1.0
2026/06/16 14:48:26 - mmengine - INFO - paramwise_options -- backbone.adapter.backbone.blocks.13.attn.proj.weight:lr=5e-06
2026/06/16 14:48:26 - mmengine - INFO - paramwise_options -- backbone.adapter.backbone.blocks.13.attn.proj.weight:weight_decay=0.05
2026/06/16 14:48:26 - mmengine - INFO - paramwise_options -- backbone.adapter.backbone.blocks.13.attn.proj.weight:lr_mult=0.05
2026/06/16 14:48:26 - mmengine - INFO - paramwise_options -- backbone.adapter.backbone.blocks.13.attn.proj.weight:decay_mult=1.0
2026/06/16 14:48:26 - mmengine - INFO - paramwise_options -- backbone.adapter.backbone.blocks.13.attn.proj.bias:lr=5e-06
2026/06/16 14:48:26 - mmengine - INFO - paramwise_options -- backbone.adapter.backbone.blocks.13.attn.proj.bias:weight_decay=0.05
2026/06/16 14:48:26 - mmengine - INFO - paramwise_options -- backbone.adapter.backbone.blocks.13.attn.proj.bias:lr_mult=0.05
2026/06/16 14:48:26 - mmengine - INFO - paramwise_options -- backbone.adapter.backbone.blocks.13.attn.proj.bias:decay_mult=1.0
2026/06/16 14:48:26 - mmengine - INFO - paramwise_options -- backbone.adapter.backbone.blocks.13.ls1.gamma:lr=5e-06
2026/06/16 14:48:26 - mmengine - INFO - paramwise_options -- backbone.adapter.backbone.blocks.13.ls1.gamma:weight_decay=0.05
2026/06/16 14:48:26 - mmengine - INFO - paramwise_options -- backbone.adapter.backbone.blocks.13.ls1.gamma:lr_mult=0.05
2026/06/16 14:48:26 - mmengine - INFO - paramwise_options -- backbone.adapter.backbone.blocks.13.ls1.gamma:decay_mult=1.0
2026/06/16 14:48:26 - mmengine - INFO - paramwise_options -- backbone.adapter.backbone.blocks.13.norm2.weight:lr=5e-06
2026/06/16 14:48:26 - mmengine - INFO - paramwise_options -- backbone.adapter.backbone.blocks.13.norm2.weight:weight_decay=0.05
2026/06/16 14:48:26 - mmengine - INFO - paramwise_options -- backbone.adapter.backbone.blocks.13.norm2.weight:lr_mult=0.05
2026/06/16 14:48:26 - mmengine - INFO - paramwise_options -- backbone.adapter.backbone.blocks.13.norm2.weight:decay_mult=1.0
2026/06/16 14:48:26 - mmengine - INFO - paramwise_options -- backbone.adapter.backbone.blocks.13.norm2.bias:lr=5e-06
2026/06/16 14:48:26 - mmengine - INFO - paramwise_options -- backbone.adapter.backbone.blocks.13.norm2.bias:weight_decay=0.05
2026/06/16 14:48:26 - mmengine - INFO - paramwise_options -- backbone.adapter.backbone.blocks.13.norm2.bias:lr_mult=0.05
2026/06/16 14:48:26 - mmengine - INFO - paramwise_options -- backbone.adapter.backbone.blocks.13.norm2.bias:decay_mult=1.0
2026/06/16 14:48:26 - mmengine - INFO - paramwise_options -- backbone.adapter.backbone.blocks.13.mlp.fc1.weight:lr=5e-06
2026/06/16 14:48:26 - mmengine - INFO - paramwise_options -- backbone.adapter.backbone.blocks.13.mlp.fc1.weight:weight_decay=0.05
2026/06/16 14:48:26 - mmengine - INFO - paramwise_options -- backbone.adapter.backbone.blocks.13.mlp.fc1.weight:lr_mult=0.05
2026/06/16 14:48:26 - mmengine - INFO - paramwise_options -- backbone.adapter.backbone.blocks.13.mlp.fc1.weight:decay_mult=1.0
2026/06/16 14:48:26 - mmengine - INFO - paramwise_options -- backbone.adapter.backbone.blocks.13.mlp.fc1.bias:lr=5e-06
2026/06/16 14:48:26 - mmengine - INFO - paramwise_options -- backbone.adapter.backbone.blocks.13.mlp.fc1.bias:weight_decay=0.05
2026/06/16 14:48:26 - mmengine - INFO - paramwise_options -- backbone.adapter.backbone.blocks.13.mlp.fc1.bias:lr_mult=0.05
2026/06/16 14:48:26 - mmengine - INFO - paramwise_options -- backbone.adapter.backbone.blocks.13.mlp.fc1.bias:decay_mult=1.0
2026/06/16 14:48:26 - mmengine - INFO - paramwise_options -- backbone.adapter.backbone.blocks.13.mlp.fc2.weight:lr=5e-06
2026/06/16 14:48:26 - mmengine - INFO - paramwise_options -- backbone.adapter.backbone.blocks.13.mlp.fc2.weight:weight_decay=0.05
2026/06/16 14:48:26 - mmengine - INFO - paramwise_options -- backbone.adapter.backbone.blocks.13.mlp.fc2.weight:lr_mult=0.05
2026/06/16 14:48:26 - mmengine - INFO - paramwise_options -- backbone.adapter.backbone.blocks.13.mlp.fc2.weight:decay_mult=1.0
2026/06/16 14:48:26 - mmengine - INFO - paramwise_options -- backbone.adapter.backbone.blocks.13.mlp.fc2.bias:lr=5e-06
2026/06/16 14:48:26 - mmengine - INFO - paramwise_options -- backbone.adapter.backbone.blocks.13.mlp.fc2.bias:weight_decay=0.05
2026/06/16 14:48:26 - mmengine - INFO - paramwise_options -- backbone.adapter.backbone.blocks.13.mlp.fc2.bias:lr_mult=0.05
2026/06/16 14:48:26 - mmengine - INFO - paramwise_options -- backbone.adapter.backbone.blocks.13.mlp.fc2.bias:decay_mult=1.0
2026/06/16 14:48:26 - mmengine - INFO - paramwise_options -- backbone.adapter.backbone.blocks.13.ls2.gamma:lr=5e-06
2026/06/16 14:48:26 - mmengine - INFO - paramwise_options -- backbone.adapter.backbone.blocks.13.ls2.gamma:weight_decay=0.05
2026/06/16 14:48:26 - mmengine - INFO - paramwise_options -- backbone.adapter.backbone.blocks.13.ls2.gamma:lr_mult=0.05
2026/06/16 14:48:26 - mmengine - INFO - paramwise_options -- backbone.adapter.backbone.blocks.13.ls2.gamma:decay_mult=1.0
2026/06/16 14:48:26 - mmengine - INFO - paramwise_options -- backbone.adapter.backbone.blocks.14.norm1.weight:lr=5e-06
2026/06/16 14:48:26 - mmengine - INFO - paramwise_options -- backbone.adapter.backbone.blocks.14.norm1.weight:weight_decay=0.05
2026/06/16 14:48:26 - mmengine - INFO - paramwise_options -- backbone.adapter.backbone.blocks.14.norm1.weight:lr_mult=0.05
2026/06/16 14:48:26 - mmengine - INFO - paramwise_options -- backbone.adapter.backbone.blocks.14.norm1.weight:decay_mult=1.0
2026/06/16 14:48:26 - mmengine - INFO - paramwise_options -- backbone.adapter.backbone.blocks.14.norm1.bias:lr=5e-06
2026/06/16 14:48:26 - mmengine - INFO - paramwise_options -- backbone.adapter.backbone.blocks.14.norm1.bias:weight_decay=0.05
2026/06/16 14:48:26 - mmengine - INFO - paramwise_options -- backbone.adapter.backbone.blocks.14.norm1.bias:lr_mult=0.05
2026/06/16 14:48:26 - mmengine - INFO - paramwise_options -- backbone.adapter.backbone.blocks.14.norm1.bias:decay_mult=1.0
2026/06/16 14:48:26 - mmengine - INFO - paramwise_options -- backbone.adapter.backbone.blocks.14.attn.qkv.weight:lr=5e-06
2026/06/16 14:48:26 - mmengine - INFO - paramwise_options -- backbone.adapter.backbone.blocks.14.attn.qkv.weight:weight_decay=0.05
2026/06/16 14:48:26 - mmengine - INFO - paramwise_options -- backbone.adapter.backbone.blocks.14.attn.qkv.weight:lr_mult=0.05
2026/06/16 14:48:26 - mmengine - INFO - paramwise_options -- backbone.adapter.backbone.blocks.14.attn.qkv.weight:decay_mult=1.0
2026/06/16 14:48:26 - mmengine - INFO - paramwise_options -- backbone.adapter.backbone.blocks.14.attn.qkv.bias:lr=5e-06
2026/06/16 14:48:26 - mmengine - INFO - paramwise_options -- backbone.adapter.backbone.blocks.14.attn.qkv.bias:weight_decay=0.05
2026/06/16 14:48:26 - mmengine - INFO - paramwise_options -- backbone.adapter.backbone.blocks.14.attn.qkv.bias:lr_mult=0.05
2026/06/16 14:48:26 - mmengine - INFO - paramwise_options -- backbone.adapter.backbone.blocks.14.attn.qkv.bias:decay_mult=1.0
2026/06/16 14:48:26 - mmengine - INFO - paramwise_options -- backbone.adapter.backbone.blocks.14.attn.proj.weight:lr=5e-06
2026/06/16 14:48:26 - mmengine - INFO - paramwise_options -- backbone.adapter.backbone.blocks.14.attn.proj.weight:weight_decay=0.05
2026/06/16 14:48:26 - mmengine - INFO - paramwise_options -- backbone.adapter.backbone.blocks.14.attn.proj.weight:lr_mult=0.05
2026/06/16 14:48:26 - mmengine - INFO - paramwise_options -- backbone.adapter.backbone.blocks.14.attn.proj.weight:decay_mult=1.0
2026/06/16 14:48:26 - mmengine - INFO - paramwise_options -- backbone.adapter.backbone.blocks.14.attn.proj.bias:lr=5e-06
2026/06/16 14:48:26 - mmengine - INFO - paramwise_options -- backbone.adapter.backbone.blocks.14.attn.proj.bias:weight_decay=0.05
2026/06/16 14:48:26 - mmengine - INFO - paramwise_options -- backbone.adapter.backbone.blocks.14.attn.proj.bias:lr_mult=0.05
2026/06/16 14:48:26 - mmengine - INFO - paramwise_options -- backbone.adapter.backbone.blocks.14.attn.proj.bias:decay_mult=1.0
2026/06/16 14:48:26 - mmengine - INFO - paramwise_options -- backbone.adapter.backbone.blocks.14.ls1.gamma:lr=5e-06
2026/06/16 14:48:26 - mmengine - INFO - paramwise_options -- backbone.adapter.backbone.blocks.14.ls1.gamma:weight_decay=0.05
2026/06/16 14:48:26 - mmengine - INFO - paramwise_options -- backbone.adapter.backbone.blocks.14.ls1.gamma:lr_mult=0.05
2026/06/16 14:48:26 - mmengine - INFO - paramwise_options -- backbone.adapter.backbone.blocks.14.ls1.gamma:decay_mult=1.0
2026/06/16 14:48:26 - mmengine - INFO - paramwise_options -- backbone.adapter.backbone.blocks.14.norm2.weight:lr=5e-06
2026/06/16 14:48:26 - mmengine - INFO - paramwise_options -- backbone.adapter.backbone.blocks.14.norm2.weight:weight_decay=0.05
2026/06/16 14:48:26 - mmengine - INFO - paramwise_options -- backbone.adapter.backbone.blocks.14.norm2.weight:lr_mult=0.05
2026/06/16 14:48:26 - mmengine - INFO - paramwise_options -- backbone.adapter.backbone.blocks.14.norm2.weight:decay_mult=1.0
2026/06/16 14:48:26 - mmengine - INFO - paramwise_options -- backbone.adapter.backbone.blocks.14.norm2.bias:lr=5e-06
2026/06/16 14:48:26 - mmengine - INFO - paramwise_options -- backbone.adapter.backbone.blocks.14.norm2.bias:weight_decay=0.05
2026/06/16 14:48:26 - mmengine - INFO - paramwise_options -- backbone.adapter.backbone.blocks.14.norm2.bias:lr_mult=0.05
2026/06/16 14:48:26 - mmengine - INFO - paramwise_options -- backbone.adapter.backbone.blocks.14.norm2.bias:decay_mult=1.0
2026/06/16 14:48:26 - mmengine - INFO - paramwise_options -- backbone.adapter.backbone.blocks.14.mlp.fc1.weight:lr=5e-06
2026/06/16 14:48:26 - mmengine - INFO - paramwise_options -- backbone.adapter.backbone.blocks.14.mlp.fc1.weight:weight_decay=0.05
2026/06/16 14:48:26 - mmengine - INFO - paramwise_options -- backbone.adapter.backbone.blocks.14.mlp.fc1.weight:lr_mult=0.05
2026/06/16 14:48:26 - mmengine - INFO - paramwise_options -- backbone.adapter.backbone.blocks.14.mlp.fc1.weight:decay_mult=1.0
2026/06/16 14:48:26 - mmengine - INFO - paramwise_options -- backbone.adapter.backbone.blocks.14.mlp.fc1.bias:lr=5e-06
2026/06/16 14:48:26 - mmengine - INFO - paramwise_options -- backbone.adapter.backbone.blocks.14.mlp.fc1.bias:weight_decay=0.05
2026/06/16 14:48:26 - mmengine - INFO - paramwise_options -- backbone.adapter.backbone.blocks.14.mlp.fc1.bias:lr_mult=0.05
2026/06/16 14:48:26 - mmengine - INFO - paramwise_options -- backbone.adapter.backbone.blocks.14.mlp.fc1.bias:decay_mult=1.0
2026/06/16 14:48:26 - mmengine - INFO - paramwise_options -- backbone.adapter.backbone.blocks.14.mlp.fc2.weight:lr=5e-06
2026/06/16 14:48:26 - mmengine - INFO - paramwise_options -- backbone.adapter.backbone.blocks.14.mlp.fc2.weight:weight_decay=0.05
2026/06/16 14:48:26 - mmengine - INFO - paramwise_options -- backbone.adapter.backbone.blocks.14.mlp.fc2.weight:lr_mult=0.05
2026/06/16 14:48:26 - mmengine - INFO - paramwise_options -- backbone.adapter.backbone.blocks.14.mlp.fc2.weight:decay_mult=1.0
2026/06/16 14:48:26 - mmengine - INFO - paramwise_options -- backbone.adapter.backbone.blocks.14.mlp.fc2.bias:lr=5e-06
2026/06/16 14:48:26 - mmengine - INFO - paramwise_options -- backbone.adapter.backbone.blocks.14.mlp.fc2.bias:weight_decay=0.05
2026/06/16 14:48:26 - mmengine - INFO - paramwise_options -- backbone.adapter.backbone.blocks.14.mlp.fc2.bias:lr_mult=0.05
2026/06/16 14:48:26 - mmengine - INFO - paramwise_options -- backbone.adapter.backbone.blocks.14.mlp.fc2.bias:decay_mult=1.0
2026/06/16 14:48:26 - mmengine - INFO - paramwise_options -- backbone.adapter.backbone.blocks.14.ls2.gamma:lr=5e-06
2026/06/16 14:48:26 - mmengine - INFO - paramwise_options -- backbone.adapter.backbone.blocks.14.ls2.gamma:weight_decay=0.05
2026/06/16 14:48:26 - mmengine - INFO - paramwise_options -- backbone.adapter.backbone.blocks.14.ls2.gamma:lr_mult=0.05
2026/06/16 14:48:26 - mmengine - INFO - paramwise_options -- backbone.adapter.backbone.blocks.14.ls2.gamma:decay_mult=1.0
2026/06/16 14:48:26 - mmengine - INFO - paramwise_options -- backbone.adapter.backbone.blocks.15.norm1.weight:lr=5e-06
2026/06/16 14:48:26 - mmengine - INFO - paramwise_options -- backbone.adapter.backbone.blocks.15.norm1.weight:weight_decay=0.05
2026/06/16 14:48:26 - mmengine - INFO - paramwise_options -- backbone.adapter.backbone.blocks.15.norm1.weight:lr_mult=0.05
2026/06/16 14:48:26 - mmengine - INFO - paramwise_options -- backbone.adapter.backbone.blocks.15.norm1.weight:decay_mult=1.0
2026/06/16 14:48:26 - mmengine - INFO - paramwise_options -- backbone.adapter.backbone.blocks.15.norm1.bias:lr=5e-06
2026/06/16 14:48:26 - mmengine - INFO - paramwise_options -- backbone.adapter.backbone.blocks.15.norm1.bias:weight_decay=0.05
2026/06/16 14:48:26 - mmengine - INFO - paramwise_options -- backbone.adapter.backbone.blocks.15.norm1.bias:lr_mult=0.05
2026/06/16 14:48:26 - mmengine - INFO - paramwise_options -- backbone.adapter.backbone.blocks.15.norm1.bias:decay_mult=1.0
2026/06/16 14:48:26 - mmengine - INFO - paramwise_options -- backbone.adapter.backbone.blocks.15.attn.qkv.weight:lr=5e-06
2026/06/16 14:48:26 - mmengine - INFO - paramwise_options -- backbone.adapter.backbone.blocks.15.attn.qkv.weight:weight_decay=0.05
2026/06/16 14:48:26 - mmengine - INFO - paramwise_options -- backbone.adapter.backbone.blocks.15.attn.qkv.weight:lr_mult=0.05
2026/06/16 14:48:26 - mmengine - INFO - paramwise_options -- backbone.adapter.backbone.blocks.15.attn.qkv.weight:decay_mult=1.0
2026/06/16 14:48:26 - mmengine - INFO - paramwise_options -- backbone.adapter.backbone.blocks.15.attn.qkv.bias:lr=5e-06
2026/06/16 14:48:26 - mmengine - INFO - paramwise_options -- backbone.adapter.backbone.blocks.15.attn.qkv.bias:weight_decay=0.05
2026/06/16 14:48:26 - mmengine - INFO - paramwise_options -- backbone.adapter.backbone.blocks.15.attn.qkv.bias:lr_mult=0.05
2026/06/16 14:48:26 - mmengine - INFO - paramwise_options -- backbone.adapter.backbone.blocks.15.attn.qkv.bias:decay_mult=1.0
2026/06/16 14:48:26 - mmengine - INFO - paramwise_options -- backbone.adapter.backbone.blocks.15.attn.proj.weight:lr=5e-06
2026/06/16 14:48:26 - mmengine - INFO - paramwise_options -- backbone.adapter.backbone.blocks.15.attn.proj.weight:weight_decay=0.05
2026/06/16 14:48:26 - mmengine - INFO - paramwise_options -- backbone.adapter.backbone.blocks.15.attn.proj.weight:lr_mult=0.05
2026/06/16 14:48:26 - mmengine - INFO - paramwise_options -- backbone.adapter.backbone.blocks.15.attn.proj.weight:decay_mult=1.0
2026/06/16 14:48:26 - mmengine - INFO - paramwise_options -- backbone.adapter.backbone.blocks.15.attn.proj.bias:lr=5e-06
2026/06/16 14:48:26 - mmengine - INFO - paramwise_options -- backbone.adapter.backbone.blocks.15.attn.proj.bias:weight_decay=0.05
2026/06/16 14:48:26 - mmengine - INFO - paramwise_options -- backbone.adapter.backbone.blocks.15.attn.proj.bias:lr_mult=0.05
2026/06/16 14:48:26 - mmengine - INFO - paramwise_options -- backbone.adapter.backbone.blocks.15.attn.proj.bias:decay_mult=1.0
2026/06/16 14:48:26 - mmengine - INFO - paramwise_options -- backbone.adapter.backbone.blocks.15.ls1.gamma:lr=5e-06
2026/06/16 14:48:26 - mmengine - INFO - paramwise_options -- backbone.adapter.backbone.blocks.15.ls1.gamma:weight_decay=0.05
2026/06/16 14:48:26 - mmengine - INFO - paramwise_options -- backbone.adapter.backbone.blocks.15.ls1.gamma:lr_mult=0.05
2026/06/16 14:48:26 - mmengine - INFO - paramwise_options -- backbone.adapter.backbone.blocks.15.ls1.gamma:decay_mult=1.0
2026/06/16 14:48:26 - mmengine - INFO - paramwise_options -- backbone.adapter.backbone.blocks.15.norm2.weight:lr=5e-06
2026/06/16 14:48:26 - mmengine - INFO - paramwise_options -- backbone.adapter.backbone.blocks.15.norm2.weight:weight_decay=0.05
2026/06/16 14:48:26 - mmengine - INFO - paramwise_options -- backbone.adapter.backbone.blocks.15.norm2.weight:lr_mult=0.05
2026/06/16 14:48:26 - mmengine - INFO - paramwise_options -- backbone.adapter.backbone.blocks.15.norm2.weight:decay_mult=1.0
2026/06/16 14:48:26 - mmengine - INFO - paramwise_options -- backbone.adapter.backbone.blocks.15.norm2.bias:lr=5e-06
2026/06/16 14:48:26 - mmengine - INFO - paramwise_options -- backbone.adapter.backbone.blocks.15.norm2.bias:weight_decay=0.05
2026/06/16 14:48:26 - mmengine - INFO - paramwise_options -- backbone.adapter.backbone.blocks.15.norm2.bias:lr_mult=0.05
2026/06/16 14:48:26 - mmengine - INFO - paramwise_options -- backbone.adapter.backbone.blocks.15.norm2.bias:decay_mult=1.0
2026/06/16 14:48:26 - mmengine - INFO - paramwise_options -- backbone.adapter.backbone.blocks.15.mlp.fc1.weight:lr=5e-06
2026/06/16 14:48:26 - mmengine - INFO - paramwise_options -- backbone.adapter.backbone.blocks.15.mlp.fc1.weight:weight_decay=0.05
2026/06/16 14:48:26 - mmengine - INFO - paramwise_options -- backbone.adapter.backbone.blocks.15.mlp.fc1.weight:lr_mult=0.05
2026/06/16 14:48:26 - mmengine - INFO - paramwise_options -- backbone.adapter.backbone.blocks.15.mlp.fc1.weight:decay_mult=1.0
2026/06/16 14:48:26 - mmengine - INFO - paramwise_options -- backbone.adapter.backbone.blocks.15.mlp.fc1.bias:lr=5e-06
2026/06/16 14:48:26 - mmengine - INFO - paramwise_options -- backbone.adapter.backbone.blocks.15.mlp.fc1.bias:weight_decay=0.05
2026/06/16 14:48:26 - mmengine - INFO - paramwise_options -- backbone.adapter.backbone.blocks.15.mlp.fc1.bias:lr_mult=0.05
2026/06/16 14:48:26 - mmengine - INFO - paramwise_options -- backbone.adapter.backbone.blocks.15.mlp.fc1.bias:decay_mult=1.0
2026/06/16 14:48:26 - mmengine - INFO - paramwise_options -- backbone.adapter.backbone.blocks.15.mlp.fc2.weight:lr=5e-06
2026/06/16 14:48:26 - mmengine - INFO - paramwise_options -- backbone.adapter.backbone.blocks.15.mlp.fc2.weight:weight_decay=0.05
2026/06/16 14:48:26 - mmengine - INFO - paramwise_options -- backbone.adapter.backbone.blocks.15.mlp.fc2.weight:lr_mult=0.05
2026/06/16 14:48:26 - mmengine - INFO - paramwise_options -- backbone.adapter.backbone.blocks.15.mlp.fc2.weight:decay_mult=1.0
2026/06/16 14:48:26 - mmengine - INFO - paramwise_options -- backbone.adapter.backbone.blocks.15.mlp.fc2.bias:lr=5e-06
2026/06/16 14:48:26 - mmengine - INFO - paramwise_options -- backbone.adapter.backbone.blocks.15.mlp.fc2.bias:weight_decay=0.05
2026/06/16 14:48:26 - mmengine - INFO - paramwise_options -- backbone.adapter.backbone.blocks.15.mlp.fc2.bias:lr_mult=0.05
2026/06/16 14:48:26 - mmengine - INFO - paramwise_options -- backbone.adapter.backbone.blocks.15.mlp.fc2.bias:decay_mult=1.0
2026/06/16 14:48:26 - mmengine - INFO - paramwise_options -- backbone.adapter.backbone.blocks.15.ls2.gamma:lr=5e-06
2026/06/16 14:48:26 - mmengine - INFO - paramwise_options -- backbone.adapter.backbone.blocks.15.ls2.gamma:weight_decay=0.05
2026/06/16 14:48:26 - mmengine - INFO - paramwise_options -- backbone.adapter.backbone.blocks.15.ls2.gamma:lr_mult=0.05
2026/06/16 14:48:26 - mmengine - INFO - paramwise_options -- backbone.adapter.backbone.blocks.15.ls2.gamma:decay_mult=1.0
2026/06/16 14:48:26 - mmengine - INFO - paramwise_options -- backbone.adapter.backbone.blocks.16.norm1.weight:lr=5e-06
2026/06/16 14:48:26 - mmengine - INFO - paramwise_options -- backbone.adapter.backbone.blocks.16.norm1.weight:weight_decay=0.05
2026/06/16 14:48:26 - mmengine - INFO - paramwise_options -- backbone.adapter.backbone.blocks.16.norm1.weight:lr_mult=0.05
2026/06/16 14:48:26 - mmengine - INFO - paramwise_options -- backbone.adapter.backbone.blocks.16.norm1.weight:decay_mult=1.0
2026/06/16 14:48:26 - mmengine - INFO - paramwise_options -- backbone.adapter.backbone.blocks.16.norm1.bias:lr=5e-06
2026/06/16 14:48:26 - mmengine - INFO - paramwise_options -- backbone.adapter.backbone.blocks.16.norm1.bias:weight_decay=0.05
2026/06/16 14:48:26 - mmengine - INFO - paramwise_options -- backbone.adapter.backbone.blocks.16.norm1.bias:lr_mult=0.05
2026/06/16 14:48:26 - mmengine - INFO - paramwise_options -- backbone.adapter.backbone.blocks.16.norm1.bias:decay_mult=1.0
2026/06/16 14:48:26 - mmengine - INFO - paramwise_options -- backbone.adapter.backbone.blocks.16.attn.qkv.weight:lr=5e-06
2026/06/16 14:48:26 - mmengine - INFO - paramwise_options -- backbone.adapter.backbone.blocks.16.attn.qkv.weight:weight_decay=0.05
2026/06/16 14:48:26 - mmengine - INFO - paramwise_options -- backbone.adapter.backbone.blocks.16.attn.qkv.weight:lr_mult=0.05
2026/06/16 14:48:26 - mmengine - INFO - paramwise_options -- backbone.adapter.backbone.blocks.16.attn.qkv.weight:decay_mult=1.0
2026/06/16 14:48:26 - mmengine - INFO - paramwise_options -- backbone.adapter.backbone.blocks.16.attn.qkv.bias:lr=5e-06
2026/06/16 14:48:26 - mmengine - INFO - paramwise_options -- backbone.adapter.backbone.blocks.16.attn.qkv.bias:weight_decay=0.05
2026/06/16 14:48:26 - mmengine - INFO - paramwise_options -- backbone.adapter.backbone.blocks.16.attn.qkv.bias:lr_mult=0.05
2026/06/16 14:48:26 - mmengine - INFO - paramwise_options -- backbone.adapter.backbone.blocks.16.attn.qkv.bias:decay_mult=1.0
2026/06/16 14:48:26 - mmengine - INFO - paramwise_options -- backbone.adapter.backbone.blocks.16.attn.proj.weight:lr=5e-06
2026/06/16 14:48:26 - mmengine - INFO - paramwise_options -- backbone.adapter.backbone.blocks.16.attn.proj.weight:weight_decay=0.05
2026/06/16 14:48:26 - mmengine - INFO - paramwise_options -- backbone.adapter.backbone.blocks.16.attn.proj.weight:lr_mult=0.05
2026/06/16 14:48:26 - mmengine - INFO - paramwise_options -- backbone.adapter.backbone.blocks.16.attn.proj.weight:decay_mult=1.0
2026/06/16 14:48:26 - mmengine - INFO - paramwise_options -- backbone.adapter.backbone.blocks.16.attn.proj.bias:lr=5e-06
2026/06/16 14:48:26 - mmengine - INFO - paramwise_options -- backbone.adapter.backbone.blocks.16.attn.proj.bias:weight_decay=0.05
2026/06/16 14:48:26 - mmengine - INFO - paramwise_options -- backbone.adapter.backbone.blocks.16.attn.proj.bias:lr_mult=0.05
2026/06/16 14:48:26 - mmengine - INFO - paramwise_options -- backbone.adapter.backbone.blocks.16.attn.proj.bias:decay_mult=1.0
2026/06/16 14:48:26 - mmengine - INFO - paramwise_options -- backbone.adapter.backbone.blocks.16.ls1.gamma:lr=5e-06
2026/06/16 14:48:26 - mmengine - INFO - paramwise_options -- backbone.adapter.backbone.blocks.16.ls1.gamma:weight_decay=0.05
2026/06/16 14:48:26 - mmengine - INFO - paramwise_options -- backbone.adapter.backbone.blocks.16.ls1.gamma:lr_mult=0.05
2026/06/16 14:48:26 - mmengine - INFO - paramwise_options -- backbone.adapter.backbone.blocks.16.ls1.gamma:decay_mult=1.0
2026/06/16 14:48:26 - mmengine - INFO - paramwise_options -- backbone.adapter.backbone.blocks.16.norm2.weight:lr=5e-06
2026/06/16 14:48:26 - mmengine - INFO - paramwise_options -- backbone.adapter.backbone.blocks.16.norm2.weight:weight_decay=0.05
2026/06/16 14:48:26 - mmengine - INFO - paramwise_options -- backbone.adapter.backbone.blocks.16.norm2.weight:lr_mult=0.05
2026/06/16 14:48:26 - mmengine - INFO - paramwise_options -- backbone.adapter.backbone.blocks.16.norm2.weight:decay_mult=1.0
2026/06/16 14:48:26 - mmengine - INFO - paramwise_options -- backbone.adapter.backbone.blocks.16.norm2.bias:lr=5e-06
2026/06/16 14:48:26 - mmengine - INFO - paramwise_options -- backbone.adapter.backbone.blocks.16.norm2.bias:weight_decay=0.05
2026/06/16 14:48:26 - mmengine - INFO - paramwise_options -- backbone.adapter.backbone.blocks.16.norm2.bias:lr_mult=0.05
2026/06/16 14:48:26 - mmengine - INFO - paramwise_options -- backbone.adapter.backbone.blocks.16.norm2.bias:decay_mult=1.0
2026/06/16 14:48:26 - mmengine - INFO - paramwise_options -- backbone.adapter.backbone.blocks.16.mlp.fc1.weight:lr=5e-06
2026/06/16 14:48:26 - mmengine - INFO - paramwise_options -- backbone.adapter.backbone.blocks.16.mlp.fc1.weight:weight_decay=0.05
2026/06/16 14:48:26 - mmengine - INFO - paramwise_options -- backbone.adapter.backbone.blocks.16.mlp.fc1.weight:lr_mult=0.05
2026/06/16 14:48:26 - mmengine - INFO - paramwise_options -- backbone.adapter.backbone.blocks.16.mlp.fc1.weight:decay_mult=1.0
2026/06/16 14:48:26 - mmengine - INFO - paramwise_options -- backbone.adapter.backbone.blocks.16.mlp.fc1.bias:lr=5e-06
2026/06/16 14:48:26 - mmengine - INFO - paramwise_options -- backbone.adapter.backbone.blocks.16.mlp.fc1.bias:weight_decay=0.05
2026/06/16 14:48:26 - mmengine - INFO - paramwise_options -- backbone.adapter.backbone.blocks.16.mlp.fc1.bias:lr_mult=0.05
2026/06/16 14:48:26 - mmengine - INFO - paramwise_options -- backbone.adapter.backbone.blocks.16.mlp.fc1.bias:decay_mult=1.0
2026/06/16 14:48:26 - mmengine - INFO - paramwise_options -- backbone.adapter.backbone.blocks.16.mlp.fc2.weight:lr=5e-06
2026/06/16 14:48:26 - mmengine - INFO - paramwise_options -- backbone.adapter.backbone.blocks.16.mlp.fc2.weight:weight_decay=0.05
2026/06/16 14:48:26 - mmengine - INFO - paramwise_options -- backbone.adapter.backbone.blocks.16.mlp.fc2.weight:lr_mult=0.05
2026/06/16 14:48:26 - mmengine - INFO - paramwise_options -- backbone.adapter.backbone.blocks.16.mlp.fc2.weight:decay_mult=1.0
2026/06/16 14:48:26 - mmengine - INFO - paramwise_options -- backbone.adapter.backbone.blocks.16.mlp.fc2.bias:lr=5e-06
2026/06/16 14:48:26 - mmengine - INFO - paramwise_options -- backbone.adapter.backbone.blocks.16.mlp.fc2.bias:weight_decay=0.05
2026/06/16 14:48:26 - mmengine - INFO - paramwise_options -- backbone.adapter.backbone.blocks.16.mlp.fc2.bias:lr_mult=0.05
2026/06/16 14:48:26 - mmengine - INFO - paramwise_options -- backbone.adapter.backbone.blocks.16.mlp.fc2.bias:decay_mult=1.0
2026/06/16 14:48:26 - mmengine - INFO - paramwise_options -- backbone.adapter.backbone.blocks.16.ls2.gamma:lr=5e-06
2026/06/16 14:48:26 - mmengine - INFO - paramwise_options -- backbone.adapter.backbone.blocks.16.ls2.gamma:weight_decay=0.05
2026/06/16 14:48:26 - mmengine - INFO - paramwise_options -- backbone.adapter.backbone.blocks.16.ls2.gamma:lr_mult=0.05
2026/06/16 14:48:26 - mmengine - INFO - paramwise_options -- backbone.adapter.backbone.blocks.16.ls2.gamma:decay_mult=1.0
2026/06/16 14:48:26 - mmengine - INFO - paramwise_options -- backbone.adapter.backbone.blocks.17.norm1.weight:lr=5e-06
2026/06/16 14:48:26 - mmengine - INFO - paramwise_options -- backbone.adapter.backbone.blocks.17.norm1.weight:weight_decay=0.05
2026/06/16 14:48:26 - mmengine - INFO - paramwise_options -- backbone.adapter.backbone.blocks.17.norm1.weight:lr_mult=0.05
2026/06/16 14:48:26 - mmengine - INFO - paramwise_options -- backbone.adapter.backbone.blocks.17.norm1.weight:decay_mult=1.0
2026/06/16 14:48:26 - mmengine - INFO - paramwise_options -- backbone.adapter.backbone.blocks.17.norm1.bias:lr=5e-06
2026/06/16 14:48:26 - mmengine - INFO - paramwise_options -- backbone.adapter.backbone.blocks.17.norm1.bias:weight_decay=0.05
2026/06/16 14:48:26 - mmengine - INFO - paramwise_options -- backbone.adapter.backbone.blocks.17.norm1.bias:lr_mult=0.05
2026/06/16 14:48:26 - mmengine - INFO - paramwise_options -- backbone.adapter.backbone.blocks.17.norm1.bias:decay_mult=1.0
2026/06/16 14:48:26 - mmengine - INFO - paramwise_options -- backbone.adapter.backbone.blocks.17.attn.qkv.weight:lr=5e-06
2026/06/16 14:48:26 - mmengine - INFO - paramwise_options -- backbone.adapter.backbone.blocks.17.attn.qkv.weight:weight_decay=0.05
2026/06/16 14:48:26 - mmengine - INFO - paramwise_options -- backbone.adapter.backbone.blocks.17.attn.qkv.weight:lr_mult=0.05
2026/06/16 14:48:26 - mmengine - INFO - paramwise_options -- backbone.adapter.backbone.blocks.17.attn.qkv.weight:decay_mult=1.0
2026/06/16 14:48:26 - mmengine - INFO - paramwise_options -- backbone.adapter.backbone.blocks.17.attn.qkv.bias:lr=5e-06
2026/06/16 14:48:26 - mmengine - INFO - paramwise_options -- backbone.adapter.backbone.blocks.17.attn.qkv.bias:weight_decay=0.05
2026/06/16 14:48:26 - mmengine - INFO - paramwise_options -- backbone.adapter.backbone.blocks.17.attn.qkv.bias:lr_mult=0.05
2026/06/16 14:48:26 - mmengine - INFO - paramwise_options -- backbone.adapter.backbone.blocks.17.attn.qkv.bias:decay_mult=1.0
2026/06/16 14:48:26 - mmengine - INFO - paramwise_options -- backbone.adapter.backbone.blocks.17.attn.proj.weight:lr=5e-06
2026/06/16 14:48:26 - mmengine - INFO - paramwise_options -- backbone.adapter.backbone.blocks.17.attn.proj.weight:weight_decay=0.05
2026/06/16 14:48:26 - mmengine - INFO - paramwise_options -- backbone.adapter.backbone.blocks.17.attn.proj.weight:lr_mult=0.05
2026/06/16 14:48:26 - mmengine - INFO - paramwise_options -- backbone.adapter.backbone.blocks.17.attn.proj.weight:decay_mult=1.0
2026/06/16 14:48:26 - mmengine - INFO - paramwise_options -- backbone.adapter.backbone.blocks.17.attn.proj.bias:lr=5e-06
2026/06/16 14:48:26 - mmengine - INFO - paramwise_options -- backbone.adapter.backbone.blocks.17.attn.proj.bias:weight_decay=0.05
2026/06/16 14:48:26 - mmengine - INFO - paramwise_options -- backbone.adapter.backbone.blocks.17.attn.proj.bias:lr_mult=0.05
2026/06/16 14:48:26 - mmengine - INFO - paramwise_options -- backbone.adapter.backbone.blocks.17.attn.proj.bias:decay_mult=1.0
2026/06/16 14:48:26 - mmengine - INFO - paramwise_options -- backbone.adapter.backbone.blocks.17.ls1.gamma:lr=5e-06
2026/06/16 14:48:26 - mmengine - INFO - paramwise_options -- backbone.adapter.backbone.blocks.17.ls1.gamma:weight_decay=0.05
2026/06/16 14:48:26 - mmengine - INFO - paramwise_options -- backbone.adapter.backbone.blocks.17.ls1.gamma:lr_mult=0.05
2026/06/16 14:48:26 - mmengine - INFO - paramwise_options -- backbone.adapter.backbone.blocks.17.ls1.gamma:decay_mult=1.0
2026/06/16 14:48:26 - mmengine - INFO - paramwise_options -- backbone.adapter.backbone.blocks.17.norm2.weight:lr=5e-06
2026/06/16 14:48:26 - mmengine - INFO - paramwise_options -- backbone.adapter.backbone.blocks.17.norm2.weight:weight_decay=0.05
2026/06/16 14:48:26 - mmengine - INFO - paramwise_options -- backbone.adapter.backbone.blocks.17.norm2.weight:lr_mult=0.05
2026/06/16 14:48:26 - mmengine - INFO - paramwise_options -- backbone.adapter.backbone.blocks.17.norm2.weight:decay_mult=1.0
2026/06/16 14:48:26 - mmengine - INFO - paramwise_options -- backbone.adapter.backbone.blocks.17.norm2.bias:lr=5e-06
2026/06/16 14:48:26 - mmengine - INFO - paramwise_options -- backbone.adapter.backbone.blocks.17.norm2.bias:weight_decay=0.05
2026/06/16 14:48:26 - mmengine - INFO - paramwise_options -- backbone.adapter.backbone.blocks.17.norm2.bias:lr_mult=0.05
2026/06/16 14:48:26 - mmengine - INFO - paramwise_options -- backbone.adapter.backbone.blocks.17.norm2.bias:decay_mult=1.0
2026/06/16 14:48:26 - mmengine - INFO - paramwise_options -- backbone.adapter.backbone.blocks.17.mlp.fc1.weight:lr=5e-06
2026/06/16 14:48:26 - mmengine - INFO - paramwise_options -- backbone.adapter.backbone.blocks.17.mlp.fc1.weight:weight_decay=0.05
2026/06/16 14:48:26 - mmengine - INFO - paramwise_options -- backbone.adapter.backbone.blocks.17.mlp.fc1.weight:lr_mult=0.05
2026/06/16 14:48:26 - mmengine - INFO - paramwise_options -- backbone.adapter.backbone.blocks.17.mlp.fc1.weight:decay_mult=1.0
2026/06/16 14:48:26 - mmengine - INFO - paramwise_options -- backbone.adapter.backbone.blocks.17.mlp.fc1.bias:lr=5e-06
2026/06/16 14:48:26 - mmengine - INFO - paramwise_options -- backbone.adapter.backbone.blocks.17.mlp.fc1.bias:weight_decay=0.05
2026/06/16 14:48:26 - mmengine - INFO - paramwise_options -- backbone.adapter.backbone.blocks.17.mlp.fc1.bias:lr_mult=0.05
2026/06/16 14:48:26 - mmengine - INFO - paramwise_options -- backbone.adapter.backbone.blocks.17.mlp.fc1.bias:decay_mult=1.0
2026/06/16 14:48:26 - mmengine - INFO - paramwise_options -- backbone.adapter.backbone.blocks.17.mlp.fc2.weight:lr=5e-06
2026/06/16 14:48:26 - mmengine - INFO - paramwise_options -- backbone.adapter.backbone.blocks.17.mlp.fc2.weight:weight_decay=0.05
2026/06/16 14:48:26 - mmengine - INFO - paramwise_options -- backbone.adapter.backbone.blocks.17.mlp.fc2.weight:lr_mult=0.05
2026/06/16 14:48:26 - mmengine - INFO - paramwise_options -- backbone.adapter.backbone.blocks.17.mlp.fc2.weight:decay_mult=1.0
2026/06/16 14:48:26 - mmengine - INFO - paramwise_options -- backbone.adapter.backbone.blocks.17.mlp.fc2.bias:lr=5e-06
2026/06/16 14:48:26 - mmengine - INFO - paramwise_options -- backbone.adapter.backbone.blocks.17.mlp.fc2.bias:weight_decay=0.05
2026/06/16 14:48:26 - mmengine - INFO - paramwise_options -- backbone.adapter.backbone.blocks.17.mlp.fc2.bias:lr_mult=0.05
2026/06/16 14:48:26 - mmengine - INFO - paramwise_options -- backbone.adapter.backbone.blocks.17.mlp.fc2.bias:decay_mult=1.0
2026/06/16 14:48:26 - mmengine - INFO - paramwise_options -- backbone.adapter.backbone.blocks.17.ls2.gamma:lr=5e-06
2026/06/16 14:48:26 - mmengine - INFO - paramwise_options -- backbone.adapter.backbone.blocks.17.ls2.gamma:weight_decay=0.05
2026/06/16 14:48:26 - mmengine - INFO - paramwise_options -- backbone.adapter.backbone.blocks.17.ls2.gamma:lr_mult=0.05
2026/06/16 14:48:26 - mmengine - INFO - paramwise_options -- backbone.adapter.backbone.blocks.17.ls2.gamma:decay_mult=1.0
2026/06/16 14:48:26 - mmengine - INFO - paramwise_options -- backbone.adapter.backbone.blocks.18.norm1.weight:lr=5e-06
2026/06/16 14:48:26 - mmengine - INFO - paramwise_options -- backbone.adapter.backbone.blocks.18.norm1.weight:weight_decay=0.05
2026/06/16 14:48:26 - mmengine - INFO - paramwise_options -- backbone.adapter.backbone.blocks.18.norm1.weight:lr_mult=0.05
2026/06/16 14:48:26 - mmengine - INFO - paramwise_options -- backbone.adapter.backbone.blocks.18.norm1.weight:decay_mult=1.0
2026/06/16 14:48:26 - mmengine - INFO - paramwise_options -- backbone.adapter.backbone.blocks.18.norm1.bias:lr=5e-06
2026/06/16 14:48:26 - mmengine - INFO - paramwise_options -- backbone.adapter.backbone.blocks.18.norm1.bias:weight_decay=0.05
2026/06/16 14:48:26 - mmengine - INFO - paramwise_options -- backbone.adapter.backbone.blocks.18.norm1.bias:lr_mult=0.05
2026/06/16 14:48:26 - mmengine - INFO - paramwise_options -- backbone.adapter.backbone.blocks.18.norm1.bias:decay_mult=1.0
2026/06/16 14:48:26 - mmengine - INFO - paramwise_options -- backbone.adapter.backbone.blocks.18.attn.qkv.weight:lr=5e-06
2026/06/16 14:48:26 - mmengine - INFO - paramwise_options -- backbone.adapter.backbone.blocks.18.attn.qkv.weight:weight_decay=0.05
2026/06/16 14:48:26 - mmengine - INFO - paramwise_options -- backbone.adapter.backbone.blocks.18.attn.qkv.weight:lr_mult=0.05
2026/06/16 14:48:26 - mmengine - INFO - paramwise_options -- backbone.adapter.backbone.blocks.18.attn.qkv.weight:decay_mult=1.0
2026/06/16 14:48:26 - mmengine - INFO - paramwise_options -- backbone.adapter.backbone.blocks.18.attn.qkv.bias:lr=5e-06
2026/06/16 14:48:26 - mmengine - INFO - paramwise_options -- backbone.adapter.backbone.blocks.18.attn.qkv.bias:weight_decay=0.05
2026/06/16 14:48:26 - mmengine - INFO - paramwise_options -- backbone.adapter.backbone.blocks.18.attn.qkv.bias:lr_mult=0.05
2026/06/16 14:48:26 - mmengine - INFO - paramwise_options -- backbone.adapter.backbone.blocks.18.attn.qkv.bias:decay_mult=1.0
2026/06/16 14:48:26 - mmengine - INFO - paramwise_options -- backbone.adapter.backbone.blocks.18.attn.proj.weight:lr=5e-06
2026/06/16 14:48:26 - mmengine - INFO - paramwise_options -- backbone.adapter.backbone.blocks.18.attn.proj.weight:weight_decay=0.05
2026/06/16 14:48:26 - mmengine - INFO - paramwise_options -- backbone.adapter.backbone.blocks.18.attn.proj.weight:lr_mult=0.05
2026/06/16 14:48:26 - mmengine - INFO - paramwise_options -- backbone.adapter.backbone.blocks.18.attn.proj.weight:decay_mult=1.0
2026/06/16 14:48:26 - mmengine - INFO - paramwise_options -- backbone.adapter.backbone.blocks.18.attn.proj.bias:lr=5e-06
2026/06/16 14:48:26 - mmengine - INFO - paramwise_options -- backbone.adapter.backbone.blocks.18.attn.proj.bias:weight_decay=0.05
2026/06/16 14:48:26 - mmengine - INFO - paramwise_options -- backbone.adapter.backbone.blocks.18.attn.proj.bias:lr_mult=0.05
2026/06/16 14:48:26 - mmengine - INFO - paramwise_options -- backbone.adapter.backbone.blocks.18.attn.proj.bias:decay_mult=1.0
2026/06/16 14:48:26 - mmengine - INFO - paramwise_options -- backbone.adapter.backbone.blocks.18.ls1.gamma:lr=5e-06
2026/06/16 14:48:26 - mmengine - INFO - paramwise_options -- backbone.adapter.backbone.blocks.18.ls1.gamma:weight_decay=0.05
2026/06/16 14:48:26 - mmengine - INFO - paramwise_options -- backbone.adapter.backbone.blocks.18.ls1.gamma:lr_mult=0.05
2026/06/16 14:48:26 - mmengine - INFO - paramwise_options -- backbone.adapter.backbone.blocks.18.ls1.gamma:decay_mult=1.0
2026/06/16 14:48:26 - mmengine - INFO - paramwise_options -- backbone.adapter.backbone.blocks.18.norm2.weight:lr=5e-06
2026/06/16 14:48:26 - mmengine - INFO - paramwise_options -- backbone.adapter.backbone.blocks.18.norm2.weight:weight_decay=0.05
2026/06/16 14:48:26 - mmengine - INFO - paramwise_options -- backbone.adapter.backbone.blocks.18.norm2.weight:lr_mult=0.05
2026/06/16 14:48:26 - mmengine - INFO - paramwise_options -- backbone.adapter.backbone.blocks.18.norm2.weight:decay_mult=1.0
2026/06/16 14:48:26 - mmengine - INFO - paramwise_options -- backbone.adapter.backbone.blocks.18.norm2.bias:lr=5e-06
2026/06/16 14:48:26 - mmengine - INFO - paramwise_options -- backbone.adapter.backbone.blocks.18.norm2.bias:weight_decay=0.05
2026/06/16 14:48:26 - mmengine - INFO - paramwise_options -- backbone.adapter.backbone.blocks.18.norm2.bias:lr_mult=0.05
2026/06/16 14:48:26 - mmengine - INFO - paramwise_options -- backbone.adapter.backbone.blocks.18.norm2.bias:decay_mult=1.0
2026/06/16 14:48:26 - mmengine - INFO - paramwise_options -- backbone.adapter.backbone.blocks.18.mlp.fc1.weight:lr=5e-06
2026/06/16 14:48:26 - mmengine - INFO - paramwise_options -- backbone.adapter.backbone.blocks.18.mlp.fc1.weight:weight_decay=0.05
2026/06/16 14:48:26 - mmengine - INFO - paramwise_options -- backbone.adapter.backbone.blocks.18.mlp.fc1.weight:lr_mult=0.05
2026/06/16 14:48:26 - mmengine - INFO - paramwise_options -- backbone.adapter.backbone.blocks.18.mlp.fc1.weight:decay_mult=1.0
2026/06/16 14:48:26 - mmengine - INFO - paramwise_options -- backbone.adapter.backbone.blocks.18.mlp.fc1.bias:lr=5e-06
2026/06/16 14:48:26 - mmengine - INFO - paramwise_options -- backbone.adapter.backbone.blocks.18.mlp.fc1.bias:weight_decay=0.05
2026/06/16 14:48:26 - mmengine - INFO - paramwise_options -- backbone.adapter.backbone.blocks.18.mlp.fc1.bias:lr_mult=0.05
2026/06/16 14:48:26 - mmengine - INFO - paramwise_options -- backbone.adapter.backbone.blocks.18.mlp.fc1.bias:decay_mult=1.0
2026/06/16 14:48:26 - mmengine - INFO - paramwise_options -- backbone.adapter.backbone.blocks.18.mlp.fc2.weight:lr=5e-06
2026/06/16 14:48:26 - mmengine - INFO - paramwise_options -- backbone.adapter.backbone.blocks.18.mlp.fc2.weight:weight_decay=0.05
2026/06/16 14:48:26 - mmengine - INFO - paramwise_options -- backbone.adapter.backbone.blocks.18.mlp.fc2.weight:lr_mult=0.05
2026/06/16 14:48:26 - mmengine - INFO - paramwise_options -- backbone.adapter.backbone.blocks.18.mlp.fc2.weight:decay_mult=1.0
2026/06/16 14:48:26 - mmengine - INFO - paramwise_options -- backbone.adapter.backbone.blocks.18.mlp.fc2.bias:lr=5e-06
2026/06/16 14:48:26 - mmengine - INFO - paramwise_options -- backbone.adapter.backbone.blocks.18.mlp.fc2.bias:weight_decay=0.05
2026/06/16 14:48:26 - mmengine - INFO - paramwise_options -- backbone.adapter.backbone.blocks.18.mlp.fc2.bias:lr_mult=0.05
2026/06/16 14:48:26 - mmengine - INFO - paramwise_options -- backbone.adapter.backbone.blocks.18.mlp.fc2.bias:decay_mult=1.0
2026/06/16 14:48:26 - mmengine - INFO - paramwise_options -- backbone.adapter.backbone.blocks.18.ls2.gamma:lr=5e-06
2026/06/16 14:48:26 - mmengine - INFO - paramwise_options -- backbone.adapter.backbone.blocks.18.ls2.gamma:weight_decay=0.05
2026/06/16 14:48:26 - mmengine - INFO - paramwise_options -- backbone.adapter.backbone.blocks.18.ls2.gamma:lr_mult=0.05
2026/06/16 14:48:26 - mmengine - INFO - paramwise_options -- backbone.adapter.backbone.blocks.18.ls2.gamma:decay_mult=1.0
2026/06/16 14:48:26 - mmengine - INFO - paramwise_options -- backbone.adapter.backbone.blocks.19.norm1.weight:lr=5e-06
2026/06/16 14:48:26 - mmengine - INFO - paramwise_options -- backbone.adapter.backbone.blocks.19.norm1.weight:weight_decay=0.05
2026/06/16 14:48:26 - mmengine - INFO - paramwise_options -- backbone.adapter.backbone.blocks.19.norm1.weight:lr_mult=0.05
2026/06/16 14:48:26 - mmengine - INFO - paramwise_options -- backbone.adapter.backbone.blocks.19.norm1.weight:decay_mult=1.0
2026/06/16 14:48:26 - mmengine - INFO - paramwise_options -- backbone.adapter.backbone.blocks.19.norm1.bias:lr=5e-06
2026/06/16 14:48:26 - mmengine - INFO - paramwise_options -- backbone.adapter.backbone.blocks.19.norm1.bias:weight_decay=0.05
2026/06/16 14:48:26 - mmengine - INFO - paramwise_options -- backbone.adapter.backbone.blocks.19.norm1.bias:lr_mult=0.05
2026/06/16 14:48:26 - mmengine - INFO - paramwise_options -- backbone.adapter.backbone.blocks.19.norm1.bias:decay_mult=1.0
2026/06/16 14:48:26 - mmengine - INFO - paramwise_options -- backbone.adapter.backbone.blocks.19.attn.qkv.weight:lr=5e-06
2026/06/16 14:48:26 - mmengine - INFO - paramwise_options -- backbone.adapter.backbone.blocks.19.attn.qkv.weight:weight_decay=0.05
2026/06/16 14:48:26 - mmengine - INFO - paramwise_options -- backbone.adapter.backbone.blocks.19.attn.qkv.weight:lr_mult=0.05
2026/06/16 14:48:26 - mmengine - INFO - paramwise_options -- backbone.adapter.backbone.blocks.19.attn.qkv.weight:decay_mult=1.0
2026/06/16 14:48:26 - mmengine - INFO - paramwise_options -- backbone.adapter.backbone.blocks.19.attn.qkv.bias:lr=5e-06
2026/06/16 14:48:26 - mmengine - INFO - paramwise_options -- backbone.adapter.backbone.blocks.19.attn.qkv.bias:weight_decay=0.05
2026/06/16 14:48:26 - mmengine - INFO - paramwise_options -- backbone.adapter.backbone.blocks.19.attn.qkv.bias:lr_mult=0.05
2026/06/16 14:48:26 - mmengine - INFO - paramwise_options -- backbone.adapter.backbone.blocks.19.attn.qkv.bias:decay_mult=1.0
2026/06/16 14:48:26 - mmengine - INFO - paramwise_options -- backbone.adapter.backbone.blocks.19.attn.proj.weight:lr=5e-06
2026/06/16 14:48:26 - mmengine - INFO - paramwise_options -- backbone.adapter.backbone.blocks.19.attn.proj.weight:weight_decay=0.05
2026/06/16 14:48:26 - mmengine - INFO - paramwise_options -- backbone.adapter.backbone.blocks.19.attn.proj.weight:lr_mult=0.05
2026/06/16 14:48:26 - mmengine - INFO - paramwise_options -- backbone.adapter.backbone.blocks.19.attn.proj.weight:decay_mult=1.0
2026/06/16 14:48:26 - mmengine - INFO - paramwise_options -- backbone.adapter.backbone.blocks.19.attn.proj.bias:lr=5e-06
2026/06/16 14:48:26 - mmengine - INFO - paramwise_options -- backbone.adapter.backbone.blocks.19.attn.proj.bias:weight_decay=0.05
2026/06/16 14:48:26 - mmengine - INFO - paramwise_options -- backbone.adapter.backbone.blocks.19.attn.proj.bias:lr_mult=0.05
2026/06/16 14:48:26 - mmengine - INFO - paramwise_options -- backbone.adapter.backbone.blocks.19.attn.proj.bias:decay_mult=1.0
2026/06/16 14:48:26 - mmengine - INFO - paramwise_options -- backbone.adapter.backbone.blocks.19.ls1.gamma:lr=5e-06
2026/06/16 14:48:26 - mmengine - INFO - paramwise_options -- backbone.adapter.backbone.blocks.19.ls1.gamma:weight_decay=0.05
2026/06/16 14:48:26 - mmengine - INFO - paramwise_options -- backbone.adapter.backbone.blocks.19.ls1.gamma:lr_mult=0.05
2026/06/16 14:48:26 - mmengine - INFO - paramwise_options -- backbone.adapter.backbone.blocks.19.ls1.gamma:decay_mult=1.0
2026/06/16 14:48:26 - mmengine - INFO - paramwise_options -- backbone.adapter.backbone.blocks.19.norm2.weight:lr=5e-06
2026/06/16 14:48:26 - mmengine - INFO - paramwise_options -- backbone.adapter.backbone.blocks.19.norm2.weight:weight_decay=0.05
2026/06/16 14:48:26 - mmengine - INFO - paramwise_options -- backbone.adapter.backbone.blocks.19.norm2.weight:lr_mult=0.05
2026/06/16 14:48:26 - mmengine - INFO - paramwise_options -- backbone.adapter.backbone.blocks.19.norm2.weight:decay_mult=1.0
2026/06/16 14:48:26 - mmengine - INFO - paramwise_options -- backbone.adapter.backbone.blocks.19.norm2.bias:lr=5e-06
2026/06/16 14:48:26 - mmengine - INFO - paramwise_options -- backbone.adapter.backbone.blocks.19.norm2.bias:weight_decay=0.05
2026/06/16 14:48:26 - mmengine - INFO - paramwise_options -- backbone.adapter.backbone.blocks.19.norm2.bias:lr_mult=0.05
2026/06/16 14:48:26 - mmengine - INFO - paramwise_options -- backbone.adapter.backbone.blocks.19.norm2.bias:decay_mult=1.0
2026/06/16 14:48:26 - mmengine - INFO - paramwise_options -- backbone.adapter.backbone.blocks.19.mlp.fc1.weight:lr=5e-06
2026/06/16 14:48:26 - mmengine - INFO - paramwise_options -- backbone.adapter.backbone.blocks.19.mlp.fc1.weight:weight_decay=0.05
2026/06/16 14:48:26 - mmengine - INFO - paramwise_options -- backbone.adapter.backbone.blocks.19.mlp.fc1.weight:lr_mult=0.05
2026/06/16 14:48:26 - mmengine - INFO - paramwise_options -- backbone.adapter.backbone.blocks.19.mlp.fc1.weight:decay_mult=1.0
2026/06/16 14:48:26 - mmengine - INFO - paramwise_options -- backbone.adapter.backbone.blocks.19.mlp.fc1.bias:lr=5e-06
2026/06/16 14:48:26 - mmengine - INFO - paramwise_options -- backbone.adapter.backbone.blocks.19.mlp.fc1.bias:weight_decay=0.05
2026/06/16 14:48:26 - mmengine - INFO - paramwise_options -- backbone.adapter.backbone.blocks.19.mlp.fc1.bias:lr_mult=0.05
2026/06/16 14:48:26 - mmengine - INFO - paramwise_options -- backbone.adapter.backbone.blocks.19.mlp.fc1.bias:decay_mult=1.0
2026/06/16 14:48:26 - mmengine - INFO - paramwise_options -- backbone.adapter.backbone.blocks.19.mlp.fc2.weight:lr=5e-06
2026/06/16 14:48:26 - mmengine - INFO - paramwise_options -- backbone.adapter.backbone.blocks.19.mlp.fc2.weight:weight_decay=0.05
2026/06/16 14:48:26 - mmengine - INFO - paramwise_options -- backbone.adapter.backbone.blocks.19.mlp.fc2.weight:lr_mult=0.05
2026/06/16 14:48:26 - mmengine - INFO - paramwise_options -- backbone.adapter.backbone.blocks.19.mlp.fc2.weight:decay_mult=1.0
2026/06/16 14:48:26 - mmengine - INFO - paramwise_options -- backbone.adapter.backbone.blocks.19.mlp.fc2.bias:lr=5e-06
2026/06/16 14:48:26 - mmengine - INFO - paramwise_options -- backbone.adapter.backbone.blocks.19.mlp.fc2.bias:weight_decay=0.05
2026/06/16 14:48:26 - mmengine - INFO - paramwise_options -- backbone.adapter.backbone.blocks.19.mlp.fc2.bias:lr_mult=0.05
2026/06/16 14:48:26 - mmengine - INFO - paramwise_options -- backbone.adapter.backbone.blocks.19.mlp.fc2.bias:decay_mult=1.0
2026/06/16 14:48:26 - mmengine - INFO - paramwise_options -- backbone.adapter.backbone.blocks.19.ls2.gamma:lr=5e-06
2026/06/16 14:48:26 - mmengine - INFO - paramwise_options -- backbone.adapter.backbone.blocks.19.ls2.gamma:weight_decay=0.05
2026/06/16 14:48:26 - mmengine - INFO - paramwise_options -- backbone.adapter.backbone.blocks.19.ls2.gamma:lr_mult=0.05
2026/06/16 14:48:26 - mmengine - INFO - paramwise_options -- backbone.adapter.backbone.blocks.19.ls2.gamma:decay_mult=1.0
2026/06/16 14:48:26 - mmengine - INFO - paramwise_options -- backbone.adapter.backbone.blocks.20.norm1.weight:lr=5e-06
2026/06/16 14:48:26 - mmengine - INFO - paramwise_options -- backbone.adapter.backbone.blocks.20.norm1.weight:weight_decay=0.05
2026/06/16 14:48:26 - mmengine - INFO - paramwise_options -- backbone.adapter.backbone.blocks.20.norm1.weight:lr_mult=0.05
2026/06/16 14:48:26 - mmengine - INFO - paramwise_options -- backbone.adapter.backbone.blocks.20.norm1.weight:decay_mult=1.0
2026/06/16 14:48:26 - mmengine - INFO - paramwise_options -- backbone.adapter.backbone.blocks.20.norm1.bias:lr=5e-06
2026/06/16 14:48:26 - mmengine - INFO - paramwise_options -- backbone.adapter.backbone.blocks.20.norm1.bias:weight_decay=0.05
2026/06/16 14:48:26 - mmengine - INFO - paramwise_options -- backbone.adapter.backbone.blocks.20.norm1.bias:lr_mult=0.05
2026/06/16 14:48:26 - mmengine - INFO - paramwise_options -- backbone.adapter.backbone.blocks.20.norm1.bias:decay_mult=1.0
2026/06/16 14:48:26 - mmengine - INFO - paramwise_options -- backbone.adapter.backbone.blocks.20.attn.qkv.weight:lr=5e-06
2026/06/16 14:48:26 - mmengine - INFO - paramwise_options -- backbone.adapter.backbone.blocks.20.attn.qkv.weight:weight_decay=0.05
2026/06/16 14:48:26 - mmengine - INFO - paramwise_options -- backbone.adapter.backbone.blocks.20.attn.qkv.weight:lr_mult=0.05
2026/06/16 14:48:26 - mmengine - INFO - paramwise_options -- backbone.adapter.backbone.blocks.20.attn.qkv.weight:decay_mult=1.0
2026/06/16 14:48:26 - mmengine - INFO - paramwise_options -- backbone.adapter.backbone.blocks.20.attn.qkv.bias:lr=5e-06
2026/06/16 14:48:26 - mmengine - INFO - paramwise_options -- backbone.adapter.backbone.blocks.20.attn.qkv.bias:weight_decay=0.05
2026/06/16 14:48:26 - mmengine - INFO - paramwise_options -- backbone.adapter.backbone.blocks.20.attn.qkv.bias:lr_mult=0.05
2026/06/16 14:48:26 - mmengine - INFO - paramwise_options -- backbone.adapter.backbone.blocks.20.attn.qkv.bias:decay_mult=1.0
2026/06/16 14:48:26 - mmengine - INFO - paramwise_options -- backbone.adapter.backbone.blocks.20.attn.proj.weight:lr=5e-06
2026/06/16 14:48:26 - mmengine - INFO - paramwise_options -- backbone.adapter.backbone.blocks.20.attn.proj.weight:weight_decay=0.05
2026/06/16 14:48:26 - mmengine - INFO - paramwise_options -- backbone.adapter.backbone.blocks.20.attn.proj.weight:lr_mult=0.05
2026/06/16 14:48:26 - mmengine - INFO - paramwise_options -- backbone.adapter.backbone.blocks.20.attn.proj.weight:decay_mult=1.0
2026/06/16 14:48:26 - mmengine - INFO - paramwise_options -- backbone.adapter.backbone.blocks.20.attn.proj.bias:lr=5e-06
2026/06/16 14:48:26 - mmengine - INFO - paramwise_options -- backbone.adapter.backbone.blocks.20.attn.proj.bias:weight_decay=0.05
2026/06/16 14:48:26 - mmengine - INFO - paramwise_options -- backbone.adapter.backbone.blocks.20.attn.proj.bias:lr_mult=0.05
2026/06/16 14:48:26 - mmengine - INFO - paramwise_options -- backbone.adapter.backbone.blocks.20.attn.proj.bias:decay_mult=1.0
2026/06/16 14:48:26 - mmengine - INFO - paramwise_options -- backbone.adapter.backbone.blocks.20.ls1.gamma:lr=5e-06
2026/06/16 14:48:26 - mmengine - INFO - paramwise_options -- backbone.adapter.backbone.blocks.20.ls1.gamma:weight_decay=0.05
2026/06/16 14:48:26 - mmengine - INFO - paramwise_options -- backbone.adapter.backbone.blocks.20.ls1.gamma:lr_mult=0.05
2026/06/16 14:48:26 - mmengine - INFO - paramwise_options -- backbone.adapter.backbone.blocks.20.ls1.gamma:decay_mult=1.0
2026/06/16 14:48:26 - mmengine - INFO - paramwise_options -- backbone.adapter.backbone.blocks.20.norm2.weight:lr=5e-06
2026/06/16 14:48:26 - mmengine - INFO - paramwise_options -- backbone.adapter.backbone.blocks.20.norm2.weight:weight_decay=0.05
2026/06/16 14:48:26 - mmengine - INFO - paramwise_options -- backbone.adapter.backbone.blocks.20.norm2.weight:lr_mult=0.05
2026/06/16 14:48:26 - mmengine - INFO - paramwise_options -- backbone.adapter.backbone.blocks.20.norm2.weight:decay_mult=1.0
2026/06/16 14:48:26 - mmengine - INFO - paramwise_options -- backbone.adapter.backbone.blocks.20.norm2.bias:lr=5e-06
2026/06/16 14:48:26 - mmengine - INFO - paramwise_options -- backbone.adapter.backbone.blocks.20.norm2.bias:weight_decay=0.05
2026/06/16 14:48:26 - mmengine - INFO - paramwise_options -- backbone.adapter.backbone.blocks.20.norm2.bias:lr_mult=0.05
2026/06/16 14:48:26 - mmengine - INFO - paramwise_options -- backbone.adapter.backbone.blocks.20.norm2.bias:decay_mult=1.0
2026/06/16 14:48:26 - mmengine - INFO - paramwise_options -- backbone.adapter.backbone.blocks.20.mlp.fc1.weight:lr=5e-06
2026/06/16 14:48:26 - mmengine - INFO - paramwise_options -- backbone.adapter.backbone.blocks.20.mlp.fc1.weight:weight_decay=0.05
2026/06/16 14:48:26 - mmengine - INFO - paramwise_options -- backbone.adapter.backbone.blocks.20.mlp.fc1.weight:lr_mult=0.05
2026/06/16 14:48:26 - mmengine - INFO - paramwise_options -- backbone.adapter.backbone.blocks.20.mlp.fc1.weight:decay_mult=1.0
2026/06/16 14:48:26 - mmengine - INFO - paramwise_options -- backbone.adapter.backbone.blocks.20.mlp.fc1.bias:lr=5e-06
2026/06/16 14:48:26 - mmengine - INFO - paramwise_options -- backbone.adapter.backbone.blocks.20.mlp.fc1.bias:weight_decay=0.05
2026/06/16 14:48:26 - mmengine - INFO - paramwise_options -- backbone.adapter.backbone.blocks.20.mlp.fc1.bias:lr_mult=0.05
2026/06/16 14:48:26 - mmengine - INFO - paramwise_options -- backbone.adapter.backbone.blocks.20.mlp.fc1.bias:decay_mult=1.0
2026/06/16 14:48:26 - mmengine - INFO - paramwise_options -- backbone.adapter.backbone.blocks.20.mlp.fc2.weight:lr=5e-06
2026/06/16 14:48:26 - mmengine - INFO - paramwise_options -- backbone.adapter.backbone.blocks.20.mlp.fc2.weight:weight_decay=0.05
2026/06/16 14:48:26 - mmengine - INFO - paramwise_options -- backbone.adapter.backbone.blocks.20.mlp.fc2.weight:lr_mult=0.05
2026/06/16 14:48:26 - mmengine - INFO - paramwise_options -- backbone.adapter.backbone.blocks.20.mlp.fc2.weight:decay_mult=1.0
2026/06/16 14:48:26 - mmengine - INFO - paramwise_options -- backbone.adapter.backbone.blocks.20.mlp.fc2.bias:lr=5e-06
2026/06/16 14:48:26 - mmengine - INFO - paramwise_options -- backbone.adapter.backbone.blocks.20.mlp.fc2.bias:weight_decay=0.05
2026/06/16 14:48:26 - mmengine - INFO - paramwise_options -- backbone.adapter.backbone.blocks.20.mlp.fc2.bias:lr_mult=0.05
2026/06/16 14:48:26 - mmengine - INFO - paramwise_options -- backbone.adapter.backbone.blocks.20.mlp.fc2.bias:decay_mult=1.0
2026/06/16 14:48:26 - mmengine - INFO - paramwise_options -- backbone.adapter.backbone.blocks.20.ls2.gamma:lr=5e-06
2026/06/16 14:48:26 - mmengine - INFO - paramwise_options -- backbone.adapter.backbone.blocks.20.ls2.gamma:weight_decay=0.05
2026/06/16 14:48:26 - mmengine - INFO - paramwise_options -- backbone.adapter.backbone.blocks.20.ls2.gamma:lr_mult=0.05
2026/06/16 14:48:26 - mmengine - INFO - paramwise_options -- backbone.adapter.backbone.blocks.20.ls2.gamma:decay_mult=1.0
2026/06/16 14:48:26 - mmengine - INFO - paramwise_options -- backbone.adapter.backbone.blocks.21.norm1.weight:lr=5e-06
2026/06/16 14:48:26 - mmengine - INFO - paramwise_options -- backbone.adapter.backbone.blocks.21.norm1.weight:weight_decay=0.05
2026/06/16 14:48:26 - mmengine - INFO - paramwise_options -- backbone.adapter.backbone.blocks.21.norm1.weight:lr_mult=0.05
2026/06/16 14:48:26 - mmengine - INFO - paramwise_options -- backbone.adapter.backbone.blocks.21.norm1.weight:decay_mult=1.0
2026/06/16 14:48:26 - mmengine - INFO - paramwise_options -- backbone.adapter.backbone.blocks.21.norm1.bias:lr=5e-06
2026/06/16 14:48:26 - mmengine - INFO - paramwise_options -- backbone.adapter.backbone.blocks.21.norm1.bias:weight_decay=0.05
2026/06/16 14:48:26 - mmengine - INFO - paramwise_options -- backbone.adapter.backbone.blocks.21.norm1.bias:lr_mult=0.05
2026/06/16 14:48:26 - mmengine - INFO - paramwise_options -- backbone.adapter.backbone.blocks.21.norm1.bias:decay_mult=1.0
2026/06/16 14:48:26 - mmengine - INFO - paramwise_options -- backbone.adapter.backbone.blocks.21.attn.qkv.weight:lr=5e-06
2026/06/16 14:48:26 - mmengine - INFO - paramwise_options -- backbone.adapter.backbone.blocks.21.attn.qkv.weight:weight_decay=0.05
2026/06/16 14:48:26 - mmengine - INFO - paramwise_options -- backbone.adapter.backbone.blocks.21.attn.qkv.weight:lr_mult=0.05
2026/06/16 14:48:26 - mmengine - INFO - paramwise_options -- backbone.adapter.backbone.blocks.21.attn.qkv.weight:decay_mult=1.0
2026/06/16 14:48:26 - mmengine - INFO - paramwise_options -- backbone.adapter.backbone.blocks.21.attn.qkv.bias:lr=5e-06
2026/06/16 14:48:26 - mmengine - INFO - paramwise_options -- backbone.adapter.backbone.blocks.21.attn.qkv.bias:weight_decay=0.05
2026/06/16 14:48:26 - mmengine - INFO - paramwise_options -- backbone.adapter.backbone.blocks.21.attn.qkv.bias:lr_mult=0.05
2026/06/16 14:48:26 - mmengine - INFO - paramwise_options -- backbone.adapter.backbone.blocks.21.attn.qkv.bias:decay_mult=1.0
2026/06/16 14:48:26 - mmengine - INFO - paramwise_options -- backbone.adapter.backbone.blocks.21.attn.proj.weight:lr=5e-06
2026/06/16 14:48:26 - mmengine - INFO - paramwise_options -- backbone.adapter.backbone.blocks.21.attn.proj.weight:weight_decay=0.05
2026/06/16 14:48:26 - mmengine - INFO - paramwise_options -- backbone.adapter.backbone.blocks.21.attn.proj.weight:lr_mult=0.05
2026/06/16 14:48:26 - mmengine - INFO - paramwise_options -- backbone.adapter.backbone.blocks.21.attn.proj.weight:decay_mult=1.0
2026/06/16 14:48:26 - mmengine - INFO - paramwise_options -- backbone.adapter.backbone.blocks.21.attn.proj.bias:lr=5e-06
2026/06/16 14:48:26 - mmengine - INFO - paramwise_options -- backbone.adapter.backbone.blocks.21.attn.proj.bias:weight_decay=0.05
2026/06/16 14:48:26 - mmengine - INFO - paramwise_options -- backbone.adapter.backbone.blocks.21.attn.proj.bias:lr_mult=0.05
2026/06/16 14:48:26 - mmengine - INFO - paramwise_options -- backbone.adapter.backbone.blocks.21.attn.proj.bias:decay_mult=1.0
2026/06/16 14:48:26 - mmengine - INFO - paramwise_options -- backbone.adapter.backbone.blocks.21.ls1.gamma:lr=5e-06
2026/06/16 14:48:26 - mmengine - INFO - paramwise_options -- backbone.adapter.backbone.blocks.21.ls1.gamma:weight_decay=0.05
2026/06/16 14:48:26 - mmengine - INFO - paramwise_options -- backbone.adapter.backbone.blocks.21.ls1.gamma:lr_mult=0.05
2026/06/16 14:48:26 - mmengine - INFO - paramwise_options -- backbone.adapter.backbone.blocks.21.ls1.gamma:decay_mult=1.0
2026/06/16 14:48:26 - mmengine - INFO - paramwise_options -- backbone.adapter.backbone.blocks.21.norm2.weight:lr=5e-06
2026/06/16 14:48:26 - mmengine - INFO - paramwise_options -- backbone.adapter.backbone.blocks.21.norm2.weight:weight_decay=0.05
2026/06/16 14:48:26 - mmengine - INFO - paramwise_options -- backbone.adapter.backbone.blocks.21.norm2.weight:lr_mult=0.05
2026/06/16 14:48:26 - mmengine - INFO - paramwise_options -- backbone.adapter.backbone.blocks.21.norm2.weight:decay_mult=1.0
2026/06/16 14:48:26 - mmengine - INFO - paramwise_options -- backbone.adapter.backbone.blocks.21.norm2.bias:lr=5e-06
2026/06/16 14:48:26 - mmengine - INFO - paramwise_options -- backbone.adapter.backbone.blocks.21.norm2.bias:weight_decay=0.05
2026/06/16 14:48:26 - mmengine - INFO - paramwise_options -- backbone.adapter.backbone.blocks.21.norm2.bias:lr_mult=0.05
2026/06/16 14:48:26 - mmengine - INFO - paramwise_options -- backbone.adapter.backbone.blocks.21.norm2.bias:decay_mult=1.0
2026/06/16 14:48:26 - mmengine - INFO - paramwise_options -- backbone.adapter.backbone.blocks.21.mlp.fc1.weight:lr=5e-06
2026/06/16 14:48:26 - mmengine - INFO - paramwise_options -- backbone.adapter.backbone.blocks.21.mlp.fc1.weight:weight_decay=0.05
2026/06/16 14:48:26 - mmengine - INFO - paramwise_options -- backbone.adapter.backbone.blocks.21.mlp.fc1.weight:lr_mult=0.05
2026/06/16 14:48:26 - mmengine - INFO - paramwise_options -- backbone.adapter.backbone.blocks.21.mlp.fc1.weight:decay_mult=1.0
2026/06/16 14:48:26 - mmengine - INFO - paramwise_options -- backbone.adapter.backbone.blocks.21.mlp.fc1.bias:lr=5e-06
2026/06/16 14:48:26 - mmengine - INFO - paramwise_options -- backbone.adapter.backbone.blocks.21.mlp.fc1.bias:weight_decay=0.05
2026/06/16 14:48:26 - mmengine - INFO - paramwise_options -- backbone.adapter.backbone.blocks.21.mlp.fc1.bias:lr_mult=0.05
2026/06/16 14:48:26 - mmengine - INFO - paramwise_options -- backbone.adapter.backbone.blocks.21.mlp.fc1.bias:decay_mult=1.0
2026/06/16 14:48:26 - mmengine - INFO - paramwise_options -- backbone.adapter.backbone.blocks.21.mlp.fc2.weight:lr=5e-06
2026/06/16 14:48:26 - mmengine - INFO - paramwise_options -- backbone.adapter.backbone.blocks.21.mlp.fc2.weight:weight_decay=0.05
2026/06/16 14:48:26 - mmengine - INFO - paramwise_options -- backbone.adapter.backbone.blocks.21.mlp.fc2.weight:lr_mult=0.05
2026/06/16 14:48:26 - mmengine - INFO - paramwise_options -- backbone.adapter.backbone.blocks.21.mlp.fc2.weight:decay_mult=1.0
2026/06/16 14:48:26 - mmengine - INFO - paramwise_options -- backbone.adapter.backbone.blocks.21.mlp.fc2.bias:lr=5e-06
2026/06/16 14:48:26 - mmengine - INFO - paramwise_options -- backbone.adapter.backbone.blocks.21.mlp.fc2.bias:weight_decay=0.05
2026/06/16 14:48:26 - mmengine - INFO - paramwise_options -- backbone.adapter.backbone.blocks.21.mlp.fc2.bias:lr_mult=0.05
2026/06/16 14:48:26 - mmengine - INFO - paramwise_options -- backbone.adapter.backbone.blocks.21.mlp.fc2.bias:decay_mult=1.0
2026/06/16 14:48:26 - mmengine - INFO - paramwise_options -- backbone.adapter.backbone.blocks.21.ls2.gamma:lr=5e-06
2026/06/16 14:48:26 - mmengine - INFO - paramwise_options -- backbone.adapter.backbone.blocks.21.ls2.gamma:weight_decay=0.05
2026/06/16 14:48:26 - mmengine - INFO - paramwise_options -- backbone.adapter.backbone.blocks.21.ls2.gamma:lr_mult=0.05
2026/06/16 14:48:26 - mmengine - INFO - paramwise_options -- backbone.adapter.backbone.blocks.21.ls2.gamma:decay_mult=1.0
2026/06/16 14:48:26 - mmengine - INFO - paramwise_options -- backbone.adapter.backbone.blocks.22.norm1.weight:lr=5e-06
2026/06/16 14:48:26 - mmengine - INFO - paramwise_options -- backbone.adapter.backbone.blocks.22.norm1.weight:weight_decay=0.05
2026/06/16 14:48:26 - mmengine - INFO - paramwise_options -- backbone.adapter.backbone.blocks.22.norm1.weight:lr_mult=0.05
2026/06/16 14:48:26 - mmengine - INFO - paramwise_options -- backbone.adapter.backbone.blocks.22.norm1.weight:decay_mult=1.0
2026/06/16 14:48:26 - mmengine - INFO - paramwise_options -- backbone.adapter.backbone.blocks.22.norm1.bias:lr=5e-06
2026/06/16 14:48:26 - mmengine - INFO - paramwise_options -- backbone.adapter.backbone.blocks.22.norm1.bias:weight_decay=0.05
2026/06/16 14:48:26 - mmengine - INFO - paramwise_options -- backbone.adapter.backbone.blocks.22.norm1.bias:lr_mult=0.05
2026/06/16 14:48:26 - mmengine - INFO - paramwise_options -- backbone.adapter.backbone.blocks.22.norm1.bias:decay_mult=1.0
2026/06/16 14:48:26 - mmengine - INFO - paramwise_options -- backbone.adapter.backbone.blocks.22.attn.qkv.weight:lr=5e-06
2026/06/16 14:48:26 - mmengine - INFO - paramwise_options -- backbone.adapter.backbone.blocks.22.attn.qkv.weight:weight_decay=0.05
2026/06/16 14:48:26 - mmengine - INFO - paramwise_options -- backbone.adapter.backbone.blocks.22.attn.qkv.weight:lr_mult=0.05
2026/06/16 14:48:26 - mmengine - INFO - paramwise_options -- backbone.adapter.backbone.blocks.22.attn.qkv.weight:decay_mult=1.0
2026/06/16 14:48:26 - mmengine - INFO - paramwise_options -- backbone.adapter.backbone.blocks.22.attn.qkv.bias:lr=5e-06
2026/06/16 14:48:26 - mmengine - INFO - paramwise_options -- backbone.adapter.backbone.blocks.22.attn.qkv.bias:weight_decay=0.05
2026/06/16 14:48:26 - mmengine - INFO - paramwise_options -- backbone.adapter.backbone.blocks.22.attn.qkv.bias:lr_mult=0.05
2026/06/16 14:48:26 - mmengine - INFO - paramwise_options -- backbone.adapter.backbone.blocks.22.attn.qkv.bias:decay_mult=1.0
2026/06/16 14:48:26 - mmengine - INFO - paramwise_options -- backbone.adapter.backbone.blocks.22.attn.proj.weight:lr=5e-06
2026/06/16 14:48:26 - mmengine - INFO - paramwise_options -- backbone.adapter.backbone.blocks.22.attn.proj.weight:weight_decay=0.05
2026/06/16 14:48:26 - mmengine - INFO - paramwise_options -- backbone.adapter.backbone.blocks.22.attn.proj.weight:lr_mult=0.05
2026/06/16 14:48:26 - mmengine - INFO - paramwise_options -- backbone.adapter.backbone.blocks.22.attn.proj.weight:decay_mult=1.0
2026/06/16 14:48:26 - mmengine - INFO - paramwise_options -- backbone.adapter.backbone.blocks.22.attn.proj.bias:lr=5e-06
2026/06/16 14:48:26 - mmengine - INFO - paramwise_options -- backbone.adapter.backbone.blocks.22.attn.proj.bias:weight_decay=0.05
2026/06/16 14:48:26 - mmengine - INFO - paramwise_options -- backbone.adapter.backbone.blocks.22.attn.proj.bias:lr_mult=0.05
2026/06/16 14:48:26 - mmengine - INFO - paramwise_options -- backbone.adapter.backbone.blocks.22.attn.proj.bias:decay_mult=1.0
2026/06/16 14:48:26 - mmengine - INFO - paramwise_options -- backbone.adapter.backbone.blocks.22.ls1.gamma:lr=5e-06
2026/06/16 14:48:26 - mmengine - INFO - paramwise_options -- backbone.adapter.backbone.blocks.22.ls1.gamma:weight_decay=0.05
2026/06/16 14:48:26 - mmengine - INFO - paramwise_options -- backbone.adapter.backbone.blocks.22.ls1.gamma:lr_mult=0.05
2026/06/16 14:48:26 - mmengine - INFO - paramwise_options -- backbone.adapter.backbone.blocks.22.ls1.gamma:decay_mult=1.0
2026/06/16 14:48:26 - mmengine - INFO - paramwise_options -- backbone.adapter.backbone.blocks.22.norm2.weight:lr=5e-06
2026/06/16 14:48:26 - mmengine - INFO - paramwise_options -- backbone.adapter.backbone.blocks.22.norm2.weight:weight_decay=0.05
2026/06/16 14:48:26 - mmengine - INFO - paramwise_options -- backbone.adapter.backbone.blocks.22.norm2.weight:lr_mult=0.05
2026/06/16 14:48:26 - mmengine - INFO - paramwise_options -- backbone.adapter.backbone.blocks.22.norm2.weight:decay_mult=1.0
2026/06/16 14:48:26 - mmengine - INFO - paramwise_options -- backbone.adapter.backbone.blocks.22.norm2.bias:lr=5e-06
2026/06/16 14:48:26 - mmengine - INFO - paramwise_options -- backbone.adapter.backbone.blocks.22.norm2.bias:weight_decay=0.05
2026/06/16 14:48:26 - mmengine - INFO - paramwise_options -- backbone.adapter.backbone.blocks.22.norm2.bias:lr_mult=0.05
2026/06/16 14:48:26 - mmengine - INFO - paramwise_options -- backbone.adapter.backbone.blocks.22.norm2.bias:decay_mult=1.0
2026/06/16 14:48:26 - mmengine - INFO - paramwise_options -- backbone.adapter.backbone.blocks.22.mlp.fc1.weight:lr=5e-06
2026/06/16 14:48:26 - mmengine - INFO - paramwise_options -- backbone.adapter.backbone.blocks.22.mlp.fc1.weight:weight_decay=0.05
2026/06/16 14:48:26 - mmengine - INFO - paramwise_options -- backbone.adapter.backbone.blocks.22.mlp.fc1.weight:lr_mult=0.05
2026/06/16 14:48:26 - mmengine - INFO - paramwise_options -- backbone.adapter.backbone.blocks.22.mlp.fc1.weight:decay_mult=1.0
2026/06/16 14:48:26 - mmengine - INFO - paramwise_options -- backbone.adapter.backbone.blocks.22.mlp.fc1.bias:lr=5e-06
2026/06/16 14:48:26 - mmengine - INFO - paramwise_options -- backbone.adapter.backbone.blocks.22.mlp.fc1.bias:weight_decay=0.05
2026/06/16 14:48:26 - mmengine - INFO - paramwise_options -- backbone.adapter.backbone.blocks.22.mlp.fc1.bias:lr_mult=0.05
2026/06/16 14:48:26 - mmengine - INFO - paramwise_options -- backbone.adapter.backbone.blocks.22.mlp.fc1.bias:decay_mult=1.0
2026/06/16 14:48:26 - mmengine - INFO - paramwise_options -- backbone.adapter.backbone.blocks.22.mlp.fc2.weight:lr=5e-06
2026/06/16 14:48:26 - mmengine - INFO - paramwise_options -- backbone.adapter.backbone.blocks.22.mlp.fc2.weight:weight_decay=0.05
2026/06/16 14:48:26 - mmengine - INFO - paramwise_options -- backbone.adapter.backbone.blocks.22.mlp.fc2.weight:lr_mult=0.05
2026/06/16 14:48:26 - mmengine - INFO - paramwise_options -- backbone.adapter.backbone.blocks.22.mlp.fc2.weight:decay_mult=1.0
2026/06/16 14:48:26 - mmengine - INFO - paramwise_options -- backbone.adapter.backbone.blocks.22.mlp.fc2.bias:lr=5e-06
2026/06/16 14:48:26 - mmengine - INFO - paramwise_options -- backbone.adapter.backbone.blocks.22.mlp.fc2.bias:weight_decay=0.05
2026/06/16 14:48:26 - mmengine - INFO - paramwise_options -- backbone.adapter.backbone.blocks.22.mlp.fc2.bias:lr_mult=0.05
2026/06/16 14:48:26 - mmengine - INFO - paramwise_options -- backbone.adapter.backbone.blocks.22.mlp.fc2.bias:decay_mult=1.0
2026/06/16 14:48:26 - mmengine - INFO - paramwise_options -- backbone.adapter.backbone.blocks.22.ls2.gamma:lr=5e-06
2026/06/16 14:48:26 - mmengine - INFO - paramwise_options -- backbone.adapter.backbone.blocks.22.ls2.gamma:weight_decay=0.05
2026/06/16 14:48:26 - mmengine - INFO - paramwise_options -- backbone.adapter.backbone.blocks.22.ls2.gamma:lr_mult=0.05
2026/06/16 14:48:26 - mmengine - INFO - paramwise_options -- backbone.adapter.backbone.blocks.22.ls2.gamma:decay_mult=1.0
2026/06/16 14:48:26 - mmengine - INFO - paramwise_options -- backbone.adapter.backbone.blocks.23.norm1.weight:lr=5e-06
2026/06/16 14:48:26 - mmengine - INFO - paramwise_options -- backbone.adapter.backbone.blocks.23.norm1.weight:weight_decay=0.05
2026/06/16 14:48:26 - mmengine - INFO - paramwise_options -- backbone.adapter.backbone.blocks.23.norm1.weight:lr_mult=0.05
2026/06/16 14:48:26 - mmengine - INFO - paramwise_options -- backbone.adapter.backbone.blocks.23.norm1.weight:decay_mult=1.0
2026/06/16 14:48:26 - mmengine - INFO - paramwise_options -- backbone.adapter.backbone.blocks.23.norm1.bias:lr=5e-06
2026/06/16 14:48:26 - mmengine - INFO - paramwise_options -- backbone.adapter.backbone.blocks.23.norm1.bias:weight_decay=0.05
2026/06/16 14:48:26 - mmengine - INFO - paramwise_options -- backbone.adapter.backbone.blocks.23.norm1.bias:lr_mult=0.05
2026/06/16 14:48:26 - mmengine - INFO - paramwise_options -- backbone.adapter.backbone.blocks.23.norm1.bias:decay_mult=1.0
2026/06/16 14:48:26 - mmengine - INFO - paramwise_options -- backbone.adapter.backbone.blocks.23.attn.qkv.weight:lr=5e-06
2026/06/16 14:48:26 - mmengine - INFO - paramwise_options -- backbone.adapter.backbone.blocks.23.attn.qkv.weight:weight_decay=0.05
2026/06/16 14:48:26 - mmengine - INFO - paramwise_options -- backbone.adapter.backbone.blocks.23.attn.qkv.weight:lr_mult=0.05
2026/06/16 14:48:26 - mmengine - INFO - paramwise_options -- backbone.adapter.backbone.blocks.23.attn.qkv.weight:decay_mult=1.0
2026/06/16 14:48:26 - mmengine - INFO - paramwise_options -- backbone.adapter.backbone.blocks.23.attn.qkv.bias:lr=5e-06
2026/06/16 14:48:26 - mmengine - INFO - paramwise_options -- backbone.adapter.backbone.blocks.23.attn.qkv.bias:weight_decay=0.05
2026/06/16 14:48:26 - mmengine - INFO - paramwise_options -- backbone.adapter.backbone.blocks.23.attn.qkv.bias:lr_mult=0.05
2026/06/16 14:48:26 - mmengine - INFO - paramwise_options -- backbone.adapter.backbone.blocks.23.attn.qkv.bias:decay_mult=1.0
2026/06/16 14:48:26 - mmengine - INFO - paramwise_options -- backbone.adapter.backbone.blocks.23.attn.proj.weight:lr=5e-06
2026/06/16 14:48:26 - mmengine - INFO - paramwise_options -- backbone.adapter.backbone.blocks.23.attn.proj.weight:weight_decay=0.05
2026/06/16 14:48:26 - mmengine - INFO - paramwise_options -- backbone.adapter.backbone.blocks.23.attn.proj.weight:lr_mult=0.05
2026/06/16 14:48:26 - mmengine - INFO - paramwise_options -- backbone.adapter.backbone.blocks.23.attn.proj.weight:decay_mult=1.0
2026/06/16 14:48:26 - mmengine - INFO - paramwise_options -- backbone.adapter.backbone.blocks.23.attn.proj.bias:lr=5e-06
2026/06/16 14:48:26 - mmengine - INFO - paramwise_options -- backbone.adapter.backbone.blocks.23.attn.proj.bias:weight_decay=0.05
2026/06/16 14:48:26 - mmengine - INFO - paramwise_options -- backbone.adapter.backbone.blocks.23.attn.proj.bias:lr_mult=0.05
2026/06/16 14:48:26 - mmengine - INFO - paramwise_options -- backbone.adapter.backbone.blocks.23.attn.proj.bias:decay_mult=1.0
2026/06/16 14:48:26 - mmengine - INFO - paramwise_options -- backbone.adapter.backbone.blocks.23.ls1.gamma:lr=5e-06
2026/06/16 14:48:26 - mmengine - INFO - paramwise_options -- backbone.adapter.backbone.blocks.23.ls1.gamma:weight_decay=0.05
2026/06/16 14:48:26 - mmengine - INFO - paramwise_options -- backbone.adapter.backbone.blocks.23.ls1.gamma:lr_mult=0.05
2026/06/16 14:48:26 - mmengine - INFO - paramwise_options -- backbone.adapter.backbone.blocks.23.ls1.gamma:decay_mult=1.0
2026/06/16 14:48:26 - mmengine - INFO - paramwise_options -- backbone.adapter.backbone.blocks.23.norm2.weight:lr=5e-06
2026/06/16 14:48:26 - mmengine - INFO - paramwise_options -- backbone.adapter.backbone.blocks.23.norm2.weight:weight_decay=0.05
2026/06/16 14:48:26 - mmengine - INFO - paramwise_options -- backbone.adapter.backbone.blocks.23.norm2.weight:lr_mult=0.05
2026/06/16 14:48:26 - mmengine - INFO - paramwise_options -- backbone.adapter.backbone.blocks.23.norm2.weight:decay_mult=1.0
2026/06/16 14:48:26 - mmengine - INFO - paramwise_options -- backbone.adapter.backbone.blocks.23.norm2.bias:lr=5e-06
2026/06/16 14:48:26 - mmengine - INFO - paramwise_options -- backbone.adapter.backbone.blocks.23.norm2.bias:weight_decay=0.05
2026/06/16 14:48:26 - mmengine - INFO - paramwise_options -- backbone.adapter.backbone.blocks.23.norm2.bias:lr_mult=0.05
2026/06/16 14:48:26 - mmengine - INFO - paramwise_options -- backbone.adapter.backbone.blocks.23.norm2.bias:decay_mult=1.0
2026/06/16 14:48:26 - mmengine - INFO - paramwise_options -- backbone.adapter.backbone.blocks.23.mlp.fc1.weight:lr=5e-06
2026/06/16 14:48:26 - mmengine - INFO - paramwise_options -- backbone.adapter.backbone.blocks.23.mlp.fc1.weight:weight_decay=0.05
2026/06/16 14:48:26 - mmengine - INFO - paramwise_options -- backbone.adapter.backbone.blocks.23.mlp.fc1.weight:lr_mult=0.05
2026/06/16 14:48:26 - mmengine - INFO - paramwise_options -- backbone.adapter.backbone.blocks.23.mlp.fc1.weight:decay_mult=1.0
2026/06/16 14:48:26 - mmengine - INFO - paramwise_options -- backbone.adapter.backbone.blocks.23.mlp.fc1.bias:lr=5e-06
2026/06/16 14:48:26 - mmengine - INFO - paramwise_options -- backbone.adapter.backbone.blocks.23.mlp.fc1.bias:weight_decay=0.05
2026/06/16 14:48:26 - mmengine - INFO - paramwise_options -- backbone.adapter.backbone.blocks.23.mlp.fc1.bias:lr_mult=0.05
2026/06/16 14:48:26 - mmengine - INFO - paramwise_options -- backbone.adapter.backbone.blocks.23.mlp.fc1.bias:decay_mult=1.0
2026/06/16 14:48:26 - mmengine - INFO - paramwise_options -- backbone.adapter.backbone.blocks.23.mlp.fc2.weight:lr=5e-06
2026/06/16 14:48:26 - mmengine - INFO - paramwise_options -- backbone.adapter.backbone.blocks.23.mlp.fc2.weight:weight_decay=0.05
2026/06/16 14:48:26 - mmengine - INFO - paramwise_options -- backbone.adapter.backbone.blocks.23.mlp.fc2.weight:lr_mult=0.05
2026/06/16 14:48:26 - mmengine - INFO - paramwise_options -- backbone.adapter.backbone.blocks.23.mlp.fc2.weight:decay_mult=1.0
2026/06/16 14:48:26 - mmengine - INFO - paramwise_options -- backbone.adapter.backbone.blocks.23.mlp.fc2.bias:lr=5e-06
2026/06/16 14:48:26 - mmengine - INFO - paramwise_options -- backbone.adapter.backbone.blocks.23.mlp.fc2.bias:weight_decay=0.05
2026/06/16 14:48:26 - mmengine - INFO - paramwise_options -- backbone.adapter.backbone.blocks.23.mlp.fc2.bias:lr_mult=0.05
2026/06/16 14:48:26 - mmengine - INFO - paramwise_options -- backbone.adapter.backbone.blocks.23.mlp.fc2.bias:decay_mult=1.0
2026/06/16 14:48:26 - mmengine - INFO - paramwise_options -- backbone.adapter.backbone.blocks.23.ls2.gamma:lr=5e-06
2026/06/16 14:48:26 - mmengine - INFO - paramwise_options -- backbone.adapter.backbone.blocks.23.ls2.gamma:weight_decay=0.05
2026/06/16 14:48:26 - mmengine - INFO - paramwise_options -- backbone.adapter.backbone.blocks.23.ls2.gamma:lr_mult=0.05
2026/06/16 14:48:26 - mmengine - INFO - paramwise_options -- backbone.adapter.backbone.blocks.23.ls2.gamma:decay_mult=1.0
2026/06/16 14:48:26 - mmengine - INFO - paramwise_options -- backbone.adapter.backbone.norm.weight:lr=5e-06
2026/06/16 14:48:26 - mmengine - INFO - paramwise_options -- backbone.adapter.backbone.norm.weight:weight_decay=0.05
2026/06/16 14:48:26 - mmengine - INFO - paramwise_options -- backbone.adapter.backbone.norm.weight:lr_mult=0.05
2026/06/16 14:48:26 - mmengine - INFO - paramwise_options -- backbone.adapter.backbone.norm.weight:decay_mult=1.0
2026/06/16 14:48:26 - mmengine - INFO - paramwise_options -- backbone.adapter.backbone.norm.bias:lr=5e-06
2026/06/16 14:48:26 - mmengine - INFO - paramwise_options -- backbone.adapter.backbone.norm.bias:weight_decay=0.05
2026/06/16 14:48:26 - mmengine - INFO - paramwise_options -- backbone.adapter.backbone.norm.bias:lr_mult=0.05
2026/06/16 14:48:26 - mmengine - INFO - paramwise_options -- backbone.adapter.backbone.norm.bias:decay_mult=1.0
2026/06/16 14:48:26 - mmengine - INFO - paramwise_options -- backbone.adapter.spm.stem.0.weight:lr=0.0001
2026/06/16 14:48:26 - mmengine - INFO - paramwise_options -- backbone.adapter.spm.stem.0.weight:weight_decay=0.05
2026/06/16 14:48:26 - mmengine - INFO - paramwise_options -- backbone.adapter.spm.stem.0.weight:lr_mult=1.0
2026/06/16 14:48:26 - mmengine - INFO - paramwise_options -- backbone.adapter.spm.stem.0.weight:decay_mult=1.0
2026/06/16 14:48:26 - mmengine - INFO - paramwise_options -- backbone.adapter.spm.stem.1.weight:lr=0.0001
2026/06/16 14:48:26 - mmengine - INFO - paramwise_options -- backbone.adapter.spm.stem.1.weight:weight_decay=0.05
2026/06/16 14:48:26 - mmengine - INFO - paramwise_options -- backbone.adapter.spm.stem.1.weight:lr_mult=1.0
2026/06/16 14:48:26 - mmengine - INFO - paramwise_options -- backbone.adapter.spm.stem.1.weight:decay_mult=1.0
2026/06/16 14:48:26 - mmengine - INFO - paramwise_options -- backbone.adapter.spm.stem.1.bias:lr=0.0001
2026/06/16 14:48:26 - mmengine - INFO - paramwise_options -- backbone.adapter.spm.stem.1.bias:weight_decay=0.05
2026/06/16 14:48:26 - mmengine - INFO - paramwise_options -- backbone.adapter.spm.stem.1.bias:lr_mult=1.0
2026/06/16 14:48:26 - mmengine - INFO - paramwise_options -- backbone.adapter.spm.stem.1.bias:decay_mult=1.0
2026/06/16 14:48:26 - mmengine - INFO - paramwise_options -- backbone.adapter.spm.stem.3.weight:lr=0.0001
2026/06/16 14:48:26 - mmengine - INFO - paramwise_options -- backbone.adapter.spm.stem.3.weight:weight_decay=0.05
2026/06/16 14:48:26 - mmengine - INFO - paramwise_options -- backbone.adapter.spm.stem.3.weight:lr_mult=1.0
2026/06/16 14:48:26 - mmengine - INFO - paramwise_options -- backbone.adapter.spm.stem.3.weight:decay_mult=1.0
2026/06/16 14:48:26 - mmengine - INFO - paramwise_options -- backbone.adapter.spm.stem.4.weight:lr=0.0001
2026/06/16 14:48:26 - mmengine - INFO - paramwise_options -- backbone.adapter.spm.stem.4.weight:weight_decay=0.05
2026/06/16 14:48:26 - mmengine - INFO - paramwise_options -- backbone.adapter.spm.stem.4.weight:lr_mult=1.0
2026/06/16 14:48:26 - mmengine - INFO - paramwise_options -- backbone.adapter.spm.stem.4.weight:decay_mult=1.0
2026/06/16 14:48:26 - mmengine - INFO - paramwise_options -- backbone.adapter.spm.stem.4.bias:lr=0.0001
2026/06/16 14:48:26 - mmengine - INFO - paramwise_options -- backbone.adapter.spm.stem.4.bias:weight_decay=0.05
2026/06/16 14:48:26 - mmengine - INFO - paramwise_options -- backbone.adapter.spm.stem.4.bias:lr_mult=1.0
2026/06/16 14:48:26 - mmengine - INFO - paramwise_options -- backbone.adapter.spm.stem.4.bias:decay_mult=1.0
2026/06/16 14:48:26 - mmengine - INFO - paramwise_options -- backbone.adapter.spm.stem.6.weight:lr=0.0001
2026/06/16 14:48:26 - mmengine - INFO - paramwise_options -- backbone.adapter.spm.stem.6.weight:weight_decay=0.05
2026/06/16 14:48:26 - mmengine - INFO - paramwise_options -- backbone.adapter.spm.stem.6.weight:lr_mult=1.0
2026/06/16 14:48:26 - mmengine - INFO - paramwise_options -- backbone.adapter.spm.stem.6.weight:decay_mult=1.0
2026/06/16 14:48:26 - mmengine - INFO - paramwise_options -- backbone.adapter.spm.stem.7.weight:lr=0.0001
2026/06/16 14:48:26 - mmengine - INFO - paramwise_options -- backbone.adapter.spm.stem.7.weight:weight_decay=0.05
2026/06/16 14:48:26 - mmengine - INFO - paramwise_options -- backbone.adapter.spm.stem.7.weight:lr_mult=1.0
2026/06/16 14:48:26 - mmengine - INFO - paramwise_options -- backbone.adapter.spm.stem.7.weight:decay_mult=1.0
2026/06/16 14:48:26 - mmengine - INFO - paramwise_options -- backbone.adapter.spm.stem.7.bias:lr=0.0001
2026/06/16 14:48:26 - mmengine - INFO - paramwise_options -- backbone.adapter.spm.stem.7.bias:weight_decay=0.05
2026/06/16 14:48:26 - mmengine - INFO - paramwise_options -- backbone.adapter.spm.stem.7.bias:lr_mult=1.0
2026/06/16 14:48:26 - mmengine - INFO - paramwise_options -- backbone.adapter.spm.stem.7.bias:decay_mult=1.0
2026/06/16 14:48:26 - mmengine - INFO - paramwise_options -- backbone.adapter.spm.conv2.1.weight:weight_decay=0.0
2026/06/16 14:48:26 - mmengine - INFO - paramwise_options -- backbone.adapter.spm.conv2.1.bias:weight_decay=0.0
2026/06/16 14:48:26 - mmengine - INFO - paramwise_options -- backbone.adapter.spm.conv3.1.weight:weight_decay=0.0
2026/06/16 14:48:26 - mmengine - INFO - paramwise_options -- backbone.adapter.spm.conv3.1.bias:weight_decay=0.0
2026/06/16 14:48:26 - mmengine - INFO - paramwise_options -- backbone.adapter.spm.conv4.1.weight:weight_decay=0.0
2026/06/16 14:48:26 - mmengine - INFO - paramwise_options -- backbone.adapter.spm.conv4.1.bias:weight_decay=0.0
2026/06/16 14:48:26 - mmengine - INFO - paramwise_options -- backbone.adapter.interactions.0.extractor.query_norm.weight:weight_decay=0.0
2026/06/16 14:48:26 - mmengine - INFO - paramwise_options -- backbone.adapter.interactions.0.extractor.query_norm.bias:weight_decay=0.0
2026/06/16 14:48:26 - mmengine - INFO - paramwise_options -- backbone.adapter.interactions.0.extractor.feat_norm.weight:weight_decay=0.0
2026/06/16 14:48:26 - mmengine - INFO - paramwise_options -- backbone.adapter.interactions.0.extractor.feat_norm.bias:weight_decay=0.0
2026/06/16 14:48:26 - mmengine - INFO - paramwise_options -- backbone.adapter.interactions.0.extractor.ffn_norm.weight:weight_decay=0.0
2026/06/16 14:48:26 - mmengine - INFO - paramwise_options -- backbone.adapter.interactions.0.extractor.ffn_norm.bias:weight_decay=0.0
2026/06/16 14:48:26 - mmengine - INFO - paramwise_options -- backbone.adapter.interactions.1.extractor.query_norm.weight:weight_decay=0.0
2026/06/16 14:48:26 - mmengine - INFO - paramwise_options -- backbone.adapter.interactions.1.extractor.query_norm.bias:weight_decay=0.0
2026/06/16 14:48:26 - mmengine - INFO - paramwise_options -- backbone.adapter.interactions.1.extractor.feat_norm.weight:weight_decay=0.0
2026/06/16 14:48:26 - mmengine - INFO - paramwise_options -- backbone.adapter.interactions.1.extractor.feat_norm.bias:weight_decay=0.0
2026/06/16 14:48:26 - mmengine - INFO - paramwise_options -- backbone.adapter.interactions.1.extractor.ffn_norm.weight:weight_decay=0.0
2026/06/16 14:48:26 - mmengine - INFO - paramwise_options -- backbone.adapter.interactions.1.extractor.ffn_norm.bias:weight_decay=0.0
2026/06/16 14:48:26 - mmengine - INFO - paramwise_options -- backbone.adapter.interactions.2.extractor.query_norm.weight:weight_decay=0.0
2026/06/16 14:48:26 - mmengine - INFO - paramwise_options -- backbone.adapter.interactions.2.extractor.query_norm.bias:weight_decay=0.0
2026/06/16 14:48:26 - mmengine - INFO - paramwise_options -- backbone.adapter.interactions.2.extractor.feat_norm.weight:weight_decay=0.0
2026/06/16 14:48:26 - mmengine - INFO - paramwise_options -- backbone.adapter.interactions.2.extractor.feat_norm.bias:weight_decay=0.0
2026/06/16 14:48:26 - mmengine - INFO - paramwise_options -- backbone.adapter.interactions.2.extractor.ffn_norm.weight:weight_decay=0.0
2026/06/16 14:48:26 - mmengine - INFO - paramwise_options -- backbone.adapter.interactions.2.extractor.ffn_norm.bias:weight_decay=0.0
2026/06/16 14:48:26 - mmengine - INFO - paramwise_options -- backbone.adapter.interactions.3.extractor.query_norm.weight:weight_decay=0.0
2026/06/16 14:48:26 - mmengine - INFO - paramwise_options -- backbone.adapter.interactions.3.extractor.query_norm.bias:weight_decay=0.0
2026/06/16 14:48:26 - mmengine - INFO - paramwise_options -- backbone.adapter.interactions.3.extractor.feat_norm.weight:weight_decay=0.0
2026/06/16 14:48:26 - mmengine - INFO - paramwise_options -- backbone.adapter.interactions.3.extractor.feat_norm.bias:weight_decay=0.0
2026/06/16 14:48:26 - mmengine - INFO - paramwise_options -- backbone.adapter.interactions.3.extractor.ffn_norm.weight:weight_decay=0.0
2026/06/16 14:48:26 - mmengine - INFO - paramwise_options -- backbone.adapter.interactions.3.extractor.ffn_norm.bias:weight_decay=0.0
2026/06/16 14:48:26 - mmengine - INFO - paramwise_options -- backbone.adapter.interactions.3.extra_extractors.0.query_norm.weight:weight_decay=0.0
2026/06/16 14:48:26 - mmengine - INFO - paramwise_options -- backbone.adapter.interactions.3.extra_extractors.0.query_norm.bias:weight_decay=0.0
2026/06/16 14:48:26 - mmengine - INFO - paramwise_options -- backbone.adapter.interactions.3.extra_extractors.0.feat_norm.weight:weight_decay=0.0
2026/06/16 14:48:26 - mmengine - INFO - paramwise_options -- backbone.adapter.interactions.3.extra_extractors.0.feat_norm.bias:weight_decay=0.0
2026/06/16 14:48:26 - mmengine - INFO - paramwise_options -- backbone.adapter.interactions.3.extra_extractors.0.ffn_norm.weight:weight_decay=0.0
2026/06/16 14:48:26 - mmengine - INFO - paramwise_options -- backbone.adapter.interactions.3.extra_extractors.0.ffn_norm.bias:weight_decay=0.0
2026/06/16 14:48:26 - mmengine - INFO - paramwise_options -- backbone.adapter.interactions.3.extra_extractors.1.query_norm.weight:weight_decay=0.0
2026/06/16 14:48:26 - mmengine - INFO - paramwise_options -- backbone.adapter.interactions.3.extra_extractors.1.query_norm.bias:weight_decay=0.0
2026/06/16 14:48:26 - mmengine - INFO - paramwise_options -- backbone.adapter.interactions.3.extra_extractors.1.feat_norm.weight:weight_decay=0.0
2026/06/16 14:48:26 - mmengine - INFO - paramwise_options -- backbone.adapter.interactions.3.extra_extractors.1.feat_norm.bias:weight_decay=0.0
2026/06/16 14:48:26 - mmengine - INFO - paramwise_options -- backbone.adapter.interactions.3.extra_extractors.1.ffn_norm.weight:weight_decay=0.0
2026/06/16 14:48:26 - mmengine - INFO - paramwise_options -- backbone.adapter.interactions.3.extra_extractors.1.ffn_norm.bias:weight_decay=0.0
2026/06/16 14:48:26 - mmengine - INFO - paramwise_options -- backbone.adapter.norm1.weight:weight_decay=0.0
2026/06/16 14:48:26 - mmengine - INFO - paramwise_options -- backbone.adapter.norm1.bias:weight_decay=0.0
2026/06/16 14:48:26 - mmengine - INFO - paramwise_options -- backbone.adapter.norm2.weight:weight_decay=0.0
2026/06/16 14:48:26 - mmengine - INFO - paramwise_options -- backbone.adapter.norm2.bias:weight_decay=0.0
2026/06/16 14:48:26 - mmengine - INFO - paramwise_options -- backbone.adapter.norm3.weight:weight_decay=0.0
2026/06/16 14:48:26 - mmengine - INFO - paramwise_options -- backbone.adapter.norm3.bias:weight_decay=0.0
2026/06/16 14:48:26 - mmengine - INFO - paramwise_options -- backbone.adapter.norm4.weight:weight_decay=0.0
2026/06/16 14:48:26 - mmengine - INFO - paramwise_options -- backbone.adapter.norm4.bias:weight_decay=0.0
2026/06/16 14:48:26 - mmengine - INFO - paramwise_options -- backbone.tpool.2.norm.weight:weight_decay=0.0
2026/06/16 14:48:26 - mmengine - INFO - paramwise_options -- backbone.tpool.2.norm.bias:weight_decay=0.0
2026/06/16 14:48:26 - mmengine - INFO - paramwise_options -- backbone.tpool.3.norm.weight:weight_decay=0.0
2026/06/16 14:48:26 - mmengine - INFO - paramwise_options -- backbone.tpool.3.norm.bias:weight_decay=0.0
2026/06/16 14:48:26 - mmengine - INFO - paramwise_options -- backbone.tpool.4.norm.weight:weight_decay=0.0
2026/06/16 14:48:26 - mmengine - INFO - paramwise_options -- backbone.tpool.4.norm.bias:weight_decay=0.0
2026/06/16 14:48:26 - mmengine - INFO - paramwise_options -- decode_head.pixel_decoder.input_convs.0.gn.weight:weight_decay=0.0
2026/06/16 14:48:26 - mmengine - INFO - paramwise_options -- decode_head.pixel_decoder.input_convs.0.gn.bias:weight_decay=0.0
2026/06/16 14:48:26 - mmengine - INFO - paramwise_options -- decode_head.pixel_decoder.input_convs.1.gn.weight:weight_decay=0.0
2026/06/16 14:48:26 - mmengine - INFO - paramwise_options -- decode_head.pixel_decoder.input_convs.1.gn.bias:weight_decay=0.0
2026/06/16 14:48:26 - mmengine - INFO - paramwise_options -- decode_head.pixel_decoder.input_convs.2.gn.weight:weight_decay=0.0
2026/06/16 14:48:26 - mmengine - INFO - paramwise_options -- decode_head.pixel_decoder.input_convs.2.gn.bias:weight_decay=0.0
2026/06/16 14:48:26 - mmengine - INFO - paramwise_options -- decode_head.pixel_decoder.encoder.layers.0.norms.0.weight:weight_decay=0.0
2026/06/16 14:48:26 - mmengine - INFO - paramwise_options -- decode_head.pixel_decoder.encoder.layers.0.norms.0.bias:weight_decay=0.0
2026/06/16 14:48:26 - mmengine - INFO - paramwise_options -- decode_head.pixel_decoder.encoder.layers.0.norms.1.weight:weight_decay=0.0
2026/06/16 14:48:26 - mmengine - INFO - paramwise_options -- decode_head.pixel_decoder.encoder.layers.0.norms.1.bias:weight_decay=0.0
2026/06/16 14:48:26 - mmengine - INFO - paramwise_options -- decode_head.pixel_decoder.encoder.layers.1.norms.0.weight:weight_decay=0.0
2026/06/16 14:48:26 - mmengine - INFO - paramwise_options -- decode_head.pixel_decoder.encoder.layers.1.norms.0.bias:weight_decay=0.0
2026/06/16 14:48:26 - mmengine - INFO - paramwise_options -- decode_head.pixel_decoder.encoder.layers.1.norms.1.weight:weight_decay=0.0
2026/06/16 14:48:26 - mmengine - INFO - paramwise_options -- decode_head.pixel_decoder.encoder.layers.1.norms.1.bias:weight_decay=0.0
2026/06/16 14:48:26 - mmengine - INFO - paramwise_options -- decode_head.pixel_decoder.encoder.layers.2.norms.0.weight:weight_decay=0.0
2026/06/16 14:48:26 - mmengine - INFO - paramwise_options -- decode_head.pixel_decoder.encoder.layers.2.norms.0.bias:weight_decay=0.0
2026/06/16 14:48:26 - mmengine - INFO - paramwise_options -- decode_head.pixel_decoder.encoder.layers.2.norms.1.weight:weight_decay=0.0
2026/06/16 14:48:26 - mmengine - INFO - paramwise_options -- decode_head.pixel_decoder.encoder.layers.2.norms.1.bias:weight_decay=0.0
2026/06/16 14:48:26 - mmengine - INFO - paramwise_options -- decode_head.pixel_decoder.encoder.layers.3.norms.0.weight:weight_decay=0.0
2026/06/16 14:48:26 - mmengine - INFO - paramwise_options -- decode_head.pixel_decoder.encoder.layers.3.norms.0.bias:weight_decay=0.0
2026/06/16 14:48:26 - mmengine - INFO - paramwise_options -- decode_head.pixel_decoder.encoder.layers.3.norms.1.weight:weight_decay=0.0
2026/06/16 14:48:26 - mmengine - INFO - paramwise_options -- decode_head.pixel_decoder.encoder.layers.3.norms.1.bias:weight_decay=0.0
2026/06/16 14:48:26 - mmengine - INFO - paramwise_options -- decode_head.pixel_decoder.encoder.layers.4.norms.0.weight:weight_decay=0.0
2026/06/16 14:48:26 - mmengine - INFO - paramwise_options -- decode_head.pixel_decoder.encoder.layers.4.norms.0.bias:weight_decay=0.0
2026/06/16 14:48:26 - mmengine - INFO - paramwise_options -- decode_head.pixel_decoder.encoder.layers.4.norms.1.weight:weight_decay=0.0
2026/06/16 14:48:26 - mmengine - INFO - paramwise_options -- decode_head.pixel_decoder.encoder.layers.4.norms.1.bias:weight_decay=0.0
2026/06/16 14:48:26 - mmengine - INFO - paramwise_options -- decode_head.pixel_decoder.encoder.layers.5.norms.0.weight:weight_decay=0.0
2026/06/16 14:48:26 - mmengine - INFO - paramwise_options -- decode_head.pixel_decoder.encoder.layers.5.norms.0.bias:weight_decay=0.0
2026/06/16 14:48:26 - mmengine - INFO - paramwise_options -- decode_head.pixel_decoder.encoder.layers.5.norms.1.weight:weight_decay=0.0
2026/06/16 14:48:26 - mmengine - INFO - paramwise_options -- decode_head.pixel_decoder.encoder.layers.5.norms.1.bias:weight_decay=0.0
2026/06/16 14:48:26 - mmengine - INFO - paramwise_options -- decode_head.pixel_decoder.lateral_convs.0.gn.weight:weight_decay=0.0
2026/06/16 14:48:26 - mmengine - INFO - paramwise_options -- decode_head.pixel_decoder.lateral_convs.0.gn.bias:weight_decay=0.0
2026/06/16 14:48:26 - mmengine - INFO - paramwise_options -- decode_head.pixel_decoder.output_convs.0.gn.weight:weight_decay=0.0
2026/06/16 14:48:26 - mmengine - INFO - paramwise_options -- decode_head.pixel_decoder.output_convs.0.gn.bias:weight_decay=0.0
2026/06/16 14:48:26 - mmengine - INFO - paramwise_options -- decode_head.transformer_decoder.layers.0.norms.0.weight:weight_decay=0.0
2026/06/16 14:48:26 - mmengine - INFO - paramwise_options -- decode_head.transformer_decoder.layers.0.norms.0.bias:weight_decay=0.0
2026/06/16 14:48:26 - mmengine - INFO - paramwise_options -- decode_head.transformer_decoder.layers.0.norms.1.weight:weight_decay=0.0
2026/06/16 14:48:26 - mmengine - INFO - paramwise_options -- decode_head.transformer_decoder.layers.0.norms.1.bias:weight_decay=0.0
2026/06/16 14:48:26 - mmengine - INFO - paramwise_options -- decode_head.transformer_decoder.layers.0.norms.2.weight:weight_decay=0.0
2026/06/16 14:48:26 - mmengine - INFO - paramwise_options -- decode_head.transformer_decoder.layers.0.norms.2.bias:weight_decay=0.0
2026/06/16 14:48:26 - mmengine - INFO - paramwise_options -- decode_head.transformer_decoder.layers.1.norms.0.weight:weight_decay=0.0
2026/06/16 14:48:26 - mmengine - INFO - paramwise_options -- decode_head.transformer_decoder.layers.1.norms.0.bias:weight_decay=0.0
2026/06/16 14:48:26 - mmengine - INFO - paramwise_options -- decode_head.transformer_decoder.layers.1.norms.1.weight:weight_decay=0.0
2026/06/16 14:48:26 - mmengine - INFO - paramwise_options -- decode_head.transformer_decoder.layers.1.norms.1.bias:weight_decay=0.0
2026/06/16 14:48:26 - mmengine - INFO - paramwise_options -- decode_head.transformer_decoder.layers.1.norms.2.weight:weight_decay=0.0
2026/06/16 14:48:26 - mmengine - INFO - paramwise_options -- decode_head.transformer_decoder.layers.1.norms.2.bias:weight_decay=0.0
2026/06/16 14:48:26 - mmengine - INFO - paramwise_options -- decode_head.transformer_decoder.layers.2.norms.0.weight:weight_decay=0.0
2026/06/16 14:48:26 - mmengine - INFO - paramwise_options -- decode_head.transformer_decoder.layers.2.norms.0.bias:weight_decay=0.0
2026/06/16 14:48:26 - mmengine - INFO - paramwise_options -- decode_head.transformer_decoder.layers.2.norms.1.weight:weight_decay=0.0
2026/06/16 14:48:26 - mmengine - INFO - paramwise_options -- decode_head.transformer_decoder.layers.2.norms.1.bias:weight_decay=0.0
2026/06/16 14:48:26 - mmengine - INFO - paramwise_options -- decode_head.transformer_decoder.layers.2.norms.2.weight:weight_decay=0.0
2026/06/16 14:48:26 - mmengine - INFO - paramwise_options -- decode_head.transformer_decoder.layers.2.norms.2.bias:weight_decay=0.0
2026/06/16 14:48:26 - mmengine - INFO - paramwise_options -- decode_head.transformer_decoder.layers.3.norms.0.weight:weight_decay=0.0
2026/06/16 14:48:26 - mmengine - INFO - paramwise_options -- decode_head.transformer_decoder.layers.3.norms.0.bias:weight_decay=0.0
2026/06/16 14:48:26 - mmengine - INFO - paramwise_options -- decode_head.transformer_decoder.layers.3.norms.1.weight:weight_decay=0.0
2026/06/16 14:48:26 - mmengine - INFO - paramwise_options -- decode_head.transformer_decoder.layers.3.norms.1.bias:weight_decay=0.0
2026/06/16 14:48:26 - mmengine - INFO - paramwise_options -- decode_head.transformer_decoder.layers.3.norms.2.weight:weight_decay=0.0
2026/06/16 14:48:26 - mmengine - INFO - paramwise_options -- decode_head.transformer_decoder.layers.3.norms.2.bias:weight_decay=0.0
2026/06/16 14:48:26 - mmengine - INFO - paramwise_options -- decode_head.transformer_decoder.layers.4.norms.0.weight:weight_decay=0.0
2026/06/16 14:48:26 - mmengine - INFO - paramwise_options -- decode_head.transformer_decoder.layers.4.norms.0.bias:weight_decay=0.0
2026/06/16 14:48:26 - mmengine - INFO - paramwise_options -- decode_head.transformer_decoder.layers.4.norms.1.weight:weight_decay=0.0
2026/06/16 14:48:26 - mmengine - INFO - paramwise_options -- decode_head.transformer_decoder.layers.4.norms.1.bias:weight_decay=0.0
2026/06/16 14:48:26 - mmengine - INFO - paramwise_options -- decode_head.transformer_decoder.layers.4.norms.2.weight:weight_decay=0.0
2026/06/16 14:48:26 - mmengine - INFO - paramwise_options -- decode_head.transformer_decoder.layers.4.norms.2.bias:weight_decay=0.0
2026/06/16 14:48:26 - mmengine - INFO - paramwise_options -- decode_head.transformer_decoder.layers.5.norms.0.weight:weight_decay=0.0
2026/06/16 14:48:26 - mmengine - INFO - paramwise_options -- decode_head.transformer_decoder.layers.5.norms.0.bias:weight_decay=0.0
2026/06/16 14:48:26 - mmengine - INFO - paramwise_options -- decode_head.transformer_decoder.layers.5.norms.1.weight:weight_decay=0.0
2026/06/16 14:48:26 - mmengine - INFO - paramwise_options -- decode_head.transformer_decoder.layers.5.norms.1.bias:weight_decay=0.0
2026/06/16 14:48:26 - mmengine - INFO - paramwise_options -- decode_head.transformer_decoder.layers.5.norms.2.weight:weight_decay=0.0
2026/06/16 14:48:26 - mmengine - INFO - paramwise_options -- decode_head.transformer_decoder.layers.5.norms.2.bias:weight_decay=0.0
2026/06/16 14:48:26 - mmengine - INFO - paramwise_options -- decode_head.transformer_decoder.layers.6.norms.0.weight:weight_decay=0.0
2026/06/16 14:48:26 - mmengine - INFO - paramwise_options -- decode_head.transformer_decoder.layers.6.norms.0.bias:weight_decay=0.0
2026/06/16 14:48:26 - mmengine - INFO - paramwise_options -- decode_head.transformer_decoder.layers.6.norms.1.weight:weight_decay=0.0
2026/06/16 14:48:26 - mmengine - INFO - paramwise_options -- decode_head.transformer_decoder.layers.6.norms.1.bias:weight_decay=0.0
2026/06/16 14:48:26 - mmengine - INFO - paramwise_options -- decode_head.transformer_decoder.layers.6.norms.2.weight:weight_decay=0.0
2026/06/16 14:48:26 - mmengine - INFO - paramwise_options -- decode_head.transformer_decoder.layers.6.norms.2.bias:weight_decay=0.0
2026/06/16 14:48:26 - mmengine - INFO - paramwise_options -- decode_head.transformer_decoder.layers.7.norms.0.weight:weight_decay=0.0
2026/06/16 14:48:26 - mmengine - INFO - paramwise_options -- decode_head.transformer_decoder.layers.7.norms.0.bias:weight_decay=0.0
2026/06/16 14:48:26 - mmengine - INFO - paramwise_options -- decode_head.transformer_decoder.layers.7.norms.1.weight:weight_decay=0.0
2026/06/16 14:48:26 - mmengine - INFO - paramwise_options -- decode_head.transformer_decoder.layers.7.norms.1.bias:weight_decay=0.0
2026/06/16 14:48:26 - mmengine - INFO - paramwise_options -- decode_head.transformer_decoder.layers.7.norms.2.weight:weight_decay=0.0
2026/06/16 14:48:26 - mmengine - INFO - paramwise_options -- decode_head.transformer_decoder.layers.7.norms.2.bias:weight_decay=0.0
2026/06/16 14:48:26 - mmengine - INFO - paramwise_options -- decode_head.transformer_decoder.layers.8.norms.0.weight:weight_decay=0.0
2026/06/16 14:48:26 - mmengine - INFO - paramwise_options -- decode_head.transformer_decoder.layers.8.norms.0.bias:weight_decay=0.0
2026/06/16 14:48:26 - mmengine - INFO - paramwise_options -- decode_head.transformer_decoder.layers.8.norms.1.weight:weight_decay=0.0
2026/06/16 14:48:26 - mmengine - INFO - paramwise_options -- decode_head.transformer_decoder.layers.8.norms.1.bias:weight_decay=0.0
2026/06/16 14:48:26 - mmengine - INFO - paramwise_options -- decode_head.transformer_decoder.layers.8.norms.2.weight:weight_decay=0.0
2026/06/16 14:48:26 - mmengine - INFO - paramwise_options -- decode_head.transformer_decoder.layers.8.norms.2.bias:weight_decay=0.0
2026/06/16 14:48:26 - mmengine - INFO - paramwise_options -- decode_head.transformer_decoder.post_norm.weight:weight_decay=0.0
2026/06/16 14:48:26 - mmengine - INFO - paramwise_options -- decode_head.transformer_decoder.post_norm.bias:weight_decay=0.0
2026/06/16 14:48:26 - mmengine - INFO - paramwise_options -- decode_head.query_embed.weight:lr=0.0001
2026/06/16 14:48:26 - mmengine - INFO - paramwise_options -- decode_head.query_embed.weight:weight_decay=0.0
2026/06/16 14:48:26 - mmengine - INFO - paramwise_options -- decode_head.query_embed.weight:lr_mult=1.0
2026/06/16 14:48:26 - mmengine - INFO - paramwise_options -- decode_head.query_embed.weight:decay_mult=0.0
2026/06/16 14:48:26 - mmengine - INFO - paramwise_options -- decode_head.query_feat.weight:lr=0.0001
2026/06/16 14:48:26 - mmengine - INFO - paramwise_options -- decode_head.query_feat.weight:weight_decay=0.0
2026/06/16 14:48:26 - mmengine - INFO - paramwise_options -- decode_head.query_feat.weight:lr_mult=1.0
2026/06/16 14:48:26 - mmengine - INFO - paramwise_options -- decode_head.query_feat.weight:decay_mult=0.0
2026/06/16 14:48:26 - mmengine - INFO - paramwise_options -- decode_head.level_embed.weight:lr=0.0001
2026/06/16 14:48:26 - mmengine - INFO - paramwise_options -- decode_head.level_embed.weight:weight_decay=0.0
2026/06/16 14:48:26 - mmengine - INFO - paramwise_options -- decode_head.level_embed.weight:lr_mult=1.0
2026/06/16 14:48:26 - mmengine - INFO - paramwise_options -- decode_head.level_embed.weight:decay_mult=0.0
2026/06/16 14:48:28 - mmengine - WARNING - The prefix is not set in metric class IoUMetric.
Name of parameter - Initialization information

backbone.adapter.level_embed - torch.Size([3, 1024]): 
The value is the same before and after calling `init_weights` of EncoderDecoder  

backbone.adapter.backbone.cls_token - torch.Size([1, 1, 1024]): 
The value is the same before and after calling `init_weights` of EncoderDecoder  

backbone.adapter.backbone.mask_token - torch.Size([1, 1024]): 
The value is the same before and after calling `init_weights` of EncoderDecoder  

backbone.adapter.backbone.patch_embed.proj.weight - torch.Size([1024, 10, 16, 16]): 
The value is the same before and after calling `init_weights` of EncoderDecoder  

backbone.adapter.backbone.patch_embed.proj.bias - torch.Size([1024]): 
The value is the same before and after calling `init_weights` of EncoderDecoder  

backbone.adapter.backbone.blocks.0.norm1.weight - torch.Size([1024]): 
The value is the same before and after calling `init_weights` of EncoderDecoder  

backbone.adapter.backbone.blocks.0.norm1.bias - torch.Size([1024]): 
The value is the same before and after calling `init_weights` of EncoderDecoder  

backbone.adapter.backbone.blocks.0.attn.qkv.weight - torch.Size([3072, 1024]): 
The value is the same before and after calling `init_weights` of EncoderDecoder  

backbone.adapter.backbone.blocks.0.attn.qkv.bias - torch.Size([3072]): 
The value is the same before and after calling `init_weights` of EncoderDecoder  

backbone.adapter.backbone.blocks.0.attn.proj.weight - torch.Size([1024, 1024]): 
The value is the same before and after calling `init_weights` of EncoderDecoder  

backbone.adapter.backbone.blocks.0.attn.proj.bias - torch.Size([1024]): 
The value is the same before and after calling `init_weights` of EncoderDecoder  

backbone.adapter.backbone.blocks.0.ls1.gamma - torch.Size([1024]): 
The value is the same before and after calling `init_weights` of EncoderDecoder  

backbone.adapter.backbone.blocks.0.norm2.weight - torch.Size([1024]): 
The value is the same before and after calling `init_weights` of EncoderDecoder  

backbone.adapter.backbone.blocks.0.norm2.bias - torch.Size([1024]): 
The value is the same before and after calling `init_weights` of EncoderDecoder  

backbone.adapter.backbone.blocks.0.mlp.fc1.weight - torch.Size([4096, 1024]): 
The value is the same before and after calling `init_weights` of EncoderDecoder  

backbone.adapter.backbone.blocks.0.mlp.fc1.bias - torch.Size([4096]): 
The value is the same before and after calling `init_weights` of EncoderDecoder  

backbone.adapter.backbone.blocks.0.mlp.fc2.weight - torch.Size([1024, 4096]): 
The value is the same before and after calling `init_weights` of EncoderDecoder  

backbone.adapter.backbone.blocks.0.mlp.fc2.bias - torch.Size([1024]): 
The value is the same before and after calling `init_weights` of EncoderDecoder  

backbone.adapter.backbone.blocks.0.ls2.gamma - torch.Size([1024]): 
The value is the same before and after calling `init_weights` of EncoderDecoder  

backbone.adapter.backbone.blocks.1.norm1.weight - torch.Size([1024]): 
The value is the same before and after calling `init_weights` of EncoderDecoder  

backbone.adapter.backbone.blocks.1.norm1.bias - torch.Size([1024]): 
The value is the same before and after calling `init_weights` of EncoderDecoder  

backbone.adapter.backbone.blocks.1.attn.qkv.weight - torch.Size([3072, 1024]): 
The value is the same before and after calling `init_weights` of EncoderDecoder  

backbone.adapter.backbone.blocks.1.attn.qkv.bias - torch.Size([3072]): 
The value is the same before and after calling `init_weights` of EncoderDecoder  

backbone.adapter.backbone.blocks.1.attn.proj.weight - torch.Size([1024, 1024]): 
The value is the same before and after calling `init_weights` of EncoderDecoder  

backbone.adapter.backbone.blocks.1.attn.proj.bias - torch.Size([1024]): 
The value is the same before and after calling `init_weights` of EncoderDecoder  

backbone.adapter.backbone.blocks.1.ls1.gamma - torch.Size([1024]): 
The value is the same before and after calling `init_weights` of EncoderDecoder  

backbone.adapter.backbone.blocks.1.norm2.weight - torch.Size([1024]): 
The value is the same before and after calling `init_weights` of EncoderDecoder  

backbone.adapter.backbone.blocks.1.norm2.bias - torch.Size([1024]): 
The value is the same before and after calling `init_weights` of EncoderDecoder  

backbone.adapter.backbone.blocks.1.mlp.fc1.weight - torch.Size([4096, 1024]): 
The value is the same before and after calling `init_weights` of EncoderDecoder  

backbone.adapter.backbone.blocks.1.mlp.fc1.bias - torch.Size([4096]): 
The value is the same before and after calling `init_weights` of EncoderDecoder  

backbone.adapter.backbone.blocks.1.mlp.fc2.weight - torch.Size([1024, 4096]): 
The value is the same before and after calling `init_weights` of EncoderDecoder  

backbone.adapter.backbone.blocks.1.mlp.fc2.bias - torch.Size([1024]): 
The value is the same before and after calling `init_weights` of EncoderDecoder  

backbone.adapter.backbone.blocks.1.ls2.gamma - torch.Size([1024]): 
The value is the same before and after calling `init_weights` of EncoderDecoder  

backbone.adapter.backbone.blocks.2.norm1.weight - torch.Size([1024]): 
The value is the same before and after calling `init_weights` of EncoderDecoder  

backbone.adapter.backbone.blocks.2.norm1.bias - torch.Size([1024]): 
The value is the same before and after calling `init_weights` of EncoderDecoder  

backbone.adapter.backbone.blocks.2.attn.qkv.weight - torch.Size([3072, 1024]): 
The value is the same before and after calling `init_weights` of EncoderDecoder  

backbone.adapter.backbone.blocks.2.attn.qkv.bias - torch.Size([3072]): 
The value is the same before and after calling `init_weights` of EncoderDecoder  

backbone.adapter.backbone.blocks.2.attn.proj.weight - torch.Size([1024, 1024]): 
The value is the same before and after calling `init_weights` of EncoderDecoder  

backbone.adapter.backbone.blocks.2.attn.proj.bias - torch.Size([1024]): 
The value is the same before and after calling `init_weights` of EncoderDecoder  

backbone.adapter.backbone.blocks.2.ls1.gamma - torch.Size([1024]): 
The value is the same before and after calling `init_weights` of EncoderDecoder  

backbone.adapter.backbone.blocks.2.norm2.weight - torch.Size([1024]): 
The value is the same before and after calling `init_weights` of EncoderDecoder  

backbone.adapter.backbone.blocks.2.norm2.bias - torch.Size([1024]): 
The value is the same before and after calling `init_weights` of EncoderDecoder  

backbone.adapter.backbone.blocks.2.mlp.fc1.weight - torch.Size([4096, 1024]): 
The value is the same before and after calling `init_weights` of EncoderDecoder  

backbone.adapter.backbone.blocks.2.mlp.fc1.bias - torch.Size([4096]): 
The value is the same before and after calling `init_weights` of EncoderDecoder  

backbone.adapter.backbone.blocks.2.mlp.fc2.weight - torch.Size([1024, 4096]): 
The value is the same before and after calling `init_weights` of EncoderDecoder  

backbone.adapter.backbone.blocks.2.mlp.fc2.bias - torch.Size([1024]): 
The value is the same before and after calling `init_weights` of EncoderDecoder  

backbone.adapter.backbone.blocks.2.ls2.gamma - torch.Size([1024]): 
The value is the same before and after calling `init_weights` of EncoderDecoder  

backbone.adapter.backbone.blocks.3.norm1.weight - torch.Size([1024]): 
The value is the same before and after calling `init_weights` of EncoderDecoder  

backbone.adapter.backbone.blocks.3.norm1.bias - torch.Size([1024]): 
The value is the same before and after calling `init_weights` of EncoderDecoder  

backbone.adapter.backbone.blocks.3.attn.qkv.weight - torch.Size([3072, 1024]): 
The value is the same before and after calling `init_weights` of EncoderDecoder  

backbone.adapter.backbone.blocks.3.attn.qkv.bias - torch.Size([3072]): 
The value is the same before and after calling `init_weights` of EncoderDecoder  

backbone.adapter.backbone.blocks.3.attn.proj.weight - torch.Size([1024, 1024]): 
The value is the same before and after calling `init_weights` of EncoderDecoder  

backbone.adapter.backbone.blocks.3.attn.proj.bias - torch.Size([1024]): 
The value is the same before and after calling `init_weights` of EncoderDecoder  

backbone.adapter.backbone.blocks.3.ls1.gamma - torch.Size([1024]): 
The value is the same before and after calling `init_weights` of EncoderDecoder  

backbone.adapter.backbone.blocks.3.norm2.weight - torch.Size([1024]): 
The value is the same before and after calling `init_weights` of EncoderDecoder  

backbone.adapter.backbone.blocks.3.norm2.bias - torch.Size([1024]): 
The value is the same before and after calling `init_weights` of EncoderDecoder  

backbone.adapter.backbone.blocks.3.mlp.fc1.weight - torch.Size([4096, 1024]): 
The value is the same before and after calling `init_weights` of EncoderDecoder  

backbone.adapter.backbone.blocks.3.mlp.fc1.bias - torch.Size([4096]): 
The value is the same before and after calling `init_weights` of EncoderDecoder  

backbone.adapter.backbone.blocks.3.mlp.fc2.weight - torch.Size([1024, 4096]): 
The value is the same before and after calling `init_weights` of EncoderDecoder  

backbone.adapter.backbone.blocks.3.mlp.fc2.bias - torch.Size([1024]): 
The value is the same before and after calling `init_weights` of EncoderDecoder  

backbone.adapter.backbone.blocks.3.ls2.gamma - torch.Size([1024]): 
The value is the same before and after calling `init_weights` of EncoderDecoder  

backbone.adapter.backbone.blocks.4.norm1.weight - torch.Size([1024]): 
The value is the same before and after calling `init_weights` of EncoderDecoder  

backbone.adapter.backbone.blocks.4.norm1.bias - torch.Size([1024]): 
The value is the same before and after calling `init_weights` of EncoderDecoder  

backbone.adapter.backbone.blocks.4.attn.qkv.weight - torch.Size([3072, 1024]): 
The value is the same before and after calling `init_weights` of EncoderDecoder  

backbone.adapter.backbone.blocks.4.attn.qkv.bias - torch.Size([3072]): 
The value is the same before and after calling `init_weights` of EncoderDecoder  

backbone.adapter.backbone.blocks.4.attn.proj.weight - torch.Size([1024, 1024]): 
The value is the same before and after calling `init_weights` of EncoderDecoder  

backbone.adapter.backbone.blocks.4.attn.proj.bias - torch.Size([1024]): 
The value is the same before and after calling `init_weights` of EncoderDecoder  

backbone.adapter.backbone.blocks.4.ls1.gamma - torch.Size([1024]): 
The value is the same before and after calling `init_weights` of EncoderDecoder  

backbone.adapter.backbone.blocks.4.norm2.weight - torch.Size([1024]): 
The value is the same before and after calling `init_weights` of EncoderDecoder  

backbone.adapter.backbone.blocks.4.norm2.bias - torch.Size([1024]): 
The value is the same before and after calling `init_weights` of EncoderDecoder  

backbone.adapter.backbone.blocks.4.mlp.fc1.weight - torch.Size([4096, 1024]): 
The value is the same before and after calling `init_weights` of EncoderDecoder  

backbone.adapter.backbone.blocks.4.mlp.fc1.bias - torch.Size([4096]): 
The value is the same before and after calling `init_weights` of EncoderDecoder  

backbone.adapter.backbone.blocks.4.mlp.fc2.weight - torch.Size([1024, 4096]): 
The value is the same before and after calling `init_weights` of EncoderDecoder  

backbone.adapter.backbone.blocks.4.mlp.fc2.bias - torch.Size([1024]): 
The value is the same before and after calling `init_weights` of EncoderDecoder  

backbone.adapter.backbone.blocks.4.ls2.gamma - torch.Size([1024]): 
The value is the same before and after calling `init_weights` of EncoderDecoder  

backbone.adapter.backbone.blocks.5.norm1.weight - torch.Size([1024]): 
The value is the same before and after calling `init_weights` of EncoderDecoder  

backbone.adapter.backbone.blocks.5.norm1.bias - torch.Size([1024]): 
The value is the same before and after calling `init_weights` of EncoderDecoder  

backbone.adapter.backbone.blocks.5.attn.qkv.weight - torch.Size([3072, 1024]): 
The value is the same before and after calling `init_weights` of EncoderDecoder  

backbone.adapter.backbone.blocks.5.attn.qkv.bias - torch.Size([3072]): 
The value is the same before and after calling `init_weights` of EncoderDecoder  

backbone.adapter.backbone.blocks.5.attn.proj.weight - torch.Size([1024, 1024]): 
The value is the same before and after calling `init_weights` of EncoderDecoder  

backbone.adapter.backbone.blocks.5.attn.proj.bias - torch.Size([1024]): 
The value is the same before and after calling `init_weights` of EncoderDecoder  

backbone.adapter.backbone.blocks.5.ls1.gamma - torch.Size([1024]): 
The value is the same before and after calling `init_weights` of EncoderDecoder  

backbone.adapter.backbone.blocks.5.norm2.weight - torch.Size([1024]): 
The value is the same before and after calling `init_weights` of EncoderDecoder  

backbone.adapter.backbone.blocks.5.norm2.bias - torch.Size([1024]): 
The value is the same before and after calling `init_weights` of EncoderDecoder  

backbone.adapter.backbone.blocks.5.mlp.fc1.weight - torch.Size([4096, 1024]): 
The value is the same before and after calling `init_weights` of EncoderDecoder  

backbone.adapter.backbone.blocks.5.mlp.fc1.bias - torch.Size([4096]): 
The value is the same before and after calling `init_weights` of EncoderDecoder  

backbone.adapter.backbone.blocks.5.mlp.fc2.weight - torch.Size([1024, 4096]): 
The value is the same before and after calling `init_weights` of EncoderDecoder  

backbone.adapter.backbone.blocks.5.mlp.fc2.bias - torch.Size([1024]): 
The value is the same before and after calling `init_weights` of EncoderDecoder  

backbone.adapter.backbone.blocks.5.ls2.gamma - torch.Size([1024]): 
The value is the same before and after calling `init_weights` of EncoderDecoder  

backbone.adapter.backbone.blocks.6.norm1.weight - torch.Size([1024]): 
The value is the same before and after calling `init_weights` of EncoderDecoder  

backbone.adapter.backbone.blocks.6.norm1.bias - torch.Size([1024]): 
The value is the same before and after calling `init_weights` of EncoderDecoder  

backbone.adapter.backbone.blocks.6.attn.qkv.weight - torch.Size([3072, 1024]): 
The value is the same before and after calling `init_weights` of EncoderDecoder  

backbone.adapter.backbone.blocks.6.attn.qkv.bias - torch.Size([3072]): 
The value is the same before and after calling `init_weights` of EncoderDecoder  

backbone.adapter.backbone.blocks.6.attn.proj.weight - torch.Size([1024, 1024]): 
The value is the same before and after calling `init_weights` of EncoderDecoder  

backbone.adapter.backbone.blocks.6.attn.proj.bias - torch.Size([1024]): 
The value is the same before and after calling `init_weights` of EncoderDecoder  

backbone.adapter.backbone.blocks.6.ls1.gamma - torch.Size([1024]): 
The value is the same before and after calling `init_weights` of EncoderDecoder  

backbone.adapter.backbone.blocks.6.norm2.weight - torch.Size([1024]): 
The value is the same before and after calling `init_weights` of EncoderDecoder  

backbone.adapter.backbone.blocks.6.norm2.bias - torch.Size([1024]): 
The value is the same before and after calling `init_weights` of EncoderDecoder  

backbone.adapter.backbone.blocks.6.mlp.fc1.weight - torch.Size([4096, 1024]): 
The value is the same before and after calling `init_weights` of EncoderDecoder  

backbone.adapter.backbone.blocks.6.mlp.fc1.bias - torch.Size([4096]): 
The value is the same before and after calling `init_weights` of EncoderDecoder  

backbone.adapter.backbone.blocks.6.mlp.fc2.weight - torch.Size([1024, 4096]): 
The value is the same before and after calling `init_weights` of EncoderDecoder  

backbone.adapter.backbone.blocks.6.mlp.fc2.bias - torch.Size([1024]): 
The value is the same before and after calling `init_weights` of EncoderDecoder  

backbone.adapter.backbone.blocks.6.ls2.gamma - torch.Size([1024]): 
The value is the same before and after calling `init_weights` of EncoderDecoder  

backbone.adapter.backbone.blocks.7.norm1.weight - torch.Size([1024]): 
The value is the same before and after calling `init_weights` of EncoderDecoder  

backbone.adapter.backbone.blocks.7.norm1.bias - torch.Size([1024]): 
The value is the same before and after calling `init_weights` of EncoderDecoder  

backbone.adapter.backbone.blocks.7.attn.qkv.weight - torch.Size([3072, 1024]): 
The value is the same before and after calling `init_weights` of EncoderDecoder  

backbone.adapter.backbone.blocks.7.attn.qkv.bias - torch.Size([3072]): 
The value is the same before and after calling `init_weights` of EncoderDecoder  

backbone.adapter.backbone.blocks.7.attn.proj.weight - torch.Size([1024, 1024]): 
The value is the same before and after calling `init_weights` of EncoderDecoder  

backbone.adapter.backbone.blocks.7.attn.proj.bias - torch.Size([1024]): 
The value is the same before and after calling `init_weights` of EncoderDecoder  

backbone.adapter.backbone.blocks.7.ls1.gamma - torch.Size([1024]): 
The value is the same before and after calling `init_weights` of EncoderDecoder  

backbone.adapter.backbone.blocks.7.norm2.weight - torch.Size([1024]): 
The value is the same before and after calling `init_weights` of EncoderDecoder  

backbone.adapter.backbone.blocks.7.norm2.bias - torch.Size([1024]): 
The value is the same before and after calling `init_weights` of EncoderDecoder  

backbone.adapter.backbone.blocks.7.mlp.fc1.weight - torch.Size([4096, 1024]): 
The value is the same before and after calling `init_weights` of EncoderDecoder  

backbone.adapter.backbone.blocks.7.mlp.fc1.bias - torch.Size([4096]): 
The value is the same before and after calling `init_weights` of EncoderDecoder  

backbone.adapter.backbone.blocks.7.mlp.fc2.weight - torch.Size([1024, 4096]): 
The value is the same before and after calling `init_weights` of EncoderDecoder  

backbone.adapter.backbone.blocks.7.mlp.fc2.bias - torch.Size([1024]): 
The value is the same before and after calling `init_weights` of EncoderDecoder  

backbone.adapter.backbone.blocks.7.ls2.gamma - torch.Size([1024]): 
The value is the same before and after calling `init_weights` of EncoderDecoder  

backbone.adapter.backbone.blocks.8.norm1.weight - torch.Size([1024]): 
The value is the same before and after calling `init_weights` of EncoderDecoder  

backbone.adapter.backbone.blocks.8.norm1.bias - torch.Size([1024]): 
The value is the same before and after calling `init_weights` of EncoderDecoder  

backbone.adapter.backbone.blocks.8.attn.qkv.weight - torch.Size([3072, 1024]): 
The value is the same before and after calling `init_weights` of EncoderDecoder  

backbone.adapter.backbone.blocks.8.attn.qkv.bias - torch.Size([3072]): 
The value is the same before and after calling `init_weights` of EncoderDecoder  

backbone.adapter.backbone.blocks.8.attn.proj.weight - torch.Size([1024, 1024]): 
The value is the same before and after calling `init_weights` of EncoderDecoder  

backbone.adapter.backbone.blocks.8.attn.proj.bias - torch.Size([1024]): 
The value is the same before and after calling `init_weights` of EncoderDecoder  

backbone.adapter.backbone.blocks.8.ls1.gamma - torch.Size([1024]): 
The value is the same before and after calling `init_weights` of EncoderDecoder  

backbone.adapter.backbone.blocks.8.norm2.weight - torch.Size([1024]): 
The value is the same before and after calling `init_weights` of EncoderDecoder  

backbone.adapter.backbone.blocks.8.norm2.bias - torch.Size([1024]): 
The value is the same before and after calling `init_weights` of EncoderDecoder  

backbone.adapter.backbone.blocks.8.mlp.fc1.weight - torch.Size([4096, 1024]): 
The value is the same before and after calling `init_weights` of EncoderDecoder  

backbone.adapter.backbone.blocks.8.mlp.fc1.bias - torch.Size([4096]): 
The value is the same before and after calling `init_weights` of EncoderDecoder  

backbone.adapter.backbone.blocks.8.mlp.fc2.weight - torch.Size([1024, 4096]): 
The value is the same before and after calling `init_weights` of EncoderDecoder  

backbone.adapter.backbone.blocks.8.mlp.fc2.bias - torch.Size([1024]): 
The value is the same before and after calling `init_weights` of EncoderDecoder  

backbone.adapter.backbone.blocks.8.ls2.gamma - torch.Size([1024]): 
The value is the same before and after calling `init_weights` of EncoderDecoder  

backbone.adapter.backbone.blocks.9.norm1.weight - torch.Size([1024]): 
The value is the same before and after calling `init_weights` of EncoderDecoder  

backbone.adapter.backbone.blocks.9.norm1.bias - torch.Size([1024]): 
The value is the same before and after calling `init_weights` of EncoderDecoder  

backbone.adapter.backbone.blocks.9.attn.qkv.weight - torch.Size([3072, 1024]): 
The value is the same before and after calling `init_weights` of EncoderDecoder  

backbone.adapter.backbone.blocks.9.attn.qkv.bias - torch.Size([3072]): 
The value is the same before and after calling `init_weights` of EncoderDecoder  

backbone.adapter.backbone.blocks.9.attn.proj.weight - torch.Size([1024, 1024]): 
The value is the same before and after calling `init_weights` of EncoderDecoder  

backbone.adapter.backbone.blocks.9.attn.proj.bias - torch.Size([1024]): 
The value is the same before and after calling `init_weights` of EncoderDecoder  

backbone.adapter.backbone.blocks.9.ls1.gamma - torch.Size([1024]): 
The value is the same before and after calling `init_weights` of EncoderDecoder  

backbone.adapter.backbone.blocks.9.norm2.weight - torch.Size([1024]): 
The value is the same before and after calling `init_weights` of EncoderDecoder  

backbone.adapter.backbone.blocks.9.norm2.bias - torch.Size([1024]): 
The value is the same before and after calling `init_weights` of EncoderDecoder  

backbone.adapter.backbone.blocks.9.mlp.fc1.weight - torch.Size([4096, 1024]): 
The value is the same before and after calling `init_weights` of EncoderDecoder  

backbone.adapter.backbone.blocks.9.mlp.fc1.bias - torch.Size([4096]): 
The value is the same before and after calling `init_weights` of EncoderDecoder  

backbone.adapter.backbone.blocks.9.mlp.fc2.weight - torch.Size([1024, 4096]): 
The value is the same before and after calling `init_weights` of EncoderDecoder  

backbone.adapter.backbone.blocks.9.mlp.fc2.bias - torch.Size([1024]): 
The value is the same before and after calling `init_weights` of EncoderDecoder  

backbone.adapter.backbone.blocks.9.ls2.gamma - torch.Size([1024]): 
The value is the same before and after calling `init_weights` of EncoderDecoder  

backbone.adapter.backbone.blocks.10.norm1.weight - torch.Size([1024]): 
The value is the same before and after calling `init_weights` of EncoderDecoder  

backbone.adapter.backbone.blocks.10.norm1.bias - torch.Size([1024]): 
The value is the same before and after calling `init_weights` of EncoderDecoder  

backbone.adapter.backbone.blocks.10.attn.qkv.weight - torch.Size([3072, 1024]): 
The value is the same before and after calling `init_weights` of EncoderDecoder  

backbone.adapter.backbone.blocks.10.attn.qkv.bias - torch.Size([3072]): 
The value is the same before and after calling `init_weights` of EncoderDecoder  

backbone.adapter.backbone.blocks.10.attn.proj.weight - torch.Size([1024, 1024]): 
The value is the same before and after calling `init_weights` of EncoderDecoder  

backbone.adapter.backbone.blocks.10.attn.proj.bias - torch.Size([1024]): 
The value is the same before and after calling `init_weights` of EncoderDecoder  

backbone.adapter.backbone.blocks.10.ls1.gamma - torch.Size([1024]): 
The value is the same before and after calling `init_weights` of EncoderDecoder  

backbone.adapter.backbone.blocks.10.norm2.weight - torch.Size([1024]): 
The value is the same before and after calling `init_weights` of EncoderDecoder  

backbone.adapter.backbone.blocks.10.norm2.bias - torch.Size([1024]): 
The value is the same before and after calling `init_weights` of EncoderDecoder  

backbone.adapter.backbone.blocks.10.mlp.fc1.weight - torch.Size([4096, 1024]): 
The value is the same before and after calling `init_weights` of EncoderDecoder  

backbone.adapter.backbone.blocks.10.mlp.fc1.bias - torch.Size([4096]): 
The value is the same before and after calling `init_weights` of EncoderDecoder  

backbone.adapter.backbone.blocks.10.mlp.fc2.weight - torch.Size([1024, 4096]): 
The value is the same before and after calling `init_weights` of EncoderDecoder  

backbone.adapter.backbone.blocks.10.mlp.fc2.bias - torch.Size([1024]): 
The value is the same before and after calling `init_weights` of EncoderDecoder  

backbone.adapter.backbone.blocks.10.ls2.gamma - torch.Size([1024]): 
The value is the same before and after calling `init_weights` of EncoderDecoder  

backbone.adapter.backbone.blocks.11.norm1.weight - torch.Size([1024]): 
The value is the same before and after calling `init_weights` of EncoderDecoder  

backbone.adapter.backbone.blocks.11.norm1.bias - torch.Size([1024]): 
The value is the same before and after calling `init_weights` of EncoderDecoder  

backbone.adapter.backbone.blocks.11.attn.qkv.weight - torch.Size([3072, 1024]): 
The value is the same before and after calling `init_weights` of EncoderDecoder  

backbone.adapter.backbone.blocks.11.attn.qkv.bias - torch.Size([3072]): 
The value is the same before and after calling `init_weights` of EncoderDecoder  

backbone.adapter.backbone.blocks.11.attn.proj.weight - torch.Size([1024, 1024]): 
The value is the same before and after calling `init_weights` of EncoderDecoder  

backbone.adapter.backbone.blocks.11.attn.proj.bias - torch.Size([1024]): 
The value is the same before and after calling `init_weights` of EncoderDecoder  

backbone.adapter.backbone.blocks.11.ls1.gamma - torch.Size([1024]): 
The value is the same before and after calling `init_weights` of EncoderDecoder  

backbone.adapter.backbone.blocks.11.norm2.weight - torch.Size([1024]): 
The value is the same before and after calling `init_weights` of EncoderDecoder  

backbone.adapter.backbone.blocks.11.norm2.bias - torch.Size([1024]): 
The value is the same before and after calling `init_weights` of EncoderDecoder  

backbone.adapter.backbone.blocks.11.mlp.fc1.weight - torch.Size([4096, 1024]): 
The value is the same before and after calling `init_weights` of EncoderDecoder  

backbone.adapter.backbone.blocks.11.mlp.fc1.bias - torch.Size([4096]): 
The value is the same before and after calling `init_weights` of EncoderDecoder  

backbone.adapter.backbone.blocks.11.mlp.fc2.weight - torch.Size([1024, 4096]): 
The value is the same before and after calling `init_weights` of EncoderDecoder  

backbone.adapter.backbone.blocks.11.mlp.fc2.bias - torch.Size([1024]): 
The value is the same before and after calling `init_weights` of EncoderDecoder  

backbone.adapter.backbone.blocks.11.ls2.gamma - torch.Size([1024]): 
The value is the same before and after calling `init_weights` of EncoderDecoder  

backbone.adapter.backbone.blocks.12.norm1.weight - torch.Size([1024]): 
The value is the same before and after calling `init_weights` of EncoderDecoder  

backbone.adapter.backbone.blocks.12.norm1.bias - torch.Size([1024]): 
The value is the same before and after calling `init_weights` of EncoderDecoder  

backbone.adapter.backbone.blocks.12.attn.qkv.weight - torch.Size([3072, 1024]): 
The value is the same before and after calling `init_weights` of EncoderDecoder  

backbone.adapter.backbone.blocks.12.attn.qkv.bias - torch.Size([3072]): 
The value is the same before and after calling `init_weights` of EncoderDecoder  

backbone.adapter.backbone.blocks.12.attn.proj.weight - torch.Size([1024, 1024]): 
The value is the same before and after calling `init_weights` of EncoderDecoder  

backbone.adapter.backbone.blocks.12.attn.proj.bias - torch.Size([1024]): 
The value is the same before and after calling `init_weights` of EncoderDecoder  

backbone.adapter.backbone.blocks.12.ls1.gamma - torch.Size([1024]): 
The value is the same before and after calling `init_weights` of EncoderDecoder  

backbone.adapter.backbone.blocks.12.norm2.weight - torch.Size([1024]): 
The value is the same before and after calling `init_weights` of EncoderDecoder  

backbone.adapter.backbone.blocks.12.norm2.bias - torch.Size([1024]): 
The value is the same before and after calling `init_weights` of EncoderDecoder  

backbone.adapter.backbone.blocks.12.mlp.fc1.weight - torch.Size([4096, 1024]): 
The value is the same before and after calling `init_weights` of EncoderDecoder  

backbone.adapter.backbone.blocks.12.mlp.fc1.bias - torch.Size([4096]): 
The value is the same before and after calling `init_weights` of EncoderDecoder  

backbone.adapter.backbone.blocks.12.mlp.fc2.weight - torch.Size([1024, 4096]): 
The value is the same before and after calling `init_weights` of EncoderDecoder  

backbone.adapter.backbone.blocks.12.mlp.fc2.bias - torch.Size([1024]): 
The value is the same before and after calling `init_weights` of EncoderDecoder  

backbone.adapter.backbone.blocks.12.ls2.gamma - torch.Size([1024]): 
The value is the same before and after calling `init_weights` of EncoderDecoder  

backbone.adapter.backbone.blocks.13.norm1.weight - torch.Size([1024]): 
The value is the same before and after calling `init_weights` of EncoderDecoder  

backbone.adapter.backbone.blocks.13.norm1.bias - torch.Size([1024]): 
The value is the same before and after calling `init_weights` of EncoderDecoder  

backbone.adapter.backbone.blocks.13.attn.qkv.weight - torch.Size([3072, 1024]): 
The value is the same before and after calling `init_weights` of EncoderDecoder  

backbone.adapter.backbone.blocks.13.attn.qkv.bias - torch.Size([3072]): 
The value is the same before and after calling `init_weights` of EncoderDecoder  

backbone.adapter.backbone.blocks.13.attn.proj.weight - torch.Size([1024, 1024]): 
The value is the same before and after calling `init_weights` of EncoderDecoder  

backbone.adapter.backbone.blocks.13.attn.proj.bias - torch.Size([1024]): 
The value is the same before and after calling `init_weights` of EncoderDecoder  

backbone.adapter.backbone.blocks.13.ls1.gamma - torch.Size([1024]): 
The value is the same before and after calling `init_weights` of EncoderDecoder  

backbone.adapter.backbone.blocks.13.norm2.weight - torch.Size([1024]): 
The value is the same before and after calling `init_weights` of EncoderDecoder  

backbone.adapter.backbone.blocks.13.norm2.bias - torch.Size([1024]): 
The value is the same before and after calling `init_weights` of EncoderDecoder  

backbone.adapter.backbone.blocks.13.mlp.fc1.weight - torch.Size([4096, 1024]): 
The value is the same before and after calling `init_weights` of EncoderDecoder  

backbone.adapter.backbone.blocks.13.mlp.fc1.bias - torch.Size([4096]): 
The value is the same before and after calling `init_weights` of EncoderDecoder  

backbone.adapter.backbone.blocks.13.mlp.fc2.weight - torch.Size([1024, 4096]): 
The value is the same before and after calling `init_weights` of EncoderDecoder  

backbone.adapter.backbone.blocks.13.mlp.fc2.bias - torch.Size([1024]): 
The value is the same before and after calling `init_weights` of EncoderDecoder  

backbone.adapter.backbone.blocks.13.ls2.gamma - torch.Size([1024]): 
The value is the same before and after calling `init_weights` of EncoderDecoder  

backbone.adapter.backbone.blocks.14.norm1.weight - torch.Size([1024]): 
The value is the same before and after calling `init_weights` of EncoderDecoder  

backbone.adapter.backbone.blocks.14.norm1.bias - torch.Size([1024]): 
The value is the same before and after calling `init_weights` of EncoderDecoder  

backbone.adapter.backbone.blocks.14.attn.qkv.weight - torch.Size([3072, 1024]): 
The value is the same before and after calling `init_weights` of EncoderDecoder  

backbone.adapter.backbone.blocks.14.attn.qkv.bias - torch.Size([3072]): 
The value is the same before and after calling `init_weights` of EncoderDecoder  

backbone.adapter.backbone.blocks.14.attn.proj.weight - torch.Size([1024, 1024]): 
The value is the same before and after calling `init_weights` of EncoderDecoder  

backbone.adapter.backbone.blocks.14.attn.proj.bias - torch.Size([1024]): 
The value is the same before and after calling `init_weights` of EncoderDecoder  

backbone.adapter.backbone.blocks.14.ls1.gamma - torch.Size([1024]): 
The value is the same before and after calling `init_weights` of EncoderDecoder  

backbone.adapter.backbone.blocks.14.norm2.weight - torch.Size([1024]): 
The value is the same before and after calling `init_weights` of EncoderDecoder  

backbone.adapter.backbone.blocks.14.norm2.bias - torch.Size([1024]): 
The value is the same before and after calling `init_weights` of EncoderDecoder  

backbone.adapter.backbone.blocks.14.mlp.fc1.weight - torch.Size([4096, 1024]): 
The value is the same before and after calling `init_weights` of EncoderDecoder  

backbone.adapter.backbone.blocks.14.mlp.fc1.bias - torch.Size([4096]): 
The value is the same before and after calling `init_weights` of EncoderDecoder  

backbone.adapter.backbone.blocks.14.mlp.fc2.weight - torch.Size([1024, 4096]): 
The value is the same before and after calling `init_weights` of EncoderDecoder  

backbone.adapter.backbone.blocks.14.mlp.fc2.bias - torch.Size([1024]): 
The value is the same before and after calling `init_weights` of EncoderDecoder  

backbone.adapter.backbone.blocks.14.ls2.gamma - torch.Size([1024]): 
The value is the same before and after calling `init_weights` of EncoderDecoder  

backbone.adapter.backbone.blocks.15.norm1.weight - torch.Size([1024]): 
The value is the same before and after calling `init_weights` of EncoderDecoder  

backbone.adapter.backbone.blocks.15.norm1.bias - torch.Size([1024]): 
The value is the same before and after calling `init_weights` of EncoderDecoder  

backbone.adapter.backbone.blocks.15.attn.qkv.weight - torch.Size([3072, 1024]): 
The value is the same before and after calling `init_weights` of EncoderDecoder  

backbone.adapter.backbone.blocks.15.attn.qkv.bias - torch.Size([3072]): 
The value is the same before and after calling `init_weights` of EncoderDecoder  

backbone.adapter.backbone.blocks.15.attn.proj.weight - torch.Size([1024, 1024]): 
The value is the same before and after calling `init_weights` of EncoderDecoder  

backbone.adapter.backbone.blocks.15.attn.proj.bias - torch.Size([1024]): 
The value is the same before and after calling `init_weights` of EncoderDecoder  

backbone.adapter.backbone.blocks.15.ls1.gamma - torch.Size([1024]): 
The value is the same before and after calling `init_weights` of EncoderDecoder  

backbone.adapter.backbone.blocks.15.norm2.weight - torch.Size([1024]): 
The value is the same before and after calling `init_weights` of EncoderDecoder  

backbone.adapter.backbone.blocks.15.norm2.bias - torch.Size([1024]): 
The value is the same before and after calling `init_weights` of EncoderDecoder  

backbone.adapter.backbone.blocks.15.mlp.fc1.weight - torch.Size([4096, 1024]): 
The value is the same before and after calling `init_weights` of EncoderDecoder  

backbone.adapter.backbone.blocks.15.mlp.fc1.bias - torch.Size([4096]): 
The value is the same before and after calling `init_weights` of EncoderDecoder  

backbone.adapter.backbone.blocks.15.mlp.fc2.weight - torch.Size([1024, 4096]): 
The value is the same before and after calling `init_weights` of EncoderDecoder  

backbone.adapter.backbone.blocks.15.mlp.fc2.bias - torch.Size([1024]): 
The value is the same before and after calling `init_weights` of EncoderDecoder  

backbone.adapter.backbone.blocks.15.ls2.gamma - torch.Size([1024]): 
The value is the same before and after calling `init_weights` of EncoderDecoder  

backbone.adapter.backbone.blocks.16.norm1.weight - torch.Size([1024]): 
The value is the same before and after calling `init_weights` of EncoderDecoder  

backbone.adapter.backbone.blocks.16.norm1.bias - torch.Size([1024]): 
The value is the same before and after calling `init_weights` of EncoderDecoder  

backbone.adapter.backbone.blocks.16.attn.qkv.weight - torch.Size([3072, 1024]): 
The value is the same before and after calling `init_weights` of EncoderDecoder  

backbone.adapter.backbone.blocks.16.attn.qkv.bias - torch.Size([3072]): 
The value is the same before and after calling `init_weights` of EncoderDecoder  

backbone.adapter.backbone.blocks.16.attn.proj.weight - torch.Size([1024, 1024]): 
The value is the same before and after calling `init_weights` of EncoderDecoder  

backbone.adapter.backbone.blocks.16.attn.proj.bias - torch.Size([1024]): 
The value is the same before and after calling `init_weights` of EncoderDecoder  

backbone.adapter.backbone.blocks.16.ls1.gamma - torch.Size([1024]): 
The value is the same before and after calling `init_weights` of EncoderDecoder  

backbone.adapter.backbone.blocks.16.norm2.weight - torch.Size([1024]): 
The value is the same before and after calling `init_weights` of EncoderDecoder  

backbone.adapter.backbone.blocks.16.norm2.bias - torch.Size([1024]): 
The value is the same before and after calling `init_weights` of EncoderDecoder  

backbone.adapter.backbone.blocks.16.mlp.fc1.weight - torch.Size([4096, 1024]): 
The value is the same before and after calling `init_weights` of EncoderDecoder  

backbone.adapter.backbone.blocks.16.mlp.fc1.bias - torch.Size([4096]): 
The value is the same before and after calling `init_weights` of EncoderDecoder  

backbone.adapter.backbone.blocks.16.mlp.fc2.weight - torch.Size([1024, 4096]): 
The value is the same before and after calling `init_weights` of EncoderDecoder  

backbone.adapter.backbone.blocks.16.mlp.fc2.bias - torch.Size([1024]): 
The value is the same before and after calling `init_weights` of EncoderDecoder  

backbone.adapter.backbone.blocks.16.ls2.gamma - torch.Size([1024]): 
The value is the same before and after calling `init_weights` of EncoderDecoder  

backbone.adapter.backbone.blocks.17.norm1.weight - torch.Size([1024]): 
The value is the same before and after calling `init_weights` of EncoderDecoder  

backbone.adapter.backbone.blocks.17.norm1.bias - torch.Size([1024]): 
The value is the same before and after calling `init_weights` of EncoderDecoder  

backbone.adapter.backbone.blocks.17.attn.qkv.weight - torch.Size([3072, 1024]): 
The value is the same before and after calling `init_weights` of EncoderDecoder  

backbone.adapter.backbone.blocks.17.attn.qkv.bias - torch.Size([3072]): 
The value is the same before and after calling `init_weights` of EncoderDecoder  

backbone.adapter.backbone.blocks.17.attn.proj.weight - torch.Size([1024, 1024]): 
The value is the same before and after calling `init_weights` of EncoderDecoder  

backbone.adapter.backbone.blocks.17.attn.proj.bias - torch.Size([1024]): 
The value is the same before and after calling `init_weights` of EncoderDecoder  

backbone.adapter.backbone.blocks.17.ls1.gamma - torch.Size([1024]): 
The value is the same before and after calling `init_weights` of EncoderDecoder  

backbone.adapter.backbone.blocks.17.norm2.weight - torch.Size([1024]): 
The value is the same before and after calling `init_weights` of EncoderDecoder  

backbone.adapter.backbone.blocks.17.norm2.bias - torch.Size([1024]): 
The value is the same before and after calling `init_weights` of EncoderDecoder  

backbone.adapter.backbone.blocks.17.mlp.fc1.weight - torch.Size([4096, 1024]): 
The value is the same before and after calling `init_weights` of EncoderDecoder  

backbone.adapter.backbone.blocks.17.mlp.fc1.bias - torch.Size([4096]): 
The value is the same before and after calling `init_weights` of EncoderDecoder  

backbone.adapter.backbone.blocks.17.mlp.fc2.weight - torch.Size([1024, 4096]): 
The value is the same before and after calling `init_weights` of EncoderDecoder  

backbone.adapter.backbone.blocks.17.mlp.fc2.bias - torch.Size([1024]): 
The value is the same before and after calling `init_weights` of EncoderDecoder  

backbone.adapter.backbone.blocks.17.ls2.gamma - torch.Size([1024]): 
The value is the same before and after calling `init_weights` of EncoderDecoder  

backbone.adapter.backbone.blocks.18.norm1.weight - torch.Size([1024]): 
The value is the same before and after calling `init_weights` of EncoderDecoder  

backbone.adapter.backbone.blocks.18.norm1.bias - torch.Size([1024]): 
The value is the same before and after calling `init_weights` of EncoderDecoder  

backbone.adapter.backbone.blocks.18.attn.qkv.weight - torch.Size([3072, 1024]): 
The value is the same before and after calling `init_weights` of EncoderDecoder  

backbone.adapter.backbone.blocks.18.attn.qkv.bias - torch.Size([3072]): 
The value is the same before and after calling `init_weights` of EncoderDecoder  

backbone.adapter.backbone.blocks.18.attn.proj.weight - torch.Size([1024, 1024]): 
The value is the same before and after calling `init_weights` of EncoderDecoder  

backbone.adapter.backbone.blocks.18.attn.proj.bias - torch.Size([1024]): 
The value is the same before and after calling `init_weights` of EncoderDecoder  

backbone.adapter.backbone.blocks.18.ls1.gamma - torch.Size([1024]): 
The value is the same before and after calling `init_weights` of EncoderDecoder  

backbone.adapter.backbone.blocks.18.norm2.weight - torch.Size([1024]): 
The value is the same before and after calling `init_weights` of EncoderDecoder  

backbone.adapter.backbone.blocks.18.norm2.bias - torch.Size([1024]): 
The value is the same before and after calling `init_weights` of EncoderDecoder  

backbone.adapter.backbone.blocks.18.mlp.fc1.weight - torch.Size([4096, 1024]): 
The value is the same before and after calling `init_weights` of EncoderDecoder  

backbone.adapter.backbone.blocks.18.mlp.fc1.bias - torch.Size([4096]): 
The value is the same before and after calling `init_weights` of EncoderDecoder  

backbone.adapter.backbone.blocks.18.mlp.fc2.weight - torch.Size([1024, 4096]): 
The value is the same before and after calling `init_weights` of EncoderDecoder  

backbone.adapter.backbone.blocks.18.mlp.fc2.bias - torch.Size([1024]): 
The value is the same before and after calling `init_weights` of EncoderDecoder  

backbone.adapter.backbone.blocks.18.ls2.gamma - torch.Size([1024]): 
The value is the same before and after calling `init_weights` of EncoderDecoder  

backbone.adapter.backbone.blocks.19.norm1.weight - torch.Size([1024]): 
The value is the same before and after calling `init_weights` of EncoderDecoder  

backbone.adapter.backbone.blocks.19.norm1.bias - torch.Size([1024]): 
The value is the same before and after calling `init_weights` of EncoderDecoder  

backbone.adapter.backbone.blocks.19.attn.qkv.weight - torch.Size([3072, 1024]): 
The value is the same before and after calling `init_weights` of EncoderDecoder  

backbone.adapter.backbone.blocks.19.attn.qkv.bias - torch.Size([3072]): 
The value is the same before and after calling `init_weights` of EncoderDecoder  

backbone.adapter.backbone.blocks.19.attn.proj.weight - torch.Size([1024, 1024]): 
The value is the same before and after calling `init_weights` of EncoderDecoder  

backbone.adapter.backbone.blocks.19.attn.proj.bias - torch.Size([1024]): 
The value is the same before and after calling `init_weights` of EncoderDecoder  

backbone.adapter.backbone.blocks.19.ls1.gamma - torch.Size([1024]): 
The value is the same before and after calling `init_weights` of EncoderDecoder  

backbone.adapter.backbone.blocks.19.norm2.weight - torch.Size([1024]): 
The value is the same before and after calling `init_weights` of EncoderDecoder  

backbone.adapter.backbone.blocks.19.norm2.bias - torch.Size([1024]): 
The value is the same before and after calling `init_weights` of EncoderDecoder  

backbone.adapter.backbone.blocks.19.mlp.fc1.weight - torch.Size([4096, 1024]): 
The value is the same before and after calling `init_weights` of EncoderDecoder  

backbone.adapter.backbone.blocks.19.mlp.fc1.bias - torch.Size([4096]): 
The value is the same before and after calling `init_weights` of EncoderDecoder  

backbone.adapter.backbone.blocks.19.mlp.fc2.weight - torch.Size([1024, 4096]): 
The value is the same before and after calling `init_weights` of EncoderDecoder  

backbone.adapter.backbone.blocks.19.mlp.fc2.bias - torch.Size([1024]): 
The value is the same before and after calling `init_weights` of EncoderDecoder  

backbone.adapter.backbone.blocks.19.ls2.gamma - torch.Size([1024]): 
The value is the same before and after calling `init_weights` of EncoderDecoder  

backbone.adapter.backbone.blocks.20.norm1.weight - torch.Size([1024]): 
The value is the same before and after calling `init_weights` of EncoderDecoder  

backbone.adapter.backbone.blocks.20.norm1.bias - torch.Size([1024]): 
The value is the same before and after calling `init_weights` of EncoderDecoder  

backbone.adapter.backbone.blocks.20.attn.qkv.weight - torch.Size([3072, 1024]): 
The value is the same before and after calling `init_weights` of EncoderDecoder  

backbone.adapter.backbone.blocks.20.attn.qkv.bias - torch.Size([3072]): 
The value is the same before and after calling `init_weights` of EncoderDecoder  

backbone.adapter.backbone.blocks.20.attn.proj.weight - torch.Size([1024, 1024]): 
The value is the same before and after calling `init_weights` of EncoderDecoder  

backbone.adapter.backbone.blocks.20.attn.proj.bias - torch.Size([1024]): 
The value is the same before and after calling `init_weights` of EncoderDecoder  

backbone.adapter.backbone.blocks.20.ls1.gamma - torch.Size([1024]): 
The value is the same before and after calling `init_weights` of EncoderDecoder  

backbone.adapter.backbone.blocks.20.norm2.weight - torch.Size([1024]): 
The value is the same before and after calling `init_weights` of EncoderDecoder  

backbone.adapter.backbone.blocks.20.norm2.bias - torch.Size([1024]): 
The value is the same before and after calling `init_weights` of EncoderDecoder  

backbone.adapter.backbone.blocks.20.mlp.fc1.weight - torch.Size([4096, 1024]): 
The value is the same before and after calling `init_weights` of EncoderDecoder  

backbone.adapter.backbone.blocks.20.mlp.fc1.bias - torch.Size([4096]): 
The value is the same before and after calling `init_weights` of EncoderDecoder  

backbone.adapter.backbone.blocks.20.mlp.fc2.weight - torch.Size([1024, 4096]): 
The value is the same before and after calling `init_weights` of EncoderDecoder  

backbone.adapter.backbone.blocks.20.mlp.fc2.bias - torch.Size([1024]): 
The value is the same before and after calling `init_weights` of EncoderDecoder  

backbone.adapter.backbone.blocks.20.ls2.gamma - torch.Size([1024]): 
The value is the same before and after calling `init_weights` of EncoderDecoder  

backbone.adapter.backbone.blocks.21.norm1.weight - torch.Size([1024]): 
The value is the same before and after calling `init_weights` of EncoderDecoder  

backbone.adapter.backbone.blocks.21.norm1.bias - torch.Size([1024]): 
The value is the same before and after calling `init_weights` of EncoderDecoder  

backbone.adapter.backbone.blocks.21.attn.qkv.weight - torch.Size([3072, 1024]): 
The value is the same before and after calling `init_weights` of EncoderDecoder  

backbone.adapter.backbone.blocks.21.attn.qkv.bias - torch.Size([3072]): 
The value is the same before and after calling `init_weights` of EncoderDecoder  

backbone.adapter.backbone.blocks.21.attn.proj.weight - torch.Size([1024, 1024]): 
The value is the same before and after calling `init_weights` of EncoderDecoder  

backbone.adapter.backbone.blocks.21.attn.proj.bias - torch.Size([1024]): 
The value is the same before and after calling `init_weights` of EncoderDecoder  

backbone.adapter.backbone.blocks.21.ls1.gamma - torch.Size([1024]): 
The value is the same before and after calling `init_weights` of EncoderDecoder  

backbone.adapter.backbone.blocks.21.norm2.weight - torch.Size([1024]): 
The value is the same before and after calling `init_weights` of EncoderDecoder  

backbone.adapter.backbone.blocks.21.norm2.bias - torch.Size([1024]): 
The value is the same before and after calling `init_weights` of EncoderDecoder  

backbone.adapter.backbone.blocks.21.mlp.fc1.weight - torch.Size([4096, 1024]): 
The value is the same before and after calling `init_weights` of EncoderDecoder  

backbone.adapter.backbone.blocks.21.mlp.fc1.bias - torch.Size([4096]): 
The value is the same before and after calling `init_weights` of EncoderDecoder  

backbone.adapter.backbone.blocks.21.mlp.fc2.weight - torch.Size([1024, 4096]): 
The value is the same before and after calling `init_weights` of EncoderDecoder  

backbone.adapter.backbone.blocks.21.mlp.fc2.bias - torch.Size([1024]): 
The value is the same before and after calling `init_weights` of EncoderDecoder  

backbone.adapter.backbone.blocks.21.ls2.gamma - torch.Size([1024]): 
The value is the same before and after calling `init_weights` of EncoderDecoder  

backbone.adapter.backbone.blocks.22.norm1.weight - torch.Size([1024]): 
The value is the same before and after calling `init_weights` of EncoderDecoder  

backbone.adapter.backbone.blocks.22.norm1.bias - torch.Size([1024]): 
The value is the same before and after calling `init_weights` of EncoderDecoder  

backbone.adapter.backbone.blocks.22.attn.qkv.weight - torch.Size([3072, 1024]): 
The value is the same before and after calling `init_weights` of EncoderDecoder  

backbone.adapter.backbone.blocks.22.attn.qkv.bias - torch.Size([3072]): 
The value is the same before and after calling `init_weights` of EncoderDecoder  

backbone.adapter.backbone.blocks.22.attn.proj.weight - torch.Size([1024, 1024]): 
The value is the same before and after calling `init_weights` of EncoderDecoder  

backbone.adapter.backbone.blocks.22.attn.proj.bias - torch.Size([1024]): 
The value is the same before and after calling `init_weights` of EncoderDecoder  

backbone.adapter.backbone.blocks.22.ls1.gamma - torch.Size([1024]): 
The value is the same before and after calling `init_weights` of EncoderDecoder  

backbone.adapter.backbone.blocks.22.norm2.weight - torch.Size([1024]): 
The value is the same before and after calling `init_weights` of EncoderDecoder  

backbone.adapter.backbone.blocks.22.norm2.bias - torch.Size([1024]): 
The value is the same before and after calling `init_weights` of EncoderDecoder  

backbone.adapter.backbone.blocks.22.mlp.fc1.weight - torch.Size([4096, 1024]): 
The value is the same before and after calling `init_weights` of EncoderDecoder  

backbone.adapter.backbone.blocks.22.mlp.fc1.bias - torch.Size([4096]): 
The value is the same before and after calling `init_weights` of EncoderDecoder  

backbone.adapter.backbone.blocks.22.mlp.fc2.weight - torch.Size([1024, 4096]): 
The value is the same before and after calling `init_weights` of EncoderDecoder  

backbone.adapter.backbone.blocks.22.mlp.fc2.bias - torch.Size([1024]): 
The value is the same before and after calling `init_weights` of EncoderDecoder  

backbone.adapter.backbone.blocks.22.ls2.gamma - torch.Size([1024]): 
The value is the same before and after calling `init_weights` of EncoderDecoder  

backbone.adapter.backbone.blocks.23.norm1.weight - torch.Size([1024]): 
The value is the same before and after calling `init_weights` of EncoderDecoder  

backbone.adapter.backbone.blocks.23.norm1.bias - torch.Size([1024]): 
The value is the same before and after calling `init_weights` of EncoderDecoder  

backbone.adapter.backbone.blocks.23.attn.qkv.weight - torch.Size([3072, 1024]): 
The value is the same before and after calling `init_weights` of EncoderDecoder  

backbone.adapter.backbone.blocks.23.attn.qkv.bias - torch.Size([3072]): 
The value is the same before and after calling `init_weights` of EncoderDecoder  

backbone.adapter.backbone.blocks.23.attn.proj.weight - torch.Size([1024, 1024]): 
The value is the same before and after calling `init_weights` of EncoderDecoder  

backbone.adapter.backbone.blocks.23.attn.proj.bias - torch.Size([1024]): 
The value is the same before and after calling `init_weights` of EncoderDecoder  

backbone.adapter.backbone.blocks.23.ls1.gamma - torch.Size([1024]): 
The value is the same before and after calling `init_weights` of EncoderDecoder  

backbone.adapter.backbone.blocks.23.norm2.weight - torch.Size([1024]): 
The value is the same before and after calling `init_weights` of EncoderDecoder  

backbone.adapter.backbone.blocks.23.norm2.bias - torch.Size([1024]): 
The value is the same before and after calling `init_weights` of EncoderDecoder  

backbone.adapter.backbone.blocks.23.mlp.fc1.weight - torch.Size([4096, 1024]): 
The value is the same before and after calling `init_weights` of EncoderDecoder  

backbone.adapter.backbone.blocks.23.mlp.fc1.bias - torch.Size([4096]): 
The value is the same before and after calling `init_weights` of EncoderDecoder  

backbone.adapter.backbone.blocks.23.mlp.fc2.weight - torch.Size([1024, 4096]): 
The value is the same before and after calling `init_weights` of EncoderDecoder  

backbone.adapter.backbone.blocks.23.mlp.fc2.bias - torch.Size([1024]): 
The value is the same before and after calling `init_weights` of EncoderDecoder  

backbone.adapter.backbone.blocks.23.ls2.gamma - torch.Size([1024]): 
The value is the same before and after calling `init_weights` of EncoderDecoder  

backbone.adapter.backbone.norm.weight - torch.Size([1024]): 
The value is the same before and after calling `init_weights` of EncoderDecoder  

backbone.adapter.backbone.norm.bias - torch.Size([1024]): 
The value is the same before and after calling `init_weights` of EncoderDecoder  

backbone.adapter.spm.stem.0.weight - torch.Size([64, 10, 3, 3]): 
The value is the same before and after calling `init_weights` of EncoderDecoder  

backbone.adapter.spm.stem.1.weight - torch.Size([64]): 
The value is the same before and after calling `init_weights` of EncoderDecoder  

backbone.adapter.spm.stem.1.bias - torch.Size([64]): 
The value is the same before and after calling `init_weights` of EncoderDecoder  

backbone.adapter.spm.stem.3.weight - torch.Size([64, 64, 3, 3]): 
The value is the same before and after calling `init_weights` of EncoderDecoder  

backbone.adapter.spm.stem.4.weight - torch.Size([64]): 
The value is the same before and after calling `init_weights` of EncoderDecoder  

backbone.adapter.spm.stem.4.bias - torch.Size([64]): 
The value is the same before and after calling `init_weights` of EncoderDecoder  

backbone.adapter.spm.stem.6.weight - torch.Size([64, 64, 3, 3]): 
The value is the same before and after calling `init_weights` of EncoderDecoder  

backbone.adapter.spm.stem.7.weight - torch.Size([64]): 
The value is the same before and after calling `init_weights` of EncoderDecoder  

backbone.adapter.spm.stem.7.bias - torch.Size([64]): 
The value is the same before and after calling `init_weights` of EncoderDecoder  

backbone.adapter.spm.conv2.0.weight - torch.Size([128, 64, 3, 3]): 
The value is the same before and after calling `init_weights` of EncoderDecoder  

backbone.adapter.spm.conv2.1.weight - torch.Size([128]): 
The value is the same before and after calling `init_weights` of EncoderDecoder  

backbone.adapter.spm.conv2.1.bias - torch.Size([128]): 
The value is the same before and after calling `init_weights` of EncoderDecoder  

backbone.adapter.spm.conv3.0.weight - torch.Size([256, 128, 3, 3]): 
The value is the same before and after calling `init_weights` of EncoderDecoder  

backbone.adapter.spm.conv3.1.weight - torch.Size([256]): 
The value is the same before and after calling `init_weights` of EncoderDecoder  

backbone.adapter.spm.conv3.1.bias - torch.Size([256]): 
The value is the same before and after calling `init_weights` of EncoderDecoder  

backbone.adapter.spm.conv4.0.weight - torch.Size([256, 256, 3, 3]): 
The value is the same before and after calling `init_weights` of EncoderDecoder  

backbone.adapter.spm.conv4.1.weight - torch.Size([256]): 
The value is the same before and after calling `init_weights` of EncoderDecoder  

backbone.adapter.spm.conv4.1.bias - torch.Size([256]): 
The value is the same before and after calling `init_weights` of EncoderDecoder  

backbone.adapter.spm.fc1.weight - torch.Size([1024, 64, 1, 1]): 
The value is the same before and after calling `init_weights` of EncoderDecoder  

backbone.adapter.spm.fc1.bias - torch.Size([1024]): 
The value is the same before and after calling `init_weights` of EncoderDecoder  

backbone.adapter.spm.fc2.weight - torch.Size([1024, 128, 1, 1]): 
The value is the same before and after calling `init_weights` of EncoderDecoder  

backbone.adapter.spm.fc2.bias - torch.Size([1024]): 
The value is the same before and after calling `init_weights` of EncoderDecoder  

backbone.adapter.spm.fc3.weight - torch.Size([1024, 256, 1, 1]): 
The value is the same before and after calling `init_weights` of EncoderDecoder  

backbone.adapter.spm.fc3.bias - torch.Size([1024]): 
The value is the same before and after calling `init_weights` of EncoderDecoder  

backbone.adapter.spm.fc4.weight - torch.Size([1024, 256, 1, 1]): 
The value is the same before and after calling `init_weights` of EncoderDecoder  

backbone.adapter.spm.fc4.bias - torch.Size([1024]): 
The value is the same before and after calling `init_weights` of EncoderDecoder  

backbone.adapter.interactions.0.extractor.query_norm.weight - torch.Size([1024]): 
The value is the same before and after calling `init_weights` of EncoderDecoder  

backbone.adapter.interactions.0.extractor.query_norm.bias - torch.Size([1024]): 
The value is the same before and after calling `init_weights` of EncoderDecoder  

backbone.adapter.interactions.0.extractor.feat_norm.weight - torch.Size([1024]): 
The value is the same before and after calling `init_weights` of EncoderDecoder  

backbone.adapter.interactions.0.extractor.feat_norm.bias - torch.Size([1024]): 
The value is the same before and after calling `init_weights` of EncoderDecoder  

backbone.adapter.interactions.0.extractor.attn.attn.sampling_offsets.weight - torch.Size([128, 1024]): 
The value is the same before and after calling `init_weights` of EncoderDecoder  

backbone.adapter.interactions.0.extractor.attn.attn.sampling_offsets.bias - torch.Size([128]): 
The value is the same before and after calling `init_weights` of EncoderDecoder  

backbone.adapter.interactions.0.extractor.attn.attn.attention_weights.weight - torch.Size([64, 1024]): 
The value is the same before and after calling `init_weights` of EncoderDecoder  

backbone.adapter.interactions.0.extractor.attn.attn.attention_weights.bias - torch.Size([64]): 
The value is the same before and after calling `init_weights` of EncoderDecoder  

backbone.adapter.interactions.0.extractor.attn.attn.value_proj.weight - torch.Size([1024, 1024]): 
The value is the same before and after calling `init_weights` of EncoderDecoder  

backbone.adapter.interactions.0.extractor.attn.attn.value_proj.bias - torch.Size([1024]): 
The value is the same before and after calling `init_weights` of EncoderDecoder  

backbone.adapter.interactions.0.extractor.attn.attn.output_proj.weight - torch.Size([1024, 1024]): 
The value is the same before and after calling `init_weights` of EncoderDecoder  

backbone.adapter.interactions.0.extractor.attn.attn.output_proj.bias - torch.Size([1024]): 
The value is the same before and after calling `init_weights` of EncoderDecoder  

backbone.adapter.interactions.0.extractor.ffn.fc1.weight - torch.Size([256, 1024]): 
The value is the same before and after calling `init_weights` of EncoderDecoder  

backbone.adapter.interactions.0.extractor.ffn.fc1.bias - torch.Size([256]): 
The value is the same before and after calling `init_weights` of EncoderDecoder  

backbone.adapter.interactions.0.extractor.ffn.dwconv.dwconv.weight - torch.Size([256, 1, 3, 3]): 
The value is the same before and after calling `init_weights` of EncoderDecoder  

backbone.adapter.interactions.0.extractor.ffn.dwconv.dwconv.bias - torch.Size([256]): 
The value is the same before and after calling `init_weights` of EncoderDecoder  

backbone.adapter.interactions.0.extractor.ffn.fc2.weight - torch.Size([1024, 256]): 
The value is the same before and after calling `init_weights` of EncoderDecoder  

backbone.adapter.interactions.0.extractor.ffn.fc2.bias - torch.Size([1024]): 
The value is the same before and after calling `init_weights` of EncoderDecoder  

backbone.adapter.interactions.0.extractor.ffn_norm.weight - torch.Size([1024]): 
The value is the same before and after calling `init_weights` of EncoderDecoder  

backbone.adapter.interactions.0.extractor.ffn_norm.bias - torch.Size([1024]): 
The value is the same before and after calling `init_weights` of EncoderDecoder  

backbone.adapter.interactions.1.extractor.query_norm.weight - torch.Size([1024]): 
The value is the same before and after calling `init_weights` of EncoderDecoder  

backbone.adapter.interactions.1.extractor.query_norm.bias - torch.Size([1024]): 
The value is the same before and after calling `init_weights` of EncoderDecoder  

backbone.adapter.interactions.1.extractor.feat_norm.weight - torch.Size([1024]): 
The value is the same before and after calling `init_weights` of EncoderDecoder  

backbone.adapter.interactions.1.extractor.feat_norm.bias - torch.Size([1024]): 
The value is the same before and after calling `init_weights` of EncoderDecoder  

backbone.adapter.interactions.1.extractor.attn.attn.sampling_offsets.weight - torch.Size([128, 1024]): 
The value is the same before and after calling `init_weights` of EncoderDecoder  

backbone.adapter.interactions.1.extractor.attn.attn.sampling_offsets.bias - torch.Size([128]): 
The value is the same before and after calling `init_weights` of EncoderDecoder  

backbone.adapter.interactions.1.extractor.attn.attn.attention_weights.weight - torch.Size([64, 1024]): 
The value is the same before and after calling `init_weights` of EncoderDecoder  

backbone.adapter.interactions.1.extractor.attn.attn.attention_weights.bias - torch.Size([64]): 
The value is the same before and after calling `init_weights` of EncoderDecoder  

backbone.adapter.interactions.1.extractor.attn.attn.value_proj.weight - torch.Size([1024, 1024]): 
The value is the same before and after calling `init_weights` of EncoderDecoder  

backbone.adapter.interactions.1.extractor.attn.attn.value_proj.bias - torch.Size([1024]): 
The value is the same before and after calling `init_weights` of EncoderDecoder  

backbone.adapter.interactions.1.extractor.attn.attn.output_proj.weight - torch.Size([1024, 1024]): 
The value is the same before and after calling `init_weights` of EncoderDecoder  

backbone.adapter.interactions.1.extractor.attn.attn.output_proj.bias - torch.Size([1024]): 
The value is the same before and after calling `init_weights` of EncoderDecoder  

backbone.adapter.interactions.1.extractor.ffn.fc1.weight - torch.Size([256, 1024]): 
The value is the same before and after calling `init_weights` of EncoderDecoder  

backbone.adapter.interactions.1.extractor.ffn.fc1.bias - torch.Size([256]): 
The value is the same before and after calling `init_weights` of EncoderDecoder  

backbone.adapter.interactions.1.extractor.ffn.dwconv.dwconv.weight - torch.Size([256, 1, 3, 3]): 
The value is the same before and after calling `init_weights` of EncoderDecoder  

backbone.adapter.interactions.1.extractor.ffn.dwconv.dwconv.bias - torch.Size([256]): 
The value is the same before and after calling `init_weights` of EncoderDecoder  

backbone.adapter.interactions.1.extractor.ffn.fc2.weight - torch.Size([1024, 256]): 
The value is the same before and after calling `init_weights` of EncoderDecoder  

backbone.adapter.interactions.1.extractor.ffn.fc2.bias - torch.Size([1024]): 
The value is the same before and after calling `init_weights` of EncoderDecoder  

backbone.adapter.interactions.1.extractor.ffn_norm.weight - torch.Size([1024]): 
The value is the same before and after calling `init_weights` of EncoderDecoder  

backbone.adapter.interactions.1.extractor.ffn_norm.bias - torch.Size([1024]): 
The value is the same before and after calling `init_weights` of EncoderDecoder  

backbone.adapter.interactions.2.extractor.query_norm.weight - torch.Size([1024]): 
The value is the same before and after calling `init_weights` of EncoderDecoder  

backbone.adapter.interactions.2.extractor.query_norm.bias - torch.Size([1024]): 
The value is the same before and after calling `init_weights` of EncoderDecoder  

backbone.adapter.interactions.2.extractor.feat_norm.weight - torch.Size([1024]): 
The value is the same before and after calling `init_weights` of EncoderDecoder  

backbone.adapter.interactions.2.extractor.feat_norm.bias - torch.Size([1024]): 
The value is the same before and after calling `init_weights` of EncoderDecoder  

backbone.adapter.interactions.2.extractor.attn.attn.sampling_offsets.weight - torch.Size([128, 1024]): 
The value is the same before and after calling `init_weights` of EncoderDecoder  

backbone.adapter.interactions.2.extractor.attn.attn.sampling_offsets.bias - torch.Size([128]): 
The value is the same before and after calling `init_weights` of EncoderDecoder  

backbone.adapter.interactions.2.extractor.attn.attn.attention_weights.weight - torch.Size([64, 1024]): 
The value is the same before and after calling `init_weights` of EncoderDecoder  

backbone.adapter.interactions.2.extractor.attn.attn.attention_weights.bias - torch.Size([64]): 
The value is the same before and after calling `init_weights` of EncoderDecoder  

backbone.adapter.interactions.2.extractor.attn.attn.value_proj.weight - torch.Size([1024, 1024]): 
The value is the same before and after calling `init_weights` of EncoderDecoder  

backbone.adapter.interactions.2.extractor.attn.attn.value_proj.bias - torch.Size([1024]): 
The value is the same before and after calling `init_weights` of EncoderDecoder  

backbone.adapter.interactions.2.extractor.attn.attn.output_proj.weight - torch.Size([1024, 1024]): 
The value is the same before and after calling `init_weights` of EncoderDecoder  

backbone.adapter.interactions.2.extractor.attn.attn.output_proj.bias - torch.Size([1024]): 
The value is the same before and after calling `init_weights` of EncoderDecoder  

backbone.adapter.interactions.2.extractor.ffn.fc1.weight - torch.Size([256, 1024]): 
The value is the same before and after calling `init_weights` of EncoderDecoder  

backbone.adapter.interactions.2.extractor.ffn.fc1.bias - torch.Size([256]): 
The value is the same before and after calling `init_weights` of EncoderDecoder  

backbone.adapter.interactions.2.extractor.ffn.dwconv.dwconv.weight - torch.Size([256, 1, 3, 3]): 
The value is the same before and after calling `init_weights` of EncoderDecoder  

backbone.adapter.interactions.2.extractor.ffn.dwconv.dwconv.bias - torch.Size([256]): 
The value is the same before and after calling `init_weights` of EncoderDecoder  

backbone.adapter.interactions.2.extractor.ffn.fc2.weight - torch.Size([1024, 256]): 
The value is the same before and after calling `init_weights` of EncoderDecoder  

backbone.adapter.interactions.2.extractor.ffn.fc2.bias - torch.Size([1024]): 
The value is the same before and after calling `init_weights` of EncoderDecoder  

backbone.adapter.interactions.2.extractor.ffn_norm.weight - torch.Size([1024]): 
The value is the same before and after calling `init_weights` of EncoderDecoder  

backbone.adapter.interactions.2.extractor.ffn_norm.bias - torch.Size([1024]): 
The value is the same before and after calling `init_weights` of EncoderDecoder  

backbone.adapter.interactions.3.extractor.query_norm.weight - torch.Size([1024]): 
The value is the same before and after calling `init_weights` of EncoderDecoder  

backbone.adapter.interactions.3.extractor.query_norm.bias - torch.Size([1024]): 
The value is the same before and after calling `init_weights` of EncoderDecoder  

backbone.adapter.interactions.3.extractor.feat_norm.weight - torch.Size([1024]): 
The value is the same before and after calling `init_weights` of EncoderDecoder  

backbone.adapter.interactions.3.extractor.feat_norm.bias - torch.Size([1024]): 
The value is the same before and after calling `init_weights` of EncoderDecoder  

backbone.adapter.interactions.3.extractor.attn.attn.sampling_offsets.weight - torch.Size([128, 1024]): 
The value is the same before and after calling `init_weights` of EncoderDecoder  

backbone.adapter.interactions.3.extractor.attn.attn.sampling_offsets.bias - torch.Size([128]): 
The value is the same before and after calling `init_weights` of EncoderDecoder  

backbone.adapter.interactions.3.extractor.attn.attn.attention_weights.weight - torch.Size([64, 1024]): 
The value is the same before and after calling `init_weights` of EncoderDecoder  

backbone.adapter.interactions.3.extractor.attn.attn.attention_weights.bias - torch.Size([64]): 
The value is the same before and after calling `init_weights` of EncoderDecoder  

backbone.adapter.interactions.3.extractor.attn.attn.value_proj.weight - torch.Size([1024, 1024]): 
The value is the same before and after calling `init_weights` of EncoderDecoder  

backbone.adapter.interactions.3.extractor.attn.attn.value_proj.bias - torch.Size([1024]): 
The value is the same before and after calling `init_weights` of EncoderDecoder  

backbone.adapter.interactions.3.extractor.attn.attn.output_proj.weight - torch.Size([1024, 1024]): 
The value is the same before and after calling `init_weights` of EncoderDecoder  

backbone.adapter.interactions.3.extractor.attn.attn.output_proj.bias - torch.Size([1024]): 
The value is the same before and after calling `init_weights` of EncoderDecoder  

backbone.adapter.interactions.3.extractor.ffn.fc1.weight - torch.Size([256, 1024]): 
The value is the same before and after calling `init_weights` of EncoderDecoder  

backbone.adapter.interactions.3.extractor.ffn.fc1.bias - torch.Size([256]): 
The value is the same before and after calling `init_weights` of EncoderDecoder  

backbone.adapter.interactions.3.extractor.ffn.dwconv.dwconv.weight - torch.Size([256, 1, 3, 3]): 
The value is the same before and after calling `init_weights` of EncoderDecoder  

backbone.adapter.interactions.3.extractor.ffn.dwconv.dwconv.bias - torch.Size([256]): 
The value is the same before and after calling `init_weights` of EncoderDecoder  

backbone.adapter.interactions.3.extractor.ffn.fc2.weight - torch.Size([1024, 256]): 
The value is the same before and after calling `init_weights` of EncoderDecoder  

backbone.adapter.interactions.3.extractor.ffn.fc2.bias - torch.Size([1024]): 
The value is the same before and after calling `init_weights` of EncoderDecoder  

backbone.adapter.interactions.3.extractor.ffn_norm.weight - torch.Size([1024]): 
The value is the same before and after calling `init_weights` of EncoderDecoder  

backbone.adapter.interactions.3.extractor.ffn_norm.bias - torch.Size([1024]): 
The value is the same before and after calling `init_weights` of EncoderDecoder  

backbone.adapter.interactions.3.extra_extractors.0.query_norm.weight - torch.Size([1024]): 
The value is the same before and after calling `init_weights` of EncoderDecoder  

backbone.adapter.interactions.3.extra_extractors.0.query_norm.bias - torch.Size([1024]): 
The value is the same before and after calling `init_weights` of EncoderDecoder  

backbone.adapter.interactions.3.extra_extractors.0.feat_norm.weight - torch.Size([1024]): 
The value is the same before and after calling `init_weights` of EncoderDecoder  

backbone.adapter.interactions.3.extra_extractors.0.feat_norm.bias - torch.Size([1024]): 
The value is the same before and after calling `init_weights` of EncoderDecoder  

backbone.adapter.interactions.3.extra_extractors.0.attn.attn.sampling_offsets.weight - torch.Size([128, 1024]): 
The value is the same before and after calling `init_weights` of EncoderDecoder  

backbone.adapter.interactions.3.extra_extractors.0.attn.attn.sampling_offsets.bias - torch.Size([128]): 
The value is the same before and after calling `init_weights` of EncoderDecoder  

backbone.adapter.interactions.3.extra_extractors.0.attn.attn.attention_weights.weight - torch.Size([64, 1024]): 
The value is the same before and after calling `init_weights` of EncoderDecoder  

backbone.adapter.interactions.3.extra_extractors.0.attn.attn.attention_weights.bias - torch.Size([64]): 
The value is the same before and after calling `init_weights` of EncoderDecoder  

backbone.adapter.interactions.3.extra_extractors.0.attn.attn.value_proj.weight - torch.Size([1024, 1024]): 
The value is the same before and after calling `init_weights` of EncoderDecoder  

backbone.adapter.interactions.3.extra_extractors.0.attn.attn.value_proj.bias - torch.Size([1024]): 
The value is the same before and after calling `init_weights` of EncoderDecoder  

backbone.adapter.interactions.3.extra_extractors.0.attn.attn.output_proj.weight - torch.Size([1024, 1024]): 
The value is the same before and after calling `init_weights` of EncoderDecoder  

backbone.adapter.interactions.3.extra_extractors.0.attn.attn.output_proj.bias - torch.Size([1024]): 
The value is the same before and after calling `init_weights` of EncoderDecoder  

backbone.adapter.interactions.3.extra_extractors.0.ffn.fc1.weight - torch.Size([256, 1024]): 
The value is the same before and after calling `init_weights` of EncoderDecoder  

backbone.adapter.interactions.3.extra_extractors.0.ffn.fc1.bias - torch.Size([256]): 
The value is the same before and after calling `init_weights` of EncoderDecoder  

backbone.adapter.interactions.3.extra_extractors.0.ffn.dwconv.dwconv.weight - torch.Size([256, 1, 3, 3]): 
The value is the same before and after calling `init_weights` of EncoderDecoder  

backbone.adapter.interactions.3.extra_extractors.0.ffn.dwconv.dwconv.bias - torch.Size([256]): 
The value is the same before and after calling `init_weights` of EncoderDecoder  

backbone.adapter.interactions.3.extra_extractors.0.ffn.fc2.weight - torch.Size([1024, 256]): 
The value is the same before and after calling `init_weights` of EncoderDecoder  

backbone.adapter.interactions.3.extra_extractors.0.ffn.fc2.bias - torch.Size([1024]): 
The value is the same before and after calling `init_weights` of EncoderDecoder  

backbone.adapter.interactions.3.extra_extractors.0.ffn_norm.weight - torch.Size([1024]): 
The value is the same before and after calling `init_weights` of EncoderDecoder  

backbone.adapter.interactions.3.extra_extractors.0.ffn_norm.bias - torch.Size([1024]): 
The value is the same before and after calling `init_weights` of EncoderDecoder  

backbone.adapter.interactions.3.extra_extractors.1.query_norm.weight - torch.Size([1024]): 
The value is the same before and after calling `init_weights` of EncoderDecoder  

backbone.adapter.interactions.3.extra_extractors.1.query_norm.bias - torch.Size([1024]): 
The value is the same before and after calling `init_weights` of EncoderDecoder  

backbone.adapter.interactions.3.extra_extractors.1.feat_norm.weight - torch.Size([1024]): 
The value is the same before and after calling `init_weights` of EncoderDecoder  

backbone.adapter.interactions.3.extra_extractors.1.feat_norm.bias - torch.Size([1024]): 
The value is the same before and after calling `init_weights` of EncoderDecoder  

backbone.adapter.interactions.3.extra_extractors.1.attn.attn.sampling_offsets.weight - torch.Size([128, 1024]): 
The value is the same before and after calling `init_weights` of EncoderDecoder  

backbone.adapter.interactions.3.extra_extractors.1.attn.attn.sampling_offsets.bias - torch.Size([128]): 
The value is the same before and after calling `init_weights` of EncoderDecoder  

backbone.adapter.interactions.3.extra_extractors.1.attn.attn.attention_weights.weight - torch.Size([64, 1024]): 
The value is the same before and after calling `init_weights` of EncoderDecoder  

backbone.adapter.interactions.3.extra_extractors.1.attn.attn.attention_weights.bias - torch.Size([64]): 
The value is the same before and after calling `init_weights` of EncoderDecoder  

backbone.adapter.interactions.3.extra_extractors.1.attn.attn.value_proj.weight - torch.Size([1024, 1024]): 
The value is the same before and after calling `init_weights` of EncoderDecoder  

backbone.adapter.interactions.3.extra_extractors.1.attn.attn.value_proj.bias - torch.Size([1024]): 
The value is the same before and after calling `init_weights` of EncoderDecoder  

backbone.adapter.interactions.3.extra_extractors.1.attn.attn.output_proj.weight - torch.Size([1024, 1024]): 
The value is the same before and after calling `init_weights` of EncoderDecoder  

backbone.adapter.interactions.3.extra_extractors.1.attn.attn.output_proj.bias - torch.Size([1024]): 
The value is the same before and after calling `init_weights` of EncoderDecoder  

backbone.adapter.interactions.3.extra_extractors.1.ffn.fc1.weight - torch.Size([256, 1024]): 
The value is the same before and after calling `init_weights` of EncoderDecoder  

backbone.adapter.interactions.3.extra_extractors.1.ffn.fc1.bias - torch.Size([256]): 
The value is the same before and after calling `init_weights` of EncoderDecoder  

backbone.adapter.interactions.3.extra_extractors.1.ffn.dwconv.dwconv.weight - torch.Size([256, 1, 3, 3]): 
The value is the same before and after calling `init_weights` of EncoderDecoder  

backbone.adapter.interactions.3.extra_extractors.1.ffn.dwconv.dwconv.bias - torch.Size([256]): 
The value is the same before and after calling `init_weights` of EncoderDecoder  

backbone.adapter.interactions.3.extra_extractors.1.ffn.fc2.weight - torch.Size([1024, 256]): 
The value is the same before and after calling `init_weights` of EncoderDecoder  

backbone.adapter.interactions.3.extra_extractors.1.ffn.fc2.bias - torch.Size([1024]): 
The value is the same before and after calling `init_weights` of EncoderDecoder  

backbone.adapter.interactions.3.extra_extractors.1.ffn_norm.weight - torch.Size([1024]): 
The value is the same before and after calling `init_weights` of EncoderDecoder  

backbone.adapter.interactions.3.extra_extractors.1.ffn_norm.bias - torch.Size([1024]): 
The value is the same before and after calling `init_weights` of EncoderDecoder  

backbone.adapter.up.weight - torch.Size([1024, 1024, 2, 2]): 
The value is the same before and after calling `init_weights` of EncoderDecoder  

backbone.adapter.up.bias - torch.Size([1024]): 
The value is the same before and after calling `init_weights` of EncoderDecoder  

backbone.adapter.norm1.weight - torch.Size([1024]): 
The value is the same before and after calling `init_weights` of EncoderDecoder  

backbone.adapter.norm1.bias - torch.Size([1024]): 
The value is the same before and after calling `init_weights` of EncoderDecoder  

backbone.adapter.norm2.weight - torch.Size([1024]): 
The value is the same before and after calling `init_weights` of EncoderDecoder  

backbone.adapter.norm2.bias - torch.Size([1024]): 
The value is the same before and after calling `init_weights` of EncoderDecoder  

backbone.adapter.norm3.weight - torch.Size([1024]): 
The value is the same before and after calling `init_weights` of EncoderDecoder  

backbone.adapter.norm3.bias - torch.Size([1024]): 
The value is the same before and after calling `init_weights` of EncoderDecoder  

backbone.adapter.norm4.weight - torch.Size([1024]): 
The value is the same before and after calling `init_weights` of EncoderDecoder  

backbone.adapter.norm4.bias - torch.Size([1024]): 
The value is the same before and after calling `init_weights` of EncoderDecoder  

backbone.tpool.2.month_embed - torch.Size([12, 1024]): 
The value is the same before and after calling `init_weights` of EncoderDecoder  

backbone.tpool.2.query - torch.Size([1, 1, 1024]): 
The value is the same before and after calling `init_weights` of EncoderDecoder  

backbone.tpool.2.attn.in_proj_weight - torch.Size([3072, 1024]): 
The value is the same before and after calling `init_weights` of EncoderDecoder  

backbone.tpool.2.attn.in_proj_bias - torch.Size([3072]): 
The value is the same before and after calling `init_weights` of EncoderDecoder  

backbone.tpool.2.attn.out_proj.weight - torch.Size([1024, 1024]): 
The value is the same before and after calling `init_weights` of EncoderDecoder  

backbone.tpool.2.attn.out_proj.bias - torch.Size([1024]): 
The value is the same before and after calling `init_weights` of EncoderDecoder  

backbone.tpool.2.norm.weight - torch.Size([1024]): 
The value is the same before and after calling `init_weights` of EncoderDecoder  

backbone.tpool.2.norm.bias - torch.Size([1024]): 
The value is the same before and after calling `init_weights` of EncoderDecoder  

backbone.tpool.3.month_embed - torch.Size([12, 1024]): 
The value is the same before and after calling `init_weights` of EncoderDecoder  

backbone.tpool.3.query - torch.Size([1, 1, 1024]): 
The value is the same before and after calling `init_weights` of EncoderDecoder  

backbone.tpool.3.attn.in_proj_weight - torch.Size([3072, 1024]): 
The value is the same before and after calling `init_weights` of EncoderDecoder  

backbone.tpool.3.attn.in_proj_bias - torch.Size([3072]): 
The value is the same before and after calling `init_weights` of EncoderDecoder  

backbone.tpool.3.attn.out_proj.weight - torch.Size([1024, 1024]): 
The value is the same before and after calling `init_weights` of EncoderDecoder  

backbone.tpool.3.attn.out_proj.bias - torch.Size([1024]): 
The value is the same before and after calling `init_weights` of EncoderDecoder  

backbone.tpool.3.norm.weight - torch.Size([1024]): 
The value is the same before and after calling `init_weights` of EncoderDecoder  

backbone.tpool.3.norm.bias - torch.Size([1024]): 
The value is the same before and after calling `init_weights` of EncoderDecoder  

backbone.tpool.4.month_embed - torch.Size([12, 1024]): 
The value is the same before and after calling `init_weights` of EncoderDecoder  

backbone.tpool.4.query - torch.Size([1, 1, 1024]): 
The value is the same before and after calling `init_weights` of EncoderDecoder  

backbone.tpool.4.attn.in_proj_weight - torch.Size([3072, 1024]): 
The value is the same before and after calling `init_weights` of EncoderDecoder  

backbone.tpool.4.attn.in_proj_bias - torch.Size([3072]): 
The value is the same before and after calling `init_weights` of EncoderDecoder  

backbone.tpool.4.attn.out_proj.weight - torch.Size([1024, 1024]): 
The value is the same before and after calling `init_weights` of EncoderDecoder  

backbone.tpool.4.attn.out_proj.bias - torch.Size([1024]): 
The value is the same before and after calling `init_weights` of EncoderDecoder  

backbone.tpool.4.norm.weight - torch.Size([1024]): 
The value is the same before and after calling `init_weights` of EncoderDecoder  

backbone.tpool.4.norm.bias - torch.Size([1024]): 
The value is the same before and after calling `init_weights` of EncoderDecoder  

decode_head.pixel_decoder.input_convs.0.conv.weight - torch.Size([256, 1024, 1, 1]): 
Initialized by user-defined `init_weights` in Mask2FormerHead  

decode_head.pixel_decoder.input_convs.0.conv.bias - torch.Size([256]): 
The value is the same before and after calling `init_weights` of EncoderDecoder  

decode_head.pixel_decoder.input_convs.0.gn.weight - torch.Size([256]): 
The value is the same before and after calling `init_weights` of EncoderDecoder  

decode_head.pixel_decoder.input_convs.0.gn.bias - torch.Size([256]): 
The value is the same before and after calling `init_weights` of EncoderDecoder  

decode_head.pixel_decoder.input_convs.1.conv.weight - torch.Size([256, 1024, 1, 1]): 
Initialized by user-defined `init_weights` in Mask2FormerHead  

decode_head.pixel_decoder.input_convs.1.conv.bias - torch.Size([256]): 
The value is the same before and after calling `init_weights` of EncoderDecoder  

decode_head.pixel_decoder.input_convs.1.gn.weight - torch.Size([256]): 
The value is the same before and after calling `init_weights` of EncoderDecoder  

decode_head.pixel_decoder.input_convs.1.gn.bias - torch.Size([256]): 
The value is the same before and after calling `init_weights` of EncoderDecoder  

decode_head.pixel_decoder.input_convs.2.conv.weight - torch.Size([256, 1024, 1, 1]): 
Initialized by user-defined `init_weights` in Mask2FormerHead  

decode_head.pixel_decoder.input_convs.2.conv.bias - torch.Size([256]): 
The value is the same before and after calling `init_weights` of EncoderDecoder  

decode_head.pixel_decoder.input_convs.2.gn.weight - torch.Size([256]): 
The value is the same before and after calling `init_weights` of EncoderDecoder  

decode_head.pixel_decoder.input_convs.2.gn.bias - torch.Size([256]): 
The value is the same before and after calling `init_weights` of EncoderDecoder  

decode_head.pixel_decoder.encoder.layers.0.self_attn.sampling_offsets.weight - torch.Size([192, 256]): 
The value is the same before and after calling `init_weights` of EncoderDecoder  

decode_head.pixel_decoder.encoder.layers.0.self_attn.sampling_offsets.bias - torch.Size([192]): 
Initialized by user-defined `init_weights` in Mask2FormerHead  

decode_head.pixel_decoder.encoder.layers.0.self_attn.attention_weights.weight - torch.Size([96, 256]): 
The value is the same before and after calling `init_weights` of EncoderDecoder  

decode_head.pixel_decoder.encoder.layers.0.self_attn.attention_weights.bias - torch.Size([96]): 
The value is the same before and after calling `init_weights` of EncoderDecoder  

decode_head.pixel_decoder.encoder.layers.0.self_attn.value_proj.weight - torch.Size([256, 256]): 
Initialized by user-defined `init_weights` in Mask2FormerHead  

decode_head.pixel_decoder.encoder.layers.0.self_attn.value_proj.bias - torch.Size([256]): 
The value is the same before and after calling `init_weights` of EncoderDecoder  

decode_head.pixel_decoder.encoder.layers.0.self_attn.output_proj.weight - torch.Size([256, 256]): 
Initialized by user-defined `init_weights` in Mask2FormerHead  

decode_head.pixel_decoder.encoder.layers.0.self_attn.output_proj.bias - torch.Size([256]): 
The value is the same before and after calling `init_weights` of EncoderDecoder  

decode_head.pixel_decoder.encoder.layers.0.ffn.layers.0.0.weight - torch.Size([1024, 256]): 
Initialized by user-defined `init_weights` in Mask2FormerHead  

decode_head.pixel_decoder.encoder.layers.0.ffn.layers.0.0.bias - torch.Size([1024]): 
The value is the same before and after calling `init_weights` of EncoderDecoder  

decode_head.pixel_decoder.encoder.layers.0.ffn.layers.1.weight - torch.Size([256, 1024]): 
Initialized by user-defined `init_weights` in Mask2FormerHead  

decode_head.pixel_decoder.encoder.layers.0.ffn.layers.1.bias - torch.Size([256]): 
The value is the same before and after calling `init_weights` of EncoderDecoder  

decode_head.pixel_decoder.encoder.layers.0.norms.0.weight - torch.Size([256]): 
The value is the same before and after calling `init_weights` of EncoderDecoder  

decode_head.pixel_decoder.encoder.layers.0.norms.0.bias - torch.Size([256]): 
The value is the same before and after calling `init_weights` of EncoderDecoder  

decode_head.pixel_decoder.encoder.layers.0.norms.1.weight - torch.Size([256]): 
The value is the same before and after calling `init_weights` of EncoderDecoder  

decode_head.pixel_decoder.encoder.layers.0.norms.1.bias - torch.Size([256]): 
The value is the same before and after calling `init_weights` of EncoderDecoder  

decode_head.pixel_decoder.encoder.layers.1.self_attn.sampling_offsets.weight - torch.Size([192, 256]): 
The value is the same before and after calling `init_weights` of EncoderDecoder  

decode_head.pixel_decoder.encoder.layers.1.self_attn.sampling_offsets.bias - torch.Size([192]): 
Initialized by user-defined `init_weights` in Mask2FormerHead  

decode_head.pixel_decoder.encoder.layers.1.self_attn.attention_weights.weight - torch.Size([96, 256]): 
The value is the same before and after calling `init_weights` of EncoderDecoder  

decode_head.pixel_decoder.encoder.layers.1.self_attn.attention_weights.bias - torch.Size([96]): 
The value is the same before and after calling `init_weights` of EncoderDecoder  

decode_head.pixel_decoder.encoder.layers.1.self_attn.value_proj.weight - torch.Size([256, 256]): 
Initialized by user-defined `init_weights` in Mask2FormerHead  

decode_head.pixel_decoder.encoder.layers.1.self_attn.value_proj.bias - torch.Size([256]): 
The value is the same before and after calling `init_weights` of EncoderDecoder  

decode_head.pixel_decoder.encoder.layers.1.self_attn.output_proj.weight - torch.Size([256, 256]): 
Initialized by user-defined `init_weights` in Mask2FormerHead  

decode_head.pixel_decoder.encoder.layers.1.self_attn.output_proj.bias - torch.Size([256]): 
The value is the same before and after calling `init_weights` of EncoderDecoder  

decode_head.pixel_decoder.encoder.layers.1.ffn.layers.0.0.weight - torch.Size([1024, 256]): 
Initialized by user-defined `init_weights` in Mask2FormerHead  

decode_head.pixel_decoder.encoder.layers.1.ffn.layers.0.0.bias - torch.Size([1024]): 
The value is the same before and after calling `init_weights` of EncoderDecoder  

decode_head.pixel_decoder.encoder.layers.1.ffn.layers.1.weight - torch.Size([256, 1024]): 
Initialized by user-defined `init_weights` in Mask2FormerHead  

decode_head.pixel_decoder.encoder.layers.1.ffn.layers.1.bias - torch.Size([256]): 
The value is the same before and after calling `init_weights` of EncoderDecoder  

decode_head.pixel_decoder.encoder.layers.1.norms.0.weight - torch.Size([256]): 
The value is the same before and after calling `init_weights` of EncoderDecoder  

decode_head.pixel_decoder.encoder.layers.1.norms.0.bias - torch.Size([256]): 
The value is the same before and after calling `init_weights` of EncoderDecoder  

decode_head.pixel_decoder.encoder.layers.1.norms.1.weight - torch.Size([256]): 
The value is the same before and after calling `init_weights` of EncoderDecoder  

decode_head.pixel_decoder.encoder.layers.1.norms.1.bias - torch.Size([256]): 
The value is the same before and after calling `init_weights` of EncoderDecoder  

decode_head.pixel_decoder.encoder.layers.2.self_attn.sampling_offsets.weight - torch.Size([192, 256]): 
The value is the same before and after calling `init_weights` of EncoderDecoder  

decode_head.pixel_decoder.encoder.layers.2.self_attn.sampling_offsets.bias - torch.Size([192]): 
Initialized by user-defined `init_weights` in Mask2FormerHead  

decode_head.pixel_decoder.encoder.layers.2.self_attn.attention_weights.weight - torch.Size([96, 256]): 
The value is the same before and after calling `init_weights` of EncoderDecoder  

decode_head.pixel_decoder.encoder.layers.2.self_attn.attention_weights.bias - torch.Size([96]): 
The value is the same before and after calling `init_weights` of EncoderDecoder  

decode_head.pixel_decoder.encoder.layers.2.self_attn.value_proj.weight - torch.Size([256, 256]): 
Initialized by user-defined `init_weights` in Mask2FormerHead  

decode_head.pixel_decoder.encoder.layers.2.self_attn.value_proj.bias - torch.Size([256]): 
The value is the same before and after calling `init_weights` of EncoderDecoder  

decode_head.pixel_decoder.encoder.layers.2.self_attn.output_proj.weight - torch.Size([256, 256]): 
Initialized by user-defined `init_weights` in Mask2FormerHead  

decode_head.pixel_decoder.encoder.layers.2.self_attn.output_proj.bias - torch.Size([256]): 
The value is the same before and after calling `init_weights` of EncoderDecoder  

decode_head.pixel_decoder.encoder.layers.2.ffn.layers.0.0.weight - torch.Size([1024, 256]): 
Initialized by user-defined `init_weights` in Mask2FormerHead  

decode_head.pixel_decoder.encoder.layers.2.ffn.layers.0.0.bias - torch.Size([1024]): 
The value is the same before and after calling `init_weights` of EncoderDecoder  

decode_head.pixel_decoder.encoder.layers.2.ffn.layers.1.weight - torch.Size([256, 1024]): 
Initialized by user-defined `init_weights` in Mask2FormerHead  

decode_head.pixel_decoder.encoder.layers.2.ffn.layers.1.bias - torch.Size([256]): 
The value is the same before and after calling `init_weights` of EncoderDecoder  

decode_head.pixel_decoder.encoder.layers.2.norms.0.weight - torch.Size([256]): 
The value is the same before and after calling `init_weights` of EncoderDecoder  

decode_head.pixel_decoder.encoder.layers.2.norms.0.bias - torch.Size([256]): 
The value is the same before and after calling `init_weights` of EncoderDecoder  

decode_head.pixel_decoder.encoder.layers.2.norms.1.weight - torch.Size([256]): 
The value is the same before and after calling `init_weights` of EncoderDecoder  

decode_head.pixel_decoder.encoder.layers.2.norms.1.bias - torch.Size([256]): 
The value is the same before and after calling `init_weights` of EncoderDecoder  

decode_head.pixel_decoder.encoder.layers.3.self_attn.sampling_offsets.weight - torch.Size([192, 256]): 
The value is the same before and after calling `init_weights` of EncoderDecoder  

decode_head.pixel_decoder.encoder.layers.3.self_attn.sampling_offsets.bias - torch.Size([192]): 
Initialized by user-defined `init_weights` in Mask2FormerHead  

decode_head.pixel_decoder.encoder.layers.3.self_attn.attention_weights.weight - torch.Size([96, 256]): 
The value is the same before and after calling `init_weights` of EncoderDecoder  

decode_head.pixel_decoder.encoder.layers.3.self_attn.attention_weights.bias - torch.Size([96]): 
The value is the same before and after calling `init_weights` of EncoderDecoder  

decode_head.pixel_decoder.encoder.layers.3.self_attn.value_proj.weight - torch.Size([256, 256]): 
Initialized by user-defined `init_weights` in Mask2FormerHead  

decode_head.pixel_decoder.encoder.layers.3.self_attn.value_proj.bias - torch.Size([256]): 
The value is the same before and after calling `init_weights` of EncoderDecoder  

decode_head.pixel_decoder.encoder.layers.3.self_attn.output_proj.weight - torch.Size([256, 256]): 
Initialized by user-defined `init_weights` in Mask2FormerHead  

decode_head.pixel_decoder.encoder.layers.3.self_attn.output_proj.bias - torch.Size([256]): 
The value is the same before and after calling `init_weights` of EncoderDecoder  

decode_head.pixel_decoder.encoder.layers.3.ffn.layers.0.0.weight - torch.Size([1024, 256]): 
Initialized by user-defined `init_weights` in Mask2FormerHead  

decode_head.pixel_decoder.encoder.layers.3.ffn.layers.0.0.bias - torch.Size([1024]): 
The value is the same before and after calling `init_weights` of EncoderDecoder  

decode_head.pixel_decoder.encoder.layers.3.ffn.layers.1.weight - torch.Size([256, 1024]): 
Initialized by user-defined `init_weights` in Mask2FormerHead  

decode_head.pixel_decoder.encoder.layers.3.ffn.layers.1.bias - torch.Size([256]): 
The value is the same before and after calling `init_weights` of EncoderDecoder  

decode_head.pixel_decoder.encoder.layers.3.norms.0.weight - torch.Size([256]): 
The value is the same before and after calling `init_weights` of EncoderDecoder  

decode_head.pixel_decoder.encoder.layers.3.norms.0.bias - torch.Size([256]): 
The value is the same before and after calling `init_weights` of EncoderDecoder  

decode_head.pixel_decoder.encoder.layers.3.norms.1.weight - torch.Size([256]): 
The value is the same before and after calling `init_weights` of EncoderDecoder  

decode_head.pixel_decoder.encoder.layers.3.norms.1.bias - torch.Size([256]): 
The value is the same before and after calling `init_weights` of EncoderDecoder  

decode_head.pixel_decoder.encoder.layers.4.self_attn.sampling_offsets.weight - torch.Size([192, 256]): 
The value is the same before and after calling `init_weights` of EncoderDecoder  

decode_head.pixel_decoder.encoder.layers.4.self_attn.sampling_offsets.bias - torch.Size([192]): 
Initialized by user-defined `init_weights` in Mask2FormerHead  

decode_head.pixel_decoder.encoder.layers.4.self_attn.attention_weights.weight - torch.Size([96, 256]): 
The value is the same before and after calling `init_weights` of EncoderDecoder  

decode_head.pixel_decoder.encoder.layers.4.self_attn.attention_weights.bias - torch.Size([96]): 
The value is the same before and after calling `init_weights` of EncoderDecoder  

decode_head.pixel_decoder.encoder.layers.4.self_attn.value_proj.weight - torch.Size([256, 256]): 
Initialized by user-defined `init_weights` in Mask2FormerHead  

decode_head.pixel_decoder.encoder.layers.4.self_attn.value_proj.bias - torch.Size([256]): 
The value is the same before and after calling `init_weights` of EncoderDecoder  

decode_head.pixel_decoder.encoder.layers.4.self_attn.output_proj.weight - torch.Size([256, 256]): 
Initialized by user-defined `init_weights` in Mask2FormerHead  

decode_head.pixel_decoder.encoder.layers.4.self_attn.output_proj.bias - torch.Size([256]): 
The value is the same before and after calling `init_weights` of EncoderDecoder  

decode_head.pixel_decoder.encoder.layers.4.ffn.layers.0.0.weight - torch.Size([1024, 256]): 
Initialized by user-defined `init_weights` in Mask2FormerHead  

decode_head.pixel_decoder.encoder.layers.4.ffn.layers.0.0.bias - torch.Size([1024]): 
The value is the same before and after calling `init_weights` of EncoderDecoder  

decode_head.pixel_decoder.encoder.layers.4.ffn.layers.1.weight - torch.Size([256, 1024]): 
Initialized by user-defined `init_weights` in Mask2FormerHead  

decode_head.pixel_decoder.encoder.layers.4.ffn.layers.1.bias - torch.Size([256]): 
The value is the same before and after calling `init_weights` of EncoderDecoder  

decode_head.pixel_decoder.encoder.layers.4.norms.0.weight - torch.Size([256]): 
The value is the same before and after calling `init_weights` of EncoderDecoder  

decode_head.pixel_decoder.encoder.layers.4.norms.0.bias - torch.Size([256]): 
The value is the same before and after calling `init_weights` of EncoderDecoder  

decode_head.pixel_decoder.encoder.layers.4.norms.1.weight - torch.Size([256]): 
The value is the same before and after calling `init_weights` of EncoderDecoder  

decode_head.pixel_decoder.encoder.layers.4.norms.1.bias - torch.Size([256]): 
The value is the same before and after calling `init_weights` of EncoderDecoder  

decode_head.pixel_decoder.encoder.layers.5.self_attn.sampling_offsets.weight - torch.Size([192, 256]): 
The value is the same before and after calling `init_weights` of EncoderDecoder  

decode_head.pixel_decoder.encoder.layers.5.self_attn.sampling_offsets.bias - torch.Size([192]): 
Initialized by user-defined `init_weights` in Mask2FormerHead  

decode_head.pixel_decoder.encoder.layers.5.self_attn.attention_weights.weight - torch.Size([96, 256]): 
The value is the same before and after calling `init_weights` of EncoderDecoder  

decode_head.pixel_decoder.encoder.layers.5.self_attn.attention_weights.bias - torch.Size([96]): 
The value is the same before and after calling `init_weights` of EncoderDecoder  

decode_head.pixel_decoder.encoder.layers.5.self_attn.value_proj.weight - torch.Size([256, 256]): 
Initialized by user-defined `init_weights` in Mask2FormerHead  

decode_head.pixel_decoder.encoder.layers.5.self_attn.value_proj.bias - torch.Size([256]): 
The value is the same before and after calling `init_weights` of EncoderDecoder  

decode_head.pixel_decoder.encoder.layers.5.self_attn.output_proj.weight - torch.Size([256, 256]): 
Initialized by user-defined `init_weights` in Mask2FormerHead  

decode_head.pixel_decoder.encoder.layers.5.self_attn.output_proj.bias - torch.Size([256]): 
The value is the same before and after calling `init_weights` of EncoderDecoder  

decode_head.pixel_decoder.encoder.layers.5.ffn.layers.0.0.weight - torch.Size([1024, 256]): 
Initialized by user-defined `init_weights` in Mask2FormerHead  

decode_head.pixel_decoder.encoder.layers.5.ffn.layers.0.0.bias - torch.Size([1024]): 
The value is the same before and after calling `init_weights` of EncoderDecoder  

decode_head.pixel_decoder.encoder.layers.5.ffn.layers.1.weight - torch.Size([256, 1024]): 
Initialized by user-defined `init_weights` in Mask2FormerHead  

decode_head.pixel_decoder.encoder.layers.5.ffn.layers.1.bias - torch.Size([256]): 
The value is the same before and after calling `init_weights` of EncoderDecoder  

decode_head.pixel_decoder.encoder.layers.5.norms.0.weight - torch.Size([256]): 
The value is the same before and after calling `init_weights` of EncoderDecoder  

decode_head.pixel_decoder.encoder.layers.5.norms.0.bias - torch.Size([256]): 
The value is the same before and after calling `init_weights` of EncoderDecoder  

decode_head.pixel_decoder.encoder.layers.5.norms.1.weight - torch.Size([256]): 
The value is the same before and after calling `init_weights` of EncoderDecoder  

decode_head.pixel_decoder.encoder.layers.5.norms.1.bias - torch.Size([256]): 
The value is the same before and after calling `init_weights` of EncoderDecoder  

decode_head.pixel_decoder.level_encoding.weight - torch.Size([3, 256]): 
Initialized by user-defined `init_weights` in Mask2FormerHead  

decode_head.pixel_decoder.lateral_convs.0.conv.weight - torch.Size([256, 1024, 1, 1]): 
Initialized by user-defined `init_weights` in Mask2FormerHead  

decode_head.pixel_decoder.lateral_convs.0.gn.weight - torch.Size([256]): 
The value is the same before and after calling `init_weights` of EncoderDecoder  

decode_head.pixel_decoder.lateral_convs.0.gn.bias - torch.Size([256]): 
The value is the same before and after calling `init_weights` of EncoderDecoder  

decode_head.pixel_decoder.output_convs.0.conv.weight - torch.Size([256, 256, 3, 3]): 
Initialized by user-defined `init_weights` in Mask2FormerHead  

decode_head.pixel_decoder.output_convs.0.gn.weight - torch.Size([256]): 
The value is the same before and after calling `init_weights` of EncoderDecoder  

decode_head.pixel_decoder.output_convs.0.gn.bias - torch.Size([256]): 
The value is the same before and after calling `init_weights` of EncoderDecoder  

decode_head.pixel_decoder.mask_feature.weight - torch.Size([256, 256, 1, 1]): 
Initialized by user-defined `init_weights` in Mask2FormerHead  

decode_head.pixel_decoder.mask_feature.bias - torch.Size([256]): 
Initialized by user-defined `init_weights` in Mask2FormerHead  

decode_head.transformer_decoder.layers.0.self_attn.attn.in_proj_weight - torch.Size([768, 256]): 
Initialized by user-defined `init_weights` in Mask2FormerHead  

decode_head.transformer_decoder.layers.0.self_attn.attn.in_proj_bias - torch.Size([768]): 
The value is the same before and after calling `init_weights` of EncoderDecoder  

decode_head.transformer_decoder.layers.0.self_attn.attn.out_proj.weight - torch.Size([256, 256]): 
Initialized by user-defined `init_weights` in Mask2FormerHead  

decode_head.transformer_decoder.layers.0.self_attn.attn.out_proj.bias - torch.Size([256]): 
The value is the same before and after calling `init_weights` of EncoderDecoder  

decode_head.transformer_decoder.layers.0.cross_attn.attn.in_proj_weight - torch.Size([768, 256]): 
Initialized by user-defined `init_weights` in Mask2FormerHead  

decode_head.transformer_decoder.layers.0.cross_attn.attn.in_proj_bias - torch.Size([768]): 
The value is the same before and after calling `init_weights` of EncoderDecoder  

decode_head.transformer_decoder.layers.0.cross_attn.attn.out_proj.weight - torch.Size([256, 256]): 
Initialized by user-defined `init_weights` in Mask2FormerHead  

decode_head.transformer_decoder.layers.0.cross_attn.attn.out_proj.bias - torch.Size([256]): 
The value is the same before and after calling `init_weights` of EncoderDecoder  

decode_head.transformer_decoder.layers.0.ffn.layers.0.0.weight - torch.Size([2048, 256]): 
Initialized by user-defined `init_weights` in Mask2FormerHead  

decode_head.transformer_decoder.layers.0.ffn.layers.0.0.bias - torch.Size([2048]): 
The value is the same before and after calling `init_weights` of EncoderDecoder  

decode_head.transformer_decoder.layers.0.ffn.layers.1.weight - torch.Size([256, 2048]): 
Initialized by user-defined `init_weights` in Mask2FormerHead  

decode_head.transformer_decoder.layers.0.ffn.layers.1.bias - torch.Size([256]): 
The value is the same before and after calling `init_weights` of EncoderDecoder  

decode_head.transformer_decoder.layers.0.norms.0.weight - torch.Size([256]): 
The value is the same before and after calling `init_weights` of EncoderDecoder  

decode_head.transformer_decoder.layers.0.norms.0.bias - torch.Size([256]): 
The value is the same before and after calling `init_weights` of EncoderDecoder  

decode_head.transformer_decoder.layers.0.norms.1.weight - torch.Size([256]): 
The value is the same before and after calling `init_weights` of EncoderDecoder  

decode_head.transformer_decoder.layers.0.norms.1.bias - torch.Size([256]): 
The value is the same before and after calling `init_weights` of EncoderDecoder  

decode_head.transformer_decoder.layers.0.norms.2.weight - torch.Size([256]): 
The value is the same before and after calling `init_weights` of EncoderDecoder  

decode_head.transformer_decoder.layers.0.norms.2.bias - torch.Size([256]): 
The value is the same before and after calling `init_weights` of EncoderDecoder  

decode_head.transformer_decoder.layers.1.self_attn.attn.in_proj_weight - torch.Size([768, 256]): 
Initialized by user-defined `init_weights` in Mask2FormerHead  

decode_head.transformer_decoder.layers.1.self_attn.attn.in_proj_bias - torch.Size([768]): 
The value is the same before and after calling `init_weights` of EncoderDecoder  

decode_head.transformer_decoder.layers.1.self_attn.attn.out_proj.weight - torch.Size([256, 256]): 
Initialized by user-defined `init_weights` in Mask2FormerHead  

decode_head.transformer_decoder.layers.1.self_attn.attn.out_proj.bias - torch.Size([256]): 
The value is the same before and after calling `init_weights` of EncoderDecoder  

decode_head.transformer_decoder.layers.1.cross_attn.attn.in_proj_weight - torch.Size([768, 256]): 
Initialized by user-defined `init_weights` in Mask2FormerHead  

decode_head.transformer_decoder.layers.1.cross_attn.attn.in_proj_bias - torch.Size([768]): 
The value is the same before and after calling `init_weights` of EncoderDecoder  

decode_head.transformer_decoder.layers.1.cross_attn.attn.out_proj.weight - torch.Size([256, 256]): 
Initialized by user-defined `init_weights` in Mask2FormerHead  

decode_head.transformer_decoder.layers.1.cross_attn.attn.out_proj.bias - torch.Size([256]): 
The value is the same before and after calling `init_weights` of EncoderDecoder  

decode_head.transformer_decoder.layers.1.ffn.layers.0.0.weight - torch.Size([2048, 256]): 
Initialized by user-defined `init_weights` in Mask2FormerHead  

decode_head.transformer_decoder.layers.1.ffn.layers.0.0.bias - torch.Size([2048]): 
The value is the same before and after calling `init_weights` of EncoderDecoder  

decode_head.transformer_decoder.layers.1.ffn.layers.1.weight - torch.Size([256, 2048]): 
Initialized by user-defined `init_weights` in Mask2FormerHead  

decode_head.transformer_decoder.layers.1.ffn.layers.1.bias - torch.Size([256]): 
The value is the same before and after calling `init_weights` of EncoderDecoder  

decode_head.transformer_decoder.layers.1.norms.0.weight - torch.Size([256]): 
The value is the same before and after calling `init_weights` of EncoderDecoder  

decode_head.transformer_decoder.layers.1.norms.0.bias - torch.Size([256]): 
The value is the same before and after calling `init_weights` of EncoderDecoder  

decode_head.transformer_decoder.layers.1.norms.1.weight - torch.Size([256]): 
The value is the same before and after calling `init_weights` of EncoderDecoder  

decode_head.transformer_decoder.layers.1.norms.1.bias - torch.Size([256]): 
The value is the same before and after calling `init_weights` of EncoderDecoder  

decode_head.transformer_decoder.layers.1.norms.2.weight - torch.Size([256]): 
The value is the same before and after calling `init_weights` of EncoderDecoder  

decode_head.transformer_decoder.layers.1.norms.2.bias - torch.Size([256]): 
The value is the same before and after calling `init_weights` of EncoderDecoder  

decode_head.transformer_decoder.layers.2.self_attn.attn.in_proj_weight - torch.Size([768, 256]): 
Initialized by user-defined `init_weights` in Mask2FormerHead  

decode_head.transformer_decoder.layers.2.self_attn.attn.in_proj_bias - torch.Size([768]): 
The value is the same before and after calling `init_weights` of EncoderDecoder  

decode_head.transformer_decoder.layers.2.self_attn.attn.out_proj.weight - torch.Size([256, 256]): 
Initialized by user-defined `init_weights` in Mask2FormerHead  

decode_head.transformer_decoder.layers.2.self_attn.attn.out_proj.bias - torch.Size([256]): 
The value is the same before and after calling `init_weights` of EncoderDecoder  

decode_head.transformer_decoder.layers.2.cross_attn.attn.in_proj_weight - torch.Size([768, 256]): 
Initialized by user-defined `init_weights` in Mask2FormerHead  

decode_head.transformer_decoder.layers.2.cross_attn.attn.in_proj_bias - torch.Size([768]): 
The value is the same before and after calling `init_weights` of EncoderDecoder  

decode_head.transformer_decoder.layers.2.cross_attn.attn.out_proj.weight - torch.Size([256, 256]): 
Initialized by user-defined `init_weights` in Mask2FormerHead  

decode_head.transformer_decoder.layers.2.cross_attn.attn.out_proj.bias - torch.Size([256]): 
The value is the same before and after calling `init_weights` of EncoderDecoder  

decode_head.transformer_decoder.layers.2.ffn.layers.0.0.weight - torch.Size([2048, 256]): 
Initialized by user-defined `init_weights` in Mask2FormerHead  

decode_head.transformer_decoder.layers.2.ffn.layers.0.0.bias - torch.Size([2048]): 
The value is the same before and after calling `init_weights` of EncoderDecoder  

decode_head.transformer_decoder.layers.2.ffn.layers.1.weight - torch.Size([256, 2048]): 
Initialized by user-defined `init_weights` in Mask2FormerHead  

decode_head.transformer_decoder.layers.2.ffn.layers.1.bias - torch.Size([256]): 
The value is the same before and after calling `init_weights` of EncoderDecoder  

decode_head.transformer_decoder.layers.2.norms.0.weight - torch.Size([256]): 
The value is the same before and after calling `init_weights` of EncoderDecoder  

decode_head.transformer_decoder.layers.2.norms.0.bias - torch.Size([256]): 
The value is the same before and after calling `init_weights` of EncoderDecoder  

decode_head.transformer_decoder.layers.2.norms.1.weight - torch.Size([256]): 
The value is the same before and after calling `init_weights` of EncoderDecoder  

decode_head.transformer_decoder.layers.2.norms.1.bias - torch.Size([256]): 
The value is the same before and after calling `init_weights` of EncoderDecoder  

decode_head.transformer_decoder.layers.2.norms.2.weight - torch.Size([256]): 
The value is the same before and after calling `init_weights` of EncoderDecoder  

decode_head.transformer_decoder.layers.2.norms.2.bias - torch.Size([256]): 
The value is the same before and after calling `init_weights` of EncoderDecoder  

decode_head.transformer_decoder.layers.3.self_attn.attn.in_proj_weight - torch.Size([768, 256]): 
Initialized by user-defined `init_weights` in Mask2FormerHead  

decode_head.transformer_decoder.layers.3.self_attn.attn.in_proj_bias - torch.Size([768]): 
The value is the same before and after calling `init_weights` of EncoderDecoder  

decode_head.transformer_decoder.layers.3.self_attn.attn.out_proj.weight - torch.Size([256, 256]): 
Initialized by user-defined `init_weights` in Mask2FormerHead  

decode_head.transformer_decoder.layers.3.self_attn.attn.out_proj.bias - torch.Size([256]): 
The value is the same before and after calling `init_weights` of EncoderDecoder  

decode_head.transformer_decoder.layers.3.cross_attn.attn.in_proj_weight - torch.Size([768, 256]): 
Initialized by user-defined `init_weights` in Mask2FormerHead  

decode_head.transformer_decoder.layers.3.cross_attn.attn.in_proj_bias - torch.Size([768]): 
The value is the same before and after calling `init_weights` of EncoderDecoder  

decode_head.transformer_decoder.layers.3.cross_attn.attn.out_proj.weight - torch.Size([256, 256]): 
Initialized by user-defined `init_weights` in Mask2FormerHead  

decode_head.transformer_decoder.layers.3.cross_attn.attn.out_proj.bias - torch.Size([256]): 
The value is the same before and after calling `init_weights` of EncoderDecoder  

decode_head.transformer_decoder.layers.3.ffn.layers.0.0.weight - torch.Size([2048, 256]): 
Initialized by user-defined `init_weights` in Mask2FormerHead  

decode_head.transformer_decoder.layers.3.ffn.layers.0.0.bias - torch.Size([2048]): 
The value is the same before and after calling `init_weights` of EncoderDecoder  

decode_head.transformer_decoder.layers.3.ffn.layers.1.weight - torch.Size([256, 2048]): 
Initialized by user-defined `init_weights` in Mask2FormerHead  

decode_head.transformer_decoder.layers.3.ffn.layers.1.bias - torch.Size([256]): 
The value is the same before and after calling `init_weights` of EncoderDecoder  

decode_head.transformer_decoder.layers.3.norms.0.weight - torch.Size([256]): 
The value is the same before and after calling `init_weights` of EncoderDecoder  

decode_head.transformer_decoder.layers.3.norms.0.bias - torch.Size([256]): 
The value is the same before and after calling `init_weights` of EncoderDecoder  

decode_head.transformer_decoder.layers.3.norms.1.weight - torch.Size([256]): 
The value is the same before and after calling `init_weights` of EncoderDecoder  

decode_head.transformer_decoder.layers.3.norms.1.bias - torch.Size([256]): 
The value is the same before and after calling `init_weights` of EncoderDecoder  

decode_head.transformer_decoder.layers.3.norms.2.weight - torch.Size([256]): 
The value is the same before and after calling `init_weights` of EncoderDecoder  

decode_head.transformer_decoder.layers.3.norms.2.bias - torch.Size([256]): 
The value is the same before and after calling `init_weights` of EncoderDecoder  

decode_head.transformer_decoder.layers.4.self_attn.attn.in_proj_weight - torch.Size([768, 256]): 
Initialized by user-defined `init_weights` in Mask2FormerHead  

decode_head.transformer_decoder.layers.4.self_attn.attn.in_proj_bias - torch.Size([768]): 
The value is the same before and after calling `init_weights` of EncoderDecoder  

decode_head.transformer_decoder.layers.4.self_attn.attn.out_proj.weight - torch.Size([256, 256]): 
Initialized by user-defined `init_weights` in Mask2FormerHead  

decode_head.transformer_decoder.layers.4.self_attn.attn.out_proj.bias - torch.Size([256]): 
The value is the same before and after calling `init_weights` of EncoderDecoder  

decode_head.transformer_decoder.layers.4.cross_attn.attn.in_proj_weight - torch.Size([768, 256]): 
Initialized by user-defined `init_weights` in Mask2FormerHead  

decode_head.transformer_decoder.layers.4.cross_attn.attn.in_proj_bias - torch.Size([768]): 
The value is the same before and after calling `init_weights` of EncoderDecoder  

decode_head.transformer_decoder.layers.4.cross_attn.attn.out_proj.weight - torch.Size([256, 256]): 
Initialized by user-defined `init_weights` in Mask2FormerHead  

decode_head.transformer_decoder.layers.4.cross_attn.attn.out_proj.bias - torch.Size([256]): 
The value is the same before and after calling `init_weights` of EncoderDecoder  

decode_head.transformer_decoder.layers.4.ffn.layers.0.0.weight - torch.Size([2048, 256]): 
Initialized by user-defined `init_weights` in Mask2FormerHead  

decode_head.transformer_decoder.layers.4.ffn.layers.0.0.bias - torch.Size([2048]): 
The value is the same before and after calling `init_weights` of EncoderDecoder  

decode_head.transformer_decoder.layers.4.ffn.layers.1.weight - torch.Size([256, 2048]): 
Initialized by user-defined `init_weights` in Mask2FormerHead  

decode_head.transformer_decoder.layers.4.ffn.layers.1.bias - torch.Size([256]): 
The value is the same before and after calling `init_weights` of EncoderDecoder  

decode_head.transformer_decoder.layers.4.norms.0.weight - torch.Size([256]): 
The value is the same before and after calling `init_weights` of EncoderDecoder  

decode_head.transformer_decoder.layers.4.norms.0.bias - torch.Size([256]): 
The value is the same before and after calling `init_weights` of EncoderDecoder  

decode_head.transformer_decoder.layers.4.norms.1.weight - torch.Size([256]): 
The value is the same before and after calling `init_weights` of EncoderDecoder  

decode_head.transformer_decoder.layers.4.norms.1.bias - torch.Size([256]): 
The value is the same before and after calling `init_weights` of EncoderDecoder  

decode_head.transformer_decoder.layers.4.norms.2.weight - torch.Size([256]): 
The value is the same before and after calling `init_weights` of EncoderDecoder  

decode_head.transformer_decoder.layers.4.norms.2.bias - torch.Size([256]): 
The value is the same before and after calling `init_weights` of EncoderDecoder  

decode_head.transformer_decoder.layers.5.self_attn.attn.in_proj_weight - torch.Size([768, 256]): 
Initialized by user-defined `init_weights` in Mask2FormerHead  

decode_head.transformer_decoder.layers.5.self_attn.attn.in_proj_bias - torch.Size([768]): 
The value is the same before and after calling `init_weights` of EncoderDecoder  

decode_head.transformer_decoder.layers.5.self_attn.attn.out_proj.weight - torch.Size([256, 256]): 
Initialized by user-defined `init_weights` in Mask2FormerHead  

decode_head.transformer_decoder.layers.5.self_attn.attn.out_proj.bias - torch.Size([256]): 
The value is the same before and after calling `init_weights` of EncoderDecoder  

decode_head.transformer_decoder.layers.5.cross_attn.attn.in_proj_weight - torch.Size([768, 256]): 
Initialized by user-defined `init_weights` in Mask2FormerHead  

decode_head.transformer_decoder.layers.5.cross_attn.attn.in_proj_bias - torch.Size([768]): 
The value is the same before and after calling `init_weights` of EncoderDecoder  

decode_head.transformer_decoder.layers.5.cross_attn.attn.out_proj.weight - torch.Size([256, 256]): 
Initialized by user-defined `init_weights` in Mask2FormerHead  

decode_head.transformer_decoder.layers.5.cross_attn.attn.out_proj.bias - torch.Size([256]): 
The value is the same before and after calling `init_weights` of EncoderDecoder  

decode_head.transformer_decoder.layers.5.ffn.layers.0.0.weight - torch.Size([2048, 256]): 
Initialized by user-defined `init_weights` in Mask2FormerHead  

decode_head.transformer_decoder.layers.5.ffn.layers.0.0.bias - torch.Size([2048]): 
The value is the same before and after calling `init_weights` of EncoderDecoder  

decode_head.transformer_decoder.layers.5.ffn.layers.1.weight - torch.Size([256, 2048]): 
Initialized by user-defined `init_weights` in Mask2FormerHead  

decode_head.transformer_decoder.layers.5.ffn.layers.1.bias - torch.Size([256]): 
The value is the same before and after calling `init_weights` of EncoderDecoder  

decode_head.transformer_decoder.layers.5.norms.0.weight - torch.Size([256]): 
The value is the same before and after calling `init_weights` of EncoderDecoder  

decode_head.transformer_decoder.layers.5.norms.0.bias - torch.Size([256]): 
The value is the same before and after calling `init_weights` of EncoderDecoder  

decode_head.transformer_decoder.layers.5.norms.1.weight - torch.Size([256]): 
The value is the same before and after calling `init_weights` of EncoderDecoder  

decode_head.transformer_decoder.layers.5.norms.1.bias - torch.Size([256]): 
The value is the same before and after calling `init_weights` of EncoderDecoder  

decode_head.transformer_decoder.layers.5.norms.2.weight - torch.Size([256]): 
The value is the same before and after calling `init_weights` of EncoderDecoder  

decode_head.transformer_decoder.layers.5.norms.2.bias - torch.Size([256]): 
The value is the same before and after calling `init_weights` of EncoderDecoder  

decode_head.transformer_decoder.layers.6.self_attn.attn.in_proj_weight - torch.Size([768, 256]): 
Initialized by user-defined `init_weights` in Mask2FormerHead  

decode_head.transformer_decoder.layers.6.self_attn.attn.in_proj_bias - torch.Size([768]): 
The value is the same before and after calling `init_weights` of EncoderDecoder  

decode_head.transformer_decoder.layers.6.self_attn.attn.out_proj.weight - torch.Size([256, 256]): 
Initialized by user-defined `init_weights` in Mask2FormerHead  

decode_head.transformer_decoder.layers.6.self_attn.attn.out_proj.bias - torch.Size([256]): 
The value is the same before and after calling `init_weights` of EncoderDecoder  

decode_head.transformer_decoder.layers.6.cross_attn.attn.in_proj_weight - torch.Size([768, 256]): 
Initialized by user-defined `init_weights` in Mask2FormerHead  

decode_head.transformer_decoder.layers.6.cross_attn.attn.in_proj_bias - torch.Size([768]): 
The value is the same before and after calling `init_weights` of EncoderDecoder  

decode_head.transformer_decoder.layers.6.cross_attn.attn.out_proj.weight - torch.Size([256, 256]): 
Initialized by user-defined `init_weights` in Mask2FormerHead  

decode_head.transformer_decoder.layers.6.cross_attn.attn.out_proj.bias - torch.Size([256]): 
The value is the same before and after calling `init_weights` of EncoderDecoder  

decode_head.transformer_decoder.layers.6.ffn.layers.0.0.weight - torch.Size([2048, 256]): 
Initialized by user-defined `init_weights` in Mask2FormerHead  

decode_head.transformer_decoder.layers.6.ffn.layers.0.0.bias - torch.Size([2048]): 
The value is the same before and after calling `init_weights` of EncoderDecoder  

decode_head.transformer_decoder.layers.6.ffn.layers.1.weight - torch.Size([256, 2048]): 
Initialized by user-defined `init_weights` in Mask2FormerHead  

decode_head.transformer_decoder.layers.6.ffn.layers.1.bias - torch.Size([256]): 
The value is the same before and after calling `init_weights` of EncoderDecoder  

decode_head.transformer_decoder.layers.6.norms.0.weight - torch.Size([256]): 
The value is the same before and after calling `init_weights` of EncoderDecoder  

decode_head.transformer_decoder.layers.6.norms.0.bias - torch.Size([256]): 
The value is the same before and after calling `init_weights` of EncoderDecoder  

decode_head.transformer_decoder.layers.6.norms.1.weight - torch.Size([256]): 
The value is the same before and after calling `init_weights` of EncoderDecoder  

decode_head.transformer_decoder.layers.6.norms.1.bias - torch.Size([256]): 
The value is the same before and after calling `init_weights` of EncoderDecoder  

decode_head.transformer_decoder.layers.6.norms.2.weight - torch.Size([256]): 
The value is the same before and after calling `init_weights` of EncoderDecoder  

decode_head.transformer_decoder.layers.6.norms.2.bias - torch.Size([256]): 
The value is the same before and after calling `init_weights` of EncoderDecoder  

decode_head.transformer_decoder.layers.7.self_attn.attn.in_proj_weight - torch.Size([768, 256]): 
Initialized by user-defined `init_weights` in Mask2FormerHead  

decode_head.transformer_decoder.layers.7.self_attn.attn.in_proj_bias - torch.Size([768]): 
The value is the same before and after calling `init_weights` of EncoderDecoder  

decode_head.transformer_decoder.layers.7.self_attn.attn.out_proj.weight - torch.Size([256, 256]): 
Initialized by user-defined `init_weights` in Mask2FormerHead  

decode_head.transformer_decoder.layers.7.self_attn.attn.out_proj.bias - torch.Size([256]): 
The value is the same before and after calling `init_weights` of EncoderDecoder  

decode_head.transformer_decoder.layers.7.cross_attn.attn.in_proj_weight - torch.Size([768, 256]): 
Initialized by user-defined `init_weights` in Mask2FormerHead  

decode_head.transformer_decoder.layers.7.cross_attn.attn.in_proj_bias - torch.Size([768]): 
The value is the same before and after calling `init_weights` of EncoderDecoder  

decode_head.transformer_decoder.layers.7.cross_attn.attn.out_proj.weight - torch.Size([256, 256]): 
Initialized by user-defined `init_weights` in Mask2FormerHead  

decode_head.transformer_decoder.layers.7.cross_attn.attn.out_proj.bias - torch.Size([256]): 
The value is the same before and after calling `init_weights` of EncoderDecoder  

decode_head.transformer_decoder.layers.7.ffn.layers.0.0.weight - torch.Size([2048, 256]): 
Initialized by user-defined `init_weights` in Mask2FormerHead  

decode_head.transformer_decoder.layers.7.ffn.layers.0.0.bias - torch.Size([2048]): 
The value is the same before and after calling `init_weights` of EncoderDecoder  

decode_head.transformer_decoder.layers.7.ffn.layers.1.weight - torch.Size([256, 2048]): 
Initialized by user-defined `init_weights` in Mask2FormerHead  

decode_head.transformer_decoder.layers.7.ffn.layers.1.bias - torch.Size([256]): 
The value is the same before and after calling `init_weights` of EncoderDecoder  

decode_head.transformer_decoder.layers.7.norms.0.weight - torch.Size([256]): 
The value is the same before and after calling `init_weights` of EncoderDecoder  

decode_head.transformer_decoder.layers.7.norms.0.bias - torch.Size([256]): 
The value is the same before and after calling `init_weights` of EncoderDecoder  

decode_head.transformer_decoder.layers.7.norms.1.weight - torch.Size([256]): 
The value is the same before and after calling `init_weights` of EncoderDecoder  

decode_head.transformer_decoder.layers.7.norms.1.bias - torch.Size([256]): 
The value is the same before and after calling `init_weights` of EncoderDecoder  

decode_head.transformer_decoder.layers.7.norms.2.weight - torch.Size([256]): 
The value is the same before and after calling `init_weights` of EncoderDecoder  

decode_head.transformer_decoder.layers.7.norms.2.bias - torch.Size([256]): 
The value is the same before and after calling `init_weights` of EncoderDecoder  

decode_head.transformer_decoder.layers.8.self_attn.attn.in_proj_weight - torch.Size([768, 256]): 
Initialized by user-defined `init_weights` in Mask2FormerHead  

decode_head.transformer_decoder.layers.8.self_attn.attn.in_proj_bias - torch.Size([768]): 
The value is the same before and after calling `init_weights` of EncoderDecoder  

decode_head.transformer_decoder.layers.8.self_attn.attn.out_proj.weight - torch.Size([256, 256]): 
Initialized by user-defined `init_weights` in Mask2FormerHead  

decode_head.transformer_decoder.layers.8.self_attn.attn.out_proj.bias - torch.Size([256]): 
The value is the same before and after calling `init_weights` of EncoderDecoder  

decode_head.transformer_decoder.layers.8.cross_attn.attn.in_proj_weight - torch.Size([768, 256]): 
Initialized by user-defined `init_weights` in Mask2FormerHead  

decode_head.transformer_decoder.layers.8.cross_attn.attn.in_proj_bias - torch.Size([768]): 
The value is the same before and after calling `init_weights` of EncoderDecoder  

decode_head.transformer_decoder.layers.8.cross_attn.attn.out_proj.weight - torch.Size([256, 256]): 
Initialized by user-defined `init_weights` in Mask2FormerHead  

decode_head.transformer_decoder.layers.8.cross_attn.attn.out_proj.bias - torch.Size([256]): 
The value is the same before and after calling `init_weights` of EncoderDecoder  

decode_head.transformer_decoder.layers.8.ffn.layers.0.0.weight - torch.Size([2048, 256]): 
Initialized by user-defined `init_weights` in Mask2FormerHead  

decode_head.transformer_decoder.layers.8.ffn.layers.0.0.bias - torch.Size([2048]): 
The value is the same before and after calling `init_weights` of EncoderDecoder  

decode_head.transformer_decoder.layers.8.ffn.layers.1.weight - torch.Size([256, 2048]): 
Initialized by user-defined `init_weights` in Mask2FormerHead  

decode_head.transformer_decoder.layers.8.ffn.layers.1.bias - torch.Size([256]): 
The value is the same before and after calling `init_weights` of EncoderDecoder  

decode_head.transformer_decoder.layers.8.norms.0.weight - torch.Size([256]): 
The value is the same before and after calling `init_weights` of EncoderDecoder  

decode_head.transformer_decoder.layers.8.norms.0.bias - torch.Size([256]): 
The value is the same before and after calling `init_weights` of EncoderDecoder  

decode_head.transformer_decoder.layers.8.norms.1.weight - torch.Size([256]): 
The value is the same before and after calling `init_weights` of EncoderDecoder  

decode_head.transformer_decoder.layers.8.norms.1.bias - torch.Size([256]): 
The value is the same before and after calling `init_weights` of EncoderDecoder  

decode_head.transformer_decoder.layers.8.norms.2.weight - torch.Size([256]): 
The value is the same before and after calling `init_weights` of EncoderDecoder  

decode_head.transformer_decoder.layers.8.norms.2.bias - torch.Size([256]): 
The value is the same before and after calling `init_weights` of EncoderDecoder  

decode_head.transformer_decoder.post_norm.weight - torch.Size([256]): 
The value is the same before and after calling `init_weights` of EncoderDecoder  

decode_head.transformer_decoder.post_norm.bias - torch.Size([256]): 
The value is the same before and after calling `init_weights` of EncoderDecoder  

decode_head.query_embed.weight - torch.Size([100, 256]): 
The value is the same before and after calling `init_weights` of EncoderDecoder  

decode_head.query_feat.weight - torch.Size([100, 256]): 
The value is the same before and after calling `init_weights` of EncoderDecoder  

decode_head.level_embed.weight - torch.Size([3, 256]): 
The value is the same before and after calling `init_weights` of EncoderDecoder  

decode_head.cls_embed.weight - torch.Size([20, 256]): 
The value is the same before and after calling `init_weights` of EncoderDecoder  

decode_head.cls_embed.bias - torch.Size([20]): 
The value is the same before and after calling `init_weights` of EncoderDecoder  

decode_head.mask_embed.0.weight - torch.Size([256, 256]): 
The value is the same before and after calling `init_weights` of EncoderDecoder  

decode_head.mask_embed.0.bias - torch.Size([256]): 
The value is the same before and after calling `init_weights` of EncoderDecoder  

decode_head.mask_embed.2.weight - torch.Size([256, 256]): 
The value is the same before and after calling `init_weights` of EncoderDecoder  

decode_head.mask_embed.2.bias - torch.Size([256]): 
The value is the same before and after calling `init_weights` of EncoderDecoder  

decode_head.mask_embed.4.weight - torch.Size([256, 256]): 
The value is the same before and after calling `init_weights` of EncoderDecoder  

decode_head.mask_embed.4.bias - torch.Size([256]): 
The value is the same before and after calling `init_weights` of EncoderDecoder  
2026/06/16 14:48:32 - mmengine - WARNING - "FileClient" will be deprecated in future. Please use io functions in https://mmengine.readthedocs.io/en/latest/api/fileio.html#file-io
2026/06/16 14:48:32 - mmengine - WARNING - "HardDiskBackend" is the alias of "LocalBackend" and the former will be deprecated in future.
2026/06/16 14:48:32 - mmengine - INFO - Checkpoints will be saved to /mnt/ht2-nas2/00-model/00-fb/mmseg_dino/work_dirs/dinov3l_m2f_pastis_temporal_v4.
2026/06/16 14:51:36 - mmengine - INFO - Iter(train) [   50/20000]  base_lr: 3.3656e-06 lr: 3.3656e-06  eta: 20:24:30  time: 3.5914  data_time: 0.0318  memory: 15966  grad_norm: 135.5749  loss: 112.3487  decode.loss_cls: 4.7143  decode.loss_mask: 2.1213  decode.loss_dice: 4.3974  decode.d0.loss_cls: 5.9008  decode.d0.loss_mask: 2.0343  decode.d0.loss_dice: 3.9784  decode.d1.loss_cls: 5.2945  decode.d1.loss_mask: 1.9747  decode.d1.loss_dice: 4.0654  decode.d2.loss_cls: 4.8924  decode.d2.loss_mask: 2.0332  decode.d2.loss_dice: 4.0832  decode.d3.loss_cls: 4.5747  decode.d3.loss_mask: 2.0081  decode.d3.loss_dice: 4.2354  decode.d4.loss_cls: 4.5195  decode.d4.loss_mask: 2.0743  decode.d4.loss_dice: 4.2606  decode.d5.loss_cls: 4.4022  decode.d5.loss_mask: 2.1276  decode.d5.loss_dice: 4.2926  decode.d6.loss_cls: 4.9496  decode.d6.loss_mask: 2.1074  decode.d6.loss_dice: 4.5050  decode.d7.loss_cls: 4.7833  decode.d7.loss_mask: 2.1412  decode.d7.loss_dice: 4.3426  decode.d8.loss_cls: 5.0418  decode.d8.loss_mask: 2.1587  decode.d8.loss_dice: 4.3342
2026/06/16 14:54:34 - mmengine - INFO - Iter(train) [  100/20000]  base_lr: 6.6978e-06 lr: 6.6978e-06  eta: 20:00:51  time: 3.5118  data_time: 0.0279  memory: 8724  grad_norm: 76.8096  loss: 98.4030  decode.loss_cls: 3.5747  decode.loss_mask: 1.9451  decode.loss_dice: 4.2426  decode.d0.loss_cls: 5.8513  decode.d0.loss_mask: 1.9436  decode.d0.loss_dice: 3.9497  decode.d1.loss_cls: 3.7041  decode.d1.loss_mask: 1.8876  decode.d1.loss_dice: 3.9610  decode.d2.loss_cls: 3.5940  decode.d2.loss_mask: 1.8684  decode.d2.loss_dice: 3.9982  decode.d3.loss_cls: 3.5278  decode.d3.loss_mask: 1.8517  decode.d3.loss_dice: 4.0509  decode.d4.loss_cls: 3.5688  decode.d4.loss_mask: 1.8386  decode.d4.loss_dice: 4.1286  decode.d5.loss_cls: 3.5363  decode.d5.loss_mask: 1.8662  decode.d5.loss_dice: 4.1918  decode.d6.loss_cls: 3.5846  decode.d6.loss_mask: 1.8807  decode.d6.loss_dice: 4.2183  decode.d7.loss_cls: 3.6129  decode.d7.loss_mask: 1.9612  decode.d7.loss_dice: 4.2362  decode.d8.loss_cls: 3.6159  decode.d8.loss_mask: 1.9508  decode.d8.loss_dice: 4.2614
2026/06/16 14:57:32 - mmengine - INFO - Iter(train) [  150/20000]  base_lr: 1.0030e-05 lr: 1.0030e-05  eta: 19:52:58  time: 3.5599  data_time: 0.0293  memory: 8724  grad_norm: 61.0053  loss: 95.3752  decode.loss_cls: 3.4646  decode.loss_mask: 1.9317  decode.loss_dice: 4.0079  decode.d0.loss_cls: 5.9693  decode.d0.loss_mask: 2.0752  decode.d0.loss_dice: 3.8125  decode.d1.loss_cls: 3.6096  decode.d1.loss_mask: 2.0188  decode.d1.loss_dice: 3.8113  decode.d2.loss_cls: 3.4541  decode.d2.loss_mask: 2.0049  decode.d2.loss_dice: 3.8634  decode.d3.loss_cls: 3.3677  decode.d3.loss_mask: 1.9800  decode.d3.loss_dice: 3.8847  decode.d4.loss_cls: 3.3071  decode.d4.loss_mask: 1.9407  decode.d4.loss_dice: 3.9554  decode.d5.loss_cls: 3.2821  decode.d5.loss_mask: 1.9512  decode.d5.loss_dice: 3.9298  decode.d6.loss_cls: 3.3310  decode.d6.loss_mask: 1.9407  decode.d6.loss_dice: 3.9592  decode.d7.loss_cls: 3.3337  decode.d7.loss_mask: 1.9339  decode.d7.loss_dice: 3.9608  decode.d8.loss_cls: 3.4026  decode.d8.loss_mask: 1.9529  decode.d8.loss_dice: 3.9381
2026/06/16 15:00:32 - mmengine - INFO - Iter(train) [  200/20000]  base_lr: 1.3362e-05 lr: 1.3362e-05  eta: 19:48:55  time: 3.6362  data_time: 0.0310  memory: 8724  grad_norm: 84.3473  loss: 91.1091  decode.loss_cls: 3.0322  decode.loss_mask: 1.9670  decode.loss_dice: 3.8374  decode.d0.loss_cls: 6.0133  decode.d0.loss_mask: 2.0212  decode.d0.loss_dice: 3.6915  decode.d1.loss_cls: 3.3105  decode.d1.loss_mask: 2.0031  decode.d1.loss_dice: 3.6584  decode.d2.loss_cls: 3.1331  decode.d2.loss_mask: 2.0015  decode.d2.loss_dice: 3.6630  decode.d3.loss_cls: 3.1226  decode.d3.loss_mask: 1.9894  decode.d3.loss_dice: 3.6912  decode.d4.loss_cls: 3.0483  decode.d4.loss_mask: 1.9850  decode.d4.loss_dice: 3.7142  decode.d5.loss_cls: 2.9904  decode.d5.loss_mask: 2.0064  decode.d5.loss_dice: 3.6955  decode.d6.loss_cls: 3.0849  decode.d6.loss_mask: 1.9749  decode.d6.loss_dice: 3.7604  decode.d7.loss_cls: 3.1472  decode.d7.loss_mask: 1.9630  decode.d7.loss_dice: 3.7647  decode.d8.loss_cls: 3.0871  decode.d8.loss_mask: 1.9627  decode.d8.loss_dice: 3.7891
2026/06/16 15:03:32 - mmengine - INFO - Iter(train) [  250/20000]  base_lr: 1.6694e-05 lr: 1.6694e-05  eta: 19:45:20  time: 3.5713  data_time: 0.0287  memory: 8724  grad_norm: 93.5302  loss: 90.7241  decode.loss_cls: 3.1756  decode.loss_mask: 2.0204  decode.loss_dice: 3.6564  decode.d0.loss_cls: 5.9982  decode.d0.loss_mask: 2.0402  decode.d0.loss_dice: 3.6322  decode.d1.loss_cls: 3.3372  decode.d1.loss_mask: 2.0468  decode.d1.loss_dice: 3.5592  decode.d2.loss_cls: 3.1706  decode.d2.loss_mask: 2.0468  decode.d2.loss_dice: 3.5250  decode.d3.loss_cls: 3.1363  decode.d3.loss_mask: 2.0272  decode.d3.loss_dice: 3.5430  decode.d4.loss_cls: 3.2067  decode.d4.loss_mask: 2.0419  decode.d4.loss_dice: 3.5538  decode.d5.loss_cls: 3.1870  decode.d5.loss_mask: 2.0336  decode.d5.loss_dice: 3.5488  decode.d6.loss_cls: 3.1107  decode.d6.loss_mask: 2.0353  decode.d6.loss_dice: 3.5801  decode.d7.loss_cls: 3.1416  decode.d7.loss_mask: 2.0539  decode.d7.loss_dice: 3.5841  decode.d8.loss_cls: 3.0857  decode.d8.loss_mask: 2.0402  decode.d8.loss_dice: 3.6056
2026/06/16 15:06:28 - mmengine - INFO - Iter(train) [  300/20000]  base_lr: 2.0027e-05 lr: 2.0027e-05  eta: 19:37:49  time: 3.4912  data_time: 0.0275  memory: 8724  grad_norm: 135.6222  loss: 86.2423  decode.loss_cls: 2.8273  decode.loss_mask: 2.1331  decode.loss_dice: 3.3932  decode.d0.loss_cls: 6.0799  decode.d0.loss_mask: 2.1286  decode.d0.loss_dice: 3.4098  decode.d1.loss_cls: 2.9552  decode.d1.loss_mask: 2.1139  decode.d1.loss_dice: 3.3553  decode.d2.loss_cls: 2.8380  decode.d2.loss_mask: 2.1247  decode.d2.loss_dice: 3.3399  decode.d3.loss_cls: 2.7633  decode.d3.loss_mask: 2.1215  decode.d3.loss_dice: 3.3214  decode.d4.loss_cls: 2.8165  decode.d4.loss_mask: 2.1386  decode.d4.loss_dice: 3.3347  decode.d5.loss_cls: 2.6938  decode.d5.loss_mask: 2.1639  decode.d5.loss_dice: 3.3344  decode.d6.loss_cls: 2.7389  decode.d6.loss_mask: 2.1507  decode.d6.loss_dice: 3.3344  decode.d7.loss_cls: 2.7814  decode.d7.loss_mask: 2.1578  decode.d7.loss_dice: 3.3308  decode.d8.loss_cls: 2.8070  decode.d8.loss_mask: 2.1473  decode.d8.loss_dice: 3.4070
2026/06/16 15:09:22 - mmengine - INFO - Iter(train) [  350/20000]  base_lr: 2.3359e-05 lr: 2.3359e-05  eta: 19:30:20  time: 3.5637  data_time: 0.0279  memory: 8724  grad_norm: 132.6410  loss: 85.3338  decode.loss_cls: 2.9075  decode.loss_mask: 1.9934  decode.loss_dice: 3.3452  decode.d0.loss_cls: 6.0352  decode.d0.loss_mask: 1.9855  decode.d0.loss_dice: 3.4345  decode.d1.loss_cls: 3.0402  decode.d1.loss_mask: 1.9997  decode.d1.loss_dice: 3.3104  decode.d2.loss_cls: 2.9031  decode.d2.loss_mask: 1.9737  decode.d2.loss_dice: 3.3174  decode.d3.loss_cls: 2.8868  decode.d3.loss_mask: 1.9761  decode.d3.loss_dice: 3.3014  decode.d4.loss_cls: 2.9163  decode.d4.loss_mask: 1.9800  decode.d4.loss_dice: 3.2899  decode.d5.loss_cls: 2.8985  decode.d5.loss_mask: 2.0029  decode.d5.loss_dice: 3.3039  decode.d6.loss_cls: 2.9003  decode.d6.loss_mask: 1.9926  decode.d6.loss_dice: 3.2886  decode.d7.loss_cls: 2.8899  decode.d7.loss_mask: 2.0099  decode.d7.loss_dice: 3.2541  decode.d8.loss_cls: 2.9073  decode.d8.loss_mask: 1.9998  decode.d8.loss_dice: 3.2895
2026/06/16 15:10:12 - mmengine - INFO - Exp name: dinov3l_m2f_pastis_temporal_v4_20260616_144812
2026/06/16 15:15:19 - mmengine - INFO - Iter(train) [  450/20000]  base_lr: 3.0023e-05 lr: 3.0023e-05  eta: 19:24:09  time: 3.5569  data_time: 0.0316  memory: 8724  grad_norm: 130.2143  loss: 82.0396  decode.loss_cls: 2.8979  decode.loss_mask: 1.9366  decode.loss_dice: 3.1052  decode.d0.loss_cls: 6.0070  decode.d0.loss_mask: 1.9018  decode.d0.loss_dice: 3.2679  decode.d1.loss_cls: 3.0040  decode.d1.loss_mask: 1.9185  decode.d1.loss_dice: 3.1083  decode.d2.loss_cls: 2.8240  decode.d2.loss_mask: 1.9254  decode.d2.loss_dice: 3.0972  decode.d3.loss_cls: 2.7879  decode.d3.loss_mask: 1.9605  decode.d3.loss_dice: 3.0545  decode.d4.loss_cls: 2.7924  decode.d4.loss_mask: 1.9571  decode.d4.loss_dice: 3.0571  decode.d5.loss_cls: 2.7851  decode.d5.loss_mask: 1.9696  decode.d5.loss_dice: 3.1017  decode.d6.loss_cls: 2.8559  decode.d6.loss_mask: 1.9405  decode.d6.loss_dice: 3.0742  decode.d7.loss_cls: 2.8212  decode.d7.loss_mask: 1.9298  decode.d7.loss_dice: 3.0701  decode.d8.loss_cls: 2.8607  decode.d8.loss_mask: 1.9404  decode.d8.loss_dice: 3.0872
2026/06/16 15:18:18 - mmengine - INFO - Iter(train) [  500/20000]  base_lr: 3.3356e-05 lr: 3.3356e-05  eta: 19:21:12  time: 3.5721  data_time: 0.0320  memory: 8724  grad_norm: 153.5395  loss: 79.5113  decode.loss_cls: 2.6666  decode.loss_mask: 2.0158  decode.loss_dice: 3.0124  decode.d0.loss_cls: 6.0372  decode.d0.loss_mask: 1.9714  decode.d0.loss_dice: 3.1804  decode.d1.loss_cls: 2.6857  decode.d1.loss_mask: 1.9999  decode.d1.loss_dice: 3.0591  decode.d2.loss_cls: 2.4913  decode.d2.loss_mask: 2.0187  decode.d2.loss_dice: 3.0275  decode.d3.loss_cls: 2.4783  decode.d3.loss_mask: 2.0262  decode.d3.loss_dice: 2.9656  decode.d4.loss_cls: 2.5020  decode.d4.loss_mask: 2.0237  decode.d4.loss_dice: 2.9571  decode.d5.loss_cls: 2.5468  decode.d5.loss_mask: 2.0559  decode.d5.loss_dice: 3.0040  decode.d6.loss_cls: 2.5848  decode.d6.loss_mask: 1.9896  decode.d6.loss_dice: 3.0198  decode.d7.loss_cls: 2.6057  decode.d7.loss_mask: 1.9938  decode.d7.loss_dice: 2.9794  decode.d8.loss_cls: 2.5712  decode.d8.loss_mask: 2.0211  decode.d8.loss_dice: 3.0205
2026/06/16 15:21:17 - mmengine - INFO - Iter(train) [  550/20000]  base_lr: 3.6688e-05 lr: 3.6688e-05  eta: 19:18:16  time: 3.5852  data_time: 0.0309  memory: 8724  grad_norm: 136.5309  loss: 77.9821  decode.loss_cls: 2.6810  decode.loss_mask: 1.9302  decode.loss_dice: 2.9427  decode.d0.loss_cls: 5.9693  decode.d0.loss_mask: 1.8376  decode.d0.loss_dice: 3.1594  decode.d1.loss_cls: 2.7214  decode.d1.loss_mask: 1.8775  decode.d1.loss_dice: 2.9734  decode.d2.loss_cls: 2.6116  decode.d2.loss_mask: 1.8578  decode.d2.loss_dice: 2.9466  decode.d3.loss_cls: 2.5084  decode.d3.loss_mask: 1.8904  decode.d3.loss_dice: 2.9667  decode.d4.loss_cls: 2.5695  decode.d4.loss_mask: 1.9016  decode.d4.loss_dice: 2.9305  decode.d5.loss_cls: 2.6170  decode.d5.loss_mask: 1.9170  decode.d5.loss_dice: 2.8887  decode.d6.loss_cls: 2.6035  decode.d6.loss_mask: 1.8870  decode.d6.loss_dice: 2.9207  decode.d7.loss_cls: 2.6119  decode.d7.loss_mask: 1.9059  decode.d7.loss_dice: 2.8810  decode.d8.loss_cls: 2.6339  decode.d8.loss_mask: 1.9247  decode.d8.loss_dice: 2.9152
2026/06/16 15:24:15 - mmengine - INFO - Iter(train) [  600/20000]  base_lr: 4.0020e-05 lr: 4.0020e-05  eta: 19:15:12  time: 3.5771  data_time: 0.0305  memory: 8724  grad_norm: 195.1229  loss: 75.7141  decode.loss_cls: 2.3765  decode.loss_mask: 2.0913  decode.loss_dice: 2.8471  decode.d0.loss_cls: 5.9570  decode.d0.loss_mask: 1.9824  decode.d0.loss_dice: 3.0249  decode.d1.loss_cls: 2.3179  decode.d1.loss_mask: 2.0246  decode.d1.loss_dice: 2.8869  decode.d2.loss_cls: 2.2509  decode.d2.loss_mask: 2.0288  decode.d2.loss_dice: 2.8448  decode.d3.loss_cls: 2.1836  decode.d3.loss_mask: 2.0727  decode.d3.loss_dice: 2.7952  decode.d4.loss_cls: 2.2463  decode.d4.loss_mask: 2.0947  decode.d4.loss_dice: 2.8174  decode.d5.loss_cls: 2.2847  decode.d5.loss_mask: 2.0947  decode.d5.loss_dice: 2.7930  decode.d6.loss_cls: 2.2566  decode.d6.loss_mask: 2.1235  decode.d6.loss_dice: 2.8213  decode.d7.loss_cls: 2.2940  decode.d7.loss_mask: 2.1229  decode.d7.loss_dice: 2.8147  decode.d8.loss_cls: 2.3211  decode.d8.loss_mask: 2.1071  decode.d8.loss_dice: 2.8376
2026/06/16 15:27:14 - mmengine - INFO - Iter(train) [  650/20000]  base_lr: 4.3352e-05 lr: 4.3352e-05  eta: 19:12:03  time: 3.5839  data_time: 0.0322  memory: 8724  grad_norm: 220.9084  loss: 74.3530  decode.loss_cls: 2.2069  decode.loss_mask: 2.0658  decode.loss_dice: 2.7657  decode.d0.loss_cls: 5.9970  decode.d0.loss_mask: 2.0095  decode.d0.loss_dice: 2.9965  decode.d1.loss_cls: 2.2599  decode.d1.loss_mask: 2.0167  decode.d1.loss_dice: 2.8355  decode.d2.loss_cls: 2.2153  decode.d2.loss_mask: 2.0574  decode.d2.loss_dice: 2.8282  decode.d3.loss_cls: 2.1959  decode.d3.loss_mask: 2.0502  decode.d3.loss_dice: 2.7436  decode.d4.loss_cls: 2.1709  decode.d4.loss_mask: 2.0617  decode.d4.loss_dice: 2.7741  decode.d5.loss_cls: 2.2217  decode.d5.loss_mask: 2.0691  decode.d5.loss_dice: 2.7210  decode.d6.loss_cls: 2.1658  decode.d6.loss_mask: 2.0756  decode.d6.loss_dice: 2.7644  decode.d7.loss_cls: 2.1807  decode.d7.loss_mask: 2.0919  decode.d7.loss_dice: 2.7557  decode.d8.loss_cls: 2.1769  decode.d8.loss_mask: 2.1036  decode.d8.loss_dice: 2.7756
2026/06/16 15:30:12 - mmengine - INFO - Iter(train) [  700/20000]  base_lr: 4.6684e-05 lr: 4.6684e-05  eta: 19:09:04  time: 3.5739  data_time: 0.0305  memory: 8724  grad_norm: 186.1511  loss: 74.7843  decode.loss_cls: 2.5447  decode.loss_mask: 1.9230  decode.loss_dice: 2.7067  decode.d0.loss_cls: 5.8826  decode.d0.loss_mask: 1.8544  decode.d0.loss_dice: 3.0095  decode.d1.loss_cls: 2.5083  decode.d1.loss_mask: 1.9168  decode.d1.loss_dice: 2.8662  decode.d2.loss_cls: 2.4324  decode.d2.loss_mask: 1.9423  decode.d2.loss_dice: 2.7984  decode.d3.loss_cls: 2.4793  decode.d3.loss_mask: 1.9132  decode.d3.loss_dice: 2.6941  decode.d4.loss_cls: 2.4729  decode.d4.loss_mask: 1.9143  decode.d4.loss_dice: 2.6618  decode.d5.loss_cls: 2.4883  decode.d5.loss_mask: 1.9214  decode.d5.loss_dice: 2.6410  decode.d6.loss_cls: 2.5088  decode.d6.loss_mask: 1.9207  decode.d6.loss_dice: 2.6297  decode.d7.loss_cls: 2.5053  decode.d7.loss_mask: 1.9064  decode.d7.loss_dice: 2.6549  decode.d8.loss_cls: 2.5118  decode.d8.loss_mask: 1.9133  decode.d8.loss_dice: 2.6616
2026/06/16 15:33:11 - mmengine - INFO - Iter(train) [  750/20000]  base_lr: 5.0017e-05 lr: 5.0017e-05  eta: 19:06:08  time: 3.5763  data_time: 0.0323  memory: 8724  grad_norm: 177.8248  loss: 73.2929  decode.loss_cls: 2.4176  decode.loss_mask: 1.8029  decode.loss_dice: 2.7928  decode.d0.loss_cls: 5.8319  decode.d0.loss_mask: 1.7574  decode.d0.loss_dice: 3.0113  decode.d1.loss_cls: 2.3898  decode.d1.loss_mask: 1.8138  decode.d1.loss_dice: 2.9114  decode.d2.loss_cls: 2.3089  decode.d2.loss_mask: 1.8074  decode.d2.loss_dice: 2.8843  decode.d3.loss_cls: 2.2490  decode.d3.loss_mask: 1.8225  decode.d3.loss_dice: 2.8113  decode.d4.loss_cls: 2.3024  decode.d4.loss_mask: 1.8112  decode.d4.loss_dice: 2.7975  decode.d5.loss_cls: 2.3589  decode.d5.loss_mask: 1.8115  decode.d5.loss_dice: 2.7756  decode.d6.loss_cls: 2.3604  decode.d6.loss_mask: 1.7967  decode.d6.loss_dice: 2.7923  decode.d7.loss_cls: 2.3319  decode.d7.loss_mask: 1.8029  decode.d7.loss_dice: 2.7828  decode.d8.loss_cls: 2.3784  decode.d8.loss_mask: 1.8018  decode.d8.loss_dice: 2.7761
2026/06/16 15:36:10 - mmengine - INFO - Iter(train) [  800/20000]  base_lr: 5.3349e-05 lr: 5.3349e-05  eta: 19:03:12  time: 3.5782  data_time: 0.0307  memory: 8724  grad_norm: 163.4513  loss: 72.6779  decode.loss_cls: 2.4380  decode.loss_mask: 1.7966  decode.loss_dice: 2.7070  decode.d0.loss_cls: 5.7850  decode.d0.loss_mask: 1.7277  decode.d0.loss_dice: 2.9786  decode.d1.loss_cls: 2.4738  decode.d1.loss_mask: 1.7560  decode.d1.loss_dice: 2.8178  decode.d2.loss_cls: 2.3764  decode.d2.loss_mask: 1.7898  decode.d2.loss_dice: 2.7517  decode.d3.loss_cls: 2.3949  decode.d3.loss_mask: 1.7671  decode.d3.loss_dice: 2.6938  decode.d4.loss_cls: 2.3685  decode.d4.loss_mask: 1.7739  decode.d4.loss_dice: 2.6864  decode.d5.loss_cls: 2.4141  decode.d5.loss_mask: 1.7915  decode.d5.loss_dice: 2.6618  decode.d6.loss_cls: 2.3946  decode.d6.loss_mask: 1.7745  decode.d6.loss_dice: 2.6950  decode.d7.loss_cls: 2.4438  decode.d7.loss_mask: 1.8057  decode.d7.loss_dice: 2.6773  decode.d8.loss_cls: 2.4141  decode.d8.loss_mask: 1.8034  decode.d8.loss_dice: 2.7188
2026/06/16 15:39:09 - mmengine - INFO - Iter(train) [  850/20000]  base_lr: 5.6681e-05 lr: 5.6681e-05  eta: 19:00:28  time: 3.5929  data_time: 0.0310  memory: 8724  grad_norm: 200.4349  loss: 72.3925  decode.loss_cls: 2.1946  decode.loss_mask: 2.0016  decode.loss_dice: 2.7245  decode.d0.loss_cls: 5.8002  decode.d0.loss_mask: 1.9348  decode.d0.loss_dice: 2.9234  decode.d1.loss_cls: 2.2458  decode.d1.loss_mask: 1.9843  decode.d1.loss_dice: 2.8028  decode.d2.loss_cls: 2.1482  decode.d2.loss_mask: 1.9743  decode.d2.loss_dice: 2.7574  decode.d3.loss_cls: 2.1229  decode.d3.loss_mask: 1.9835  decode.d3.loss_dice: 2.7119  decode.d4.loss_cls: 2.0894  decode.d4.loss_mask: 1.9734  decode.d4.loss_dice: 2.7023  decode.d5.loss_cls: 2.0885  decode.d5.loss_mask: 1.9678  decode.d5.loss_dice: 2.6606  decode.d6.loss_cls: 2.1339  decode.d6.loss_mask: 1.9953  decode.d6.loss_dice: 2.6858  decode.d7.loss_cls: 2.1571  decode.d7.loss_mask: 2.0445  decode.d7.loss_dice: 2.6526  decode.d8.loss_cls: 2.2026  decode.d8.loss_mask: 2.0379  decode.d8.loss_dice: 2.6905
2026/06/16 15:42:08 - mmengine - INFO - Iter(train) [  900/20000]  base_lr: 6.0013e-05 lr: 6.0013e-05  eta: 18:57:29  time: 3.5756  data_time: 0.0299  memory: 8724  grad_norm: 204.2259  loss: 72.0445  decode.loss_cls: 2.3925  decode.loss_mask: 1.8907  decode.loss_dice: 2.6834  decode.d0.loss_cls: 5.7568  decode.d0.loss_mask: 1.8167  decode.d0.loss_dice: 2.8990  decode.d1.loss_cls: 2.3699  decode.d1.loss_mask: 1.8210  decode.d1.loss_dice: 2.6832  decode.d2.loss_cls: 2.2389  decode.d2.loss_mask: 1.8417  decode.d2.loss_dice: 2.6639  decode.d3.loss_cls: 2.1850  decode.d3.loss_mask: 1.9007  decode.d3.loss_dice: 2.6559  decode.d4.loss_cls: 2.2622  decode.d4.loss_mask: 1.8784  decode.d4.loss_dice: 2.6432  decode.d5.loss_cls: 2.3022  decode.d5.loss_mask: 1.9078  decode.d5.loss_dice: 2.6762  decode.d6.loss_cls: 2.2817  decode.d6.loss_mask: 1.8906  decode.d6.loss_dice: 2.6565  decode.d7.loss_cls: 2.3603  decode.d7.loss_mask: 1.8706  decode.d7.loss_dice: 2.6159  decode.d8.loss_cls: 2.3611  decode.d8.loss_mask: 1.8927  decode.d8.loss_dice: 2.6459
2026/06/16 15:45:06 - mmengine - INFO - Iter(train) [  950/20000]  base_lr: 6.3346e-05 lr: 6.3346e-05  eta: 18:54:25  time: 3.5786  data_time: 0.0317  memory: 8724  grad_norm: 171.0771  loss: 70.6016  decode.loss_cls: 2.2125  decode.loss_mask: 1.9116  decode.loss_dice: 2.5599  decode.d0.loss_cls: 5.6739  decode.d0.loss_mask: 1.8505  decode.d0.loss_dice: 2.8026  decode.d1.loss_cls: 2.2816  decode.d1.loss_mask: 1.9296  decode.d1.loss_dice: 2.6905  decode.d2.loss_cls: 2.2270  decode.d2.loss_mask: 1.9864  decode.d2.loss_dice: 2.6038  decode.d3.loss_cls: 2.1158  decode.d3.loss_mask: 1.9570  decode.d3.loss_dice: 2.5314  decode.d4.loss_cls: 2.1214  decode.d4.loss_mask: 1.9741  decode.d4.loss_dice: 2.5505  decode.d5.loss_cls: 2.1416  decode.d5.loss_mask: 1.9599  decode.d5.loss_dice: 2.5215  decode.d6.loss_cls: 2.1270  decode.d6.loss_mask: 1.9770  decode.d6.loss_dice: 2.5104  decode.d7.loss_cls: 2.1974  decode.d7.loss_mask: 1.9694  decode.d7.loss_dice: 2.5118  decode.d8.loss_cls: 2.2181  decode.d8.loss_mask: 1.9547  decode.d8.loss_dice: 2.5329
2026/06/16 15:48:04 - mmengine - INFO - Exp name: dinov3l_m2f_pastis_temporal_v4_20260616_144812
2026/06/16 15:48:04 - mmengine - INFO - Iter(train) [ 1000/20000]  base_lr: 6.6678e-05 lr: 6.6678e-05  eta: 18:51:22  time: 3.5803  data_time: 0.0319  memory: 8724  grad_norm: 174.1659  loss: 66.8121  decode.loss_cls: 2.0966  decode.loss_mask: 1.8804  decode.loss_dice: 2.3654  decode.d0.loss_cls: 5.6242  decode.d0.loss_mask: 1.7723  decode.d0.loss_dice: 2.6570  decode.d1.loss_cls: 2.1747  decode.d1.loss_mask: 1.8455  decode.d1.loss_dice: 2.4701  decode.d2.loss_cls: 2.1147  decode.d2.loss_mask: 1.8546  decode.d2.loss_dice: 2.4231  decode.d3.loss_cls: 1.9956  decode.d3.loss_mask: 1.8925  decode.d3.loss_dice: 2.3510  decode.d4.loss_cls: 1.9854  decode.d4.loss_mask: 1.8962  decode.d4.loss_dice: 2.3540  decode.d5.loss_cls: 2.0090  decode.d5.loss_mask: 1.8820  decode.d5.loss_dice: 2.3508  decode.d6.loss_cls: 2.0173  decode.d6.loss_mask: 1.9072  decode.d6.loss_dice: 2.3496  decode.d7.loss_cls: 2.0277  decode.d7.loss_mask: 1.8940  decode.d7.loss_dice: 2.3347  decode.d8.loss_cls: 2.0322  decode.d8.loss_mask: 1.9136  decode.d8.loss_dice: 2.3409
2026/06/16 15:49:03 - mmengine - INFO - Iter(val) [ 50/121]    eta: 0:01:23  time: 1.1667  data_time: 0.0207  memory: 6229  
2026/06/16 15:50:02 - mmengine - INFO - Iter(val) [100/121]    eta: 0:00:24  time: 1.1691  data_time: 0.0190  memory: 6229  
2026/06/16 15:50:28 - mmengine - INFO - per class results:
2026/06/16 15:50:28 - mmengine - INFO - 
+---------+-------+-------+
|  Class  |  IoU  |  Acc  |
+---------+-------+-------+
|  crop_1 | 68.85 |  79.2 |
|  crop_2 | 54.54 | 72.54 |
|  crop_3 | 17.83 | 22.91 |
|  crop_4 | 33.35 |  76.1 |
|  crop_5 |  9.15 | 19.59 |
|  crop_6 | 55.96 | 82.62 |
|  crop_7 |  0.0  |  0.0  |
|  crop_8 |  0.0  |  0.0  |
|  crop_9 | 23.66 | 60.23 |
| crop_10 |  0.0  |  0.0  |
| crop_11 |  0.17 |  0.17 |
| crop_12 |  0.0  |  0.0  |
| crop_13 |  1.73 |  2.02 |
| crop_14 |  0.0  |  0.0  |
| crop_15 |  9.11 | 13.67 |
| crop_16 |  0.0  |  0.0  |
| crop_17 |  0.0  |  0.0  |
| crop_18 |  3.5  |  4.91 |
| crop_19 |  0.0  |  0.0  |
+---------+-------+-------+
2026/06/16 15:50:28 - mmengine - INFO - Iter(val) [121/121]    aAcc: 63.0600  mIoU: 14.6200  mAcc: 22.8400  data_time: 0.0249  time: 1.1830
2026/06/16 15:50:39 - mmengine - INFO - The best checkpoint with 14.6200 mIoU at 1000 iter is saved to best_mIoU_iter_1000.pth.
2026/06/16 15:53:37 - mmengine - INFO - Iter(train) [ 1050/20000]  base_lr: 7.0010e-05 lr: 7.0010e-05  eta: 18:51:36  time: 3.5584  data_time: 0.0282  memory: 11055  grad_norm: 207.9969  loss: 67.8773  decode.loss_cls: 2.0083  decode.loss_mask: 1.8548  decode.loss_dice: 2.5314  decode.d0.loss_cls: 5.5929  decode.d0.loss_mask: 1.7994  decode.d0.loss_dice: 2.7945  decode.d1.loss_cls: 2.1326  decode.d1.loss_mask: 1.8007  decode.d1.loss_dice: 2.6351  decode.d2.loss_cls: 2.0242  decode.d2.loss_mask: 1.8606  decode.d2.loss_dice: 2.6072  decode.d3.loss_cls: 1.9559  decode.d3.loss_mask: 1.8593  decode.d3.loss_dice: 2.5634  decode.d4.loss_cls: 1.9388  decode.d4.loss_mask: 1.8578  decode.d4.loss_dice: 2.5501  decode.d5.loss_cls: 1.9620  decode.d5.loss_mask: 1.8668  decode.d5.loss_dice: 2.5505  decode.d6.loss_cls: 2.0006  decode.d6.loss_mask: 1.8523  decode.d6.loss_dice: 2.5189  decode.d7.loss_cls: 2.0060  decode.d7.loss_mask: 1.8350  decode.d7.loss_dice: 2.5296  decode.d8.loss_cls: 2.0008  decode.d8.loss_mask: 1.8462  decode.d8.loss_dice: 2.5415
2026/06/16 15:56:35 - mmengine - INFO - Iter(train) [ 1100/20000]  base_lr: 7.3342e-05 lr: 7.3342e-05  eta: 18:48:21  time: 3.5567  data_time: 0.0270  memory: 8724  grad_norm: 271.5116  loss: 66.5865  decode.loss_cls: 1.9355  decode.loss_mask: 1.9126  decode.loss_dice: 2.4536  decode.d0.loss_cls: 5.5151  decode.d0.loss_mask: 1.8117  decode.d0.loss_dice: 2.7687  decode.d1.loss_cls: 2.0649  decode.d1.loss_mask: 1.8456  decode.d1.loss_dice: 2.6242  decode.d2.loss_cls: 1.9650  decode.d2.loss_mask: 1.8465  decode.d2.loss_dice: 2.5259  decode.d3.loss_cls: 1.8530  decode.d3.loss_mask: 1.8439  decode.d3.loss_dice: 2.4859  decode.d4.loss_cls: 1.8789  decode.d4.loss_mask: 1.8663  decode.d4.loss_dice: 2.4970  decode.d5.loss_cls: 1.8786  decode.d5.loss_mask: 1.8751  decode.d5.loss_dice: 2.4679  decode.d6.loss_cls: 1.8858  decode.d6.loss_mask: 1.8435  decode.d6.loss_dice: 2.4727  decode.d7.loss_cls: 1.8657  decode.d7.loss_mask: 1.8962  decode.d7.loss_dice: 2.4878  decode.d8.loss_cls: 1.8549  decode.d8.loss_mask: 1.8898  decode.d8.loss_dice: 2.4740
2026/06/16 15:59:33 - mmengine - INFO - Iter(train) [ 1150/20000]  base_lr: 7.6674e-05 lr: 7.6674e-05  eta: 18:45:06  time: 3.5607  data_time: 0.0282  memory: 8724  grad_norm: 265.7465  loss: 68.0054  decode.loss_cls: 2.1253  decode.loss_mask: 1.8493  decode.loss_dice: 2.5083  decode.d0.loss_cls: 5.4806  decode.d0.loss_mask: 1.7659  decode.d0.loss_dice: 2.7588  decode.d1.loss_cls: 2.1927  decode.d1.loss_mask: 1.8272  decode.d1.loss_dice: 2.5838  decode.d2.loss_cls: 2.0691  decode.d2.loss_mask: 1.8589  decode.d2.loss_dice: 2.5586  decode.d3.loss_cls: 2.0151  decode.d3.loss_mask: 1.8661  decode.d3.loss_dice: 2.4985  decode.d4.loss_cls: 1.9794  decode.d4.loss_mask: 1.8550  decode.d4.loss_dice: 2.4998  decode.d5.loss_cls: 2.0613  decode.d5.loss_mask: 1.8582  decode.d5.loss_dice: 2.4965  decode.d6.loss_cls: 2.0923  decode.d6.loss_mask: 1.8344  decode.d6.loss_dice: 2.4806  decode.d7.loss_cls: 2.0883  decode.d7.loss_mask: 1.8368  decode.d7.loss_dice: 2.5088  decode.d8.loss_cls: 2.0706  decode.d8.loss_mask: 1.8593  decode.d8.loss_dice: 2.5260
2026/06/16 16:02:32 - mmengine - INFO - Iter(train) [ 1200/20000]  base_lr: 8.0007e-05 lr: 8.0007e-05  eta: 18:42:00  time: 3.5718  data_time: 0.0322  memory: 8724  grad_norm: 314.1983  loss: 65.3284  decode.loss_cls: 1.9060  decode.loss_mask: 1.7478  decode.loss_dice: 2.4830  decode.d0.loss_cls: 5.2820  decode.d0.loss_mask: 1.6771  decode.d0.loss_dice: 2.7837  decode.d1.loss_cls: 2.1153  decode.d1.loss_mask: 1.7472  decode.d1.loss_dice: 2.6133  decode.d2.loss_cls: 1.9163  decode.d2.loss_mask: 1.7796  decode.d2.loss_dice: 2.5828  decode.d3.loss_cls: 1.8400  decode.d3.loss_mask: 1.7506  decode.d3.loss_dice: 2.4796  decode.d4.loss_cls: 1.8557  decode.d4.loss_mask: 1.7542  decode.d4.loss_dice: 2.4936  decode.d5.loss_cls: 1.8656  decode.d5.loss_mask: 1.7393  decode.d5.loss_dice: 2.4755  decode.d6.loss_cls: 1.9167  decode.d6.loss_mask: 1.7716  decode.d6.loss_dice: 2.4878  decode.d7.loss_cls: 1.8924  decode.d7.loss_mask: 1.7754  decode.d7.loss_dice: 2.4815  decode.d8.loss_cls: 1.8778  decode.d8.loss_mask: 1.7561  decode.d8.loss_dice: 2.4808
2026/06/16 16:05:31 - mmengine - INFO - Iter(train) [ 1250/20000]  base_lr: 8.3339e-05 lr: 8.3339e-05  eta: 18:38:58  time: 3.5678  data_time: 0.0314  memory: 8724  grad_norm: 285.2378  loss: 65.4417  decode.loss_cls: 1.8872  decode.loss_mask: 1.8171  decode.loss_dice: 2.4863  decode.d0.loss_cls: 5.3224  decode.d0.loss_mask: 1.7591  decode.d0.loss_dice: 2.7130  decode.d1.loss_cls: 1.9679  decode.d1.loss_mask: 1.8139  decode.d1.loss_dice: 2.5514  decode.d2.loss_cls: 1.8780  decode.d2.loss_mask: 1.8687  decode.d2.loss_dice: 2.5452  decode.d3.loss_cls: 1.8073  decode.d3.loss_mask: 1.8520  decode.d3.loss_dice: 2.4510  decode.d4.loss_cls: 1.8204  decode.d4.loss_mask: 1.8306  decode.d4.loss_dice: 2.4503  decode.d5.loss_cls: 1.8664  decode.d5.loss_mask: 1.7998  decode.d5.loss_dice: 2.4710  decode.d6.loss_cls: 1.8662  decode.d6.loss_mask: 1.7941  decode.d6.loss_dice: 2.4704  decode.d7.loss_cls: 1.8667  decode.d7.loss_mask: 1.8248  decode.d7.loss_dice: 2.4801  decode.d8.loss_cls: 1.9102  decode.d8.loss_mask: 1.7964  decode.d8.loss_dice: 2.4738
2026/06/16 16:08:29 - mmengine - INFO - Iter(train) [ 1300/20000]  base_lr: 8.6671e-05 lr: 8.6671e-05  eta: 18:35:53  time: 3.5747  data_time: 0.0319  memory: 8724  grad_norm: 303.0908  loss: 62.3984  decode.loss_cls: 1.7144  decode.loss_mask: 1.7362  decode.loss_dice: 2.4178  decode.d0.loss_cls: 5.2438  decode.d0.loss_mask: 1.6688  decode.d0.loss_dice: 2.6803  decode.d1.loss_cls: 1.8687  decode.d1.loss_mask: 1.6858  decode.d1.loss_dice: 2.4743  decode.d2.loss_cls: 1.8119  decode.d2.loss_mask: 1.7031  decode.d2.loss_dice: 2.4160  decode.d3.loss_cls: 1.7342  decode.d3.loss_mask: 1.7303  decode.d3.loss_dice: 2.3642  decode.d4.loss_cls: 1.6941  decode.d4.loss_mask: 1.6944  decode.d4.loss_dice: 2.3958  decode.d5.loss_cls: 1.7578  decode.d5.loss_mask: 1.6876  decode.d5.loss_dice: 2.3862  decode.d6.loss_cls: 1.7542  decode.d6.loss_mask: 1.7025  decode.d6.loss_dice: 2.3775  decode.d7.loss_cls: 1.7528  decode.d7.loss_mask: 1.7120  decode.d7.loss_dice: 2.3808  decode.d8.loss_cls: 1.7502  decode.d8.loss_mask: 1.7015  decode.d8.loss_dice: 2.4011
2026/06/16 16:11:28 - mmengine - INFO - Iter(train) [ 1350/20000]  base_lr: 9.0003e-05 lr: 9.0003e-05  eta: 18:32:51  time: 3.5626  data_time: 0.0275  memory: 8724  grad_norm: 279.4346  loss: 62.9080  decode.loss_cls: 1.5963  decode.loss_mask: 1.8635  decode.loss_dice: 2.5008  decode.d0.loss_cls: 5.1388  decode.d0.loss_mask: 1.7356  decode.d0.loss_dice: 2.6586  decode.d1.loss_cls: 1.7964  decode.d1.loss_mask: 1.8024  decode.d1.loss_dice: 2.5107  decode.d2.loss_cls: 1.6101  decode.d2.loss_mask: 1.8456  decode.d2.loss_dice: 2.5285  decode.d3.loss_cls: 1.5557  decode.d3.loss_mask: 1.8348  decode.d3.loss_dice: 2.4496  decode.d4.loss_cls: 1.5800  decode.d4.loss_mask: 1.8221  decode.d4.loss_dice: 2.4676  decode.d5.loss_cls: 1.6056  decode.d5.loss_mask: 1.8214  decode.d5.loss_dice: 2.4644  decode.d6.loss_cls: 1.6123  decode.d6.loss_mask: 1.8196  decode.d6.loss_dice: 2.4525  decode.d7.loss_cls: 1.6486  decode.d7.loss_mask: 1.8085  decode.d7.loss_dice: 2.4554  decode.d8.loss_cls: 1.6142  decode.d8.loss_mask: 1.8329  decode.d8.loss_dice: 2.4756
2026/06/16 16:14:27 - mmengine - INFO - Iter(train) [ 1400/20000]  base_lr: 9.3336e-05 lr: 9.3336e-05  eta: 18:29:50  time: 3.5755  data_time: 0.0285  memory: 8724  grad_norm: 273.5849  loss: 57.1264  decode.loss_cls: 1.3843  decode.loss_mask: 1.7306  decode.loss_dice: 2.2153  decode.d0.loss_cls: 5.0455  decode.d0.loss_mask: 1.6522  decode.d0.loss_dice: 2.4464  decode.d1.loss_cls: 1.6037  decode.d1.loss_mask: 1.6928  decode.d1.loss_dice: 2.2690  decode.d2.loss_cls: 1.4711  decode.d2.loss_mask: 1.7135  decode.d2.loss_dice: 2.2505  decode.d3.loss_cls: 1.3787  decode.d3.loss_mask: 1.7126  decode.d3.loss_dice: 2.1903  decode.d4.loss_cls: 1.3388  decode.d4.loss_mask: 1.7101  decode.d4.loss_dice: 2.1894  decode.d5.loss_cls: 1.3932  decode.d5.loss_mask: 1.7110  decode.d5.loss_dice: 2.1863  decode.d6.loss_cls: 1.3410  decode.d6.loss_mask: 1.7395  decode.d6.loss_dice: 2.1811  decode.d7.loss_cls: 1.3433  decode.d7.loss_mask: 1.7317  decode.d7.loss_dice: 2.2041  decode.d8.loss_cls: 1.3557  decode.d8.loss_mask: 1.7370  decode.d8.loss_dice: 2.2076
2026/06/16 16:17:25 - mmengine - INFO - Iter(train) [ 1450/20000]  base_lr: 9.6668e-05 lr: 9.6668e-05  eta: 18:26:38  time: 3.5660  data_time: 0.0247  memory: 8724  grad_norm: 335.1407  loss: 61.0142  decode.loss_cls: 1.5347  decode.loss_mask: 1.8083  decode.loss_dice: 2.3836  decode.d0.loss_cls: 4.9277  decode.d0.loss_mask: 1.7054  decode.d0.loss_dice: 2.6299  decode.d1.loss_cls: 1.5929  decode.d1.loss_mask: 1.8228  decode.d1.loss_dice: 2.4822  decode.d2.loss_cls: 1.4943  decode.d2.loss_mask: 1.8236  decode.d2.loss_dice: 2.4265  decode.d3.loss_cls: 1.4556  decode.d3.loss_mask: 1.8196  decode.d3.loss_dice: 2.4110  decode.d4.loss_cls: 1.4776  decode.d4.loss_mask: 1.8234  decode.d4.loss_dice: 2.4174  decode.d5.loss_cls: 1.5020  decode.d5.loss_mask: 1.8054  decode.d5.loss_dice: 2.4227  decode.d6.loss_cls: 1.5556  decode.d6.loss_mask: 1.8220  decode.d6.loss_dice: 2.3930  decode.d7.loss_cls: 1.5420  decode.d7.loss_mask: 1.7987  decode.d7.loss_dice: 2.4136  decode.d8.loss_cls: 1.5458  decode.d8.loss_mask: 1.7897  decode.d8.loss_dice: 2.3874
2026/06/16 16:20:23 - mmengine - INFO - Iter(train) [ 1500/20000]  base_lr: 1.0000e-04 lr: 1.0000e-04  eta: 18:23:26  time: 3.5509  data_time: 0.0256  memory: 8724  grad_norm: 316.0168  loss: 56.7805  decode.loss_cls: 1.2847  decode.loss_mask: 1.8619  decode.loss_dice: 2.1849  decode.d0.loss_cls: 4.8682  decode.d0.loss_mask: 1.7654  decode.d0.loss_dice: 2.4478  decode.d1.loss_cls: 1.3915  decode.d1.loss_mask: 1.8224  decode.d1.loss_dice: 2.2289  decode.d2.loss_cls: 1.2544  decode.d2.loss_mask: 1.8447  decode.d2.loss_dice: 2.2001  decode.d3.loss_cls: 1.2898  decode.d3.loss_mask: 1.8305  decode.d3.loss_dice: 2.1241  decode.d4.loss_cls: 1.3155  decode.d4.loss_mask: 1.8211  decode.d4.loss_dice: 2.1414  decode.d5.loss_cls: 1.3111  decode.d5.loss_mask: 1.8122  decode.d5.loss_dice: 2.1395  decode.d6.loss_cls: 1.3264  decode.d6.loss_mask: 1.8031  decode.d6.loss_dice: 2.1141  decode.d7.loss_cls: 1.3095  decode.d7.loss_mask: 1.8586  decode.d7.loss_dice: 2.1212  decode.d8.loss_cls: 1.2893  decode.d8.loss_mask: 1.8732  decode.d8.loss_dice: 2.1450
2026/06/16 16:23:21 - mmengine - INFO - Iter(train) [ 1550/20000]  base_lr: 9.9762e-05 lr: 9.9762e-05  eta: 18:20:22  time: 3.5517  data_time: 0.0265  memory: 8724  grad_norm: 245.2426  loss: 59.0906  decode.loss_cls: 1.7155  decode.loss_mask: 1.6075  decode.loss_dice: 2.2887  decode.d0.loss_cls: 4.8683  decode.d0.loss_mask: 1.5770  decode.d0.loss_dice: 2.4763  decode.d1.loss_cls: 1.7323  decode.d1.loss_mask: 1.6481  decode.d1.loss_dice: 2.3110  decode.d2.loss_cls: 1.6309  decode.d2.loss_mask: 1.6344  decode.d2.loss_dice: 2.2876  decode.d3.loss_cls: 1.6153  decode.d3.loss_mask: 1.6476  decode.d3.loss_dice: 2.2248  decode.d4.loss_cls: 1.6157  decode.d4.loss_mask: 1.6379  decode.d4.loss_dice: 2.2516  decode.d5.loss_cls: 1.6339  decode.d5.loss_mask: 1.6290  decode.d5.loss_dice: 2.2571  decode.d6.loss_cls: 1.6744  decode.d6.loss_mask: 1.6669  decode.d6.loss_dice: 2.2719  decode.d7.loss_cls: 1.6733  decode.d7.loss_mask: 1.6616  decode.d7.loss_dice: 2.2790  decode.d8.loss_cls: 1.6766  decode.d8.loss_mask: 1.6204  decode.d8.loss_dice: 2.2759
2026/06/16 16:26:19 - mmengine - INFO - Iter(train) [ 1600/20000]  base_lr: 9.9518e-05 lr: 9.9518e-05  eta: 18:17:13  time: 3.5709  data_time: 0.0267  memory: 8724  grad_norm: 237.1513  loss: 56.2945  decode.loss_cls: 1.3231  decode.loss_mask: 1.7945  decode.loss_dice: 2.1681  decode.d0.loss_cls: 4.7503  decode.d0.loss_mask: 1.7121  decode.d0.loss_dice: 2.3547  decode.d1.loss_cls: 1.4940  decode.d1.loss_mask: 1.7450  decode.d1.loss_dice: 2.1795  decode.d2.loss_cls: 1.3387  decode.d2.loss_mask: 1.7691  decode.d2.loss_dice: 2.1818  decode.d3.loss_cls: 1.2316  decode.d3.loss_mask: 1.7762  decode.d3.loss_dice: 2.1597  decode.d4.loss_cls: 1.2946  decode.d4.loss_mask: 1.7799  decode.d4.loss_dice: 2.1597  decode.d5.loss_cls: 1.3745  decode.d5.loss_mask: 1.7721  decode.d5.loss_dice: 2.1143  decode.d6.loss_cls: 1.3679  decode.d6.loss_mask: 1.7776  decode.d6.loss_dice: 2.1051  decode.d7.loss_cls: 1.3930  decode.d7.loss_mask: 1.7657  decode.d7.loss_dice: 2.1235  decode.d8.loss_cls: 1.3222  decode.d8.loss_mask: 1.8200  decode.d8.loss_dice: 2.1462
2026/06/16 16:29:18 - mmengine - INFO - Iter(train) [ 1650/20000]  base_lr: 9.9275e-05 lr: 9.9275e-05  eta: 18:14:07  time: 3.5767  data_time: 0.0274  memory: 8724  grad_norm: 244.3923  loss: 54.3623  decode.loss_cls: 1.3753  decode.loss_mask: 1.6532  decode.loss_dice: 2.0394  decode.d0.loss_cls: 4.5126  decode.d0.loss_mask: 1.6368  decode.d0.loss_dice: 2.2845  decode.d1.loss_cls: 1.5201  decode.d1.loss_mask: 1.6614  decode.d1.loss_dice: 2.1177  decode.d2.loss_cls: 1.3782  decode.d2.loss_mask: 1.6502  decode.d2.loss_dice: 2.0661  decode.d3.loss_cls: 1.3535  decode.d3.loss_mask: 1.6720  decode.d3.loss_dice: 2.0344  decode.d4.loss_cls: 1.3903  decode.d4.loss_mask: 1.6681  decode.d4.loss_dice: 2.0338  decode.d5.loss_cls: 1.3525  decode.d5.loss_mask: 1.6583  decode.d5.loss_dice: 2.0592  decode.d6.loss_cls: 1.3986  decode.d6.loss_mask: 1.6378  decode.d6.loss_dice: 2.0370  decode.d7.loss_cls: 1.3877  decode.d7.loss_mask: 1.6564  decode.d7.loss_dice: 2.0450  decode.d8.loss_cls: 1.3639  decode.d8.loss_mask: 1.6556  decode.d8.loss_dice: 2.0627
2026/06/16 16:32:16 - mmengine - INFO - Iter(train) [ 1700/20000]  base_lr: 9.9031e-05 lr: 9.9031e-05  eta: 18:11:02  time: 3.5530  data_time: 0.0301  memory: 8724  grad_norm: 277.3923  loss: 56.5751  decode.loss_cls: 1.3869  decode.loss_mask: 1.6465  decode.loss_dice: 2.2292  decode.d0.loss_cls: 4.6255  decode.d0.loss_mask: 1.6226  decode.d0.loss_dice: 2.4639  decode.d1.loss_cls: 1.5464  decode.d1.loss_mask: 1.6596  decode.d1.loss_dice: 2.3062  decode.d2.loss_cls: 1.4058  decode.d2.loss_mask: 1.6893  decode.d2.loss_dice: 2.2699  decode.d3.loss_cls: 1.3702  decode.d3.loss_mask: 1.6702  decode.d3.loss_dice: 2.2432  decode.d4.loss_cls: 1.4137  decode.d4.loss_mask: 1.6520  decode.d4.loss_dice: 2.2425  decode.d5.loss_cls: 1.3830  decode.d5.loss_mask: 1.6620  decode.d5.loss_dice: 2.2383  decode.d6.loss_cls: 1.3945  decode.d6.loss_mask: 1.6569  decode.d6.loss_dice: 2.2016  decode.d7.loss_cls: 1.4254  decode.d7.loss_mask: 1.6633  decode.d7.loss_dice: 2.2296  decode.d8.loss_cls: 1.3774  decode.d8.loss_mask: 1.6653  decode.d8.loss_dice: 2.2342
2026/06/16 16:35:15 - mmengine - INFO - Iter(train) [ 1750/20000]  base_lr: 9.8788e-05 lr: 9.8788e-05  eta: 18:08:00  time: 3.5551  data_time: 0.0312  memory: 8724  grad_norm: 244.2641  loss: 59.3663  decode.loss_cls: 1.6065  decode.loss_mask: 1.6524  decode.loss_dice: 2.4067  decode.d0.loss_cls: 4.4576  decode.d0.loss_mask: 1.5870  decode.d0.loss_dice: 2.6428  decode.d1.loss_cls: 1.6719  decode.d1.loss_mask: 1.5963  decode.d1.loss_dice: 2.4969  decode.d2.loss_cls: 1.5627  decode.d2.loss_mask: 1.6278  decode.d2.loss_dice: 2.4584  decode.d3.loss_cls: 1.5073  decode.d3.loss_mask: 1.6232  decode.d3.loss_dice: 2.4128  decode.d4.loss_cls: 1.5549  decode.d4.loss_mask: 1.6313  decode.d4.loss_dice: 2.4034  decode.d5.loss_cls: 1.6290  decode.d5.loss_mask: 1.6229  decode.d5.loss_dice: 2.3844  decode.d6.loss_cls: 1.6110  decode.d6.loss_mask: 1.6284  decode.d6.loss_dice: 2.3951  decode.d7.loss_cls: 1.5051  decode.d7.loss_mask: 1.6605  decode.d7.loss_dice: 2.4431  decode.d8.loss_cls: 1.5121  decode.d8.loss_mask: 1.6481  decode.d8.loss_dice: 2.4269
2026/06/16 16:38:14 - mmengine - INFO - Iter(train) [ 1800/20000]  base_lr: 9.8544e-05 lr: 9.8544e-05  eta: 18:05:03  time: 3.5902  data_time: 0.0341  memory: 8724  grad_norm: 314.3212  loss: 53.4323  decode.loss_cls: 1.1668  decode.loss_mask: 1.6835  decode.loss_dice: 2.1214  decode.d0.loss_cls: 4.3304  decode.d0.loss_mask: 1.6944  decode.d0.loss_dice: 2.3052  decode.d1.loss_cls: 1.2854  decode.d1.loss_mask: 1.7246  decode.d1.loss_dice: 2.2010  decode.d2.loss_cls: 1.2000  decode.d2.loss_mask: 1.7053  decode.d2.loss_dice: 2.1499  decode.d3.loss_cls: 1.1331  decode.d3.loss_mask: 1.6983  decode.d3.loss_dice: 2.1287  decode.d4.loss_cls: 1.1996  decode.d4.loss_mask: 1.6769  decode.d4.loss_dice: 2.1024  decode.d5.loss_cls: 1.2142  decode.d5.loss_mask: 1.6742  decode.d5.loss_dice: 2.0856  decode.d6.loss_cls: 1.2311  decode.d6.loss_mask: 1.6857  decode.d6.loss_dice: 2.0716  decode.d7.loss_cls: 1.1980  decode.d7.loss_mask: 1.6883  decode.d7.loss_dice: 2.0804  decode.d8.loss_cls: 1.1737  decode.d8.loss_mask: 1.7043  decode.d8.loss_dice: 2.1184
2026/06/16 16:41:13 - mmengine - INFO - Iter(train) [ 1850/20000]  base_lr: 9.8300e-05 lr: 9.8300e-05  eta: 18:02:06  time: 3.5856  data_time: 0.0337  memory: 8724  grad_norm: 236.6959  loss: 51.7177  decode.loss_cls: 1.1041  decode.loss_mask: 1.6757  decode.loss_dice: 2.0586  decode.d0.loss_cls: 4.2233  decode.d0.loss_mask: 1.6192  decode.d0.loss_dice: 2.2275  decode.d1.loss_cls: 1.2041  decode.d1.loss_mask: 1.6584  decode.d1.loss_dice: 2.1146  decode.d2.loss_cls: 1.1627  decode.d2.loss_mask: 1.6735  decode.d2.loss_dice: 2.0829  decode.d3.loss_cls: 0.9942  decode.d3.loss_mask: 1.6801  decode.d3.loss_dice: 2.0706  decode.d4.loss_cls: 1.0806  decode.d4.loss_mask: 1.6752  decode.d4.loss_dice: 2.0459  decode.d5.loss_cls: 1.0946  decode.d5.loss_mask: 1.6770  decode.d5.loss_dice: 2.0654  decode.d6.loss_cls: 1.1289  decode.d6.loss_mask: 1.6612  decode.d6.loss_dice: 2.0388  decode.d7.loss_cls: 1.1175  decode.d7.loss_mask: 1.6721  decode.d7.loss_dice: 2.0404  decode.d8.loss_cls: 1.1195  decode.d8.loss_mask: 1.6884  decode.d8.loss_dice: 2.0627
2026/06/16 16:44:11 - mmengine - INFO - Iter(train) [ 1900/20000]  base_lr: 9.8057e-05 lr: 9.8057e-05  eta: 17:59:06  time: 3.5857  data_time: 0.0308  memory: 8724  grad_norm: 219.0734  loss: 55.0204  decode.loss_cls: 1.3052  decode.loss_mask: 1.6713  decode.loss_dice: 2.1587  decode.d0.loss_cls: 4.2031  decode.d0.loss_mask: 1.6869  decode.d0.loss_dice: 2.4391  decode.d1.loss_cls: 1.4205  decode.d1.loss_mask: 1.6649  decode.d1.loss_dice: 2.2798  decode.d2.loss_cls: 1.3364  decode.d2.loss_mask: 1.6651  decode.d2.loss_dice: 2.2334  decode.d3.loss_cls: 1.2898  decode.d3.loss_mask: 1.7058  decode.d3.loss_dice: 2.1710  decode.d4.loss_cls: 1.2803  decode.d4.loss_mask: 1.7064  decode.d4.loss_dice: 2.1810  decode.d5.loss_cls: 1.2820  decode.d5.loss_mask: 1.7026  decode.d5.loss_dice: 2.1782  decode.d6.loss_cls: 1.3074  decode.d6.loss_mask: 1.7083  decode.d6.loss_dice: 2.1663  decode.d7.loss_cls: 1.2679  decode.d7.loss_mask: 1.6894  decode.d7.loss_dice: 2.1750  decode.d8.loss_cls: 1.3153  decode.d8.loss_mask: 1.6767  decode.d8.loss_dice: 2.1526
2026/06/16 16:47:11 - mmengine - INFO - Iter(train) [ 1950/20000]  base_lr: 9.7813e-05 lr: 9.7813e-05  eta: 17:56:12  time: 3.5894  data_time: 0.0318  memory: 8724  grad_norm: 250.6921  loss: 55.7726  decode.loss_cls: 1.4931  decode.loss_mask: 1.6370  decode.loss_dice: 2.1511  decode.d0.loss_cls: 4.1681  decode.d0.loss_mask: 1.6398  decode.d0.loss_dice: 2.3934  decode.d1.loss_cls: 1.5290  decode.d1.loss_mask: 1.6375  decode.d1.loss_dice: 2.2272  decode.d2.loss_cls: 1.4361  decode.d2.loss_mask: 1.6774  decode.d2.loss_dice: 2.1983  decode.d3.loss_cls: 1.3874  decode.d3.loss_mask: 1.6649  decode.d3.loss_dice: 2.1489  decode.d4.loss_cls: 1.4023  decode.d4.loss_mask: 1.6825  decode.d4.loss_dice: 2.1920  decode.d5.loss_cls: 1.4295  decode.d5.loss_mask: 1.6770  decode.d5.loss_dice: 2.1891  decode.d6.loss_cls: 1.4448  decode.d6.loss_mask: 1.6674  decode.d6.loss_dice: 2.1593  decode.d7.loss_cls: 1.4278  decode.d7.loss_mask: 1.6506  decode.d7.loss_dice: 2.1818  decode.d8.loss_cls: 1.4421  decode.d8.loss_mask: 1.6690  decode.d8.loss_dice: 2.1682
2026/06/16 16:50:10 - mmengine - INFO - Exp name: dinov3l_m2f_pastis_temporal_v4_20260616_144812
2026/06/16 16:50:10 - mmengine - INFO - Iter(train) [ 2000/20000]  base_lr: 9.7569e-05 lr: 9.7569e-05  eta: 17:53:12  time: 3.5708  data_time: 0.0322  memory: 8724  grad_norm: 210.9272  loss: 51.6559  decode.loss_cls: 1.2092  decode.loss_mask: 1.5753  decode.loss_dice: 2.0306  decode.d0.loss_cls: 3.9747  decode.d0.loss_mask: 1.5561  decode.d0.loss_dice: 2.2270  decode.d1.loss_cls: 1.3348  decode.d1.loss_mask: 1.6081  decode.d1.loss_dice: 2.1026  decode.d2.loss_cls: 1.2447  decode.d2.loss_mask: 1.5753  decode.d2.loss_dice: 2.0408  decode.d3.loss_cls: 1.2472  decode.d3.loss_mask: 1.5579  decode.d3.loss_dice: 2.0031  decode.d4.loss_cls: 1.2473  decode.d4.loss_mask: 1.5794  decode.d4.loss_dice: 2.0568  decode.d5.loss_cls: 1.2734  decode.d5.loss_mask: 1.5586  decode.d5.loss_dice: 2.0394  decode.d6.loss_cls: 1.2585  decode.d6.loss_mask: 1.5640  decode.d6.loss_dice: 2.0290  decode.d7.loss_cls: 1.2482  decode.d7.loss_mask: 1.5752  decode.d7.loss_dice: 2.0603  decode.d8.loss_cls: 1.2385  decode.d8.loss_mask: 1.5801  decode.d8.loss_dice: 2.0598
2026/06/16 16:50:10 - mmengine - INFO - Saving checkpoint at 2000 iterations
2026/06/16 16:51:37 - mmengine - INFO - Iter(val) [ 50/121]    eta: 0:01:38  time: 1.1844  data_time: 0.0261  memory: 6229  
2026/06/16 16:52:40 - mmengine - INFO - Iter(val) [100/121]    eta: 0:00:27  time: 1.1836  data_time: 0.0260  memory: 6229  
2026/06/16 16:53:04 - mmengine - INFO - per class results:
2026/06/16 16:53:04 - mmengine - INFO - 
+---------+-------+-------+
|  Class  |  IoU  |  Acc  |
+---------+-------+-------+
|  crop_1 | 71.41 | 81.94 |
|  crop_2 |  61.7 | 79.92 |
|  crop_3 | 64.68 | 71.55 |
|  crop_4 | 78.44 |  91.1 |
|  crop_5 | 33.76 | 90.21 |
|  crop_6 | 78.16 | 90.61 |
|  crop_7 |  0.54 |  0.55 |
|  crop_8 |  2.63 |  2.84 |
|  crop_9 | 30.66 | 38.94 |
| crop_10 |  55.9 | 80.79 |
| crop_11 | 12.83 |  17.6 |
| crop_12 | 28.71 | 34.09 |
| crop_13 | 18.45 | 43.91 |
| crop_14 |  0.0  |  0.0  |
| crop_15 | 18.74 |  33.0 |
| crop_16 | 32.06 | 49.11 |
| crop_17 |  24.3 | 36.69 |
| crop_18 | 11.81 | 14.58 |
| crop_19 |  2.44 |  3.01 |
+---------+-------+-------+
2026/06/16 16:53:04 - mmengine - INFO - Iter(val) [121/121]    aAcc: 75.2500  mIoU: 33.0100  mAcc: 45.2900  data_time: 0.1368  time: 1.2958
2026/06/16 16:53:04 - mmengine - INFO - The previous best checkpoint /mnt/ht2-nas2/00-model/00-fb/mmseg_dino/work_dirs/dinov3l_m2f_pastis_temporal_v4/best_mIoU_iter_1000.pth is removed
2026/06/16 16:53:12 - mmengine - INFO - The best checkpoint with 33.0100 mIoU at 2000 iter is saved to best_mIoU_iter_2000.pth.
2026/06/16 16:56:33 - mmengine - INFO - Iter(train) [ 2050/20000]  base_lr: 9.7325e-05 lr: 9.7325e-05  eta: 17:54:40  time: 3.5924  data_time: 0.0369  memory: 8724  grad_norm: 237.5840  loss: 55.8665  decode.loss_cls: 1.3609  decode.loss_mask: 1.6602  decode.loss_dice: 2.3101  decode.d0.loss_cls: 3.8917  decode.d0.loss_mask: 1.6475  decode.d0.loss_dice: 2.4734  decode.d1.loss_cls: 1.4253  decode.d1.loss_mask: 1.6405  decode.d1.loss_dice: 2.3769  decode.d2.loss_cls: 1.3545  decode.d2.loss_mask: 1.6507  decode.d2.loss_dice: 2.3558  decode.d3.loss_cls: 1.3170  decode.d3.loss_mask: 1.6406  decode.d3.loss_dice: 2.3430  decode.d4.loss_cls: 1.3236  decode.d4.loss_mask: 1.6568  decode.d4.loss_dice: 2.3268  decode.d5.loss_cls: 1.3203  decode.d5.loss_mask: 1.6523  decode.d5.loss_dice: 2.3160  decode.d6.loss_cls: 1.2903  decode.d6.loss_mask: 1.6567  decode.d6.loss_dice: 2.3134  decode.d7.loss_cls: 1.3042  decode.d7.loss_mask: 1.6571  decode.d7.loss_dice: 2.3129  decode.d8.loss_cls: 1.2851  decode.d8.loss_mask: 1.6644  decode.d8.loss_dice: 2.3384
2026/06/16 16:59:33 - mmengine - INFO - Iter(train) [ 2100/20000]  base_lr: 9.7081e-05 lr: 9.7081e-05  eta: 17:51:37  time: 3.5916  data_time: 0.0352  memory: 8724  grad_norm: 212.0479  loss: 51.1285  decode.loss_cls: 1.1336  decode.loss_mask: 1.6505  decode.loss_dice: 2.0489  decode.d0.loss_cls: 3.7838  decode.d0.loss_mask: 1.6336  decode.d0.loss_dice: 2.1998  decode.d1.loss_cls: 1.2243  decode.d1.loss_mask: 1.6272  decode.d1.loss_dice: 2.0664  decode.d2.loss_cls: 1.1608  decode.d2.loss_mask: 1.6519  decode.d2.loss_dice: 2.0438  decode.d3.loss_cls: 1.1459  decode.d3.loss_mask: 1.6322  decode.d3.loss_dice: 1.9974  decode.d4.loss_cls: 1.1157  decode.d4.loss_mask: 1.6390  decode.d4.loss_dice: 2.0375  decode.d5.loss_cls: 1.1654  decode.d5.loss_mask: 1.6428  decode.d5.loss_dice: 2.0175  decode.d6.loss_cls: 1.1881  decode.d6.loss_mask: 1.6304  decode.d6.loss_dice: 2.0171  decode.d7.loss_cls: 1.1600  decode.d7.loss_mask: 1.6585  decode.d7.loss_dice: 2.0267  decode.d8.loss_cls: 1.1269  decode.d8.loss_mask: 1.6510  decode.d8.loss_dice: 2.0517
2026/06/16 17:02:31 - mmengine - INFO - Iter(train) [ 2150/20000]  base_lr: 9.6837e-05 lr: 9.6837e-05  eta: 17:48:31  time: 3.5732  data_time: 0.0339  memory: 8724  grad_norm: 212.9491  loss: 52.7285  decode.loss_cls: 1.2289  decode.loss_mask: 1.5600  decode.loss_dice: 2.1689  decode.d0.loss_cls: 3.8002  decode.d0.loss_mask: 1.5175  decode.d0.loss_dice: 2.3711  decode.d1.loss_cls: 1.3894  decode.d1.loss_mask: 1.5440  decode.d1.loss_dice: 2.2535  decode.d2.loss_cls: 1.2835  decode.d2.loss_mask: 1.5598  decode.d2.loss_dice: 2.2041  decode.d3.loss_cls: 1.2336  decode.d3.loss_mask: 1.5526  decode.d3.loss_dice: 2.1760  decode.d4.loss_cls: 1.2747  decode.d4.loss_mask: 1.5471  decode.d4.loss_dice: 2.1738  decode.d5.loss_cls: 1.2373  decode.d5.loss_mask: 1.5501  decode.d5.loss_dice: 2.1588  decode.d6.loss_cls: 1.2599  decode.d6.loss_mask: 1.5539  decode.d6.loss_dice: 2.1556  decode.d7.loss_cls: 1.2194  decode.d7.loss_mask: 1.5861  decode.d7.loss_dice: 2.1964  decode.d8.loss_cls: 1.2374  decode.d8.loss_mask: 1.5671  decode.d8.loss_dice: 2.1677
2026/06/16 17:05:31 - mmengine - INFO - Iter(train) [ 2200/20000]  base_lr: 9.6593e-05 lr: 9.6593e-05  eta: 17:45:28  time: 3.5879  data_time: 0.0341  memory: 8724  grad_norm: 261.8014  loss: 52.7403  decode.loss_cls: 1.3578  decode.loss_mask: 1.5762  decode.loss_dice: 2.0731  decode.d0.loss_cls: 3.7175  decode.d0.loss_mask: 1.5718  decode.d0.loss_dice: 2.2852  decode.d1.loss_cls: 1.3962  decode.d1.loss_mask: 1.6007  decode.d1.loss_dice: 2.1517  decode.d2.loss_cls: 1.3160  decode.d2.loss_mask: 1.6079  decode.d2.loss_dice: 2.1122  decode.d3.loss_cls: 1.2919  decode.d3.loss_mask: 1.5989  decode.d3.loss_dice: 2.0614  decode.d4.loss_cls: 1.2973  decode.d4.loss_mask: 1.6197  decode.d4.loss_dice: 2.0868  decode.d5.loss_cls: 1.3234  decode.d5.loss_mask: 1.6029  decode.d5.loss_dice: 2.0790  decode.d6.loss_cls: 1.3518  decode.d6.loss_mask: 1.5696  decode.d6.loss_dice: 2.0540  decode.d7.loss_cls: 1.3618  decode.d7.loss_mask: 1.5845  decode.d7.loss_dice: 2.0736  decode.d8.loss_cls: 1.3506  decode.d8.loss_mask: 1.5812  decode.d8.loss_dice: 2.0855
2026/06/16 17:08:30 - mmengine - INFO - Iter(train) [ 2250/20000]  base_lr: 9.6349e-05 lr: 9.6349e-05  eta: 17:42:25  time: 3.5878  data_time: 0.0341  memory: 8724  grad_norm: 233.0245  loss: 51.6004  decode.loss_cls: 1.1415  decode.loss_mask: 1.6411  decode.loss_dice: 2.1927  decode.d0.loss_cls: 3.5966  decode.d0.loss_mask: 1.5877  decode.d0.loss_dice: 2.2853  decode.d1.loss_cls: 1.1794  decode.d1.loss_mask: 1.6005  decode.d1.loss_dice: 2.2171  decode.d2.loss_cls: 1.0931  decode.d2.loss_mask: 1.5805  decode.d2.loss_dice: 2.1648  decode.d3.loss_cls: 1.0854  decode.d3.loss_mask: 1.6164  decode.d3.loss_dice: 2.1434  decode.d4.loss_cls: 1.0847  decode.d4.loss_mask: 1.6107  decode.d4.loss_dice: 2.1677  decode.d5.loss_cls: 1.1116  decode.d5.loss_mask: 1.6124  decode.d5.loss_dice: 2.1644  decode.d6.loss_cls: 1.0831  decode.d6.loss_mask: 1.6279  decode.d6.loss_dice: 2.1502  decode.d7.loss_cls: 1.0989  decode.d7.loss_mask: 1.6466  decode.d7.loss_dice: 2.1791  decode.d8.loss_cls: 1.0983  decode.d8.loss_mask: 1.6274  decode.d8.loss_dice: 2.2120
2026/06/16 17:11:29 - mmengine - INFO - Iter(train) [ 2300/20000]  base_lr: 9.6104e-05 lr: 9.6104e-05  eta: 17:39:25  time: 3.6013  data_time: 0.0359  memory: 8724  grad_norm: 238.8194  loss: 48.4826  decode.loss_cls: 1.0630  decode.loss_mask: 1.5519  decode.loss_dice: 1.9510  decode.d0.loss_cls: 3.4609  decode.d0.loss_mask: 1.5568  decode.d0.loss_dice: 2.1142  decode.d1.loss_cls: 1.1912  decode.d1.loss_mask: 1.5948  decode.d1.loss_dice: 2.0029  decode.d2.loss_cls: 1.0906  decode.d2.loss_mask: 1.5670  decode.d2.loss_dice: 1.9528  decode.d3.loss_cls: 1.0644  decode.d3.loss_mask: 1.5652  decode.d3.loss_dice: 1.9394  decode.d4.loss_cls: 1.0498  decode.d4.loss_mask: 1.5655  decode.d4.loss_dice: 1.9528  decode.d5.loss_cls: 1.1188  decode.d5.loss_mask: 1.5482  decode.d5.loss_dice: 1.9209  decode.d6.loss_cls: 1.0635  decode.d6.loss_mask: 1.5702  decode.d6.loss_dice: 1.9272  decode.d7.loss_cls: 1.0366  decode.d7.loss_mask: 1.5515  decode.d7.loss_dice: 1.9280  decode.d8.loss_cls: 1.0587  decode.d8.loss_mask: 1.5735  decode.d8.loss_dice: 1.9513
2026/06/16 17:14:28 - mmengine - INFO - Iter(train) [ 2350/20000]  base_lr: 9.5860e-05 lr: 9.5860e-05  eta: 17:36:23  time: 3.5908  data_time: 0.0376  memory: 8724  grad_norm: 277.1492  loss: 47.6120  decode.loss_cls: 1.1121  decode.loss_mask: 1.5157  decode.loss_dice: 1.8396  decode.d0.loss_cls: 3.3999  decode.d0.loss_mask: 1.5301  decode.d0.loss_dice: 2.0398  decode.d1.loss_cls: 1.2800  decode.d1.loss_mask: 1.5276  decode.d1.loss_dice: 1.9123  decode.d2.loss_cls: 1.2205  decode.d2.loss_mask: 1.4892  decode.d2.loss_dice: 1.8542  decode.d3.loss_cls: 1.1002  decode.d3.loss_mask: 1.4996  decode.d3.loss_dice: 1.8266  decode.d4.loss_cls: 1.1424  decode.d4.loss_mask: 1.5047  decode.d4.loss_dice: 1.8115  decode.d5.loss_cls: 1.1778  decode.d5.loss_mask: 1.5001  decode.d5.loss_dice: 1.8224  decode.d6.loss_cls: 1.1527  decode.d6.loss_mask: 1.4913  decode.d6.loss_dice: 1.8316  decode.d7.loss_cls: 1.1858  decode.d7.loss_mask: 1.4806  decode.d7.loss_dice: 1.8532  decode.d8.loss_cls: 1.1516  decode.d8.loss_mask: 1.4968  decode.d8.loss_dice: 1.8621
2026/06/16 17:17:28 - mmengine - INFO - Iter(train) [ 2400/20000]  base_lr: 9.5615e-05 lr: 9.5615e-05  eta: 17:33:22  time: 3.5700  data_time: 0.0351  memory: 8724  grad_norm: 275.7223  loss: 47.5664  decode.loss_cls: 0.9944  decode.loss_mask: 1.5798  decode.loss_dice: 1.9513  decode.d0.loss_cls: 3.2813  decode.d0.loss_mask: 1.6117  decode.d0.loss_dice: 2.1264  decode.d1.loss_cls: 1.0497  decode.d1.loss_mask: 1.6119  decode.d1.loss_dice: 2.0098  decode.d2.loss_cls: 0.9399  decode.d2.loss_mask: 1.5924  decode.d2.loss_dice: 1.9885  decode.d3.loss_cls: 0.9862  decode.d3.loss_mask: 1.5521  decode.d3.loss_dice: 1.9333  decode.d4.loss_cls: 0.9744  decode.d4.loss_mask: 1.5370  decode.d4.loss_dice: 1.9550  decode.d5.loss_cls: 1.0017  decode.d5.loss_mask: 1.5352  decode.d5.loss_dice: 1.9558  decode.d6.loss_cls: 0.9419  decode.d6.loss_mask: 1.5554  decode.d6.loss_dice: 1.9599  decode.d7.loss_cls: 0.9535  decode.d7.loss_mask: 1.5613  decode.d7.loss_dice: 1.9638  decode.d8.loss_cls: 0.9610  decode.d8.loss_mask: 1.5588  decode.d8.loss_dice: 1.9430
2026/06/16 17:20:28 - mmengine - INFO - Iter(train) [ 2450/20000]  base_lr: 9.5371e-05 lr: 9.5371e-05  eta: 17:30:24  time: 3.5976  data_time: 0.0340  memory: 8724  grad_norm: 246.4029  loss: 49.1157  decode.loss_cls: 1.1347  decode.loss_mask: 1.5563  decode.loss_dice: 1.9713  decode.d0.loss_cls: 3.3010  decode.d0.loss_mask: 1.5344  decode.d0.loss_dice: 2.1458  decode.d1.loss_cls: 1.2169  decode.d1.loss_mask: 1.5584  decode.d1.loss_dice: 2.0768  decode.d2.loss_cls: 1.1059  decode.d2.loss_mask: 1.5370  decode.d2.loss_dice: 2.0392  decode.d3.loss_cls: 1.1330  decode.d3.loss_mask: 1.5222  decode.d3.loss_dice: 1.9815  decode.d4.loss_cls: 1.1448  decode.d4.loss_mask: 1.5075  decode.d4.loss_dice: 1.9883  decode.d5.loss_cls: 1.1710  decode.d5.loss_mask: 1.5221  decode.d5.loss_dice: 1.9744  decode.d6.loss_cls: 1.1913  decode.d6.loss_mask: 1.5319  decode.d6.loss_dice: 1.9577  decode.d7.loss_cls: 1.1790  decode.d7.loss_mask: 1.5304  decode.d7.loss_dice: 1.9595  decode.d8.loss_cls: 1.1536  decode.d8.loss_mask: 1.5306  decode.d8.loss_dice: 1.9592
2026/06/16 17:23:27 - mmengine - INFO - Iter(train) [ 2500/20000]  base_lr: 9.5126e-05 lr: 9.5126e-05  eta: 17:27:24  time: 3.5680  data_time: 0.0349  memory: 8724  grad_norm: 228.9853  loss: 48.0658  decode.loss_cls: 0.9185  decode.loss_mask: 1.6260  decode.loss_dice: 2.0312  decode.d0.loss_cls: 3.1985  decode.d0.loss_mask: 1.5473  decode.d0.loss_dice: 2.1635  decode.d1.loss_cls: 0.9752  decode.d1.loss_mask: 1.5983  decode.d1.loss_dice: 2.1295  decode.d2.loss_cls: 0.9219  decode.d2.loss_mask: 1.5776  decode.d2.loss_dice: 2.0699  decode.d3.loss_cls: 0.8863  decode.d3.loss_mask: 1.5746  decode.d3.loss_dice: 2.0536  decode.d4.loss_cls: 0.9165  decode.d4.loss_mask: 1.5667  decode.d4.loss_dice: 2.0588  decode.d5.loss_cls: 0.9086  decode.d5.loss_mask: 1.5750  decode.d5.loss_dice: 2.0472  decode.d6.loss_cls: 0.8943  decode.d6.loss_mask: 1.6157  decode.d6.loss_dice: 2.0461  decode.d7.loss_cls: 0.8892  decode.d7.loss_mask: 1.6416  decode.d7.loss_dice: 2.0593  decode.d8.loss_cls: 0.9227  decode.d8.loss_mask: 1.6134  decode.d8.loss_dice: 2.0389
2026/06/16 17:26:27 - mmengine - INFO - Iter(train) [ 2550/20000]  base_lr: 9.4882e-05 lr: 9.4882e-05  eta: 17:24:23  time: 3.5950  data_time: 0.0341  memory: 8724  grad_norm: 249.3341  loss: 49.2770  decode.loss_cls: 1.0447  decode.loss_mask: 1.6675  decode.loss_dice: 2.0142  decode.d0.loss_cls: 3.1850  decode.d0.loss_mask: 1.6454  decode.d0.loss_dice: 2.1192  decode.d1.loss_cls: 1.1693  decode.d1.loss_mask: 1.7004  decode.d1.loss_dice: 2.0014  decode.d2.loss_cls: 1.0363  decode.d2.loss_mask: 1.6962  decode.d2.loss_dice: 2.0055  decode.d3.loss_cls: 1.0440  decode.d3.loss_mask: 1.6542  decode.d3.loss_dice: 1.9698  decode.d4.loss_cls: 0.9725  decode.d4.loss_mask: 1.6655  decode.d4.loss_dice: 1.9914  decode.d5.loss_cls: 0.9608  decode.d5.loss_mask: 1.6781  decode.d5.loss_dice: 1.9825  decode.d6.loss_cls: 1.0409  decode.d6.loss_mask: 1.6646  decode.d6.loss_dice: 1.9757  decode.d7.loss_cls: 1.0116  decode.d7.loss_mask: 1.6871  decode.d7.loss_dice: 2.0007  decode.d8.loss_cls: 1.0107  decode.d8.loss_mask: 1.6820  decode.d8.loss_dice: 2.0001
2026/06/16 17:29:26 - mmengine - INFO - Iter(train) [ 2600/20000]  base_lr: 9.4637e-05 lr: 9.4637e-05  eta: 17:21:23  time: 3.5797  data_time: 0.0353  memory: 8724  grad_norm: 202.0219  loss: 48.2380  decode.loss_cls: 1.0133  decode.loss_mask: 1.5677  decode.loss_dice: 2.0360  decode.d0.loss_cls: 3.1071  decode.d0.loss_mask: 1.5304  decode.d0.loss_dice: 2.1128  decode.d1.loss_cls: 1.2329  decode.d1.loss_mask: 1.5492  decode.d1.loss_dice: 2.0472  decode.d2.loss_cls: 1.0882  decode.d2.loss_mask: 1.5292  decode.d2.loss_dice: 2.0082  decode.d3.loss_cls: 1.0229  decode.d3.loss_mask: 1.5309  decode.d3.loss_dice: 2.0048  decode.d4.loss_cls: 1.0203  decode.d4.loss_mask: 1.5342  decode.d4.loss_dice: 2.0058  decode.d5.loss_cls: 1.0211  decode.d5.loss_mask: 1.5364  decode.d5.loss_dice: 2.0005  decode.d6.loss_cls: 1.0210  decode.d6.loss_mask: 1.5449  decode.d6.loss_dice: 2.0046  decode.d7.loss_cls: 1.0236  decode.d7.loss_mask: 1.5415  decode.d7.loss_dice: 2.0230  decode.d8.loss_cls: 0.9996  decode.d8.loss_mask: 1.5743  decode.d8.loss_dice: 2.0067
2026/06/16 17:32:25 - mmengine - INFO - Iter(train) [ 2650/20000]  base_lr: 9.4392e-05 lr: 9.4392e-05  eta: 17:18:22  time: 3.5627  data_time: 0.0350  memory: 8724  grad_norm: 217.5159  loss: 50.0257  decode.loss_cls: 1.1923  decode.loss_mask: 1.5759  decode.loss_dice: 2.0705  decode.d0.loss_cls: 3.0533  decode.d0.loss_mask: 1.5015  decode.d0.loss_dice: 2.2299  decode.d1.loss_cls: 1.1743  decode.d1.loss_mask: 1.5843  decode.d1.loss_dice: 2.1497  decode.d2.loss_cls: 1.1566  decode.d2.loss_mask: 1.5744  decode.d2.loss_dice: 2.1074  decode.d3.loss_cls: 1.1367  decode.d3.loss_mask: 1.5450  decode.d3.loss_dice: 2.0399  decode.d4.loss_cls: 1.1948  decode.d4.loss_mask: 1.5245  decode.d4.loss_dice: 2.0393  decode.d5.loss_cls: 1.2053  decode.d5.loss_mask: 1.5590  decode.d5.loss_dice: 2.0607  decode.d6.loss_cls: 1.1532  decode.d6.loss_mask: 1.5734  decode.d6.loss_dice: 2.0557  decode.d7.loss_cls: 1.1410  decode.d7.loss_mask: 1.5775  decode.d7.loss_dice: 2.0583  decode.d8.loss_cls: 1.1776  decode.d8.loss_mask: 1.5617  decode.d8.loss_dice: 2.0520
2026/06/16 17:35:24 - mmengine - INFO - Iter(train) [ 2700/20000]  base_lr: 9.4147e-05 lr: 9.4147e-05  eta: 17:15:20  time: 3.5807  data_time: 0.0352  memory: 8724  grad_norm: 173.5156  loss: 45.7311  decode.loss_cls: 1.0542  decode.loss_mask: 1.4772  decode.loss_dice: 1.8668  decode.d0.loss_cls: 2.8869  decode.d0.loss_mask: 1.4322  decode.d0.loss_dice: 2.0404  decode.d1.loss_cls: 1.1133  decode.d1.loss_mask: 1.4426  decode.d1.loss_dice: 1.9590  decode.d2.loss_cls: 0.9962  decode.d2.loss_mask: 1.4634  decode.d2.loss_dice: 1.8802  decode.d3.loss_cls: 1.0352  decode.d3.loss_mask: 1.4409  decode.d3.loss_dice: 1.8525  decode.d4.loss_cls: 1.0296  decode.d4.loss_mask: 1.4487  decode.d4.loss_dice: 1.8591  decode.d5.loss_cls: 1.0514  decode.d5.loss_mask: 1.4551  decode.d5.loss_dice: 1.8753  decode.d6.loss_cls: 1.0375  decode.d6.loss_mask: 1.4654  decode.d6.loss_dice: 1.8760  decode.d7.loss_cls: 1.0197  decode.d7.loss_mask: 1.4628  decode.d7.loss_dice: 1.8605  decode.d8.loss_cls: 1.0022  decode.d8.loss_mask: 1.4729  decode.d8.loss_dice: 1.8737
2026/06/16 17:38:24 - mmengine - INFO - Iter(train) [ 2750/20000]  base_lr: 9.3902e-05 lr: 9.3902e-05  eta: 17:12:19  time: 3.5838  data_time: 0.0344  memory: 8724  grad_norm: 224.4632  loss: 49.0320  decode.loss_cls: 0.9947  decode.loss_mask: 1.6379  decode.loss_dice: 2.0822  decode.d0.loss_cls: 2.8808  decode.d0.loss_mask: 1.5648  decode.d0.loss_dice: 2.2001  decode.d1.loss_cls: 1.1058  decode.d1.loss_mask: 1.5976  decode.d1.loss_dice: 2.1008  decode.d2.loss_cls: 0.9758  decode.d2.loss_mask: 1.6004  decode.d2.loss_dice: 2.1058  decode.d3.loss_cls: 0.9788  decode.d3.loss_mask: 1.5979  decode.d3.loss_dice: 2.0954  decode.d4.loss_cls: 0.9905  decode.d4.loss_mask: 1.5897  decode.d4.loss_dice: 2.0699  decode.d5.loss_cls: 0.9867  decode.d5.loss_mask: 1.5899  decode.d5.loss_dice: 2.0693  decode.d6.loss_cls: 1.0461  decode.d6.loss_mask: 1.6132  decode.d6.loss_dice: 2.0474  decode.d7.loss_cls: 1.0582  decode.d7.loss_mask: 1.6035  decode.d7.loss_dice: 2.0876  decode.d8.loss_cls: 1.0332  decode.d8.loss_mask: 1.6324  decode.d8.loss_dice: 2.0957
2026/06/16 17:41:22 - mmengine - INFO - Iter(train) [ 2800/20000]  base_lr: 9.3657e-05 lr: 9.3657e-05  eta: 17:09:13  time: 4.0832  data_time: 0.3132  memory: 8724  grad_norm: 231.0008  loss: 47.2241  decode.loss_cls: 0.9952  decode.loss_mask: 1.5629  decode.loss_dice: 1.9525  decode.d0.loss_cls: 2.7671  decode.d0.loss_mask: 1.5328  decode.d0.loss_dice: 2.1436  decode.d1.loss_cls: 1.1367  decode.d1.loss_mask: 1.5434  decode.d1.loss_dice: 2.0522  decode.d2.loss_cls: 0.9757  decode.d2.loss_mask: 1.5393  decode.d2.loss_dice: 1.9944  decode.d3.loss_cls: 0.9982  decode.d3.loss_mask: 1.5198  decode.d3.loss_dice: 1.9557  decode.d4.loss_cls: 1.0053  decode.d4.loss_mask: 1.5510  decode.d4.loss_dice: 1.9579  decode.d5.loss_cls: 1.0029  decode.d5.loss_mask: 1.5551  decode.d5.loss_dice: 1.9551  decode.d6.loss_cls: 1.0279  decode.d6.loss_mask: 1.5408  decode.d6.loss_dice: 1.9319  decode.d7.loss_cls: 1.0329  decode.d7.loss_mask: 1.5382  decode.d7.loss_dice: 1.9456  decode.d8.loss_cls: 1.0313  decode.d8.loss_mask: 1.5282  decode.d8.loss_dice: 1.9505
2026/06/16 17:44:26 - mmengine - INFO - Iter(train) [ 2850/20000]  base_lr: 9.3412e-05 lr: 9.3412e-05  eta: 17:06:41  time: 3.6399  data_time: 0.0350  memory: 8724  grad_norm: 154.0820  loss: 45.0824  decode.loss_cls: 0.9208  decode.loss_mask: 1.4534  decode.loss_dice: 1.9253  decode.d0.loss_cls: 2.5905  decode.d0.loss_mask: 1.4790  decode.d0.loss_dice: 2.0726  decode.d1.loss_cls: 0.9080  decode.d1.loss_mask: 1.4724  decode.d1.loss_dice: 1.9866  decode.d2.loss_cls: 0.9288  decode.d2.loss_mask: 1.4704  decode.d2.loss_dice: 1.9180  decode.d3.loss_cls: 0.9719  decode.d3.loss_mask: 1.4611  decode.d3.loss_dice: 1.8875  decode.d4.loss_cls: 0.9434  decode.d4.loss_mask: 1.4669  decode.d4.loss_dice: 1.8929  decode.d5.loss_cls: 0.9494  decode.d5.loss_mask: 1.4697  decode.d5.loss_dice: 1.9023  decode.d6.loss_cls: 0.9746  decode.d6.loss_mask: 1.4896  decode.d6.loss_dice: 1.8845  decode.d7.loss_cls: 0.9272  decode.d7.loss_mask: 1.4844  decode.d7.loss_dice: 1.9147  decode.d8.loss_cls: 0.9627  decode.d8.loss_mask: 1.4593  decode.d8.loss_dice: 1.9146
2026/06/16 17:47:28 - mmengine - INFO - Iter(train) [ 2900/20000]  base_lr: 9.3167e-05 lr: 9.3167e-05  eta: 17:03:55  time: 3.6393  data_time: 0.0356  memory: 8724  grad_norm: 221.2717  loss: 45.1773  decode.loss_cls: 0.9050  decode.loss_mask: 1.5216  decode.loss_dice: 1.8902  decode.d0.loss_cls: 2.5013  decode.d0.loss_mask: 1.5064  decode.d0.loss_dice: 2.0792  decode.d1.loss_cls: 1.0246  decode.d1.loss_mask: 1.4882  decode.d1.loss_dice: 1.9761  decode.d2.loss_cls: 0.9314  decode.d2.loss_mask: 1.4757  decode.d2.loss_dice: 1.9409  decode.d3.loss_cls: 0.9052  decode.d3.loss_mask: 1.4944  decode.d3.loss_dice: 1.8950  decode.d4.loss_cls: 0.9592  decode.d4.loss_mask: 1.4935  decode.d4.loss_dice: 1.9050  decode.d5.loss_cls: 0.9521  decode.d5.loss_mask: 1.5022  decode.d5.loss_dice: 1.8805  decode.d6.loss_cls: 0.8798  decode.d6.loss_mask: 1.5187  decode.d6.loss_dice: 1.8795  decode.d7.loss_cls: 0.9292  decode.d7.loss_mask: 1.5164  decode.d7.loss_dice: 1.8771  decode.d8.loss_cls: 0.9588  decode.d8.loss_mask: 1.5115  decode.d8.loss_dice: 1.8788
2026/06/16 17:50:30 - mmengine - INFO - Iter(train) [ 2950/20000]  base_lr: 9.2922e-05 lr: 9.2922e-05  eta: 17:01:09  time: 3.6406  data_time: 0.0361  memory: 8724  grad_norm: 181.9237  loss: 44.4891  decode.loss_cls: 0.8609  decode.loss_mask: 1.4608  decode.loss_dice: 1.9318  decode.d0.loss_cls: 2.4367  decode.d0.loss_mask: 1.4437  decode.d0.loss_dice: 2.0845  decode.d1.loss_cls: 0.9490  decode.d1.loss_mask: 1.4658  decode.d1.loss_dice: 1.9624  decode.d2.loss_cls: 0.8499  decode.d2.loss_mask: 1.4917  decode.d2.loss_dice: 1.9465  decode.d3.loss_cls: 0.8840  decode.d3.loss_mask: 1.4651  decode.d3.loss_dice: 1.8988  decode.d4.loss_cls: 0.9203  decode.d4.loss_mask: 1.4398  decode.d4.loss_dice: 1.9153  decode.d5.loss_cls: 0.9110  decode.d5.loss_mask: 1.4509  decode.d5.loss_dice: 1.9023  decode.d6.loss_cls: 0.9105  decode.d6.loss_mask: 1.4551  decode.d6.loss_dice: 1.8975  decode.d7.loss_cls: 0.9246  decode.d7.loss_mask: 1.4511  decode.d7.loss_dice: 1.9068  decode.d8.loss_cls: 0.9091  decode.d8.loss_mask: 1.4522  decode.d8.loss_dice: 1.9110
2026/06/16 17:53:32 - mmengine - INFO - Exp name: dinov3l_m2f_pastis_temporal_v4_20260616_144812
2026/06/16 17:53:32 - mmengine - INFO - Iter(train) [ 3000/20000]  base_lr: 9.2677e-05 lr: 9.2677e-05  eta: 16:58:22  time: 3.6353  data_time: 0.0360  memory: 8724  grad_norm: 188.9009  loss: 44.9287  decode.loss_cls: 0.9769  decode.loss_mask: 1.4675  decode.loss_dice: 1.8815  decode.d0.loss_cls: 2.4351  decode.d0.loss_mask: 1.4468  decode.d0.loss_dice: 2.0174  decode.d1.loss_cls: 1.0221  decode.d1.loss_mask: 1.4737  decode.d1.loss_dice: 1.9349  decode.d2.loss_cls: 0.9525  decode.d2.loss_mask: 1.4830  decode.d2.loss_dice: 1.9303  decode.d3.loss_cls: 0.9604  decode.d3.loss_mask: 1.4673  decode.d3.loss_dice: 1.8860  decode.d4.loss_cls: 0.9905  decode.d4.loss_mask: 1.4642  decode.d4.loss_dice: 1.8786  decode.d5.loss_cls: 0.9838  decode.d5.loss_mask: 1.4621  decode.d5.loss_dice: 1.8763  decode.d6.loss_cls: 0.9802  decode.d6.loss_mask: 1.4665  decode.d6.loss_dice: 1.8599  decode.d7.loss_cls: 0.9606  decode.d7.loss_mask: 1.4597  decode.d7.loss_dice: 1.8731  decode.d8.loss_cls: 0.9903  decode.d8.loss_mask: 1.4707  decode.d8.loss_dice: 1.8769
2026/06/16 17:54:32 - mmengine - INFO - Iter(val) [ 50/121]    eta: 0:01:25  time: 1.1809  data_time: 0.0281  memory: 6229  
2026/06/16 17:55:31 - mmengine - INFO - Iter(val) [100/121]    eta: 0:00:24  time: 1.1597  data_time: 0.0282  memory: 6229  
2026/06/16 17:55:54 - mmengine - INFO - per class results:
2026/06/16 17:55:54 - mmengine - INFO - 
+---------+-------+-------+
|  Class  |  IoU  |  Acc  |
+---------+-------+-------+
|  crop_1 | 72.54 | 86.44 |
|  crop_2 | 60.99 | 70.72 |
|  crop_3 | 72.53 | 85.73 |
|  crop_4 | 80.06 | 86.85 |
|  crop_5 | 67.41 | 74.84 |
|  crop_6 | 80.48 | 86.03 |
|  crop_7 | 20.63 | 38.18 |
|  crop_8 | 28.15 | 57.73 |
|  crop_9 |  41.2 | 73.72 |
| crop_10 | 51.56 | 53.05 |
| crop_11 | 27.76 |  46.5 |
| crop_12 | 31.34 | 41.77 |
| crop_13 | 16.37 | 21.38 |
| crop_14 |  8.14 | 10.24 |
| crop_15 |  34.1 | 52.06 |
| crop_16 |  44.6 | 80.29 |
| crop_17 | 11.77 | 13.06 |
| crop_18 | 22.55 | 46.39 |
| crop_19 |  1.62 |  1.74 |
+---------+-------+-------+
2026/06/16 17:55:54 - mmengine - INFO - Iter(val) [121/121]    aAcc: 77.9000  mIoU: 40.7300  mAcc: 54.0400  data_time: 0.0320  time: 1.1704
2026/06/16 17:55:55 - mmengine - INFO - The previous best checkpoint /mnt/ht2-nas2/00-model/00-fb/mmseg_dino/work_dirs/dinov3l_m2f_pastis_temporal_v4/best_mIoU_iter_2000.pth is removed
2026/06/16 17:56:04 - mmengine - INFO - The best checkpoint with 40.7300 mIoU at 3000 iter is saved to best_mIoU_iter_3000.pth.
2026/06/16 17:59:13 - mmengine - INFO - Iter(train) [ 3050/20000]  base_lr: 9.2431e-05 lr: 9.2431e-05  eta: 16:57:08  time: 3.5725  data_time: 0.0343  memory: 8724  grad_norm: 192.4890  loss: 47.4544  decode.loss_cls: 0.9623  decode.loss_mask: 1.5739  decode.loss_dice: 2.0257  decode.d0.loss_cls: 2.5074  decode.d0.loss_mask: 1.5631  decode.d0.loss_dice: 2.1916  decode.d1.loss_cls: 1.1594  decode.d1.loss_mask: 1.5652  decode.d1.loss_dice: 2.0543  decode.d2.loss_cls: 0.9284  decode.d2.loss_mask: 1.5902  decode.d2.loss_dice: 2.0442  decode.d3.loss_cls: 0.9368  decode.d3.loss_mask: 1.5557  decode.d3.loss_dice: 2.0060  decode.d4.loss_cls: 0.9321  decode.d4.loss_mask: 1.5673  decode.d4.loss_dice: 1.9874  decode.d5.loss_cls: 0.9795  decode.d5.loss_mask: 1.5715  decode.d5.loss_dice: 2.0334  decode.d6.loss_cls: 1.0135  decode.d6.loss_mask: 1.5778  decode.d6.loss_dice: 2.0148  decode.d7.loss_cls: 0.9572  decode.d7.loss_mask: 1.5737  decode.d7.loss_dice: 2.0024  decode.d8.loss_cls: 1.0158  decode.d8.loss_mask: 1.5533  decode.d8.loss_dice: 2.0104
2026/06/16 18:02:12 - mmengine - INFO - Iter(train) [ 3100/20000]  base_lr: 9.2186e-05 lr: 9.2186e-05  eta: 16:54:03  time: 3.5668  data_time: 0.0373  memory: 8724  grad_norm: 204.4003  loss: 45.6350  decode.loss_cls: 0.8367  decode.loss_mask: 1.6372  decode.loss_dice: 1.9267  decode.d0.loss_cls: 2.1993  decode.d0.loss_mask: 1.6547  decode.d0.loss_dice: 2.0420  decode.d1.loss_cls: 0.8948  decode.d1.loss_mask: 1.6601  decode.d1.loss_dice: 1.9586  decode.d2.loss_cls: 0.8458  decode.d2.loss_mask: 1.6636  decode.d2.loss_dice: 1.9184  decode.d3.loss_cls: 0.8368  decode.d3.loss_mask: 1.6569  decode.d3.loss_dice: 1.9035  decode.d4.loss_cls: 0.8468  decode.d4.loss_mask: 1.6545  decode.d4.loss_dice: 1.9083  decode.d5.loss_cls: 0.8354  decode.d5.loss_mask: 1.6619  decode.d5.loss_dice: 1.9215  decode.d6.loss_cls: 0.8311  decode.d6.loss_mask: 1.6635  decode.d6.loss_dice: 1.9015  decode.d7.loss_cls: 0.8112  decode.d7.loss_mask: 1.6673  decode.d7.loss_dice: 1.9091  decode.d8.loss_cls: 0.8409  decode.d8.loss_mask: 1.6559  decode.d8.loss_dice: 1.8912
2026/06/16 18:05:12 - mmengine - INFO - Iter(train) [ 3150/20000]  base_lr: 9.1940e-05 lr: 9.1940e-05  eta: 16:51:00  time: 3.5728  data_time: 0.0341  memory: 8724  grad_norm: 178.5043  loss: 44.4469  decode.loss_cls: 0.8675  decode.loss_mask: 1.5100  decode.loss_dice: 1.9167  decode.d0.loss_cls: 2.1753  decode.d0.loss_mask: 1.5294  decode.d0.loss_dice: 2.0375  decode.d1.loss_cls: 0.9336  decode.d1.loss_mask: 1.5532  decode.d1.loss_dice: 1.9726  decode.d2.loss_cls: 0.9322  decode.d2.loss_mask: 1.5295  decode.d2.loss_dice: 1.9335  decode.d3.loss_cls: 0.8452  decode.d3.loss_mask: 1.5105  decode.d3.loss_dice: 1.9012  decode.d4.loss_cls: 0.8280  decode.d4.loss_mask: 1.5317  decode.d4.loss_dice: 1.9110  decode.d5.loss_cls: 0.8474  decode.d5.loss_mask: 1.5215  decode.d5.loss_dice: 1.9107  decode.d6.loss_cls: 0.8370  decode.d6.loss_mask: 1.5112  decode.d6.loss_dice: 1.8931  decode.d7.loss_cls: 0.8372  decode.d7.loss_mask: 1.5019  decode.d7.loss_dice: 1.8887  decode.d8.loss_cls: 0.8610  decode.d8.loss_mask: 1.4984  decode.d8.loss_dice: 1.9202
2026/06/16 18:08:11 - mmengine - INFO - Iter(train) [ 3200/20000]  base_lr: 9.1695e-05 lr: 9.1695e-05  eta: 16:47:54  time: 3.5625  data_time: 0.0341  memory: 8724  grad_norm: 177.6736  loss: 41.4753  decode.loss_cls: 0.9175  decode.loss_mask: 1.4081  decode.loss_dice: 1.6807  decode.d0.loss_cls: 2.1701  decode.d0.loss_mask: 1.4377  decode.d0.loss_dice: 1.8714  decode.d1.loss_cls: 0.9692  decode.d1.loss_mask: 1.4490  decode.d1.loss_dice: 1.7555  decode.d2.loss_cls: 0.9183  decode.d2.loss_mask: 1.4160  decode.d2.loss_dice: 1.6830  decode.d3.loss_cls: 0.8951  decode.d3.loss_mask: 1.4199  decode.d3.loss_dice: 1.6742  decode.d4.loss_cls: 0.9044  decode.d4.loss_mask: 1.4108  decode.d4.loss_dice: 1.6704  decode.d5.loss_cls: 0.8991  decode.d5.loss_mask: 1.3923  decode.d5.loss_dice: 1.6734  decode.d6.loss_cls: 0.8892  decode.d6.loss_mask: 1.3826  decode.d6.loss_dice: 1.6610  decode.d7.loss_cls: 0.8908  decode.d7.loss_mask: 1.3947  decode.d7.loss_dice: 1.6604  decode.d8.loss_cls: 0.8979  decode.d8.loss_mask: 1.4131  decode.d8.loss_dice: 1.6695
2026/06/16 18:11:10 - mmengine - INFO - Iter(train) [ 3250/20000]  base_lr: 9.1449e-05 lr: 9.1449e-05  eta: 16:44:50  time: 3.5888  data_time: 0.0341  memory: 8724  grad_norm: 258.1780  loss: 46.3554  decode.loss_cls: 0.8580  decode.loss_mask: 1.5951  decode.loss_dice: 2.0098  decode.d0.loss_cls: 2.2685  decode.d0.loss_mask: 1.5758  decode.d0.loss_dice: 2.1359  decode.d1.loss_cls: 0.9501  decode.d1.loss_mask: 1.5987  decode.d1.loss_dice: 2.0955  decode.d2.loss_cls: 0.8246  decode.d2.loss_mask: 1.6317  decode.d2.loss_dice: 2.0581  decode.d3.loss_cls: 0.7837  decode.d3.loss_mask: 1.5959  decode.d3.loss_dice: 2.0305  decode.d4.loss_cls: 0.8163  decode.d4.loss_mask: 1.6096  decode.d4.loss_dice: 2.0413  decode.d5.loss_cls: 0.8271  decode.d5.loss_mask: 1.5733  decode.d5.loss_dice: 2.0247  decode.d6.loss_cls: 0.8683  decode.d6.loss_mask: 1.5904  decode.d6.loss_dice: 2.0304  decode.d7.loss_cls: 0.8325  decode.d7.loss_mask: 1.6211  decode.d7.loss_dice: 2.0333  decode.d8.loss_cls: 0.8425  decode.d8.loss_mask: 1.6120  decode.d8.loss_dice: 2.0206
2026/06/16 18:14:09 - mmengine - INFO - Iter(train) [ 3300/20000]  base_lr: 9.1203e-05 lr: 9.1203e-05  eta: 16:41:46  time: 3.5901  data_time: 0.0341  memory: 8724  grad_norm: 182.5994  loss: 41.1136  decode.loss_cls: 0.9105  decode.loss_mask: 1.3296  decode.loss_dice: 1.7188  decode.d0.loss_cls: 2.1285  decode.d0.loss_mask: 1.3266  decode.d0.loss_dice: 1.8875  decode.d1.loss_cls: 0.9942  decode.d1.loss_mask: 1.3518  decode.d1.loss_dice: 1.8092  decode.d2.loss_cls: 0.9578  decode.d2.loss_mask: 1.3158  decode.d2.loss_dice: 1.7383  decode.d3.loss_cls: 0.8778  decode.d3.loss_mask: 1.3223  decode.d3.loss_dice: 1.7274  decode.d4.loss_cls: 0.9255  decode.d4.loss_mask: 1.3189  decode.d4.loss_dice: 1.7238  decode.d5.loss_cls: 0.8870  decode.d5.loss_mask: 1.3234  decode.d5.loss_dice: 1.7395  decode.d6.loss_cls: 0.8685  decode.d6.loss_mask: 1.3259  decode.d6.loss_dice: 1.7201  decode.d7.loss_cls: 0.8910  decode.d7.loss_mask: 1.3286  decode.d7.loss_dice: 1.7259  decode.d8.loss_cls: 0.9062  decode.d8.loss_mask: 1.3238  decode.d8.loss_dice: 1.7095
2026/06/16 18:17:08 - mmengine - INFO - Iter(train) [ 3350/20000]  base_lr: 9.0958e-05 lr: 9.0958e-05  eta: 16:38:42  time: 3.5917  data_time: 0.0339  memory: 8724  grad_norm: 183.5888  loss: 42.5180  decode.loss_cls: 0.7722  decode.loss_mask: 1.5226  decode.loss_dice: 1.7932  decode.d0.loss_cls: 1.9847  decode.d0.loss_mask: 1.4854  decode.d0.loss_dice: 1.9702  decode.d1.loss_cls: 0.8640  decode.d1.loss_mask: 1.5155  decode.d1.loss_dice: 1.8892  decode.d2.loss_cls: 0.8098  decode.d2.loss_mask: 1.4979  decode.d2.loss_dice: 1.8380  decode.d3.loss_cls: 0.7844  decode.d3.loss_mask: 1.4993  decode.d3.loss_dice: 1.8091  decode.d4.loss_cls: 0.7837  decode.d4.loss_mask: 1.4977  decode.d4.loss_dice: 1.8071  decode.d5.loss_cls: 0.7859  decode.d5.loss_mask: 1.5121  decode.d5.loss_dice: 1.8103  decode.d6.loss_cls: 0.7500  decode.d6.loss_mask: 1.5165  decode.d6.loss_dice: 1.8142  decode.d7.loss_cls: 0.8116  decode.d7.loss_mask: 1.5037  decode.d7.loss_dice: 1.8065  decode.d8.loss_cls: 0.7655  decode.d8.loss_mask: 1.5195  decode.d8.loss_dice: 1.7983
2026/06/16 18:20:07 - mmengine - INFO - Iter(train) [ 3400/20000]  base_lr: 9.0712e-05 lr: 9.0712e-05  eta: 16:35:38  time: 3.5945  data_time: 0.0339  memory: 8724  grad_norm: 214.0450  loss: 45.3422  decode.loss_cls: 0.8756  decode.loss_mask: 1.5173  decode.loss_dice: 1.9905  decode.d0.loss_cls: 2.0332  decode.d0.loss_mask: 1.5348  decode.d0.loss_dice: 2.1149  decode.d1.loss_cls: 0.9433  decode.d1.loss_mask: 1.5742  decode.d1.loss_dice: 2.0615  decode.d2.loss_cls: 0.8404  decode.d2.loss_mask: 1.5744  decode.d2.loss_dice: 2.0177  decode.d3.loss_cls: 0.8351  decode.d3.loss_mask: 1.5501  decode.d3.loss_dice: 1.9631  decode.d4.loss_cls: 0.8372  decode.d4.loss_mask: 1.5510  decode.d4.loss_dice: 1.9803  decode.d5.loss_cls: 0.8749  decode.d5.loss_mask: 1.5297  decode.d5.loss_dice: 1.9697  decode.d6.loss_cls: 0.8533  decode.d6.loss_mask: 1.5304  decode.d6.loss_dice: 1.9835  decode.d7.loss_cls: 0.8938  decode.d7.loss_mask: 1.5221  decode.d7.loss_dice: 1.9922  decode.d8.loss_cls: 0.9143  decode.d8.loss_mask: 1.5170  decode.d8.loss_dice: 1.9668
2026/06/16 18:23:06 - mmengine - INFO - Iter(train) [ 3450/20000]  base_lr: 9.0466e-05 lr: 9.0466e-05  eta: 16:32:34  time: 3.5733  data_time: 0.0335  memory: 8724  grad_norm: 181.7500  loss: 44.0389  decode.loss_cls: 0.9445  decode.loss_mask: 1.4936  decode.loss_dice: 1.8508  decode.d0.loss_cls: 1.9363  decode.d0.loss_mask: 1.4913  decode.d0.loss_dice: 2.0284  decode.d1.loss_cls: 0.9838  decode.d1.loss_mask: 1.4989  decode.d1.loss_dice: 1.9191  decode.d2.loss_cls: 0.9336  decode.d2.loss_mask: 1.4792  decode.d2.loss_dice: 1.8599  decode.d3.loss_cls: 0.9171  decode.d3.loss_mask: 1.4837  decode.d3.loss_dice: 1.8404  decode.d4.loss_cls: 0.9816  decode.d4.loss_mask: 1.4744  decode.d4.loss_dice: 1.8131  decode.d5.loss_cls: 0.9632  decode.d5.loss_mask: 1.4767  decode.d5.loss_dice: 1.8171  decode.d6.loss_cls: 0.9372  decode.d6.loss_mask: 1.4916  decode.d6.loss_dice: 1.8175  decode.d7.loss_cls: 0.9215  decode.d7.loss_mask: 1.5174  decode.d7.loss_dice: 1.8500  decode.d8.loss_cls: 0.9607  decode.d8.loss_mask: 1.5139  decode.d8.loss_dice: 1.8424
2026/06/16 18:26:05 - mmengine - INFO - Iter(train) [ 3500/20000]  base_lr: 9.0220e-05 lr: 9.0220e-05  eta: 16:29:30  time: 3.5717  data_time: 0.0333  memory: 8724  grad_norm: 231.4375  loss: 44.3925  decode.loss_cls: 0.9386  decode.loss_mask: 1.5386  decode.loss_dice: 1.8215  decode.d0.loss_cls: 1.9334  decode.d0.loss_mask: 1.5364  decode.d0.loss_dice: 1.9584  decode.d1.loss_cls: 0.9960  decode.d1.loss_mask: 1.5597  decode.d1.loss_dice: 1.8804  decode.d2.loss_cls: 0.9837  decode.d2.loss_mask: 1.5506  decode.d2.loss_dice: 1.8227  decode.d3.loss_cls: 0.9429  decode.d3.loss_mask: 1.5487  decode.d3.loss_dice: 1.7922  decode.d4.loss_cls: 1.0162  decode.d4.loss_mask: 1.5319  decode.d4.loss_dice: 1.7945  decode.d5.loss_cls: 1.0017  decode.d5.loss_mask: 1.5355  decode.d5.loss_dice: 1.8031  decode.d6.loss_cls: 0.9837  decode.d6.loss_mask: 1.5437  decode.d6.loss_dice: 1.7755  decode.d7.loss_cls: 0.9623  decode.d7.loss_mask: 1.5560  decode.d7.loss_dice: 1.8049  decode.d8.loss_cls: 0.9136  decode.d8.loss_mask: 1.5546  decode.d8.loss_dice: 1.8114
2026/06/16 18:29:05 - mmengine - INFO - Iter(train) [ 3550/20000]  base_lr: 8.9974e-05 lr: 8.9974e-05  eta: 16:26:30  time: 3.5990  data_time: 0.0336  memory: 8724  grad_norm: 161.8426  loss: 43.4934  decode.loss_cls: 0.7788  decode.loss_mask: 1.4641  decode.loss_dice: 1.9601  decode.d0.loss_cls: 1.8714  decode.d0.loss_mask: 1.4571  decode.d0.loss_dice: 2.0910  decode.d1.loss_cls: 0.8567  decode.d1.loss_mask: 1.4700  decode.d1.loss_dice: 2.0042  decode.d2.loss_cls: 0.8318  decode.d2.loss_mask: 1.4740  decode.d2.loss_dice: 1.9654  decode.d3.loss_cls: 0.7460  decode.d3.loss_mask: 1.4790  decode.d3.loss_dice: 1.9842  decode.d4.loss_cls: 0.7762  decode.d4.loss_mask: 1.4750  decode.d4.loss_dice: 1.9609  decode.d5.loss_cls: 0.8060  decode.d5.loss_mask: 1.4751  decode.d5.loss_dice: 1.9564  decode.d6.loss_cls: 0.7596  decode.d6.loss_mask: 1.4758  decode.d6.loss_dice: 1.9691  decode.d7.loss_cls: 0.7608  decode.d7.loss_mask: 1.4654  decode.d7.loss_dice: 1.9670  decode.d8.loss_cls: 0.7966  decode.d8.loss_mask: 1.4606  decode.d8.loss_dice: 1.9549
2026/06/16 18:32:04 - mmengine - INFO - Iter(train) [ 3600/20000]  base_lr: 8.9728e-05 lr: 8.9728e-05  eta: 16:23:27  time: 3.5777  data_time: 0.0360  memory: 8724  grad_norm: 174.8265  loss: 43.4402  decode.loss_cls: 0.8075  decode.loss_mask: 1.5230  decode.loss_dice: 1.8939  decode.d0.loss_cls: 1.7685  decode.d0.loss_mask: 1.4959  decode.d0.loss_dice: 2.0315  decode.d1.loss_cls: 0.8610  decode.d1.loss_mask: 1.5297  decode.d1.loss_dice: 1.9487  decode.d2.loss_cls: 0.7596  decode.d2.loss_mask: 1.5144  decode.d2.loss_dice: 1.9141  decode.d3.loss_cls: 0.7922  decode.d3.loss_mask: 1.5180  decode.d3.loss_dice: 1.8745  decode.d4.loss_cls: 0.7750  decode.d4.loss_mask: 1.5379  decode.d4.loss_dice: 1.9142  decode.d5.loss_cls: 0.8148  decode.d5.loss_mask: 1.5267  decode.d5.loss_dice: 1.9025  decode.d6.loss_cls: 0.8003  decode.d6.loss_mask: 1.5416  decode.d6.loss_dice: 1.9212  decode.d7.loss_cls: 0.7854  decode.d7.loss_mask: 1.5469  decode.d7.loss_dice: 1.8946  decode.d8.loss_cls: 0.8040  decode.d8.loss_mask: 1.5408  decode.d8.loss_dice: 1.9016
2026/06/16 18:35:04 - mmengine - INFO - Iter(train) [ 3650/20000]  base_lr: 8.9481e-05 lr: 8.9481e-05  eta: 16:20:24  time: 3.5734  data_time: 0.0335  memory: 8724  grad_norm: 175.9343  loss: 41.8520  decode.loss_cls: 0.8396  decode.loss_mask: 1.4661  decode.loss_dice: 1.7723  decode.d0.loss_cls: 1.8169  decode.d0.loss_mask: 1.4226  decode.d0.loss_dice: 1.8948  decode.d1.loss_cls: 0.9729  decode.d1.loss_mask: 1.4738  decode.d1.loss_dice: 1.8311  decode.d2.loss_cls: 0.8576  decode.d2.loss_mask: 1.4405  decode.d2.loss_dice: 1.7945  decode.d3.loss_cls: 0.7878  decode.d3.loss_mask: 1.4794  decode.d3.loss_dice: 1.7512  decode.d4.loss_cls: 0.7720  decode.d4.loss_mask: 1.4726  decode.d4.loss_dice: 1.7783  decode.d5.loss_cls: 0.8010  decode.d5.loss_mask: 1.4673  decode.d5.loss_dice: 1.7713  decode.d6.loss_cls: 0.8208  decode.d6.loss_mask: 1.4611  decode.d6.loss_dice: 1.7513  decode.d7.loss_cls: 0.8314  decode.d7.loss_mask: 1.4679  decode.d7.loss_dice: 1.7638  decode.d8.loss_cls: 0.8471  decode.d8.loss_mask: 1.4692  decode.d8.loss_dice: 1.7757
2026/06/16 18:38:03 - mmengine - INFO - Iter(train) [ 3700/20000]  base_lr: 8.9235e-05 lr: 8.9235e-05  eta: 16:17:21  time: 3.5736  data_time: 0.0334  memory: 8724  grad_norm: 188.0757  loss: 43.4360  decode.loss_cls: 0.9045  decode.loss_mask: 1.4839  decode.loss_dice: 1.8682  decode.d0.loss_cls: 1.7913  decode.d0.loss_mask: 1.4842  decode.d0.loss_dice: 1.9862  decode.d1.loss_cls: 0.9128  decode.d1.loss_mask: 1.4954  decode.d1.loss_dice: 1.9214  decode.d2.loss_cls: 0.8370  decode.d2.loss_mask: 1.4849  decode.d2.loss_dice: 1.8650  decode.d3.loss_cls: 0.8884  decode.d3.loss_mask: 1.4648  decode.d3.loss_dice: 1.8393  decode.d4.loss_cls: 0.8677  decode.d4.loss_mask: 1.4622  decode.d4.loss_dice: 1.8616  decode.d5.loss_cls: 0.9072  decode.d5.loss_mask: 1.4693  decode.d5.loss_dice: 1.8874  decode.d6.loss_cls: 0.8762  decode.d6.loss_mask: 1.4806  decode.d6.loss_dice: 1.8904  decode.d7.loss_cls: 0.8695  decode.d7.loss_mask: 1.4750  decode.d7.loss_dice: 1.8908  decode.d8.loss_cls: 0.8722  decode.d8.loss_mask: 1.4997  decode.d8.loss_dice: 1.8988
2026/06/16 18:41:02 - mmengine - INFO - Iter(train) [ 3750/20000]  base_lr: 8.8989e-05 lr: 8.8989e-05  eta: 16:14:18  time: 3.5916  data_time: 0.0335  memory: 8724  grad_norm: 180.7046  loss: 41.9828  decode.loss_cls: 0.7482  decode.loss_mask: 1.4252  decode.loss_dice: 1.8948  decode.d0.loss_cls: 1.6569  decode.d0.loss_mask: 1.4436  decode.d0.loss_dice: 2.0255  decode.d1.loss_cls: 0.8202  decode.d1.loss_mask: 1.4786  decode.d1.loss_dice: 1.9823  decode.d2.loss_cls: 0.7057  decode.d2.loss_mask: 1.4655  decode.d2.loss_dice: 1.9422  decode.d3.loss_cls: 0.7183  decode.d3.loss_mask: 1.4613  decode.d3.loss_dice: 1.9105  decode.d4.loss_cls: 0.7272  decode.d4.loss_mask: 1.4504  decode.d4.loss_dice: 1.9007  decode.d5.loss_cls: 0.7013  decode.d5.loss_mask: 1.4455  decode.d5.loss_dice: 1.9143  decode.d6.loss_cls: 0.6838  decode.d6.loss_mask: 1.4448  decode.d6.loss_dice: 1.9092  decode.d7.loss_cls: 0.7112  decode.d7.loss_mask: 1.4438  decode.d7.loss_dice: 1.8970  decode.d8.loss_cls: 0.7458  decode.d8.loss_mask: 1.4208  decode.d8.loss_dice: 1.9082
2026/06/16 18:44:01 - mmengine - INFO - Iter(train) [ 3800/20000]  base_lr: 8.8742e-05 lr: 8.8742e-05  eta: 16:11:14  time: 3.5822  data_time: 0.0333  memory: 8724  grad_norm: 185.7184  loss: 45.1503  decode.loss_cls: 0.9094  decode.loss_mask: 1.5774  decode.loss_dice: 1.9261  decode.d0.loss_cls: 1.7606  decode.d0.loss_mask: 1.5967  decode.d0.loss_dice: 2.0729  decode.d1.loss_cls: 0.9878  decode.d1.loss_mask: 1.5662  decode.d1.loss_dice: 1.9914  decode.d2.loss_cls: 0.9041  decode.d2.loss_mask: 1.5799  decode.d2.loss_dice: 1.9316  decode.d3.loss_cls: 0.8686  decode.d3.loss_mask: 1.5829  decode.d3.loss_dice: 1.9110  decode.d4.loss_cls: 0.8934  decode.d4.loss_mask: 1.5808  decode.d4.loss_dice: 1.8909  decode.d5.loss_cls: 0.8720  decode.d5.loss_mask: 1.6116  decode.d5.loss_dice: 1.8973  decode.d6.loss_cls: 0.8640  decode.d6.loss_mask: 1.6431  decode.d6.loss_dice: 1.9017  decode.d7.loss_cls: 0.9075  decode.d7.loss_mask: 1.6240  decode.d7.loss_dice: 1.8906  decode.d8.loss_cls: 0.9123  decode.d8.loss_mask: 1.5963  decode.d8.loss_dice: 1.8981
2026/06/16 18:47:00 - mmengine - INFO - Iter(train) [ 3850/20000]  base_lr: 8.8496e-05 lr: 8.8496e-05  eta: 16:08:10  time: 3.5760  data_time: 0.0331  memory: 8724  grad_norm: 276.3478  loss: 41.5692  decode.loss_cls: 0.7407  decode.loss_mask: 1.5003  decode.loss_dice: 1.8063  decode.d0.loss_cls: 1.6041  decode.d0.loss_mask: 1.5087  decode.d0.loss_dice: 1.9412  decode.d1.loss_cls: 0.7506  decode.d1.loss_mask: 1.5187  decode.d1.loss_dice: 1.8730  decode.d2.loss_cls: 0.6915  decode.d2.loss_mask: 1.5277  decode.d2.loss_dice: 1.8215  decode.d3.loss_cls: 0.7281  decode.d3.loss_mask: 1.5132  decode.d3.loss_dice: 1.7776  decode.d4.loss_cls: 0.7424  decode.d4.loss_mask: 1.5114  decode.d4.loss_dice: 1.7768  decode.d5.loss_cls: 0.7572  decode.d5.loss_mask: 1.4891  decode.d5.loss_dice: 1.7869  decode.d6.loss_cls: 0.8104  decode.d6.loss_mask: 1.4948  decode.d6.loss_dice: 1.7790  decode.d7.loss_cls: 0.7584  decode.d7.loss_mask: 1.5199  decode.d7.loss_dice: 1.8015  decode.d8.loss_cls: 0.6997  decode.d8.loss_mask: 1.5201  decode.d8.loss_dice: 1.8185
2026/06/16 18:49:59 - mmengine - INFO - Iter(train) [ 3900/20000]  base_lr: 8.8249e-05 lr: 8.8249e-05  eta: 16:05:07  time: 3.5847  data_time: 0.0331  memory: 8724  grad_norm: 234.5923  loss: 45.5230  decode.loss_cls: 0.8821  decode.loss_mask: 1.6034  decode.loss_dice: 1.9913  decode.d0.loss_cls: 1.5335  decode.d0.loss_mask: 1.6326  decode.d0.loss_dice: 2.1436  decode.d1.loss_cls: 0.8234  decode.d1.loss_mask: 1.6413  decode.d1.loss_dice: 2.0486  decode.d2.loss_cls: 0.8243  decode.d2.loss_mask: 1.6236  decode.d2.loss_dice: 2.0310  decode.d3.loss_cls: 0.8291  decode.d3.loss_mask: 1.6115  decode.d3.loss_dice: 1.9964  decode.d4.loss_cls: 0.8426  decode.d4.loss_mask: 1.6127  decode.d4.loss_dice: 2.0163  decode.d5.loss_cls: 0.8721  decode.d5.loss_mask: 1.6034  decode.d5.loss_dice: 2.0105  decode.d6.loss_cls: 0.8586  decode.d6.loss_mask: 1.6099  decode.d6.loss_dice: 1.9951  decode.d7.loss_cls: 0.8182  decode.d7.loss_mask: 1.6097  decode.d7.loss_dice: 2.0055  decode.d8.loss_cls: 0.8806  decode.d8.loss_mask: 1.6018  decode.d8.loss_dice: 1.9703
2026/06/16 18:52:58 - mmengine - INFO - Iter(train) [ 3950/20000]  base_lr: 8.8002e-05 lr: 8.8002e-05  eta: 16:02:04  time: 3.5753  data_time: 0.0333  memory: 8724  grad_norm: 150.2240  loss: 40.2855  decode.loss_cls: 0.8017  decode.loss_mask: 1.4011  decode.loss_dice: 1.7275  decode.d0.loss_cls: 1.5902  decode.d0.loss_mask: 1.3728  decode.d0.loss_dice: 1.8645  decode.d1.loss_cls: 0.9531  decode.d1.loss_mask: 1.4092  decode.d1.loss_dice: 1.7702  decode.d2.loss_cls: 0.7991  decode.d2.loss_mask: 1.3943  decode.d2.loss_dice: 1.7594  decode.d3.loss_cls: 0.7226  decode.d3.loss_mask: 1.3788  decode.d3.loss_dice: 1.7591  decode.d4.loss_cls: 0.7307  decode.d4.loss_mask: 1.3960  decode.d4.loss_dice: 1.7374  decode.d5.loss_cls: 0.7827  decode.d5.loss_mask: 1.3908  decode.d5.loss_dice: 1.7366  decode.d6.loss_cls: 0.8306  decode.d6.loss_mask: 1.3957  decode.d6.loss_dice: 1.7239  decode.d7.loss_cls: 0.8016  decode.d7.loss_mask: 1.3849  decode.d7.loss_dice: 1.7313  decode.d8.loss_cls: 0.7992  decode.d8.loss_mask: 1.4069  decode.d8.loss_dice: 1.7335
2026/06/16 18:55:57 - mmengine - INFO - Exp name: dinov3l_m2f_pastis_temporal_v4_20260616_144812
2026/06/16 18:55:57 - mmengine - INFO - Iter(train) [ 4000/20000]  base_lr: 8.7756e-05 lr: 8.7756e-05  eta: 15:59:01  time: 3.5765  data_time: 0.0334  memory: 8724  grad_norm: 185.4049  loss: 41.9316  decode.loss_cls: 0.8204  decode.loss_mask: 1.4416  decode.loss_dice: 1.7948  decode.d0.loss_cls: 1.5547  decode.d0.loss_mask: 1.4610  decode.d0.loss_dice: 1.9713  decode.d1.loss_cls: 0.9483  decode.d1.loss_mask: 1.4486  decode.d1.loss_dice: 1.8826  decode.d2.loss_cls: 0.8828  decode.d2.loss_mask: 1.4268  decode.d2.loss_dice: 1.8482  decode.d3.loss_cls: 0.8256  decode.d3.loss_mask: 1.4291  decode.d3.loss_dice: 1.7919  decode.d4.loss_cls: 0.8306  decode.d4.loss_mask: 1.4319  decode.d4.loss_dice: 1.8178  decode.d5.loss_cls: 0.8229  decode.d5.loss_mask: 1.4299  decode.d5.loss_dice: 1.8214  decode.d6.loss_cls: 0.8351  decode.d6.loss_mask: 1.4250  decode.d6.loss_dice: 1.8073  decode.d7.loss_cls: 0.8490  decode.d7.loss_mask: 1.4315  decode.d7.loss_dice: 1.8050  decode.d8.loss_cls: 0.8131  decode.d8.loss_mask: 1.4586  decode.d8.loss_dice: 1.8246
2026/06/16 18:55:57 - mmengine - INFO - Saving checkpoint at 4000 iterations
2026/06/16 18:57:09 - mmengine - INFO - Iter(val) [ 50/121]    eta: 0:01:24  time: 1.1869  data_time: 0.0263  memory: 6229  
2026/06/16 18:58:09 - mmengine - INFO - Iter(val) [100/121]    eta: 0:00:24  time: 1.1870  data_time: 0.0266  memory: 6229  
2026/06/16 18:58:33 - mmengine - INFO - per class results:
2026/06/16 18:58:33 - mmengine - INFO - 
+---------+-------+-------+
|  Class  |  IoU  |  Acc  |
+---------+-------+-------+
|  crop_1 | 73.24 | 86.67 |
|  crop_2 | 59.69 | 68.08 |
|  crop_3 | 75.94 | 87.99 |
|  crop_4 | 80.09 |  88.4 |
|  crop_5 | 68.33 |  85.4 |
|  crop_6 | 82.81 | 92.09 |
|  crop_7 | 23.63 | 39.46 |
|  crop_8 | 46.61 | 67.93 |
|  crop_9 | 46.42 | 59.43 |
| crop_10 |  75.4 | 80.17 |
| crop_11 | 26.24 | 51.55 |
| crop_12 | 50.12 | 80.55 |
| crop_13 | 21.05 | 35.97 |
| crop_14 | 21.64 | 48.04 |
| crop_15 |  36.2 | 50.24 |
| crop_16 | 58.75 | 78.98 |
| crop_17 | 36.91 | 46.87 |
| crop_18 | 19.75 | 32.47 |
| crop_19 | 18.78 | 49.85 |
+---------+-------+-------+
2026/06/16 18:58:33 - mmengine - INFO - Iter(val) [121/121]    aAcc: 79.2800  mIoU: 48.5100  mAcc: 64.7400  data_time: 0.0297  time: 1.1791
2026/06/16 18:58:33 - mmengine - INFO - The previous best checkpoint /mnt/ht2-nas2/00-model/00-fb/mmseg_dino/work_dirs/dinov3l_m2f_pastis_temporal_v4/best_mIoU_iter_3000.pth is removed
2026/06/16 18:58:48 - mmengine - INFO - The best checkpoint with 48.5100 mIoU at 4000 iter is saved to best_mIoU_iter_4000.pth.
2026/06/16 19:02:02 - mmengine - INFO - Iter(train) [ 4050/20000]  base_lr: 8.7509e-05 lr: 8.7509e-05  eta: 15:57:54  time: 3.6003  data_time: 0.0338  memory: 8724  grad_norm: 204.7062  loss: 41.3595  decode.loss_cls: 0.7353  decode.loss_mask: 1.4519  decode.loss_dice: 1.7783  decode.d0.loss_cls: 1.5944  decode.d0.loss_mask: 1.4546  decode.d0.loss_dice: 1.9316  decode.d1.loss_cls: 0.8758  decode.d1.loss_mask: 1.4997  decode.d1.loss_dice: 1.8376  decode.d2.loss_cls: 0.7778  decode.d2.loss_mask: 1.4762  decode.d2.loss_dice: 1.8175  decode.d3.loss_cls: 0.7662  decode.d3.loss_mask: 1.4584  decode.d3.loss_dice: 1.7770  decode.d4.loss_cls: 0.8177  decode.d4.loss_mask: 1.4598  decode.d4.loss_dice: 1.7811  decode.d5.loss_cls: 0.7832  decode.d5.loss_mask: 1.4724  decode.d5.loss_dice: 1.7871  decode.d6.loss_cls: 0.7683  decode.d6.loss_mask: 1.4571  decode.d6.loss_dice: 1.7831  decode.d7.loss_cls: 0.7801  decode.d7.loss_mask: 1.4575  decode.d7.loss_dice: 1.7780  decode.d8.loss_cls: 0.7746  decode.d8.loss_mask: 1.4525  decode.d8.loss_dice: 1.7748
2026/06/16 19:05:01 - mmengine - INFO - Iter(train) [ 4100/20000]  base_lr: 8.7262e-05 lr: 8.7262e-05  eta: 15:54:52  time: 3.5910  data_time: 0.0338  memory: 8724  grad_norm: 208.3088  loss: 44.0421  decode.loss_cls: 0.7998  decode.loss_mask: 1.6120  decode.loss_dice: 1.8520  decode.d0.loss_cls: 1.5823  decode.d0.loss_mask: 1.6142  decode.d0.loss_dice: 1.9968  decode.d1.loss_cls: 0.8649  decode.d1.loss_mask: 1.6228  decode.d1.loss_dice: 1.9561  decode.d2.loss_cls: 0.8202  decode.d2.loss_mask: 1.6177  decode.d2.loss_dice: 1.9337  decode.d3.loss_cls: 0.7990  decode.d3.loss_mask: 1.6351  decode.d3.loss_dice: 1.8943  decode.d4.loss_cls: 0.7819  decode.d4.loss_mask: 1.6384  decode.d4.loss_dice: 1.8778  decode.d5.loss_cls: 0.7781  decode.d5.loss_mask: 1.6468  decode.d5.loss_dice: 1.8731  decode.d6.loss_cls: 0.7913  decode.d6.loss_mask: 1.6257  decode.d6.loss_dice: 1.8658  decode.d7.loss_cls: 0.7960  decode.d7.loss_mask: 1.6082  decode.d7.loss_dice: 1.8672  decode.d8.loss_cls: 0.8207  decode.d8.loss_mask: 1.5978  decode.d8.loss_dice: 1.8725
2026/06/16 19:08:00 - mmengine - INFO - Iter(train) [ 4150/20000]  base_lr: 8.7015e-05 lr: 8.7015e-05  eta: 15:51:48  time: 3.5889  data_time: 0.0338  memory: 8724  grad_norm: 180.8439  loss: 43.1096  decode.loss_cls: 0.8015  decode.loss_mask: 1.5342  decode.loss_dice: 1.8691  decode.d0.loss_cls: 1.5424  decode.d0.loss_mask: 1.5230  decode.d0.loss_dice: 2.0024  decode.d1.loss_cls: 0.8870  decode.d1.loss_mask: 1.5434  decode.d1.loss_dice: 1.9323  decode.d2.loss_cls: 0.7683  decode.d2.loss_mask: 1.5347  decode.d2.loss_dice: 1.9189  decode.d3.loss_cls: 0.8209  decode.d3.loss_mask: 1.5098  decode.d3.loss_dice: 1.8684  decode.d4.loss_cls: 0.8353  decode.d4.loss_mask: 1.5102  decode.d4.loss_dice: 1.8716  decode.d5.loss_cls: 0.8184  decode.d5.loss_mask: 1.5339  decode.d5.loss_dice: 1.8667  decode.d6.loss_cls: 0.7948  decode.d6.loss_mask: 1.5473  decode.d6.loss_dice: 1.8567  decode.d7.loss_cls: 0.8176  decode.d7.loss_mask: 1.5322  decode.d7.loss_dice: 1.8600  decode.d8.loss_cls: 0.8066  decode.d8.loss_mask: 1.5210  decode.d8.loss_dice: 1.8807
2026/06/16 19:10:59 - mmengine - INFO - Iter(train) [ 4200/20000]  base_lr: 8.6768e-05 lr: 8.6768e-05  eta: 15:48:44  time: 3.5864  data_time: 0.0336  memory: 8724  grad_norm: 194.6022  loss: 40.4226  decode.loss_cls: 0.8199  decode.loss_mask: 1.4223  decode.loss_dice: 1.6769  decode.d0.loss_cls: 1.5131  decode.d0.loss_mask: 1.4378  decode.d0.loss_dice: 1.8591  decode.d1.loss_cls: 0.8988  decode.d1.loss_mask: 1.4480  decode.d1.loss_dice: 1.8023  decode.d2.loss_cls: 0.7912  decode.d2.loss_mask: 1.4322  decode.d2.loss_dice: 1.7521  decode.d3.loss_cls: 0.7281  decode.d3.loss_mask: 1.4754  decode.d3.loss_dice: 1.6961  decode.d4.loss_cls: 0.7206  decode.d4.loss_mask: 1.4627  decode.d4.loss_dice: 1.7067  decode.d5.loss_cls: 0.7941  decode.d5.loss_mask: 1.4548  decode.d5.loss_dice: 1.7099  decode.d6.loss_cls: 0.7646  decode.d6.loss_mask: 1.4580  decode.d6.loss_dice: 1.7196  decode.d7.loss_cls: 0.7539  decode.d7.loss_mask: 1.4593  decode.d7.loss_dice: 1.7332  decode.d8.loss_cls: 0.7756  decode.d8.loss_mask: 1.4442  decode.d8.loss_dice: 1.7119
2026/06/16 19:13:59 - mmengine - INFO - Iter(train) [ 4250/20000]  base_lr: 8.6521e-05 lr: 8.6521e-05  eta: 15:45:40  time: 3.5755  data_time: 0.0338  memory: 8724  grad_norm: 200.1864  loss: 43.8981  decode.loss_cls: 0.8537  decode.loss_mask: 1.5495  decode.loss_dice: 1.8951  decode.d0.loss_cls: 1.5489  decode.d0.loss_mask: 1.4971  decode.d0.loss_dice: 1.9963  decode.d1.loss_cls: 0.9173  decode.d1.loss_mask: 1.5379  decode.d1.loss_dice: 1.9651  decode.d2.loss_cls: 0.9428  decode.d2.loss_mask: 1.5294  decode.d2.loss_dice: 1.9036  decode.d3.loss_cls: 0.8716  decode.d3.loss_mask: 1.5189  decode.d3.loss_dice: 1.8838  decode.d4.loss_cls: 0.8641  decode.d4.loss_mask: 1.5399  decode.d4.loss_dice: 1.8846  decode.d5.loss_cls: 0.8956  decode.d5.loss_mask: 1.5345  decode.d5.loss_dice: 1.8526  decode.d6.loss_cls: 0.8913  decode.d6.loss_mask: 1.5272  decode.d6.loss_dice: 1.8779  decode.d7.loss_cls: 0.8668  decode.d7.loss_mask: 1.5306  decode.d7.loss_dice: 1.8944  decode.d8.loss_cls: 0.8791  decode.d8.loss_mask: 1.5554  decode.d8.loss_dice: 1.8932
2026/06/16 19:16:57 - mmengine - INFO - Iter(train) [ 4300/20000]  base_lr: 8.6273e-05 lr: 8.6273e-05  eta: 15:42:36  time: 3.5650  data_time: 0.0347  memory: 8724  grad_norm: 252.0917  loss: 44.0668  decode.loss_cls: 0.9646  decode.loss_mask: 1.4907  decode.loss_dice: 1.8826  decode.d0.loss_cls: 1.5962  decode.d0.loss_mask: 1.4932  decode.d0.loss_dice: 2.0230  decode.d1.loss_cls: 0.8800  decode.d1.loss_mask: 1.5169  decode.d1.loss_dice: 1.9932  decode.d2.loss_cls: 0.8652  decode.d2.loss_mask: 1.5099  decode.d2.loss_dice: 1.9603  decode.d3.loss_cls: 0.8537  decode.d3.loss_mask: 1.4982  decode.d3.loss_dice: 1.9358  decode.d4.loss_cls: 0.8688  decode.d4.loss_mask: 1.5036  decode.d4.loss_dice: 1.9212  decode.d5.loss_cls: 0.8957  decode.d5.loss_mask: 1.4955  decode.d5.loss_dice: 1.9268  decode.d6.loss_cls: 0.9195  decode.d6.loss_mask: 1.4916  decode.d6.loss_dice: 1.9101  decode.d7.loss_cls: 0.9510  decode.d7.loss_mask: 1.4779  decode.d7.loss_dice: 1.8948  decode.d8.loss_cls: 0.9512  decode.d8.loss_mask: 1.4951  decode.d8.loss_dice: 1.9008
2026/06/16 19:19:57 - mmengine - INFO - Iter(train) [ 4350/20000]  base_lr: 8.6026e-05 lr: 8.6026e-05  eta: 15:39:32  time: 3.5852  data_time: 0.0343  memory: 8724  grad_norm: 185.6717  loss: 39.2599  decode.loss_cls: 0.7296  decode.loss_mask: 1.4585  decode.loss_dice: 1.6420  decode.d0.loss_cls: 1.4059  decode.d0.loss_mask: 1.4692  decode.d0.loss_dice: 1.7935  decode.d1.loss_cls: 0.8072  decode.d1.loss_mask: 1.4612  decode.d1.loss_dice: 1.7160  decode.d2.loss_cls: 0.7000  decode.d2.loss_mask: 1.4686  decode.d2.loss_dice: 1.6841  decode.d3.loss_cls: 0.6829  decode.d3.loss_mask: 1.4572  decode.d3.loss_dice: 1.6587  decode.d4.loss_cls: 0.6367  decode.d4.loss_mask: 1.4722  decode.d4.loss_dice: 1.6997  decode.d5.loss_cls: 0.6810  decode.d5.loss_mask: 1.4487  decode.d5.loss_dice: 1.6520  decode.d6.loss_cls: 0.7212  decode.d6.loss_mask: 1.4819  decode.d6.loss_dice: 1.6459  decode.d7.loss_cls: 0.7096  decode.d7.loss_mask: 1.4616  decode.d7.loss_dice: 1.6675  decode.d8.loss_cls: 0.7232  decode.d8.loss_mask: 1.4669  decode.d8.loss_dice: 1.6571
2026/06/16 19:22:56 - mmengine - INFO - Iter(train) [ 4400/20000]  base_lr: 8.5779e-05 lr: 8.5779e-05  eta: 15:36:28  time: 3.5850  data_time: 0.0339  memory: 8724  grad_norm: 199.3351  loss: 40.4696  decode.loss_cls: 0.6588  decode.loss_mask: 1.4667  decode.loss_dice: 1.7754  decode.d0.loss_cls: 1.4476  decode.d0.loss_mask: 1.4727  decode.d0.loss_dice: 1.9634  decode.d1.loss_cls: 0.7963  decode.d1.loss_mask: 1.4653  decode.d1.loss_dice: 1.8698  decode.d2.loss_cls: 0.6746  decode.d2.loss_mask: 1.4408  decode.d2.loss_dice: 1.8331  decode.d3.loss_cls: 0.6818  decode.d3.loss_mask: 1.4348  decode.d3.loss_dice: 1.8108  decode.d4.loss_cls: 0.6765  decode.d4.loss_mask: 1.4336  decode.d4.loss_dice: 1.8059  decode.d5.loss_cls: 0.6931  decode.d5.loss_mask: 1.4400  decode.d5.loss_dice: 1.8214  decode.d6.loss_cls: 0.6850  decode.d6.loss_mask: 1.4571  decode.d6.loss_dice: 1.7874  decode.d7.loss_cls: 0.6599  decode.d7.loss_mask: 1.4625  decode.d7.loss_dice: 1.8082  decode.d8.loss_cls: 0.7049  decode.d8.loss_mask: 1.4535  decode.d8.loss_dice: 1.7888
2026/06/16 19:25:55 - mmengine - INFO - Iter(train) [ 4450/20000]  base_lr: 8.5531e-05 lr: 8.5531e-05  eta: 15:33:26  time: 3.5864  data_time: 0.0337  memory: 8724  grad_norm: 181.2317  loss: 38.6855  decode.loss_cls: 0.7076  decode.loss_mask: 1.4106  decode.loss_dice: 1.6462  decode.d0.loss_cls: 1.4139  decode.d0.loss_mask: 1.3659  decode.d0.loss_dice: 1.7864  decode.d1.loss_cls: 0.8602  decode.d1.loss_mask: 1.3950  decode.d1.loss_dice: 1.7135  decode.d2.loss_cls: 0.7289  decode.d2.loss_mask: 1.3990  decode.d2.loss_dice: 1.6902  decode.d3.loss_cls: 0.6956  decode.d3.loss_mask: 1.3815  decode.d3.loss_dice: 1.6467  decode.d4.loss_cls: 0.7055  decode.d4.loss_mask: 1.3842  decode.d4.loss_dice: 1.6667  decode.d5.loss_cls: 0.7013  decode.d5.loss_mask: 1.3922  decode.d5.loss_dice: 1.6628  decode.d6.loss_cls: 0.7027  decode.d6.loss_mask: 1.3924  decode.d6.loss_dice: 1.6540  decode.d7.loss_cls: 0.6979  decode.d7.loss_mask: 1.3952  decode.d7.loss_dice: 1.6731  decode.d8.loss_cls: 0.7328  decode.d8.loss_mask: 1.4074  decode.d8.loss_dice: 1.6758
2026/06/16 19:28:54 - mmengine - INFO - Iter(train) [ 4500/20000]  base_lr: 8.5284e-05 lr: 8.5284e-05  eta: 15:30:23  time: 3.5908  data_time: 0.0337  memory: 8724  grad_norm: 163.0362  loss: 38.9415  decode.loss_cls: 0.7463  decode.loss_mask: 1.3640  decode.loss_dice: 1.6783  decode.d0.loss_cls: 1.3388  decode.d0.loss_mask: 1.3713  decode.d0.loss_dice: 1.8739  decode.d1.loss_cls: 0.9062  decode.d1.loss_mask: 1.3855  decode.d1.loss_dice: 1.7541  decode.d2.loss_cls: 0.7214  decode.d2.loss_mask: 1.3852  decode.d2.loss_dice: 1.7315  decode.d3.loss_cls: 0.7308  decode.d3.loss_mask: 1.3535  decode.d3.loss_dice: 1.7002  decode.d4.loss_cls: 0.7340  decode.d4.loss_mask: 1.3567  decode.d4.loss_dice: 1.6954  decode.d5.loss_cls: 0.7361  decode.d5.loss_mask: 1.3585  decode.d5.loss_dice: 1.6906  decode.d6.loss_cls: 0.7456  decode.d6.loss_mask: 1.3504  decode.d6.loss_dice: 1.6865  decode.d7.loss_cls: 0.7420  decode.d7.loss_mask: 1.3629  decode.d7.loss_dice: 1.6690  decode.d8.loss_cls: 0.7303  decode.d8.loss_mask: 1.3653  decode.d8.loss_dice: 1.6774
2026/06/16 19:31:54 - mmengine - INFO - Iter(train) [ 4550/20000]  base_lr: 8.5036e-05 lr: 8.5036e-05  eta: 15:27:20  time: 3.5886  data_time: 0.0337  memory: 8724  grad_norm: 187.5739  loss: 40.6342  decode.loss_cls: 0.7943  decode.loss_mask: 1.3250  decode.loss_dice: 1.8186  decode.d0.loss_cls: 1.3502  decode.d0.loss_mask: 1.3752  decode.d0.loss_dice: 1.9820  decode.d1.loss_cls: 0.8218  decode.d1.loss_mask: 1.3443  decode.d1.loss_dice: 1.8929  decode.d2.loss_cls: 0.8361  decode.d2.loss_mask: 1.3337  decode.d2.loss_dice: 1.8674  decode.d3.loss_cls: 0.8191  decode.d3.loss_mask: 1.3281  decode.d3.loss_dice: 1.8359  decode.d4.loss_cls: 0.8146  decode.d4.loss_mask: 1.3372  decode.d4.loss_dice: 1.8352  decode.d5.loss_cls: 0.8408  decode.d5.loss_mask: 1.3392  decode.d5.loss_dice: 1.8371  decode.d6.loss_cls: 0.7947  decode.d6.loss_mask: 1.3301  decode.d6.loss_dice: 1.8308  decode.d7.loss_cls: 0.8029  decode.d7.loss_mask: 1.3372  decode.d7.loss_dice: 1.8268  decode.d8.loss_cls: 0.8085  decode.d8.loss_mask: 1.3282  decode.d8.loss_dice: 1.8462
2026/06/16 19:34:53 - mmengine - INFO - Iter(train) [ 4600/20000]  base_lr: 8.4788e-05 lr: 8.4788e-05  eta: 15:24:17  time: 3.5875  data_time: 0.0329  memory: 8724  grad_norm: 214.1565  loss: 40.9212  decode.loss_cls: 0.8803  decode.loss_mask: 1.3643  decode.loss_dice: 1.7396  decode.d0.loss_cls: 1.5013  decode.d0.loss_mask: 1.3367  decode.d0.loss_dice: 1.9467  decode.d1.loss_cls: 1.0084  decode.d1.loss_mask: 1.3561  decode.d1.loss_dice: 1.8335  decode.d2.loss_cls: 0.9137  decode.d2.loss_mask: 1.3251  decode.d2.loss_dice: 1.7754  decode.d3.loss_cls: 0.9010  decode.d3.loss_mask: 1.3269  decode.d3.loss_dice: 1.7371  decode.d4.loss_cls: 0.9353  decode.d4.loss_mask: 1.3405  decode.d4.loss_dice: 1.7467  decode.d5.loss_cls: 0.9092  decode.d5.loss_mask: 1.3340  decode.d5.loss_dice: 1.7667  decode.d6.loss_cls: 0.9042  decode.d6.loss_mask: 1.3394  decode.d6.loss_dice: 1.7513  decode.d7.loss_cls: 0.9097  decode.d7.loss_mask: 1.3309  decode.d7.loss_dice: 1.7378  decode.d8.loss_cls: 0.8868  decode.d8.loss_mask: 1.3373  decode.d8.loss_dice: 1.7451
2026/06/16 19:37:52 - mmengine - INFO - Iter(train) [ 4650/20000]  base_lr: 8.4540e-05 lr: 8.4540e-05  eta: 15:21:16  time: 3.6029  data_time: 0.0329  memory: 8724  grad_norm: 198.6948  loss: 37.8468  decode.loss_cls: 0.8397  decode.loss_mask: 1.3141  decode.loss_dice: 1.5399  decode.d0.loss_cls: 1.3626  decode.d0.loss_mask: 1.3553  decode.d0.loss_dice: 1.7120  decode.d1.loss_cls: 0.8554  decode.d1.loss_mask: 1.3698  decode.d1.loss_dice: 1.6486  decode.d2.loss_cls: 0.7741  decode.d2.loss_mask: 1.3191  decode.d2.loss_dice: 1.5730  decode.d3.loss_cls: 0.8006  decode.d3.loss_mask: 1.3197  decode.d3.loss_dice: 1.5431  decode.d4.loss_cls: 0.8252  decode.d4.loss_mask: 1.3252  decode.d4.loss_dice: 1.5567  decode.d5.loss_cls: 0.8015  decode.d5.loss_mask: 1.3331  decode.d5.loss_dice: 1.5494  decode.d6.loss_cls: 0.8533  decode.d6.loss_mask: 1.3166  decode.d6.loss_dice: 1.5220  decode.d7.loss_cls: 0.8548  decode.d7.loss_mask: 1.3216  decode.d7.loss_dice: 1.5360  decode.d8.loss_cls: 0.8583  decode.d8.loss_mask: 1.3174  decode.d8.loss_dice: 1.5491
2026/06/16 19:40:52 - mmengine - INFO - Iter(train) [ 4700/20000]  base_lr: 8.4292e-05 lr: 8.4292e-05  eta: 15:18:14  time: 3.5933  data_time: 0.0334  memory: 8724  grad_norm: 163.3472  loss: 40.9837  decode.loss_cls: 0.8059  decode.loss_mask: 1.4306  decode.loss_dice: 1.7547  decode.d0.loss_cls: 1.4028  decode.d0.loss_mask: 1.4483  decode.d0.loss_dice: 1.9495  decode.d1.loss_cls: 0.9595  decode.d1.loss_mask: 1.4329  decode.d1.loss_dice: 1.8519  decode.d2.loss_cls: 0.7822  decode.d2.loss_mask: 1.4296  decode.d2.loss_dice: 1.8133  decode.d3.loss_cls: 0.7831  decode.d3.loss_mask: 1.4167  decode.d3.loss_dice: 1.7654  decode.d4.loss_cls: 0.7851  decode.d4.loss_mask: 1.4389  decode.d4.loss_dice: 1.7776  decode.d5.loss_cls: 0.7812  decode.d5.loss_mask: 1.4201  decode.d5.loss_dice: 1.7732  decode.d6.loss_cls: 0.7996  decode.d6.loss_mask: 1.4428  decode.d6.loss_dice: 1.7488  decode.d7.loss_cls: 0.8445  decode.d7.loss_mask: 1.4223  decode.d7.loss_dice: 1.7398  decode.d8.loss_cls: 0.7703  decode.d8.loss_mask: 1.4457  decode.d8.loss_dice: 1.7674
2026/06/16 19:43:51 - mmengine - INFO - Iter(train) [ 4750/20000]  base_lr: 8.4045e-05 lr: 8.4045e-05  eta: 15:15:11  time: 3.5895  data_time: 0.0334  memory: 8724  grad_norm: 146.2766  loss: 35.6821  decode.loss_cls: 0.6527  decode.loss_mask: 1.3508  decode.loss_dice: 1.4664  decode.d0.loss_cls: 1.1988  decode.d0.loss_mask: 1.3505  decode.d0.loss_dice: 1.6391  decode.d1.loss_cls: 0.6978  decode.d1.loss_mask: 1.3601  decode.d1.loss_dice: 1.5651  decode.d2.loss_cls: 0.6651  decode.d2.loss_mask: 1.3550  decode.d2.loss_dice: 1.5321  decode.d3.loss_cls: 0.5989  decode.d3.loss_mask: 1.3466  decode.d3.loss_dice: 1.4972  decode.d4.loss_cls: 0.6382  decode.d4.loss_mask: 1.3534  decode.d4.loss_dice: 1.5078  decode.d5.loss_cls: 0.6238  decode.d5.loss_mask: 1.3467  decode.d5.loss_dice: 1.5208  decode.d6.loss_cls: 0.6431  decode.d6.loss_mask: 1.3427  decode.d6.loss_dice: 1.4898  decode.d7.loss_cls: 0.6411  decode.d7.loss_mask: 1.3335  decode.d7.loss_dice: 1.4903  decode.d8.loss_cls: 0.6452  decode.d8.loss_mask: 1.3389  decode.d8.loss_dice: 1.4907
2026/06/16 19:46:51 - mmengine - INFO - Iter(train) [ 4800/20000]  base_lr: 8.3796e-05 lr: 8.3796e-05  eta: 15:12:09  time: 3.5897  data_time: 0.0338  memory: 8724  grad_norm: 196.4547  loss: 38.3245  decode.loss_cls: 0.7826  decode.loss_mask: 1.3918  decode.loss_dice: 1.5763  decode.d0.loss_cls: 1.2364  decode.d0.loss_mask: 1.4133  decode.d0.loss_dice: 1.7747  decode.d1.loss_cls: 0.7796  decode.d1.loss_mask: 1.4117  decode.d1.loss_dice: 1.7028  decode.d2.loss_cls: 0.7823  decode.d2.loss_mask: 1.3947  decode.d2.loss_dice: 1.6310  decode.d3.loss_cls: 0.7345  decode.d3.loss_mask: 1.3860  decode.d3.loss_dice: 1.6021  decode.d4.loss_cls: 0.7545  decode.d4.loss_mask: 1.3898  decode.d4.loss_dice: 1.5930  decode.d5.loss_cls: 0.7398  decode.d5.loss_mask: 1.3993  decode.d5.loss_dice: 1.5879  decode.d6.loss_cls: 0.7773  decode.d6.loss_mask: 1.3954  decode.d6.loss_dice: 1.5640  decode.d7.loss_cls: 0.7890  decode.d7.loss_mask: 1.4005  decode.d7.loss_dice: 1.5802  decode.d8.loss_cls: 0.7827  decode.d8.loss_mask: 1.3924  decode.d8.loss_dice: 1.5789
2026/06/16 19:49:50 - mmengine - INFO - Iter(train) [ 4850/20000]  base_lr: 8.3548e-05 lr: 8.3548e-05  eta: 15:09:06  time: 3.5637  data_time: 0.0342  memory: 8724  grad_norm: 174.4669  loss: 40.0701  decode.loss_cls: 0.6840  decode.loss_mask: 1.4113  decode.loss_dice: 1.7662  decode.d0.loss_cls: 1.3486  decode.d0.loss_mask: 1.4364  decode.d0.loss_dice: 1.9364  decode.d1.loss_cls: 0.8341  decode.d1.loss_mask: 1.4373  decode.d1.loss_dice: 1.8716  decode.d2.loss_cls: 0.7161  decode.d2.loss_mask: 1.4252  decode.d2.loss_dice: 1.8012  decode.d3.loss_cls: 0.7278  decode.d3.loss_mask: 1.4268  decode.d3.loss_dice: 1.7876  decode.d4.loss_cls: 0.7035  decode.d4.loss_mask: 1.4176  decode.d4.loss_dice: 1.7783  decode.d5.loss_cls: 0.6901  decode.d5.loss_mask: 1.4241  decode.d5.loss_dice: 1.7653  decode.d6.loss_cls: 0.7039  decode.d6.loss_mask: 1.4161  decode.d6.loss_dice: 1.7594  decode.d7.loss_cls: 0.7210  decode.d7.loss_mask: 1.4172  decode.d7.loss_dice: 1.7632  decode.d8.loss_cls: 0.7075  decode.d8.loss_mask: 1.4198  decode.d8.loss_dice: 1.7727
2026/06/16 19:52:49 - mmengine - INFO - Iter(train) [ 4900/20000]  base_lr: 8.3300e-05 lr: 8.3300e-05  eta: 15:06:03  time: 3.5888  data_time: 0.0343  memory: 8724  grad_norm: 176.2608  loss: 40.5653  decode.loss_cls: 0.8237  decode.loss_mask: 1.4468  decode.loss_dice: 1.7479  decode.d0.loss_cls: 1.3772  decode.d0.loss_mask: 1.4502  decode.d0.loss_dice: 1.8728  decode.d1.loss_cls: 0.8618  decode.d1.loss_mask: 1.4617  decode.d1.loss_dice: 1.8287  decode.d2.loss_cls: 0.7674  decode.d2.loss_mask: 1.4516  decode.d2.loss_dice: 1.7579  decode.d3.loss_cls: 0.7258  decode.d3.loss_mask: 1.4551  decode.d3.loss_dice: 1.7506  decode.d4.loss_cls: 0.7258  decode.d4.loss_mask: 1.4518  decode.d4.loss_dice: 1.7515  decode.d5.loss_cls: 0.7666  decode.d5.loss_mask: 1.4463  decode.d5.loss_dice: 1.7477  decode.d6.loss_cls: 0.7901  decode.d6.loss_mask: 1.4482  decode.d6.loss_dice: 1.7345  decode.d7.loss_cls: 0.7967  decode.d7.loss_mask: 1.4384  decode.d7.loss_dice: 1.7265  decode.d8.loss_cls: 0.7812  decode.d8.loss_mask: 1.4370  decode.d8.loss_dice: 1.7442
2026/06/16 19:55:48 - mmengine - INFO - Iter(train) [ 4950/20000]  base_lr: 8.3052e-05 lr: 8.3052e-05  eta: 15:03:01  time: 3.5938  data_time: 0.0339  memory: 8724  grad_norm: 209.8988  loss: 39.2844  decode.loss_cls: 0.6925  decode.loss_mask: 1.5036  decode.loss_dice: 1.6447  decode.d0.loss_cls: 1.2684  decode.d0.loss_mask: 1.5063  decode.d0.loss_dice: 1.7603  decode.d1.loss_cls: 0.8427  decode.d1.loss_mask: 1.5215  decode.d1.loss_dice: 1.6852  decode.d2.loss_cls: 0.7458  decode.d2.loss_mask: 1.5092  decode.d2.loss_dice: 1.6505  decode.d3.loss_cls: 0.6693  decode.d3.loss_mask: 1.4975  decode.d3.loss_dice: 1.6465  decode.d4.loss_cls: 0.7021  decode.d4.loss_mask: 1.4901  decode.d4.loss_dice: 1.6335  decode.d5.loss_cls: 0.7093  decode.d5.loss_mask: 1.4935  decode.d5.loss_dice: 1.6333  decode.d6.loss_cls: 0.7214  decode.d6.loss_mask: 1.4991  decode.d6.loss_dice: 1.6308  decode.d7.loss_cls: 0.6947  decode.d7.loss_mask: 1.5024  decode.d7.loss_dice: 1.6481  decode.d8.loss_cls: 0.6599  decode.d8.loss_mask: 1.4845  decode.d8.loss_dice: 1.6377
2026/06/16 19:58:47 - mmengine - INFO - Exp name: dinov3l_m2f_pastis_temporal_v4_20260616_144812
2026/06/16 19:58:47 - mmengine - INFO - Iter(train) [ 5000/20000]  base_lr: 8.2804e-05 lr: 8.2804e-05  eta: 14:59:59  time: 3.5915  data_time: 0.0343  memory: 8724  grad_norm: 188.6160  loss: 38.8599  decode.loss_cls: 0.6994  decode.loss_mask: 1.4123  decode.loss_dice: 1.7154  decode.d0.loss_cls: 1.2670  decode.d0.loss_mask: 1.4033  decode.d0.loss_dice: 1.8448  decode.d1.loss_cls: 0.8439  decode.d1.loss_mask: 1.4148  decode.d1.loss_dice: 1.7590  decode.d2.loss_cls: 0.6878  decode.d2.loss_mask: 1.4094  decode.d2.loss_dice: 1.7436  decode.d3.loss_cls: 0.6831  decode.d3.loss_mask: 1.3774  decode.d3.loss_dice: 1.6945  decode.d4.loss_cls: 0.6626  decode.d4.loss_mask: 1.4083  decode.d4.loss_dice: 1.7005  decode.d5.loss_cls: 0.6796  decode.d5.loss_mask: 1.4059  decode.d5.loss_dice: 1.7063  decode.d6.loss_cls: 0.6586  decode.d6.loss_mask: 1.4095  decode.d6.loss_dice: 1.7085  decode.d7.loss_cls: 0.6576  decode.d7.loss_mask: 1.4196  decode.d7.loss_dice: 1.6969  decode.d8.loss_cls: 0.6801  decode.d8.loss_mask: 1.4077  decode.d8.loss_dice: 1.7027
2026/06/16 19:59:47 - mmengine - INFO - Iter(val) [ 50/121]    eta: 0:01:24  time: 1.1868  data_time: 0.0264  memory: 6229  
2026/06/16 20:00:46 - mmengine - INFO - Iter(val) [100/121]    eta: 0:00:24  time: 1.1804  data_time: 0.0262  memory: 6229  
2026/06/16 20:01:11 - mmengine - INFO - per class results:
2026/06/16 20:01:11 - mmengine - INFO - 
+---------+-------+-------+
|  Class  |  IoU  |  Acc  |
+---------+-------+-------+
|  crop_1 | 73.13 | 85.48 |
|  crop_2 | 63.07 | 75.87 |
|  crop_3 | 74.02 | 80.15 |
|  crop_4 | 81.13 | 87.56 |
|  crop_5 | 70.21 | 78.22 |
|  crop_6 | 82.17 | 91.12 |
|  crop_7 | 36.71 | 63.27 |
|  crop_8 | 47.79 | 72.73 |
|  crop_9 | 40.56 | 49.75 |
| crop_10 | 70.32 | 92.86 |
| crop_11 | 29.82 | 61.57 |
| crop_12 | 51.82 | 74.46 |
| crop_13 | 30.44 | 52.77 |
| crop_14 | 33.12 | 52.12 |
| crop_15 | 39.04 |  56.5 |
| crop_16 | 61.14 |  74.6 |
| crop_17 | 35.84 | 41.15 |
| crop_18 | 27.43 | 60.09 |
| crop_19 | 21.27 |  43.8 |
+---------+-------+-------+
2026/06/16 20:01:11 - mmengine - INFO - Iter(val) [121/121]    aAcc: 79.9100  mIoU: 51.0000  mAcc: 68.1100  data_time: 0.0292  time: 1.1800
2026/06/16 20:01:11 - mmengine - INFO - The previous best checkpoint /mnt/ht2-nas2/00-model/00-fb/mmseg_dino/work_dirs/dinov3l_m2f_pastis_temporal_v4/best_mIoU_iter_4000.pth is removed
2026/06/16 20:01:21 - mmengine - INFO - The best checkpoint with 51.0000 mIoU at 5000 iter is saved to best_mIoU_iter_5000.pth.
2026/06/16 20:04:34 - mmengine - INFO - Iter(train) [ 5050/20000]  base_lr: 8.2555e-05 lr: 8.2555e-05  eta: 14:58:08  time: 3.5904  data_time: 0.0343  memory: 8724  grad_norm: 197.0533  loss: 40.1060  decode.loss_cls: 0.7704  decode.loss_mask: 1.4908  decode.loss_dice: 1.6831  decode.d0.loss_cls: 1.2632  decode.d0.loss_mask: 1.4933  decode.d0.loss_dice: 1.8409  decode.d1.loss_cls: 0.7572  decode.d1.loss_mask: 1.4974  decode.d1.loss_dice: 1.7799  decode.d2.loss_cls: 0.7512  decode.d2.loss_mask: 1.4884  decode.d2.loss_dice: 1.7297  decode.d3.loss_cls: 0.7281  decode.d3.loss_mask: 1.4976  decode.d3.loss_dice: 1.7034  decode.d4.loss_cls: 0.7913  decode.d4.loss_mask: 1.4866  decode.d4.loss_dice: 1.6984  decode.d5.loss_cls: 0.7461  decode.d5.loss_mask: 1.4748  decode.d5.loss_dice: 1.7255  decode.d6.loss_cls: 0.7381  decode.d6.loss_mask: 1.4772  decode.d6.loss_dice: 1.6885  decode.d7.loss_cls: 0.7306  decode.d7.loss_mask: 1.4567  decode.d7.loss_dice: 1.6986  decode.d8.loss_cls: 0.7446  decode.d8.loss_mask: 1.4813  decode.d8.loss_dice: 1.6930
2026/06/16 20:07:34 - mmengine - INFO - Iter(train) [ 5100/20000]  base_lr: 8.2307e-05 lr: 8.2307e-05  eta: 14:55:05  time: 3.5944  data_time: 0.0346  memory: 8724  grad_norm: 185.6095  loss: 36.3834  decode.loss_cls: 0.5777  decode.loss_mask: 1.3990  decode.loss_dice: 1.5640  decode.d0.loss_cls: 1.1489  decode.d0.loss_mask: 1.4294  decode.d0.loss_dice: 1.7044  decode.d1.loss_cls: 0.6999  decode.d1.loss_mask: 1.4144  decode.d1.loss_dice: 1.6264  decode.d2.loss_cls: 0.6086  decode.d2.loss_mask: 1.3937  decode.d2.loss_dice: 1.5763  decode.d3.loss_cls: 0.6031  decode.d3.loss_mask: 1.3763  decode.d3.loss_dice: 1.5490  decode.d4.loss_cls: 0.5722  decode.d4.loss_mask: 1.3879  decode.d4.loss_dice: 1.5657  decode.d5.loss_cls: 0.5928  decode.d5.loss_mask: 1.3994  decode.d5.loss_dice: 1.5729  decode.d6.loss_cls: 0.5850  decode.d6.loss_mask: 1.3854  decode.d6.loss_dice: 1.5619  decode.d7.loss_cls: 0.5560  decode.d7.loss_mask: 1.4029  decode.d7.loss_dice: 1.5704  decode.d8.loss_cls: 0.5915  decode.d8.loss_mask: 1.3972  decode.d8.loss_dice: 1.5713
2026/06/16 20:10:33 - mmengine - INFO - Iter(train) [ 5150/20000]  base_lr: 8.2058e-05 lr: 8.2058e-05  eta: 14:52:03  time: 3.5947  data_time: 0.0340  memory: 8724  grad_norm: 179.2711  loss: 40.4692  decode.loss_cls: 0.6977  decode.loss_mask: 1.4636  decode.loss_dice: 1.7814  decode.d0.loss_cls: 1.3221  decode.d0.loss_mask: 1.4800  decode.d0.loss_dice: 1.9451  decode.d1.loss_cls: 0.8140  decode.d1.loss_mask: 1.4848  decode.d1.loss_dice: 1.8644  decode.d2.loss_cls: 0.7520  decode.d2.loss_mask: 1.4585  decode.d2.loss_dice: 1.7916  decode.d3.loss_cls: 0.7066  decode.d3.loss_mask: 1.4633  decode.d3.loss_dice: 1.7661  decode.d4.loss_cls: 0.7202  decode.d4.loss_mask: 1.4534  decode.d4.loss_dice: 1.7703  decode.d5.loss_cls: 0.7214  decode.d5.loss_mask: 1.4370  decode.d5.loss_dice: 1.7700  decode.d6.loss_cls: 0.7199  decode.d6.loss_mask: 1.4597  decode.d6.loss_dice: 1.7789  decode.d7.loss_cls: 0.7011  decode.d7.loss_mask: 1.4534  decode.d7.loss_dice: 1.7574  decode.d8.loss_cls: 0.7148  decode.d8.loss_mask: 1.4491  decode.d8.loss_dice: 1.7717
2026/06/16 20:13:33 - mmengine - INFO - Iter(train) [ 5200/20000]  base_lr: 8.1809e-05 lr: 8.1809e-05  eta: 14:49:02  time: 3.5966  data_time: 0.0341  memory: 8724  grad_norm: 203.2197  loss: 34.0343  decode.loss_cls: 0.5579  decode.loss_mask: 1.3019  decode.loss_dice: 1.4426  decode.d0.loss_cls: 1.0779  decode.d0.loss_mask: 1.3189  decode.d0.loss_dice: 1.6122  decode.d1.loss_cls: 0.6563  decode.d1.loss_mask: 1.3118  decode.d1.loss_dice: 1.5210  decode.d2.loss_cls: 0.6363  decode.d2.loss_mask: 1.2802  decode.d2.loss_dice: 1.4817  decode.d3.loss_cls: 0.5872  decode.d3.loss_mask: 1.2784  decode.d3.loss_dice: 1.4478  decode.d4.loss_cls: 0.5950  decode.d4.loss_mask: 1.2892  decode.d4.loss_dice: 1.4636  decode.d5.loss_cls: 0.5795  decode.d5.loss_mask: 1.2950  decode.d5.loss_dice: 1.4515  decode.d6.loss_cls: 0.5466  decode.d6.loss_mask: 1.2914  decode.d6.loss_dice: 1.4357  decode.d7.loss_cls: 0.5403  decode.d7.loss_mask: 1.2988  decode.d7.loss_dice: 1.4419  decode.d8.loss_cls: 0.5515  decode.d8.loss_mask: 1.3014  decode.d8.loss_dice: 1.4405
2026/06/16 20:16:33 - mmengine - INFO - Iter(train) [ 5250/20000]  base_lr: 8.1560e-05 lr: 8.1560e-05  eta: 14:46:00  time: 3.5962  data_time: 0.0343  memory: 8724  grad_norm: 258.5081  loss: 37.7310  decode.loss_cls: 0.6042  decode.loss_mask: 1.3946  decode.loss_dice: 1.6502  decode.d0.loss_cls: 1.2099  decode.d0.loss_mask: 1.4065  decode.d0.loss_dice: 1.8050  decode.d1.loss_cls: 0.6598  decode.d1.loss_mask: 1.4328  decode.d1.loss_dice: 1.7376  decode.d2.loss_cls: 0.6331  decode.d2.loss_mask: 1.4123  decode.d2.loss_dice: 1.7071  decode.d3.loss_cls: 0.6670  decode.d3.loss_mask: 1.3886  decode.d3.loss_dice: 1.6545  decode.d4.loss_cls: 0.5980  decode.d4.loss_mask: 1.4063  decode.d4.loss_dice: 1.6893  decode.d5.loss_cls: 0.6042  decode.d5.loss_mask: 1.4015  decode.d5.loss_dice: 1.6772  decode.d6.loss_cls: 0.6025  decode.d6.loss_mask: 1.3965  decode.d6.loss_dice: 1.6593  decode.d7.loss_cls: 0.6181  decode.d7.loss_mask: 1.3909  decode.d7.loss_dice: 1.6802  decode.d8.loss_cls: 0.5946  decode.d8.loss_mask: 1.3835  decode.d8.loss_dice: 1.6659
2026/06/16 20:19:32 - mmengine - INFO - Iter(train) [ 5300/20000]  base_lr: 8.1312e-05 lr: 8.1312e-05  eta: 14:42:58  time: 3.6006  data_time: 0.0346  memory: 8724  grad_norm: 173.1842  loss: 39.8948  decode.loss_cls: 0.6952  decode.loss_mask: 1.4875  decode.loss_dice: 1.7337  decode.d0.loss_cls: 1.2253  decode.d0.loss_mask: 1.5068  decode.d0.loss_dice: 1.8527  decode.d1.loss_cls: 0.7542  decode.d1.loss_mask: 1.5140  decode.d1.loss_dice: 1.8217  decode.d2.loss_cls: 0.6430  decode.d2.loss_mask: 1.5010  decode.d2.loss_dice: 1.7912  decode.d3.loss_cls: 0.6596  decode.d3.loss_mask: 1.4672  decode.d3.loss_dice: 1.7360  decode.d4.loss_cls: 0.6923  decode.d4.loss_mask: 1.4813  decode.d4.loss_dice: 1.7347  decode.d5.loss_cls: 0.7337  decode.d5.loss_mask: 1.4605  decode.d5.loss_dice: 1.7238  decode.d6.loss_cls: 0.6642  decode.d6.loss_mask: 1.4708  decode.d6.loss_dice: 1.7330  decode.d7.loss_cls: 0.6957  decode.d7.loss_mask: 1.4745  decode.d7.loss_dice: 1.7439  decode.d8.loss_cls: 0.6706  decode.d8.loss_mask: 1.4763  decode.d8.loss_dice: 1.7506
2026/06/16 20:22:31 - mmengine - INFO - Iter(train) [ 5350/20000]  base_lr: 8.1063e-05 lr: 8.1063e-05  eta: 14:39:55  time: 3.5864  data_time: 0.0344  memory: 8724  grad_norm: 207.8548  loss: 39.2148  decode.loss_cls: 0.6276  decode.loss_mask: 1.4264  decode.loss_dice: 1.7822  decode.d0.loss_cls: 1.2533  decode.d0.loss_mask: 1.3595  decode.d0.loss_dice: 1.9180  decode.d1.loss_cls: 0.7576  decode.d1.loss_mask: 1.3734  decode.d1.loss_dice: 1.8552  decode.d2.loss_cls: 0.6844  decode.d2.loss_mask: 1.3878  decode.d2.loss_dice: 1.7820  decode.d3.loss_cls: 0.6854  decode.d3.loss_mask: 1.3850  decode.d3.loss_dice: 1.7454  decode.d4.loss_cls: 0.6544  decode.d4.loss_mask: 1.3922  decode.d4.loss_dice: 1.7778  decode.d5.loss_cls: 0.6616  decode.d5.loss_mask: 1.3962  decode.d5.loss_dice: 1.7803  decode.d6.loss_cls: 0.6261  decode.d6.loss_mask: 1.4056  decode.d6.loss_dice: 1.7858  decode.d7.loss_cls: 0.6602  decode.d7.loss_mask: 1.3909  decode.d7.loss_dice: 1.7751  decode.d8.loss_cls: 0.7181  decode.d8.loss_mask: 1.3892  decode.d8.loss_dice: 1.7782
2026/06/16 20:25:31 - mmengine - INFO - Iter(train) [ 5400/20000]  base_lr: 8.0814e-05 lr: 8.0814e-05  eta: 14:36:53  time: 3.5926  data_time: 0.0344  memory: 8724  grad_norm: 196.4538  loss: 37.4109  decode.loss_cls: 0.7743  decode.loss_mask: 1.3171  decode.loss_dice: 1.5248  decode.d0.loss_cls: 1.3665  decode.d0.loss_mask: 1.3438  decode.d0.loss_dice: 1.6845  decode.d1.loss_cls: 0.9097  decode.d1.loss_mask: 1.3475  decode.d1.loss_dice: 1.6305  decode.d2.loss_cls: 0.8063  decode.d2.loss_mask: 1.3207  decode.d2.loss_dice: 1.5822  decode.d3.loss_cls: 0.8043  decode.d3.loss_mask: 1.3068  decode.d3.loss_dice: 1.5323  decode.d4.loss_cls: 0.7461  decode.d4.loss_mask: 1.3291  decode.d4.loss_dice: 1.5506  decode.d5.loss_cls: 0.7742  decode.d5.loss_mask: 1.3317  decode.d5.loss_dice: 1.5496  decode.d6.loss_cls: 0.7967  decode.d6.loss_mask: 1.3249  decode.d6.loss_dice: 1.5293  decode.d7.loss_cls: 0.7474  decode.d7.loss_mask: 1.3238  decode.d7.loss_dice: 1.5367  decode.d8.loss_cls: 0.7847  decode.d8.loss_mask: 1.3124  decode.d8.loss_dice: 1.5224
2026/06/16 20:28:30 - mmengine - INFO - Iter(train) [ 5450/20000]  base_lr: 8.0564e-05 lr: 8.0564e-05  eta: 14:33:51  time: 3.5925  data_time: 0.0341  memory: 8724  grad_norm: 202.8749  loss: 38.5593  decode.loss_cls: 0.6992  decode.loss_mask: 1.3976  decode.loss_dice: 1.6577  decode.d0.loss_cls: 1.2352  decode.d0.loss_mask: 1.4212  decode.d0.loss_dice: 1.7726  decode.d1.loss_cls: 0.7847  decode.d1.loss_mask: 1.4104  decode.d1.loss_dice: 1.7157  decode.d2.loss_cls: 0.7612  decode.d2.loss_mask: 1.4000  decode.d2.loss_dice: 1.6468  decode.d3.loss_cls: 0.7458  decode.d3.loss_mask: 1.4054  decode.d3.loss_dice: 1.6366  decode.d4.loss_cls: 0.7395  decode.d4.loss_mask: 1.3971  decode.d4.loss_dice: 1.6339  decode.d5.loss_cls: 0.7205  decode.d5.loss_mask: 1.3966  decode.d5.loss_dice: 1.6446  decode.d6.loss_cls: 0.7271  decode.d6.loss_mask: 1.4025  decode.d6.loss_dice: 1.6439  decode.d7.loss_cls: 0.7464  decode.d7.loss_mask: 1.3997  decode.d7.loss_dice: 1.6472  decode.d8.loss_cls: 0.7225  decode.d8.loss_mask: 1.3942  decode.d8.loss_dice: 1.6535
2026/06/16 20:31:29 - mmengine - INFO - Iter(train) [ 5500/20000]  base_lr: 8.0315e-05 lr: 8.0315e-05  eta: 14:30:48  time: 3.6390  data_time: 0.0345  memory: 8724  grad_norm: 260.6668  loss: 37.9614  decode.loss_cls: 0.7189  decode.loss_mask: 1.3723  decode.loss_dice: 1.6334  decode.d0.loss_cls: 1.2243  decode.d0.loss_mask: 1.3745  decode.d0.loss_dice: 1.7500  decode.d1.loss_cls: 0.7996  decode.d1.loss_mask: 1.3742  decode.d1.loss_dice: 1.6982  decode.d2.loss_cls: 0.7683  decode.d2.loss_mask: 1.3599  decode.d2.loss_dice: 1.6538  decode.d3.loss_cls: 0.7033  decode.d3.loss_mask: 1.3691  decode.d3.loss_dice: 1.6321  decode.d4.loss_cls: 0.6941  decode.d4.loss_mask: 1.3754  decode.d4.loss_dice: 1.6386  decode.d5.loss_cls: 0.7172  decode.d5.loss_mask: 1.3705  decode.d5.loss_dice: 1.6318  decode.d6.loss_cls: 0.7084  decode.d6.loss_mask: 1.3606  decode.d6.loss_dice: 1.6172  decode.d7.loss_cls: 0.7286  decode.d7.loss_mask: 1.3592  decode.d7.loss_dice: 1.6170  decode.d8.loss_cls: 0.7216  decode.d8.loss_mask: 1.3600  decode.d8.loss_dice: 1.6296
2026/06/16 20:34:31 - mmengine - INFO - Iter(train) [ 5550/20000]  base_lr: 8.0066e-05 lr: 8.0066e-05  eta: 14:27:53  time: 3.6412  data_time: 0.0346  memory: 8724  grad_norm: 180.0739  loss: 38.5843  decode.loss_cls: 0.7051  decode.loss_mask: 1.3783  decode.loss_dice: 1.6371  decode.d0.loss_cls: 1.3292  decode.d0.loss_mask: 1.4521  decode.d0.loss_dice: 1.8082  decode.d1.loss_cls: 0.8216  decode.d1.loss_mask: 1.4116  decode.d1.loss_dice: 1.7081  decode.d2.loss_cls: 0.6732  decode.d2.loss_mask: 1.4034  decode.d2.loss_dice: 1.6999  decode.d3.loss_cls: 0.6822  decode.d3.loss_mask: 1.3941  decode.d3.loss_dice: 1.6760  decode.d4.loss_cls: 0.7192  decode.d4.loss_mask: 1.3808  decode.d4.loss_dice: 1.6789  decode.d5.loss_cls: 0.6866  decode.d5.loss_mask: 1.3707  decode.d5.loss_dice: 1.6691  decode.d6.loss_cls: 0.7494  decode.d6.loss_mask: 1.3743  decode.d6.loss_dice: 1.6515  decode.d7.loss_cls: 0.7717  decode.d7.loss_mask: 1.3685  decode.d7.loss_dice: 1.6448  decode.d8.loss_cls: 0.7292  decode.d8.loss_mask: 1.3715  decode.d8.loss_dice: 1.6377
2026/06/16 20:37:34 - mmengine - INFO - Iter(train) [ 5600/20000]  base_lr: 7.9817e-05 lr: 7.9817e-05  eta: 14:24:57  time: 3.6412  data_time: 0.0362  memory: 8724  grad_norm: 168.5540  loss: 34.6365  decode.loss_cls: 0.4389  decode.loss_mask: 1.4090  decode.loss_dice: 1.5007  decode.d0.loss_cls: 1.0776  decode.d0.loss_mask: 1.3929  decode.d0.loss_dice: 1.5922  decode.d1.loss_cls: 0.5811  decode.d1.loss_mask: 1.3977  decode.d1.loss_dice: 1.5341  decode.d2.loss_cls: 0.5727  decode.d2.loss_mask: 1.3868  decode.d2.loss_dice: 1.5003  decode.d3.loss_cls: 0.5392  decode.d3.loss_mask: 1.3864  decode.d3.loss_dice: 1.4949  decode.d4.loss_cls: 0.5310  decode.d4.loss_mask: 1.3827  decode.d4.loss_dice: 1.4935  decode.d5.loss_cls: 0.5114  decode.d5.loss_mask: 1.3867  decode.d5.loss_dice: 1.4787  decode.d6.loss_cls: 0.4809  decode.d6.loss_mask: 1.3957  decode.d6.loss_dice: 1.4809  decode.d7.loss_cls: 0.4760  decode.d7.loss_mask: 1.3926  decode.d7.loss_dice: 1.4883  decode.d8.loss_cls: 0.4495  decode.d8.loss_mask: 1.3909  decode.d8.loss_dice: 1.4932
2026/06/16 20:40:36 - mmengine - INFO - Iter(train) [ 5650/20000]  base_lr: 7.9567e-05 lr: 7.9567e-05  eta: 14:22:02  time: 3.6404  data_time: 0.0336  memory: 8724  grad_norm: 204.2223  loss: 36.8654  decode.loss_cls: 0.5802  decode.loss_mask: 1.4349  decode.loss_dice: 1.5883  decode.d0.loss_cls: 1.0475  decode.d0.loss_mask: 1.4814  decode.d0.loss_dice: 1.7138  decode.d1.loss_cls: 0.6518  decode.d1.loss_mask: 1.4533  decode.d1.loss_dice: 1.6411  decode.d2.loss_cls: 0.5575  decode.d2.loss_mask: 1.4363  decode.d2.loss_dice: 1.6292  decode.d3.loss_cls: 0.5602  decode.d3.loss_mask: 1.4399  decode.d3.loss_dice: 1.6171  decode.d4.loss_cls: 0.5768  decode.d4.loss_mask: 1.4351  decode.d4.loss_dice: 1.6157  decode.d5.loss_cls: 0.5539  decode.d5.loss_mask: 1.4516  decode.d5.loss_dice: 1.5900  decode.d6.loss_cls: 0.5938  decode.d6.loss_mask: 1.4509  decode.d6.loss_dice: 1.5836  decode.d7.loss_cls: 0.5682  decode.d7.loss_mask: 1.4426  decode.d7.loss_dice: 1.5872  decode.d8.loss_cls: 0.5647  decode.d8.loss_mask: 1.4501  decode.d8.loss_dice: 1.5687
2026/06/16 20:43:38 - mmengine - INFO - Iter(train) [ 5700/20000]  base_lr: 7.9317e-05 lr: 7.9317e-05  eta: 14:19:06  time: 3.6400  data_time: 0.0312  memory: 8724  grad_norm: 243.9056  loss: 39.3499  decode.loss_cls: 0.6916  decode.loss_mask: 1.4410  decode.loss_dice: 1.6811  decode.d0.loss_cls: 1.3386  decode.d0.loss_mask: 1.4511  decode.d0.loss_dice: 1.8131  decode.d1.loss_cls: 0.8418  decode.d1.loss_mask: 1.4834  decode.d1.loss_dice: 1.7595  decode.d2.loss_cls: 0.7664  decode.d2.loss_mask: 1.4621  decode.d2.loss_dice: 1.6941  decode.d3.loss_cls: 0.7392  decode.d3.loss_mask: 1.4525  decode.d3.loss_dice: 1.6741  decode.d4.loss_cls: 0.7288  decode.d4.loss_mask: 1.4494  decode.d4.loss_dice: 1.6644  decode.d5.loss_cls: 0.7189  decode.d5.loss_mask: 1.4568  decode.d5.loss_dice: 1.6667  decode.d6.loss_cls: 0.6856  decode.d6.loss_mask: 1.4475  decode.d6.loss_dice: 1.6922  decode.d7.loss_cls: 0.6241  decode.d7.loss_mask: 1.4455  decode.d7.loss_dice: 1.6991  decode.d8.loss_cls: 0.6712  decode.d8.loss_mask: 1.4393  decode.d8.loss_dice: 1.6709
2026/06/16 20:46:34 - mmengine - INFO - Iter(train) [ 5750/20000]  base_lr: 7.9068e-05 lr: 7.9068e-05  eta: 14:15:57  time: 3.4486  data_time: 0.0345  memory: 8724  grad_norm: 236.7430  loss: 41.6169  decode.loss_cls: 0.8313  decode.loss_mask: 1.4892  decode.loss_dice: 1.8268  decode.d0.loss_cls: 1.2889  decode.d0.loss_mask: 1.4628  decode.d0.loss_dice: 1.9936  decode.d1.loss_cls: 0.8807  decode.d1.loss_mask: 1.4921  decode.d1.loss_dice: 1.9167  decode.d2.loss_cls: 0.8261  decode.d2.loss_mask: 1.4458  decode.d2.loss_dice: 1.8469  decode.d3.loss_cls: 0.7799  decode.d3.loss_mask: 1.4610  decode.d3.loss_dice: 1.7975  decode.d4.loss_cls: 0.7830  decode.d4.loss_mask: 1.4494  decode.d4.loss_dice: 1.8107  decode.d5.loss_cls: 0.7775  decode.d5.loss_mask: 1.4617  decode.d5.loss_dice: 1.8023  decode.d6.loss_cls: 0.8025  decode.d6.loss_mask: 1.4509  decode.d6.loss_dice: 1.7763  decode.d7.loss_cls: 0.7659  decode.d7.loss_mask: 1.4759  decode.d7.loss_dice: 1.8317  decode.d8.loss_cls: 0.7837  decode.d8.loss_mask: 1.4822  decode.d8.loss_dice: 1.8238
2026/06/16 20:49:33 - mmengine - INFO - Iter(train) [ 5800/20000]  base_lr: 7.8818e-05 lr: 7.8818e-05  eta: 14:12:53  time: 3.5682  data_time: 0.0343  memory: 8724  grad_norm: 204.6969  loss: 36.5750  decode.loss_cls: 0.5524  decode.loss_mask: 1.4212  decode.loss_dice: 1.5834  decode.d0.loss_cls: 1.1093  decode.d0.loss_mask: 1.4428  decode.d0.loss_dice: 1.7136  decode.d1.loss_cls: 0.7183  decode.d1.loss_mask: 1.4358  decode.d1.loss_dice: 1.6213  decode.d2.loss_cls: 0.5958  decode.d2.loss_mask: 1.4349  decode.d2.loss_dice: 1.5908  decode.d3.loss_cls: 0.5828  decode.d3.loss_mask: 1.4173  decode.d3.loss_dice: 1.5868  decode.d4.loss_cls: 0.5363  decode.d4.loss_mask: 1.4274  decode.d4.loss_dice: 1.5949  decode.d5.loss_cls: 0.5365  decode.d5.loss_mask: 1.4079  decode.d5.loss_dice: 1.5828  decode.d6.loss_cls: 0.5647  decode.d6.loss_mask: 1.4323  decode.d6.loss_dice: 1.5770  decode.d7.loss_cls: 0.5460  decode.d7.loss_mask: 1.4200  decode.d7.loss_dice: 1.5877  decode.d8.loss_cls: 0.5737  decode.d8.loss_mask: 1.4079  decode.d8.loss_dice: 1.5736
2026/06/16 20:52:32 - mmengine - INFO - Iter(train) [ 5850/20000]  base_lr: 7.8568e-05 lr: 7.8568e-05  eta: 14:09:50  time: 3.5785  data_time: 0.0317  memory: 8724  grad_norm: 211.4568  loss: 37.1434  decode.loss_cls: 0.5991  decode.loss_mask: 1.3807  decode.loss_dice: 1.6249  decode.d0.loss_cls: 1.2179  decode.d0.loss_mask: 1.4062  decode.d0.loss_dice: 1.7608  decode.d1.loss_cls: 0.7823  decode.d1.loss_mask: 1.4037  decode.d1.loss_dice: 1.6851  decode.d2.loss_cls: 0.6381  decode.d2.loss_mask: 1.3888  decode.d2.loss_dice: 1.6540  decode.d3.loss_cls: 0.6000  decode.d3.loss_mask: 1.3890  decode.d3.loss_dice: 1.6230  decode.d4.loss_cls: 0.6398  decode.d4.loss_mask: 1.3761  decode.d4.loss_dice: 1.6081  decode.d5.loss_cls: 0.6012  decode.d5.loss_mask: 1.3802  decode.d5.loss_dice: 1.6238  decode.d6.loss_cls: 0.5837  decode.d6.loss_mask: 1.3705  decode.d6.loss_dice: 1.6217  decode.d7.loss_cls: 0.5880  decode.d7.loss_mask: 1.3749  decode.d7.loss_dice: 1.6209  decode.d8.loss_cls: 0.6032  decode.d8.loss_mask: 1.3735  decode.d8.loss_dice: 1.6242
2026/06/16 20:55:31 - mmengine - INFO - Iter(train) [ 5900/20000]  base_lr: 7.8318e-05 lr: 7.8318e-05  eta: 14:06:48  time: 3.5902  data_time: 0.0319  memory: 8724  grad_norm: 171.4578  loss: 36.8425  decode.loss_cls: 0.5395  decode.loss_mask: 1.3568  decode.loss_dice: 1.6597  decode.d0.loss_cls: 1.1470  decode.d0.loss_mask: 1.3830  decode.d0.loss_dice: 1.7788  decode.d1.loss_cls: 0.7241  decode.d1.loss_mask: 1.3793  decode.d1.loss_dice: 1.7051  decode.d2.loss_cls: 0.6062  decode.d2.loss_mask: 1.3565  decode.d2.loss_dice: 1.6655  decode.d3.loss_cls: 0.5690  decode.d3.loss_mask: 1.3669  decode.d3.loss_dice: 1.6649  decode.d4.loss_cls: 0.5619  decode.d4.loss_mask: 1.3579  decode.d4.loss_dice: 1.6634  decode.d5.loss_cls: 0.5368  decode.d5.loss_mask: 1.3710  decode.d5.loss_dice: 1.6832  decode.d6.loss_cls: 0.5135  decode.d6.loss_mask: 1.3934  decode.d6.loss_dice: 1.6876  decode.d7.loss_cls: 0.5322  decode.d7.loss_mask: 1.3829  decode.d7.loss_dice: 1.6718  decode.d8.loss_cls: 0.5290  decode.d8.loss_mask: 1.3786  decode.d8.loss_dice: 1.6770
2026/06/16 20:58:30 - mmengine - INFO - Iter(train) [ 5950/20000]  base_lr: 7.8068e-05 lr: 7.8068e-05  eta: 14:03:45  time: 3.5643  data_time: 0.0335  memory: 8724  grad_norm: 163.3184  loss: 38.5262  decode.loss_cls: 0.6285  decode.loss_mask: 1.3995  decode.loss_dice: 1.7354  decode.d0.loss_cls: 1.1173  decode.d0.loss_mask: 1.4305  decode.d0.loss_dice: 1.8651  decode.d1.loss_cls: 0.7557  decode.d1.loss_mask: 1.4273  decode.d1.loss_dice: 1.8327  decode.d2.loss_cls: 0.6629  decode.d2.loss_mask: 1.3975  decode.d2.loss_dice: 1.7777  decode.d3.loss_cls: 0.6185  decode.d3.loss_mask: 1.4012  decode.d3.loss_dice: 1.7384  decode.d4.loss_cls: 0.6298  decode.d4.loss_mask: 1.3973  decode.d4.loss_dice: 1.7349  decode.d5.loss_cls: 0.6268  decode.d5.loss_mask: 1.3916  decode.d5.loss_dice: 1.7262  decode.d6.loss_cls: 0.6264  decode.d6.loss_mask: 1.3918  decode.d6.loss_dice: 1.7002  decode.d7.loss_cls: 0.6337  decode.d7.loss_mask: 1.3937  decode.d7.loss_dice: 1.7066  decode.d8.loss_cls: 0.6555  decode.d8.loss_mask: 1.3924  decode.d8.loss_dice: 1.7312
2026/06/16 21:01:30 - mmengine - INFO - Exp name: dinov3l_m2f_pastis_temporal_v4_20260616_144812
2026/06/16 21:01:30 - mmengine - INFO - Iter(train) [ 6000/20000]  base_lr: 7.7818e-05 lr: 7.7818e-05  eta: 14:00:43  time: 3.5872  data_time: 0.0332  memory: 8724  grad_norm: 203.9989  loss: 33.3121  decode.loss_cls: 0.3489  decode.loss_mask: 1.4245  decode.loss_dice: 1.4356  decode.d0.loss_cls: 0.9864  decode.d0.loss_mask: 1.4011  decode.d0.loss_dice: 1.4994  decode.d1.loss_cls: 0.5608  decode.d1.loss_mask: 1.4170  decode.d1.loss_dice: 1.4698  decode.d2.loss_cls: 0.3949  decode.d2.loss_mask: 1.4224  decode.d2.loss_dice: 1.4567  decode.d3.loss_cls: 0.3511  decode.d3.loss_mask: 1.4284  decode.d3.loss_dice: 1.4530  decode.d4.loss_cls: 0.3977  decode.d4.loss_mask: 1.4192  decode.d4.loss_dice: 1.4508  decode.d5.loss_cls: 0.4240  decode.d5.loss_mask: 1.4131  decode.d5.loss_dice: 1.4499  decode.d6.loss_cls: 0.3773  decode.d6.loss_mask: 1.4283  decode.d6.loss_dice: 1.4455  decode.d7.loss_cls: 0.3751  decode.d7.loss_mask: 1.4194  decode.d7.loss_dice: 1.4333  decode.d8.loss_cls: 0.3956  decode.d8.loss_mask: 1.4050  decode.d8.loss_dice: 1.4278
2026/06/16 21:01:30 - mmengine - INFO - Saving checkpoint at 6000 iterations
2026/06/16 21:02:38 - mmengine - INFO - Iter(val) [ 50/121]    eta: 0:01:24  time: 1.1841  data_time: 0.0257  memory: 6229  
2026/06/16 21:03:37 - mmengine - INFO - Iter(val) [100/121]    eta: 0:00:24  time: 1.1875  data_time: 0.0265  memory: 6229  
2026/06/16 21:04:02 - mmengine - INFO - per class results:
2026/06/16 21:04:02 - mmengine - INFO - 
+---------+-------+-------+
|  Class  |  IoU  |  Acc  |
+---------+-------+-------+
|  crop_1 | 73.02 | 86.13 |
|  crop_2 | 61.78 | 73.55 |
|  crop_3 |  74.2 | 79.72 |
|  crop_4 | 82.09 | 88.21 |
|  crop_5 | 73.38 | 88.19 |
|  crop_6 | 84.77 | 93.29 |
|  crop_7 |  42.7 |  58.5 |
|  crop_8 | 62.05 | 73.33 |
|  crop_9 |  44.3 | 55.46 |
| crop_10 | 82.91 | 91.25 |
| crop_11 | 30.19 | 67.53 |
| crop_12 | 54.75 | 78.96 |
| crop_13 | 38.18 | 60.65 |
| crop_14 | 36.62 |  66.6 |
| crop_15 | 37.64 | 61.42 |
| crop_16 | 69.28 | 81.76 |
| crop_17 | 37.14 | 46.12 |
| crop_18 |  26.6 | 39.65 |
| crop_19 | 25.78 | 48.39 |
+---------+-------+-------+
2026/06/16 21:04:02 - mmengine - INFO - Iter(val) [121/121]    aAcc: 80.4300  mIoU: 54.6000  mAcc: 70.4600  data_time: 0.0290  time: 1.1782
2026/06/16 21:04:02 - mmengine - INFO - The previous best checkpoint /mnt/ht2-nas2/00-model/00-fb/mmseg_dino/work_dirs/dinov3l_m2f_pastis_temporal_v4/best_mIoU_iter_5000.pth is removed
2026/06/16 21:04:09 - mmengine - INFO - The best checkpoint with 54.6000 mIoU at 6000 iter is saved to best_mIoU_iter_6000.pth.
2026/06/16 21:07:22 - mmengine - INFO - Iter(train) [ 6050/20000]  base_lr: 7.7568e-05 lr: 7.7568e-05  eta: 13:58:29  time: 3.5876  data_time: 0.0354  memory: 8724  grad_norm: 245.9164  loss: 35.7871  decode.loss_cls: 0.6237  decode.loss_mask: 1.3574  decode.loss_dice: 1.4437  decode.d0.loss_cls: 1.2367  decode.d0.loss_mask: 1.3601  decode.d0.loss_dice: 1.5887  decode.d1.loss_cls: 0.8351  decode.d1.loss_mask: 1.3755  decode.d1.loss_dice: 1.5227  decode.d2.loss_cls: 0.7003  decode.d2.loss_mask: 1.3636  decode.d2.loss_dice: 1.4813  decode.d3.loss_cls: 0.7015  decode.d3.loss_mask: 1.3650  decode.d3.loss_dice: 1.4446  decode.d4.loss_cls: 0.6762  decode.d4.loss_mask: 1.3753  decode.d4.loss_dice: 1.4674  decode.d5.loss_cls: 0.6979  decode.d5.loss_mask: 1.3733  decode.d5.loss_dice: 1.4649  decode.d6.loss_cls: 0.6581  decode.d6.loss_mask: 1.3636  decode.d6.loss_dice: 1.4513  decode.d7.loss_cls: 0.6180  decode.d7.loss_mask: 1.3781  decode.d7.loss_dice: 1.4520  decode.d8.loss_cls: 0.6193  decode.d8.loss_mask: 1.3573  decode.d8.loss_dice: 1.4345
2026/06/16 21:10:21 - mmengine - INFO - Iter(train) [ 6100/20000]  base_lr: 7.7318e-05 lr: 7.7318e-05  eta: 13:55:26  time: 3.5692  data_time: 0.0351  memory: 8724  grad_norm: 172.5056  loss: 36.1931  decode.loss_cls: 0.5735  decode.loss_mask: 1.3329  decode.loss_dice: 1.6389  decode.d0.loss_cls: 1.0124  decode.d0.loss_mask: 1.3398  decode.d0.loss_dice: 1.8074  decode.d1.loss_cls: 0.6841  decode.d1.loss_mask: 1.3190  decode.d1.loss_dice: 1.7309  decode.d2.loss_cls: 0.5529  decode.d2.loss_mask: 1.3267  decode.d2.loss_dice: 1.6898  decode.d3.loss_cls: 0.5596  decode.d3.loss_mask: 1.3137  decode.d3.loss_dice: 1.6779  decode.d4.loss_cls: 0.5489  decode.d4.loss_mask: 1.3022  decode.d4.loss_dice: 1.6856  decode.d5.loss_cls: 0.5164  decode.d5.loss_mask: 1.3070  decode.d5.loss_dice: 1.6795  decode.d6.loss_cls: 0.5295  decode.d6.loss_mask: 1.3238  decode.d6.loss_dice: 1.6685  decode.d7.loss_cls: 0.5529  decode.d7.loss_mask: 1.3187  decode.d7.loss_dice: 1.6583  decode.d8.loss_cls: 0.5503  decode.d8.loss_mask: 1.3299  decode.d8.loss_dice: 1.6621
2026/06/16 21:13:21 - mmengine - INFO - Iter(train) [ 6150/20000]  base_lr: 7.7068e-05 lr: 7.7068e-05  eta: 13:52:24  time: 3.5849  data_time: 0.0342  memory: 8724  grad_norm: 194.1304  loss: 38.4771  decode.loss_cls: 0.5595  decode.loss_mask: 1.4971  decode.loss_dice: 1.6837  decode.d0.loss_cls: 1.1666  decode.d0.loss_mask: 1.4842  decode.d0.loss_dice: 1.8019  decode.d1.loss_cls: 0.7321  decode.d1.loss_mask: 1.4654  decode.d1.loss_dice: 1.7347  decode.d2.loss_cls: 0.6021  decode.d2.loss_mask: 1.4851  decode.d2.loss_dice: 1.6860  decode.d3.loss_cls: 0.6140  decode.d3.loss_mask: 1.4898  decode.d3.loss_dice: 1.6466  decode.d4.loss_cls: 0.6334  decode.d4.loss_mask: 1.4990  decode.d4.loss_dice: 1.6552  decode.d5.loss_cls: 0.6466  decode.d5.loss_mask: 1.4794  decode.d5.loss_dice: 1.6601  decode.d6.loss_cls: 0.6051  decode.d6.loss_mask: 1.4911  decode.d6.loss_dice: 1.6559  decode.d7.loss_cls: 0.5573  decode.d7.loss_mask: 1.4968  decode.d7.loss_dice: 1.6744  decode.d8.loss_cls: 0.5826  decode.d8.loss_mask: 1.5012  decode.d8.loss_dice: 1.6904
2026/06/16 21:16:20 - mmengine - INFO - Iter(train) [ 6200/20000]  base_lr: 7.6817e-05 lr: 7.6817e-05  eta: 13:49:22  time: 3.5803  data_time: 0.0345  memory: 8724  grad_norm: 156.5794  loss: 38.7093  decode.loss_cls: 0.5991  decode.loss_mask: 1.4995  decode.loss_dice: 1.7135  decode.d0.loss_cls: 1.1639  decode.d0.loss_mask: 1.5055  decode.d0.loss_dice: 1.7973  decode.d1.loss_cls: 0.6881  decode.d1.loss_mask: 1.4966  decode.d1.loss_dice: 1.7735  decode.d2.loss_cls: 0.6373  decode.d2.loss_mask: 1.4912  decode.d2.loss_dice: 1.7411  decode.d3.loss_cls: 0.5855  decode.d3.loss_mask: 1.4722  decode.d3.loss_dice: 1.7063  decode.d4.loss_cls: 0.5691  decode.d4.loss_mask: 1.4840  decode.d4.loss_dice: 1.7177  decode.d5.loss_cls: 0.5811  decode.d5.loss_mask: 1.4818  decode.d5.loss_dice: 1.7075  decode.d6.loss_cls: 0.5714  decode.d6.loss_mask: 1.4909  decode.d6.loss_dice: 1.7047  decode.d7.loss_cls: 0.5770  decode.d7.loss_mask: 1.4821  decode.d7.loss_dice: 1.7018  decode.d8.loss_cls: 0.5563  decode.d8.loss_mask: 1.4978  decode.d8.loss_dice: 1.7155
2026/06/16 21:19:20 - mmengine - INFO - Iter(train) [ 6250/20000]  base_lr: 7.6567e-05 lr: 7.6567e-05  eta: 13:46:21  time: 3.5934  data_time: 0.0356  memory: 8724  grad_norm: 182.6312  loss: 36.6749  decode.loss_cls: 0.5678  decode.loss_mask: 1.3977  decode.loss_dice: 1.6170  decode.d0.loss_cls: 1.1254  decode.d0.loss_mask: 1.3735  decode.d0.loss_dice: 1.7341  decode.d1.loss_cls: 0.7462  decode.d1.loss_mask: 1.3915  decode.d1.loss_dice: 1.6584  decode.d2.loss_cls: 0.5663  decode.d2.loss_mask: 1.3983  decode.d2.loss_dice: 1.6533  decode.d3.loss_cls: 0.5862  decode.d3.loss_mask: 1.3741  decode.d3.loss_dice: 1.6115  decode.d4.loss_cls: 0.5510  decode.d4.loss_mask: 1.3772  decode.d4.loss_dice: 1.6280  decode.d5.loss_cls: 0.5629  decode.d5.loss_mask: 1.3747  decode.d5.loss_dice: 1.6268  decode.d6.loss_cls: 0.5809  decode.d6.loss_mask: 1.3835  decode.d6.loss_dice: 1.5996  decode.d7.loss_cls: 0.5700  decode.d7.loss_mask: 1.3894  decode.d7.loss_dice: 1.6359  decode.d8.loss_cls: 0.5653  decode.d8.loss_mask: 1.3971  decode.d8.loss_dice: 1.6312
2026/06/16 21:22:19 - mmengine - INFO - Iter(train) [ 6300/20000]  base_lr: 7.6316e-05 lr: 7.6316e-05  eta: 13:43:18  time: 3.5996  data_time: 0.0351  memory: 8724  grad_norm: 223.4094  loss: 36.1288  decode.loss_cls: 0.5951  decode.loss_mask: 1.3437  decode.loss_dice: 1.5746  decode.d0.loss_cls: 1.1288  decode.d0.loss_mask: 1.3554  decode.d0.loss_dice: 1.6923  decode.d1.loss_cls: 0.7243  decode.d1.loss_mask: 1.3612  decode.d1.loss_dice: 1.6329  decode.d2.loss_cls: 0.6384  decode.d2.loss_mask: 1.3494  decode.d2.loss_dice: 1.5897  decode.d3.loss_cls: 0.6361  decode.d3.loss_mask: 1.3353  decode.d3.loss_dice: 1.5531  decode.d4.loss_cls: 0.5940  decode.d4.loss_mask: 1.3428  decode.d4.loss_dice: 1.5821  decode.d5.loss_cls: 0.6281  decode.d5.loss_mask: 1.3217  decode.d5.loss_dice: 1.5729  decode.d6.loss_cls: 0.6377  decode.d6.loss_mask: 1.3417  decode.d6.loss_dice: 1.5565  decode.d7.loss_cls: 0.6199  decode.d7.loss_mask: 1.3275  decode.d7.loss_dice: 1.5612  decode.d8.loss_cls: 0.6191  decode.d8.loss_mask: 1.3433  decode.d8.loss_dice: 1.5703
2026/06/16 21:25:19 - mmengine - INFO - Iter(train) [ 6350/20000]  base_lr: 7.6065e-05 lr: 7.6065e-05  eta: 13:40:16  time: 3.5901  data_time: 0.0347  memory: 8724  grad_norm: 242.1117  loss: 38.4618  decode.loss_cls: 0.5734  decode.loss_mask: 1.5057  decode.loss_dice: 1.6436  decode.d0.loss_cls: 1.1375  decode.d0.loss_mask: 1.5524  decode.d0.loss_dice: 1.7866  decode.d1.loss_cls: 0.6487  decode.d1.loss_mask: 1.5226  decode.d1.loss_dice: 1.7203  decode.d2.loss_cls: 0.6315  decode.d2.loss_mask: 1.5260  decode.d2.loss_dice: 1.6876  decode.d3.loss_cls: 0.5822  decode.d3.loss_mask: 1.5229  decode.d3.loss_dice: 1.6768  decode.d4.loss_cls: 0.5774  decode.d4.loss_mask: 1.5397  decode.d4.loss_dice: 1.6948  decode.d5.loss_cls: 0.5611  decode.d5.loss_mask: 1.5085  decode.d5.loss_dice: 1.6826  decode.d6.loss_cls: 0.5685  decode.d6.loss_mask: 1.4947  decode.d6.loss_dice: 1.6532  decode.d7.loss_cls: 0.5452  decode.d7.loss_mask: 1.5172  decode.d7.loss_dice: 1.6794  decode.d8.loss_cls: 0.5764  decode.d8.loss_mask: 1.4940  decode.d8.loss_dice: 1.6514
2026/06/16 21:28:18 - mmengine - INFO - Iter(train) [ 6400/20000]  base_lr: 7.5814e-05 lr: 7.5814e-05  eta: 13:37:14  time: 3.6020  data_time: 0.0359  memory: 8724  grad_norm: 165.9805  loss: 38.0186  decode.loss_cls: 0.6226  decode.loss_mask: 1.3205  decode.loss_dice: 1.7754  decode.d0.loss_cls: 1.1406  decode.d0.loss_mask: 1.3789  decode.d0.loss_dice: 1.9115  decode.d1.loss_cls: 0.7229  decode.d1.loss_mask: 1.3474  decode.d1.loss_dice: 1.8414  decode.d2.loss_cls: 0.6372  decode.d2.loss_mask: 1.3372  decode.d2.loss_dice: 1.7948  decode.d3.loss_cls: 0.6158  decode.d3.loss_mask: 1.3395  decode.d3.loss_dice: 1.7513  decode.d4.loss_cls: 0.6222  decode.d4.loss_mask: 1.3274  decode.d4.loss_dice: 1.7463  decode.d5.loss_cls: 0.5820  decode.d5.loss_mask: 1.3275  decode.d5.loss_dice: 1.7670  decode.d6.loss_cls: 0.6026  decode.d6.loss_mask: 1.3298  decode.d6.loss_dice: 1.7718  decode.d7.loss_cls: 0.6212  decode.d7.loss_mask: 1.3283  decode.d7.loss_dice: 1.7732  decode.d8.loss_cls: 0.5742  decode.d8.loss_mask: 1.3376  decode.d8.loss_dice: 1.7705
2026/06/16 21:31:18 - mmengine - INFO - Iter(train) [ 6450/20000]  base_lr: 7.5563e-05 lr: 7.5563e-05  eta: 13:34:12  time: 3.5916  data_time: 0.0344  memory: 8724  grad_norm: 179.8228  loss: 35.7886  decode.loss_cls: 0.4784  decode.loss_mask: 1.4442  decode.loss_dice: 1.5646  decode.d0.loss_cls: 0.9335  decode.d0.loss_mask: 1.4715  decode.d0.loss_dice: 1.6900  decode.d1.loss_cls: 0.5813  decode.d1.loss_mask: 1.4450  decode.d1.loss_dice: 1.6430  decode.d2.loss_cls: 0.5423  decode.d2.loss_mask: 1.4312  decode.d2.loss_dice: 1.5873  decode.d3.loss_cls: 0.5127  decode.d3.loss_mask: 1.4165  decode.d3.loss_dice: 1.5473  decode.d4.loss_cls: 0.5175  decode.d4.loss_mask: 1.4359  decode.d4.loss_dice: 1.5812  decode.d5.loss_cls: 0.4718  decode.d5.loss_mask: 1.4413  decode.d5.loss_dice: 1.5776  decode.d6.loss_cls: 0.4591  decode.d6.loss_mask: 1.4531  decode.d6.loss_dice: 1.5851  decode.d7.loss_cls: 0.4593  decode.d7.loss_mask: 1.4501  decode.d7.loss_dice: 1.5705  decode.d8.loss_cls: 0.4855  decode.d8.loss_mask: 1.4474  decode.d8.loss_dice: 1.5647
2026/06/16 21:34:17 - mmengine - INFO - Iter(train) [ 6500/20000]  base_lr: 7.5312e-05 lr: 7.5312e-05  eta: 13:31:10  time: 3.5973  data_time: 0.0344  memory: 8724  grad_norm: 202.8975  loss: 34.5455  decode.loss_cls: 0.6407  decode.loss_mask: 1.2464  decode.loss_dice: 1.5052  decode.d0.loss_cls: 1.1091  decode.d0.loss_mask: 1.2253  decode.d0.loss_dice: 1.6099  decode.d1.loss_cls: 0.6997  decode.d1.loss_mask: 1.2420  decode.d1.loss_dice: 1.5418  decode.d2.loss_cls: 0.6419  decode.d2.loss_mask: 1.2349  decode.d2.loss_dice: 1.5086  decode.d3.loss_cls: 0.6315  decode.d3.loss_mask: 1.2401  decode.d3.loss_dice: 1.4959  decode.d4.loss_cls: 0.6590  decode.d4.loss_mask: 1.2357  decode.d4.loss_dice: 1.4995  decode.d5.loss_cls: 0.6383  decode.d5.loss_mask: 1.2507  decode.d5.loss_dice: 1.4937  decode.d6.loss_cls: 0.6075  decode.d6.loss_mask: 1.2772  decode.d6.loss_dice: 1.5022  decode.d7.loss_cls: 0.6276  decode.d7.loss_mask: 1.2759  decode.d7.loss_dice: 1.4935  decode.d8.loss_cls: 0.6486  decode.d8.loss_mask: 1.2614  decode.d8.loss_dice: 1.5016
2026/06/16 21:37:17 - mmengine - INFO - Iter(train) [ 6550/20000]  base_lr: 7.5061e-05 lr: 7.5061e-05  eta: 13:28:09  time: 3.6041  data_time: 0.0417  memory: 8724  grad_norm: 183.6688  loss: 36.7268  decode.loss_cls: 0.5232  decode.loss_mask: 1.4054  decode.loss_dice: 1.6682  decode.d0.loss_cls: 1.0593  decode.d0.loss_mask: 1.3947  decode.d0.loss_dice: 1.7715  decode.d1.loss_cls: 0.6221  decode.d1.loss_mask: 1.4100  decode.d1.loss_dice: 1.6901  decode.d2.loss_cls: 0.5363  decode.d2.loss_mask: 1.3927  decode.d2.loss_dice: 1.6691  decode.d3.loss_cls: 0.5409  decode.d3.loss_mask: 1.3978  decode.d3.loss_dice: 1.6499  decode.d4.loss_cls: 0.5731  decode.d4.loss_mask: 1.3913  decode.d4.loss_dice: 1.6602  decode.d5.loss_cls: 0.5496  decode.d5.loss_mask: 1.3908  decode.d5.loss_dice: 1.6469  decode.d6.loss_cls: 0.5088  decode.d6.loss_mask: 1.4077  decode.d6.loss_dice: 1.6571  decode.d7.loss_cls: 0.5315  decode.d7.loss_mask: 1.4131  decode.d7.loss_dice: 1.6549  decode.d8.loss_cls: 0.5388  decode.d8.loss_mask: 1.4097  decode.d8.loss_dice: 1.6620
2026/06/16 21:40:16 - mmengine - INFO - Iter(train) [ 6600/20000]  base_lr: 7.4810e-05 lr: 7.4810e-05  eta: 13:25:07  time: 3.5978  data_time: 0.0346  memory: 8724  grad_norm: 176.5396  loss: 34.1591  decode.loss_cls: 0.4731  decode.loss_mask: 1.2829  decode.loss_dice: 1.5400  decode.d0.loss_cls: 1.0511  decode.d0.loss_mask: 1.3017  decode.d0.loss_dice: 1.6416  decode.d1.loss_cls: 0.6369  decode.d1.loss_mask: 1.3015  decode.d1.loss_dice: 1.5810  decode.d2.loss_cls: 0.5554  decode.d2.loss_mask: 1.2948  decode.d2.loss_dice: 1.5632  decode.d3.loss_cls: 0.5164  decode.d3.loss_mask: 1.2864  decode.d3.loss_dice: 1.5564  decode.d4.loss_cls: 0.5229  decode.d4.loss_mask: 1.2827  decode.d4.loss_dice: 1.5328  decode.d5.loss_cls: 0.5106  decode.d5.loss_mask: 1.2871  decode.d5.loss_dice: 1.5275  decode.d6.loss_cls: 0.4642  decode.d6.loss_mask: 1.2961  decode.d6.loss_dice: 1.5300  decode.d7.loss_cls: 0.5007  decode.d7.loss_mask: 1.2908  decode.d7.loss_dice: 1.5376  decode.d8.loss_cls: 0.4722  decode.d8.loss_mask: 1.2869  decode.d8.loss_dice: 1.5346
2026/06/16 21:43:16 - mmengine - INFO - Iter(train) [ 6650/20000]  base_lr: 7.4559e-05 lr: 7.4559e-05  eta: 13:22:05  time: 3.5977  data_time: 0.0343  memory: 8724  grad_norm: 177.3246  loss: 37.8401  decode.loss_cls: 0.6067  decode.loss_mask: 1.3544  decode.loss_dice: 1.6999  decode.d0.loss_cls: 1.2227  decode.d0.loss_mask: 1.3476  decode.d0.loss_dice: 1.8195  decode.d1.loss_cls: 0.7725  decode.d1.loss_mask: 1.3644  decode.d1.loss_dice: 1.7477  decode.d2.loss_cls: 0.7500  decode.d2.loss_mask: 1.3272  decode.d2.loss_dice: 1.7091  decode.d3.loss_cls: 0.6628  decode.d3.loss_mask: 1.3440  decode.d3.loss_dice: 1.6934  decode.d4.loss_cls: 0.7126  decode.d4.loss_mask: 1.3448  decode.d4.loss_dice: 1.6925  decode.d5.loss_cls: 0.6342  decode.d5.loss_mask: 1.3389  decode.d5.loss_dice: 1.7146  decode.d6.loss_cls: 0.6066  decode.d6.loss_mask: 1.3534  decode.d6.loss_dice: 1.7061  decode.d7.loss_cls: 0.6147  decode.d7.loss_mask: 1.3436  decode.d7.loss_dice: 1.7065  decode.d8.loss_cls: 0.5914  decode.d8.loss_mask: 1.3572  decode.d8.loss_dice: 1.7013
2026/06/16 21:46:15 - mmengine - INFO - Iter(train) [ 6700/20000]  base_lr: 7.4308e-05 lr: 7.4308e-05  eta: 13:19:03  time: 3.5934  data_time: 0.0343  memory: 8724  grad_norm: 247.4559  loss: 36.9155  decode.loss_cls: 0.5500  decode.loss_mask: 1.4102  decode.loss_dice: 1.5886  decode.d0.loss_cls: 1.1705  decode.d0.loss_mask: 1.4710  decode.d0.loss_dice: 1.7582  decode.d1.loss_cls: 0.7404  decode.d1.loss_mask: 1.4173  decode.d1.loss_dice: 1.6925  decode.d2.loss_cls: 0.6498  decode.d2.loss_mask: 1.3943  decode.d2.loss_dice: 1.6258  decode.d3.loss_cls: 0.5588  decode.d3.loss_mask: 1.3905  decode.d3.loss_dice: 1.6110  decode.d4.loss_cls: 0.5978  decode.d4.loss_mask: 1.4055  decode.d4.loss_dice: 1.6054  decode.d5.loss_cls: 0.6148  decode.d5.loss_mask: 1.3875  decode.d5.loss_dice: 1.5891  decode.d6.loss_cls: 0.5748  decode.d6.loss_mask: 1.3974  decode.d6.loss_dice: 1.5879  decode.d7.loss_cls: 0.5650  decode.d7.loss_mask: 1.4025  decode.d7.loss_dice: 1.5975  decode.d8.loss_cls: 0.5769  decode.d8.loss_mask: 1.3912  decode.d8.loss_dice: 1.5932
2026/06/16 21:49:14 - mmengine - INFO - Iter(train) [ 6750/20000]  base_lr: 7.4056e-05 lr: 7.4056e-05  eta: 13:16:01  time: 3.5931  data_time: 0.0332  memory: 8724  grad_norm: 174.9790  loss: 34.6814  decode.loss_cls: 0.5846  decode.loss_mask: 1.3015  decode.loss_dice: 1.4890  decode.d0.loss_cls: 1.0587  decode.d0.loss_mask: 1.3331  decode.d0.loss_dice: 1.6153  decode.d1.loss_cls: 0.7034  decode.d1.loss_mask: 1.3305  decode.d1.loss_dice: 1.5694  decode.d2.loss_cls: 0.5722  decode.d2.loss_mask: 1.3034  decode.d2.loss_dice: 1.5273  decode.d3.loss_cls: 0.5875  decode.d3.loss_mask: 1.2979  decode.d3.loss_dice: 1.4941  decode.d4.loss_cls: 0.5957  decode.d4.loss_mask: 1.2964  decode.d4.loss_dice: 1.4905  decode.d5.loss_cls: 0.5749  decode.d5.loss_mask: 1.3085  decode.d5.loss_dice: 1.4985  decode.d6.loss_cls: 0.5956  decode.d6.loss_mask: 1.3042  decode.d6.loss_dice: 1.4858  decode.d7.loss_cls: 0.5579  decode.d7.loss_mask: 1.3271  decode.d7.loss_dice: 1.4888  decode.d8.loss_cls: 0.5626  decode.d8.loss_mask: 1.3195  decode.d8.loss_dice: 1.5075
2026/06/16 21:52:14 - mmengine - INFO - Iter(train) [ 6800/20000]  base_lr: 7.3805e-05 lr: 7.3805e-05  eta: 13:12:59  time: 3.6100  data_time: 0.0340  memory: 8724  grad_norm: 259.0148  loss: 36.0520  decode.loss_cls: 0.5033  decode.loss_mask: 1.3615  decode.loss_dice: 1.6606  decode.d0.loss_cls: 1.0097  decode.d0.loss_mask: 1.3531  decode.d0.loss_dice: 1.7529  decode.d1.loss_cls: 0.6876  decode.d1.loss_mask: 1.3321  decode.d1.loss_dice: 1.6873  decode.d2.loss_cls: 0.5727  decode.d2.loss_mask: 1.3387  decode.d2.loss_dice: 1.6289  decode.d3.loss_cls: 0.5514  decode.d3.loss_mask: 1.3250  decode.d3.loss_dice: 1.6188  decode.d4.loss_cls: 0.5340  decode.d4.loss_mask: 1.3372  decode.d4.loss_dice: 1.6519  decode.d5.loss_cls: 0.5441  decode.d5.loss_mask: 1.3436  decode.d5.loss_dice: 1.6534  decode.d6.loss_cls: 0.5187  decode.d6.loss_mask: 1.3394  decode.d6.loss_dice: 1.6448  decode.d7.loss_cls: 0.5300  decode.d7.loss_mask: 1.3533  decode.d7.loss_dice: 1.6615  decode.d8.loss_cls: 0.5474  decode.d8.loss_mask: 1.3575  decode.d8.loss_dice: 1.6518
2026/06/16 21:55:14 - mmengine - INFO - Iter(train) [ 6850/20000]  base_lr: 7.3553e-05 lr: 7.3553e-05  eta: 13:09:58  time: 3.6122  data_time: 0.0332  memory: 8724  grad_norm: 205.9926  loss: 36.3373  decode.loss_cls: 0.6448  decode.loss_mask: 1.3484  decode.loss_dice: 1.5493  decode.d0.loss_cls: 1.0212  decode.d0.loss_mask: 1.3772  decode.d0.loss_dice: 1.7311  decode.d1.loss_cls: 0.6749  decode.d1.loss_mask: 1.3860  decode.d1.loss_dice: 1.6714  decode.d2.loss_cls: 0.6116  decode.d2.loss_mask: 1.3670  decode.d2.loss_dice: 1.6242  decode.d3.loss_cls: 0.6047  decode.d3.loss_mask: 1.3650  decode.d3.loss_dice: 1.5673  decode.d4.loss_cls: 0.6273  decode.d4.loss_mask: 1.3626  decode.d4.loss_dice: 1.5704  decode.d5.loss_cls: 0.6609  decode.d5.loss_mask: 1.3509  decode.d5.loss_dice: 1.5657  decode.d6.loss_cls: 0.6623  decode.d6.loss_mask: 1.3499  decode.d6.loss_dice: 1.5572  decode.d7.loss_cls: 0.6335  decode.d7.loss_mask: 1.3613  decode.d7.loss_dice: 1.5395  decode.d8.loss_cls: 0.6317  decode.d8.loss_mask: 1.3679  decode.d8.loss_dice: 1.5522
2026/06/16 21:58:13 - mmengine - INFO - Iter(train) [ 6900/20000]  base_lr: 7.3301e-05 lr: 7.3301e-05  eta: 13:06:57  time: 3.5946  data_time: 0.0336  memory: 8724  grad_norm: 182.1485  loss: 36.0071  decode.loss_cls: 0.5488  decode.loss_mask: 1.3354  decode.loss_dice: 1.6338  decode.d0.loss_cls: 0.9211  decode.d0.loss_mask: 1.3734  decode.d0.loss_dice: 1.7115  decode.d1.loss_cls: 0.6478  decode.d1.loss_mask: 1.3607  decode.d1.loss_dice: 1.6855  decode.d2.loss_cls: 0.5377  decode.d2.loss_mask: 1.3558  decode.d2.loss_dice: 1.6644  decode.d3.loss_cls: 0.5517  decode.d3.loss_mask: 1.3445  decode.d3.loss_dice: 1.6415  decode.d4.loss_cls: 0.5655  decode.d4.loss_mask: 1.3543  decode.d4.loss_dice: 1.6429  decode.d5.loss_cls: 0.5869  decode.d5.loss_mask: 1.3543  decode.d5.loss_dice: 1.6098  decode.d6.loss_cls: 0.5731  decode.d6.loss_mask: 1.3350  decode.d6.loss_dice: 1.6129  decode.d7.loss_cls: 0.5737  decode.d7.loss_mask: 1.3383  decode.d7.loss_dice: 1.6325  decode.d8.loss_cls: 0.5571  decode.d8.loss_mask: 1.3442  decode.d8.loss_dice: 1.6130
2026/06/16 22:01:13 - mmengine - INFO - Iter(train) [ 6950/20000]  base_lr: 7.3049e-05 lr: 7.3049e-05  eta: 13:03:55  time: 3.5818  data_time: 0.0338  memory: 8724  grad_norm: 162.3512  loss: 34.7290  decode.loss_cls: 0.4700  decode.loss_mask: 1.4220  decode.loss_dice: 1.5515  decode.d0.loss_cls: 0.8891  decode.d0.loss_mask: 1.3828  decode.d0.loss_dice: 1.6345  decode.d1.loss_cls: 0.5219  decode.d1.loss_mask: 1.3759  decode.d1.loss_dice: 1.5926  decode.d2.loss_cls: 0.5151  decode.d2.loss_mask: 1.3814  decode.d2.loss_dice: 1.5591  decode.d3.loss_cls: 0.4863  decode.d3.loss_mask: 1.3782  decode.d3.loss_dice: 1.5542  decode.d4.loss_cls: 0.4821  decode.d4.loss_mask: 1.3980  decode.d4.loss_dice: 1.5602  decode.d5.loss_cls: 0.4544  decode.d5.loss_mask: 1.3910  decode.d5.loss_dice: 1.5545  decode.d6.loss_cls: 0.4656  decode.d6.loss_mask: 1.3853  decode.d6.loss_dice: 1.5368  decode.d7.loss_cls: 0.4616  decode.d7.loss_mask: 1.3918  decode.d7.loss_dice: 1.5463  decode.d8.loss_cls: 0.4477  decode.d8.loss_mask: 1.3948  decode.d8.loss_dice: 1.5440
2026/06/16 22:04:12 - mmengine - INFO - Exp name: dinov3l_m2f_pastis_temporal_v4_20260616_144812
2026/06/16 22:04:12 - mmengine - INFO - Iter(train) [ 7000/20000]  base_lr: 7.2797e-05 lr: 7.2797e-05  eta: 13:00:53  time: 3.5947  data_time: 0.0344  memory: 8724  grad_norm: 209.9684  loss: 31.5806  decode.loss_cls: 0.4245  decode.loss_mask: 1.2870  decode.loss_dice: 1.3629  decode.d0.loss_cls: 0.9118  decode.d0.loss_mask: 1.3170  decode.d0.loss_dice: 1.4705  decode.d1.loss_cls: 0.5095  decode.d1.loss_mask: 1.3030  decode.d1.loss_dice: 1.4125  decode.d2.loss_cls: 0.4433  decode.d2.loss_mask: 1.2837  decode.d2.loss_dice: 1.3777  decode.d3.loss_cls: 0.4505  decode.d3.loss_mask: 1.2753  decode.d3.loss_dice: 1.3494  decode.d4.loss_cls: 0.4576  decode.d4.loss_mask: 1.2803  decode.d4.loss_dice: 1.3513  decode.d5.loss_cls: 0.4340  decode.d5.loss_mask: 1.2751  decode.d5.loss_dice: 1.3422  decode.d6.loss_cls: 0.4494  decode.d6.loss_mask: 1.2934  decode.d6.loss_dice: 1.3565  decode.d7.loss_cls: 0.4134  decode.d7.loss_mask: 1.3024  decode.d7.loss_dice: 1.3639  decode.d8.loss_cls: 0.4310  decode.d8.loss_mask: 1.2897  decode.d8.loss_dice: 1.3619
2026/06/16 22:05:12 - mmengine - INFO - Iter(val) [ 50/121]    eta: 0:01:24  time: 1.1866  data_time: 0.0268  memory: 6229  
2026/06/16 22:06:11 - mmengine - INFO - Iter(val) [100/121]    eta: 0:00:25  time: 1.1860  data_time: 0.0268  memory: 6229  
2026/06/16 22:06:36 - mmengine - INFO - per class results:
2026/06/16 22:06:36 - mmengine - INFO - 
+---------+-------+-------+
|  Class  |  IoU  |  Acc  |
+---------+-------+-------+
|  crop_1 | 71.48 | 80.11 |
|  crop_2 | 62.74 | 81.86 |
|  crop_3 |  74.8 |  85.4 |
|  crop_4 | 83.57 |  93.1 |
|  crop_5 | 73.25 | 86.48 |
|  crop_6 | 85.42 | 92.07 |
|  crop_7 | 37.28 | 60.59 |
|  crop_8 | 51.74 | 61.58 |
|  crop_9 | 47.54 | 64.58 |
| crop_10 | 73.27 |  88.0 |
| crop_11 | 31.72 |  55.8 |
| crop_12 | 42.61 | 54.32 |
| crop_13 | 32.76 | 55.28 |
| crop_14 | 39.86 | 67.42 |
| crop_15 | 42.35 | 56.88 |
| crop_16 | 72.22 | 82.69 |
| crop_17 | 36.97 | 52.29 |
| crop_18 | 31.19 | 61.25 |
| crop_19 | 26.51 | 36.55 |
+---------+-------+-------+
2026/06/16 22:06:36 - mmengine - INFO - Iter(val) [121/121]    aAcc: 80.1100  mIoU: 53.5400  mAcc: 69.2800  data_time: 0.0300  time: 1.1813
2026/06/16 22:09:35 - mmengine - INFO - Iter(train) [ 7050/20000]  base_lr: 7.2545e-05 lr: 7.2545e-05  eta: 12:57:52  time: 3.5811  data_time: 0.0345  memory: 8724  grad_norm: 165.3002  loss: 38.6911  decode.loss_cls: 0.6149  decode.loss_mask: 1.4181  decode.loss_dice: 1.6936  decode.d0.loss_cls: 1.0944  decode.d0.loss_mask: 1.4600  decode.d0.loss_dice: 1.8211  decode.d1.loss_cls: 0.7584  decode.d1.loss_mask: 1.4468  decode.d1.loss_dice: 1.7560  decode.d2.loss_cls: 0.7338  decode.d2.loss_mask: 1.4141  decode.d2.loss_dice: 1.7321  decode.d3.loss_cls: 0.6853  decode.d3.loss_mask: 1.4156  decode.d3.loss_dice: 1.7010  decode.d4.loss_cls: 0.7207  decode.d4.loss_mask: 1.4213  decode.d4.loss_dice: 1.6859  decode.d5.loss_cls: 0.6725  decode.d5.loss_mask: 1.4306  decode.d5.loss_dice: 1.6959  decode.d6.loss_cls: 0.6572  decode.d6.loss_mask: 1.4297  decode.d6.loss_dice: 1.7023  decode.d7.loss_cls: 0.6441  decode.d7.loss_mask: 1.4207  decode.d7.loss_dice: 1.7066  decode.d8.loss_cls: 0.6262  decode.d8.loss_mask: 1.4196  decode.d8.loss_dice: 1.7126
2026/06/16 22:12:35 - mmengine - INFO - Iter(train) [ 7100/20000]  base_lr: 7.2293e-05 lr: 7.2293e-05  eta: 12:54:50  time: 3.5838  data_time: 0.0339  memory: 8724  grad_norm: 225.4143  loss: 37.8593  decode.loss_cls: 0.4912  decode.loss_mask: 1.4396  decode.loss_dice: 1.7430  decode.d0.loss_cls: 1.0049  decode.d0.loss_mask: 1.4789  decode.d0.loss_dice: 1.8901  decode.d1.loss_cls: 0.6714  decode.d1.loss_mask: 1.4676  decode.d1.loss_dice: 1.8050  decode.d2.loss_cls: 0.5390  decode.d2.loss_mask: 1.4728  decode.d2.loss_dice: 1.7678  decode.d3.loss_cls: 0.4998  decode.d3.loss_mask: 1.4619  decode.d3.loss_dice: 1.7352  decode.d4.loss_cls: 0.5013  decode.d4.loss_mask: 1.4452  decode.d4.loss_dice: 1.7524  decode.d5.loss_cls: 0.4872  decode.d5.loss_mask: 1.4521  decode.d5.loss_dice: 1.7401  decode.d6.loss_cls: 0.4852  decode.d6.loss_mask: 1.4499  decode.d6.loss_dice: 1.7255  decode.d7.loss_cls: 0.4937  decode.d7.loss_mask: 1.4338  decode.d7.loss_dice: 1.7434  decode.d8.loss_cls: 0.5038  decode.d8.loss_mask: 1.4389  decode.d8.loss_dice: 1.7387
2026/06/16 22:15:34 - mmengine - INFO - Iter(train) [ 7150/20000]  base_lr: 7.2041e-05 lr: 7.2041e-05  eta: 12:51:49  time: 3.5819  data_time: 0.0338  memory: 8724  grad_norm: 217.3905  loss: 33.4650  decode.loss_cls: 0.4413  decode.loss_mask: 1.3368  decode.loss_dice: 1.5108  decode.d0.loss_cls: 0.8640  decode.d0.loss_mask: 1.3608  decode.d0.loss_dice: 1.5855  decode.d1.loss_cls: 0.5903  decode.d1.loss_mask: 1.3476  decode.d1.loss_dice: 1.5515  decode.d2.loss_cls: 0.4094  decode.d2.loss_mask: 1.3341  decode.d2.loss_dice: 1.5309  decode.d3.loss_cls: 0.4109  decode.d3.loss_mask: 1.3351  decode.d3.loss_dice: 1.5241  decode.d4.loss_cls: 0.4093  decode.d4.loss_mask: 1.3447  decode.d4.loss_dice: 1.5199  decode.d5.loss_cls: 0.4404  decode.d5.loss_mask: 1.3403  decode.d5.loss_dice: 1.5164  decode.d6.loss_cls: 0.3804  decode.d6.loss_mask: 1.3380  decode.d6.loss_dice: 1.5081  decode.d7.loss_cls: 0.4111  decode.d7.loss_mask: 1.3428  decode.d7.loss_dice: 1.5067  decode.d8.loss_cls: 0.4274  decode.d8.loss_mask: 1.3319  decode.d8.loss_dice: 1.5143
2026/06/16 22:18:33 - mmengine - INFO - Iter(train) [ 7200/20000]  base_lr: 7.1789e-05 lr: 7.1789e-05  eta: 12:48:47  time: 3.5802  data_time: 0.0340  memory: 8724  grad_norm: 167.9635  loss: 35.8215  decode.loss_cls: 0.4814  decode.loss_mask: 1.4120  decode.loss_dice: 1.5676  decode.d0.loss_cls: 0.9616  decode.d0.loss_mask: 1.4316  decode.d0.loss_dice: 1.7315  decode.d1.loss_cls: 0.6506  decode.d1.loss_mask: 1.4100  decode.d1.loss_dice: 1.6587  decode.d2.loss_cls: 0.5176  decode.d2.loss_mask: 1.4256  decode.d2.loss_dice: 1.6315  decode.d3.loss_cls: 0.4938  decode.d3.loss_mask: 1.4106  decode.d3.loss_dice: 1.5970  decode.d4.loss_cls: 0.4803  decode.d4.loss_mask: 1.4147  decode.d4.loss_dice: 1.5963  decode.d5.loss_cls: 0.4908  decode.d5.loss_mask: 1.4144  decode.d5.loss_dice: 1.5971  decode.d6.loss_cls: 0.4995  decode.d6.loss_mask: 1.3961  decode.d6.loss_dice: 1.6000  decode.d7.loss_cls: 0.4917  decode.d7.loss_mask: 1.4078  decode.d7.loss_dice: 1.5812  decode.d8.loss_cls: 0.4823  decode.d8.loss_mask: 1.4211  decode.d8.loss_dice: 1.5672
2026/06/16 22:21:33 - mmengine - INFO - Iter(train) [ 7250/20000]  base_lr: 7.1536e-05 lr: 7.1536e-05  eta: 12:45:46  time: 3.6006  data_time: 0.0339  memory: 8724  grad_norm: 208.3609  loss: 32.5260  decode.loss_cls: 0.4134  decode.loss_mask: 1.2944  decode.loss_dice: 1.4462  decode.d0.loss_cls: 0.8571  decode.d0.loss_mask: 1.3290  decode.d0.loss_dice: 1.5663  decode.d1.loss_cls: 0.5233  decode.d1.loss_mask: 1.3314  decode.d1.loss_dice: 1.5159  decode.d2.loss_cls: 0.4153  decode.d2.loss_mask: 1.3223  decode.d2.loss_dice: 1.4857  decode.d3.loss_cls: 0.4126  decode.d3.loss_mask: 1.2997  decode.d3.loss_dice: 1.4570  decode.d4.loss_cls: 0.4630  decode.d4.loss_mask: 1.2845  decode.d4.loss_dice: 1.4462  decode.d5.loss_cls: 0.4345  decode.d5.loss_mask: 1.2945  decode.d5.loss_dice: 1.4504  decode.d6.loss_cls: 0.4269  decode.d6.loss_mask: 1.2921  decode.d6.loss_dice: 1.4449  decode.d7.loss_cls: 0.4301  decode.d7.loss_mask: 1.2876  decode.d7.loss_dice: 1.4407  decode.d8.loss_cls: 0.4417  decode.d8.loss_mask: 1.2923  decode.d8.loss_dice: 1.4268
2026/06/16 22:24:33 - mmengine - INFO - Iter(train) [ 7300/20000]  base_lr: 7.1284e-05 lr: 7.1284e-05  eta: 12:42:45  time: 3.5942  data_time: 0.0346  memory: 8724  grad_norm: 141.6147  loss: 31.7001  decode.loss_cls: 0.3467  decode.loss_mask: 1.3136  decode.loss_dice: 1.4183  decode.d0.loss_cls: 0.8547  decode.d0.loss_mask: 1.3344  decode.d0.loss_dice: 1.5059  decode.d1.loss_cls: 0.4720  decode.d1.loss_mask: 1.3263  decode.d1.loss_dice: 1.4748  decode.d2.loss_cls: 0.3926  decode.d2.loss_mask: 1.3112  decode.d2.loss_dice: 1.4389  decode.d3.loss_cls: 0.3685  decode.d3.loss_mask: 1.3083  decode.d3.loss_dice: 1.4265  decode.d4.loss_cls: 0.3748  decode.d4.loss_mask: 1.3047  decode.d4.loss_dice: 1.4181  decode.d5.loss_cls: 0.3594  decode.d5.loss_mask: 1.3063  decode.d5.loss_dice: 1.4052  decode.d6.loss_cls: 0.3545  decode.d6.loss_mask: 1.3167  decode.d6.loss_dice: 1.4172  decode.d7.loss_cls: 0.3406  decode.d7.loss_mask: 1.3179  decode.d7.loss_dice: 1.4140  decode.d8.loss_cls: 0.3400  decode.d8.loss_mask: 1.3158  decode.d8.loss_dice: 1.4222
2026/06/16 22:27:32 - mmengine - INFO - Iter(train) [ 7350/20000]  base_lr: 7.1031e-05 lr: 7.1031e-05  eta: 12:39:43  time: 3.5922  data_time: 0.0337  memory: 8724  grad_norm: 159.5683  loss: 35.4290  decode.loss_cls: 0.5416  decode.loss_mask: 1.3491  decode.loss_dice: 1.5762  decode.d0.loss_cls: 0.9967  decode.d0.loss_mask: 1.3724  decode.d0.loss_dice: 1.7215  decode.d1.loss_cls: 0.6208  decode.d1.loss_mask: 1.3820  decode.d1.loss_dice: 1.6609  decode.d2.loss_cls: 0.5414  decode.d2.loss_mask: 1.3384  decode.d2.loss_dice: 1.6113  decode.d3.loss_cls: 0.5280  decode.d3.loss_mask: 1.3456  decode.d3.loss_dice: 1.5792  decode.d4.loss_cls: 0.5486  decode.d4.loss_mask: 1.3372  decode.d4.loss_dice: 1.5708  decode.d5.loss_cls: 0.5444  decode.d5.loss_mask: 1.3487  decode.d5.loss_dice: 1.5684  decode.d6.loss_cls: 0.5340  decode.d6.loss_mask: 1.3440  decode.d6.loss_dice: 1.5731  decode.d7.loss_cls: 0.5346  decode.d7.loss_mask: 1.3458  decode.d7.loss_dice: 1.5727  decode.d8.loss_cls: 0.5020  decode.d8.loss_mask: 1.3491  decode.d8.loss_dice: 1.5905
2026/06/16 22:30:32 - mmengine - INFO - Iter(train) [ 7400/20000]  base_lr: 7.0778e-05 lr: 7.0778e-05  eta: 12:36:43  time: 3.6102  data_time: 0.0347  memory: 8724  grad_norm: 201.1584  loss: 33.4764  decode.loss_cls: 0.4669  decode.loss_mask: 1.2590  decode.loss_dice: 1.5137  decode.d0.loss_cls: 0.8671  decode.d0.loss_mask: 1.2720  decode.d0.loss_dice: 1.6146  decode.d1.loss_cls: 0.6014  decode.d1.loss_mask: 1.2727  decode.d1.loss_dice: 1.5803  decode.d2.loss_cls: 0.5189  decode.d2.loss_mask: 1.2822  decode.d2.loss_dice: 1.5331  decode.d3.loss_cls: 0.5280  decode.d3.loss_mask: 1.2727  decode.d3.loss_dice: 1.4989  decode.d4.loss_cls: 0.5169  decode.d4.loss_mask: 1.2676  decode.d4.loss_dice: 1.5119  decode.d5.loss_cls: 0.5159  decode.d5.loss_mask: 1.2682  decode.d5.loss_dice: 1.5055  decode.d6.loss_cls: 0.4723  decode.d6.loss_mask: 1.2928  decode.d6.loss_dice: 1.5195  decode.d7.loss_cls: 0.4831  decode.d7.loss_mask: 1.2721  decode.d7.loss_dice: 1.5179  decode.d8.loss_cls: 0.4704  decode.d8.loss_mask: 1.2705  decode.d8.loss_dice: 1.5105
2026/06/16 22:33:33 - mmengine - INFO - Iter(train) [ 7450/20000]  base_lr: 7.0525e-05 lr: 7.0525e-05  eta: 12:33:43  time: 3.6156  data_time: 0.0336  memory: 8724  grad_norm: 203.7789  loss: 36.6797  decode.loss_cls: 0.6358  decode.loss_mask: 1.3465  decode.loss_dice: 1.5531  decode.d0.loss_cls: 1.0721  decode.d0.loss_mask: 1.4186  decode.d0.loss_dice: 1.7145  decode.d1.loss_cls: 0.7594  decode.d1.loss_mask: 1.4152  decode.d1.loss_dice: 1.6505  decode.d2.loss_cls: 0.6778  decode.d2.loss_mask: 1.3779  decode.d2.loss_dice: 1.6032  decode.d3.loss_cls: 0.6643  decode.d3.loss_mask: 1.3552  decode.d3.loss_dice: 1.5499  decode.d4.loss_cls: 0.6813  decode.d4.loss_mask: 1.3704  decode.d4.loss_dice: 1.5629  decode.d5.loss_cls: 0.6831  decode.d5.loss_mask: 1.3769  decode.d5.loss_dice: 1.5499  decode.d6.loss_cls: 0.6561  decode.d6.loss_mask: 1.3599  decode.d6.loss_dice: 1.5457  decode.d7.loss_cls: 0.6485  decode.d7.loss_mask: 1.3588  decode.d7.loss_dice: 1.5436  decode.d8.loss_cls: 0.6157  decode.d8.loss_mask: 1.3716  decode.d8.loss_dice: 1.5611
2026/06/16 22:36:33 - mmengine - INFO - Iter(train) [ 7500/20000]  base_lr: 7.0273e-05 lr: 7.0273e-05  eta: 12:30:44  time: 3.6098  data_time: 0.0343  memory: 8724  grad_norm: 203.0323  loss: 35.4066  decode.loss_cls: 0.5785  decode.loss_mask: 1.2754  decode.loss_dice: 1.5743  decode.d0.loss_cls: 1.1552  decode.d0.loss_mask: 1.2797  decode.d0.loss_dice: 1.6837  decode.d1.loss_cls: 0.7146  decode.d1.loss_mask: 1.2897  decode.d1.loss_dice: 1.6604  decode.d2.loss_cls: 0.6383  decode.d2.loss_mask: 1.2581  decode.d2.loss_dice: 1.6049  decode.d3.loss_cls: 0.6435  decode.d3.loss_mask: 1.2672  decode.d3.loss_dice: 1.5683  decode.d4.loss_cls: 0.6098  decode.d4.loss_mask: 1.2762  decode.d4.loss_dice: 1.5969  decode.d5.loss_cls: 0.5757  decode.d5.loss_mask: 1.2716  decode.d5.loss_dice: 1.5947  decode.d6.loss_cls: 0.5642  decode.d6.loss_mask: 1.2698  decode.d6.loss_dice: 1.5924  decode.d7.loss_cls: 0.5748  decode.d7.loss_mask: 1.2656  decode.d7.loss_dice: 1.5945  decode.d8.loss_cls: 0.5554  decode.d8.loss_mask: 1.2746  decode.d8.loss_dice: 1.5987
2026/06/16 22:39:34 - mmengine - INFO - Iter(train) [ 7550/20000]  base_lr: 7.0019e-05 lr: 7.0019e-05  eta: 12:27:44  time: 3.6110  data_time: 0.0339  memory: 8724  grad_norm: 201.9529  loss: 38.2328  decode.loss_cls: 0.6410  decode.loss_mask: 1.3470  decode.loss_dice: 1.7508  decode.d0.loss_cls: 1.0356  decode.d0.loss_mask: 1.3808  decode.d0.loss_dice: 1.9190  decode.d1.loss_cls: 0.7246  decode.d1.loss_mask: 1.3605  decode.d1.loss_dice: 1.8272  decode.d2.loss_cls: 0.6711  decode.d2.loss_mask: 1.3300  decode.d2.loss_dice: 1.7666  decode.d3.loss_cls: 0.6447  decode.d3.loss_mask: 1.3377  decode.d3.loss_dice: 1.7448  decode.d4.loss_cls: 0.6097  decode.d4.loss_mask: 1.3549  decode.d4.loss_dice: 1.7660  decode.d5.loss_cls: 0.6935  decode.d5.loss_mask: 1.3421  decode.d5.loss_dice: 1.7248  decode.d6.loss_cls: 0.6756  decode.d6.loss_mask: 1.3529  decode.d6.loss_dice: 1.7426  decode.d7.loss_cls: 0.6627  decode.d7.loss_mask: 1.3482  decode.d7.loss_dice: 1.7475  decode.d8.loss_cls: 0.6151  decode.d8.loss_mask: 1.3454  decode.d8.loss_dice: 1.7708
2026/06/16 22:42:34 - mmengine - INFO - Iter(train) [ 7600/20000]  base_lr: 6.9766e-05 lr: 6.9766e-05  eta: 12:24:45  time: 3.6132  data_time: 0.0337  memory: 8724  grad_norm: 181.5549  loss: 38.2683  decode.loss_cls: 0.5088  decode.loss_mask: 1.4947  decode.loss_dice: 1.7271  decode.d0.loss_cls: 0.9454  decode.d0.loss_mask: 1.5382  decode.d0.loss_dice: 1.8408  decode.d1.loss_cls: 0.5561  decode.d1.loss_mask: 1.5283  decode.d1.loss_dice: 1.8009  decode.d2.loss_cls: 0.5473  decode.d2.loss_mask: 1.4837  decode.d2.loss_dice: 1.7416  decode.d3.loss_cls: 0.5285  decode.d3.loss_mask: 1.4777  decode.d3.loss_dice: 1.7207  decode.d4.loss_cls: 0.5572  decode.d4.loss_mask: 1.4880  decode.d4.loss_dice: 1.7380  decode.d5.loss_cls: 0.5667  decode.d5.loss_mask: 1.4874  decode.d5.loss_dice: 1.7353  decode.d6.loss_cls: 0.5620  decode.d6.loss_mask: 1.4871  decode.d6.loss_dice: 1.7051  decode.d7.loss_cls: 0.5652  decode.d7.loss_mask: 1.4815  decode.d7.loss_dice: 1.7107  decode.d8.loss_cls: 0.5497  decode.d8.loss_mask: 1.4816  decode.d8.loss_dice: 1.7129
2026/06/16 22:45:35 - mmengine - INFO - Iter(train) [ 7650/20000]  base_lr: 6.9513e-05 lr: 6.9513e-05  eta: 12:21:45  time: 3.6095  data_time: 0.0355  memory: 8724  grad_norm: 128.1128  loss: 34.1827  decode.loss_cls: 0.4567  decode.loss_mask: 1.3430  decode.loss_dice: 1.5373  decode.d0.loss_cls: 0.8706  decode.d0.loss_mask: 1.3624  decode.d0.loss_dice: 1.6351  decode.d1.loss_cls: 0.6086  decode.d1.loss_mask: 1.3462  decode.d1.loss_dice: 1.5797  decode.d2.loss_cls: 0.5185  decode.d2.loss_mask: 1.3483  decode.d2.loss_dice: 1.5668  decode.d3.loss_cls: 0.4971  decode.d3.loss_mask: 1.3426  decode.d3.loss_dice: 1.5394  decode.d4.loss_cls: 0.5028  decode.d4.loss_mask: 1.3321  decode.d4.loss_dice: 1.5173  decode.d5.loss_cls: 0.4946  decode.d5.loss_mask: 1.3296  decode.d5.loss_dice: 1.5294  decode.d6.loss_cls: 0.4195  decode.d6.loss_mask: 1.3380  decode.d6.loss_dice: 1.5314  decode.d7.loss_cls: 0.4368  decode.d7.loss_mask: 1.3442  decode.d7.loss_dice: 1.5337  decode.d8.loss_cls: 0.4657  decode.d8.loss_mask: 1.3288  decode.d8.loss_dice: 1.5267
2026/06/16 22:48:36 - mmengine - INFO - Iter(train) [ 7700/20000]  base_lr: 6.9260e-05 lr: 6.9260e-05  eta: 12:18:46  time: 3.6111  data_time: 0.0344  memory: 8724  grad_norm: 142.3287  loss: 30.5066  decode.loss_cls: 0.4120  decode.loss_mask: 1.2074  decode.loss_dice: 1.3623  decode.d0.loss_cls: 0.8238  decode.d0.loss_mask: 1.2125  decode.d0.loss_dice: 1.5005  decode.d1.loss_cls: 0.5139  decode.d1.loss_mask: 1.1933  decode.d1.loss_dice: 1.4510  decode.d2.loss_cls: 0.4072  decode.d2.loss_mask: 1.1941  decode.d2.loss_dice: 1.4191  decode.d3.loss_cls: 0.4174  decode.d3.loss_mask: 1.2046  decode.d3.loss_dice: 1.3890  decode.d4.loss_cls: 0.3661  decode.d4.loss_mask: 1.2040  decode.d4.loss_dice: 1.3940  decode.d5.loss_cls: 0.3709  decode.d5.loss_mask: 1.2135  decode.d5.loss_dice: 1.4017  decode.d6.loss_cls: 0.3341  decode.d6.loss_mask: 1.2132  decode.d6.loss_dice: 1.3942  decode.d7.loss_cls: 0.3645  decode.d7.loss_mask: 1.2074  decode.d7.loss_dice: 1.3766  decode.d8.loss_cls: 0.3609  decode.d8.loss_mask: 1.2158  decode.d8.loss_dice: 1.3817
2026/06/16 22:51:36 - mmengine - INFO - Iter(train) [ 7750/20000]  base_lr: 6.9006e-05 lr: 6.9006e-05  eta: 12:15:46  time: 3.6149  data_time: 0.0343  memory: 8724  grad_norm: 161.8119  loss: 34.9924  decode.loss_cls: 0.4764  decode.loss_mask: 1.3765  decode.loss_dice: 1.5735  decode.d0.loss_cls: 0.8695  decode.d0.loss_mask: 1.3930  decode.d0.loss_dice: 1.6734  decode.d1.loss_cls: 0.4807  decode.d1.loss_mask: 1.3923  decode.d1.loss_dice: 1.6558  decode.d2.loss_cls: 0.4980  decode.d2.loss_mask: 1.3882  decode.d2.loss_dice: 1.5837  decode.d3.loss_cls: 0.4829  decode.d3.loss_mask: 1.3823  decode.d3.loss_dice: 1.5763  decode.d4.loss_cls: 0.4387  decode.d4.loss_mask: 1.3885  decode.d4.loss_dice: 1.5964  decode.d5.loss_cls: 0.4963  decode.d5.loss_mask: 1.3814  decode.d5.loss_dice: 1.5886  decode.d6.loss_cls: 0.4375  decode.d6.loss_mask: 1.3841  decode.d6.loss_dice: 1.5960  decode.d7.loss_cls: 0.4543  decode.d7.loss_mask: 1.3834  decode.d7.loss_dice: 1.5993  decode.d8.loss_cls: 0.4860  decode.d8.loss_mask: 1.3781  decode.d8.loss_dice: 1.5810
2026/06/16 22:54:37 - mmengine - INFO - Iter(train) [ 7800/20000]  base_lr: 6.8753e-05 lr: 6.8753e-05  eta: 12:12:47  time: 3.6071  data_time: 0.0338  memory: 8724  grad_norm: 148.8962  loss: 30.0559  decode.loss_cls: 0.4302  decode.loss_mask: 1.1209  decode.loss_dice: 1.3829  decode.d0.loss_cls: 0.8157  decode.d0.loss_mask: 1.1309  decode.d0.loss_dice: 1.4970  decode.d1.loss_cls: 0.5247  decode.d1.loss_mask: 1.1101  decode.d1.loss_dice: 1.4164  decode.d2.loss_cls: 0.4676  decode.d2.loss_mask: 1.1102  decode.d2.loss_dice: 1.3781  decode.d3.loss_cls: 0.4368  decode.d3.loss_mask: 1.1165  decode.d3.loss_dice: 1.3782  decode.d4.loss_cls: 0.4760  decode.d4.loss_mask: 1.1088  decode.d4.loss_dice: 1.3667  decode.d5.loss_cls: 0.5033  decode.d5.loss_mask: 1.1115  decode.d5.loss_dice: 1.3617  decode.d6.loss_cls: 0.4479  decode.d6.loss_mask: 1.1100  decode.d6.loss_dice: 1.3589  decode.d7.loss_cls: 0.4612  decode.d7.loss_mask: 1.1165  decode.d7.loss_dice: 1.3669  decode.d8.loss_cls: 0.4752  decode.d8.loss_mask: 1.1125  decode.d8.loss_dice: 1.3626
2026/06/16 22:57:37 - mmengine - INFO - Iter(train) [ 7850/20000]  base_lr: 6.8499e-05 lr: 6.8499e-05  eta: 12:09:47  time: 3.6122  data_time: 0.0343  memory: 8724  grad_norm: 176.5325  loss: 33.2223  decode.loss_cls: 0.5196  decode.loss_mask: 1.2946  decode.loss_dice: 1.4059  decode.d0.loss_cls: 0.8386  decode.d0.loss_mask: 1.3406  decode.d0.loss_dice: 1.5760  decode.d1.loss_cls: 0.6436  decode.d1.loss_mask: 1.3247  decode.d1.loss_dice: 1.5305  decode.d2.loss_cls: 0.5730  decode.d2.loss_mask: 1.3108  decode.d2.loss_dice: 1.4510  decode.d3.loss_cls: 0.5529  decode.d3.loss_mask: 1.2797  decode.d3.loss_dice: 1.4169  decode.d4.loss_cls: 0.5719  decode.d4.loss_mask: 1.2856  decode.d4.loss_dice: 1.4132  decode.d5.loss_cls: 0.5544  decode.d5.loss_mask: 1.2880  decode.d5.loss_dice: 1.3998  decode.d6.loss_cls: 0.5286  decode.d6.loss_mask: 1.2803  decode.d6.loss_dice: 1.4016  decode.d7.loss_cls: 0.5153  decode.d7.loss_mask: 1.2862  decode.d7.loss_dice: 1.4096  decode.d8.loss_cls: 0.5214  decode.d8.loss_mask: 1.2981  decode.d8.loss_dice: 1.4096
2026/06/16 23:00:38 - mmengine - INFO - Iter(train) [ 7900/20000]  base_lr: 6.8245e-05 lr: 6.8245e-05  eta: 12:06:48  time: 3.6162  data_time: 0.0339  memory: 8724  grad_norm: 197.0788  loss: 36.7218  decode.loss_cls: 0.4973  decode.loss_mask: 1.4301  decode.loss_dice: 1.6865  decode.d0.loss_cls: 0.7878  decode.d0.loss_mask: 1.4323  decode.d0.loss_dice: 1.7929  decode.d1.loss_cls: 0.6048  decode.d1.loss_mask: 1.4314  decode.d1.loss_dice: 1.7563  decode.d2.loss_cls: 0.4833  decode.d2.loss_mask: 1.3918  decode.d2.loss_dice: 1.7190  decode.d3.loss_cls: 0.5523  decode.d3.loss_mask: 1.4073  decode.d3.loss_dice: 1.7026  decode.d4.loss_cls: 0.5206  decode.d4.loss_mask: 1.3957  decode.d4.loss_dice: 1.6992  decode.d5.loss_cls: 0.5235  decode.d5.loss_mask: 1.3763  decode.d5.loss_dice: 1.6791  decode.d6.loss_cls: 0.5548  decode.d6.loss_mask: 1.3798  decode.d6.loss_dice: 1.6832  decode.d7.loss_cls: 0.5092  decode.d7.loss_mask: 1.4047  decode.d7.loss_dice: 1.6811  decode.d8.loss_cls: 0.5434  decode.d8.loss_mask: 1.4124  decode.d8.loss_dice: 1.6831
2026/06/16 23:03:39 - mmengine - INFO - Iter(train) [ 7950/20000]  base_lr: 6.7992e-05 lr: 6.7992e-05  eta: 12:03:48  time: 3.6087  data_time: 0.0341  memory: 8724  grad_norm: 236.1028  loss: 35.6427  decode.loss_cls: 0.6089  decode.loss_mask: 1.3000  decode.loss_dice: 1.5473  decode.d0.loss_cls: 1.0841  decode.d0.loss_mask: 1.3165  decode.d0.loss_dice: 1.6949  decode.d1.loss_cls: 0.7457  decode.d1.loss_mask: 1.3448  decode.d1.loss_dice: 1.6425  decode.d2.loss_cls: 0.5944  decode.d2.loss_mask: 1.3502  decode.d2.loss_dice: 1.5964  decode.d3.loss_cls: 0.6103  decode.d3.loss_mask: 1.3188  decode.d3.loss_dice: 1.5577  decode.d4.loss_cls: 0.6010  decode.d4.loss_mask: 1.3211  decode.d4.loss_dice: 1.5675  decode.d5.loss_cls: 0.5960  decode.d5.loss_mask: 1.3211  decode.d5.loss_dice: 1.5564  decode.d6.loss_cls: 0.6047  decode.d6.loss_mask: 1.3151  decode.d6.loss_dice: 1.5549  decode.d7.loss_cls: 0.5782  decode.d7.loss_mask: 1.3154  decode.d7.loss_dice: 1.5679  decode.d8.loss_cls: 0.5605  decode.d8.loss_mask: 1.3126  decode.d8.loss_dice: 1.5578
2026/06/16 23:06:39 - mmengine - INFO - Exp name: dinov3l_m2f_pastis_temporal_v4_20260616_144812
2026/06/16 23:06:39 - mmengine - INFO - Iter(train) [ 8000/20000]  base_lr: 6.7738e-05 lr: 6.7738e-05  eta: 12:00:48  time: 3.6080  data_time: 0.0338  memory: 8724  grad_norm: 204.8595  loss: 35.1388  decode.loss_cls: 0.5392  decode.loss_mask: 1.3577  decode.loss_dice: 1.5049  decode.d0.loss_cls: 0.9113  decode.d0.loss_mask: 1.4190  decode.d0.loss_dice: 1.7053  decode.d1.loss_cls: 0.7247  decode.d1.loss_mask: 1.3686  decode.d1.loss_dice: 1.6111  decode.d2.loss_cls: 0.6052  decode.d2.loss_mask: 1.3416  decode.d2.loss_dice: 1.5714  decode.d3.loss_cls: 0.5770  decode.d3.loss_mask: 1.3283  decode.d3.loss_dice: 1.5384  decode.d4.loss_cls: 0.5677  decode.d4.loss_mask: 1.3264  decode.d4.loss_dice: 1.5342  decode.d5.loss_cls: 0.5645  decode.d5.loss_mask: 1.3373  decode.d5.loss_dice: 1.5213  decode.d6.loss_cls: 0.5550  decode.d6.loss_mask: 1.3357  decode.d6.loss_dice: 1.5142  decode.d7.loss_cls: 0.5049  decode.d7.loss_mask: 1.3523  decode.d7.loss_dice: 1.5324  decode.d8.loss_cls: 0.5440  decode.d8.loss_mask: 1.3347  decode.d8.loss_dice: 1.5106
2026/06/16 23:06:39 - mmengine - INFO - Saving checkpoint at 8000 iterations
2026/06/16 23:07:48 - mmengine - INFO - Iter(val) [ 50/121]    eta: 0:01:24  time: 1.1883  data_time: 0.0263  memory: 6229  
2026/06/16 23:08:47 - mmengine - INFO - Iter(val) [100/121]    eta: 0:00:25  time: 1.1875  data_time: 0.0262  memory: 6229  
2026/06/16 23:09:12 - mmengine - INFO - per class results:
2026/06/16 23:09:12 - mmengine - INFO - 
+---------+-------+-------+
|  Class  |  IoU  |  Acc  |
+---------+-------+-------+
|  crop_1 | 73.08 | 81.97 |
|  crop_2 | 63.94 | 79.31 |
|  crop_3 | 77.19 | 89.45 |
|  crop_4 | 83.92 | 92.84 |
|  crop_5 | 73.37 |  83.3 |
|  crop_6 | 84.47 | 92.34 |
|  crop_7 | 41.52 | 54.93 |
|  crop_8 |  62.6 | 77.86 |
|  crop_9 | 51.41 |  76.1 |
| crop_10 | 83.38 |  88.0 |
| crop_11 | 30.85 | 54.11 |
| crop_12 | 53.34 | 72.66 |
| crop_13 | 35.26 | 65.46 |
| crop_14 | 44.82 | 67.92 |
| crop_15 | 35.82 | 55.18 |
| crop_16 | 70.87 |  78.5 |
| crop_17 | 39.87 | 57.54 |
| crop_18 | 24.42 | 31.97 |
| crop_19 | 31.78 | 48.85 |
+---------+-------+-------+
2026/06/16 23:09:12 - mmengine - INFO - Iter(val) [121/121]    aAcc: 81.2000  mIoU: 55.8900  mAcc: 70.9600  data_time: 0.0297  time: 1.1836
2026/06/16 23:09:12 - mmengine - INFO - The previous best checkpoint /mnt/ht2-nas2/00-model/00-fb/mmseg_dino/work_dirs/dinov3l_m2f_pastis_temporal_v4/best_mIoU_iter_6000.pth is removed
2026/06/16 23:09:18 - mmengine - INFO - The best checkpoint with 55.8900 mIoU at 8000 iter is saved to best_mIoU_iter_8000.pth.
2026/06/16 23:12:26 - mmengine - INFO - Iter(train) [ 8050/20000]  base_lr: 6.7484e-05 lr: 6.7484e-05  eta: 11:58:10  time: 3.5492  data_time: 0.0349  memory: 8724  grad_norm: 190.5848  loss: 32.1414  decode.loss_cls: 0.3801  decode.loss_mask: 1.3543  decode.loss_dice: 1.4126  decode.d0.loss_cls: 0.7718  decode.d0.loss_mask: 1.3751  decode.d0.loss_dice: 1.5260  decode.d1.loss_cls: 0.4986  decode.d1.loss_mask: 1.3626  decode.d1.loss_dice: 1.4656  decode.d2.loss_cls: 0.4168  decode.d2.loss_mask: 1.3426  decode.d2.loss_dice: 1.4330  decode.d3.loss_cls: 0.4143  decode.d3.loss_mask: 1.3335  decode.d3.loss_dice: 1.4056  decode.d4.loss_cls: 0.3966  decode.d4.loss_mask: 1.3320  decode.d4.loss_dice: 1.4101  decode.d5.loss_cls: 0.3991  decode.d5.loss_mask: 1.3337  decode.d5.loss_dice: 1.4031  decode.d6.loss_cls: 0.3871  decode.d6.loss_mask: 1.3386  decode.d6.loss_dice: 1.3903  decode.d7.loss_cls: 0.3710  decode.d7.loss_mask: 1.3486  decode.d7.loss_dice: 1.4079  decode.d8.loss_cls: 0.3744  decode.d8.loss_mask: 1.3544  decode.d8.loss_dice: 1.4022
2026/06/16 23:15:28 - mmengine - INFO - Iter(train) [ 8100/20000]  base_lr: 6.7229e-05 lr: 6.7229e-05  eta: 11:55:12  time: 3.6356  data_time: 0.0347  memory: 8724  grad_norm: 203.6577  loss: 33.1766  decode.loss_cls: 0.4698  decode.loss_mask: 1.3480  decode.loss_dice: 1.4428  decode.d0.loss_cls: 0.8733  decode.d0.loss_mask: 1.3594  decode.d0.loss_dice: 1.5505  decode.d1.loss_cls: 0.6250  decode.d1.loss_mask: 1.3370  decode.d1.loss_dice: 1.4946  decode.d2.loss_cls: 0.4880  decode.d2.loss_mask: 1.3285  decode.d2.loss_dice: 1.4652  decode.d3.loss_cls: 0.4709  decode.d3.loss_mask: 1.3185  decode.d3.loss_dice: 1.4341  decode.d4.loss_cls: 0.4490  decode.d4.loss_mask: 1.3283  decode.d4.loss_dice: 1.4409  decode.d5.loss_cls: 0.4734  decode.d5.loss_mask: 1.3212  decode.d5.loss_dice: 1.4279  decode.d6.loss_cls: 0.4771  decode.d6.loss_mask: 1.3186  decode.d6.loss_dice: 1.4193  decode.d7.loss_cls: 0.4910  decode.d7.loss_mask: 1.3216  decode.d7.loss_dice: 1.4205  decode.d8.loss_cls: 0.5274  decode.d8.loss_mask: 1.3214  decode.d8.loss_dice: 1.4333
2026/06/16 23:18:30 - mmengine - INFO - Iter(train) [ 8150/20000]  base_lr: 6.6975e-05 lr: 6.6975e-05  eta: 11:52:14  time: 3.6337  data_time: 0.0348  memory: 8724  grad_norm: 172.5962  loss: 36.5565  decode.loss_cls: 0.5185  decode.loss_mask: 1.3382  decode.loss_dice: 1.6628  decode.d0.loss_cls: 0.9630  decode.d0.loss_mask: 1.3596  decode.d0.loss_dice: 1.7625  decode.d1.loss_cls: 0.7651  decode.d1.loss_mask: 1.3518  decode.d1.loss_dice: 1.7103  decode.d2.loss_cls: 0.6429  decode.d2.loss_mask: 1.3389  decode.d2.loss_dice: 1.6740  decode.d3.loss_cls: 0.6293  decode.d3.loss_mask: 1.3240  decode.d3.loss_dice: 1.6485  decode.d4.loss_cls: 0.6037  decode.d4.loss_mask: 1.3432  decode.d4.loss_dice: 1.6677  decode.d5.loss_cls: 0.6087  decode.d5.loss_mask: 1.3244  decode.d5.loss_dice: 1.6689  decode.d6.loss_cls: 0.5540  decode.d6.loss_mask: 1.3252  decode.d6.loss_dice: 1.6599  decode.d7.loss_cls: 0.5872  decode.d7.loss_mask: 1.3111  decode.d7.loss_dice: 1.6461  decode.d8.loss_cls: 0.5663  decode.d8.loss_mask: 1.3367  decode.d8.loss_dice: 1.6638
2026/06/16 23:21:32 - mmengine - INFO - Iter(train) [ 8200/20000]  base_lr: 6.6721e-05 lr: 6.6721e-05  eta: 11:49:15  time: 3.6404  data_time: 0.0341  memory: 8724  grad_norm: 180.9063  loss: 32.6435  decode.loss_cls: 0.3766  decode.loss_mask: 1.4090  decode.loss_dice: 1.3768  decode.d0.loss_cls: 0.8542  decode.d0.loss_mask: 1.4282  decode.d0.loss_dice: 1.5326  decode.d1.loss_cls: 0.5275  decode.d1.loss_mask: 1.3933  decode.d1.loss_dice: 1.4435  decode.d2.loss_cls: 0.4573  decode.d2.loss_mask: 1.3935  decode.d2.loss_dice: 1.4093  decode.d3.loss_cls: 0.3722  decode.d3.loss_mask: 1.4127  decode.d3.loss_dice: 1.3921  decode.d4.loss_cls: 0.3677  decode.d4.loss_mask: 1.4124  decode.d4.loss_dice: 1.3983  decode.d5.loss_cls: 0.3872  decode.d5.loss_mask: 1.4163  decode.d5.loss_dice: 1.3807  decode.d6.loss_cls: 0.3505  decode.d6.loss_mask: 1.4168  decode.d6.loss_dice: 1.3825  decode.d7.loss_cls: 0.3565  decode.d7.loss_mask: 1.4272  decode.d7.loss_dice: 1.3869  decode.d8.loss_cls: 0.3862  decode.d8.loss_mask: 1.4083  decode.d8.loss_dice: 1.3871
2026/06/16 23:24:34 - mmengine - INFO - Iter(train) [ 8250/20000]  base_lr: 6.6466e-05 lr: 6.6466e-05  eta: 11:46:17  time: 3.6403  data_time: 0.0348  memory: 8724  grad_norm: 211.6742  loss: 34.7410  decode.loss_cls: 0.4747  decode.loss_mask: 1.3231  decode.loss_dice: 1.5658  decode.d0.loss_cls: 1.0125  decode.d0.loss_mask: 1.3755  decode.d0.loss_dice: 1.7010  decode.d1.loss_cls: 0.6347  decode.d1.loss_mask: 1.3498  decode.d1.loss_dice: 1.6362  decode.d2.loss_cls: 0.5038  decode.d2.loss_mask: 1.3337  decode.d2.loss_dice: 1.5993  decode.d3.loss_cls: 0.4926  decode.d3.loss_mask: 1.3302  decode.d3.loss_dice: 1.5529  decode.d4.loss_cls: 0.5008  decode.d4.loss_mask: 1.3106  decode.d4.loss_dice: 1.5425  decode.d5.loss_cls: 0.5018  decode.d5.loss_mask: 1.3051  decode.d5.loss_dice: 1.5504  decode.d6.loss_cls: 0.5312  decode.d6.loss_mask: 1.3078  decode.d6.loss_dice: 1.5503  decode.d7.loss_cls: 0.4321  decode.d7.loss_mask: 1.3364  decode.d7.loss_dice: 1.5975  decode.d8.loss_cls: 0.4681  decode.d8.loss_mask: 1.3355  decode.d8.loss_dice: 1.5850
2026/06/16 23:27:34 - mmengine - INFO - Iter(train) [ 8300/20000]  base_lr: 6.6212e-05 lr: 6.6212e-05  eta: 11:43:17  time: 3.6134  data_time: 0.0344  memory: 8724  grad_norm: 142.5554  loss: 30.7839  decode.loss_cls: 0.3791  decode.loss_mask: 1.1680  decode.loss_dice: 1.4297  decode.d0.loss_cls: 0.8119  decode.d0.loss_mask: 1.1940  decode.d0.loss_dice: 1.5539  decode.d1.loss_cls: 0.4746  decode.d1.loss_mask: 1.1958  decode.d1.loss_dice: 1.5094  decode.d2.loss_cls: 0.3598  decode.d2.loss_mask: 1.1731  decode.d2.loss_dice: 1.4871  decode.d3.loss_cls: 0.3603  decode.d3.loss_mask: 1.1797  decode.d3.loss_dice: 1.4427  decode.d4.loss_cls: 0.3753  decode.d4.loss_mask: 1.1887  decode.d4.loss_dice: 1.4452  decode.d5.loss_cls: 0.3894  decode.d5.loss_mask: 1.1822  decode.d5.loss_dice: 1.4436  decode.d6.loss_cls: 0.3950  decode.d6.loss_mask: 1.1874  decode.d6.loss_dice: 1.4382  decode.d7.loss_cls: 0.3908  decode.d7.loss_mask: 1.1795  decode.d7.loss_dice: 1.4444  decode.d8.loss_cls: 0.3956  decode.d8.loss_mask: 1.1715  decode.d8.loss_dice: 1.4377
2026/06/16 23:30:35 - mmengine - INFO - Iter(train) [ 8350/20000]  base_lr: 6.5957e-05 lr: 6.5957e-05  eta: 11:40:17  time: 3.6138  data_time: 0.0357  memory: 8724  grad_norm: 145.3248  loss: 33.6878  decode.loss_cls: 0.4640  decode.loss_mask: 1.2655  decode.loss_dice: 1.5348  decode.d0.loss_cls: 0.8326  decode.d0.loss_mask: 1.3185  decode.d0.loss_dice: 1.6686  decode.d1.loss_cls: 0.5891  decode.d1.loss_mask: 1.2944  decode.d1.loss_dice: 1.6093  decode.d2.loss_cls: 0.5174  decode.d2.loss_mask: 1.2978  decode.d2.loss_dice: 1.5606  decode.d3.loss_cls: 0.4749  decode.d3.loss_mask: 1.2805  decode.d3.loss_dice: 1.5520  decode.d4.loss_cls: 0.4800  decode.d4.loss_mask: 1.2846  decode.d4.loss_dice: 1.5504  decode.d5.loss_cls: 0.4780  decode.d5.loss_mask: 1.2883  decode.d5.loss_dice: 1.5450  decode.d6.loss_cls: 0.4369  decode.d6.loss_mask: 1.2792  decode.d6.loss_dice: 1.5445  decode.d7.loss_cls: 0.4479  decode.d7.loss_mask: 1.2884  decode.d7.loss_dice: 1.5428  decode.d8.loss_cls: 0.4463  decode.d8.loss_mask: 1.2823  decode.d8.loss_dice: 1.5331
2026/06/16 23:33:35 - mmengine - INFO - Iter(train) [ 8400/20000]  base_lr: 6.5702e-05 lr: 6.5702e-05  eta: 11:37:17  time: 3.6099  data_time: 0.0342  memory: 8724  grad_norm: 226.0690  loss: 32.4198  decode.loss_cls: 0.4896  decode.loss_mask: 1.2595  decode.loss_dice: 1.4121  decode.d0.loss_cls: 0.7829  decode.d0.loss_mask: 1.3032  decode.d0.loss_dice: 1.5904  decode.d1.loss_cls: 0.5573  decode.d1.loss_mask: 1.3044  decode.d1.loss_dice: 1.5247  decode.d2.loss_cls: 0.5029  decode.d2.loss_mask: 1.2769  decode.d2.loss_dice: 1.4655  decode.d3.loss_cls: 0.4605  decode.d3.loss_mask: 1.2540  decode.d3.loss_dice: 1.4477  decode.d4.loss_cls: 0.4775  decode.d4.loss_mask: 1.2566  decode.d4.loss_dice: 1.4402  decode.d5.loss_cls: 0.4715  decode.d5.loss_mask: 1.2561  decode.d5.loss_dice: 1.4324  decode.d6.loss_cls: 0.4666  decode.d6.loss_mask: 1.2517  decode.d6.loss_dice: 1.4298  decode.d7.loss_cls: 0.4816  decode.d7.loss_mask: 1.2565  decode.d7.loss_dice: 1.4303  decode.d8.loss_cls: 0.4380  decode.d8.loss_mask: 1.2591  decode.d8.loss_dice: 1.4402
2026/06/16 23:36:36 - mmengine - INFO - Iter(train) [ 8450/20000]  base_lr: 6.5447e-05 lr: 6.5447e-05  eta: 11:34:18  time: 3.6148  data_time: 0.0341  memory: 8724  grad_norm: 132.1422  loss: 32.7290  decode.loss_cls: 0.4404  decode.loss_mask: 1.2699  decode.loss_dice: 1.4744  decode.d0.loss_cls: 0.7591  decode.d0.loss_mask: 1.2880  decode.d0.loss_dice: 1.6005  decode.d1.loss_cls: 0.6070  decode.d1.loss_mask: 1.2566  decode.d1.loss_dice: 1.5161  decode.d2.loss_cls: 0.4833  decode.d2.loss_mask: 1.2597  decode.d2.loss_dice: 1.5004  decode.d3.loss_cls: 0.5060  decode.d3.loss_mask: 1.2605  decode.d3.loss_dice: 1.4870  decode.d4.loss_cls: 0.4784  decode.d4.loss_mask: 1.2737  decode.d4.loss_dice: 1.4840  decode.d5.loss_cls: 0.4489  decode.d5.loss_mask: 1.2587  decode.d5.loss_dice: 1.4852  decode.d6.loss_cls: 0.4928  decode.d6.loss_mask: 1.2577  decode.d6.loss_dice: 1.4600  decode.d7.loss_cls: 0.4683  decode.d7.loss_mask: 1.2573  decode.d7.loss_dice: 1.4610  decode.d8.loss_cls: 0.4449  decode.d8.loss_mask: 1.2689  decode.d8.loss_dice: 1.4807
2026/06/16 23:39:37 - mmengine - INFO - Iter(train) [ 8500/20000]  base_lr: 6.5192e-05 lr: 6.5192e-05  eta: 11:31:18  time: 3.6100  data_time: 0.0334  memory: 8724  grad_norm: 178.7176  loss: 32.4356  decode.loss_cls: 0.4362  decode.loss_mask: 1.2592  decode.loss_dice: 1.4236  decode.d0.loss_cls: 0.8256  decode.d0.loss_mask: 1.3505  decode.d0.loss_dice: 1.5784  decode.d1.loss_cls: 0.6521  decode.d1.loss_mask: 1.2986  decode.d1.loss_dice: 1.4727  decode.d2.loss_cls: 0.5099  decode.d2.loss_mask: 1.2745  decode.d2.loss_dice: 1.4229  decode.d3.loss_cls: 0.4514  decode.d3.loss_mask: 1.2740  decode.d3.loss_dice: 1.4286  decode.d4.loss_cls: 0.4383  decode.d4.loss_mask: 1.2748  decode.d4.loss_dice: 1.4350  decode.d5.loss_cls: 0.4666  decode.d5.loss_mask: 1.2713  decode.d5.loss_dice: 1.4110  decode.d6.loss_cls: 0.4813  decode.d6.loss_mask: 1.2742  decode.d6.loss_dice: 1.4101  decode.d7.loss_cls: 0.4843  decode.d7.loss_mask: 1.2744  decode.d7.loss_dice: 1.4192  decode.d8.loss_cls: 0.4620  decode.d8.loss_mask: 1.2600  decode.d8.loss_dice: 1.4149
2026/06/16 23:42:37 - mmengine - INFO - Iter(train) [ 8550/20000]  base_lr: 6.4937e-05 lr: 6.4937e-05  eta: 11:28:18  time: 3.6116  data_time: 0.0343  memory: 8724  grad_norm: 151.2965  loss: 31.6310  decode.loss_cls: 0.4551  decode.loss_mask: 1.1493  decode.loss_dice: 1.4483  decode.d0.loss_cls: 0.8359  decode.d0.loss_mask: 1.1857  decode.d0.loss_dice: 1.5868  decode.d1.loss_cls: 0.6927  decode.d1.loss_mask: 1.1661  decode.d1.loss_dice: 1.5122  decode.d2.loss_cls: 0.5350  decode.d2.loss_mask: 1.1718  decode.d2.loss_dice: 1.4812  decode.d3.loss_cls: 0.4530  decode.d3.loss_mask: 1.1772  decode.d3.loss_dice: 1.4570  decode.d4.loss_cls: 0.4675  decode.d4.loss_mask: 1.1617  decode.d4.loss_dice: 1.4658  decode.d5.loss_cls: 0.4499  decode.d5.loss_mask: 1.1692  decode.d5.loss_dice: 1.4568  decode.d6.loss_cls: 0.4513  decode.d6.loss_mask: 1.1581  decode.d6.loss_dice: 1.4490  decode.d7.loss_cls: 0.4437  decode.d7.loss_mask: 1.1530  decode.d7.loss_dice: 1.4491  decode.d8.loss_cls: 0.4240  decode.d8.loss_mask: 1.1674  decode.d8.loss_dice: 1.4571
2026/06/16 23:45:38 - mmengine - INFO - Iter(train) [ 8600/20000]  base_lr: 6.4682e-05 lr: 6.4682e-05  eta: 11:25:18  time: 3.6128  data_time: 0.0346  memory: 8724  grad_norm: 180.6595  loss: 35.4900  decode.loss_cls: 0.4443  decode.loss_mask: 1.3679  decode.loss_dice: 1.6324  decode.d0.loss_cls: 0.8978  decode.d0.loss_mask: 1.4240  decode.d0.loss_dice: 1.7258  decode.d1.loss_cls: 0.6191  decode.d1.loss_mask: 1.3878  decode.d1.loss_dice: 1.6796  decode.d2.loss_cls: 0.4845  decode.d2.loss_mask: 1.3746  decode.d2.loss_dice: 1.6641  decode.d3.loss_cls: 0.4796  decode.d3.loss_mask: 1.3749  decode.d3.loss_dice: 1.6373  decode.d4.loss_cls: 0.4600  decode.d4.loss_mask: 1.3714  decode.d4.loss_dice: 1.6374  decode.d5.loss_cls: 0.4563  decode.d5.loss_mask: 1.3772  decode.d5.loss_dice: 1.6457  decode.d6.loss_cls: 0.4385  decode.d6.loss_mask: 1.3738  decode.d6.loss_dice: 1.6321  decode.d7.loss_cls: 0.4266  decode.d7.loss_mask: 1.3796  decode.d7.loss_dice: 1.6502  decode.d8.loss_cls: 0.4353  decode.d8.loss_mask: 1.3717  decode.d8.loss_dice: 1.6403
2026/06/16 23:48:39 - mmengine - INFO - Iter(train) [ 8650/20000]  base_lr: 6.4426e-05 lr: 6.4426e-05  eta: 11:22:18  time: 3.6094  data_time: 0.0339  memory: 8724  grad_norm: 179.9418  loss: 32.2421  decode.loss_cls: 0.3483  decode.loss_mask: 1.3279  decode.loss_dice: 1.4415  decode.d0.loss_cls: 0.6993  decode.d0.loss_mask: 1.3351  decode.d0.loss_dice: 1.5658  decode.d1.loss_cls: 0.4685  decode.d1.loss_mask: 1.3352  decode.d1.loss_dice: 1.5189  decode.d2.loss_cls: 0.3968  decode.d2.loss_mask: 1.3464  decode.d2.loss_dice: 1.4984  decode.d3.loss_cls: 0.3741  decode.d3.loss_mask: 1.3503  decode.d3.loss_dice: 1.4585  decode.d4.loss_cls: 0.3846  decode.d4.loss_mask: 1.3348  decode.d4.loss_dice: 1.4664  decode.d5.loss_cls: 0.3919  decode.d5.loss_mask: 1.3237  decode.d5.loss_dice: 1.4572  decode.d6.loss_cls: 0.3851  decode.d6.loss_mask: 1.3283  decode.d6.loss_dice: 1.4399  decode.d7.loss_cls: 0.3680  decode.d7.loss_mask: 1.3219  decode.d7.loss_dice: 1.4511  decode.d8.loss_cls: 0.3632  decode.d8.loss_mask: 1.3222  decode.d8.loss_dice: 1.4390
2026/06/16 23:51:39 - mmengine - INFO - Iter(train) [ 8700/20000]  base_lr: 6.4171e-05 lr: 6.4171e-05  eta: 11:19:18  time: 3.6142  data_time: 0.0344  memory: 8724  grad_norm: 152.6940  loss: 33.0081  decode.loss_cls: 0.3675  decode.loss_mask: 1.3494  decode.loss_dice: 1.5157  decode.d0.loss_cls: 0.7188  decode.d0.loss_mask: 1.3866  decode.d0.loss_dice: 1.6063  decode.d1.loss_cls: 0.4045  decode.d1.loss_mask: 1.3776  decode.d1.loss_dice: 1.5636  decode.d2.loss_cls: 0.3803  decode.d2.loss_mask: 1.3632  decode.d2.loss_dice: 1.5526  decode.d3.loss_cls: 0.3596  decode.d3.loss_mask: 1.3586  decode.d3.loss_dice: 1.5360  decode.d4.loss_cls: 0.3685  decode.d4.loss_mask: 1.3776  decode.d4.loss_dice: 1.5410  decode.d5.loss_cls: 0.3479  decode.d5.loss_mask: 1.3537  decode.d5.loss_dice: 1.5313  decode.d6.loss_cls: 0.3509  decode.d6.loss_mask: 1.3560  decode.d6.loss_dice: 1.5083  decode.d7.loss_cls: 0.3467  decode.d7.loss_mask: 1.3470  decode.d7.loss_dice: 1.5142  decode.d8.loss_cls: 0.3505  decode.d8.loss_mask: 1.3506  decode.d8.loss_dice: 1.5237
2026/06/16 23:54:40 - mmengine - INFO - Iter(train) [ 8750/20000]  base_lr: 6.3915e-05 lr: 6.3915e-05  eta: 11:16:18  time: 3.6133  data_time: 0.0337  memory: 8724  grad_norm: 152.4741  loss: 29.0712  decode.loss_cls: 0.3046  decode.loss_mask: 1.1439  decode.loss_dice: 1.3375  decode.d0.loss_cls: 0.7667  decode.d0.loss_mask: 1.1758  decode.d0.loss_dice: 1.4504  decode.d1.loss_cls: 0.5113  decode.d1.loss_mask: 1.1735  decode.d1.loss_dice: 1.3862  decode.d2.loss_cls: 0.3610  decode.d2.loss_mask: 1.1588  decode.d2.loss_dice: 1.3509  decode.d3.loss_cls: 0.3247  decode.d3.loss_mask: 1.1579  decode.d3.loss_dice: 1.3435  decode.d4.loss_cls: 0.3565  decode.d4.loss_mask: 1.1508  decode.d4.loss_dice: 1.3514  decode.d5.loss_cls: 0.3356  decode.d5.loss_mask: 1.1497  decode.d5.loss_dice: 1.3401  decode.d6.loss_cls: 0.3341  decode.d6.loss_mask: 1.1515  decode.d6.loss_dice: 1.3311  decode.d7.loss_cls: 0.3074  decode.d7.loss_mask: 1.1639  decode.d7.loss_dice: 1.3462  decode.d8.loss_cls: 0.3272  decode.d8.loss_mask: 1.1459  decode.d8.loss_dice: 1.3332
2026/06/16 23:57:40 - mmengine - INFO - Iter(train) [ 8800/20000]  base_lr: 6.3659e-05 lr: 6.3659e-05  eta: 11:13:18  time: 3.6082  data_time: 0.0338  memory: 8724  grad_norm: 227.7559  loss: 32.0995  decode.loss_cls: 0.3507  decode.loss_mask: 1.3239  decode.loss_dice: 1.4177  decode.d0.loss_cls: 0.8708  decode.d0.loss_mask: 1.3685  decode.d0.loss_dice: 1.5111  decode.d1.loss_cls: 0.5132  decode.d1.loss_mask: 1.3350  decode.d1.loss_dice: 1.4392  decode.d2.loss_cls: 0.4167  decode.d2.loss_mask: 1.3187  decode.d2.loss_dice: 1.4273  decode.d3.loss_cls: 0.4127  decode.d3.loss_mask: 1.3060  decode.d3.loss_dice: 1.3966  decode.d4.loss_cls: 0.4168  decode.d4.loss_mask: 1.3208  decode.d4.loss_dice: 1.3999  decode.d5.loss_cls: 0.3875  decode.d5.loss_mask: 1.3360  decode.d5.loss_dice: 1.4272  decode.d6.loss_cls: 0.3895  decode.d6.loss_mask: 1.3351  decode.d6.loss_dice: 1.4208  decode.d7.loss_cls: 0.3734  decode.d7.loss_mask: 1.3348  decode.d7.loss_dice: 1.4189  decode.d8.loss_cls: 0.3791  decode.d8.loss_mask: 1.3353  decode.d8.loss_dice: 1.4165
2026/06/17 00:00:41 - mmengine - INFO - Iter(train) [ 8850/20000]  base_lr: 6.3404e-05 lr: 6.3404e-05  eta: 11:10:18  time: 3.6113  data_time: 0.0337  memory: 8724  grad_norm: 171.8517  loss: 31.7303  decode.loss_cls: 0.4126  decode.loss_mask: 1.2437  decode.loss_dice: 1.4299  decode.d0.loss_cls: 0.8680  decode.d0.loss_mask: 1.2922  decode.d0.loss_dice: 1.5228  decode.d1.loss_cls: 0.5415  decode.d1.loss_mask: 1.2821  decode.d1.loss_dice: 1.4792  decode.d2.loss_cls: 0.4666  decode.d2.loss_mask: 1.2633  decode.d2.loss_dice: 1.4582  decode.d3.loss_cls: 0.3963  decode.d3.loss_mask: 1.2527  decode.d3.loss_dice: 1.4438  decode.d4.loss_cls: 0.3827  decode.d4.loss_mask: 1.2594  decode.d4.loss_dice: 1.4452  decode.d5.loss_cls: 0.3897  decode.d5.loss_mask: 1.2655  decode.d5.loss_dice: 1.4377  decode.d6.loss_cls: 0.3913  decode.d6.loss_mask: 1.2499  decode.d6.loss_dice: 1.4314  decode.d7.loss_cls: 0.4055  decode.d7.loss_mask: 1.2474  decode.d7.loss_dice: 1.4143  decode.d8.loss_cls: 0.3861  decode.d8.loss_mask: 1.2475  decode.d8.loss_dice: 1.4236
2026/06/17 00:03:42 - mmengine - INFO - Iter(train) [ 8900/20000]  base_lr: 6.3148e-05 lr: 6.3148e-05  eta: 11:07:18  time: 3.6154  data_time: 0.0339  memory: 8724  grad_norm: 133.6668  loss: 32.7405  decode.loss_cls: 0.5433  decode.loss_mask: 1.2433  decode.loss_dice: 1.4199  decode.d0.loss_cls: 0.7754  decode.d0.loss_mask: 1.3104  decode.d0.loss_dice: 1.5881  decode.d1.loss_cls: 0.5752  decode.d1.loss_mask: 1.2669  decode.d1.loss_dice: 1.5130  decode.d2.loss_cls: 0.4770  decode.d2.loss_mask: 1.2778  decode.d2.loss_dice: 1.5016  decode.d3.loss_cls: 0.5228  decode.d3.loss_mask: 1.2499  decode.d3.loss_dice: 1.4314  decode.d4.loss_cls: 0.5162  decode.d4.loss_mask: 1.2458  decode.d4.loss_dice: 1.4254  decode.d5.loss_cls: 0.5195  decode.d5.loss_mask: 1.2429  decode.d5.loss_dice: 1.4396  decode.d6.loss_cls: 0.5414  decode.d6.loss_mask: 1.2345  decode.d6.loss_dice: 1.4201  decode.d7.loss_cls: 0.5606  decode.d7.loss_mask: 1.2382  decode.d7.loss_dice: 1.4328  decode.d8.loss_cls: 0.5753  decode.d8.loss_mask: 1.2404  decode.d8.loss_dice: 1.4119
2026/06/17 00:06:42 - mmengine - INFO - Iter(train) [ 8950/20000]  base_lr: 6.2892e-05 lr: 6.2892e-05  eta: 11:04:18  time: 3.6083  data_time: 0.0340  memory: 8724  grad_norm: 162.2546  loss: 32.7643  decode.loss_cls: 0.4646  decode.loss_mask: 1.2508  decode.loss_dice: 1.4813  decode.d0.loss_cls: 0.8603  decode.d0.loss_mask: 1.3009  decode.d0.loss_dice: 1.5965  decode.d1.loss_cls: 0.6488  decode.d1.loss_mask: 1.2626  decode.d1.loss_dice: 1.5144  decode.d2.loss_cls: 0.4498  decode.d2.loss_mask: 1.2609  decode.d2.loss_dice: 1.5209  decode.d3.loss_cls: 0.4517  decode.d3.loss_mask: 1.2596  decode.d3.loss_dice: 1.4842  decode.d4.loss_cls: 0.4870  decode.d4.loss_mask: 1.2542  decode.d4.loss_dice: 1.4865  decode.d5.loss_cls: 0.4738  decode.d5.loss_mask: 1.2507  decode.d5.loss_dice: 1.4853  decode.d6.loss_cls: 0.4626  decode.d6.loss_mask: 1.2495  decode.d6.loss_dice: 1.4667  decode.d7.loss_cls: 0.4111  decode.d7.loss_mask: 1.2704  decode.d7.loss_dice: 1.4892  decode.d8.loss_cls: 0.4283  decode.d8.loss_mask: 1.2571  decode.d8.loss_dice: 1.4845
2026/06/17 00:09:43 - mmengine - INFO - Exp name: dinov3l_m2f_pastis_temporal_v4_20260616_144812
2026/06/17 00:09:43 - mmengine - INFO - Iter(train) [ 9000/20000]  base_lr: 6.2635e-05 lr: 6.2635e-05  eta: 11:01:18  time: 3.6123  data_time: 0.0333  memory: 8724  grad_norm: 132.6519  loss: 31.9047  decode.loss_cls: 0.4217  decode.loss_mask: 1.2309  decode.loss_dice: 1.4911  decode.d0.loss_cls: 0.7714  decode.d0.loss_mask: 1.2589  decode.d0.loss_dice: 1.6204  decode.d1.loss_cls: 0.5204  decode.d1.loss_mask: 1.2357  decode.d1.loss_dice: 1.5355  decode.d2.loss_cls: 0.4012  decode.d2.loss_mask: 1.2054  decode.d2.loss_dice: 1.5181  decode.d3.loss_cls: 0.4129  decode.d3.loss_mask: 1.2240  decode.d3.loss_dice: 1.4961  decode.d4.loss_cls: 0.4344  decode.d4.loss_mask: 1.2084  decode.d4.loss_dice: 1.4955  decode.d5.loss_cls: 0.4221  decode.d5.loss_mask: 1.2153  decode.d5.loss_dice: 1.4719  decode.d6.loss_cls: 0.4183  decode.d6.loss_mask: 1.2186  decode.d6.loss_dice: 1.4646  decode.d7.loss_cls: 0.4127  decode.d7.loss_mask: 1.2195  decode.d7.loss_dice: 1.4747  decode.d8.loss_cls: 0.3908  decode.d8.loss_mask: 1.2213  decode.d8.loss_dice: 1.4931
2026/06/17 00:10:43 - mmengine - INFO - Iter(val) [ 50/121]    eta: 0:01:25  time: 1.1905  data_time: 0.0264  memory: 6229  
2026/06/17 00:11:42 - mmengine - INFO - Iter(val) [100/121]    eta: 0:00:25  time: 1.1902  data_time: 0.0264  memory: 6229  
2026/06/17 00:12:07 - mmengine - INFO - per class results:
2026/06/17 00:12:07 - mmengine - INFO - 
+---------+-------+-------+
|  Class  |  IoU  |  Acc  |
+---------+-------+-------+
|  crop_1 | 73.57 | 83.82 |
|  crop_2 | 63.97 | 80.53 |
|  crop_3 | 79.13 | 89.85 |
|  crop_4 |  84.5 | 93.04 |
|  crop_5 | 75.12 | 82.59 |
|  crop_6 | 84.85 |  91.4 |
|  crop_7 | 44.13 | 73.92 |
|  crop_8 |  62.9 | 75.36 |
|  crop_9 | 46.58 | 59.26 |
| crop_10 |  84.8 | 90.28 |
| crop_11 | 39.55 | 61.85 |
| crop_12 |  53.9 |  80.7 |
| crop_13 | 36.71 | 54.88 |
| crop_14 | 36.39 | 67.89 |
| crop_15 |  37.4 |  45.5 |
| crop_16 | 72.79 | 82.88 |
| crop_17 | 40.45 | 52.44 |
| crop_18 | 20.34 | 25.97 |
| crop_19 | 28.93 | 37.97 |
+---------+-------+-------+
2026/06/17 00:12:07 - mmengine - INFO - Iter(val) [121/121]    aAcc: 81.7700  mIoU: 56.1100  mAcc: 70.0100  data_time: 0.0300  time: 1.1841
2026/06/17 00:12:07 - mmengine - INFO - The previous best checkpoint /mnt/ht2-nas2/00-model/00-fb/mmseg_dino/work_dirs/dinov3l_m2f_pastis_temporal_v4/best_mIoU_iter_8000.pth is removed
2026/06/17 00:12:13 - mmengine - INFO - The best checkpoint with 56.1100 mIoU at 9000 iter is saved to best_mIoU_iter_9000.pth.
2026/06/17 00:15:22 - mmengine - INFO - Iter(train) [ 9050/20000]  base_lr: 6.2379e-05 lr: 6.2379e-05  eta: 10:58:36  time: 3.6158  data_time: 0.0348  memory: 8724  grad_norm: 129.6685  loss: 31.0869  decode.loss_cls: 0.3706  decode.loss_mask: 1.2712  decode.loss_dice: 1.3716  decode.d0.loss_cls: 0.6963  decode.d0.loss_mask: 1.2933  decode.d0.loss_dice: 1.5079  decode.d1.loss_cls: 0.4514  decode.d1.loss_mask: 1.2892  decode.d1.loss_dice: 1.4487  decode.d2.loss_cls: 0.4116  decode.d2.loss_mask: 1.2652  decode.d2.loss_dice: 1.3996  decode.d3.loss_cls: 0.3858  decode.d3.loss_mask: 1.2824  decode.d3.loss_dice: 1.3997  decode.d4.loss_cls: 0.3976  decode.d4.loss_mask: 1.2753  decode.d4.loss_dice: 1.4062  decode.d5.loss_cls: 0.3758  decode.d5.loss_mask: 1.2697  decode.d5.loss_dice: 1.4038  decode.d6.loss_cls: 0.3734  decode.d6.loss_mask: 1.2847  decode.d6.loss_dice: 1.3998  decode.d7.loss_cls: 0.3777  decode.d7.loss_mask: 1.2705  decode.d7.loss_dice: 1.3860  decode.d8.loss_cls: 0.3575  decode.d8.loss_mask: 1.2762  decode.d8.loss_dice: 1.3883
2026/06/17 00:18:23 - mmengine - INFO - Iter(train) [ 9100/20000]  base_lr: 6.2123e-05 lr: 6.2123e-05  eta: 10:55:35  time: 3.6156  data_time: 0.0354  memory: 8724  grad_norm: 122.2089  loss: 30.1711  decode.loss_cls: 0.3683  decode.loss_mask: 1.2140  decode.loss_dice: 1.3396  decode.d0.loss_cls: 0.7880  decode.d0.loss_mask: 1.2213  decode.d0.loss_dice: 1.4547  decode.d1.loss_cls: 0.5059  decode.d1.loss_mask: 1.2235  decode.d1.loss_dice: 1.3960  decode.d2.loss_cls: 0.4196  decode.d2.loss_mask: 1.2077  decode.d2.loss_dice: 1.3770  decode.d3.loss_cls: 0.3897  decode.d3.loss_mask: 1.2075  decode.d3.loss_dice: 1.3441  decode.d4.loss_cls: 0.3589  decode.d4.loss_mask: 1.2153  decode.d4.loss_dice: 1.3514  decode.d5.loss_cls: 0.3750  decode.d5.loss_mask: 1.2114  decode.d5.loss_dice: 1.3458  decode.d6.loss_cls: 0.4067  decode.d6.loss_mask: 1.2224  decode.d6.loss_dice: 1.3360  decode.d7.loss_cls: 0.3993  decode.d7.loss_mask: 1.2131  decode.d7.loss_dice: 1.3318  decode.d8.loss_cls: 0.3914  decode.d8.loss_mask: 1.2127  decode.d8.loss_dice: 1.3430
2026/06/17 00:21:24 - mmengine - INFO - Iter(train) [ 9150/20000]  base_lr: 6.1866e-05 lr: 6.1866e-05  eta: 10:52:36  time: 3.5742  data_time: 0.0355  memory: 8724  grad_norm: 191.4061  loss: 32.4267  decode.loss_cls: 0.4126  decode.loss_mask: 1.2672  decode.loss_dice: 1.4448  decode.d0.loss_cls: 0.8539  decode.d0.loss_mask: 1.3208  decode.d0.loss_dice: 1.6053  decode.d1.loss_cls: 0.5942  decode.d1.loss_mask: 1.2838  decode.d1.loss_dice: 1.5226  decode.d2.loss_cls: 0.5015  decode.d2.loss_mask: 1.2827  decode.d2.loss_dice: 1.4650  decode.d3.loss_cls: 0.4603  decode.d3.loss_mask: 1.2720  decode.d3.loss_dice: 1.4588  decode.d4.loss_cls: 0.4513  decode.d4.loss_mask: 1.2714  decode.d4.loss_dice: 1.4503  decode.d5.loss_cls: 0.4438  decode.d5.loss_mask: 1.2688  decode.d5.loss_dice: 1.4428  decode.d6.loss_cls: 0.4048  decode.d6.loss_mask: 1.2701  decode.d6.loss_dice: 1.4377  decode.d7.loss_cls: 0.4264  decode.d7.loss_mask: 1.2688  decode.d7.loss_dice: 1.4364  decode.d8.loss_cls: 0.4114  decode.d8.loss_mask: 1.2651  decode.d8.loss_dice: 1.4321
2026/06/17 00:24:25 - mmengine - INFO - Iter(train) [ 9200/20000]  base_lr: 6.1610e-05 lr: 6.1610e-05  eta: 10:49:36  time: 3.6111  data_time: 0.0341  memory: 8724  grad_norm: 160.0973  loss: 32.5297  decode.loss_cls: 0.3818  decode.loss_mask: 1.3017  decode.loss_dice: 1.4645  decode.d0.loss_cls: 0.8003  decode.d0.loss_mask: 1.3179  decode.d0.loss_dice: 1.5947  decode.d1.loss_cls: 0.5551  decode.d1.loss_mask: 1.3071  decode.d1.loss_dice: 1.5255  decode.d2.loss_cls: 0.4307  decode.d2.loss_mask: 1.3053  decode.d2.loss_dice: 1.4965  decode.d3.loss_cls: 0.4105  decode.d3.loss_mask: 1.3036  decode.d3.loss_dice: 1.4669  decode.d4.loss_cls: 0.4008  decode.d4.loss_mask: 1.3083  decode.d4.loss_dice: 1.4752  decode.d5.loss_cls: 0.3950  decode.d5.loss_mask: 1.3056  decode.d5.loss_dice: 1.4786  decode.d6.loss_cls: 0.3858  decode.d6.loss_mask: 1.3092  decode.d6.loss_dice: 1.4902  decode.d7.loss_cls: 0.3938  decode.d7.loss_mask: 1.2900  decode.d7.loss_dice: 1.4731  decode.d8.loss_cls: 0.4168  decode.d8.loss_mask: 1.2862  decode.d8.loss_dice: 1.4590
2026/06/17 00:27:25 - mmengine - INFO - Iter(train) [ 9250/20000]  base_lr: 6.1353e-05 lr: 6.1353e-05  eta: 10:46:35  time: 3.6121  data_time: 0.0334  memory: 8724  grad_norm: 162.7895  loss: 28.6632  decode.loss_cls: 0.3575  decode.loss_mask: 1.1653  decode.loss_dice: 1.2704  decode.d0.loss_cls: 0.7581  decode.d0.loss_mask: 1.2255  decode.d0.loss_dice: 1.3704  decode.d1.loss_cls: 0.4962  decode.d1.loss_mask: 1.2008  decode.d1.loss_dice: 1.3248  decode.d2.loss_cls: 0.3840  decode.d2.loss_mask: 1.1797  decode.d2.loss_dice: 1.2866  decode.d3.loss_cls: 0.3332  decode.d3.loss_mask: 1.1766  decode.d3.loss_dice: 1.2769  decode.d4.loss_cls: 0.3235  decode.d4.loss_mask: 1.1720  decode.d4.loss_dice: 1.2675  decode.d5.loss_cls: 0.3351  decode.d5.loss_mask: 1.1676  decode.d5.loss_dice: 1.2637  decode.d6.loss_cls: 0.3322  decode.d6.loss_mask: 1.1660  decode.d6.loss_dice: 1.2650  decode.d7.loss_cls: 0.3333  decode.d7.loss_mask: 1.1655  decode.d7.loss_dice: 1.2798  decode.d8.loss_cls: 0.3618  decode.d8.loss_mask: 1.1653  decode.d8.loss_dice: 1.2591
2026/06/17 00:30:26 - mmengine - INFO - Iter(train) [ 9300/20000]  base_lr: 6.1096e-05 lr: 6.1096e-05  eta: 10:43:35  time: 3.6074  data_time: 0.0333  memory: 8724  grad_norm: 162.3964  loss: 30.0907  decode.loss_cls: 0.3971  decode.loss_mask: 1.1947  decode.loss_dice: 1.3113  decode.d0.loss_cls: 0.8202  decode.d0.loss_mask: 1.2214  decode.d0.loss_dice: 1.4526  decode.d1.loss_cls: 0.5153  decode.d1.loss_mask: 1.2040  decode.d1.loss_dice: 1.3848  decode.d2.loss_cls: 0.4627  decode.d2.loss_mask: 1.1935  decode.d2.loss_dice: 1.3310  decode.d3.loss_cls: 0.4432  decode.d3.loss_mask: 1.1976  decode.d3.loss_dice: 1.3182  decode.d4.loss_cls: 0.4313  decode.d4.loss_mask: 1.1967  decode.d4.loss_dice: 1.3228  decode.d5.loss_cls: 0.4125  decode.d5.loss_mask: 1.1928  decode.d5.loss_dice: 1.3180  decode.d6.loss_cls: 0.4229  decode.d6.loss_mask: 1.2045  decode.d6.loss_dice: 1.3146  decode.d7.loss_cls: 0.3987  decode.d7.loss_mask: 1.2066  decode.d7.loss_dice: 1.3256  decode.d8.loss_cls: 0.3925  decode.d8.loss_mask: 1.1954  decode.d8.loss_dice: 1.3080
2026/06/17 00:33:27 - mmengine - INFO - Iter(train) [ 9350/20000]  base_lr: 6.0839e-05 lr: 6.0839e-05  eta: 10:40:35  time: 3.6103  data_time: 0.0343  memory: 8724  grad_norm: 151.3527  loss: 29.5172  decode.loss_cls: 0.2263  decode.loss_mask: 1.2682  decode.loss_dice: 1.3398  decode.d0.loss_cls: 0.6547  decode.d0.loss_mask: 1.3197  decode.d0.loss_dice: 1.4504  decode.d1.loss_cls: 0.4044  decode.d1.loss_mask: 1.3011  decode.d1.loss_dice: 1.3903  decode.d2.loss_cls: 0.3541  decode.d2.loss_mask: 1.2726  decode.d2.loss_dice: 1.3663  decode.d3.loss_cls: 0.2811  decode.d3.loss_mask: 1.2682  decode.d3.loss_dice: 1.3367  decode.d4.loss_cls: 0.2901  decode.d4.loss_mask: 1.2579  decode.d4.loss_dice: 1.3306  decode.d5.loss_cls: 0.2642  decode.d5.loss_mask: 1.2676  decode.d5.loss_dice: 1.3328  decode.d6.loss_cls: 0.2370  decode.d6.loss_mask: 1.2792  decode.d6.loss_dice: 1.3220  decode.d7.loss_cls: 0.2538  decode.d7.loss_mask: 1.2698  decode.d7.loss_dice: 1.3246  decode.d8.loss_cls: 0.2472  decode.d8.loss_mask: 1.2701  decode.d8.loss_dice: 1.3365
2026/06/17 00:36:27 - mmengine - INFO - Iter(train) [ 9400/20000]  base_lr: 6.0582e-05 lr: 6.0582e-05  eta: 10:37:34  time: 3.6138  data_time: 0.0343  memory: 8724  grad_norm: 185.4274  loss: 30.6379  decode.loss_cls: 0.4990  decode.loss_mask: 1.2214  decode.loss_dice: 1.2711  decode.d0.loss_cls: 0.9117  decode.d0.loss_mask: 1.2393  decode.d0.loss_dice: 1.4027  decode.d1.loss_cls: 0.6886  decode.d1.loss_mask: 1.2313  decode.d1.loss_dice: 1.3390  decode.d2.loss_cls: 0.5266  decode.d2.loss_mask: 1.2241  decode.d2.loss_dice: 1.3075  decode.d3.loss_cls: 0.4855  decode.d3.loss_mask: 1.2183  decode.d3.loss_dice: 1.2779  decode.d4.loss_cls: 0.4369  decode.d4.loss_mask: 1.2231  decode.d4.loss_dice: 1.2838  decode.d5.loss_cls: 0.4386  decode.d5.loss_mask: 1.2183  decode.d5.loss_dice: 1.2781  decode.d6.loss_cls: 0.4725  decode.d6.loss_mask: 1.2196  decode.d6.loss_dice: 1.2764  decode.d7.loss_cls: 0.4750  decode.d7.loss_mask: 1.2225  decode.d7.loss_dice: 1.2792  decode.d8.loss_cls: 0.4744  decode.d8.loss_mask: 1.2209  decode.d8.loss_dice: 1.2747
2026/06/17 00:39:28 - mmengine - INFO - Iter(train) [ 9450/20000]  base_lr: 6.0325e-05 lr: 6.0325e-05  eta: 10:34:34  time: 3.6104  data_time: 0.0341  memory: 8724  grad_norm: 170.1867  loss: 33.7244  decode.loss_cls: 0.4635  decode.loss_mask: 1.2619  decode.loss_dice: 1.5675  decode.d0.loss_cls: 0.7683  decode.d0.loss_mask: 1.3033  decode.d0.loss_dice: 1.6635  decode.d1.loss_cls: 0.5649  decode.d1.loss_mask: 1.2786  decode.d1.loss_dice: 1.6116  decode.d2.loss_cls: 0.4882  decode.d2.loss_mask: 1.2757  decode.d2.loss_dice: 1.6020  decode.d3.loss_cls: 0.4480  decode.d3.loss_mask: 1.2787  decode.d3.loss_dice: 1.5882  decode.d4.loss_cls: 0.4561  decode.d4.loss_mask: 1.2835  decode.d4.loss_dice: 1.5807  decode.d5.loss_cls: 0.4770  decode.d5.loss_mask: 1.2803  decode.d5.loss_dice: 1.5880  decode.d6.loss_cls: 0.4872  decode.d6.loss_mask: 1.2642  decode.d6.loss_dice: 1.5715  decode.d7.loss_cls: 0.4733  decode.d7.loss_mask: 1.2582  decode.d7.loss_dice: 1.5593  decode.d8.loss_cls: 0.4544  decode.d8.loss_mask: 1.2624  decode.d8.loss_dice: 1.5645
2026/06/17 00:42:28 - mmengine - INFO - Iter(train) [ 9500/20000]  base_lr: 6.0067e-05 lr: 6.0067e-05  eta: 10:31:34  time: 3.6177  data_time: 0.0340  memory: 8724  grad_norm: 156.6959  loss: 31.1824  decode.loss_cls: 0.3828  decode.loss_mask: 1.1985  decode.loss_dice: 1.4776  decode.d0.loss_cls: 0.7082  decode.d0.loss_mask: 1.2570  decode.d0.loss_dice: 1.6208  decode.d1.loss_cls: 0.4639  decode.d1.loss_mask: 1.2171  decode.d1.loss_dice: 1.5492  decode.d2.loss_cls: 0.3757  decode.d2.loss_mask: 1.2147  decode.d2.loss_dice: 1.4996  decode.d3.loss_cls: 0.3271  decode.d3.loss_mask: 1.2100  decode.d3.loss_dice: 1.4733  decode.d4.loss_cls: 0.3254  decode.d4.loss_mask: 1.2134  decode.d4.loss_dice: 1.4737  decode.d5.loss_cls: 0.3273  decode.d5.loss_mask: 1.2005  decode.d5.loss_dice: 1.4712  decode.d6.loss_cls: 0.3457  decode.d6.loss_mask: 1.2151  decode.d6.loss_dice: 1.4921  decode.d7.loss_cls: 0.4012  decode.d7.loss_mask: 1.1905  decode.d7.loss_dice: 1.4799  decode.d8.loss_cls: 0.4122  decode.d8.loss_mask: 1.1885  decode.d8.loss_dice: 1.4700
2026/06/17 00:45:29 - mmengine - INFO - Iter(train) [ 9550/20000]  base_lr: 5.9810e-05 lr: 5.9810e-05  eta: 10:28:34  time: 3.6153  data_time: 0.0343  memory: 8724  grad_norm: 165.6983  loss: 31.1865  decode.loss_cls: 0.3411  decode.loss_mask: 1.1954  decode.loss_dice: 1.4686  decode.d0.loss_cls: 0.8193  decode.d0.loss_mask: 1.2202  decode.d0.loss_dice: 1.5735  decode.d1.loss_cls: 0.5673  decode.d1.loss_mask: 1.2061  decode.d1.loss_dice: 1.5177  decode.d2.loss_cls: 0.4118  decode.d2.loss_mask: 1.2313  decode.d2.loss_dice: 1.4843  decode.d3.loss_cls: 0.3792  decode.d3.loss_mask: 1.1973  decode.d3.loss_dice: 1.4624  decode.d4.loss_cls: 0.3926  decode.d4.loss_mask: 1.1863  decode.d4.loss_dice: 1.4668  decode.d5.loss_cls: 0.3606  decode.d5.loss_mask: 1.1905  decode.d5.loss_dice: 1.4711  decode.d6.loss_cls: 0.3524  decode.d6.loss_mask: 1.1895  decode.d6.loss_dice: 1.4659  decode.d7.loss_cls: 0.3609  decode.d7.loss_mask: 1.1939  decode.d7.loss_dice: 1.4600  decode.d8.loss_cls: 0.3664  decode.d8.loss_mask: 1.1960  decode.d8.loss_dice: 1.4582
2026/06/17 00:48:30 - mmengine - INFO - Iter(train) [ 9600/20000]  base_lr: 5.9552e-05 lr: 5.9552e-05  eta: 10:25:33  time: 3.6093  data_time: 0.0341  memory: 8724  grad_norm: 170.6874  loss: 32.5167  decode.loss_cls: 0.4269  decode.loss_mask: 1.2369  decode.loss_dice: 1.4511  decode.d0.loss_cls: 0.8318  decode.d0.loss_mask: 1.2976  decode.d0.loss_dice: 1.5991  decode.d1.loss_cls: 0.5923  decode.d1.loss_mask: 1.2882  decode.d1.loss_dice: 1.5575  decode.d2.loss_cls: 0.5053  decode.d2.loss_mask: 1.2474  decode.d2.loss_dice: 1.4894  decode.d3.loss_cls: 0.4734  decode.d3.loss_mask: 1.2469  decode.d3.loss_dice: 1.4799  decode.d4.loss_cls: 0.4495  decode.d4.loss_mask: 1.2459  decode.d4.loss_dice: 1.4775  decode.d5.loss_cls: 0.4446  decode.d5.loss_mask: 1.2449  decode.d5.loss_dice: 1.4931  decode.d6.loss_cls: 0.4622  decode.d6.loss_mask: 1.2280  decode.d6.loss_dice: 1.4615  decode.d7.loss_cls: 0.4316  decode.d7.loss_mask: 1.2453  decode.d7.loss_dice: 1.4751  decode.d8.loss_cls: 0.4267  decode.d8.loss_mask: 1.2408  decode.d8.loss_dice: 1.4661
2026/06/17 00:51:30 - mmengine - INFO - Iter(train) [ 9650/20000]  base_lr: 5.9294e-05 lr: 5.9294e-05  eta: 10:22:33  time: 3.6091  data_time: 0.0342  memory: 8724  grad_norm: 172.3746  loss: 30.8995  decode.loss_cls: 0.3238  decode.loss_mask: 1.2546  decode.loss_dice: 1.4285  decode.d0.loss_cls: 0.6836  decode.d0.loss_mask: 1.2879  decode.d0.loss_dice: 1.5502  decode.d1.loss_cls: 0.4853  decode.d1.loss_mask: 1.2597  decode.d1.loss_dice: 1.4984  decode.d2.loss_cls: 0.3457  decode.d2.loss_mask: 1.2526  decode.d2.loss_dice: 1.4614  decode.d3.loss_cls: 0.3365  decode.d3.loss_mask: 1.2523  decode.d3.loss_dice: 1.4263  decode.d4.loss_cls: 0.3386  decode.d4.loss_mask: 1.2509  decode.d4.loss_dice: 1.4242  decode.d5.loss_cls: 0.3331  decode.d5.loss_mask: 1.2429  decode.d5.loss_dice: 1.4312  decode.d6.loss_cls: 0.3157  decode.d6.loss_mask: 1.2566  decode.d6.loss_dice: 1.4375  decode.d7.loss_cls: 0.3245  decode.d7.loss_mask: 1.2529  decode.d7.loss_dice: 1.4316  decode.d8.loss_cls: 0.3136  decode.d8.loss_mask: 1.2609  decode.d8.loss_dice: 1.4388
2026/06/17 00:54:31 - mmengine - INFO - Iter(train) [ 9700/20000]  base_lr: 5.9036e-05 lr: 5.9036e-05  eta: 10:19:33  time: 3.6098  data_time: 0.0339  memory: 8724  grad_norm: 196.9260  loss: 30.2273  decode.loss_cls: 0.2999  decode.loss_mask: 1.2977  decode.loss_dice: 1.3033  decode.d0.loss_cls: 0.7019  decode.d0.loss_mask: 1.3400  decode.d0.loss_dice: 1.4613  decode.d1.loss_cls: 0.4684  decode.d1.loss_mask: 1.3190  decode.d1.loss_dice: 1.3930  decode.d2.loss_cls: 0.3904  decode.d2.loss_mask: 1.2999  decode.d2.loss_dice: 1.3671  decode.d3.loss_cls: 0.3240  decode.d3.loss_mask: 1.2805  decode.d3.loss_dice: 1.3224  decode.d4.loss_cls: 0.3511  decode.d4.loss_mask: 1.2790  decode.d4.loss_dice: 1.3239  decode.d5.loss_cls: 0.3730  decode.d5.loss_mask: 1.2813  decode.d5.loss_dice: 1.3028  decode.d6.loss_cls: 0.3451  decode.d6.loss_mask: 1.2731  decode.d6.loss_dice: 1.3061  decode.d7.loss_cls: 0.3141  decode.d7.loss_mask: 1.2888  decode.d7.loss_dice: 1.3124  decode.d8.loss_cls: 0.3104  decode.d8.loss_mask: 1.2819  decode.d8.loss_dice: 1.3157
2026/06/17 00:57:31 - mmengine - INFO - Iter(train) [ 9750/20000]  base_lr: 5.8778e-05 lr: 5.8778e-05  eta: 10:16:32  time: 3.6079  data_time: 0.0338  memory: 8724  grad_norm: 199.2730  loss: 32.3867  decode.loss_cls: 0.3370  decode.loss_mask: 1.2863  decode.loss_dice: 1.5028  decode.d0.loss_cls: 0.7628  decode.d0.loss_mask: 1.3115  decode.d0.loss_dice: 1.6541  decode.d1.loss_cls: 0.5344  decode.d1.loss_mask: 1.3099  decode.d1.loss_dice: 1.5785  decode.d2.loss_cls: 0.4094  decode.d2.loss_mask: 1.2977  decode.d2.loss_dice: 1.5298  decode.d3.loss_cls: 0.3638  decode.d3.loss_mask: 1.2920  decode.d3.loss_dice: 1.5123  decode.d4.loss_cls: 0.3579  decode.d4.loss_mask: 1.2952  decode.d4.loss_dice: 1.5082  decode.d5.loss_cls: 0.3734  decode.d5.loss_mask: 1.2869  decode.d5.loss_dice: 1.5087  decode.d6.loss_cls: 0.3455  decode.d6.loss_mask: 1.2849  decode.d6.loss_dice: 1.4971  decode.d7.loss_cls: 0.3263  decode.d7.loss_mask: 1.2941  decode.d7.loss_dice: 1.4985  decode.d8.loss_cls: 0.3310  decode.d8.loss_mask: 1.2938  decode.d8.loss_dice: 1.5031
2026/06/17 01:00:32 - mmengine - INFO - Iter(train) [ 9800/20000]  base_lr: 5.8520e-05 lr: 5.8520e-05  eta: 10:13:32  time: 3.6075  data_time: 0.0340  memory: 8724  grad_norm: 187.6827  loss: 33.1093  decode.loss_cls: 0.3942  decode.loss_mask: 1.3447  decode.loss_dice: 1.4944  decode.d0.loss_cls: 0.7059  decode.d0.loss_mask: 1.3934  decode.d0.loss_dice: 1.6393  decode.d1.loss_cls: 0.4474  decode.d1.loss_mask: 1.3724  decode.d1.loss_dice: 1.5982  decode.d2.loss_cls: 0.4217  decode.d2.loss_mask: 1.3402  decode.d2.loss_dice: 1.5289  decode.d3.loss_cls: 0.4027  decode.d3.loss_mask: 1.3460  decode.d3.loss_dice: 1.5053  decode.d4.loss_cls: 0.4075  decode.d4.loss_mask: 1.3401  decode.d4.loss_dice: 1.4939  decode.d5.loss_cls: 0.3949  decode.d5.loss_mask: 1.3473  decode.d5.loss_dice: 1.4963  decode.d6.loss_cls: 0.3869  decode.d6.loss_mask: 1.3482  decode.d6.loss_dice: 1.4925  decode.d7.loss_cls: 0.3667  decode.d7.loss_mask: 1.3535  decode.d7.loss_dice: 1.5150  decode.d8.loss_cls: 0.3778  decode.d8.loss_mask: 1.3521  decode.d8.loss_dice: 1.5022
2026/06/17 01:03:33 - mmengine - INFO - Iter(train) [ 9850/20000]  base_lr: 5.8262e-05 lr: 5.8262e-05  eta: 10:10:32  time: 3.6107  data_time: 0.0336  memory: 8724  grad_norm: 155.6718  loss: 28.8335  decode.loss_cls: 0.3521  decode.loss_mask: 1.1078  decode.loss_dice: 1.3101  decode.d0.loss_cls: 0.7305  decode.d0.loss_mask: 1.1486  decode.d0.loss_dice: 1.4275  decode.d1.loss_cls: 0.4665  decode.d1.loss_mask: 1.1277  decode.d1.loss_dice: 1.3586  decode.d2.loss_cls: 0.3916  decode.d2.loss_mask: 1.1201  decode.d2.loss_dice: 1.3483  decode.d3.loss_cls: 0.4102  decode.d3.loss_mask: 1.0969  decode.d3.loss_dice: 1.3114  decode.d4.loss_cls: 0.3976  decode.d4.loss_mask: 1.1100  decode.d4.loss_dice: 1.3184  decode.d5.loss_cls: 0.3821  decode.d5.loss_mask: 1.1209  decode.d5.loss_dice: 1.3321  decode.d6.loss_cls: 0.3924  decode.d6.loss_mask: 1.1180  decode.d6.loss_dice: 1.3171  decode.d7.loss_cls: 0.3730  decode.d7.loss_mask: 1.1165  decode.d7.loss_dice: 1.3060  decode.d8.loss_cls: 0.4034  decode.d8.loss_mask: 1.1191  decode.d8.loss_dice: 1.3192
2026/06/17 01:06:33 - mmengine - INFO - Iter(train) [ 9900/20000]  base_lr: 5.8004e-05 lr: 5.8004e-05  eta: 10:07:31  time: 3.6107  data_time: 0.0343  memory: 8724  grad_norm: 162.2095  loss: 30.0025  decode.loss_cls: 0.3702  decode.loss_mask: 1.2060  decode.loss_dice: 1.3130  decode.d0.loss_cls: 0.7996  decode.d0.loss_mask: 1.2742  decode.d0.loss_dice: 1.5222  decode.d1.loss_cls: 0.6304  decode.d1.loss_mask: 1.2055  decode.d1.loss_dice: 1.3846  decode.d2.loss_cls: 0.4274  decode.d2.loss_mask: 1.1897  decode.d2.loss_dice: 1.3213  decode.d3.loss_cls: 0.3769  decode.d3.loss_mask: 1.2022  decode.d3.loss_dice: 1.3071  decode.d4.loss_cls: 0.3870  decode.d4.loss_mask: 1.1994  decode.d4.loss_dice: 1.3198  decode.d5.loss_cls: 0.3939  decode.d5.loss_mask: 1.1878  decode.d5.loss_dice: 1.3237  decode.d6.loss_cls: 0.3677  decode.d6.loss_mask: 1.2059  decode.d6.loss_dice: 1.3118  decode.d7.loss_cls: 0.3863  decode.d7.loss_mask: 1.1953  decode.d7.loss_dice: 1.3111  decode.d8.loss_cls: 0.3692  decode.d8.loss_mask: 1.1961  decode.d8.loss_dice: 1.3170
2026/06/17 01:09:34 - mmengine - INFO - Iter(train) [ 9950/20000]  base_lr: 5.7745e-05 lr: 5.7745e-05  eta: 10:04:31  time: 3.6108  data_time: 0.0344  memory: 8724  grad_norm: 178.5252  loss: 30.3815  decode.loss_cls: 0.3116  decode.loss_mask: 1.2559  decode.loss_dice: 1.3721  decode.d0.loss_cls: 0.6445  decode.d0.loss_mask: 1.3122  decode.d0.loss_dice: 1.5218  decode.d1.loss_cls: 0.4550  decode.d1.loss_mask: 1.2712  decode.d1.loss_dice: 1.4352  decode.d2.loss_cls: 0.4044  decode.d2.loss_mask: 1.2571  decode.d2.loss_dice: 1.4230  decode.d3.loss_cls: 0.3598  decode.d3.loss_mask: 1.2610  decode.d3.loss_dice: 1.3813  decode.d4.loss_cls: 0.3440  decode.d4.loss_mask: 1.2615  decode.d4.loss_dice: 1.3790  decode.d5.loss_cls: 0.3058  decode.d5.loss_mask: 1.2554  decode.d5.loss_dice: 1.3817  decode.d6.loss_cls: 0.3138  decode.d6.loss_mask: 1.2539  decode.d6.loss_dice: 1.3808  decode.d7.loss_cls: 0.2871  decode.d7.loss_mask: 1.2558  decode.d7.loss_dice: 1.3785  decode.d8.loss_cls: 0.2790  decode.d8.loss_mask: 1.2557  decode.d8.loss_dice: 1.3833
2026/06/17 01:12:34 - mmengine - INFO - Exp name: dinov3l_m2f_pastis_temporal_v4_20260616_144812
2026/06/17 01:12:34 - mmengine - INFO - Iter(train) [10000/20000]  base_lr: 5.7487e-05 lr: 5.7487e-05  eta: 10:01:31  time: 3.6182  data_time: 0.0345  memory: 8724  grad_norm: 173.6377  loss: 29.9857  decode.loss_cls: 0.2954  decode.loss_mask: 1.2725  decode.loss_dice: 1.3628  decode.d0.loss_cls: 0.6817  decode.d0.loss_mask: 1.2999  decode.d0.loss_dice: 1.4545  decode.d1.loss_cls: 0.4299  decode.d1.loss_mask: 1.2909  decode.d1.loss_dice: 1.4118  decode.d2.loss_cls: 0.3233  decode.d2.loss_mask: 1.2771  decode.d2.loss_dice: 1.4070  decode.d3.loss_cls: 0.2859  decode.d3.loss_mask: 1.2640  decode.d3.loss_dice: 1.3754  decode.d4.loss_cls: 0.2738  decode.d4.loss_mask: 1.2645  decode.d4.loss_dice: 1.3707  decode.d5.loss_cls: 0.2808  decode.d5.loss_mask: 1.2658  decode.d5.loss_dice: 1.3655  decode.d6.loss_cls: 0.2880  decode.d6.loss_mask: 1.2633  decode.d6.loss_dice: 1.3628  decode.d7.loss_cls: 0.2703  decode.d7.loss_mask: 1.2622  decode.d7.loss_dice: 1.3731  decode.d8.loss_cls: 0.2830  decode.d8.loss_mask: 1.2627  decode.d8.loss_dice: 1.3671
2026/06/17 01:12:34 - mmengine - INFO - Saving checkpoint at 10000 iterations
2026/06/17 01:13:46 - mmengine - INFO - Iter(val) [ 50/121]    eta: 0:01:25  time: 1.1909  data_time: 0.0266  memory: 6229  
2026/06/17 01:14:45 - mmengine - INFO - Iter(val) [100/121]    eta: 0:00:25  time: 1.1913  data_time: 0.0277  memory: 6229  
2026/06/17 01:15:10 - mmengine - INFO - per class results:
2026/06/17 01:15:10 - mmengine - INFO - 
+---------+-------+-------+
|  Class  |  IoU  |  Acc  |
+---------+-------+-------+
|  crop_1 | 73.39 | 85.06 |
|  crop_2 |  63.9 | 78.19 |
|  crop_3 | 78.64 | 88.27 |
|  crop_4 | 83.73 | 90.42 |
|  crop_5 |  71.5 |  78.1 |
|  crop_6 | 85.04 | 92.22 |
|  crop_7 | 40.38 | 75.96 |
|  crop_8 | 62.49 | 74.46 |
|  crop_9 | 47.27 | 61.75 |
| crop_10 | 84.21 | 90.85 |
| crop_11 | 35.21 | 46.64 |
| crop_12 | 56.59 | 74.67 |
| crop_13 | 35.79 | 62.44 |
| crop_14 | 36.11 | 58.96 |
| crop_15 |  38.1 | 49.95 |
| crop_16 | 71.89 | 83.34 |
| crop_17 | 37.01 | 44.81 |
| crop_18 | 25.34 | 48.16 |
| crop_19 | 32.57 | 41.53 |
+---------+-------+-------+
2026/06/17 01:15:10 - mmengine - INFO - Iter(val) [121/121]    aAcc: 81.4500  mIoU: 55.7400  mAcc: 69.7800  data_time: 0.0302  time: 1.1848
2026/06/17 01:18:10 - mmengine - INFO - Iter(train) [10050/20000]  base_lr: 5.7228e-05 lr: 5.7228e-05  eta: 9:58:30  time: 3.6091  data_time: 0.0340  memory: 8724  grad_norm: 206.7692  loss: 31.6832  decode.loss_cls: 0.3372  decode.loss_mask: 1.3182  decode.loss_dice: 1.4238  decode.d0.loss_cls: 0.6896  decode.d0.loss_mask: 1.3596  decode.d0.loss_dice: 1.5749  decode.d1.loss_cls: 0.5446  decode.d1.loss_mask: 1.3198  decode.d1.loss_dice: 1.4965  decode.d2.loss_cls: 0.3760  decode.d2.loss_mask: 1.3165  decode.d2.loss_dice: 1.4681  decode.d3.loss_cls: 0.3184  decode.d3.loss_mask: 1.3269  decode.d3.loss_dice: 1.4376  decode.d4.loss_cls: 0.3047  decode.d4.loss_mask: 1.3289  decode.d4.loss_dice: 1.4424  decode.d5.loss_cls: 0.2891  decode.d5.loss_mask: 1.3271  decode.d5.loss_dice: 1.4486  decode.d6.loss_cls: 0.3226  decode.d6.loss_mask: 1.3095  decode.d6.loss_dice: 1.4339  decode.d7.loss_cls: 0.3437  decode.d7.loss_mask: 1.3139  decode.d7.loss_dice: 1.4359  decode.d8.loss_cls: 0.3279  decode.d8.loss_mask: 1.3195  decode.d8.loss_dice: 1.4278
2026/06/17 01:21:11 - mmengine - INFO - Iter(train) [10100/20000]  base_lr: 5.6969e-05 lr: 5.6969e-05  eta: 9:55:30  time: 3.6132  data_time: 0.0342  memory: 8724  grad_norm: 257.2401  loss: 31.4953  decode.loss_cls: 0.3015  decode.loss_mask: 1.2818  decode.loss_dice: 1.4637  decode.d0.loss_cls: 0.7210  decode.d0.loss_mask: 1.3271  decode.d0.loss_dice: 1.5959  decode.d1.loss_cls: 0.4542  decode.d1.loss_mask: 1.2912  decode.d1.loss_dice: 1.5027  decode.d2.loss_cls: 0.3034  decode.d2.loss_mask: 1.3013  decode.d2.loss_dice: 1.4715  decode.d3.loss_cls: 0.3362  decode.d3.loss_mask: 1.2935  decode.d3.loss_dice: 1.4619  decode.d4.loss_cls: 0.3538  decode.d4.loss_mask: 1.2991  decode.d4.loss_dice: 1.4531  decode.d5.loss_cls: 0.3272  decode.d5.loss_mask: 1.2927  decode.d5.loss_dice: 1.4604  decode.d6.loss_cls: 0.3372  decode.d6.loss_mask: 1.2872  decode.d6.loss_dice: 1.4561  decode.d7.loss_cls: 0.3272  decode.d7.loss_mask: 1.2876  decode.d7.loss_dice: 1.4509  decode.d8.loss_cls: 0.3103  decode.d8.loss_mask: 1.2927  decode.d8.loss_dice: 1.4531
2026/06/17 01:24:11 - mmengine - INFO - Iter(train) [10150/20000]  base_lr: 5.6710e-05 lr: 5.6710e-05  eta: 9:52:29  time: 3.6076  data_time: 0.0347  memory: 8724  grad_norm: 193.9713  loss: 30.4777  decode.loss_cls: 0.3432  decode.loss_mask: 1.2339  decode.loss_dice: 1.3297  decode.d0.loss_cls: 0.8288  decode.d0.loss_mask: 1.2672  decode.d0.loss_dice: 1.4495  decode.d1.loss_cls: 0.6850  decode.d1.loss_mask: 1.2359  decode.d1.loss_dice: 1.3500  decode.d2.loss_cls: 0.4205  decode.d2.loss_mask: 1.2363  decode.d2.loss_dice: 1.3486  decode.d3.loss_cls: 0.4433  decode.d3.loss_mask: 1.2236  decode.d3.loss_dice: 1.3261  decode.d4.loss_cls: 0.3653  decode.d4.loss_mask: 1.2410  decode.d4.loss_dice: 1.3391  decode.d5.loss_cls: 0.3602  decode.d5.loss_mask: 1.2351  decode.d5.loss_dice: 1.3410  decode.d6.loss_cls: 0.4371  decode.d6.loss_mask: 1.2316  decode.d6.loss_dice: 1.3338  decode.d7.loss_cls: 0.3777  decode.d7.loss_mask: 1.2375  decode.d7.loss_dice: 1.3288  decode.d8.loss_cls: 0.3578  decode.d8.loss_mask: 1.2359  decode.d8.loss_dice: 1.3343
2026/06/17 01:27:12 - mmengine - INFO - Iter(train) [10200/20000]  base_lr: 5.6451e-05 lr: 5.6451e-05  eta: 9:49:29  time: 3.6104  data_time: 0.0343  memory: 8724  grad_norm: 191.0696  loss: 33.2952  decode.loss_cls: 0.3367  decode.loss_mask: 1.3267  decode.loss_dice: 1.5645  decode.d0.loss_cls: 0.8173  decode.d0.loss_mask: 1.3678  decode.d0.loss_dice: 1.6307  decode.d1.loss_cls: 0.5066  decode.d1.loss_mask: 1.3412  decode.d1.loss_dice: 1.5979  decode.d2.loss_cls: 0.4175  decode.d2.loss_mask: 1.3509  decode.d2.loss_dice: 1.5646  decode.d3.loss_cls: 0.3385  decode.d3.loss_mask: 1.3421  decode.d3.loss_dice: 1.5612  decode.d4.loss_cls: 0.3327  decode.d4.loss_mask: 1.3356  decode.d4.loss_dice: 1.5657  decode.d5.loss_cls: 0.3609  decode.d5.loss_mask: 1.3422  decode.d5.loss_dice: 1.5616  decode.d6.loss_cls: 0.3480  decode.d6.loss_mask: 1.3436  decode.d6.loss_dice: 1.5597  decode.d7.loss_cls: 0.3394  decode.d7.loss_mask: 1.3433  decode.d7.loss_dice: 1.5627  decode.d8.loss_cls: 0.3323  decode.d8.loss_mask: 1.3402  decode.d8.loss_dice: 1.5631
2026/06/17 01:30:12 - mmengine - INFO - Iter(train) [10250/20000]  base_lr: 5.6192e-05 lr: 5.6192e-05  eta: 9:46:29  time: 3.6153  data_time: 0.0347  memory: 8724  grad_norm: 150.9188  loss: 28.7690  decode.loss_cls: 0.2835  decode.loss_mask: 1.1667  decode.loss_dice: 1.3005  decode.d0.loss_cls: 0.7871  decode.d0.loss_mask: 1.2021  decode.d0.loss_dice: 1.4147  decode.d1.loss_cls: 0.5397  decode.d1.loss_mask: 1.1824  decode.d1.loss_dice: 1.3474  decode.d2.loss_cls: 0.4057  decode.d2.loss_mask: 1.1728  decode.d2.loss_dice: 1.3394  decode.d3.loss_cls: 0.3517  decode.d3.loss_mask: 1.1644  decode.d3.loss_dice: 1.2942  decode.d4.loss_cls: 0.3213  decode.d4.loss_mask: 1.1667  decode.d4.loss_dice: 1.2988  decode.d5.loss_cls: 0.2936  decode.d5.loss_mask: 1.1585  decode.d5.loss_dice: 1.3107  decode.d6.loss_cls: 0.3000  decode.d6.loss_mask: 1.1654  decode.d6.loss_dice: 1.2987  decode.d7.loss_cls: 0.2805  decode.d7.loss_mask: 1.1638  decode.d7.loss_dice: 1.3159  decode.d8.loss_cls: 0.2739  decode.d8.loss_mask: 1.1582  decode.d8.loss_dice: 1.3105
2026/06/17 01:33:13 - mmengine - INFO - Iter(train) [10300/20000]  base_lr: 5.5932e-05 lr: 5.5932e-05  eta: 9:43:29  time: 3.6123  data_time: 0.0339  memory: 8724  grad_norm: 161.3726  loss: 28.2606  decode.loss_cls: 0.2496  decode.loss_mask: 1.2033  decode.loss_dice: 1.2739  decode.d0.loss_cls: 0.6594  decode.d0.loss_mask: 1.2366  decode.d0.loss_dice: 1.4186  decode.d1.loss_cls: 0.3834  decode.d1.loss_mask: 1.2294  decode.d1.loss_dice: 1.3539  decode.d2.loss_cls: 0.3334  decode.d2.loss_mask: 1.2025  decode.d2.loss_dice: 1.2956  decode.d3.loss_cls: 0.2789  decode.d3.loss_mask: 1.1982  decode.d3.loss_dice: 1.2661  decode.d4.loss_cls: 0.2720  decode.d4.loss_mask: 1.1954  decode.d4.loss_dice: 1.2718  decode.d5.loss_cls: 0.2654  decode.d5.loss_mask: 1.1981  decode.d5.loss_dice: 1.2776  decode.d6.loss_cls: 0.2728  decode.d6.loss_mask: 1.1992  decode.d6.loss_dice: 1.2651  decode.d7.loss_cls: 0.2546  decode.d7.loss_mask: 1.2035  decode.d7.loss_dice: 1.2707  decode.d8.loss_cls: 0.2557  decode.d8.loss_mask: 1.2021  decode.d8.loss_dice: 1.2738
2026/06/17 01:36:14 - mmengine - INFO - Iter(train) [10350/20000]  base_lr: 5.5673e-05 lr: 5.5673e-05  eta: 9:40:28  time: 3.6115  data_time: 0.0341  memory: 8724  grad_norm: 224.6176  loss: 31.8792  decode.loss_cls: 0.4468  decode.loss_mask: 1.2963  decode.loss_dice: 1.3962  decode.d0.loss_cls: 0.7186  decode.d0.loss_mask: 1.3390  decode.d0.loss_dice: 1.5684  decode.d1.loss_cls: 0.5162  decode.d1.loss_mask: 1.2871  decode.d1.loss_dice: 1.4722  decode.d2.loss_cls: 0.4666  decode.d2.loss_mask: 1.2886  decode.d2.loss_dice: 1.4672  decode.d3.loss_cls: 0.4044  decode.d3.loss_mask: 1.2811  decode.d3.loss_dice: 1.4188  decode.d4.loss_cls: 0.4322  decode.d4.loss_mask: 1.2804  decode.d4.loss_dice: 1.4140  decode.d5.loss_cls: 0.4328  decode.d5.loss_mask: 1.2662  decode.d5.loss_dice: 1.3950  decode.d6.loss_cls: 0.4082  decode.d6.loss_mask: 1.2813  decode.d6.loss_dice: 1.3933  decode.d7.loss_cls: 0.4299  decode.d7.loss_mask: 1.2737  decode.d7.loss_dice: 1.3933  decode.d8.loss_cls: 0.4256  decode.d8.loss_mask: 1.2807  decode.d8.loss_dice: 1.4052
2026/06/17 01:39:13 - mmengine - INFO - Iter(train) [10400/20000]  base_lr: 5.5413e-05 lr: 5.5413e-05  eta: 9:37:26  time: 3.5996  data_time: 0.0342  memory: 8724  grad_norm: 185.6518  loss: 31.6181  decode.loss_cls: 0.3654  decode.loss_mask: 1.2017  decode.loss_dice: 1.4665  decode.d0.loss_cls: 0.7865  decode.d0.loss_mask: 1.2667  decode.d0.loss_dice: 1.5940  decode.d1.loss_cls: 0.5912  decode.d1.loss_mask: 1.2273  decode.d1.loss_dice: 1.5265  decode.d2.loss_cls: 0.4744  decode.d2.loss_mask: 1.2194  decode.d2.loss_dice: 1.5039  decode.d3.loss_cls: 0.4315  decode.d3.loss_mask: 1.2084  decode.d3.loss_dice: 1.4640  decode.d4.loss_cls: 0.4159  decode.d4.loss_mask: 1.2071  decode.d4.loss_dice: 1.4704  decode.d5.loss_cls: 0.4108  decode.d5.loss_mask: 1.1985  decode.d5.loss_dice: 1.4567  decode.d6.loss_cls: 0.3998  decode.d6.loss_mask: 1.1905  decode.d6.loss_dice: 1.4496  decode.d7.loss_cls: 0.3870  decode.d7.loss_mask: 1.1979  decode.d7.loss_dice: 1.4521  decode.d8.loss_cls: 0.3719  decode.d8.loss_mask: 1.2094  decode.d8.loss_dice: 1.4730
2026/06/17 01:42:14 - mmengine - INFO - Iter(train) [10450/20000]  base_lr: 5.5153e-05 lr: 5.5153e-05  eta: 9:34:27  time: 3.6346  data_time: 0.0338  memory: 8724  grad_norm: 176.8159  loss: 30.2361  decode.loss_cls: 0.2839  decode.loss_mask: 1.2327  decode.loss_dice: 1.3993  decode.d0.loss_cls: 0.6708  decode.d0.loss_mask: 1.2839  decode.d0.loss_dice: 1.5504  decode.d1.loss_cls: 0.4578  decode.d1.loss_mask: 1.2587  decode.d1.loss_dice: 1.4886  decode.d2.loss_cls: 0.3014  decode.d2.loss_mask: 1.2457  decode.d2.loss_dice: 1.4396  decode.d3.loss_cls: 0.2560  decode.d3.loss_mask: 1.2366  decode.d3.loss_dice: 1.4320  decode.d4.loss_cls: 0.2637  decode.d4.loss_mask: 1.2376  decode.d4.loss_dice: 1.4476  decode.d5.loss_cls: 0.2800  decode.d5.loss_mask: 1.2385  decode.d5.loss_dice: 1.4343  decode.d6.loss_cls: 0.2683  decode.d6.loss_mask: 1.2376  decode.d6.loss_dice: 1.4161  decode.d7.loss_cls: 0.2900  decode.d7.loss_mask: 1.2347  decode.d7.loss_dice: 1.4171  decode.d8.loss_cls: 0.2626  decode.d8.loss_mask: 1.2460  decode.d8.loss_dice: 1.4247
2026/06/17 01:45:16 - mmengine - INFO - Iter(train) [10500/20000]  base_lr: 5.4893e-05 lr: 5.4893e-05  eta: 9:31:28  time: 3.6337  data_time: 0.0341  memory: 8724  grad_norm: 185.1016  loss: 29.3773  decode.loss_cls: 0.3081  decode.loss_mask: 1.1548  decode.loss_dice: 1.3715  decode.d0.loss_cls: 0.7950  decode.d0.loss_mask: 1.1944  decode.d0.loss_dice: 1.4921  decode.d1.loss_cls: 0.5095  decode.d1.loss_mask: 1.1743  decode.d1.loss_dice: 1.4177  decode.d2.loss_cls: 0.3401  decode.d2.loss_mask: 1.1573  decode.d2.loss_dice: 1.4010  decode.d3.loss_cls: 0.3052  decode.d3.loss_mask: 1.1560  decode.d3.loss_dice: 1.3737  decode.d4.loss_cls: 0.3107  decode.d4.loss_mask: 1.1548  decode.d4.loss_dice: 1.3863  decode.d5.loss_cls: 0.3146  decode.d5.loss_mask: 1.1514  decode.d5.loss_dice: 1.3772  decode.d6.loss_cls: 0.3327  decode.d6.loss_mask: 1.1471  decode.d6.loss_dice: 1.3621  decode.d7.loss_cls: 0.3305  decode.d7.loss_mask: 1.1528  decode.d7.loss_dice: 1.3572  decode.d8.loss_cls: 0.3178  decode.d8.loss_mask: 1.1565  decode.d8.loss_dice: 1.3748
2026/06/17 01:48:18 - mmengine - INFO - Iter(train) [10550/20000]  base_lr: 5.4633e-05 lr: 5.4633e-05  eta: 9:28:29  time: 3.6398  data_time: 0.0344  memory: 8724  grad_norm: 173.8980  loss: 28.8739  decode.loss_cls: 0.2749  decode.loss_mask: 1.2461  decode.loss_dice: 1.2691  decode.d0.loss_cls: 0.6516  decode.d0.loss_mask: 1.3080  decode.d0.loss_dice: 1.3732  decode.d1.loss_cls: 0.4174  decode.d1.loss_mask: 1.2888  decode.d1.loss_dice: 1.3068  decode.d2.loss_cls: 0.3317  decode.d2.loss_mask: 1.2703  decode.d2.loss_dice: 1.2891  decode.d3.loss_cls: 0.2793  decode.d3.loss_mask: 1.2608  decode.d3.loss_dice: 1.2900  decode.d4.loss_cls: 0.2916  decode.d4.loss_mask: 1.2461  decode.d4.loss_dice: 1.2766  decode.d5.loss_cls: 0.2805  decode.d5.loss_mask: 1.2469  decode.d5.loss_dice: 1.2839  decode.d6.loss_cls: 0.2615  decode.d6.loss_mask: 1.2485  decode.d6.loss_dice: 1.2782  decode.d7.loss_cls: 0.2975  decode.d7.loss_mask: 1.2384  decode.d7.loss_dice: 1.2750  decode.d8.loss_cls: 0.2693  decode.d8.loss_mask: 1.2509  decode.d8.loss_dice: 1.2717
2026/06/17 01:51:20 - mmengine - INFO - Iter(train) [10600/20000]  base_lr: 5.4373e-05 lr: 5.4373e-05  eta: 9:25:29  time: 3.6383  data_time: 0.0344  memory: 8724  grad_norm: 139.3665  loss: 29.3444  decode.loss_cls: 0.3257  decode.loss_mask: 1.1803  decode.loss_dice: 1.3552  decode.d0.loss_cls: 0.7409  decode.d0.loss_mask: 1.2095  decode.d0.loss_dice: 1.4946  decode.d1.loss_cls: 0.4464  decode.d1.loss_mask: 1.1942  decode.d1.loss_dice: 1.4278  decode.d2.loss_cls: 0.3534  decode.d2.loss_mask: 1.1824  decode.d2.loss_dice: 1.3717  decode.d3.loss_cls: 0.3302  decode.d3.loss_mask: 1.1757  decode.d3.loss_dice: 1.3443  decode.d4.loss_cls: 0.2832  decode.d4.loss_mask: 1.1847  decode.d4.loss_dice: 1.3574  decode.d5.loss_cls: 0.3097  decode.d5.loss_mask: 1.1767  decode.d5.loss_dice: 1.3458  decode.d6.loss_cls: 0.3044  decode.d6.loss_mask: 1.1847  decode.d6.loss_dice: 1.3598  decode.d7.loss_cls: 0.3027  decode.d7.loss_mask: 1.1792  decode.d7.loss_dice: 1.3617  decode.d8.loss_cls: 0.3232  decode.d8.loss_mask: 1.1773  decode.d8.loss_dice: 1.3614
2026/06/17 01:54:20 - mmengine - INFO - Iter(train) [10650/20000]  base_lr: 5.4112e-05 lr: 5.4112e-05  eta: 9:22:29  time: 3.6262  data_time: 0.0336  memory: 8724  grad_norm: 162.7616  loss: 29.4071  decode.loss_cls: 0.3185  decode.loss_mask: 1.2498  decode.loss_dice: 1.3008  decode.d0.loss_cls: 0.6894  decode.d0.loss_mask: 1.2978  decode.d0.loss_dice: 1.4218  decode.d1.loss_cls: 0.4804  decode.d1.loss_mask: 1.2556  decode.d1.loss_dice: 1.3499  decode.d2.loss_cls: 0.3937  decode.d2.loss_mask: 1.2378  decode.d2.loss_dice: 1.3139  decode.d3.loss_cls: 0.3246  decode.d3.loss_mask: 1.2444  decode.d3.loss_dice: 1.2981  decode.d4.loss_cls: 0.2947  decode.d4.loss_mask: 1.2396  decode.d4.loss_dice: 1.3115  decode.d5.loss_cls: 0.2810  decode.d5.loss_mask: 1.2463  decode.d5.loss_dice: 1.3117  decode.d6.loss_cls: 0.3093  decode.d6.loss_mask: 1.2385  decode.d6.loss_dice: 1.3010  decode.d7.loss_cls: 0.3000  decode.d7.loss_mask: 1.2490  decode.d7.loss_dice: 1.2993  decode.d8.loss_cls: 0.3014  decode.d8.loss_mask: 1.2464  decode.d8.loss_dice: 1.3010
2026/06/17 01:57:21 - mmengine - INFO - Iter(train) [10700/20000]  base_lr: 5.3852e-05 lr: 5.3852e-05  eta: 9:19:28  time: 3.6104  data_time: 0.0338  memory: 8724  grad_norm: 150.0075  loss: 28.6788  decode.loss_cls: 0.2713  decode.loss_mask: 1.1940  decode.loss_dice: 1.2858  decode.d0.loss_cls: 0.7175  decode.d0.loss_mask: 1.2378  decode.d0.loss_dice: 1.4125  decode.d1.loss_cls: 0.4217  decode.d1.loss_mask: 1.2148  decode.d1.loss_dice: 1.3852  decode.d2.loss_cls: 0.2944  decode.d2.loss_mask: 1.1909  decode.d2.loss_dice: 1.3307  decode.d3.loss_cls: 0.3142  decode.d3.loss_mask: 1.2042  decode.d3.loss_dice: 1.3067  decode.d4.loss_cls: 0.2960  decode.d4.loss_mask: 1.2008  decode.d4.loss_dice: 1.3159  decode.d5.loss_cls: 0.2652  decode.d5.loss_mask: 1.2026  decode.d5.loss_dice: 1.3004  decode.d6.loss_cls: 0.2619  decode.d6.loss_mask: 1.2066  decode.d6.loss_dice: 1.3101  decode.d7.loss_cls: 0.2676  decode.d7.loss_mask: 1.1971  decode.d7.loss_dice: 1.3059  decode.d8.loss_cls: 0.2682  decode.d8.loss_mask: 1.1961  decode.d8.loss_dice: 1.3030
2026/06/17 02:00:21 - mmengine - INFO - Iter(train) [10750/20000]  base_lr: 5.3591e-05 lr: 5.3591e-05  eta: 9:16:28  time: 3.6149  data_time: 0.0350  memory: 8724  grad_norm: 138.5265  loss: 29.1180  decode.loss_cls: 0.3239  decode.loss_mask: 1.1468  decode.loss_dice: 1.3472  decode.d0.loss_cls: 0.7036  decode.d0.loss_mask: 1.1835  decode.d0.loss_dice: 1.4757  decode.d1.loss_cls: 0.4901  decode.d1.loss_mask: 1.1572  decode.d1.loss_dice: 1.4002  decode.d2.loss_cls: 0.3635  decode.d2.loss_mask: 1.1633  decode.d2.loss_dice: 1.3624  decode.d3.loss_cls: 0.3823  decode.d3.loss_mask: 1.1550  decode.d3.loss_dice: 1.3478  decode.d4.loss_cls: 0.3770  decode.d4.loss_mask: 1.1374  decode.d4.loss_dice: 1.3417  decode.d5.loss_cls: 0.3319  decode.d5.loss_mask: 1.1391  decode.d5.loss_dice: 1.3528  decode.d6.loss_cls: 0.3418  decode.d6.loss_mask: 1.1445  decode.d6.loss_dice: 1.3424  decode.d7.loss_cls: 0.3369  decode.d7.loss_mask: 1.1404  decode.d7.loss_dice: 1.3387  decode.d8.loss_cls: 0.3124  decode.d8.loss_mask: 1.1360  decode.d8.loss_dice: 1.3424
2026/06/17 02:03:22 - mmengine - INFO - Iter(train) [10800/20000]  base_lr: 5.3330e-05 lr: 5.3330e-05  eta: 9:13:28  time: 3.6166  data_time: 0.0340  memory: 8724  grad_norm: 146.4068  loss: 31.1695  decode.loss_cls: 0.4324  decode.loss_mask: 1.2491  decode.loss_dice: 1.3439  decode.d0.loss_cls: 0.7660  decode.d0.loss_mask: 1.2987  decode.d0.loss_dice: 1.4836  decode.d1.loss_cls: 0.6375  decode.d1.loss_mask: 1.2663  decode.d1.loss_dice: 1.3885  decode.d2.loss_cls: 0.4650  decode.d2.loss_mask: 1.2579  decode.d2.loss_dice: 1.4129  decode.d3.loss_cls: 0.4333  decode.d3.loss_mask: 1.2428  decode.d3.loss_dice: 1.3605  decode.d4.loss_cls: 0.4480  decode.d4.loss_mask: 1.2569  decode.d4.loss_dice: 1.3538  decode.d5.loss_cls: 0.4505  decode.d5.loss_mask: 1.2537  decode.d5.loss_dice: 1.3488  decode.d6.loss_cls: 0.4288  decode.d6.loss_mask: 1.2518  decode.d6.loss_dice: 1.3361  decode.d7.loss_cls: 0.4119  decode.d7.loss_mask: 1.2564  decode.d7.loss_dice: 1.3480  decode.d8.loss_cls: 0.4003  decode.d8.loss_mask: 1.2483  decode.d8.loss_dice: 1.3379
2026/06/17 02:06:23 - mmengine - INFO - Iter(train) [10850/20000]  base_lr: 5.3070e-05 lr: 5.3070e-05  eta: 9:10:27  time: 3.6105  data_time: 0.0346  memory: 8724  grad_norm: 164.2040  loss: 28.0338  decode.loss_cls: 0.2093  decode.loss_mask: 1.2248  decode.loss_dice: 1.2832  decode.d0.loss_cls: 0.5875  decode.d0.loss_mask: 1.2646  decode.d0.loss_dice: 1.3968  decode.d1.loss_cls: 0.3702  decode.d1.loss_mask: 1.2421  decode.d1.loss_dice: 1.3343  decode.d2.loss_cls: 0.2472  decode.d2.loss_mask: 1.2334  decode.d2.loss_dice: 1.3023  decode.d3.loss_cls: 0.2415  decode.d3.loss_mask: 1.2306  decode.d3.loss_dice: 1.2844  decode.d4.loss_cls: 0.2088  decode.d4.loss_mask: 1.2255  decode.d4.loss_dice: 1.2814  decode.d5.loss_cls: 0.2198  decode.d5.loss_mask: 1.2181  decode.d5.loss_dice: 1.2838  decode.d6.loss_cls: 0.2176  decode.d6.loss_mask: 1.2252  decode.d6.loss_dice: 1.2689  decode.d7.loss_cls: 0.2152  decode.d7.loss_mask: 1.2270  decode.d7.loss_dice: 1.2806  decode.d8.loss_cls: 0.2128  decode.d8.loss_mask: 1.2243  decode.d8.loss_dice: 1.2724
2026/06/17 02:09:23 - mmengine - INFO - Iter(train) [10900/20000]  base_lr: 5.2808e-05 lr: 5.2808e-05  eta: 9:07:27  time: 3.6137  data_time: 0.0337  memory: 8724  grad_norm: 145.2757  loss: 28.4221  decode.loss_cls: 0.2588  decode.loss_mask: 1.1577  decode.loss_dice: 1.3117  decode.d0.loss_cls: 0.6738  decode.d0.loss_mask: 1.2369  decode.d0.loss_dice: 1.4313  decode.d1.loss_cls: 0.4667  decode.d1.loss_mask: 1.1817  decode.d1.loss_dice: 1.3501  decode.d2.loss_cls: 0.3204  decode.d2.loss_mask: 1.1636  decode.d2.loss_dice: 1.3421  decode.d3.loss_cls: 0.2921  decode.d3.loss_mask: 1.1582  decode.d3.loss_dice: 1.3143  decode.d4.loss_cls: 0.2763  decode.d4.loss_mask: 1.1607  decode.d4.loss_dice: 1.3146  decode.d5.loss_cls: 0.2789  decode.d5.loss_mask: 1.1607  decode.d5.loss_dice: 1.3198  decode.d6.loss_cls: 0.2977  decode.d6.loss_mask: 1.1674  decode.d6.loss_dice: 1.2963  decode.d7.loss_cls: 0.2685  decode.d7.loss_mask: 1.1661  decode.d7.loss_dice: 1.3158  decode.d8.loss_cls: 0.2548  decode.d8.loss_mask: 1.1685  decode.d8.loss_dice: 1.3169
2026/06/17 02:12:24 - mmengine - INFO - Iter(train) [10950/20000]  base_lr: 5.2547e-05 lr: 5.2547e-05  eta: 9:04:27  time: 3.6152  data_time: 0.0340  memory: 8724  grad_norm: 171.7557  loss: 30.4319  decode.loss_cls: 0.3430  decode.loss_mask: 1.1988  decode.loss_dice: 1.3831  decode.d0.loss_cls: 0.8040  decode.d0.loss_mask: 1.2608  decode.d0.loss_dice: 1.5087  decode.d1.loss_cls: 0.5153  decode.d1.loss_mask: 1.2341  decode.d1.loss_dice: 1.4301  decode.d2.loss_cls: 0.3770  decode.d2.loss_mask: 1.2051  decode.d2.loss_dice: 1.4075  decode.d3.loss_cls: 0.3822  decode.d3.loss_mask: 1.2007  decode.d3.loss_dice: 1.3971  decode.d4.loss_cls: 0.3894  decode.d4.loss_mask: 1.1923  decode.d4.loss_dice: 1.4031  decode.d5.loss_cls: 0.4010  decode.d5.loss_mask: 1.1910  decode.d5.loss_dice: 1.3934  decode.d6.loss_cls: 0.3637  decode.d6.loss_mask: 1.1981  decode.d6.loss_dice: 1.3788  decode.d7.loss_cls: 0.3423  decode.d7.loss_mask: 1.2030  decode.d7.loss_dice: 1.3845  decode.d8.loss_cls: 0.3726  decode.d8.loss_mask: 1.1905  decode.d8.loss_dice: 1.3805
2026/06/17 02:15:24 - mmengine - INFO - Exp name: dinov3l_m2f_pastis_temporal_v4_20260616_144812
2026/06/17 02:15:24 - mmengine - INFO - Iter(train) [11000/20000]  base_lr: 5.2286e-05 lr: 5.2286e-05  eta: 9:01:26  time: 3.6044  data_time: 0.0337  memory: 8724  grad_norm: 167.0550  loss: 29.7288  decode.loss_cls: 0.2700  decode.loss_mask: 1.1989  decode.loss_dice: 1.3948  decode.d0.loss_cls: 0.6954  decode.d0.loss_mask: 1.2441  decode.d0.loss_dice: 1.4969  decode.d1.loss_cls: 0.4342  decode.d1.loss_mask: 1.2362  decode.d1.loss_dice: 1.4529  decode.d2.loss_cls: 0.3120  decode.d2.loss_mask: 1.2262  decode.d2.loss_dice: 1.4213  decode.d3.loss_cls: 0.3329  decode.d3.loss_mask: 1.2068  decode.d3.loss_dice: 1.4060  decode.d4.loss_cls: 0.3295  decode.d4.loss_mask: 1.2024  decode.d4.loss_dice: 1.3930  decode.d5.loss_cls: 0.3007  decode.d5.loss_mask: 1.2010  decode.d5.loss_dice: 1.3976  decode.d6.loss_cls: 0.2692  decode.d6.loss_mask: 1.2004  decode.d6.loss_dice: 1.3827  decode.d7.loss_cls: 0.2790  decode.d7.loss_mask: 1.2028  decode.d7.loss_dice: 1.3832  decode.d8.loss_cls: 0.2677  decode.d8.loss_mask: 1.2011  decode.d8.loss_dice: 1.3900
2026/06/17 02:16:24 - mmengine - INFO - Iter(val) [ 50/121]    eta: 0:01:24  time: 1.1883  data_time: 0.0264  memory: 6229  
2026/06/17 02:17:24 - mmengine - INFO - Iter(val) [100/121]    eta: 0:00:25  time: 1.1877  data_time: 0.0264  memory: 6229  
2026/06/17 02:17:48 - mmengine - INFO - per class results:
2026/06/17 02:17:48 - mmengine - INFO - 
+---------+-------+-------+
|  Class  |  IoU  |  Acc  |
+---------+-------+-------+
|  crop_1 |  74.0 | 85.17 |
|  crop_2 | 64.06 | 77.27 |
|  crop_3 | 78.92 | 87.36 |
|  crop_4 | 83.83 |  90.6 |
|  crop_5 | 75.25 | 85.18 |
|  crop_6 | 85.15 | 92.22 |
|  crop_7 | 46.39 |  78.5 |
|  crop_8 | 63.65 | 74.28 |
|  crop_9 | 48.71 | 62.45 |
| crop_10 |  84.2 | 93.31 |
| crop_11 | 39.06 | 57.01 |
| crop_12 |  57.8 | 76.69 |
| crop_13 | 35.07 | 71.59 |
| crop_14 | 40.09 | 49.95 |
| crop_15 |  38.2 |  48.6 |
| crop_16 | 74.06 | 83.78 |
| crop_17 | 40.56 | 61.84 |
| crop_18 | 30.52 | 49.01 |
| crop_19 | 27.94 | 50.91 |
+---------+-------+-------+
2026/06/17 02:17:48 - mmengine - INFO - Iter(val) [121/121]    aAcc: 81.8400  mIoU: 57.2400  mAcc: 72.4100  data_time: 0.0292  time: 1.1824
2026/06/17 02:17:48 - mmengine - INFO - The previous best checkpoint /mnt/ht2-nas2/00-model/00-fb/mmseg_dino/work_dirs/dinov3l_m2f_pastis_temporal_v4/best_mIoU_iter_9000.pth is removed
2026/06/17 02:17:55 - mmengine - INFO - The best checkpoint with 57.2400 mIoU at 11000 iter is saved to best_mIoU_iter_11000.pth.
2026/06/17 02:21:04 - mmengine - INFO - Iter(train) [11050/20000]  base_lr: 5.2024e-05 lr: 5.2024e-05  eta: 8:58:39  time: 3.6084  data_time: 0.0342  memory: 8724  grad_norm: 181.8474  loss: 30.2409  decode.loss_cls: 0.2555  decode.loss_mask: 1.2235  decode.loss_dice: 1.4194  decode.d0.loss_cls: 0.7307  decode.d0.loss_mask: 1.2835  decode.d0.loss_dice: 1.5534  decode.d1.loss_cls: 0.4390  decode.d1.loss_mask: 1.2477  decode.d1.loss_dice: 1.4730  decode.d2.loss_cls: 0.3945  decode.d2.loss_mask: 1.2278  decode.d2.loss_dice: 1.4311  decode.d3.loss_cls: 0.3184  decode.d3.loss_mask: 1.2266  decode.d3.loss_dice: 1.4285  decode.d4.loss_cls: 0.2749  decode.d4.loss_mask: 1.2267  decode.d4.loss_dice: 1.4388  decode.d5.loss_cls: 0.2532  decode.d5.loss_mask: 1.2415  decode.d5.loss_dice: 1.4353  decode.d6.loss_cls: 0.2869  decode.d6.loss_mask: 1.2303  decode.d6.loss_dice: 1.4227  decode.d7.loss_cls: 0.2484  decode.d7.loss_mask: 1.2319  decode.d7.loss_dice: 1.4207  decode.d8.loss_cls: 0.2377  decode.d8.loss_mask: 1.2182  decode.d8.loss_dice: 1.4209
2026/06/17 02:24:05 - mmengine - INFO - Iter(train) [11100/20000]  base_lr: 5.1763e-05 lr: 5.1763e-05  eta: 8:55:38  time: 3.6099  data_time: 0.0342  memory: 8724  grad_norm: 193.1210  loss: 30.7018  decode.loss_cls: 0.3531  decode.loss_mask: 1.2413  decode.loss_dice: 1.3651  decode.d0.loss_cls: 0.7954  decode.d0.loss_mask: 1.2730  decode.d0.loss_dice: 1.5003  decode.d1.loss_cls: 0.4401  decode.d1.loss_mask: 1.2595  decode.d1.loss_dice: 1.4330  decode.d2.loss_cls: 0.3868  decode.d2.loss_mask: 1.2576  decode.d2.loss_dice: 1.4319  decode.d3.loss_cls: 0.3936  decode.d3.loss_mask: 1.2464  decode.d3.loss_dice: 1.3856  decode.d4.loss_cls: 0.3505  decode.d4.loss_mask: 1.2456  decode.d4.loss_dice: 1.3818  decode.d5.loss_cls: 0.3913  decode.d5.loss_mask: 1.2445  decode.d5.loss_dice: 1.3864  decode.d6.loss_cls: 0.3644  decode.d6.loss_mask: 1.2413  decode.d6.loss_dice: 1.3693  decode.d7.loss_cls: 0.3634  decode.d7.loss_mask: 1.2383  decode.d7.loss_dice: 1.3808  decode.d8.loss_cls: 0.3700  decode.d8.loss_mask: 1.2417  decode.d8.loss_dice: 1.3697
2026/06/17 02:27:06 - mmengine - INFO - Iter(train) [11150/20000]  base_lr: 5.1501e-05 lr: 5.1501e-05  eta: 8:52:38  time: 3.6139  data_time: 0.0338  memory: 8724  grad_norm: 181.5295  loss: 27.4073  decode.loss_cls: 0.3676  decode.loss_mask: 1.0779  decode.loss_dice: 1.2019  decode.d0.loss_cls: 0.7450  decode.d0.loss_mask: 1.1250  decode.d0.loss_dice: 1.3559  decode.d1.loss_cls: 0.5407  decode.d1.loss_mask: 1.1115  decode.d1.loss_dice: 1.2406  decode.d2.loss_cls: 0.4332  decode.d2.loss_mask: 1.0917  decode.d2.loss_dice: 1.2076  decode.d3.loss_cls: 0.3948  decode.d3.loss_mask: 1.0830  decode.d3.loss_dice: 1.1948  decode.d4.loss_cls: 0.3417  decode.d4.loss_mask: 1.0867  decode.d4.loss_dice: 1.2015  decode.d5.loss_cls: 0.3679  decode.d5.loss_mask: 1.0805  decode.d5.loss_dice: 1.1952  decode.d6.loss_cls: 0.3840  decode.d6.loss_mask: 1.0784  decode.d6.loss_dice: 1.1982  decode.d7.loss_cls: 0.3740  decode.d7.loss_mask: 1.0793  decode.d7.loss_dice: 1.1996  decode.d8.loss_cls: 0.3682  decode.d8.loss_mask: 1.0757  decode.d8.loss_dice: 1.2051
2026/06/17 02:30:06 - mmengine - INFO - Iter(train) [11200/20000]  base_lr: 5.1239e-05 lr: 5.1239e-05  eta: 8:49:37  time: 3.6083  data_time: 0.0337  memory: 8724  grad_norm: 147.3529  loss: 28.2052  decode.loss_cls: 0.2542  decode.loss_mask: 1.1547  decode.loss_dice: 1.3213  decode.d0.loss_cls: 0.6334  decode.d0.loss_mask: 1.1887  decode.d0.loss_dice: 1.4501  decode.d1.loss_cls: 0.4235  decode.d1.loss_mask: 1.1676  decode.d1.loss_dice: 1.3795  decode.d2.loss_cls: 0.3067  decode.d2.loss_mask: 1.1686  decode.d2.loss_dice: 1.3295  decode.d3.loss_cls: 0.2749  decode.d3.loss_mask: 1.1645  decode.d3.loss_dice: 1.3136  decode.d4.loss_cls: 0.2684  decode.d4.loss_mask: 1.1629  decode.d4.loss_dice: 1.3128  decode.d5.loss_cls: 0.2605  decode.d5.loss_mask: 1.1572  decode.d5.loss_dice: 1.3098  decode.d6.loss_cls: 0.2525  decode.d6.loss_mask: 1.1513  decode.d6.loss_dice: 1.3139  decode.d7.loss_cls: 0.2804  decode.d7.loss_mask: 1.1491  decode.d7.loss_dice: 1.3213  decode.d8.loss_cls: 0.2276  decode.d8.loss_mask: 1.1693  decode.d8.loss_dice: 1.3374
2026/06/17 02:33:07 - mmengine - INFO - Iter(train) [11250/20000]  base_lr: 5.0977e-05 lr: 5.0977e-05  eta: 8:46:36  time: 3.6105  data_time: 0.0339  memory: 8724  grad_norm: 173.6774  loss: 32.5535  decode.loss_cls: 0.3113  decode.loss_mask: 1.3375  decode.loss_dice: 1.5000  decode.d0.loss_cls: 0.7105  decode.d0.loss_mask: 1.3940  decode.d0.loss_dice: 1.6031  decode.d1.loss_cls: 0.4626  decode.d1.loss_mask: 1.3515  decode.d1.loss_dice: 1.5519  decode.d2.loss_cls: 0.3338  decode.d2.loss_mask: 1.3432  decode.d2.loss_dice: 1.5499  decode.d3.loss_cls: 0.3579  decode.d3.loss_mask: 1.3358  decode.d3.loss_dice: 1.4924  decode.d4.loss_cls: 0.3551  decode.d4.loss_mask: 1.3374  decode.d4.loss_dice: 1.5061  decode.d5.loss_cls: 0.3283  decode.d5.loss_mask: 1.3375  decode.d5.loss_dice: 1.5049  decode.d6.loss_cls: 0.3661  decode.d6.loss_mask: 1.3414  decode.d6.loss_dice: 1.4908  decode.d7.loss_cls: 0.3251  decode.d7.loss_mask: 1.3442  decode.d7.loss_dice: 1.5068  decode.d8.loss_cls: 0.3228  decode.d8.loss_mask: 1.3397  decode.d8.loss_dice: 1.5118
2026/06/17 02:36:07 - mmengine - INFO - Iter(train) [11300/20000]  base_lr: 5.0715e-05 lr: 5.0715e-05  eta: 8:43:36  time: 3.6147  data_time: 0.0337  memory: 8724  grad_norm: 197.2511  loss: 29.9564  decode.loss_cls: 0.2378  decode.loss_mask: 1.3010  decode.loss_dice: 1.4077  decode.d0.loss_cls: 0.6067  decode.d0.loss_mask: 1.3395  decode.d0.loss_dice: 1.5201  decode.d1.loss_cls: 0.3334  decode.d1.loss_mask: 1.3106  decode.d1.loss_dice: 1.4459  decode.d2.loss_cls: 0.2816  decode.d2.loss_mask: 1.2951  decode.d2.loss_dice: 1.4025  decode.d3.loss_cls: 0.2250  decode.d3.loss_mask: 1.2936  decode.d3.loss_dice: 1.3982  decode.d4.loss_cls: 0.2103  decode.d4.loss_mask: 1.2834  decode.d4.loss_dice: 1.3950  decode.d5.loss_cls: 0.2334  decode.d5.loss_mask: 1.2897  decode.d5.loss_dice: 1.3758  decode.d6.loss_cls: 0.2528  decode.d6.loss_mask: 1.2891  decode.d6.loss_dice: 1.3829  decode.d7.loss_cls: 0.2305  decode.d7.loss_mask: 1.2931  decode.d7.loss_dice: 1.3913  decode.d8.loss_cls: 0.2310  decode.d8.loss_mask: 1.2933  decode.d8.loss_dice: 1.4062
2026/06/17 02:39:08 - mmengine - INFO - Iter(train) [11350/20000]  base_lr: 5.0452e-05 lr: 5.0452e-05  eta: 8:40:35  time: 3.6081  data_time: 0.0338  memory: 8724  grad_norm: 198.7259  loss: 27.2776  decode.loss_cls: 0.3182  decode.loss_mask: 1.1022  decode.loss_dice: 1.2117  decode.d0.loss_cls: 0.6827  decode.d0.loss_mask: 1.1503  decode.d0.loss_dice: 1.3662  decode.d1.loss_cls: 0.5086  decode.d1.loss_mask: 1.1109  decode.d1.loss_dice: 1.2672  decode.d2.loss_cls: 0.3729  decode.d2.loss_mask: 1.0878  decode.d2.loss_dice: 1.2170  decode.d3.loss_cls: 0.3658  decode.d3.loss_mask: 1.0939  decode.d3.loss_dice: 1.2021  decode.d4.loss_cls: 0.3522  decode.d4.loss_mask: 1.0915  decode.d4.loss_dice: 1.1992  decode.d5.loss_cls: 0.3394  decode.d5.loss_mask: 1.0953  decode.d5.loss_dice: 1.2120  decode.d6.loss_cls: 0.3219  decode.d6.loss_mask: 1.1016  decode.d6.loss_dice: 1.2212  decode.d7.loss_cls: 0.3430  decode.d7.loss_mask: 1.0884  decode.d7.loss_dice: 1.2072  decode.d8.loss_cls: 0.3356  decode.d8.loss_mask: 1.0953  decode.d8.loss_dice: 1.2163
2026/06/17 02:42:08 - mmengine - INFO - Iter(train) [11400/20000]  base_lr: 5.0190e-05 lr: 5.0190e-05  eta: 8:37:35  time: 3.6096  data_time: 0.0336  memory: 8724  grad_norm: 133.4779  loss: 27.2384  decode.loss_cls: 0.2046  decode.loss_mask: 1.1636  decode.loss_dice: 1.2404  decode.d0.loss_cls: 0.6384  decode.d0.loss_mask: 1.2092  decode.d0.loss_dice: 1.3138  decode.d1.loss_cls: 0.4764  decode.d1.loss_mask: 1.1783  decode.d1.loss_dice: 1.2567  decode.d2.loss_cls: 0.3058  decode.d2.loss_mask: 1.1881  decode.d2.loss_dice: 1.2551  decode.d3.loss_cls: 0.2594  decode.d3.loss_mask: 1.1778  decode.d3.loss_dice: 1.2321  decode.d4.loss_cls: 0.2423  decode.d4.loss_mask: 1.1739  decode.d4.loss_dice: 1.2428  decode.d5.loss_cls: 0.2243  decode.d5.loss_mask: 1.1661  decode.d5.loss_dice: 1.2383  decode.d6.loss_cls: 0.1829  decode.d6.loss_mask: 1.1671  decode.d6.loss_dice: 1.2529  decode.d7.loss_cls: 0.1994  decode.d7.loss_mask: 1.1702  decode.d7.loss_dice: 1.2437  decode.d8.loss_cls: 0.2252  decode.d8.loss_mask: 1.1693  decode.d8.loss_dice: 1.2404
2026/06/17 02:45:09 - mmengine - INFO - Iter(train) [11450/20000]  base_lr: 4.9927e-05 lr: 4.9927e-05  eta: 8:34:34  time: 3.6137  data_time: 0.0337  memory: 8724  grad_norm: 160.9560  loss: 27.3729  decode.loss_cls: 0.2155  decode.loss_mask: 1.1568  decode.loss_dice: 1.2701  decode.d0.loss_cls: 0.5651  decode.d0.loss_mask: 1.2139  decode.d0.loss_dice: 1.3974  decode.d1.loss_cls: 0.3898  decode.d1.loss_mask: 1.1888  decode.d1.loss_dice: 1.3078  decode.d2.loss_cls: 0.2895  decode.d2.loss_mask: 1.1682  decode.d2.loss_dice: 1.2852  decode.d3.loss_cls: 0.2183  decode.d3.loss_mask: 1.1644  decode.d3.loss_dice: 1.2795  decode.d4.loss_cls: 0.2446  decode.d4.loss_mask: 1.1562  decode.d4.loss_dice: 1.2616  decode.d5.loss_cls: 0.2220  decode.d5.loss_mask: 1.1636  decode.d5.loss_dice: 1.2787  decode.d6.loss_cls: 0.2137  decode.d6.loss_mask: 1.1584  decode.d6.loss_dice: 1.2723  decode.d7.loss_cls: 0.2199  decode.d7.loss_mask: 1.1598  decode.d7.loss_dice: 1.2701  decode.d8.loss_cls: 0.2096  decode.d8.loss_mask: 1.1535  decode.d8.loss_dice: 1.2786
2026/06/17 02:48:10 - mmengine - INFO - Iter(train) [11500/20000]  base_lr: 4.9664e-05 lr: 4.9664e-05  eta: 8:31:34  time: 3.6087  data_time: 0.0337  memory: 8724  grad_norm: 166.3129  loss: 27.6725  decode.loss_cls: 0.3109  decode.loss_mask: 1.1105  decode.loss_dice: 1.2700  decode.d0.loss_cls: 0.6305  decode.d0.loss_mask: 1.1689  decode.d0.loss_dice: 1.4090  decode.d1.loss_cls: 0.4602  decode.d1.loss_mask: 1.1232  decode.d1.loss_dice: 1.3352  decode.d2.loss_cls: 0.3010  decode.d2.loss_mask: 1.1256  decode.d2.loss_dice: 1.3126  decode.d3.loss_cls: 0.3112  decode.d3.loss_mask: 1.1199  decode.d3.loss_dice: 1.2872  decode.d4.loss_cls: 0.3132  decode.d4.loss_mask: 1.1223  decode.d4.loss_dice: 1.2772  decode.d5.loss_cls: 0.2608  decode.d5.loss_mask: 1.1243  decode.d5.loss_dice: 1.2918  decode.d6.loss_cls: 0.2831  decode.d6.loss_mask: 1.1094  decode.d6.loss_dice: 1.2733  decode.d7.loss_cls: 0.2711  decode.d7.loss_mask: 1.1152  decode.d7.loss_dice: 1.2858  decode.d8.loss_cls: 0.2730  decode.d8.loss_mask: 1.1108  decode.d8.loss_dice: 1.2853
2026/06/17 02:51:10 - mmengine - INFO - Iter(train) [11550/20000]  base_lr: 4.9401e-05 lr: 4.9401e-05  eta: 8:28:33  time: 3.6038  data_time: 0.0336  memory: 8724  grad_norm: 143.3616  loss: 28.3911  decode.loss_cls: 0.2404  decode.loss_mask: 1.2179  decode.loss_dice: 1.2644  decode.d0.loss_cls: 0.6910  decode.d0.loss_mask: 1.2848  decode.d0.loss_dice: 1.3718  decode.d1.loss_cls: 0.3716  decode.d1.loss_mask: 1.2626  decode.d1.loss_dice: 1.3253  decode.d2.loss_cls: 0.3183  decode.d2.loss_mask: 1.2374  decode.d2.loss_dice: 1.2829  decode.d3.loss_cls: 0.2581  decode.d3.loss_mask: 1.2362  decode.d3.loss_dice: 1.2671  decode.d4.loss_cls: 0.2577  decode.d4.loss_mask: 1.2318  decode.d4.loss_dice: 1.2614  decode.d5.loss_cls: 0.2571  decode.d5.loss_mask: 1.2258  decode.d5.loss_dice: 1.2588  decode.d6.loss_cls: 0.2798  decode.d6.loss_mask: 1.2309  decode.d6.loss_dice: 1.2654  decode.d7.loss_cls: 0.2612  decode.d7.loss_mask: 1.2286  decode.d7.loss_dice: 1.2737  decode.d8.loss_cls: 0.2348  decode.d8.loss_mask: 1.2309  decode.d8.loss_dice: 1.2635
2026/06/17 02:54:11 - mmengine - INFO - Iter(train) [11600/20000]  base_lr: 4.9138e-05 lr: 4.9138e-05  eta: 8:25:33  time: 3.6098  data_time: 0.0353  memory: 8724  grad_norm: 184.8383  loss: 30.1146  decode.loss_cls: 0.2635  decode.loss_mask: 1.2509  decode.loss_dice: 1.3816  decode.d0.loss_cls: 0.7581  decode.d0.loss_mask: 1.2753  decode.d0.loss_dice: 1.4815  decode.d1.loss_cls: 0.4689  decode.d1.loss_mask: 1.2578  decode.d1.loss_dice: 1.4374  decode.d2.loss_cls: 0.3251  decode.d2.loss_mask: 1.2414  decode.d2.loss_dice: 1.4263  decode.d3.loss_cls: 0.3306  decode.d3.loss_mask: 1.2499  decode.d3.loss_dice: 1.4132  decode.d4.loss_cls: 0.2807  decode.d4.loss_mask: 1.2426  decode.d4.loss_dice: 1.4052  decode.d5.loss_cls: 0.2571  decode.d5.loss_mask: 1.2493  decode.d5.loss_dice: 1.3974  decode.d6.loss_cls: 0.2818  decode.d6.loss_mask: 1.2449  decode.d6.loss_dice: 1.3767  decode.d7.loss_cls: 0.2831  decode.d7.loss_mask: 1.2551  decode.d7.loss_dice: 1.3799  decode.d8.loss_cls: 0.2596  decode.d8.loss_mask: 1.2573  decode.d8.loss_dice: 1.3823
2026/06/17 02:57:11 - mmengine - INFO - Iter(train) [11650/20000]  base_lr: 4.8875e-05 lr: 4.8875e-05  eta: 8:22:32  time: 3.6038  data_time: 0.0339  memory: 8724  grad_norm: 122.1051  loss: 29.9126  decode.loss_cls: 0.1981  decode.loss_mask: 1.2263  decode.loss_dice: 1.4400  decode.d0.loss_cls: 0.6252  decode.d0.loss_mask: 1.2748  decode.d0.loss_dice: 1.5773  decode.d1.loss_cls: 0.3878  decode.d1.loss_mask: 1.2389  decode.d1.loss_dice: 1.5040  decode.d2.loss_cls: 0.3196  decode.d2.loss_mask: 1.2280  decode.d2.loss_dice: 1.4700  decode.d3.loss_cls: 0.2294  decode.d3.loss_mask: 1.2267  decode.d3.loss_dice: 1.4502  decode.d4.loss_cls: 0.2558  decode.d4.loss_mask: 1.2340  decode.d4.loss_dice: 1.4397  decode.d5.loss_cls: 0.2369  decode.d5.loss_mask: 1.2302  decode.d5.loss_dice: 1.4435  decode.d6.loss_cls: 0.2358  decode.d6.loss_mask: 1.2258  decode.d6.loss_dice: 1.4422  decode.d7.loss_cls: 0.2255  decode.d7.loss_mask: 1.2285  decode.d7.loss_dice: 1.4358  decode.d8.loss_cls: 0.2110  decode.d8.loss_mask: 1.2262  decode.d8.loss_dice: 1.4454
2026/06/17 03:00:11 - mmengine - INFO - Iter(train) [11700/20000]  base_lr: 4.8611e-05 lr: 4.8611e-05  eta: 8:19:31  time: 3.6120  data_time: 0.0334  memory: 8724  grad_norm: 134.1752  loss: 27.1563  decode.loss_cls: 0.2966  decode.loss_mask: 1.1284  decode.loss_dice: 1.2284  decode.d0.loss_cls: 0.6762  decode.d0.loss_mask: 1.1281  decode.d0.loss_dice: 1.3447  decode.d1.loss_cls: 0.4210  decode.d1.loss_mask: 1.1200  decode.d1.loss_dice: 1.2799  decode.d2.loss_cls: 0.3390  decode.d2.loss_mask: 1.1227  decode.d2.loss_dice: 1.2595  decode.d3.loss_cls: 0.3161  decode.d3.loss_mask: 1.1255  decode.d3.loss_dice: 1.2334  decode.d4.loss_cls: 0.3063  decode.d4.loss_mask: 1.1210  decode.d4.loss_dice: 1.2333  decode.d5.loss_cls: 0.2597  decode.d5.loss_mask: 1.1222  decode.d5.loss_dice: 1.2376  decode.d6.loss_cls: 0.2462  decode.d6.loss_mask: 1.1286  decode.d6.loss_dice: 1.2233  decode.d7.loss_cls: 0.2582  decode.d7.loss_mask: 1.1322  decode.d7.loss_dice: 1.2322  decode.d8.loss_cls: 0.2809  decode.d8.loss_mask: 1.1241  decode.d8.loss_dice: 1.2307
2026/06/17 03:03:12 - mmengine - INFO - Iter(train) [11750/20000]  base_lr: 4.8348e-05 lr: 4.8348e-05  eta: 8:16:31  time: 3.6136  data_time: 0.0342  memory: 8724  grad_norm: 145.3358  loss: 27.5840  decode.loss_cls: 0.2705  decode.loss_mask: 1.1420  decode.loss_dice: 1.2275  decode.d0.loss_cls: 0.7120  decode.d0.loss_mask: 1.1537  decode.d0.loss_dice: 1.3640  decode.d1.loss_cls: 0.4852  decode.d1.loss_mask: 1.1556  decode.d1.loss_dice: 1.3149  decode.d2.loss_cls: 0.3688  decode.d2.loss_mask: 1.1428  decode.d2.loss_dice: 1.2745  decode.d3.loss_cls: 0.2897  decode.d3.loss_mask: 1.1365  decode.d3.loss_dice: 1.2525  decode.d4.loss_cls: 0.3003  decode.d4.loss_mask: 1.1355  decode.d4.loss_dice: 1.2479  decode.d5.loss_cls: 0.2797  decode.d5.loss_mask: 1.1447  decode.d5.loss_dice: 1.2417  decode.d6.loss_cls: 0.2780  decode.d6.loss_mask: 1.1357  decode.d6.loss_dice: 1.2426  decode.d7.loss_cls: 0.2882  decode.d7.loss_mask: 1.1307  decode.d7.loss_dice: 1.2316  decode.d8.loss_cls: 0.2739  decode.d8.loss_mask: 1.1333  decode.d8.loss_dice: 1.2300
2026/06/17 03:06:13 - mmengine - INFO - Iter(train) [11800/20000]  base_lr: 4.8084e-05 lr: 4.8084e-05  eta: 8:13:30  time: 3.6097  data_time: 0.0339  memory: 8724  grad_norm: 140.4118  loss: 25.7583  decode.loss_cls: 0.1784  decode.loss_mask: 1.0894  decode.loss_dice: 1.2024  decode.d0.loss_cls: 0.5207  decode.d0.loss_mask: 1.1354  decode.d0.loss_dice: 1.3554  decode.d1.loss_cls: 0.3681  decode.d1.loss_mask: 1.1042  decode.d1.loss_dice: 1.2896  decode.d2.loss_cls: 0.2377  decode.d2.loss_mask: 1.0872  decode.d2.loss_dice: 1.2445  decode.d3.loss_cls: 0.1897  decode.d3.loss_mask: 1.0964  decode.d3.loss_dice: 1.2261  decode.d4.loss_cls: 0.1781  decode.d4.loss_mask: 1.0934  decode.d4.loss_dice: 1.2351  decode.d5.loss_cls: 0.1754  decode.d5.loss_mask: 1.0886  decode.d5.loss_dice: 1.2180  decode.d6.loss_cls: 0.1756  decode.d6.loss_mask: 1.0932  decode.d6.loss_dice: 1.2220  decode.d7.loss_cls: 0.1753  decode.d7.loss_mask: 1.0945  decode.d7.loss_dice: 1.2225  decode.d8.loss_cls: 0.1598  decode.d8.loss_mask: 1.0879  decode.d8.loss_dice: 1.2135
2026/06/17 03:09:14 - mmengine - INFO - Iter(train) [11850/20000]  base_lr: 4.7820e-05 lr: 4.7820e-05  eta: 8:10:30  time: 3.6149  data_time: 0.0353  memory: 8724  grad_norm: 143.4908  loss: 28.1007  decode.loss_cls: 0.3141  decode.loss_mask: 1.0925  decode.loss_dice: 1.2503  decode.d0.loss_cls: 0.7694  decode.d0.loss_mask: 1.1582  decode.d0.loss_dice: 1.3955  decode.d1.loss_cls: 0.6152  decode.d1.loss_mask: 1.1303  decode.d1.loss_dice: 1.3432  decode.d2.loss_cls: 0.4438  decode.d2.loss_mask: 1.1069  decode.d2.loss_dice: 1.3006  decode.d3.loss_cls: 0.3699  decode.d3.loss_mask: 1.0997  decode.d3.loss_dice: 1.2644  decode.d4.loss_cls: 0.3345  decode.d4.loss_mask: 1.1119  decode.d4.loss_dice: 1.2728  decode.d5.loss_cls: 0.3061  decode.d5.loss_mask: 1.1040  decode.d5.loss_dice: 1.2712  decode.d6.loss_cls: 0.3022  decode.d6.loss_mask: 1.1165  decode.d6.loss_dice: 1.2673  decode.d7.loss_cls: 0.3193  decode.d7.loss_mask: 1.1073  decode.d7.loss_dice: 1.2562  decode.d8.loss_cls: 0.3041  decode.d8.loss_mask: 1.1016  decode.d8.loss_dice: 1.2717
2026/06/17 03:12:14 - mmengine - INFO - Iter(train) [11900/20000]  base_lr: 4.7556e-05 lr: 4.7556e-05  eta: 8:07:29  time: 3.6152  data_time: 0.0339  memory: 8724  grad_norm: 181.4224  loss: 29.1147  decode.loss_cls: 0.2873  decode.loss_mask: 1.1859  decode.loss_dice: 1.3541  decode.d0.loss_cls: 0.7798  decode.d0.loss_mask: 1.2226  decode.d0.loss_dice: 1.4319  decode.d1.loss_cls: 0.4715  decode.d1.loss_mask: 1.1970  decode.d1.loss_dice: 1.4014  decode.d2.loss_cls: 0.2681  decode.d2.loss_mask: 1.1950  decode.d2.loss_dice: 1.4002  decode.d3.loss_cls: 0.2498  decode.d3.loss_mask: 1.1918  decode.d3.loss_dice: 1.3653  decode.d4.loss_cls: 0.2362  decode.d4.loss_mask: 1.1945  decode.d4.loss_dice: 1.3644  decode.d5.loss_cls: 0.2614  decode.d5.loss_mask: 1.1877  decode.d5.loss_dice: 1.3630  decode.d6.loss_cls: 0.2726  decode.d6.loss_mask: 1.1910  decode.d6.loss_dice: 1.3635  decode.d7.loss_cls: 0.2785  decode.d7.loss_mask: 1.1922  decode.d7.loss_dice: 1.3713  decode.d8.loss_cls: 0.2855  decode.d8.loss_mask: 1.1920  decode.d8.loss_dice: 1.3595
2026/06/17 03:15:15 - mmengine - INFO - Iter(train) [11950/20000]  base_lr: 4.7291e-05 lr: 4.7291e-05  eta: 8:04:29  time: 3.6081  data_time: 0.0341  memory: 8724  grad_norm: 134.4639  loss: 28.0276  decode.loss_cls: 0.2550  decode.loss_mask: 1.1591  decode.loss_dice: 1.3071  decode.d0.loss_cls: 0.6744  decode.d0.loss_mask: 1.1937  decode.d0.loss_dice: 1.4084  decode.d1.loss_cls: 0.3952  decode.d1.loss_mask: 1.1539  decode.d1.loss_dice: 1.3531  decode.d2.loss_cls: 0.3317  decode.d2.loss_mask: 1.1468  decode.d2.loss_dice: 1.3161  decode.d3.loss_cls: 0.3003  decode.d3.loss_mask: 1.1438  decode.d3.loss_dice: 1.2931  decode.d4.loss_cls: 0.2925  decode.d4.loss_mask: 1.1358  decode.d4.loss_dice: 1.3007  decode.d5.loss_cls: 0.2884  decode.d5.loss_mask: 1.1348  decode.d5.loss_dice: 1.3011  decode.d6.loss_cls: 0.2815  decode.d6.loss_mask: 1.1364  decode.d6.loss_dice: 1.2872  decode.d7.loss_cls: 0.2732  decode.d7.loss_mask: 1.1522  decode.d7.loss_dice: 1.3023  decode.d8.loss_cls: 0.2662  decode.d8.loss_mask: 1.1457  decode.d8.loss_dice: 1.2979
2026/06/17 03:18:15 - mmengine - INFO - Exp name: dinov3l_m2f_pastis_temporal_v4_20260616_144812
2026/06/17 03:18:15 - mmengine - INFO - Iter(train) [12000/20000]  base_lr: 4.7027e-05 lr: 4.7027e-05  eta: 8:01:28  time: 3.6088  data_time: 0.0338  memory: 8724  grad_norm: 210.8922  loss: 29.3880  decode.loss_cls: 0.3041  decode.loss_mask: 1.2051  decode.loss_dice: 1.3540  decode.d0.loss_cls: 0.6325  decode.d0.loss_mask: 1.2459  decode.d0.loss_dice: 1.4943  decode.d1.loss_cls: 0.4117  decode.d1.loss_mask: 1.2303  decode.d1.loss_dice: 1.4349  decode.d2.loss_cls: 0.3445  decode.d2.loss_mask: 1.2160  decode.d2.loss_dice: 1.3877  decode.d3.loss_cls: 0.3337  decode.d3.loss_mask: 1.2078  decode.d3.loss_dice: 1.3518  decode.d4.loss_cls: 0.2892  decode.d4.loss_mask: 1.2074  decode.d4.loss_dice: 1.3652  decode.d5.loss_cls: 0.2758  decode.d5.loss_mask: 1.2079  decode.d5.loss_dice: 1.3656  decode.d6.loss_cls: 0.3131  decode.d6.loss_mask: 1.1961  decode.d6.loss_dice: 1.3484  decode.d7.loss_cls: 0.2809  decode.d7.loss_mask: 1.2068  decode.d7.loss_dice: 1.3521  decode.d8.loss_cls: 0.2733  decode.d8.loss_mask: 1.2062  decode.d8.loss_dice: 1.3457
2026/06/17 03:18:15 - mmengine - INFO - Saving checkpoint at 12000 iterations
2026/06/17 03:19:24 - mmengine - INFO - Iter(val) [ 50/121]    eta: 0:01:25  time: 1.1923  data_time: 0.0270  memory: 6229  
2026/06/17 03:20:24 - mmengine - INFO - Iter(val) [100/121]    eta: 0:00:25  time: 1.1911  data_time: 0.0267  memory: 6229  
2026/06/17 03:20:48 - mmengine - INFO - per class results:
2026/06/17 03:20:48 - mmengine - INFO - 
+---------+-------+-------+
|  Class  |  IoU  |  Acc  |
+---------+-------+-------+
|  crop_1 | 74.13 | 85.82 |
|  crop_2 | 63.38 | 75.88 |
|  crop_3 | 78.58 | 87.96 |
|  crop_4 | 84.58 | 92.61 |
|  crop_5 | 74.45 | 84.25 |
|  crop_6 | 85.27 | 93.17 |
|  crop_7 |  44.0 | 70.27 |
|  crop_8 | 64.34 | 79.84 |
|  crop_9 | 49.22 | 64.66 |
| crop_10 | 85.51 | 94.51 |
| crop_11 | 37.19 | 54.67 |
| crop_12 | 52.72 | 72.16 |
| crop_13 | 37.53 | 57.64 |
| crop_14 | 44.29 | 60.65 |
| crop_15 | 39.04 | 54.06 |
| crop_16 | 72.22 | 80.39 |
| crop_17 | 41.16 | 53.62 |
| crop_18 |  28.3 | 44.56 |
| crop_19 | 29.79 | 45.29 |
+---------+-------+-------+
2026/06/17 03:20:48 - mmengine - INFO - Iter(val) [121/121]    aAcc: 81.9300  mIoU: 57.1400  mAcc: 71.1600  data_time: 0.0303  time: 1.1853
2026/06/17 03:23:49 - mmengine - INFO - Iter(train) [12050/20000]  base_lr: 4.6762e-05 lr: 4.6762e-05  eta: 7:58:28  time: 3.6138  data_time: 0.0349  memory: 8724  grad_norm: 176.8011  loss: 28.2730  decode.loss_cls: 0.2737  decode.loss_mask: 1.1858  decode.loss_dice: 1.2761  decode.d0.loss_cls: 0.6605  decode.d0.loss_mask: 1.2224  decode.d0.loss_dice: 1.3841  decode.d1.loss_cls: 0.4624  decode.d1.loss_mask: 1.1985  decode.d1.loss_dice: 1.3348  decode.d2.loss_cls: 0.2929  decode.d2.loss_mask: 1.1941  decode.d2.loss_dice: 1.3025  decode.d3.loss_cls: 0.3027  decode.d3.loss_mask: 1.1795  decode.d3.loss_dice: 1.2777  decode.d4.loss_cls: 0.2970  decode.d4.loss_mask: 1.1877  decode.d4.loss_dice: 1.2700  decode.d5.loss_cls: 0.2780  decode.d5.loss_mask: 1.1844  decode.d5.loss_dice: 1.2672  decode.d6.loss_cls: 0.3020  decode.d6.loss_mask: 1.1817  decode.d6.loss_dice: 1.2705  decode.d7.loss_cls: 0.2985  decode.d7.loss_mask: 1.1865  decode.d7.loss_dice: 1.2650  decode.d8.loss_cls: 0.2875  decode.d8.loss_mask: 1.1831  decode.d8.loss_dice: 1.2662
2026/06/17 03:26:50 - mmengine - INFO - Iter(train) [12100/20000]  base_lr: 4.6498e-05 lr: 4.6498e-05  eta: 7:55:27  time: 3.6161  data_time: 0.0344  memory: 8724  grad_norm: 191.6169  loss: 25.9593  decode.loss_cls: 0.1647  decode.loss_mask: 1.1545  decode.loss_dice: 1.1897  decode.d0.loss_cls: 0.5927  decode.d0.loss_mask: 1.1834  decode.d0.loss_dice: 1.2429  decode.d1.loss_cls: 0.2815  decode.d1.loss_mask: 1.1707  decode.d1.loss_dice: 1.2345  decode.d2.loss_cls: 0.1853  decode.d2.loss_mask: 1.1667  decode.d2.loss_dice: 1.2123  decode.d3.loss_cls: 0.1985  decode.d3.loss_mask: 1.1619  decode.d3.loss_dice: 1.1883  decode.d4.loss_cls: 0.1812  decode.d4.loss_mask: 1.1683  decode.d4.loss_dice: 1.1963  decode.d5.loss_cls: 0.1764  decode.d5.loss_mask: 1.1628  decode.d5.loss_dice: 1.1942  decode.d6.loss_cls: 0.1889  decode.d6.loss_mask: 1.1539  decode.d6.loss_dice: 1.1713  decode.d7.loss_cls: 0.1668  decode.d7.loss_mask: 1.1608  decode.d7.loss_dice: 1.1949  decode.d8.loss_cls: 0.1850  decode.d8.loss_mask: 1.1566  decode.d8.loss_dice: 1.1743
2026/06/17 03:29:50 - mmengine - INFO - Iter(train) [12150/20000]  base_lr: 4.6233e-05 lr: 4.6233e-05  eta: 7:52:27  time: 3.6037  data_time: 0.0345  memory: 8724  grad_norm: 166.2792  loss: 29.9940  decode.loss_cls: 0.2451  decode.loss_mask: 1.2891  decode.loss_dice: 1.3578  decode.d0.loss_cls: 0.6995  decode.d0.loss_mask: 1.3229  decode.d0.loss_dice: 1.4607  decode.d1.loss_cls: 0.4310  decode.d1.loss_mask: 1.3066  decode.d1.loss_dice: 1.4159  decode.d2.loss_cls: 0.2922  decode.d2.loss_mask: 1.2937  decode.d2.loss_dice: 1.3872  decode.d3.loss_cls: 0.2603  decode.d3.loss_mask: 1.2898  decode.d3.loss_dice: 1.3730  decode.d4.loss_cls: 0.2595  decode.d4.loss_mask: 1.2895  decode.d4.loss_dice: 1.3820  decode.d5.loss_cls: 0.2431  decode.d5.loss_mask: 1.2906  decode.d5.loss_dice: 1.3822  decode.d6.loss_cls: 0.2612  decode.d6.loss_mask: 1.2821  decode.d6.loss_dice: 1.3665  decode.d7.loss_cls: 0.2346  decode.d7.loss_mask: 1.2886  decode.d7.loss_dice: 1.3870  decode.d8.loss_cls: 0.2391  decode.d8.loss_mask: 1.2886  decode.d8.loss_dice: 1.3747
2026/06/17 03:32:51 - mmengine - INFO - Iter(train) [12200/20000]  base_lr: 4.5968e-05 lr: 4.5968e-05  eta: 7:49:26  time: 3.6090  data_time: 0.0343  memory: 8724  grad_norm: 135.1830  loss: 29.1415  decode.loss_cls: 0.2508  decode.loss_mask: 1.2185  decode.loss_dice: 1.3124  decode.d0.loss_cls: 0.7886  decode.d0.loss_mask: 1.3068  decode.d0.loss_dice: 1.4559  decode.d1.loss_cls: 0.4993  decode.d1.loss_mask: 1.2277  decode.d1.loss_dice: 1.3673  decode.d2.loss_cls: 0.3455  decode.d2.loss_mask: 1.2137  decode.d2.loss_dice: 1.3416  decode.d3.loss_cls: 0.3049  decode.d3.loss_mask: 1.2105  decode.d3.loss_dice: 1.3250  decode.d4.loss_cls: 0.2881  decode.d4.loss_mask: 1.2134  decode.d4.loss_dice: 1.3290  decode.d5.loss_cls: 0.2863  decode.d5.loss_mask: 1.2108  decode.d5.loss_dice: 1.3208  decode.d6.loss_cls: 0.2679  decode.d6.loss_mask: 1.2080  decode.d6.loss_dice: 1.3135  decode.d7.loss_cls: 0.2572  decode.d7.loss_mask: 1.2045  decode.d7.loss_dice: 1.3136  decode.d8.loss_cls: 0.2331  decode.d8.loss_mask: 1.2101  decode.d8.loss_dice: 1.3169
2026/06/17 03:35:51 - mmengine - INFO - Iter(train) [12250/20000]  base_lr: 4.5702e-05 lr: 4.5702e-05  eta: 7:46:26  time: 3.6126  data_time: 0.0338  memory: 8724  grad_norm: 158.5722  loss: 27.4906  decode.loss_cls: 0.2070  decode.loss_mask: 1.1514  decode.loss_dice: 1.2681  decode.d0.loss_cls: 0.6800  decode.d0.loss_mask: 1.2004  decode.d0.loss_dice: 1.3932  decode.d1.loss_cls: 0.4326  decode.d1.loss_mask: 1.1768  decode.d1.loss_dice: 1.3546  decode.d2.loss_cls: 0.2783  decode.d2.loss_mask: 1.1686  decode.d2.loss_dice: 1.2983  decode.d3.loss_cls: 0.2422  decode.d3.loss_mask: 1.1491  decode.d3.loss_dice: 1.2863  decode.d4.loss_cls: 0.2318  decode.d4.loss_mask: 1.1519  decode.d4.loss_dice: 1.2865  decode.d5.loss_cls: 0.2035  decode.d5.loss_mask: 1.1471  decode.d5.loss_dice: 1.2700  decode.d6.loss_cls: 0.2125  decode.d6.loss_mask: 1.1478  decode.d6.loss_dice: 1.2698  decode.d7.loss_cls: 0.2095  decode.d7.loss_mask: 1.1563  decode.d7.loss_dice: 1.2845  decode.d8.loss_cls: 0.1956  decode.d8.loss_mask: 1.1546  decode.d8.loss_dice: 1.2823
2026/06/17 03:38:52 - mmengine - INFO - Iter(train) [12300/20000]  base_lr: 4.5437e-05 lr: 4.5437e-05  eta: 7:43:25  time: 3.6119  data_time: 0.0340  memory: 8724  grad_norm: 138.0668  loss: 27.1648  decode.loss_cls: 0.2587  decode.loss_mask: 1.0909  decode.loss_dice: 1.2816  decode.d0.loss_cls: 0.6785  decode.d0.loss_mask: 1.1298  decode.d0.loss_dice: 1.3904  decode.d1.loss_cls: 0.3749  decode.d1.loss_mask: 1.1088  decode.d1.loss_dice: 1.3090  decode.d2.loss_cls: 0.3447  decode.d2.loss_mask: 1.0972  decode.d2.loss_dice: 1.2691  decode.d3.loss_cls: 0.3281  decode.d3.loss_mask: 1.0905  decode.d3.loss_dice: 1.2629  decode.d4.loss_cls: 0.3133  decode.d4.loss_mask: 1.0938  decode.d4.loss_dice: 1.2547  decode.d5.loss_cls: 0.2766  decode.d5.loss_mask: 1.0889  decode.d5.loss_dice: 1.2683  decode.d6.loss_cls: 0.2632  decode.d6.loss_mask: 1.0852  decode.d6.loss_dice: 1.2611  decode.d7.loss_cls: 0.2448  decode.d7.loss_mask: 1.0936  decode.d7.loss_dice: 1.2761  decode.d8.loss_cls: 0.2479  decode.d8.loss_mask: 1.0933  decode.d8.loss_dice: 1.2888
2026/06/17 03:41:55 - mmengine - INFO - Iter(train) [12350/20000]  base_lr: 4.5171e-05 lr: 4.5171e-05  eta: 7:40:26  time: 3.9043  data_time: 0.1185  memory: 8724  grad_norm: 165.8025  loss: 26.7689  decode.loss_cls: 0.2583  decode.loss_mask: 1.0775  decode.loss_dice: 1.2237  decode.d0.loss_cls: 0.7201  decode.d0.loss_mask: 1.1012  decode.d0.loss_dice: 1.3529  decode.d1.loss_cls: 0.4689  decode.d1.loss_mask: 1.0964  decode.d1.loss_dice: 1.3018  decode.d2.loss_cls: 0.3510  decode.d2.loss_mask: 1.0736  decode.d2.loss_dice: 1.2453  decode.d3.loss_cls: 0.3054  decode.d3.loss_mask: 1.0751  decode.d3.loss_dice: 1.2429  decode.d4.loss_cls: 0.2691  decode.d4.loss_mask: 1.0807  decode.d4.loss_dice: 1.2526  decode.d5.loss_cls: 0.2727  decode.d5.loss_mask: 1.0732  decode.d5.loss_dice: 1.2421  decode.d6.loss_cls: 0.2628  decode.d6.loss_mask: 1.0696  decode.d6.loss_dice: 1.2287  decode.d7.loss_cls: 0.2520  decode.d7.loss_mask: 1.0736  decode.d7.loss_dice: 1.2335  decode.d8.loss_cls: 0.2579  decode.d8.loss_mask: 1.0684  decode.d8.loss_dice: 1.2377
2026/06/17 03:45:01 - mmengine - INFO - Iter(train) [12400/20000]  base_lr: 4.4905e-05 lr: 4.4905e-05  eta: 7:37:29  time: 3.6145  data_time: 0.0346  memory: 8724  grad_norm: 191.1992  loss: 27.7070  decode.loss_cls: 0.2348  decode.loss_mask: 1.1531  decode.loss_dice: 1.2862  decode.d0.loss_cls: 0.6690  decode.d0.loss_mask: 1.1769  decode.d0.loss_dice: 1.4469  decode.d1.loss_cls: 0.3352  decode.d1.loss_mask: 1.1671  decode.d1.loss_dice: 1.3697  decode.d2.loss_cls: 0.2697  decode.d2.loss_mask: 1.1503  decode.d2.loss_dice: 1.3212  decode.d3.loss_cls: 0.2722  decode.d3.loss_mask: 1.1402  decode.d3.loss_dice: 1.2900  decode.d4.loss_cls: 0.2731  decode.d4.loss_mask: 1.1389  decode.d4.loss_dice: 1.2870  decode.d5.loss_cls: 0.2769  decode.d5.loss_mask: 1.1380  decode.d5.loss_dice: 1.2853  decode.d6.loss_cls: 0.2322  decode.d6.loss_mask: 1.1453  decode.d6.loss_dice: 1.2895  decode.d7.loss_cls: 0.2455  decode.d7.loss_mask: 1.1495  decode.d7.loss_dice: 1.2903  decode.d8.loss_cls: 0.2351  decode.d8.loss_mask: 1.1454  decode.d8.loss_dice: 1.2926
2026/06/17 03:48:01 - mmengine - INFO - Iter(train) [12450/20000]  base_lr: 4.4639e-05 lr: 4.4639e-05  eta: 7:34:28  time: 3.6097  data_time: 0.0350  memory: 8724  grad_norm: 145.9031  loss: 27.2317  decode.loss_cls: 0.1404  decode.loss_mask: 1.1606  decode.loss_dice: 1.3029  decode.d0.loss_cls: 0.6195  decode.d0.loss_mask: 1.2012  decode.d0.loss_dice: 1.4127  decode.d1.loss_cls: 0.3349  decode.d1.loss_mask: 1.1852  decode.d1.loss_dice: 1.3314  decode.d2.loss_cls: 0.2294  decode.d2.loss_mask: 1.1657  decode.d2.loss_dice: 1.3246  decode.d3.loss_cls: 0.1859  decode.d3.loss_mask: 1.1600  decode.d3.loss_dice: 1.2982  decode.d4.loss_cls: 0.1598  decode.d4.loss_mask: 1.1643  decode.d4.loss_dice: 1.3105  decode.d5.loss_cls: 0.1554  decode.d5.loss_mask: 1.1634  decode.d5.loss_dice: 1.3113  decode.d6.loss_cls: 0.1617  decode.d6.loss_mask: 1.1688  decode.d6.loss_dice: 1.3153  decode.d7.loss_cls: 0.1464  decode.d7.loss_mask: 1.1729  decode.d7.loss_dice: 1.3214  decode.d8.loss_cls: 0.1423  decode.d8.loss_mask: 1.1652  decode.d8.loss_dice: 1.3202
2026/06/17 03:51:02 - mmengine - INFO - Iter(train) [12500/20000]  base_lr: 4.4373e-05 lr: 4.4373e-05  eta: 7:31:27  time: 3.6111  data_time: 0.0343  memory: 8724  grad_norm: 161.0593  loss: 26.9100  decode.loss_cls: 0.1911  decode.loss_mask: 1.1411  decode.loss_dice: 1.2481  decode.d0.loss_cls: 0.6124  decode.d0.loss_mask: 1.1769  decode.d0.loss_dice: 1.3849  decode.d1.loss_cls: 0.4110  decode.d1.loss_mask: 1.1495  decode.d1.loss_dice: 1.3336  decode.d2.loss_cls: 0.2513  decode.d2.loss_mask: 1.1458  decode.d2.loss_dice: 1.2724  decode.d3.loss_cls: 0.2129  decode.d3.loss_mask: 1.1377  decode.d3.loss_dice: 1.2628  decode.d4.loss_cls: 0.2000  decode.d4.loss_mask: 1.1387  decode.d4.loss_dice: 1.2762  decode.d5.loss_cls: 0.1882  decode.d5.loss_mask: 1.1380  decode.d5.loss_dice: 1.2700  decode.d6.loss_cls: 0.2057  decode.d6.loss_mask: 1.1389  decode.d6.loss_dice: 1.2546  decode.d7.loss_cls: 0.1751  decode.d7.loss_mask: 1.1422  decode.d7.loss_dice: 1.2701  decode.d8.loss_cls: 0.1754  decode.d8.loss_mask: 1.1402  decode.d8.loss_dice: 1.2651
2026/06/17 03:54:03 - mmengine - INFO - Iter(train) [12550/20000]  base_lr: 4.4107e-05 lr: 4.4107e-05  eta: 7:28:27  time: 3.6127  data_time: 0.0339  memory: 8724  grad_norm: 157.8658  loss: 27.4286  decode.loss_cls: 0.2065  decode.loss_mask: 1.1885  decode.loss_dice: 1.2544  decode.d0.loss_cls: 0.6450  decode.d0.loss_mask: 1.2071  decode.d0.loss_dice: 1.3588  decode.d1.loss_cls: 0.3519  decode.d1.loss_mask: 1.1912  decode.d1.loss_dice: 1.2892  decode.d2.loss_cls: 0.2502  decode.d2.loss_mask: 1.1915  decode.d2.loss_dice: 1.2724  decode.d3.loss_cls: 0.2199  decode.d3.loss_mask: 1.1833  decode.d3.loss_dice: 1.2613  decode.d4.loss_cls: 0.2205  decode.d4.loss_mask: 1.1820  decode.d4.loss_dice: 1.2709  decode.d5.loss_cls: 0.2058  decode.d5.loss_mask: 1.1872  decode.d5.loss_dice: 1.2704  decode.d6.loss_cls: 0.2307  decode.d6.loss_mask: 1.1906  decode.d6.loss_dice: 1.2598  decode.d7.loss_cls: 0.2168  decode.d7.loss_mask: 1.1962  decode.d7.loss_dice: 1.2673  decode.d8.loss_cls: 0.2078  decode.d8.loss_mask: 1.1921  decode.d8.loss_dice: 1.2593
2026/06/17 03:57:03 - mmengine - INFO - Iter(train) [12600/20000]  base_lr: 4.3840e-05 lr: 4.3840e-05  eta: 7:25:26  time: 3.5979  data_time: 0.0338  memory: 8724  grad_norm: 153.6693  loss: 26.6833  decode.loss_cls: 0.1738  decode.loss_mask: 1.1436  decode.loss_dice: 1.2582  decode.d0.loss_cls: 0.5801  decode.d0.loss_mask: 1.1799  decode.d0.loss_dice: 1.3340  decode.d1.loss_cls: 0.3454  decode.d1.loss_mask: 1.1627  decode.d1.loss_dice: 1.3080  decode.d2.loss_cls: 0.2460  decode.d2.loss_mask: 1.1544  decode.d2.loss_dice: 1.2796  decode.d3.loss_cls: 0.1886  decode.d3.loss_mask: 1.1563  decode.d3.loss_dice: 1.2620  decode.d4.loss_cls: 0.1820  decode.d4.loss_mask: 1.1524  decode.d4.loss_dice: 1.2657  decode.d5.loss_cls: 0.2128  decode.d5.loss_mask: 1.1475  decode.d5.loss_dice: 1.2556  decode.d6.loss_cls: 0.1603  decode.d6.loss_mask: 1.1475  decode.d6.loss_dice: 1.2583  decode.d7.loss_cls: 0.1560  decode.d7.loss_mask: 1.1439  decode.d7.loss_dice: 1.2603  decode.d8.loss_cls: 0.1695  decode.d8.loss_mask: 1.1438  decode.d8.loss_dice: 1.2552
2026/06/17 04:00:04 - mmengine - INFO - Iter(train) [12650/20000]  base_lr: 4.3574e-05 lr: 4.3574e-05  eta: 7:22:26  time: 3.6126  data_time: 0.0340  memory: 8724  grad_norm: 186.8604  loss: 27.5015  decode.loss_cls: 0.2306  decode.loss_mask: 1.1777  decode.loss_dice: 1.2434  decode.d0.loss_cls: 0.6173  decode.d0.loss_mask: 1.2188  decode.d0.loss_dice: 1.3315  decode.d1.loss_cls: 0.4499  decode.d1.loss_mask: 1.1922  decode.d1.loss_dice: 1.2748  decode.d2.loss_cls: 0.2997  decode.d2.loss_mask: 1.1734  decode.d2.loss_dice: 1.2563  decode.d3.loss_cls: 0.2552  decode.d3.loss_mask: 1.1839  decode.d3.loss_dice: 1.2465  decode.d4.loss_cls: 0.2431  decode.d4.loss_mask: 1.1908  decode.d4.loss_dice: 1.2445  decode.d5.loss_cls: 0.2596  decode.d5.loss_mask: 1.1740  decode.d5.loss_dice: 1.2346  decode.d6.loss_cls: 0.2657  decode.d6.loss_mask: 1.1817  decode.d6.loss_dice: 1.2449  decode.d7.loss_cls: 0.2489  decode.d7.loss_mask: 1.1801  decode.d7.loss_dice: 1.2313  decode.d8.loss_cls: 0.2093  decode.d8.loss_mask: 1.1856  decode.d8.loss_dice: 1.2562
2026/06/17 04:03:05 - mmengine - INFO - Iter(train) [12700/20000]  base_lr: 4.3307e-05 lr: 4.3307e-05  eta: 7:19:25  time: 3.6156  data_time: 0.0340  memory: 8724  grad_norm: 146.2884  loss: 27.8398  decode.loss_cls: 0.2329  decode.loss_mask: 1.1951  decode.loss_dice: 1.3018  decode.d0.loss_cls: 0.5789  decode.d0.loss_mask: 1.2287  decode.d0.loss_dice: 1.3768  decode.d1.loss_cls: 0.2763  decode.d1.loss_mask: 1.2097  decode.d1.loss_dice: 1.3503  decode.d2.loss_cls: 0.2173  decode.d2.loss_mask: 1.2071  decode.d2.loss_dice: 1.3329  decode.d3.loss_cls: 0.2153  decode.d3.loss_mask: 1.1999  decode.d3.loss_dice: 1.3236  decode.d4.loss_cls: 0.2071  decode.d4.loss_mask: 1.2004  decode.d4.loss_dice: 1.3155  decode.d5.loss_cls: 0.2018  decode.d5.loss_mask: 1.2008  decode.d5.loss_dice: 1.3051  decode.d6.loss_cls: 0.2076  decode.d6.loss_mask: 1.2076  decode.d6.loss_dice: 1.3103  decode.d7.loss_cls: 0.1925  decode.d7.loss_mask: 1.2059  decode.d7.loss_dice: 1.3104  decode.d8.loss_cls: 0.2266  decode.d8.loss_mask: 1.2017  decode.d8.loss_dice: 1.2997
2026/06/17 04:06:04 - mmengine - INFO - Iter(train) [12750/20000]  base_lr: 4.3040e-05 lr: 4.3040e-05  eta: 7:16:24  time: 3.6393  data_time: 0.0340  memory: 8724  grad_norm: 168.7680  loss: 25.4272  decode.loss_cls: 0.2318  decode.loss_mask: 1.0373  decode.loss_dice: 1.1678  decode.d0.loss_cls: 0.6929  decode.d0.loss_mask: 1.0727  decode.d0.loss_dice: 1.2616  decode.d1.loss_cls: 0.4003  decode.d1.loss_mask: 1.0660  decode.d1.loss_dice: 1.2291  decode.d2.loss_cls: 0.2927  decode.d2.loss_mask: 1.0471  decode.d2.loss_dice: 1.2026  decode.d3.loss_cls: 0.2495  decode.d3.loss_mask: 1.0393  decode.d3.loss_dice: 1.1752  decode.d4.loss_cls: 0.2382  decode.d4.loss_mask: 1.0377  decode.d4.loss_dice: 1.1865  decode.d5.loss_cls: 0.2482  decode.d5.loss_mask: 1.0368  decode.d5.loss_dice: 1.1786  decode.d6.loss_cls: 0.2166  decode.d6.loss_mask: 1.0394  decode.d6.loss_dice: 1.1870  decode.d7.loss_cls: 0.2341  decode.d7.loss_mask: 1.0346  decode.d7.loss_dice: 1.1759  decode.d8.loss_cls: 0.2433  decode.d8.loss_mask: 1.0344  decode.d8.loss_dice: 1.1701
2026/06/17 04:09:06 - mmengine - INFO - Iter(train) [12800/20000]  base_lr: 4.2773e-05 lr: 4.2773e-05  eta: 7:13:24  time: 3.6326  data_time: 0.0352  memory: 8724  grad_norm: 125.7322  loss: 25.4353  decode.loss_cls: 0.1881  decode.loss_mask: 1.0989  decode.loss_dice: 1.1645  decode.d0.loss_cls: 0.6052  decode.d0.loss_mask: 1.1216  decode.d0.loss_dice: 1.2679  decode.d1.loss_cls: 0.3294  decode.d1.loss_mask: 1.1052  decode.d1.loss_dice: 1.2255  decode.d2.loss_cls: 0.2217  decode.d2.loss_mask: 1.0927  decode.d2.loss_dice: 1.1988  decode.d3.loss_cls: 0.2425  decode.d3.loss_mask: 1.0969  decode.d3.loss_dice: 1.1873  decode.d4.loss_cls: 0.2129  decode.d4.loss_mask: 1.0916  decode.d4.loss_dice: 1.1894  decode.d5.loss_cls: 0.1736  decode.d5.loss_mask: 1.1023  decode.d5.loss_dice: 1.1865  decode.d6.loss_cls: 0.1967  decode.d6.loss_mask: 1.0884  decode.d6.loss_dice: 1.1518  decode.d7.loss_cls: 0.1688  decode.d7.loss_mask: 1.0941  decode.d7.loss_dice: 1.1869  decode.d8.loss_cls: 0.1841  decode.d8.loss_mask: 1.0973  decode.d8.loss_dice: 1.1645
2026/06/17 04:12:07 - mmengine - INFO - Iter(train) [12850/20000]  base_lr: 4.2505e-05 lr: 4.2505e-05  eta: 7:10:24  time: 3.6335  data_time: 0.0336  memory: 8724  grad_norm: 146.4179  loss: 26.9978  decode.loss_cls: 0.2360  decode.loss_mask: 1.1581  decode.loss_dice: 1.2159  decode.d0.loss_cls: 0.6896  decode.d0.loss_mask: 1.1797  decode.d0.loss_dice: 1.3165  decode.d1.loss_cls: 0.4341  decode.d1.loss_mask: 1.1582  decode.d1.loss_dice: 1.2541  decode.d2.loss_cls: 0.2988  decode.d2.loss_mask: 1.1462  decode.d2.loss_dice: 1.2445  decode.d3.loss_cls: 0.2637  decode.d3.loss_mask: 1.1412  decode.d3.loss_dice: 1.2040  decode.d4.loss_cls: 0.2297  decode.d4.loss_mask: 1.1463  decode.d4.loss_dice: 1.2117  decode.d5.loss_cls: 0.2265  decode.d5.loss_mask: 1.1500  decode.d5.loss_dice: 1.2397  decode.d6.loss_cls: 0.2630  decode.d6.loss_mask: 1.1461  decode.d6.loss_dice: 1.2163  decode.d7.loss_cls: 0.2490  decode.d7.loss_mask: 1.1420  decode.d7.loss_dice: 1.2153  decode.d8.loss_cls: 0.2526  decode.d8.loss_mask: 1.1500  decode.d8.loss_dice: 1.2189
2026/06/17 04:15:09 - mmengine - INFO - Iter(train) [12900/20000]  base_lr: 4.2238e-05 lr: 4.2238e-05  eta: 7:07:24  time: 3.6385  data_time: 0.0344  memory: 8724  grad_norm: 159.8455  loss: 26.4133  decode.loss_cls: 0.2001  decode.loss_mask: 1.1169  decode.loss_dice: 1.2326  decode.d0.loss_cls: 0.5669  decode.d0.loss_mask: 1.1575  decode.d0.loss_dice: 1.3836  decode.d1.loss_cls: 0.3068  decode.d1.loss_mask: 1.1302  decode.d1.loss_dice: 1.2813  decode.d2.loss_cls: 0.2411  decode.d2.loss_mask: 1.1262  decode.d2.loss_dice: 1.2584  decode.d3.loss_cls: 0.2442  decode.d3.loss_mask: 1.1136  decode.d3.loss_dice: 1.2497  decode.d4.loss_cls: 0.2160  decode.d4.loss_mask: 1.1107  decode.d4.loss_dice: 1.2505  decode.d5.loss_cls: 0.2199  decode.d5.loss_mask: 1.1099  decode.d5.loss_dice: 1.2488  decode.d6.loss_cls: 0.2170  decode.d6.loss_mask: 1.1073  decode.d6.loss_dice: 1.2419  decode.d7.loss_cls: 0.1911  decode.d7.loss_mask: 1.1154  decode.d7.loss_dice: 1.2439  decode.d8.loss_cls: 0.1830  decode.d8.loss_mask: 1.1107  decode.d8.loss_dice: 1.2380
2026/06/17 04:18:11 - mmengine - INFO - Iter(train) [12950/20000]  base_lr: 4.1970e-05 lr: 4.1970e-05  eta: 7:04:24  time: 3.6415  data_time: 0.0342  memory: 8724  grad_norm: 154.3281  loss: 25.5512  decode.loss_cls: 0.1958  decode.loss_mask: 1.1041  decode.loss_dice: 1.1834  decode.d0.loss_cls: 0.6270  decode.d0.loss_mask: 1.1421  decode.d0.loss_dice: 1.2667  decode.d1.loss_cls: 0.3420  decode.d1.loss_mask: 1.1105  decode.d1.loss_dice: 1.2042  decode.d2.loss_cls: 0.2488  decode.d2.loss_mask: 1.0930  decode.d2.loss_dice: 1.1876  decode.d3.loss_cls: 0.2262  decode.d3.loss_mask: 1.0883  decode.d3.loss_dice: 1.1812  decode.d4.loss_cls: 0.2085  decode.d4.loss_mask: 1.0838  decode.d4.loss_dice: 1.1763  decode.d5.loss_cls: 0.2207  decode.d5.loss_mask: 1.0874  decode.d5.loss_dice: 1.1753  decode.d6.loss_cls: 0.2164  decode.d6.loss_mask: 1.0894  decode.d6.loss_dice: 1.1688  decode.d7.loss_cls: 0.1841  decode.d7.loss_mask: 1.0979  decode.d7.loss_dice: 1.1794  decode.d8.loss_cls: 0.1803  decode.d8.loss_mask: 1.0973  decode.d8.loss_dice: 1.1846
2026/06/17 04:21:10 - mmengine - INFO - Exp name: dinov3l_m2f_pastis_temporal_v4_20260616_144812
2026/06/17 04:21:10 - mmengine - INFO - Iter(train) [13000/20000]  base_lr: 4.1702e-05 lr: 4.1702e-05  eta: 7:01:23  time: 3.6136  data_time: 0.0347  memory: 8724  grad_norm: 161.6920  loss: 28.8384  decode.loss_cls: 0.1723  decode.loss_mask: 1.2326  decode.loss_dice: 1.3636  decode.d0.loss_cls: 0.6960  decode.d0.loss_mask: 1.2953  decode.d0.loss_dice: 1.4487  decode.d1.loss_cls: 0.3198  decode.d1.loss_mask: 1.2517  decode.d1.loss_dice: 1.4259  decode.d2.loss_cls: 0.2960  decode.d2.loss_mask: 1.2353  decode.d2.loss_dice: 1.3810  decode.d3.loss_cls: 0.2406  decode.d3.loss_mask: 1.2211  decode.d3.loss_dice: 1.3510  decode.d4.loss_cls: 0.1941  decode.d4.loss_mask: 1.2295  decode.d4.loss_dice: 1.3601  decode.d5.loss_cls: 0.1988  decode.d5.loss_mask: 1.2194  decode.d5.loss_dice: 1.3634  decode.d6.loss_cls: 0.1966  decode.d6.loss_mask: 1.2342  decode.d6.loss_dice: 1.3507  decode.d7.loss_cls: 0.1866  decode.d7.loss_mask: 1.2352  decode.d7.loss_dice: 1.3586  decode.d8.loss_cls: 0.1720  decode.d8.loss_mask: 1.2337  decode.d8.loss_dice: 1.3742
2026/06/17 04:22:11 - mmengine - INFO - Iter(val) [ 50/121]    eta: 0:01:25  time: 1.1931  data_time: 0.0271  memory: 6229  
2026/06/17 04:23:10 - mmengine - INFO - Iter(val) [100/121]    eta: 0:00:25  time: 1.1890  data_time: 0.0262  memory: 6229  
2026/06/17 04:23:35 - mmengine - INFO - per class results:
2026/06/17 04:23:35 - mmengine - INFO - 
+---------+-------+-------+
|  Class  |  IoU  |  Acc  |
+---------+-------+-------+
|  crop_1 | 73.47 |  84.2 |
|  crop_2 | 63.77 | 78.34 |
|  crop_3 | 77.61 | 87.22 |
|  crop_4 | 84.51 | 92.86 |
|  crop_5 | 74.45 | 81.32 |
|  crop_6 | 85.43 | 92.66 |
|  crop_7 | 44.71 | 73.49 |
|  crop_8 | 66.61 | 75.51 |
|  crop_9 | 48.11 | 64.87 |
| crop_10 | 84.77 | 91.06 |
| crop_11 | 41.23 | 62.47 |
| crop_12 | 49.35 | 65.11 |
| crop_13 | 36.66 | 56.23 |
| crop_14 | 44.03 |  59.6 |
| crop_15 | 38.35 | 54.02 |
| crop_16 | 73.09 | 84.85 |
| crop_17 | 40.85 |  60.1 |
| crop_18 | 28.12 | 46.91 |
| crop_19 |  29.8 | 40.56 |
+---------+-------+-------+
2026/06/17 04:23:35 - mmengine - INFO - Iter(val) [121/121]    aAcc: 81.6300  mIoU: 57.1000  mAcc: 71.1300  data_time: 0.0337  time: 1.1877
2026/06/17 04:26:35 - mmengine - INFO - Iter(train) [13050/20000]  base_lr: 4.1434e-05 lr: 4.1434e-05  eta: 6:58:22  time: 3.6104  data_time: 0.0344  memory: 8724  grad_norm: 166.0067  loss: 26.2874  decode.loss_cls: 0.1533  decode.loss_mask: 1.1398  decode.loss_dice: 1.2018  decode.d0.loss_cls: 0.5966  decode.d0.loss_mask: 1.1703  decode.d0.loss_dice: 1.2856  decode.d1.loss_cls: 0.3703  decode.d1.loss_mask: 1.1604  decode.d1.loss_dice: 1.2572  decode.d2.loss_cls: 0.2574  decode.d2.loss_mask: 1.1503  decode.d2.loss_dice: 1.2423  decode.d3.loss_cls: 0.2315  decode.d3.loss_mask: 1.1394  decode.d3.loss_dice: 1.2174  decode.d4.loss_cls: 0.2251  decode.d4.loss_mask: 1.1357  decode.d4.loss_dice: 1.2078  decode.d5.loss_cls: 0.2094  decode.d5.loss_mask: 1.1422  decode.d5.loss_dice: 1.2061  decode.d6.loss_cls: 0.1949  decode.d6.loss_mask: 1.1365  decode.d6.loss_dice: 1.2025  decode.d7.loss_cls: 0.1854  decode.d7.loss_mask: 1.1405  decode.d7.loss_dice: 1.2092  decode.d8.loss_cls: 0.1639  decode.d8.loss_mask: 1.1505  decode.d8.loss_dice: 1.2039
2026/06/17 04:29:36 - mmengine - INFO - Iter(train) [13100/20000]  base_lr: 4.1165e-05 lr: 4.1165e-05  eta: 6:55:22  time: 3.6150  data_time: 0.0351  memory: 8724  grad_norm: 158.9476  loss: 25.5311  decode.loss_cls: 0.1812  decode.loss_mask: 1.0686  decode.loss_dice: 1.2065  decode.d0.loss_cls: 0.6239  decode.d0.loss_mask: 1.1218  decode.d0.loss_dice: 1.3341  decode.d1.loss_cls: 0.3473  decode.d1.loss_mask: 1.0820  decode.d1.loss_dice: 1.2638  decode.d2.loss_cls: 0.2159  decode.d2.loss_mask: 1.0613  decode.d2.loss_dice: 1.2227  decode.d3.loss_cls: 0.2116  decode.d3.loss_mask: 1.0674  decode.d3.loss_dice: 1.2168  decode.d4.loss_cls: 0.2059  decode.d4.loss_mask: 1.0649  decode.d4.loss_dice: 1.2179  decode.d5.loss_cls: 0.1708  decode.d5.loss_mask: 1.0629  decode.d5.loss_dice: 1.2217  decode.d6.loss_cls: 0.1790  decode.d6.loss_mask: 1.0648  decode.d6.loss_dice: 1.2084  decode.d7.loss_cls: 0.1864  decode.d7.loss_mask: 1.0697  decode.d7.loss_dice: 1.2033  decode.d8.loss_cls: 0.1735  decode.d8.loss_mask: 1.0653  decode.d8.loss_dice: 1.2116
2026/06/17 04:32:37 - mmengine - INFO - Iter(train) [13150/20000]  base_lr: 4.0897e-05 lr: 4.0897e-05  eta: 6:52:21  time: 3.6147  data_time: 0.0346  memory: 8724  grad_norm: 144.9979  loss: 25.7645  decode.loss_cls: 0.2260  decode.loss_mask: 1.1163  decode.loss_dice: 1.1408  decode.d0.loss_cls: 0.6097  decode.d0.loss_mask: 1.1706  decode.d0.loss_dice: 1.2397  decode.d1.loss_cls: 0.3089  decode.d1.loss_mask: 1.1350  decode.d1.loss_dice: 1.2153  decode.d2.loss_cls: 0.2938  decode.d2.loss_mask: 1.1200  decode.d2.loss_dice: 1.1638  decode.d3.loss_cls: 0.2801  decode.d3.loss_mask: 1.1194  decode.d3.loss_dice: 1.1474  decode.d4.loss_cls: 0.2535  decode.d4.loss_mask: 1.1163  decode.d4.loss_dice: 1.1501  decode.d5.loss_cls: 0.2344  decode.d5.loss_mask: 1.1167  decode.d5.loss_dice: 1.1517  decode.d6.loss_cls: 0.2316  decode.d6.loss_mask: 1.1127  decode.d6.loss_dice: 1.1371  decode.d7.loss_cls: 0.2372  decode.d7.loss_mask: 1.1105  decode.d7.loss_dice: 1.1356  decode.d8.loss_cls: 0.2479  decode.d8.loss_mask: 1.1117  decode.d8.loss_dice: 1.1305
2026/06/17 04:35:37 - mmengine - INFO - Iter(train) [13200/20000]  base_lr: 4.0628e-05 lr: 4.0628e-05  eta: 6:49:21  time: 3.6109  data_time: 0.0342  memory: 8724  grad_norm: 183.1913  loss: 27.4699  decode.loss_cls: 0.1687  decode.loss_mask: 1.1822  decode.loss_dice: 1.2612  decode.d0.loss_cls: 0.7019  decode.d0.loss_mask: 1.2524  decode.d0.loss_dice: 1.3648  decode.d1.loss_cls: 0.3550  decode.d1.loss_mask: 1.2102  decode.d1.loss_dice: 1.2995  decode.d2.loss_cls: 0.2732  decode.d2.loss_mask: 1.1877  decode.d2.loss_dice: 1.2706  decode.d3.loss_cls: 0.2427  decode.d3.loss_mask: 1.1933  decode.d3.loss_dice: 1.2530  decode.d4.loss_cls: 0.1933  decode.d4.loss_mask: 1.2014  decode.d4.loss_dice: 1.2736  decode.d5.loss_cls: 0.1827  decode.d5.loss_mask: 1.1889  decode.d5.loss_dice: 1.2676  decode.d6.loss_cls: 0.1957  decode.d6.loss_mask: 1.1933  decode.d6.loss_dice: 1.2809  decode.d7.loss_cls: 0.1911  decode.d7.loss_mask: 1.1879  decode.d7.loss_dice: 1.2728  decode.d8.loss_cls: 0.1714  decode.d8.loss_mask: 1.1866  decode.d8.loss_dice: 1.2667
2026/06/17 04:38:38 - mmengine - INFO - Iter(train) [13250/20000]  base_lr: 4.0359e-05 lr: 4.0359e-05  eta: 6:46:20  time: 3.6084  data_time: 0.0343  memory: 8724  grad_norm: 170.5594  loss: 26.9860  decode.loss_cls: 0.2160  decode.loss_mask: 1.1866  decode.loss_dice: 1.2617  decode.d0.loss_cls: 0.5898  decode.d0.loss_mask: 1.2155  decode.d0.loss_dice: 1.3820  decode.d1.loss_cls: 0.3052  decode.d1.loss_mask: 1.1847  decode.d1.loss_dice: 1.3023  decode.d2.loss_cls: 0.2558  decode.d2.loss_mask: 1.1720  decode.d2.loss_dice: 1.2730  decode.d3.loss_cls: 0.1773  decode.d3.loss_mask: 1.1760  decode.d3.loss_dice: 1.2564  decode.d4.loss_cls: 0.1730  decode.d4.loss_mask: 1.1747  decode.d4.loss_dice: 1.2476  decode.d5.loss_cls: 0.1594  decode.d5.loss_mask: 1.1722  decode.d5.loss_dice: 1.2596  decode.d6.loss_cls: 0.1782  decode.d6.loss_mask: 1.1774  decode.d6.loss_dice: 1.2460  decode.d7.loss_cls: 0.1748  decode.d7.loss_mask: 1.1765  decode.d7.loss_dice: 1.2481  decode.d8.loss_cls: 0.2105  decode.d8.loss_mask: 1.1782  decode.d8.loss_dice: 1.2555
2026/06/17 04:41:39 - mmengine - INFO - Iter(train) [13300/20000]  base_lr: 4.0090e-05 lr: 4.0090e-05  eta: 6:43:20  time: 3.6146  data_time: 0.0347  memory: 8724  grad_norm: 196.8862  loss: 26.2553  decode.loss_cls: 0.2141  decode.loss_mask: 1.0829  decode.loss_dice: 1.2326  decode.d0.loss_cls: 0.6265  decode.d0.loss_mask: 1.1464  decode.d0.loss_dice: 1.3248  decode.d1.loss_cls: 0.4106  decode.d1.loss_mask: 1.1184  decode.d1.loss_dice: 1.2679  decode.d2.loss_cls: 0.2785  decode.d2.loss_mask: 1.0966  decode.d2.loss_dice: 1.2481  decode.d3.loss_cls: 0.2161  decode.d3.loss_mask: 1.0907  decode.d3.loss_dice: 1.2317  decode.d4.loss_cls: 0.2185  decode.d4.loss_mask: 1.0947  decode.d4.loss_dice: 1.2292  decode.d5.loss_cls: 0.2147  decode.d5.loss_mask: 1.0852  decode.d5.loss_dice: 1.2374  decode.d6.loss_cls: 0.2233  decode.d6.loss_mask: 1.0880  decode.d6.loss_dice: 1.2253  decode.d7.loss_cls: 0.2259  decode.d7.loss_mask: 1.0867  decode.d7.loss_dice: 1.2225  decode.d8.loss_cls: 0.2159  decode.d8.loss_mask: 1.0863  decode.d8.loss_dice: 1.2160
2026/06/17 04:44:39 - mmengine - INFO - Iter(train) [13350/20000]  base_lr: 3.9820e-05 lr: 3.9820e-05  eta: 6:40:19  time: 3.6064  data_time: 0.0338  memory: 8724  grad_norm: 181.7312  loss: 27.8834  decode.loss_cls: 0.2131  decode.loss_mask: 1.1950  decode.loss_dice: 1.2756  decode.d0.loss_cls: 0.6170  decode.d0.loss_mask: 1.2416  decode.d0.loss_dice: 1.3918  decode.d1.loss_cls: 0.3618  decode.d1.loss_mask: 1.2189  decode.d1.loss_dice: 1.3364  decode.d2.loss_cls: 0.2828  decode.d2.loss_mask: 1.2003  decode.d2.loss_dice: 1.2989  decode.d3.loss_cls: 0.2454  decode.d3.loss_mask: 1.1980  decode.d3.loss_dice: 1.2852  decode.d4.loss_cls: 0.2575  decode.d4.loss_mask: 1.1952  decode.d4.loss_dice: 1.2718  decode.d5.loss_cls: 0.2459  decode.d5.loss_mask: 1.1976  decode.d5.loss_dice: 1.2750  decode.d6.loss_cls: 0.2411  decode.d6.loss_mask: 1.1946  decode.d6.loss_dice: 1.2616  decode.d7.loss_cls: 0.2295  decode.d7.loss_mask: 1.1904  decode.d7.loss_dice: 1.2743  decode.d8.loss_cls: 0.2177  decode.d8.loss_mask: 1.1948  decode.d8.loss_dice: 1.2748
2026/06/17 04:47:40 - mmengine - INFO - Iter(train) [13400/20000]  base_lr: 3.9551e-05 lr: 3.9551e-05  eta: 6:37:18  time: 3.6084  data_time: 0.0341  memory: 8724  grad_norm: 168.3009  loss: 26.6257  decode.loss_cls: 0.1502  decode.loss_mask: 1.0882  decode.loss_dice: 1.2762  decode.d0.loss_cls: 0.6309  decode.d0.loss_mask: 1.1333  decode.d0.loss_dice: 1.4029  decode.d1.loss_cls: 0.4216  decode.d1.loss_mask: 1.1038  decode.d1.loss_dice: 1.3238  decode.d2.loss_cls: 0.3214  decode.d2.loss_mask: 1.0975  decode.d2.loss_dice: 1.2961  decode.d3.loss_cls: 0.2333  decode.d3.loss_mask: 1.0839  decode.d3.loss_dice: 1.2830  decode.d4.loss_cls: 0.2120  decode.d4.loss_mask: 1.0898  decode.d4.loss_dice: 1.2883  decode.d5.loss_cls: 0.2115  decode.d5.loss_mask: 1.0938  decode.d5.loss_dice: 1.2783  decode.d6.loss_cls: 0.1797  decode.d6.loss_mask: 1.0869  decode.d6.loss_dice: 1.2781  decode.d7.loss_cls: 0.1582  decode.d7.loss_mask: 1.0867  decode.d7.loss_dice: 1.2758  decode.d8.loss_cls: 0.1693  decode.d8.loss_mask: 1.0952  decode.d8.loss_dice: 1.2757
2026/06/17 04:50:40 - mmengine - INFO - Iter(train) [13450/20000]  base_lr: 3.9281e-05 lr: 3.9281e-05  eta: 6:34:18  time: 3.6104  data_time: 0.0339  memory: 8724  grad_norm: 156.3157  loss: 30.5666  decode.loss_cls: 0.2869  decode.loss_mask: 1.2919  decode.loss_dice: 1.4156  decode.d0.loss_cls: 0.6207  decode.d0.loss_mask: 1.3282  decode.d0.loss_dice: 1.4826  decode.d1.loss_cls: 0.3346  decode.d1.loss_mask: 1.2949  decode.d1.loss_dice: 1.4580  decode.d2.loss_cls: 0.3076  decode.d2.loss_mask: 1.2948  decode.d2.loss_dice: 1.4335  decode.d3.loss_cls: 0.3045  decode.d3.loss_mask: 1.2871  decode.d3.loss_dice: 1.4317  decode.d4.loss_cls: 0.2897  decode.d4.loss_mask: 1.2782  decode.d4.loss_dice: 1.4300  decode.d5.loss_cls: 0.2834  decode.d5.loss_mask: 1.2937  decode.d5.loss_dice: 1.4256  decode.d6.loss_cls: 0.2844  decode.d6.loss_mask: 1.2919  decode.d6.loss_dice: 1.4256  decode.d7.loss_cls: 0.2788  decode.d7.loss_mask: 1.2943  decode.d7.loss_dice: 1.4278  decode.d8.loss_cls: 0.2683  decode.d8.loss_mask: 1.2902  decode.d8.loss_dice: 1.4321
2026/06/17 04:53:41 - mmengine - INFO - Iter(train) [13500/20000]  base_lr: 3.9011e-05 lr: 3.9011e-05  eta: 6:31:17  time: 3.6090  data_time: 0.0336  memory: 8724  grad_norm: 166.1417  loss: 26.0937  decode.loss_cls: 0.1404  decode.loss_mask: 1.1072  decode.loss_dice: 1.2475  decode.d0.loss_cls: 0.5761  decode.d0.loss_mask: 1.1484  decode.d0.loss_dice: 1.3743  decode.d1.loss_cls: 0.3386  decode.d1.loss_mask: 1.1214  decode.d1.loss_dice: 1.3096  decode.d2.loss_cls: 0.2306  decode.d2.loss_mask: 1.1132  decode.d2.loss_dice: 1.2755  decode.d3.loss_cls: 0.1568  decode.d3.loss_mask: 1.1167  decode.d3.loss_dice: 1.2703  decode.d4.loss_cls: 0.1576  decode.d4.loss_mask: 1.1102  decode.d4.loss_dice: 1.2644  decode.d5.loss_cls: 0.1312  decode.d5.loss_mask: 1.1129  decode.d5.loss_dice: 1.2637  decode.d6.loss_cls: 0.1333  decode.d6.loss_mask: 1.1202  decode.d6.loss_dice: 1.2553  decode.d7.loss_cls: 0.1365  decode.d7.loss_mask: 1.1136  decode.d7.loss_dice: 1.2594  decode.d8.loss_cls: 0.1338  decode.d8.loss_mask: 1.1165  decode.d8.loss_dice: 1.2585
2026/06/17 04:56:42 - mmengine - INFO - Iter(train) [13550/20000]  base_lr: 3.8741e-05 lr: 3.8741e-05  eta: 6:28:17  time: 3.6102  data_time: 0.0341  memory: 8724  grad_norm: 135.8854  loss: 26.2930  decode.loss_cls: 0.1865  decode.loss_mask: 1.1653  decode.loss_dice: 1.1850  decode.d0.loss_cls: 0.6766  decode.d0.loss_mask: 1.2083  decode.d0.loss_dice: 1.2838  decode.d1.loss_cls: 0.3718  decode.d1.loss_mask: 1.1831  decode.d1.loss_dice: 1.2153  decode.d2.loss_cls: 0.2276  decode.d2.loss_mask: 1.1815  decode.d2.loss_dice: 1.2097  decode.d3.loss_cls: 0.1862  decode.d3.loss_mask: 1.1721  decode.d3.loss_dice: 1.1780  decode.d4.loss_cls: 0.1866  decode.d4.loss_mask: 1.1727  decode.d4.loss_dice: 1.1809  decode.d5.loss_cls: 0.1754  decode.d5.loss_mask: 1.1744  decode.d5.loss_dice: 1.1915  decode.d6.loss_cls: 0.1706  decode.d6.loss_mask: 1.1706  decode.d6.loss_dice: 1.1879  decode.d7.loss_cls: 0.1745  decode.d7.loss_mask: 1.1666  decode.d7.loss_dice: 1.1872  decode.d8.loss_cls: 0.1732  decode.d8.loss_mask: 1.1654  decode.d8.loss_dice: 1.1846
2026/06/17 04:59:42 - mmengine - INFO - Iter(train) [13600/20000]  base_lr: 3.8471e-05 lr: 3.8471e-05  eta: 6:25:16  time: 3.6136  data_time: 0.0338  memory: 8724  grad_norm: 182.0514  loss: 25.6292  decode.loss_cls: 0.1821  decode.loss_mask: 1.0519  decode.loss_dice: 1.2228  decode.d0.loss_cls: 0.7034  decode.d0.loss_mask: 1.0942  decode.d0.loss_dice: 1.3273  decode.d1.loss_cls: 0.4182  decode.d1.loss_mask: 1.0541  decode.d1.loss_dice: 1.2494  decode.d2.loss_cls: 0.2591  decode.d2.loss_mask: 1.0568  decode.d2.loss_dice: 1.2331  decode.d3.loss_cls: 0.2617  decode.d3.loss_mask: 1.0442  decode.d3.loss_dice: 1.2057  decode.d4.loss_cls: 0.2273  decode.d4.loss_mask: 1.0584  decode.d4.loss_dice: 1.2036  decode.d5.loss_cls: 0.2105  decode.d5.loss_mask: 1.0379  decode.d5.loss_dice: 1.2068  decode.d6.loss_cls: 0.2096  decode.d6.loss_mask: 1.0387  decode.d6.loss_dice: 1.2122  decode.d7.loss_cls: 0.1725  decode.d7.loss_mask: 1.0466  decode.d7.loss_dice: 1.2040  decode.d8.loss_cls: 0.1794  decode.d8.loss_mask: 1.0414  decode.d8.loss_dice: 1.2163
2026/06/17 05:02:43 - mmengine - INFO - Iter(train) [13650/20000]  base_lr: 3.8200e-05 lr: 3.8200e-05  eta: 6:22:15  time: 3.6133  data_time: 0.0340  memory: 8724  grad_norm: 157.5157  loss: 27.7175  decode.loss_cls: 0.1847  decode.loss_mask: 1.1692  decode.loss_dice: 1.2940  decode.d0.loss_cls: 0.6703  decode.d0.loss_mask: 1.2177  decode.d0.loss_dice: 1.4132  decode.d1.loss_cls: 0.3838  decode.d1.loss_mask: 1.1912  decode.d1.loss_dice: 1.3660  decode.d2.loss_cls: 0.2567  decode.d2.loss_mask: 1.1712  decode.d2.loss_dice: 1.3283  decode.d3.loss_cls: 0.2253  decode.d3.loss_mask: 1.1635  decode.d3.loss_dice: 1.2992  decode.d4.loss_cls: 0.2298  decode.d4.loss_mask: 1.1631  decode.d4.loss_dice: 1.2970  decode.d5.loss_cls: 0.2303  decode.d5.loss_mask: 1.1706  decode.d5.loss_dice: 1.2926  decode.d6.loss_cls: 0.2050  decode.d6.loss_mask: 1.1755  decode.d6.loss_dice: 1.2928  decode.d7.loss_cls: 0.2030  decode.d7.loss_mask: 1.1668  decode.d7.loss_dice: 1.2884  decode.d8.loss_cls: 0.1932  decode.d8.loss_mask: 1.1735  decode.d8.loss_dice: 1.3016
2026/06/17 05:05:44 - mmengine - INFO - Iter(train) [13700/20000]  base_lr: 3.7929e-05 lr: 3.7929e-05  eta: 6:19:15  time: 3.6139  data_time: 0.0345  memory: 8724  grad_norm: 139.3452  loss: 27.4584  decode.loss_cls: 0.2246  decode.loss_mask: 1.1696  decode.loss_dice: 1.2368  decode.d0.loss_cls: 0.6147  decode.d0.loss_mask: 1.2583  decode.d0.loss_dice: 1.3817  decode.d1.loss_cls: 0.4219  decode.d1.loss_mask: 1.2179  decode.d1.loss_dice: 1.3092  decode.d2.loss_cls: 0.2778  decode.d2.loss_mask: 1.1975  decode.d2.loss_dice: 1.2677  decode.d3.loss_cls: 0.2525  decode.d3.loss_mask: 1.1818  decode.d3.loss_dice: 1.2473  decode.d4.loss_cls: 0.2557  decode.d4.loss_mask: 1.1724  decode.d4.loss_dice: 1.2383  decode.d5.loss_cls: 0.2373  decode.d5.loss_mask: 1.1718  decode.d5.loss_dice: 1.2346  decode.d6.loss_cls: 0.2484  decode.d6.loss_mask: 1.1670  decode.d6.loss_dice: 1.2229  decode.d7.loss_cls: 0.2328  decode.d7.loss_mask: 1.1705  decode.d7.loss_dice: 1.2326  decode.d8.loss_cls: 0.2214  decode.d8.loss_mask: 1.1676  decode.d8.loss_dice: 1.2256
2026/06/17 05:08:44 - mmengine - INFO - Iter(train) [13750/20000]  base_lr: 3.7658e-05 lr: 3.7658e-05  eta: 6:16:14  time: 3.6159  data_time: 0.0339  memory: 8724  grad_norm: 139.5807  loss: 25.1189  decode.loss_cls: 0.1929  decode.loss_mask: 1.0464  decode.loss_dice: 1.1615  decode.d0.loss_cls: 0.5963  decode.d0.loss_mask: 1.0924  decode.d0.loss_dice: 1.3065  decode.d1.loss_cls: 0.3606  decode.d1.loss_mask: 1.0681  decode.d1.loss_dice: 1.2430  decode.d2.loss_cls: 0.2911  decode.d2.loss_mask: 1.0532  decode.d2.loss_dice: 1.2055  decode.d3.loss_cls: 0.2185  decode.d3.loss_mask: 1.0466  decode.d3.loss_dice: 1.1795  decode.d4.loss_cls: 0.2300  decode.d4.loss_mask: 1.0391  decode.d4.loss_dice: 1.1692  decode.d5.loss_cls: 0.2052  decode.d5.loss_mask: 1.0411  decode.d5.loss_dice: 1.1677  decode.d6.loss_cls: 0.2048  decode.d6.loss_mask: 1.0328  decode.d6.loss_dice: 1.1603  decode.d7.loss_cls: 0.1915  decode.d7.loss_mask: 1.0371  decode.d7.loss_dice: 1.1670  decode.d8.loss_cls: 0.1936  decode.d8.loss_mask: 1.0450  decode.d8.loss_dice: 1.1725
2026/06/17 05:11:45 - mmengine - INFO - Iter(train) [13800/20000]  base_lr: 3.7387e-05 lr: 3.7387e-05  eta: 6:13:14  time: 3.6111  data_time: 0.0346  memory: 8724  grad_norm: 172.0410  loss: 26.8972  decode.loss_cls: 0.2644  decode.loss_mask: 1.1256  decode.loss_dice: 1.1804  decode.d0.loss_cls: 0.7211  decode.d0.loss_mask: 1.1682  decode.d0.loss_dice: 1.3625  decode.d1.loss_cls: 0.4609  decode.d1.loss_mask: 1.1483  decode.d1.loss_dice: 1.2665  decode.d2.loss_cls: 0.3301  decode.d2.loss_mask: 1.1275  decode.d2.loss_dice: 1.2354  decode.d3.loss_cls: 0.2866  decode.d3.loss_mask: 1.1285  decode.d3.loss_dice: 1.2121  decode.d4.loss_cls: 0.2716  decode.d4.loss_mask: 1.1205  decode.d4.loss_dice: 1.2061  decode.d5.loss_cls: 0.2617  decode.d5.loss_mask: 1.1142  decode.d5.loss_dice: 1.2064  decode.d6.loss_cls: 0.2674  decode.d6.loss_mask: 1.1124  decode.d6.loss_dice: 1.1912  decode.d7.loss_cls: 0.2579  decode.d7.loss_mask: 1.1135  decode.d7.loss_dice: 1.1899  decode.d8.loss_cls: 0.2593  decode.d8.loss_mask: 1.1211  decode.d8.loss_dice: 1.1862
2026/06/17 05:14:46 - mmengine - INFO - Iter(train) [13850/20000]  base_lr: 3.7115e-05 lr: 3.7115e-05  eta: 6:10:13  time: 3.6116  data_time: 0.0342  memory: 8724  grad_norm: 138.9613  loss: 25.4243  decode.loss_cls: 0.1408  decode.loss_mask: 1.1315  decode.loss_dice: 1.1445  decode.d0.loss_cls: 0.6887  decode.d0.loss_mask: 1.1622  decode.d0.loss_dice: 1.2626  decode.d1.loss_cls: 0.3577  decode.d1.loss_mask: 1.1375  decode.d1.loss_dice: 1.1985  decode.d2.loss_cls: 0.2254  decode.d2.loss_mask: 1.1385  decode.d2.loss_dice: 1.1731  decode.d3.loss_cls: 0.1741  decode.d3.loss_mask: 1.1441  decode.d3.loss_dice: 1.1528  decode.d4.loss_cls: 0.1630  decode.d4.loss_mask: 1.1384  decode.d4.loss_dice: 1.1513  decode.d5.loss_cls: 0.1592  decode.d5.loss_mask: 1.1356  decode.d5.loss_dice: 1.1490  decode.d6.loss_cls: 0.1504  decode.d6.loss_mask: 1.1366  decode.d6.loss_dice: 1.1479  decode.d7.loss_cls: 0.1546  decode.d7.loss_mask: 1.1295  decode.d7.loss_dice: 1.1421  decode.d8.loss_cls: 0.1568  decode.d8.loss_mask: 1.1303  decode.d8.loss_dice: 1.1476
2026/06/17 05:17:46 - mmengine - INFO - Iter(train) [13900/20000]  base_lr: 3.6844e-05 lr: 3.6844e-05  eta: 6:07:13  time: 3.6147  data_time: 0.0340  memory: 8724  grad_norm: 136.8199  loss: 23.8926  decode.loss_cls: 0.1530  decode.loss_mask: 1.0148  decode.loss_dice: 1.1210  decode.d0.loss_cls: 0.6336  decode.d0.loss_mask: 1.0475  decode.d0.loss_dice: 1.2329  decode.d1.loss_cls: 0.3283  decode.d1.loss_mask: 1.0270  decode.d1.loss_dice: 1.1837  decode.d2.loss_cls: 0.2345  decode.d2.loss_mask: 1.0078  decode.d2.loss_dice: 1.1410  decode.d3.loss_cls: 0.1873  decode.d3.loss_mask: 1.0097  decode.d3.loss_dice: 1.1144  decode.d4.loss_cls: 0.1665  decode.d4.loss_mask: 1.0138  decode.d4.loss_dice: 1.1250  decode.d5.loss_cls: 0.1643  decode.d5.loss_mask: 1.0130  decode.d5.loss_dice: 1.1254  decode.d6.loss_cls: 0.1568  decode.d6.loss_mask: 1.0091  decode.d6.loss_dice: 1.1210  decode.d7.loss_cls: 0.1504  decode.d7.loss_mask: 1.0109  decode.d7.loss_dice: 1.1204  decode.d8.loss_cls: 0.1485  decode.d8.loss_mask: 1.0120  decode.d8.loss_dice: 1.1192
2026/06/17 05:20:47 - mmengine - INFO - Iter(train) [13950/20000]  base_lr: 3.6572e-05 lr: 3.6572e-05  eta: 6:04:12  time: 3.6107  data_time: 0.0341  memory: 8724  grad_norm: 155.6813  loss: 27.5008  decode.loss_cls: 0.2137  decode.loss_mask: 1.1786  decode.loss_dice: 1.2749  decode.d0.loss_cls: 0.6011  decode.d0.loss_mask: 1.2154  decode.d0.loss_dice: 1.3857  decode.d1.loss_cls: 0.3354  decode.d1.loss_mask: 1.1836  decode.d1.loss_dice: 1.3263  decode.d2.loss_cls: 0.2295  decode.d2.loss_mask: 1.1874  decode.d2.loss_dice: 1.2980  decode.d3.loss_cls: 0.1786  decode.d3.loss_mask: 1.1814  decode.d3.loss_dice: 1.2956  decode.d4.loss_cls: 0.2253  decode.d4.loss_mask: 1.1807  decode.d4.loss_dice: 1.2782  decode.d5.loss_cls: 0.2134  decode.d5.loss_mask: 1.1778  decode.d5.loss_dice: 1.2846  decode.d6.loss_cls: 0.2317  decode.d6.loss_mask: 1.1735  decode.d6.loss_dice: 1.2767  decode.d7.loss_cls: 0.2459  decode.d7.loss_mask: 1.1742  decode.d7.loss_dice: 1.2837  decode.d8.loss_cls: 0.2241  decode.d8.loss_mask: 1.1730  decode.d8.loss_dice: 1.2729
2026/06/17 05:23:47 - mmengine - INFO - Exp name: dinov3l_m2f_pastis_temporal_v4_20260616_144812
2026/06/17 05:23:47 - mmengine - INFO - Iter(train) [14000/20000]  base_lr: 3.6300e-05 lr: 3.6300e-05  eta: 6:01:11  time: 3.6059  data_time: 0.0344  memory: 8724  grad_norm: 194.9187  loss: 25.6234  decode.loss_cls: 0.1395  decode.loss_mask: 1.0998  decode.loss_dice: 1.2068  decode.d0.loss_cls: 0.5925  decode.d0.loss_mask: 1.1756  decode.d0.loss_dice: 1.3202  decode.d1.loss_cls: 0.3713  decode.d1.loss_mask: 1.1343  decode.d1.loss_dice: 1.2689  decode.d2.loss_cls: 0.2645  decode.d2.loss_mask: 1.1054  decode.d2.loss_dice: 1.2099  decode.d3.loss_cls: 0.2081  decode.d3.loss_mask: 1.0974  decode.d3.loss_dice: 1.1950  decode.d4.loss_cls: 0.1543  decode.d4.loss_mask: 1.1103  decode.d4.loss_dice: 1.2063  decode.d5.loss_cls: 0.1408  decode.d5.loss_mask: 1.1015  decode.d5.loss_dice: 1.2027  decode.d6.loss_cls: 0.1313  decode.d6.loss_mask: 1.1042  decode.d6.loss_dice: 1.1961  decode.d7.loss_cls: 0.1308  decode.d7.loss_mask: 1.1057  decode.d7.loss_dice: 1.2020  decode.d8.loss_cls: 0.1417  decode.d8.loss_mask: 1.1012  decode.d8.loss_dice: 1.2055
2026/06/17 05:23:47 - mmengine - INFO - Saving checkpoint at 14000 iterations
2026/06/17 05:25:04 - mmengine - INFO - Iter(val) [ 50/121]    eta: 0:01:25  time: 1.1892  data_time: 0.0266  memory: 6229  
2026/06/17 05:26:04 - mmengine - INFO - Iter(val) [100/121]    eta: 0:00:25  time: 1.1875  data_time: 0.0264  memory: 6229  
2026/06/17 05:26:28 - mmengine - INFO - per class results:
2026/06/17 05:26:28 - mmengine - INFO - 
+---------+-------+-------+
|  Class  |  IoU  |  Acc  |
+---------+-------+-------+
|  crop_1 | 72.94 | 83.79 |
|  crop_2 | 63.51 | 78.41 |
|  crop_3 | 77.67 | 87.91 |
|  crop_4 | 84.81 | 93.15 |
|  crop_5 | 74.24 |  85.5 |
|  crop_6 |  85.6 | 93.39 |
|  crop_7 | 45.89 | 70.83 |
|  crop_8 | 63.66 | 74.53 |
|  crop_9 | 47.21 | 59.86 |
| crop_10 | 84.88 | 93.55 |
| crop_11 | 37.41 | 57.77 |
| crop_12 | 51.96 | 70.69 |
| crop_13 | 36.37 | 60.45 |
| crop_14 | 45.47 | 63.29 |
| crop_15 | 38.66 | 53.53 |
| crop_16 | 72.46 | 84.17 |
| crop_17 | 40.28 | 54.53 |
| crop_18 | 27.54 | 39.84 |
| crop_19 | 31.94 | 44.86 |
+---------+-------+-------+
2026/06/17 05:26:28 - mmengine - INFO - Iter(val) [121/121]    aAcc: 81.4900  mIoU: 56.9700  mAcc: 71.0600  data_time: 0.0298  time: 1.1831
2026/06/17 05:29:29 - mmengine - INFO - Iter(train) [14050/20000]  base_lr: 3.6027e-05 lr: 3.6027e-05  eta: 5:58:11  time: 3.6368  data_time: 0.0348  memory: 8724  grad_norm: 153.2401  loss: 27.2957  decode.loss_cls: 0.2872  decode.loss_mask: 1.0455  decode.loss_dice: 1.2825  decode.d0.loss_cls: 0.7797  decode.d0.loss_mask: 1.0900  decode.d0.loss_dice: 1.3697  decode.d1.loss_cls: 0.4631  decode.d1.loss_mask: 1.0618  decode.d1.loss_dice: 1.3417  decode.d2.loss_cls: 0.3961  decode.d2.loss_mask: 1.0517  decode.d2.loss_dice: 1.3020  decode.d3.loss_cls: 0.3289  decode.d3.loss_mask: 1.0532  decode.d3.loss_dice: 1.2797  decode.d4.loss_cls: 0.2871  decode.d4.loss_mask: 1.0613  decode.d4.loss_dice: 1.2863  decode.d5.loss_cls: 0.2953  decode.d5.loss_mask: 1.0502  decode.d5.loss_dice: 1.2877  decode.d6.loss_cls: 0.3172  decode.d6.loss_mask: 1.0451  decode.d6.loss_dice: 1.2744  decode.d7.loss_cls: 0.2978  decode.d7.loss_mask: 1.0520  decode.d7.loss_dice: 1.2715  decode.d8.loss_cls: 0.3096  decode.d8.loss_mask: 1.0474  decode.d8.loss_dice: 1.2799
2026/06/17 05:32:30 - mmengine - INFO - Iter(train) [14100/20000]  base_lr: 3.5755e-05 lr: 3.5755e-05  eta: 5:55:10  time: 3.6151  data_time: 0.0337  memory: 8724  grad_norm: 137.7697  loss: 27.5671  decode.loss_cls: 0.2768  decode.loss_mask: 1.1283  decode.loss_dice: 1.2847  decode.d0.loss_cls: 0.6553  decode.d0.loss_mask: 1.1655  decode.d0.loss_dice: 1.3683  decode.d1.loss_cls: 0.3617  decode.d1.loss_mask: 1.1443  decode.d1.loss_dice: 1.3261  decode.d2.loss_cls: 0.2585  decode.d2.loss_mask: 1.1305  decode.d2.loss_dice: 1.2986  decode.d3.loss_cls: 0.2914  decode.d3.loss_mask: 1.1327  decode.d3.loss_dice: 1.2778  decode.d4.loss_cls: 0.2684  decode.d4.loss_mask: 1.1305  decode.d4.loss_dice: 1.2880  decode.d5.loss_cls: 0.2722  decode.d5.loss_mask: 1.1332  decode.d5.loss_dice: 1.2954  decode.d6.loss_cls: 0.2891  decode.d6.loss_mask: 1.1302  decode.d6.loss_dice: 1.2857  decode.d7.loss_cls: 0.2649  decode.d7.loss_mask: 1.1342  decode.d7.loss_dice: 1.2953  decode.d8.loss_cls: 0.2688  decode.d8.loss_mask: 1.1261  decode.d8.loss_dice: 1.2843
2026/06/17 05:35:30 - mmengine - INFO - Iter(train) [14150/20000]  base_lr: 3.5482e-05 lr: 3.5482e-05  eta: 5:52:10  time: 3.6150  data_time: 0.0339  memory: 8724  grad_norm: 185.0930  loss: 27.6517  decode.loss_cls: 0.1534  decode.loss_mask: 1.2086  decode.loss_dice: 1.2963  decode.d0.loss_cls: 0.5605  decode.d0.loss_mask: 1.2564  decode.d0.loss_dice: 1.4186  decode.d1.loss_cls: 0.3294  decode.d1.loss_mask: 1.2295  decode.d1.loss_dice: 1.3735  decode.d2.loss_cls: 0.2610  decode.d2.loss_mask: 1.2173  decode.d2.loss_dice: 1.3281  decode.d3.loss_cls: 0.1970  decode.d3.loss_mask: 1.2069  decode.d3.loss_dice: 1.3059  decode.d4.loss_cls: 0.1561  decode.d4.loss_mask: 1.2079  decode.d4.loss_dice: 1.3102  decode.d5.loss_cls: 0.1478  decode.d5.loss_mask: 1.2111  decode.d5.loss_dice: 1.3025  decode.d6.loss_cls: 0.1577  decode.d6.loss_mask: 1.2092  decode.d6.loss_dice: 1.3012  decode.d7.loss_cls: 0.1320  decode.d7.loss_mask: 1.2126  decode.d7.loss_dice: 1.3047  decode.d8.loss_cls: 0.1473  decode.d8.loss_mask: 1.2087  decode.d8.loss_dice: 1.3002
2026/06/17 05:38:31 - mmengine - INFO - Iter(train) [14200/20000]  base_lr: 3.5209e-05 lr: 3.5209e-05  eta: 5:49:09  time: 3.6104  data_time: 0.0340  memory: 8724  grad_norm: 159.4905  loss: 25.4827  decode.loss_cls: 0.1783  decode.loss_mask: 1.0836  decode.loss_dice: 1.1887  decode.d0.loss_cls: 0.6608  decode.d0.loss_mask: 1.1067  decode.d0.loss_dice: 1.3092  decode.d1.loss_cls: 0.3623  decode.d1.loss_mask: 1.0934  decode.d1.loss_dice: 1.2564  decode.d2.loss_cls: 0.2063  decode.d2.loss_mask: 1.0695  decode.d2.loss_dice: 1.2207  decode.d3.loss_cls: 0.2194  decode.d3.loss_mask: 1.0647  decode.d3.loss_dice: 1.1949  decode.d4.loss_cls: 0.2021  decode.d4.loss_mask: 1.0658  decode.d4.loss_dice: 1.1907  decode.d5.loss_cls: 0.1854  decode.d5.loss_mask: 1.0718  decode.d5.loss_dice: 1.1930  decode.d6.loss_cls: 0.1811  decode.d6.loss_mask: 1.0681  decode.d6.loss_dice: 1.1816  decode.d7.loss_cls: 0.2141  decode.d7.loss_mask: 1.0735  decode.d7.loss_dice: 1.1790  decode.d8.loss_cls: 0.2026  decode.d8.loss_mask: 1.0742  decode.d8.loss_dice: 1.1850
2026/06/17 05:41:32 - mmengine - INFO - Iter(train) [14250/20000]  base_lr: 3.4936e-05 lr: 3.4936e-05  eta: 5:46:09  time: 3.6142  data_time: 0.0344  memory: 8724  grad_norm: 122.3161  loss: 25.1995  decode.loss_cls: 0.1213  decode.loss_mask: 1.0846  decode.loss_dice: 1.2081  decode.d0.loss_cls: 0.5371  decode.d0.loss_mask: 1.1169  decode.d0.loss_dice: 1.3297  decode.d1.loss_cls: 0.3336  decode.d1.loss_mask: 1.1059  decode.d1.loss_dice: 1.2585  decode.d2.loss_cls: 0.1829  decode.d2.loss_mask: 1.0954  decode.d2.loss_dice: 1.2398  decode.d3.loss_cls: 0.1393  decode.d3.loss_mask: 1.0901  decode.d3.loss_dice: 1.2266  decode.d4.loss_cls: 0.1305  decode.d4.loss_mask: 1.0899  decode.d4.loss_dice: 1.2222  decode.d5.loss_cls: 0.1274  decode.d5.loss_mask: 1.0837  decode.d5.loss_dice: 1.2103  decode.d6.loss_cls: 0.1234  decode.d6.loss_mask: 1.0944  decode.d6.loss_dice: 1.2133  decode.d7.loss_cls: 0.1138  decode.d7.loss_mask: 1.0900  decode.d7.loss_dice: 1.2131  decode.d8.loss_cls: 0.1214  decode.d8.loss_mask: 1.0863  decode.d8.loss_dice: 1.2100
2026/06/17 05:44:32 - mmengine - INFO - Iter(train) [14300/20000]  base_lr: 3.4662e-05 lr: 3.4662e-05  eta: 5:43:08  time: 3.6156  data_time: 0.0342  memory: 8724  grad_norm: 119.9102  loss: 24.6099  decode.loss_cls: 0.1370  decode.loss_mask: 1.0651  decode.loss_dice: 1.1652  decode.d0.loss_cls: 0.5518  decode.d0.loss_mask: 1.1068  decode.d0.loss_dice: 1.2838  decode.d1.loss_cls: 0.2888  decode.d1.loss_mask: 1.0796  decode.d1.loss_dice: 1.2016  decode.d2.loss_cls: 0.2364  decode.d2.loss_mask: 1.0654  decode.d2.loss_dice: 1.1878  decode.d3.loss_cls: 0.1589  decode.d3.loss_mask: 1.0525  decode.d3.loss_dice: 1.1649  decode.d4.loss_cls: 0.1568  decode.d4.loss_mask: 1.0531  decode.d4.loss_dice: 1.1675  decode.d5.loss_cls: 0.1536  decode.d5.loss_mask: 1.0658  decode.d5.loss_dice: 1.1669  decode.d6.loss_cls: 0.1433  decode.d6.loss_mask: 1.0698  decode.d6.loss_dice: 1.1546  decode.d7.loss_cls: 0.1506  decode.d7.loss_mask: 1.0693  decode.d7.loss_dice: 1.1577  decode.d8.loss_cls: 0.1218  decode.d8.loss_mask: 1.0702  decode.d8.loss_dice: 1.1634
2026/06/17 05:47:33 - mmengine - INFO - Iter(train) [14350/20000]  base_lr: 3.4388e-05 lr: 3.4388e-05  eta: 5:40:07  time: 3.6112  data_time: 0.0337  memory: 8724  grad_norm: 154.3962  loss: 27.8796  decode.loss_cls: 0.1771  decode.loss_mask: 1.1829  decode.loss_dice: 1.3102  decode.d0.loss_cls: 0.7062  decode.d0.loss_mask: 1.2434  decode.d0.loss_dice: 1.4416  decode.d1.loss_cls: 0.3318  decode.d1.loss_mask: 1.2112  decode.d1.loss_dice: 1.3826  decode.d2.loss_cls: 0.2427  decode.d2.loss_mask: 1.1885  decode.d2.loss_dice: 1.3166  decode.d3.loss_cls: 0.2526  decode.d3.loss_mask: 1.1831  decode.d3.loss_dice: 1.2912  decode.d4.loss_cls: 0.2026  decode.d4.loss_mask: 1.1886  decode.d4.loss_dice: 1.3023  decode.d5.loss_cls: 0.1900  decode.d5.loss_mask: 1.1927  decode.d5.loss_dice: 1.3011  decode.d6.loss_cls: 0.1746  decode.d6.loss_mask: 1.1964  decode.d6.loss_dice: 1.3174  decode.d7.loss_cls: 0.2005  decode.d7.loss_mask: 1.1820  decode.d7.loss_dice: 1.2988  decode.d8.loss_cls: 0.1726  decode.d8.loss_mask: 1.1878  decode.d8.loss_dice: 1.3105
2026/06/17 05:50:34 - mmengine - INFO - Iter(train) [14400/20000]  base_lr: 3.4114e-05 lr: 3.4114e-05  eta: 5:37:07  time: 3.6172  data_time: 0.0344  memory: 8724  grad_norm: 129.2780  loss: 23.6855  decode.loss_cls: 0.1619  decode.loss_mask: 1.0645  decode.loss_dice: 1.0668  decode.d0.loss_cls: 0.5601  decode.d0.loss_mask: 1.0887  decode.d0.loss_dice: 1.1463  decode.d1.loss_cls: 0.3154  decode.d1.loss_mask: 1.0569  decode.d1.loss_dice: 1.0958  decode.d2.loss_cls: 0.1998  decode.d2.loss_mask: 1.0598  decode.d2.loss_dice: 1.0837  decode.d3.loss_cls: 0.1883  decode.d3.loss_mask: 1.0588  decode.d3.loss_dice: 1.0706  decode.d4.loss_cls: 0.1612  decode.d4.loss_mask: 1.0599  decode.d4.loss_dice: 1.0732  decode.d5.loss_cls: 0.1617  decode.d5.loss_mask: 1.0657  decode.d5.loss_dice: 1.0756  decode.d6.loss_cls: 0.1595  decode.d6.loss_mask: 1.0689  decode.d6.loss_dice: 1.0702  decode.d7.loss_cls: 0.1503  decode.d7.loss_mask: 1.0610  decode.d7.loss_dice: 1.0627  decode.d8.loss_cls: 0.1560  decode.d8.loss_mask: 1.0677  decode.d8.loss_dice: 1.0743
2026/06/17 05:53:34 - mmengine - INFO - Iter(train) [14450/20000]  base_lr: 3.3840e-05 lr: 3.3840e-05  eta: 5:34:06  time: 3.6160  data_time: 0.0336  memory: 8724  grad_norm: 169.4480  loss: 26.2395  decode.loss_cls: 0.1715  decode.loss_mask: 1.1179  decode.loss_dice: 1.2271  decode.d0.loss_cls: 0.6339  decode.d0.loss_mask: 1.1605  decode.d0.loss_dice: 1.3370  decode.d1.loss_cls: 0.3420  decode.d1.loss_mask: 1.1391  decode.d1.loss_dice: 1.2926  decode.d2.loss_cls: 0.2260  decode.d2.loss_mask: 1.1273  decode.d2.loss_dice: 1.2388  decode.d3.loss_cls: 0.2187  decode.d3.loss_mask: 1.1243  decode.d3.loss_dice: 1.2293  decode.d4.loss_cls: 0.1957  decode.d4.loss_mask: 1.1200  decode.d4.loss_dice: 1.2283  decode.d5.loss_cls: 0.1645  decode.d5.loss_mask: 1.1269  decode.d5.loss_dice: 1.2347  decode.d6.loss_cls: 0.1792  decode.d6.loss_mask: 1.1209  decode.d6.loss_dice: 1.2246  decode.d7.loss_cls: 0.1940  decode.d7.loss_mask: 1.1194  decode.d7.loss_dice: 1.2277  decode.d8.loss_cls: 0.1628  decode.d8.loss_mask: 1.1181  decode.d8.loss_dice: 1.2366
2026/06/17 05:56:35 - mmengine - INFO - Iter(train) [14500/20000]  base_lr: 3.3565e-05 lr: 3.3565e-05  eta: 5:31:06  time: 3.6096  data_time: 0.0340  memory: 8724  grad_norm: 192.7257  loss: 25.0481  decode.loss_cls: 0.1749  decode.loss_mask: 1.0786  decode.loss_dice: 1.1598  decode.d0.loss_cls: 0.6882  decode.d0.loss_mask: 1.1195  decode.d0.loss_dice: 1.2416  decode.d1.loss_cls: 0.3675  decode.d1.loss_mask: 1.0845  decode.d1.loss_dice: 1.2071  decode.d2.loss_cls: 0.2072  decode.d2.loss_mask: 1.0746  decode.d2.loss_dice: 1.1823  decode.d3.loss_cls: 0.1516  decode.d3.loss_mask: 1.0810  decode.d3.loss_dice: 1.1851  decode.d4.loss_cls: 0.1531  decode.d4.loss_mask: 1.0747  decode.d4.loss_dice: 1.1768  decode.d5.loss_cls: 0.1754  decode.d5.loss_mask: 1.0709  decode.d5.loss_dice: 1.1668  decode.d6.loss_cls: 0.1789  decode.d6.loss_mask: 1.0805  decode.d6.loss_dice: 1.1662  decode.d7.loss_cls: 0.1638  decode.d7.loss_mask: 1.0786  decode.d7.loss_dice: 1.1658  decode.d8.loss_cls: 0.1556  decode.d8.loss_mask: 1.0803  decode.d8.loss_dice: 1.1572
2026/06/17 05:59:36 - mmengine - INFO - Iter(train) [14550/20000]  base_lr: 3.3291e-05 lr: 3.3291e-05  eta: 5:28:05  time: 3.6094  data_time: 0.0342  memory: 8724  grad_norm: 151.3364  loss: 24.6722  decode.loss_cls: 0.1521  decode.loss_mask: 1.1124  decode.loss_dice: 1.1237  decode.d0.loss_cls: 0.5124  decode.d0.loss_mask: 1.1499  decode.d0.loss_dice: 1.2197  decode.d1.loss_cls: 0.2255  decode.d1.loss_mask: 1.1343  decode.d1.loss_dice: 1.1848  decode.d2.loss_cls: 0.1776  decode.d2.loss_mask: 1.1252  decode.d2.loss_dice: 1.1546  decode.d3.loss_cls: 0.1715  decode.d3.loss_mask: 1.1136  decode.d3.loss_dice: 1.1366  decode.d4.loss_cls: 0.1580  decode.d4.loss_mask: 1.1120  decode.d4.loss_dice: 1.1333  decode.d5.loss_cls: 0.1531  decode.d5.loss_mask: 1.1095  decode.d5.loss_dice: 1.1328  decode.d6.loss_cls: 0.1500  decode.d6.loss_mask: 1.1092  decode.d6.loss_dice: 1.1232  decode.d7.loss_cls: 0.1545  decode.d7.loss_mask: 1.1065  decode.d7.loss_dice: 1.1281  decode.d8.loss_cls: 0.1558  decode.d8.loss_mask: 1.1170  decode.d8.loss_dice: 1.1353
2026/06/17 06:02:36 - mmengine - INFO - Iter(train) [14600/20000]  base_lr: 3.3016e-05 lr: 3.3016e-05  eta: 5:25:04  time: 3.6127  data_time: 0.0342  memory: 8724  grad_norm: 176.4049  loss: 27.0326  decode.loss_cls: 0.1490  decode.loss_mask: 1.1531  decode.loss_dice: 1.2506  decode.d0.loss_cls: 0.6111  decode.d0.loss_mask: 1.2275  decode.d0.loss_dice: 1.4006  decode.d1.loss_cls: 0.4154  decode.d1.loss_mask: 1.1844  decode.d1.loss_dice: 1.3260  decode.d2.loss_cls: 0.2832  decode.d2.loss_mask: 1.1665  decode.d2.loss_dice: 1.3026  decode.d3.loss_cls: 0.2009  decode.d3.loss_mask: 1.1578  decode.d3.loss_dice: 1.2625  decode.d4.loss_cls: 0.1925  decode.d4.loss_mask: 1.1623  decode.d4.loss_dice: 1.2701  decode.d5.loss_cls: 0.1586  decode.d5.loss_mask: 1.1686  decode.d5.loss_dice: 1.2708  decode.d6.loss_cls: 0.1610  decode.d6.loss_mask: 1.1638  decode.d6.loss_dice: 1.2549  decode.d7.loss_cls: 0.1685  decode.d7.loss_mask: 1.1597  decode.d7.loss_dice: 1.2578  decode.d8.loss_cls: 0.1497  decode.d8.loss_mask: 1.1564  decode.d8.loss_dice: 1.2468
2026/06/17 06:05:37 - mmengine - INFO - Iter(train) [14650/20000]  base_lr: 3.2740e-05 lr: 3.2740e-05  eta: 5:22:04  time: 3.6107  data_time: 0.0338  memory: 8724  grad_norm: 140.2276  loss: 26.9553  decode.loss_cls: 0.1150  decode.loss_mask: 1.1792  decode.loss_dice: 1.2966  decode.d0.loss_cls: 0.6210  decode.d0.loss_mask: 1.2152  decode.d0.loss_dice: 1.3731  decode.d1.loss_cls: 0.3119  decode.d1.loss_mask: 1.2078  decode.d1.loss_dice: 1.3406  decode.d2.loss_cls: 0.2147  decode.d2.loss_mask: 1.1804  decode.d2.loss_dice: 1.3202  decode.d3.loss_cls: 0.1568  decode.d3.loss_mask: 1.1704  decode.d3.loss_dice: 1.2845  decode.d4.loss_cls: 0.1391  decode.d4.loss_mask: 1.1691  decode.d4.loss_dice: 1.2854  decode.d5.loss_cls: 0.1408  decode.d5.loss_mask: 1.1692  decode.d5.loss_dice: 1.2827  decode.d6.loss_cls: 0.1427  decode.d6.loss_mask: 1.1758  decode.d6.loss_dice: 1.2816  decode.d7.loss_cls: 0.1166  decode.d7.loss_mask: 1.1764  decode.d7.loss_dice: 1.2934  decode.d8.loss_cls: 0.1182  decode.d8.loss_mask: 1.1781  decode.d8.loss_dice: 1.2987
2026/06/17 06:08:37 - mmengine - INFO - Iter(train) [14700/20000]  base_lr: 3.2465e-05 lr: 3.2465e-05  eta: 5:19:03  time: 3.6110  data_time: 0.0347  memory: 8724  grad_norm: 138.0745  loss: 22.5785  decode.loss_cls: 0.1799  decode.loss_mask: 0.9318  decode.loss_dice: 1.0561  decode.d0.loss_cls: 0.5947  decode.d0.loss_mask: 0.9829  decode.d0.loss_dice: 1.1938  decode.d1.loss_cls: 0.3017  decode.d1.loss_mask: 0.9483  decode.d1.loss_dice: 1.1253  decode.d2.loss_cls: 0.2242  decode.d2.loss_mask: 0.9305  decode.d2.loss_dice: 1.0738  decode.d3.loss_cls: 0.2141  decode.d3.loss_mask: 0.9308  decode.d3.loss_dice: 1.0600  decode.d4.loss_cls: 0.1923  decode.d4.loss_mask: 0.9322  decode.d4.loss_dice: 1.0599  decode.d5.loss_cls: 0.1685  decode.d5.loss_mask: 0.9258  decode.d5.loss_dice: 1.0645  decode.d6.loss_cls: 0.1864  decode.d6.loss_mask: 0.9312  decode.d6.loss_dice: 1.0522  decode.d7.loss_cls: 0.1918  decode.d7.loss_mask: 0.9276  decode.d7.loss_dice: 1.0545  decode.d8.loss_cls: 0.1559  decode.d8.loss_mask: 0.9278  decode.d8.loss_dice: 1.0601
2026/06/17 06:11:38 - mmengine - INFO - Iter(train) [14750/20000]  base_lr: 3.2189e-05 lr: 3.2189e-05  eta: 5:16:03  time: 3.6103  data_time: 0.0333  memory: 8724  grad_norm: 141.6249  loss: 26.3155  decode.loss_cls: 0.1098  decode.loss_mask: 1.1896  decode.loss_dice: 1.2220  decode.d0.loss_cls: 0.5526  decode.d0.loss_mask: 1.2422  decode.d0.loss_dice: 1.3704  decode.d1.loss_cls: 0.2741  decode.d1.loss_mask: 1.2175  decode.d1.loss_dice: 1.2771  decode.d2.loss_cls: 0.1946  decode.d2.loss_mask: 1.2061  decode.d2.loss_dice: 1.2268  decode.d3.loss_cls: 0.1577  decode.d3.loss_mask: 1.1995  decode.d3.loss_dice: 1.2193  decode.d4.loss_cls: 0.1320  decode.d4.loss_mask: 1.1972  decode.d4.loss_dice: 1.2126  decode.d5.loss_cls: 0.1365  decode.d5.loss_mask: 1.1874  decode.d5.loss_dice: 1.2123  decode.d6.loss_cls: 0.1080  decode.d6.loss_mask: 1.1971  decode.d6.loss_dice: 1.2205  decode.d7.loss_cls: 0.1220  decode.d7.loss_mask: 1.1998  decode.d7.loss_dice: 1.2198  decode.d8.loss_cls: 0.0930  decode.d8.loss_mask: 1.1983  decode.d8.loss_dice: 1.2196
2026/06/17 06:14:39 - mmengine - INFO - Iter(train) [14800/20000]  base_lr: 3.1913e-05 lr: 3.1913e-05  eta: 5:13:02  time: 3.6117  data_time: 0.0341  memory: 8724  grad_norm: 150.9343  loss: 25.7897  decode.loss_cls: 0.2462  decode.loss_mask: 1.0478  decode.loss_dice: 1.2137  decode.d0.loss_cls: 0.5922  decode.d0.loss_mask: 1.0806  decode.d0.loss_dice: 1.3403  decode.d1.loss_cls: 0.3220  decode.d1.loss_mask: 1.0491  decode.d1.loss_dice: 1.2880  decode.d2.loss_cls: 0.3073  decode.d2.loss_mask: 1.0403  decode.d2.loss_dice: 1.2507  decode.d3.loss_cls: 0.2519  decode.d3.loss_mask: 1.0458  decode.d3.loss_dice: 1.2270  decode.d4.loss_cls: 0.2417  decode.d4.loss_mask: 1.0446  decode.d4.loss_dice: 1.2207  decode.d5.loss_cls: 0.2231  decode.d5.loss_mask: 1.0415  decode.d5.loss_dice: 1.2177  decode.d6.loss_cls: 0.2271  decode.d6.loss_mask: 1.0418  decode.d6.loss_dice: 1.2237  decode.d7.loss_cls: 0.2101  decode.d7.loss_mask: 1.0486  decode.d7.loss_dice: 1.2295  decode.d8.loss_cls: 0.2354  decode.d8.loss_mask: 1.0486  decode.d8.loss_dice: 1.2328
2026/06/17 06:17:39 - mmengine - INFO - Iter(train) [14850/20000]  base_lr: 3.1637e-05 lr: 3.1637e-05  eta: 5:10:02  time: 3.6123  data_time: 0.0346  memory: 8724  grad_norm: 170.2798  loss: 25.8805  decode.loss_cls: 0.1599  decode.loss_mask: 1.1780  decode.loss_dice: 1.1558  decode.d0.loss_cls: 0.5774  decode.d0.loss_mask: 1.2205  decode.d0.loss_dice: 1.2733  decode.d1.loss_cls: 0.2957  decode.d1.loss_mask: 1.2138  decode.d1.loss_dice: 1.2233  decode.d2.loss_cls: 0.1999  decode.d2.loss_mask: 1.1985  decode.d2.loss_dice: 1.1987  decode.d3.loss_cls: 0.1583  decode.d3.loss_mask: 1.1819  decode.d3.loss_dice: 1.1772  decode.d4.loss_cls: 0.1577  decode.d4.loss_mask: 1.1830  decode.d4.loss_dice: 1.1726  decode.d5.loss_cls: 0.1521  decode.d5.loss_mask: 1.1788  decode.d5.loss_dice: 1.1719  decode.d6.loss_cls: 0.1474  decode.d6.loss_mask: 1.1746  decode.d6.loss_dice: 1.1545  decode.d7.loss_cls: 0.1496  decode.d7.loss_mask: 1.1764  decode.d7.loss_dice: 1.1619  decode.d8.loss_cls: 0.1435  decode.d8.loss_mask: 1.1818  decode.d8.loss_dice: 1.1626
2026/06/17 06:20:40 - mmengine - INFO - Iter(train) [14900/20000]  base_lr: 3.1360e-05 lr: 3.1360e-05  eta: 5:07:01  time: 3.6160  data_time: 0.0349  memory: 8724  grad_norm: 150.5470  loss: 23.6874  decode.loss_cls: 0.1030  decode.loss_mask: 1.0663  decode.loss_dice: 1.0712  decode.d0.loss_cls: 0.6156  decode.d0.loss_mask: 1.0867  decode.d0.loss_dice: 1.1825  decode.d1.loss_cls: 0.3279  decode.d1.loss_mask: 1.0789  decode.d1.loss_dice: 1.1281  decode.d2.loss_cls: 0.1878  decode.d2.loss_mask: 1.0538  decode.d2.loss_dice: 1.0972  decode.d3.loss_cls: 0.1556  decode.d3.loss_mask: 1.0686  decode.d3.loss_dice: 1.0886  decode.d4.loss_cls: 0.1412  decode.d4.loss_mask: 1.0695  decode.d4.loss_dice: 1.0865  decode.d5.loss_cls: 0.1112  decode.d5.loss_mask: 1.0725  decode.d5.loss_dice: 1.1050  decode.d6.loss_cls: 0.1167  decode.d6.loss_mask: 1.0705  decode.d6.loss_dice: 1.0810  decode.d7.loss_cls: 0.1062  decode.d7.loss_mask: 1.0689  decode.d7.loss_dice: 1.0843  decode.d8.loss_cls: 0.1116  decode.d8.loss_mask: 1.0629  decode.d8.loss_dice: 1.0876
2026/06/17 06:23:41 - mmengine - INFO - Iter(train) [14950/20000]  base_lr: 3.1083e-05 lr: 3.1083e-05  eta: 5:04:00  time: 3.6128  data_time: 0.0347  memory: 8724  grad_norm: 165.1415  loss: 24.9903  decode.loss_cls: 0.1152  decode.loss_mask: 1.0878  decode.loss_dice: 1.1999  decode.d0.loss_cls: 0.5480  decode.d0.loss_mask: 1.1447  decode.d0.loss_dice: 1.2742  decode.d1.loss_cls: 0.2781  decode.d1.loss_mask: 1.1207  decode.d1.loss_dice: 1.2238  decode.d2.loss_cls: 0.1881  decode.d2.loss_mask: 1.0929  decode.d2.loss_dice: 1.2025  decode.d3.loss_cls: 0.1652  decode.d3.loss_mask: 1.0853  decode.d3.loss_dice: 1.1935  decode.d4.loss_cls: 0.1555  decode.d4.loss_mask: 1.0851  decode.d4.loss_dice: 1.1954  decode.d5.loss_cls: 0.1221  decode.d5.loss_mask: 1.0851  decode.d5.loss_dice: 1.2102  decode.d6.loss_cls: 0.1245  decode.d6.loss_mask: 1.0862  decode.d6.loss_dice: 1.1971  decode.d7.loss_cls: 0.1155  decode.d7.loss_mask: 1.0848  decode.d7.loss_dice: 1.2033  decode.d8.loss_cls: 0.1166  decode.d8.loss_mask: 1.0827  decode.d8.loss_dice: 1.2063
2026/06/17 06:26:41 - mmengine - INFO - Exp name: dinov3l_m2f_pastis_temporal_v4_20260616_144812
2026/06/17 06:26:42 - mmengine - INFO - Iter(train) [15000/20000]  base_lr: 3.0806e-05 lr: 3.0806e-05  eta: 5:01:00  time: 3.6100  data_time: 0.0343  memory: 8724  grad_norm: 157.1506  loss: 22.5154  decode.loss_cls: 0.0986  decode.loss_mask: 0.9976  decode.loss_dice: 1.0434  decode.d0.loss_cls: 0.6655  decode.d0.loss_mask: 1.0293  decode.d0.loss_dice: 1.1337  decode.d1.loss_cls: 0.3200  decode.d1.loss_mask: 1.0143  decode.d1.loss_dice: 1.0749  decode.d2.loss_cls: 0.1646  decode.d2.loss_mask: 1.0107  decode.d2.loss_dice: 1.0666  decode.d3.loss_cls: 0.1459  decode.d3.loss_mask: 0.9974  decode.d3.loss_dice: 1.0462  decode.d4.loss_cls: 0.0981  decode.d4.loss_mask: 0.9993  decode.d4.loss_dice: 1.0484  decode.d5.loss_cls: 0.0835  decode.d5.loss_mask: 1.0018  decode.d5.loss_dice: 1.0442  decode.d6.loss_cls: 0.1070  decode.d6.loss_mask: 1.0003  decode.d6.loss_dice: 1.0422  decode.d7.loss_cls: 0.0981  decode.d7.loss_mask: 0.9988  decode.d7.loss_dice: 1.0390  decode.d8.loss_cls: 0.1012  decode.d8.loss_mask: 0.9998  decode.d8.loss_dice: 1.0453
2026/06/17 06:27:41 - mmengine - INFO - Iter(val) [ 50/121]    eta: 0:01:25  time: 1.1900  data_time: 0.0264  memory: 6229  
2026/06/17 06:28:41 - mmengine - INFO - Iter(val) [100/121]    eta: 0:00:25  time: 1.1893  data_time: 0.0263  memory: 6229  
2026/06/17 06:29:05 - mmengine - INFO - per class results:
2026/06/17 06:29:05 - mmengine - INFO - 
+---------+-------+-------+
|  Class  |  IoU  |  Acc  |
+---------+-------+-------+
|  crop_1 | 72.91 | 85.56 |
|  crop_2 | 62.02 | 75.81 |
|  crop_3 | 79.17 | 89.06 |
|  crop_4 | 84.68 |  93.2 |
|  crop_5 | 75.18 | 83.47 |
|  crop_6 |  83.9 | 89.31 |
|  crop_7 | 47.51 | 59.85 |
|  crop_8 |  66.8 | 74.62 |
|  crop_9 | 41.27 | 49.43 |
| crop_10 | 85.91 | 91.29 |
| crop_11 | 38.33 | 59.66 |
| crop_12 | 54.71 | 82.92 |
| crop_13 | 34.21 | 49.79 |
| crop_14 | 44.04 | 67.28 |
| crop_15 | 39.41 | 53.38 |
| crop_16 |  74.4 | 84.87 |
| crop_17 | 39.58 | 53.08 |
| crop_18 | 22.37 |  34.1 |
| crop_19 |  29.6 | 41.78 |
+---------+-------+-------+
2026/06/17 06:29:05 - mmengine - INFO - Iter(val) [121/121]    aAcc: 81.3300  mIoU: 56.6300  mAcc: 69.3900  data_time: 0.0293  time: 1.1839
2026/06/17 06:32:05 - mmengine - INFO - Iter(train) [15050/20000]  base_lr: 3.0529e-05 lr: 3.0529e-05  eta: 4:57:59  time: 3.5557  data_time: 0.0347  memory: 8724  grad_norm: 151.0538  loss: 25.4704  decode.loss_cls: 0.1490  decode.loss_mask: 1.1106  decode.loss_dice: 1.1674  decode.d0.loss_cls: 0.7644  decode.d0.loss_mask: 1.1464  decode.d0.loss_dice: 1.2505  decode.d1.loss_cls: 0.3944  decode.d1.loss_mask: 1.1245  decode.d1.loss_dice: 1.1914  decode.d2.loss_cls: 0.2080  decode.d2.loss_mask: 1.1186  decode.d2.loss_dice: 1.1696  decode.d3.loss_cls: 0.1935  decode.d3.loss_mask: 1.1125  decode.d3.loss_dice: 1.1685  decode.d4.loss_cls: 0.1602  decode.d4.loss_mask: 1.1161  decode.d4.loss_dice: 1.1622  decode.d5.loss_cls: 0.1649  decode.d5.loss_mask: 1.1140  decode.d5.loss_dice: 1.1485  decode.d6.loss_cls: 0.1799  decode.d6.loss_mask: 1.1169  decode.d6.loss_dice: 1.1602  decode.d7.loss_cls: 0.1554  decode.d7.loss_mask: 1.1202  decode.d7.loss_dice: 1.1648  decode.d8.loss_cls: 0.1718  decode.d8.loss_mask: 1.1081  decode.d8.loss_dice: 1.1581
2026/06/17 06:35:07 - mmengine - INFO - Iter(train) [15100/20000]  base_lr: 3.0251e-05 lr: 3.0251e-05  eta: 4:54:59  time: 3.6348  data_time: 0.0344  memory: 8724  grad_norm: 147.5721  loss: 23.0133  decode.loss_cls: 0.0906  decode.loss_mask: 1.0510  decode.loss_dice: 1.0791  decode.d0.loss_cls: 0.4985  decode.d0.loss_mask: 1.1002  decode.d0.loss_dice: 1.1605  decode.d1.loss_cls: 0.2548  decode.d1.loss_mask: 1.0634  decode.d1.loss_dice: 1.1122  decode.d2.loss_cls: 0.1263  decode.d2.loss_mask: 1.0579  decode.d2.loss_dice: 1.0929  decode.d3.loss_cls: 0.0938  decode.d3.loss_mask: 1.0531  decode.d3.loss_dice: 1.0867  decode.d4.loss_cls: 0.0987  decode.d4.loss_mask: 1.0480  decode.d4.loss_dice: 1.0775  decode.d5.loss_cls: 0.1043  decode.d5.loss_mask: 1.0466  decode.d5.loss_dice: 1.0722  decode.d6.loss_cls: 0.0985  decode.d6.loss_mask: 1.0496  decode.d6.loss_dice: 1.0662  decode.d7.loss_cls: 0.0972  decode.d7.loss_mask: 1.0470  decode.d7.loss_dice: 1.0730  decode.d8.loss_cls: 0.0936  decode.d8.loss_mask: 1.0477  decode.d8.loss_dice: 1.0721
2026/06/17 06:38:09 - mmengine - INFO - Iter(train) [15150/20000]  base_lr: 2.9973e-05 lr: 2.9973e-05  eta: 4:51:59  time: 3.6324  data_time: 0.0324  memory: 8724  grad_norm: 127.4015  loss: 22.6439  decode.loss_cls: 0.0695  decode.loss_mask: 0.9954  decode.loss_dice: 1.0941  decode.d0.loss_cls: 0.5286  decode.d0.loss_mask: 1.0326  decode.d0.loss_dice: 1.1748  decode.d1.loss_cls: 0.2552  decode.d1.loss_mask: 1.0085  decode.d1.loss_dice: 1.1286  decode.d2.loss_cls: 0.1722  decode.d2.loss_mask: 1.0106  decode.d2.loss_dice: 1.0936  decode.d3.loss_cls: 0.0941  decode.d3.loss_mask: 0.9980  decode.d3.loss_dice: 1.0900  decode.d4.loss_cls: 0.0873  decode.d4.loss_mask: 1.0008  decode.d4.loss_dice: 1.0944  decode.d5.loss_cls: 0.1014  decode.d5.loss_mask: 0.9986  decode.d5.loss_dice: 1.0938  decode.d6.loss_cls: 0.0933  decode.d6.loss_mask: 1.0054  decode.d6.loss_dice: 1.0955  decode.d7.loss_cls: 0.0846  decode.d7.loss_mask: 1.0022  decode.d7.loss_dice: 1.0918  decode.d8.loss_cls: 0.0642  decode.d8.loss_mask: 0.9964  decode.d8.loss_dice: 1.0883
2026/06/17 06:41:11 - mmengine - INFO - Iter(train) [15200/20000]  base_lr: 2.9695e-05 lr: 2.9695e-05  eta: 4:48:58  time: 3.6388  data_time: 0.0343  memory: 8724  grad_norm: 166.7146  loss: 24.4630  decode.loss_cls: 0.1541  decode.loss_mask: 1.0618  decode.loss_dice: 1.1214  decode.d0.loss_cls: 0.5770  decode.d0.loss_mask: 1.0886  decode.d0.loss_dice: 1.2566  decode.d1.loss_cls: 0.3319  decode.d1.loss_mask: 1.0720  decode.d1.loss_dice: 1.1864  decode.d2.loss_cls: 0.2350  decode.d2.loss_mask: 1.0649  decode.d2.loss_dice: 1.1468  decode.d3.loss_cls: 0.2181  decode.d3.loss_mask: 1.0557  decode.d3.loss_dice: 1.1297  decode.d4.loss_cls: 0.1740  decode.d4.loss_mask: 1.0641  decode.d4.loss_dice: 1.1403  decode.d5.loss_cls: 0.1610  decode.d5.loss_mask: 1.0591  decode.d5.loss_dice: 1.1400  decode.d6.loss_cls: 0.1471  decode.d6.loss_mask: 1.0637  decode.d6.loss_dice: 1.1348  decode.d7.loss_cls: 0.1525  decode.d7.loss_mask: 1.0616  decode.d7.loss_dice: 1.1292  decode.d8.loss_cls: 0.1536  decode.d8.loss_mask: 1.0605  decode.d8.loss_dice: 1.1214
2026/06/17 06:44:13 - mmengine - INFO - Iter(train) [15250/20000]  base_lr: 2.9416e-05 lr: 2.9416e-05  eta: 4:45:58  time: 3.6369  data_time: 0.0338  memory: 8724  grad_norm: 163.9826  loss: 24.7473  decode.loss_cls: 0.1986  decode.loss_mask: 1.0174  decode.loss_dice: 1.1536  decode.d0.loss_cls: 0.5445  decode.d0.loss_mask: 1.0640  decode.d0.loss_dice: 1.3021  decode.d1.loss_cls: 0.3396  decode.d1.loss_mask: 1.0365  decode.d1.loss_dice: 1.2422  decode.d2.loss_cls: 0.2517  decode.d2.loss_mask: 1.0307  decode.d2.loss_dice: 1.1996  decode.d3.loss_cls: 0.2388  decode.d3.loss_mask: 1.0265  decode.d3.loss_dice: 1.1697  decode.d4.loss_cls: 0.2028  decode.d4.loss_mask: 1.0303  decode.d4.loss_dice: 1.1777  decode.d5.loss_cls: 0.1954  decode.d5.loss_mask: 1.0216  decode.d5.loss_dice: 1.1793  decode.d6.loss_cls: 0.1936  decode.d6.loss_mask: 1.0182  decode.d6.loss_dice: 1.1625  decode.d7.loss_cls: 0.1890  decode.d7.loss_mask: 1.0241  decode.d7.loss_dice: 1.1677  decode.d8.loss_cls: 0.1922  decode.d8.loss_mask: 1.0199  decode.d8.loss_dice: 1.1575
2026/06/17 06:47:13 - mmengine - INFO - Iter(train) [15300/20000]  base_lr: 2.9138e-05 lr: 2.9138e-05  eta: 4:42:57  time: 3.6164  data_time: 0.0337  memory: 8724  grad_norm: 139.1135  loss: 25.5157  decode.loss_cls: 0.1347  decode.loss_mask: 1.1303  decode.loss_dice: 1.1912  decode.d0.loss_cls: 0.6509  decode.d0.loss_mask: 1.1699  decode.d0.loss_dice: 1.2843  decode.d1.loss_cls: 0.2844  decode.d1.loss_mask: 1.1448  decode.d1.loss_dice: 1.2435  decode.d2.loss_cls: 0.1773  decode.d2.loss_mask: 1.1378  decode.d2.loss_dice: 1.2211  decode.d3.loss_cls: 0.1536  decode.d3.loss_mask: 1.1324  decode.d3.loss_dice: 1.1907  decode.d4.loss_cls: 0.1545  decode.d4.loss_mask: 1.1347  decode.d4.loss_dice: 1.1941  decode.d5.loss_cls: 0.1473  decode.d5.loss_mask: 1.1288  decode.d5.loss_dice: 1.1899  decode.d6.loss_cls: 0.1353  decode.d6.loss_mask: 1.1340  decode.d6.loss_dice: 1.1861  decode.d7.loss_cls: 0.1228  decode.d7.loss_mask: 1.1318  decode.d7.loss_dice: 1.1861  decode.d8.loss_cls: 0.1108  decode.d8.loss_mask: 1.1262  decode.d8.loss_dice: 1.1864
2026/06/17 06:50:14 - mmengine - INFO - Iter(train) [15350/20000]  base_lr: 2.8859e-05 lr: 2.8859e-05  eta: 4:39:57  time: 3.6059  data_time: 0.0335  memory: 8724  grad_norm: 122.9744  loss: 23.7943  decode.loss_cls: 0.1414  decode.loss_mask: 1.0335  decode.loss_dice: 1.0836  decode.d0.loss_cls: 0.7184  decode.d0.loss_mask: 1.0851  decode.d0.loss_dice: 1.1727  decode.d1.loss_cls: 0.3506  decode.d1.loss_mask: 1.0589  decode.d1.loss_dice: 1.1413  decode.d2.loss_cls: 0.2268  decode.d2.loss_mask: 1.0528  decode.d2.loss_dice: 1.1128  decode.d3.loss_cls: 0.1543  decode.d3.loss_mask: 1.0454  decode.d3.loss_dice: 1.1198  decode.d4.loss_cls: 0.1160  decode.d4.loss_mask: 1.0413  decode.d4.loss_dice: 1.1021  decode.d5.loss_cls: 0.1048  decode.d5.loss_mask: 1.0432  decode.d5.loss_dice: 1.1064  decode.d6.loss_cls: 0.1078  decode.d6.loss_mask: 1.0401  decode.d6.loss_dice: 1.1111  decode.d7.loss_cls: 0.1055  decode.d7.loss_mask: 1.0429  decode.d7.loss_dice: 1.1040  decode.d8.loss_cls: 0.1315  decode.d8.loss_mask: 1.0421  decode.d8.loss_dice: 1.0981
2026/06/17 06:53:14 - mmengine - INFO - Iter(train) [15400/20000]  base_lr: 2.8579e-05 lr: 2.8579e-05  eta: 4:36:56  time: 3.6160  data_time: 0.0344  memory: 8724  grad_norm: 99.3812  loss: 22.3550  decode.loss_cls: 0.1131  decode.loss_mask: 1.0121  decode.loss_dice: 1.0310  decode.d0.loss_cls: 0.4948  decode.d0.loss_mask: 1.0578  decode.d0.loss_dice: 1.1378  decode.d1.loss_cls: 0.2300  decode.d1.loss_mask: 1.0297  decode.d1.loss_dice: 1.1003  decode.d2.loss_cls: 0.1293  decode.d2.loss_mask: 1.0185  decode.d2.loss_dice: 1.0577  decode.d3.loss_cls: 0.1103  decode.d3.loss_mask: 1.0201  decode.d3.loss_dice: 1.0453  decode.d4.loss_cls: 0.0988  decode.d4.loss_mask: 1.0207  decode.d4.loss_dice: 1.0439  decode.d5.loss_cls: 0.0859  decode.d5.loss_mask: 1.0178  decode.d5.loss_dice: 1.0419  decode.d6.loss_cls: 0.0900  decode.d6.loss_mask: 1.0199  decode.d6.loss_dice: 1.0421  decode.d7.loss_cls: 0.1039  decode.d7.loss_mask: 1.0105  decode.d7.loss_dice: 1.0369  decode.d8.loss_cls: 0.0984  decode.d8.loss_mask: 1.0136  decode.d8.loss_dice: 1.0427
2026/06/17 06:56:15 - mmengine - INFO - Iter(train) [15450/20000]  base_lr: 2.8299e-05 lr: 2.8299e-05  eta: 4:33:56  time: 3.6159  data_time: 0.0345  memory: 8724  grad_norm: 148.6261  loss: 25.3297  decode.loss_cls: 0.1502  decode.loss_mask: 1.1092  decode.loss_dice: 1.1972  decode.d0.loss_cls: 0.5270  decode.d0.loss_mask: 1.1511  decode.d0.loss_dice: 1.3246  decode.d1.loss_cls: 0.2503  decode.d1.loss_mask: 1.1265  decode.d1.loss_dice: 1.2484  decode.d2.loss_cls: 0.1843  decode.d2.loss_mask: 1.1045  decode.d2.loss_dice: 1.2147  decode.d3.loss_cls: 0.1723  decode.d3.loss_mask: 1.1042  decode.d3.loss_dice: 1.2060  decode.d4.loss_cls: 0.1493  decode.d4.loss_mask: 1.1030  decode.d4.loss_dice: 1.2110  decode.d5.loss_cls: 0.1628  decode.d5.loss_mask: 1.0954  decode.d5.loss_dice: 1.1946  decode.d6.loss_cls: 0.1601  decode.d6.loss_mask: 1.1015  decode.d6.loss_dice: 1.1936  decode.d7.loss_cls: 0.1615  decode.d7.loss_mask: 1.0970  decode.d7.loss_dice: 1.1896  decode.d8.loss_cls: 0.1468  decode.d8.loss_mask: 1.0988  decode.d8.loss_dice: 1.1942
2026/06/17 06:59:16 - mmengine - INFO - Iter(train) [15500/20000]  base_lr: 2.8019e-05 lr: 2.8019e-05  eta: 4:30:55  time: 3.6106  data_time: 0.0336  memory: 8724  grad_norm: 140.9296  loss: 23.6099  decode.loss_cls: 0.0639  decode.loss_mask: 1.0517  decode.loss_dice: 1.1682  decode.d0.loss_cls: 0.5082  decode.d0.loss_mask: 1.1058  decode.d0.loss_dice: 1.2171  decode.d1.loss_cls: 0.1688  decode.d1.loss_mask: 1.0706  decode.d1.loss_dice: 1.1848  decode.d2.loss_cls: 0.0890  decode.d2.loss_mask: 1.0630  decode.d2.loss_dice: 1.1800  decode.d3.loss_cls: 0.0923  decode.d3.loss_mask: 1.0587  decode.d3.loss_dice: 1.1514  decode.d4.loss_cls: 0.1022  decode.d4.loss_mask: 1.0539  decode.d4.loss_dice: 1.1498  decode.d5.loss_cls: 0.0715  decode.d5.loss_mask: 1.0523  decode.d5.loss_dice: 1.1634  decode.d6.loss_cls: 0.0633  decode.d6.loss_mask: 1.0551  decode.d6.loss_dice: 1.1626  decode.d7.loss_cls: 0.0620  decode.d7.loss_mask: 1.0483  decode.d7.loss_dice: 1.1642  decode.d8.loss_cls: 0.0689  decode.d8.loss_mask: 1.0502  decode.d8.loss_dice: 1.1688
2026/06/17 07:02:16 - mmengine - INFO - Iter(train) [15550/20000]  base_lr: 2.7739e-05 lr: 2.7739e-05  eta: 4:27:54  time: 3.6109  data_time: 0.0341  memory: 8724  grad_norm: 137.4088  loss: 24.9972  decode.loss_cls: 0.1066  decode.loss_mask: 1.0804  decode.loss_dice: 1.1864  decode.d0.loss_cls: 0.5439  decode.d0.loss_mask: 1.1155  decode.d0.loss_dice: 1.3107  decode.d1.loss_cls: 0.2948  decode.d1.loss_mask: 1.0836  decode.d1.loss_dice: 1.2522  decode.d2.loss_cls: 0.1866  decode.d2.loss_mask: 1.0770  decode.d2.loss_dice: 1.2125  decode.d3.loss_cls: 0.1944  decode.d3.loss_mask: 1.0766  decode.d3.loss_dice: 1.1995  decode.d4.loss_cls: 0.1429  decode.d4.loss_mask: 1.0723  decode.d4.loss_dice: 1.2013  decode.d5.loss_cls: 0.1656  decode.d5.loss_mask: 1.0798  decode.d5.loss_dice: 1.1948  decode.d6.loss_cls: 0.1650  decode.d6.loss_mask: 1.0743  decode.d6.loss_dice: 1.1920  decode.d7.loss_cls: 0.1259  decode.d7.loss_mask: 1.0745  decode.d7.loss_dice: 1.2039  decode.d8.loss_cls: 0.1008  decode.d8.loss_mask: 1.0787  decode.d8.loss_dice: 1.2047
2026/06/17 07:05:17 - mmengine - INFO - Iter(train) [15600/20000]  base_lr: 2.7458e-05 lr: 2.7458e-05  eta: 4:24:54  time: 3.6154  data_time: 0.0339  memory: 8724  grad_norm: 117.8907  loss: 24.0746  decode.loss_cls: 0.0952  decode.loss_mask: 1.0401  decode.loss_dice: 1.1856  decode.d0.loss_cls: 0.5135  decode.d0.loss_mask: 1.0767  decode.d0.loss_dice: 1.2696  decode.d1.loss_cls: 0.3009  decode.d1.loss_mask: 1.0503  decode.d1.loss_dice: 1.2089  decode.d2.loss_cls: 0.1486  decode.d2.loss_mask: 1.0479  decode.d2.loss_dice: 1.2081  decode.d3.loss_cls: 0.1101  decode.d3.loss_mask: 1.0449  decode.d3.loss_dice: 1.1880  decode.d4.loss_cls: 0.1020  decode.d4.loss_mask: 1.0375  decode.d4.loss_dice: 1.1850  decode.d5.loss_cls: 0.0932  decode.d5.loss_mask: 1.0378  decode.d5.loss_dice: 1.1837  decode.d6.loss_cls: 0.0880  decode.d6.loss_mask: 1.0376  decode.d6.loss_dice: 1.1902  decode.d7.loss_cls: 0.0914  decode.d7.loss_mask: 1.0355  decode.d7.loss_dice: 1.1872  decode.d8.loss_cls: 0.0884  decode.d8.loss_mask: 1.0364  decode.d8.loss_dice: 1.1922
2026/06/17 07:08:17 - mmengine - INFO - Iter(train) [15650/20000]  base_lr: 2.7177e-05 lr: 2.7177e-05  eta: 4:21:53  time: 3.6100  data_time: 0.0348  memory: 8724  grad_norm: 136.4886  loss: 24.6337  decode.loss_cls: 0.1397  decode.loss_mask: 1.0655  decode.loss_dice: 1.1639  decode.d0.loss_cls: 0.4904  decode.d0.loss_mask: 1.1201  decode.d0.loss_dice: 1.2661  decode.d1.loss_cls: 0.2972  decode.d1.loss_mask: 1.0817  decode.d1.loss_dice: 1.2000  decode.d2.loss_cls: 0.2468  decode.d2.loss_mask: 1.0640  decode.d2.loss_dice: 1.1812  decode.d3.loss_cls: 0.1516  decode.d3.loss_mask: 1.0694  decode.d3.loss_dice: 1.1860  decode.d4.loss_cls: 0.1664  decode.d4.loss_mask: 1.0696  decode.d4.loss_dice: 1.1739  decode.d5.loss_cls: 0.1513  decode.d5.loss_mask: 1.0691  decode.d5.loss_dice: 1.1659  decode.d6.loss_cls: 0.1302  decode.d6.loss_mask: 1.0648  decode.d6.loss_dice: 1.1654  decode.d7.loss_cls: 0.1475  decode.d7.loss_mask: 1.0645  decode.d7.loss_dice: 1.1664  decode.d8.loss_cls: 0.1368  decode.d8.loss_mask: 1.0657  decode.d8.loss_dice: 1.1722
2026/06/17 07:11:18 - mmengine - INFO - Iter(train) [15700/20000]  base_lr: 2.6896e-05 lr: 2.6896e-05  eta: 4:18:53  time: 3.6099  data_time: 0.0339  memory: 8724  grad_norm: 137.4795  loss: 22.6851  decode.loss_cls: 0.0924  decode.loss_mask: 1.0083  decode.loss_dice: 1.0666  decode.d0.loss_cls: 0.5504  decode.d0.loss_mask: 1.0560  decode.d0.loss_dice: 1.1472  decode.d1.loss_cls: 0.2997  decode.d1.loss_mask: 1.0256  decode.d1.loss_dice: 1.0980  decode.d2.loss_cls: 0.1453  decode.d2.loss_mask: 1.0237  decode.d2.loss_dice: 1.0846  decode.d3.loss_cls: 0.0904  decode.d3.loss_mask: 1.0193  decode.d3.loss_dice: 1.0717  decode.d4.loss_cls: 0.1175  decode.d4.loss_mask: 1.0193  decode.d4.loss_dice: 1.0668  decode.d5.loss_cls: 0.1155  decode.d5.loss_mask: 1.0092  decode.d5.loss_dice: 1.0650  decode.d6.loss_cls: 0.0891  decode.d6.loss_mask: 1.0158  decode.d6.loss_dice: 1.0717  decode.d7.loss_cls: 0.0913  decode.d7.loss_mask: 1.0110  decode.d7.loss_dice: 1.0618  decode.d8.loss_cls: 0.0996  decode.d8.loss_mask: 1.0071  decode.d8.loss_dice: 1.0649
2026/06/17 07:14:19 - mmengine - INFO - Iter(train) [15750/20000]  base_lr: 2.6614e-05 lr: 2.6614e-05  eta: 4:15:52  time: 3.6150  data_time: 0.0358  memory: 8724  grad_norm: 176.0238  loss: 25.8846  decode.loss_cls: 0.1145  decode.loss_mask: 1.1515  decode.loss_dice: 1.2301  decode.d0.loss_cls: 0.5764  decode.d0.loss_mask: 1.1922  decode.d0.loss_dice: 1.3266  decode.d1.loss_cls: 0.2485  decode.d1.loss_mask: 1.1753  decode.d1.loss_dice: 1.2749  decode.d2.loss_cls: 0.1583  decode.d2.loss_mask: 1.1571  decode.d2.loss_dice: 1.2399  decode.d3.loss_cls: 0.1425  decode.d3.loss_mask: 1.1419  decode.d3.loss_dice: 1.2382  decode.d4.loss_cls: 0.1276  decode.d4.loss_mask: 1.1446  decode.d4.loss_dice: 1.2369  decode.d5.loss_cls: 0.1290  decode.d5.loss_mask: 1.1493  decode.d5.loss_dice: 1.2259  decode.d6.loss_cls: 0.1287  decode.d6.loss_mask: 1.1529  decode.d6.loss_dice: 1.2283  decode.d7.loss_cls: 0.1245  decode.d7.loss_mask: 1.1510  decode.d7.loss_dice: 1.2266  decode.d8.loss_cls: 0.1140  decode.d8.loss_mask: 1.1493  decode.d8.loss_dice: 1.2282
2026/06/17 07:17:19 - mmengine - INFO - Iter(train) [15800/20000]  base_lr: 2.6332e-05 lr: 2.6332e-05  eta: 4:12:51  time: 3.6105  data_time: 0.0355  memory: 8724  grad_norm: 161.0020  loss: 22.7525  decode.loss_cls: 0.0780  decode.loss_mask: 1.0298  decode.loss_dice: 1.0435  decode.d0.loss_cls: 0.6589  decode.d0.loss_mask: 1.0645  decode.d0.loss_dice: 1.1485  decode.d1.loss_cls: 0.2796  decode.d1.loss_mask: 1.0402  decode.d1.loss_dice: 1.1026  decode.d2.loss_cls: 0.1508  decode.d2.loss_mask: 1.0422  decode.d2.loss_dice: 1.0804  decode.d3.loss_cls: 0.1156  decode.d3.loss_mask: 1.0288  decode.d3.loss_dice: 1.0512  decode.d4.loss_cls: 0.0993  decode.d4.loss_mask: 1.0289  decode.d4.loss_dice: 1.0503  decode.d5.loss_cls: 0.0860  decode.d5.loss_mask: 1.0371  decode.d5.loss_dice: 1.0549  decode.d6.loss_cls: 0.0820  decode.d6.loss_mask: 1.0361  decode.d6.loss_dice: 1.0462  decode.d7.loss_cls: 0.0777  decode.d7.loss_mask: 1.0340  decode.d7.loss_dice: 1.0445  decode.d8.loss_cls: 0.0784  decode.d8.loss_mask: 1.0342  decode.d8.loss_dice: 1.0486
2026/06/17 07:20:20 - mmengine - INFO - Iter(train) [15850/20000]  base_lr: 2.6050e-05 lr: 2.6050e-05  eta: 4:09:51  time: 3.6083  data_time: 0.0360  memory: 8724  grad_norm: 125.2578  loss: 23.7058  decode.loss_cls: 0.1047  decode.loss_mask: 1.0448  decode.loss_dice: 1.1499  decode.d0.loss_cls: 0.5133  decode.d0.loss_mask: 1.0790  decode.d0.loss_dice: 1.2098  decode.d1.loss_cls: 0.2505  decode.d1.loss_mask: 1.0551  decode.d1.loss_dice: 1.1795  decode.d2.loss_cls: 0.1295  decode.d2.loss_mask: 1.0485  decode.d2.loss_dice: 1.1669  decode.d3.loss_cls: 0.1110  decode.d3.loss_mask: 1.0462  decode.d3.loss_dice: 1.1494  decode.d4.loss_cls: 0.1021  decode.d4.loss_mask: 1.0446  decode.d4.loss_dice: 1.1594  decode.d5.loss_cls: 0.0923  decode.d5.loss_mask: 1.0406  decode.d5.loss_dice: 1.1605  decode.d6.loss_cls: 0.0987  decode.d6.loss_mask: 1.0399  decode.d6.loss_dice: 1.1503  decode.d7.loss_cls: 0.1000  decode.d7.loss_mask: 1.0385  decode.d7.loss_dice: 1.1506  decode.d8.loss_cls: 0.0943  decode.d8.loss_mask: 1.0433  decode.d8.loss_dice: 1.1525
2026/06/17 07:23:20 - mmengine - INFO - Iter(train) [15900/20000]  base_lr: 2.5767e-05 lr: 2.5767e-05  eta: 4:06:50  time: 3.6163  data_time: 0.0357  memory: 8724  grad_norm: 166.3960  loss: 25.4954  decode.loss_cls: 0.1316  decode.loss_mask: 1.1156  decode.loss_dice: 1.1800  decode.d0.loss_cls: 0.6107  decode.d0.loss_mask: 1.1751  decode.d0.loss_dice: 1.2875  decode.d1.loss_cls: 0.3889  decode.d1.loss_mask: 1.1442  decode.d1.loss_dice: 1.2258  decode.d2.loss_cls: 0.2166  decode.d2.loss_mask: 1.1282  decode.d2.loss_dice: 1.2119  decode.d3.loss_cls: 0.1577  decode.d3.loss_mask: 1.1262  decode.d3.loss_dice: 1.1906  decode.d4.loss_cls: 0.1320  decode.d4.loss_mask: 1.1330  decode.d4.loss_dice: 1.1885  decode.d5.loss_cls: 0.1269  decode.d5.loss_mask: 1.1215  decode.d5.loss_dice: 1.1819  decode.d6.loss_cls: 0.1518  decode.d6.loss_mask: 1.1207  decode.d6.loss_dice: 1.1881  decode.d7.loss_cls: 0.1076  decode.d7.loss_mask: 1.1243  decode.d7.loss_dice: 1.1905  decode.d8.loss_cls: 0.1359  decode.d8.loss_mask: 1.1253  decode.d8.loss_dice: 1.1768
2026/06/17 07:26:21 - mmengine - INFO - Iter(train) [15950/20000]  base_lr: 2.5484e-05 lr: 2.5484e-05  eta: 4:03:50  time: 3.6182  data_time: 0.0351  memory: 8724  grad_norm: 145.2237  loss: 23.2063  decode.loss_cls: 0.1083  decode.loss_mask: 0.9810  decode.loss_dice: 1.1468  decode.d0.loss_cls: 0.5282  decode.d0.loss_mask: 1.0268  decode.d0.loss_dice: 1.2579  decode.d1.loss_cls: 0.2848  decode.d1.loss_mask: 0.9988  decode.d1.loss_dice: 1.1965  decode.d2.loss_cls: 0.1849  decode.d2.loss_mask: 0.9840  decode.d2.loss_dice: 1.1498  decode.d3.loss_cls: 0.1123  decode.d3.loss_mask: 0.9801  decode.d3.loss_dice: 1.1463  decode.d4.loss_cls: 0.1126  decode.d4.loss_mask: 0.9843  decode.d4.loss_dice: 1.1395  decode.d5.loss_cls: 0.1055  decode.d5.loss_mask: 0.9818  decode.d5.loss_dice: 1.1354  decode.d6.loss_cls: 0.1029  decode.d6.loss_mask: 0.9788  decode.d6.loss_dice: 1.1359  decode.d7.loss_cls: 0.1018  decode.d7.loss_mask: 0.9769  decode.d7.loss_dice: 1.1353  decode.d8.loss_cls: 0.1107  decode.d8.loss_mask: 0.9766  decode.d8.loss_dice: 1.1419
2026/06/17 07:29:22 - mmengine - INFO - Exp name: dinov3l_m2f_pastis_temporal_v4_20260616_144812
2026/06/17 07:29:22 - mmengine - INFO - Iter(train) [16000/20000]  base_lr: 2.5201e-05 lr: 2.5201e-05  eta: 4:00:49  time: 3.6154  data_time: 0.0346  memory: 8724  grad_norm: 122.5533  loss: 25.1152  decode.loss_cls: 0.0996  decode.loss_mask: 1.1000  decode.loss_dice: 1.2236  decode.d0.loss_cls: 0.5779  decode.d0.loss_mask: 1.1386  decode.d0.loss_dice: 1.2974  decode.d1.loss_cls: 0.2840  decode.d1.loss_mask: 1.0990  decode.d1.loss_dice: 1.2516  decode.d2.loss_cls: 0.1742  decode.d2.loss_mask: 1.0906  decode.d2.loss_dice: 1.2363  decode.d3.loss_cls: 0.1448  decode.d3.loss_mask: 1.0914  decode.d3.loss_dice: 1.2174  decode.d4.loss_cls: 0.1311  decode.d4.loss_mask: 1.0914  decode.d4.loss_dice: 1.2271  decode.d5.loss_cls: 0.0933  decode.d5.loss_mask: 1.0932  decode.d5.loss_dice: 1.2228  decode.d6.loss_cls: 0.1135  decode.d6.loss_mask: 1.0988  decode.d6.loss_dice: 1.2276  decode.d7.loss_cls: 0.0813  decode.d7.loss_mask: 1.0936  decode.d7.loss_dice: 1.2230  decode.d8.loss_cls: 0.0752  decode.d8.loss_mask: 1.0966  decode.d8.loss_dice: 1.2203
2026/06/17 07:29:22 - mmengine - INFO - Saving checkpoint at 16000 iterations
2026/06/17 07:30:35 - mmengine - INFO - Iter(val) [ 50/121]    eta: 0:01:25  time: 1.1929  data_time: 0.0269  memory: 6229  
2026/06/17 07:31:34 - mmengine - INFO - Iter(val) [100/121]    eta: 0:00:25  time: 1.1914  data_time: 0.0264  memory: 6229  
2026/06/17 07:31:59 - mmengine - INFO - per class results:
2026/06/17 07:31:59 - mmengine - INFO - 
+---------+-------+-------+
|  Class  |  IoU  |  Acc  |
+---------+-------+-------+
|  crop_1 | 72.78 | 82.99 |
|  crop_2 | 63.12 |  79.2 |
|  crop_3 | 78.99 | 88.86 |
|  crop_4 | 84.85 |  92.3 |
|  crop_5 | 75.63 | 82.62 |
|  crop_6 | 85.22 | 93.38 |
|  crop_7 | 49.63 | 64.55 |
|  crop_8 | 64.24 | 76.94 |
|  crop_9 |  50.4 | 69.92 |
| crop_10 | 85.68 | 92.95 |
| crop_11 | 39.92 | 59.58 |
| crop_12 | 54.22 | 77.56 |
| crop_13 | 38.91 | 61.59 |
| crop_14 | 51.27 |  65.2 |
| crop_15 | 39.28 | 53.66 |
| crop_16 | 71.45 | 86.45 |
| crop_17 | 39.51 | 52.51 |
| crop_18 |  32.8 |  52.5 |
| crop_19 | 30.07 |  40.6 |
+---------+-------+-------+
2026/06/17 07:31:59 - mmengine - INFO - Iter(val) [121/121]    aAcc: 81.6200  mIoU: 58.3100  mAcc: 72.2800  data_time: 0.0298  time: 1.1855
2026/06/17 07:31:59 - mmengine - INFO - The previous best checkpoint /mnt/ht2-nas2/00-model/00-fb/mmseg_dino/work_dirs/dinov3l_m2f_pastis_temporal_v4/best_mIoU_iter_11000.pth is removed
2026/06/17 07:32:07 - mmengine - INFO - The best checkpoint with 58.3100 mIoU at 16000 iter is saved to best_mIoU_iter_16000.pth.
2026/06/17 07:35:18 - mmengine - INFO - Iter(train) [16050/20000]  base_lr: 2.4917e-05 lr: 2.4917e-05  eta: 3:57:53  time: 3.6144  data_time: 0.0347  memory: 8724  grad_norm: 118.1084  loss: 22.8957  decode.loss_cls: 0.1103  decode.loss_mask: 1.0121  decode.loss_dice: 1.1017  decode.d0.loss_cls: 0.5031  decode.d0.loss_mask: 1.0690  decode.d0.loss_dice: 1.2044  decode.d1.loss_cls: 0.2175  decode.d1.loss_mask: 1.0335  decode.d1.loss_dice: 1.1714  decode.d2.loss_cls: 0.0979  decode.d2.loss_mask: 1.0193  decode.d2.loss_dice: 1.1289  decode.d3.loss_cls: 0.0912  decode.d3.loss_mask: 1.0221  decode.d3.loss_dice: 1.1167  decode.d4.loss_cls: 0.0741  decode.d4.loss_mask: 1.0178  decode.d4.loss_dice: 1.1174  decode.d5.loss_cls: 0.0585  decode.d5.loss_mask: 1.0187  decode.d5.loss_dice: 1.1137  decode.d6.loss_cls: 0.0542  decode.d6.loss_mask: 1.0200  decode.d6.loss_dice: 1.1146  decode.d7.loss_cls: 0.0749  decode.d7.loss_mask: 1.0214  decode.d7.loss_dice: 1.1111  decode.d8.loss_cls: 0.0715  decode.d8.loss_mask: 1.0195  decode.d8.loss_dice: 1.1093
2026/06/17 07:38:19 - mmengine - INFO - Iter(train) [16100/20000]  base_lr: 2.4633e-05 lr: 2.4633e-05  eta: 3:54:52  time: 3.6116  data_time: 0.0351  memory: 8724  grad_norm: 125.8797  loss: 22.1717  decode.loss_cls: 0.1279  decode.loss_mask: 0.9834  decode.loss_dice: 1.0003  decode.d0.loss_cls: 0.5279  decode.d0.loss_mask: 1.0178  decode.d0.loss_dice: 1.1153  decode.d1.loss_cls: 0.2792  decode.d1.loss_mask: 0.9972  decode.d1.loss_dice: 1.0370  decode.d2.loss_cls: 0.2029  decode.d2.loss_mask: 0.9901  decode.d2.loss_dice: 1.0239  decode.d3.loss_cls: 0.1717  decode.d3.loss_mask: 0.9866  decode.d3.loss_dice: 1.0121  decode.d4.loss_cls: 0.1535  decode.d4.loss_mask: 0.9846  decode.d4.loss_dice: 1.0070  decode.d5.loss_cls: 0.1661  decode.d5.loss_mask: 0.9847  decode.d5.loss_dice: 1.0112  decode.d6.loss_cls: 0.1389  decode.d6.loss_mask: 0.9805  decode.d6.loss_dice: 1.0117  decode.d7.loss_cls: 0.1498  decode.d7.loss_mask: 0.9788  decode.d7.loss_dice: 1.0053  decode.d8.loss_cls: 0.1451  decode.d8.loss_mask: 0.9797  decode.d8.loss_dice: 1.0014
2026/06/17 07:41:19 - mmengine - INFO - Iter(train) [16150/20000]  base_lr: 2.4349e-05 lr: 2.4349e-05  eta: 3:51:52  time: 3.6096  data_time: 0.0341  memory: 8724  grad_norm: 154.0357  loss: 21.6570  decode.loss_cls: 0.0751  decode.loss_mask: 0.9630  decode.loss_dice: 1.0305  decode.d0.loss_cls: 0.5375  decode.d0.loss_mask: 0.9987  decode.d0.loss_dice: 1.1216  decode.d1.loss_cls: 0.2224  decode.d1.loss_mask: 0.9867  decode.d1.loss_dice: 1.0885  decode.d2.loss_cls: 0.1176  decode.d2.loss_mask: 0.9698  decode.d2.loss_dice: 1.0493  decode.d3.loss_cls: 0.0977  decode.d3.loss_mask: 0.9645  decode.d3.loss_dice: 1.0363  decode.d4.loss_cls: 0.0879  decode.d4.loss_mask: 0.9595  decode.d4.loss_dice: 1.0424  decode.d5.loss_cls: 0.0779  decode.d5.loss_mask: 0.9617  decode.d5.loss_dice: 1.0366  decode.d6.loss_cls: 0.0910  decode.d6.loss_mask: 0.9591  decode.d6.loss_dice: 1.0327  decode.d7.loss_cls: 0.0861  decode.d7.loss_mask: 0.9636  decode.d7.loss_dice: 1.0294  decode.d8.loss_cls: 0.0730  decode.d8.loss_mask: 0.9614  decode.d8.loss_dice: 1.0356
2026/06/17 07:44:20 - mmengine - INFO - Iter(train) [16200/20000]  base_lr: 2.4064e-05 lr: 2.4064e-05  eta: 3:48:51  time: 3.6133  data_time: 0.0345  memory: 8724  grad_norm: 123.4918  loss: 22.9778  decode.loss_cls: 0.0992  decode.loss_mask: 1.0026  decode.loss_dice: 1.0883  decode.d0.loss_cls: 0.6072  decode.d0.loss_mask: 1.0479  decode.d0.loss_dice: 1.1739  decode.d1.loss_cls: 0.2728  decode.d1.loss_mask: 1.0178  decode.d1.loss_dice: 1.1279  decode.d2.loss_cls: 0.1785  decode.d2.loss_mask: 1.0094  decode.d2.loss_dice: 1.0961  decode.d3.loss_cls: 0.1435  decode.d3.loss_mask: 1.0066  decode.d3.loss_dice: 1.0680  decode.d4.loss_cls: 0.1300  decode.d4.loss_mask: 1.0075  decode.d4.loss_dice: 1.0789  decode.d5.loss_cls: 0.1094  decode.d5.loss_mask: 1.0123  decode.d5.loss_dice: 1.0715  decode.d6.loss_cls: 0.1168  decode.d6.loss_mask: 1.0125  decode.d6.loss_dice: 1.0834  decode.d7.loss_cls: 0.1151  decode.d7.loss_mask: 1.0111  decode.d7.loss_dice: 1.0913  decode.d8.loss_cls: 0.1001  decode.d8.loss_mask: 1.0080  decode.d8.loss_dice: 1.0902
2026/06/17 07:47:20 - mmengine - INFO - Iter(train) [16250/20000]  base_lr: 2.3779e-05 lr: 2.3779e-05  eta: 3:45:50  time: 3.6116  data_time: 0.0341  memory: 8724  grad_norm: 120.4179  loss: 22.4990  decode.loss_cls: 0.1152  decode.loss_mask: 0.9849  decode.loss_dice: 1.0613  decode.d0.loss_cls: 0.4961  decode.d0.loss_mask: 1.0316  decode.d0.loss_dice: 1.1595  decode.d1.loss_cls: 0.2765  decode.d1.loss_mask: 0.9941  decode.d1.loss_dice: 1.0881  decode.d2.loss_cls: 0.1533  decode.d2.loss_mask: 0.9861  decode.d2.loss_dice: 1.0659  decode.d3.loss_cls: 0.1366  decode.d3.loss_mask: 0.9946  decode.d3.loss_dice: 1.0685  decode.d4.loss_cls: 0.1305  decode.d4.loss_mask: 0.9880  decode.d4.loss_dice: 1.0587  decode.d5.loss_cls: 0.1252  decode.d5.loss_mask: 0.9853  decode.d5.loss_dice: 1.0625  decode.d6.loss_cls: 0.1370  decode.d6.loss_mask: 0.9878  decode.d6.loss_dice: 1.0653  decode.d7.loss_cls: 0.1219  decode.d7.loss_mask: 0.9887  decode.d7.loss_dice: 1.0634  decode.d8.loss_cls: 0.1236  decode.d8.loss_mask: 0.9868  decode.d8.loss_dice: 1.0618
2026/06/17 07:50:21 - mmengine - INFO - Iter(train) [16300/20000]  base_lr: 2.3494e-05 lr: 2.3494e-05  eta: 3:42:49  time: 3.6114  data_time: 0.0345  memory: 8724  grad_norm: 132.3669  loss: 24.3521  decode.loss_cls: 0.0679  decode.loss_mask: 1.0978  decode.loss_dice: 1.1534  decode.d0.loss_cls: 0.5557  decode.d0.loss_mask: 1.1508  decode.d0.loss_dice: 1.2230  decode.d1.loss_cls: 0.2467  decode.d1.loss_mask: 1.1271  decode.d1.loss_dice: 1.1893  decode.d2.loss_cls: 0.1622  decode.d2.loss_mask: 1.1110  decode.d2.loss_dice: 1.1775  decode.d3.loss_cls: 0.1140  decode.d3.loss_mask: 1.1081  decode.d3.loss_dice: 1.1541  decode.d4.loss_cls: 0.1058  decode.d4.loss_mask: 1.1074  decode.d4.loss_dice: 1.1569  decode.d5.loss_cls: 0.0690  decode.d5.loss_mask: 1.1057  decode.d5.loss_dice: 1.1643  decode.d6.loss_cls: 0.0691  decode.d6.loss_mask: 1.1002  decode.d6.loss_dice: 1.1598  decode.d7.loss_cls: 0.0893  decode.d7.loss_mask: 1.0983  decode.d7.loss_dice: 1.1570  decode.d8.loss_cls: 0.0742  decode.d8.loss_mask: 1.0997  decode.d8.loss_dice: 1.1567
2026/06/17 07:53:22 - mmengine - INFO - Iter(train) [16350/20000]  base_lr: 2.3208e-05 lr: 2.3208e-05  eta: 3:39:49  time: 3.6087  data_time: 0.0346  memory: 8724  grad_norm: 200.7786  loss: 24.9483  decode.loss_cls: 0.1231  decode.loss_mask: 1.1042  decode.loss_dice: 1.1710  decode.d0.loss_cls: 0.5603  decode.d0.loss_mask: 1.1560  decode.d0.loss_dice: 1.2529  decode.d1.loss_cls: 0.2150  decode.d1.loss_mask: 1.1262  decode.d1.loss_dice: 1.1956  decode.d2.loss_cls: 0.1727  decode.d2.loss_mask: 1.1212  decode.d2.loss_dice: 1.1884  decode.d3.loss_cls: 0.1482  decode.d3.loss_mask: 1.1033  decode.d3.loss_dice: 1.1770  decode.d4.loss_cls: 0.1178  decode.d4.loss_mask: 1.1171  decode.d4.loss_dice: 1.1917  decode.d5.loss_cls: 0.1234  decode.d5.loss_mask: 1.1114  decode.d5.loss_dice: 1.1850  decode.d6.loss_cls: 0.1273  decode.d6.loss_mask: 1.1101  decode.d6.loss_dice: 1.1842  decode.d7.loss_cls: 0.1625  decode.d7.loss_mask: 1.0979  decode.d7.loss_dice: 1.1680  decode.d8.loss_cls: 0.1548  decode.d8.loss_mask: 1.1087  decode.d8.loss_dice: 1.1733
2026/06/17 07:56:22 - mmengine - INFO - Iter(train) [16400/20000]  base_lr: 2.2921e-05 lr: 2.2921e-05  eta: 3:36:48  time: 3.6065  data_time: 0.0339  memory: 8724  grad_norm: 138.2709  loss: 21.3277  decode.loss_cls: 0.0636  decode.loss_mask: 0.9896  decode.loss_dice: 0.9887  decode.d0.loss_cls: 0.5662  decode.d0.loss_mask: 1.0044  decode.d0.loss_dice: 1.0874  decode.d1.loss_cls: 0.2426  decode.d1.loss_mask: 0.9966  decode.d1.loss_dice: 1.0169  decode.d2.loss_cls: 0.1032  decode.d2.loss_mask: 0.9889  decode.d2.loss_dice: 1.0094  decode.d3.loss_cls: 0.1007  decode.d3.loss_mask: 0.9814  decode.d3.loss_dice: 0.9816  decode.d4.loss_cls: 0.0914  decode.d4.loss_mask: 0.9752  decode.d4.loss_dice: 0.9834  decode.d5.loss_cls: 0.0766  decode.d5.loss_mask: 0.9842  decode.d5.loss_dice: 0.9858  decode.d6.loss_cls: 0.0653  decode.d6.loss_mask: 0.9897  decode.d6.loss_dice: 0.9874  decode.d7.loss_cls: 0.0606  decode.d7.loss_mask: 0.9862  decode.d7.loss_dice: 0.9860  decode.d8.loss_cls: 0.0626  decode.d8.loss_mask: 0.9863  decode.d8.loss_dice: 0.9859
2026/06/17 07:59:22 - mmengine - INFO - Iter(train) [16450/20000]  base_lr: 2.2635e-05 lr: 2.2635e-05  eta: 3:33:47  time: 3.6078  data_time: 0.0346  memory: 8724  grad_norm: 135.5806  loss: 23.9078  decode.loss_cls: 0.0773  decode.loss_mask: 1.0710  decode.loss_dice: 1.1268  decode.d0.loss_cls: 0.5721  decode.d0.loss_mask: 1.1286  decode.d0.loss_dice: 1.2231  decode.d1.loss_cls: 0.2328  decode.d1.loss_mask: 1.0957  decode.d1.loss_dice: 1.1744  decode.d2.loss_cls: 0.1375  decode.d2.loss_mask: 1.0903  decode.d2.loss_dice: 1.1572  decode.d3.loss_cls: 0.1179  decode.d3.loss_mask: 1.0811  decode.d3.loss_dice: 1.1419  decode.d4.loss_cls: 0.1032  decode.d4.loss_mask: 1.0792  decode.d4.loss_dice: 1.1369  decode.d5.loss_cls: 0.0969  decode.d5.loss_mask: 1.0814  decode.d5.loss_dice: 1.1317  decode.d6.loss_cls: 0.0799  decode.d6.loss_mask: 1.0771  decode.d6.loss_dice: 1.1260  decode.d7.loss_cls: 0.0784  decode.d7.loss_mask: 1.0731  decode.d7.loss_dice: 1.1243  decode.d8.loss_cls: 0.0787  decode.d8.loss_mask: 1.0759  decode.d8.loss_dice: 1.1375
2026/06/17 08:02:23 - mmengine - INFO - Iter(train) [16500/20000]  base_lr: 2.2347e-05 lr: 2.2347e-05  eta: 3:30:47  time: 3.6121  data_time: 0.0341  memory: 8724  grad_norm: 149.0822  loss: 24.0351  decode.loss_cls: 0.1008  decode.loss_mask: 1.0470  decode.loss_dice: 1.1435  decode.d0.loss_cls: 0.5836  decode.d0.loss_mask: 1.0883  decode.d0.loss_dice: 1.2366  decode.d1.loss_cls: 0.2954  decode.d1.loss_mask: 1.0720  decode.d1.loss_dice: 1.1852  decode.d2.loss_cls: 0.1745  decode.d2.loss_mask: 1.0612  decode.d2.loss_dice: 1.1639  decode.d3.loss_cls: 0.1294  decode.d3.loss_mask: 1.0559  decode.d3.loss_dice: 1.1602  decode.d4.loss_cls: 0.1198  decode.d4.loss_mask: 1.0549  decode.d4.loss_dice: 1.1567  decode.d5.loss_cls: 0.1030  decode.d5.loss_mask: 1.0533  decode.d5.loss_dice: 1.1590  decode.d6.loss_cls: 0.1021  decode.d6.loss_mask: 1.0470  decode.d6.loss_dice: 1.1497  decode.d7.loss_cls: 0.1010  decode.d7.loss_mask: 1.0484  decode.d7.loss_dice: 1.1402  decode.d8.loss_cls: 0.1098  decode.d8.loss_mask: 1.0478  decode.d8.loss_dice: 1.1450
2026/06/17 08:05:24 - mmengine - INFO - Iter(train) [16550/20000]  base_lr: 2.2060e-05 lr: 2.2060e-05  eta: 3:27:46  time: 3.6118  data_time: 0.0338  memory: 8724  grad_norm: 117.4900  loss: 22.1586  decode.loss_cls: 0.0625  decode.loss_mask: 0.9888  decode.loss_dice: 1.0810  decode.d0.loss_cls: 0.4699  decode.d0.loss_mask: 1.0432  decode.d0.loss_dice: 1.1687  decode.d1.loss_cls: 0.1698  decode.d1.loss_mask: 1.0157  decode.d1.loss_dice: 1.1227  decode.d2.loss_cls: 0.0768  decode.d2.loss_mask: 1.0125  decode.d2.loss_dice: 1.0994  decode.d3.loss_cls: 0.0840  decode.d3.loss_mask: 0.9948  decode.d3.loss_dice: 1.0825  decode.d4.loss_cls: 0.0726  decode.d4.loss_mask: 0.9959  decode.d4.loss_dice: 1.0853  decode.d5.loss_cls: 0.0663  decode.d5.loss_mask: 0.9947  decode.d5.loss_dice: 1.0830  decode.d6.loss_cls: 0.0690  decode.d6.loss_mask: 0.9923  decode.d6.loss_dice: 1.0766  decode.d7.loss_cls: 0.0654  decode.d7.loss_mask: 0.9883  decode.d7.loss_dice: 1.0682  decode.d8.loss_cls: 0.0686  decode.d8.loss_mask: 0.9874  decode.d8.loss_dice: 1.0725
2026/06/17 08:08:24 - mmengine - INFO - Iter(train) [16600/20000]  base_lr: 2.1772e-05 lr: 2.1772e-05  eta: 3:24:45  time: 3.6106  data_time: 0.0343  memory: 8724  grad_norm: 116.8880  loss: 22.3268  decode.loss_cls: 0.0851  decode.loss_mask: 1.0361  decode.loss_dice: 1.0200  decode.d0.loss_cls: 0.5495  decode.d0.loss_mask: 1.0727  decode.d0.loss_dice: 1.0885  decode.d1.loss_cls: 0.2591  decode.d1.loss_mask: 1.0467  decode.d1.loss_dice: 1.0522  decode.d2.loss_cls: 0.1241  decode.d2.loss_mask: 1.0397  decode.d2.loss_dice: 1.0471  decode.d3.loss_cls: 0.1086  decode.d3.loss_mask: 1.0344  decode.d3.loss_dice: 1.0205  decode.d4.loss_cls: 0.0912  decode.d4.loss_mask: 1.0386  decode.d4.loss_dice: 1.0266  decode.d5.loss_cls: 0.0995  decode.d5.loss_mask: 1.0371  decode.d5.loss_dice: 1.0166  decode.d6.loss_cls: 0.1023  decode.d6.loss_mask: 1.0335  decode.d6.loss_dice: 1.0118  decode.d7.loss_cls: 0.0962  decode.d7.loss_mask: 1.0321  decode.d7.loss_dice: 1.0119  decode.d8.loss_cls: 0.0974  decode.d8.loss_mask: 1.0330  decode.d8.loss_dice: 1.0149
2026/06/17 08:11:25 - mmengine - INFO - Iter(train) [16650/20000]  base_lr: 2.1484e-05 lr: 2.1484e-05  eta: 3:21:45  time: 3.6118  data_time: 0.0338  memory: 8724  grad_norm: 145.7728  loss: 23.0592  decode.loss_cls: 0.0549  decode.loss_mask: 1.0721  decode.loss_dice: 1.0956  decode.d0.loss_cls: 0.4698  decode.d0.loss_mask: 1.1059  decode.d0.loss_dice: 1.1511  decode.d1.loss_cls: 0.2229  decode.d1.loss_mask: 1.0795  decode.d1.loss_dice: 1.1276  decode.d2.loss_cls: 0.1063  decode.d2.loss_mask: 1.0732  decode.d2.loss_dice: 1.1054  decode.d3.loss_cls: 0.0785  decode.d3.loss_mask: 1.0718  decode.d3.loss_dice: 1.0968  decode.d4.loss_cls: 0.0658  decode.d4.loss_mask: 1.0723  decode.d4.loss_dice: 1.0962  decode.d5.loss_cls: 0.0665  decode.d5.loss_mask: 1.0708  decode.d5.loss_dice: 1.0884  decode.d6.loss_cls: 0.0703  decode.d6.loss_mask: 1.0709  decode.d6.loss_dice: 1.0865  decode.d7.loss_cls: 0.0587  decode.d7.loss_mask: 1.0732  decode.d7.loss_dice: 1.0929  decode.d8.loss_cls: 0.0720  decode.d8.loss_mask: 1.0748  decode.d8.loss_dice: 1.0885
2026/06/17 08:14:25 - mmengine - INFO - Iter(train) [16700/20000]  base_lr: 2.1195e-05 lr: 2.1195e-05  eta: 3:18:44  time: 3.6116  data_time: 0.0339  memory: 8724  grad_norm: 133.9036  loss: 22.7864  decode.loss_cls: 0.0546  decode.loss_mask: 1.0488  decode.loss_dice: 1.0588  decode.d0.loss_cls: 0.5930  decode.d0.loss_mask: 1.0873  decode.d0.loss_dice: 1.1450  decode.d1.loss_cls: 0.2364  decode.d1.loss_mask: 1.0608  decode.d1.loss_dice: 1.1118  decode.d2.loss_cls: 0.1189  decode.d2.loss_mask: 1.0507  decode.d2.loss_dice: 1.0782  decode.d3.loss_cls: 0.1018  decode.d3.loss_mask: 1.0501  decode.d3.loss_dice: 1.0738  decode.d4.loss_cls: 0.0891  decode.d4.loss_mask: 1.0514  decode.d4.loss_dice: 1.0667  decode.d5.loss_cls: 0.0838  decode.d5.loss_mask: 1.0476  decode.d5.loss_dice: 1.0607  decode.d6.loss_cls: 0.0625  decode.d6.loss_mask: 1.0527  decode.d6.loss_dice: 1.0723  decode.d7.loss_cls: 0.0596  decode.d7.loss_mask: 1.0478  decode.d7.loss_dice: 1.0635  decode.d8.loss_cls: 0.0532  decode.d8.loss_mask: 1.0453  decode.d8.loss_dice: 1.0602
2026/06/17 08:17:26 - mmengine - INFO - Iter(train) [16750/20000]  base_lr: 2.0906e-05 lr: 2.0906e-05  eta: 3:15:43  time: 3.6113  data_time: 0.0340  memory: 8724  grad_norm: 151.8047  loss: 23.2861  decode.loss_cls: 0.0791  decode.loss_mask: 1.0874  decode.loss_dice: 1.0650  decode.d0.loss_cls: 0.5502  decode.d0.loss_mask: 1.1329  decode.d0.loss_dice: 1.1606  decode.d1.loss_cls: 0.2218  decode.d1.loss_mask: 1.1144  decode.d1.loss_dice: 1.1254  decode.d2.loss_cls: 0.1767  decode.d2.loss_mask: 1.0966  decode.d2.loss_dice: 1.0791  decode.d3.loss_cls: 0.0944  decode.d3.loss_mask: 1.0965  decode.d3.loss_dice: 1.0894  decode.d4.loss_cls: 0.0652  decode.d4.loss_mask: 1.0949  decode.d4.loss_dice: 1.0721  decode.d5.loss_cls: 0.0858  decode.d5.loss_mask: 1.0792  decode.d5.loss_dice: 1.0631  decode.d6.loss_cls: 0.0790  decode.d6.loss_mask: 1.0825  decode.d6.loss_dice: 1.0634  decode.d7.loss_cls: 0.0686  decode.d7.loss_mask: 1.0829  decode.d7.loss_dice: 1.0618  decode.d8.loss_cls: 0.0777  decode.d8.loss_mask: 1.0795  decode.d8.loss_dice: 1.0606
2026/06/17 08:20:27 - mmengine - INFO - Iter(train) [16800/20000]  base_lr: 2.0616e-05 lr: 2.0616e-05  eta: 3:12:43  time: 3.6362  data_time: 0.0340  memory: 8724  grad_norm: 130.9622  loss: 20.6356  decode.loss_cls: 0.0513  decode.loss_mask: 0.9668  decode.loss_dice: 0.9513  decode.d0.loss_cls: 0.5044  decode.d0.loss_mask: 0.9990  decode.d0.loss_dice: 1.0392  decode.d1.loss_cls: 0.2030  decode.d1.loss_mask: 0.9907  decode.d1.loss_dice: 0.9878  decode.d2.loss_cls: 0.0918  decode.d2.loss_mask: 0.9743  decode.d2.loss_dice: 0.9781  decode.d3.loss_cls: 0.0750  decode.d3.loss_mask: 0.9683  decode.d3.loss_dice: 0.9588  decode.d4.loss_cls: 0.0700  decode.d4.loss_mask: 0.9657  decode.d4.loss_dice: 0.9585  decode.d5.loss_cls: 0.0469  decode.d5.loss_mask: 0.9636  decode.d5.loss_dice: 0.9623  decode.d6.loss_cls: 0.0497  decode.d6.loss_mask: 0.9607  decode.d6.loss_dice: 0.9501  decode.d7.loss_cls: 0.0437  decode.d7.loss_mask: 0.9625  decode.d7.loss_dice: 0.9681  decode.d8.loss_cls: 0.0769  decode.d8.loss_mask: 0.9634  decode.d8.loss_dice: 0.9538
2026/06/17 08:23:28 - mmengine - INFO - Iter(train) [16850/20000]  base_lr: 2.0326e-05 lr: 2.0326e-05  eta: 3:09:42  time: 3.6076  data_time: 0.0338  memory: 8724  grad_norm: 167.1812  loss: 23.1200  decode.loss_cls: 0.0696  decode.loss_mask: 1.0293  decode.loss_dice: 1.0759  decode.d0.loss_cls: 0.6359  decode.d0.loss_mask: 1.0947  decode.d0.loss_dice: 1.1696  decode.d1.loss_cls: 0.2576  decode.d1.loss_mask: 1.0584  decode.d1.loss_dice: 1.1401  decode.d2.loss_cls: 0.1619  decode.d2.loss_mask: 1.0432  decode.d2.loss_dice: 1.1163  decode.d3.loss_cls: 0.1179  decode.d3.loss_mask: 1.0298  decode.d3.loss_dice: 1.1005  decode.d4.loss_cls: 0.1026  decode.d4.loss_mask: 1.0342  decode.d4.loss_dice: 1.0942  decode.d5.loss_cls: 0.0854  decode.d5.loss_mask: 1.0346  decode.d5.loss_dice: 1.0920  decode.d6.loss_cls: 0.0722  decode.d6.loss_mask: 1.0283  decode.d6.loss_dice: 1.0939  decode.d7.loss_cls: 0.0671  decode.d7.loss_mask: 1.0348  decode.d7.loss_dice: 1.0925  decode.d8.loss_cls: 0.0615  decode.d8.loss_mask: 1.0344  decode.d8.loss_dice: 1.0915
2026/06/17 08:26:28 - mmengine - INFO - Iter(train) [16900/20000]  base_lr: 2.0035e-05 lr: 2.0035e-05  eta: 3:06:41  time: 3.6117  data_time: 0.0334  memory: 8724  grad_norm: 139.2606  loss: 23.4740  decode.loss_cls: 0.1164  decode.loss_mask: 1.0355  decode.loss_dice: 1.1238  decode.d0.loss_cls: 0.4919  decode.d0.loss_mask: 1.0829  decode.d0.loss_dice: 1.2168  decode.d1.loss_cls: 0.2711  decode.d1.loss_mask: 1.0541  decode.d1.loss_dice: 1.1605  decode.d2.loss_cls: 0.1452  decode.d2.loss_mask: 1.0480  decode.d2.loss_dice: 1.1365  decode.d3.loss_cls: 0.1341  decode.d3.loss_mask: 1.0419  decode.d3.loss_dice: 1.1249  decode.d4.loss_cls: 0.1092  decode.d4.loss_mask: 1.0414  decode.d4.loss_dice: 1.1351  decode.d5.loss_cls: 0.0806  decode.d5.loss_mask: 1.0419  decode.d5.loss_dice: 1.1308  decode.d6.loss_cls: 0.1034  decode.d6.loss_mask: 1.0342  decode.d6.loss_dice: 1.1197  decode.d7.loss_cls: 0.0940  decode.d7.loss_mask: 1.0358  decode.d7.loss_dice: 1.1244  decode.d8.loss_cls: 0.0665  decode.d8.loss_mask: 1.0452  decode.d8.loss_dice: 1.1279
2026/06/17 08:29:29 - mmengine - INFO - Iter(train) [16950/20000]  base_lr: 1.9744e-05 lr: 1.9744e-05  eta: 3:03:40  time: 3.6159  data_time: 0.0347  memory: 8724  grad_norm: 158.9441  loss: 23.7410  decode.loss_cls: 0.0732  decode.loss_mask: 1.1029  decode.loss_dice: 1.1239  decode.d0.loss_cls: 0.4502  decode.d0.loss_mask: 1.1312  decode.d0.loss_dice: 1.2124  decode.d1.loss_cls: 0.1859  decode.d1.loss_mask: 1.1075  decode.d1.loss_dice: 1.1649  decode.d2.loss_cls: 0.0998  decode.d2.loss_mask: 1.1000  decode.d2.loss_dice: 1.1479  decode.d3.loss_cls: 0.1062  decode.d3.loss_mask: 1.0958  decode.d3.loss_dice: 1.1260  decode.d4.loss_cls: 0.1050  decode.d4.loss_mask: 1.0997  decode.d4.loss_dice: 1.1274  decode.d5.loss_cls: 0.0768  decode.d5.loss_mask: 1.0976  decode.d5.loss_dice: 1.1325  decode.d6.loss_cls: 0.0627  decode.d6.loss_mask: 1.1017  decode.d6.loss_dice: 1.1286  decode.d7.loss_cls: 0.0620  decode.d7.loss_mask: 1.1064  decode.d7.loss_dice: 1.1305  decode.d8.loss_cls: 0.0560  decode.d8.loss_mask: 1.0985  decode.d8.loss_dice: 1.1274
2026/06/17 08:32:29 - mmengine - INFO - Exp name: dinov3l_m2f_pastis_temporal_v4_20260616_144812
2026/06/17 08:32:29 - mmengine - INFO - Iter(train) [17000/20000]  base_lr: 1.9453e-05 lr: 1.9453e-05  eta: 3:00:40  time: 3.6038  data_time: 0.0333  memory: 8724  grad_norm: 135.8472  loss: 24.0943  decode.loss_cls: 0.0937  decode.loss_mask: 1.0560  decode.loss_dice: 1.1283  decode.d0.loss_cls: 0.7056  decode.d0.loss_mask: 1.1044  decode.d0.loss_dice: 1.2189  decode.d1.loss_cls: 0.3342  decode.d1.loss_mask: 1.1059  decode.d1.loss_dice: 1.1749  decode.d2.loss_cls: 0.1761  decode.d2.loss_mask: 1.0704  decode.d2.loss_dice: 1.1512  decode.d3.loss_cls: 0.1239  decode.d3.loss_mask: 1.0627  decode.d3.loss_dice: 1.1377  decode.d4.loss_cls: 0.0960  decode.d4.loss_mask: 1.0675  decode.d4.loss_dice: 1.1261  decode.d5.loss_cls: 0.0927  decode.d5.loss_mask: 1.0569  decode.d5.loss_dice: 1.1322  decode.d6.loss_cls: 0.0972  decode.d6.loss_mask: 1.0611  decode.d6.loss_dice: 1.1287  decode.d7.loss_cls: 0.0962  decode.d7.loss_mask: 1.0619  decode.d7.loss_dice: 1.1396  decode.d8.loss_cls: 0.0979  decode.d8.loss_mask: 1.0619  decode.d8.loss_dice: 1.1347
2026/06/17 08:33:29 - mmengine - INFO - Iter(val) [ 50/121]    eta: 0:01:24  time: 1.1905  data_time: 0.0269  memory: 6229  
2026/06/17 08:34:29 - mmengine - INFO - Iter(val) [100/121]    eta: 0:00:25  time: 1.1903  data_time: 0.0272  memory: 6229  
2026/06/17 08:34:53 - mmengine - INFO - per class results:
2026/06/17 08:34:53 - mmengine - INFO - 
+---------+-------+-------+
|  Class  |  IoU  |  Acc  |
+---------+-------+-------+
|  crop_1 | 73.15 | 84.34 |
|  crop_2 | 63.18 | 76.99 |
|  crop_3 | 78.86 | 88.28 |
|  crop_4 | 84.51 | 92.45 |
|  crop_5 | 75.98 | 84.09 |
|  crop_6 |  85.9 | 92.94 |
|  crop_7 | 50.99 | 67.29 |
|  crop_8 | 65.54 | 77.45 |
|  crop_9 | 50.88 | 70.57 |
| crop_10 | 85.61 | 92.72 |
| crop_11 | 38.68 | 59.05 |
| crop_12 | 56.35 | 82.11 |
| crop_13 |  35.8 | 54.32 |
| crop_14 | 49.08 | 69.54 |
| crop_15 | 40.58 | 55.83 |
| crop_16 | 74.43 | 84.41 |
| crop_17 | 40.98 | 56.64 |
| crop_18 | 25.34 | 36.54 |
| crop_19 | 30.13 |  44.3 |
+---------+-------+-------+
2026/06/17 08:34:53 - mmengine - INFO - Iter(val) [121/121]    aAcc: 81.7800  mIoU: 58.2100  mAcc: 72.1000  data_time: 0.0301  time: 1.1834
2026/06/17 08:37:53 - mmengine - INFO - Iter(train) [17050/20000]  base_lr: 1.9160e-05 lr: 1.9160e-05  eta: 2:57:39  time: 3.6175  data_time: 0.0342  memory: 8724  grad_norm: 119.9891  loss: 21.8566  decode.loss_cls: 0.0904  decode.loss_mask: 1.0159  decode.loss_dice: 1.0049  decode.d0.loss_cls: 0.4710  decode.d0.loss_mask: 1.0655  decode.d0.loss_dice: 1.0878  decode.d1.loss_cls: 0.1822  decode.d1.loss_mask: 1.0276  decode.d1.loss_dice: 1.0499  decode.d2.loss_cls: 0.1304  decode.d2.loss_mask: 1.0131  decode.d2.loss_dice: 1.0240  decode.d3.loss_cls: 0.1089  decode.d3.loss_mask: 1.0134  decode.d3.loss_dice: 1.0174  decode.d4.loss_cls: 0.1000  decode.d4.loss_mask: 1.0134  decode.d4.loss_dice: 1.0155  decode.d5.loss_cls: 0.0914  decode.d5.loss_mask: 1.0060  decode.d5.loss_dice: 1.0119  decode.d6.loss_cls: 0.0951  decode.d6.loss_mask: 1.0133  decode.d6.loss_dice: 1.0061  decode.d7.loss_cls: 0.0891  decode.d7.loss_mask: 1.0103  decode.d7.loss_dice: 0.9989  decode.d8.loss_cls: 0.0872  decode.d8.loss_mask: 1.0099  decode.d8.loss_dice: 1.0060
2026/06/17 08:40:54 - mmengine - INFO - Iter(train) [17100/20000]  base_lr: 1.8868e-05 lr: 1.8868e-05  eta: 2:54:38  time: 3.6094  data_time: 0.0338  memory: 8724  grad_norm: 122.9960  loss: 23.1901  decode.loss_cls: 0.0439  decode.loss_mask: 1.1200  decode.loss_dice: 1.0782  decode.d0.loss_cls: 0.4617  decode.d0.loss_mask: 1.1561  decode.d0.loss_dice: 1.1256  decode.d1.loss_cls: 0.1827  decode.d1.loss_mask: 1.1280  decode.d1.loss_dice: 1.1234  decode.d2.loss_cls: 0.0767  decode.d2.loss_mask: 1.1207  decode.d2.loss_dice: 1.0923  decode.d3.loss_cls: 0.0542  decode.d3.loss_mask: 1.1232  decode.d3.loss_dice: 1.0945  decode.d4.loss_cls: 0.0482  decode.d4.loss_mask: 1.1124  decode.d4.loss_dice: 1.0860  decode.d5.loss_cls: 0.0452  decode.d5.loss_mask: 1.1174  decode.d5.loss_dice: 1.0798  decode.d6.loss_cls: 0.0430  decode.d6.loss_mask: 1.1158  decode.d6.loss_dice: 1.0807  decode.d7.loss_cls: 0.0417  decode.d7.loss_mask: 1.1160  decode.d7.loss_dice: 1.0770  decode.d8.loss_cls: 0.0449  decode.d8.loss_mask: 1.1226  decode.d8.loss_dice: 1.0779
2026/06/17 08:43:55 - mmengine - INFO - Iter(train) [17150/20000]  base_lr: 1.8575e-05 lr: 1.8575e-05  eta: 2:51:38  time: 3.6096  data_time: 0.0338  memory: 8724  grad_norm: 173.3846  loss: 23.6702  decode.loss_cls: 0.0580  decode.loss_mask: 1.0893  decode.loss_dice: 1.0985  decode.d0.loss_cls: 0.5743  decode.d0.loss_mask: 1.1829  decode.d0.loss_dice: 1.2069  decode.d1.loss_cls: 0.2578  decode.d1.loss_mask: 1.1270  decode.d1.loss_dice: 1.1532  decode.d2.loss_cls: 0.1257  decode.d2.loss_mask: 1.1031  decode.d2.loss_dice: 1.1276  decode.d3.loss_cls: 0.0823  decode.d3.loss_mask: 1.0903  decode.d3.loss_dice: 1.1160  decode.d4.loss_cls: 0.0683  decode.d4.loss_mask: 1.0877  decode.d4.loss_dice: 1.1072  decode.d5.loss_cls: 0.0629  decode.d5.loss_mask: 1.0911  decode.d5.loss_dice: 1.0985  decode.d6.loss_cls: 0.0689  decode.d6.loss_mask: 1.0913  decode.d6.loss_dice: 1.1017  decode.d7.loss_cls: 0.0654  decode.d7.loss_mask: 1.0878  decode.d7.loss_dice: 1.0994  decode.d8.loss_cls: 0.0586  decode.d8.loss_mask: 1.0875  decode.d8.loss_dice: 1.1012
2026/06/17 08:46:55 - mmengine - INFO - Iter(train) [17200/20000]  base_lr: 1.8281e-05 lr: 1.8281e-05  eta: 2:48:37  time: 3.6150  data_time: 0.0340  memory: 8724  grad_norm: 130.9348  loss: 22.9474  decode.loss_cls: 0.1106  decode.loss_mask: 1.0002  decode.loss_dice: 1.0759  decode.d0.loss_cls: 0.5727  decode.d0.loss_mask: 1.0377  decode.d0.loss_dice: 1.2035  decode.d1.loss_cls: 0.3193  decode.d1.loss_mask: 1.0207  decode.d1.loss_dice: 1.1393  decode.d2.loss_cls: 0.1606  decode.d2.loss_mask: 1.0034  decode.d2.loss_dice: 1.1124  decode.d3.loss_cls: 0.1253  decode.d3.loss_mask: 0.9985  decode.d3.loss_dice: 1.0821  decode.d4.loss_cls: 0.1229  decode.d4.loss_mask: 1.0004  decode.d4.loss_dice: 1.0938  decode.d5.loss_cls: 0.1012  decode.d5.loss_mask: 1.0033  decode.d5.loss_dice: 1.0946  decode.d6.loss_cls: 0.1038  decode.d6.loss_mask: 1.0024  decode.d6.loss_dice: 1.0870  decode.d7.loss_cls: 0.1048  decode.d7.loss_mask: 1.0020  decode.d7.loss_dice: 1.0906  decode.d8.loss_cls: 0.0898  decode.d8.loss_mask: 1.0037  decode.d8.loss_dice: 1.0849
2026/06/17 08:49:56 - mmengine - INFO - Iter(train) [17250/20000]  base_lr: 1.7987e-05 lr: 1.7987e-05  eta: 2:45:36  time: 3.6106  data_time: 0.0347  memory: 8724  grad_norm: 112.4381  loss: 23.2660  decode.loss_cls: 0.0493  decode.loss_mask: 1.0557  decode.loss_dice: 1.1230  decode.d0.loss_cls: 0.5209  decode.d0.loss_mask: 1.0862  decode.d0.loss_dice: 1.1781  decode.d1.loss_cls: 0.2209  decode.d1.loss_mask: 1.0714  decode.d1.loss_dice: 1.1457  decode.d2.loss_cls: 0.0999  decode.d2.loss_mask: 1.0621  decode.d2.loss_dice: 1.1374  decode.d3.loss_cls: 0.0667  decode.d3.loss_mask: 1.0587  decode.d3.loss_dice: 1.1383  decode.d4.loss_cls: 0.0578  decode.d4.loss_mask: 1.0577  decode.d4.loss_dice: 1.1330  decode.d5.loss_cls: 0.0550  decode.d5.loss_mask: 1.0650  decode.d5.loss_dice: 1.1378  decode.d6.loss_cls: 0.0717  decode.d6.loss_mask: 1.0524  decode.d6.loss_dice: 1.1275  decode.d7.loss_cls: 0.0740  decode.d7.loss_mask: 1.0551  decode.d7.loss_dice: 1.1306  decode.d8.loss_cls: 0.0579  decode.d8.loss_mask: 1.0525  decode.d8.loss_dice: 1.1237
2026/06/17 08:52:57 - mmengine - INFO - Iter(train) [17300/20000]  base_lr: 1.7693e-05 lr: 1.7693e-05  eta: 2:42:36  time: 3.6153  data_time: 0.0347  memory: 8724  grad_norm: 143.5949  loss: 23.6891  decode.loss_cls: 0.1304  decode.loss_mask: 1.0129  decode.loss_dice: 1.1360  decode.d0.loss_cls: 0.6230  decode.d0.loss_mask: 1.0794  decode.d0.loss_dice: 1.2386  decode.d1.loss_cls: 0.2640  decode.d1.loss_mask: 1.0359  decode.d1.loss_dice: 1.1850  decode.d2.loss_cls: 0.1426  decode.d2.loss_mask: 1.0220  decode.d2.loss_dice: 1.1617  decode.d3.loss_cls: 0.1444  decode.d3.loss_mask: 1.0160  decode.d3.loss_dice: 1.1416  decode.d4.loss_cls: 0.1320  decode.d4.loss_mask: 1.0173  decode.d4.loss_dice: 1.1506  decode.d5.loss_cls: 0.1077  decode.d5.loss_mask: 1.0154  decode.d5.loss_dice: 1.1289  decode.d6.loss_cls: 0.1159  decode.d6.loss_mask: 1.0121  decode.d6.loss_dice: 1.1320  decode.d7.loss_cls: 0.1183  decode.d7.loss_mask: 1.0100  decode.d7.loss_dice: 1.1331  decode.d8.loss_cls: 0.1358  decode.d8.loss_mask: 1.0132  decode.d8.loss_dice: 1.1333
2026/06/17 08:55:57 - mmengine - INFO - Iter(train) [17350/20000]  base_lr: 1.7398e-05 lr: 1.7398e-05  eta: 2:39:35  time: 3.6128  data_time: 0.0342  memory: 8724  grad_norm: 186.7922  loss: 22.5340  decode.loss_cls: 0.1012  decode.loss_mask: 1.0226  decode.loss_dice: 1.0349  decode.d0.loss_cls: 0.5686  decode.d0.loss_mask: 1.0544  decode.d0.loss_dice: 1.1421  decode.d1.loss_cls: 0.2832  decode.d1.loss_mask: 1.0382  decode.d1.loss_dice: 1.0903  decode.d2.loss_cls: 0.1452  decode.d2.loss_mask: 1.0190  decode.d2.loss_dice: 1.0578  decode.d3.loss_cls: 0.1249  decode.d3.loss_mask: 1.0206  decode.d3.loss_dice: 1.0433  decode.d4.loss_cls: 0.1233  decode.d4.loss_mask: 1.0125  decode.d4.loss_dice: 1.0359  decode.d5.loss_cls: 0.1172  decode.d5.loss_mask: 1.0164  decode.d5.loss_dice: 1.0267  decode.d6.loss_cls: 0.1013  decode.d6.loss_mask: 1.0210  decode.d6.loss_dice: 1.0290  decode.d7.loss_cls: 0.0992  decode.d7.loss_mask: 1.0180  decode.d7.loss_dice: 1.0283  decode.d8.loss_cls: 0.0988  decode.d8.loss_mask: 1.0242  decode.d8.loss_dice: 1.0361
2026/06/17 08:58:58 - mmengine - INFO - Iter(train) [17400/20000]  base_lr: 1.7102e-05 lr: 1.7102e-05  eta: 2:36:34  time: 3.6392  data_time: 0.0334  memory: 8724  grad_norm: 108.3247  loss: 21.6102  decode.loss_cls: 0.1102  decode.loss_mask: 0.9404  decode.loss_dice: 1.0270  decode.d0.loss_cls: 0.5865  decode.d0.loss_mask: 0.9848  decode.d0.loss_dice: 1.1222  decode.d1.loss_cls: 0.2548  decode.d1.loss_mask: 0.9516  decode.d1.loss_dice: 1.0580  decode.d2.loss_cls: 0.1623  decode.d2.loss_mask: 0.9383  decode.d2.loss_dice: 1.0312  decode.d3.loss_cls: 0.1314  decode.d3.loss_mask: 0.9370  decode.d3.loss_dice: 1.0248  decode.d4.loss_cls: 0.1079  decode.d4.loss_mask: 0.9351  decode.d4.loss_dice: 1.0267  decode.d5.loss_cls: 0.1108  decode.d5.loss_mask: 0.9334  decode.d5.loss_dice: 1.0271  decode.d6.loss_cls: 0.1246  decode.d6.loss_mask: 0.9334  decode.d6.loss_dice: 1.0265  decode.d7.loss_cls: 0.0944  decode.d7.loss_mask: 0.9363  decode.d7.loss_dice: 1.0301  decode.d8.loss_cls: 0.1009  decode.d8.loss_mask: 0.9353  decode.d8.loss_dice: 1.0273
2026/06/17 09:02:00 - mmengine - INFO - Iter(train) [17450/20000]  base_lr: 1.6806e-05 lr: 1.6806e-05  eta: 2:33:34  time: 3.6336  data_time: 0.0341  memory: 8724  grad_norm: 141.2300  loss: 21.5147  decode.loss_cls: 0.0673  decode.loss_mask: 1.0136  decode.loss_dice: 0.9778  decode.d0.loss_cls: 0.4601  decode.d0.loss_mask: 1.0421  decode.d0.loss_dice: 1.0833  decode.d1.loss_cls: 0.1778  decode.d1.loss_mask: 1.0141  decode.d1.loss_dice: 1.0418  decode.d2.loss_cls: 0.1601  decode.d2.loss_mask: 1.0128  decode.d2.loss_dice: 1.0056  decode.d3.loss_cls: 0.0994  decode.d3.loss_mask: 1.0165  decode.d3.loss_dice: 0.9887  decode.d4.loss_cls: 0.0939  decode.d4.loss_mask: 1.0153  decode.d4.loss_dice: 0.9866  decode.d5.loss_cls: 0.0818  decode.d5.loss_mask: 1.0164  decode.d5.loss_dice: 0.9817  decode.d6.loss_cls: 0.0648  decode.d6.loss_mask: 1.0146  decode.d6.loss_dice: 0.9786  decode.d7.loss_cls: 0.0750  decode.d7.loss_mask: 1.0077  decode.d7.loss_dice: 0.9746  decode.d8.loss_cls: 0.0754  decode.d8.loss_mask: 1.0080  decode.d8.loss_dice: 0.9794
2026/06/17 09:05:01 - mmengine - INFO - Iter(train) [17500/20000]  base_lr: 1.6509e-05 lr: 1.6509e-05  eta: 2:30:33  time: 3.6339  data_time: 0.0339  memory: 8724  grad_norm: 110.6661  loss: 21.6544  decode.loss_cls: 0.0445  decode.loss_mask: 0.9627  decode.loss_dice: 1.0694  decode.d0.loss_cls: 0.5146  decode.d0.loss_mask: 0.9953  decode.d0.loss_dice: 1.1229  decode.d1.loss_cls: 0.1962  decode.d1.loss_mask: 0.9804  decode.d1.loss_dice: 1.1106  decode.d2.loss_cls: 0.0878  decode.d2.loss_mask: 0.9691  decode.d2.loss_dice: 1.0983  decode.d3.loss_cls: 0.0715  decode.d3.loss_mask: 0.9619  decode.d3.loss_dice: 1.0733  decode.d4.loss_cls: 0.0486  decode.d4.loss_mask: 0.9648  decode.d4.loss_dice: 1.0767  decode.d5.loss_cls: 0.0428  decode.d5.loss_mask: 0.9631  decode.d5.loss_dice: 1.0800  decode.d6.loss_cls: 0.0458  decode.d6.loss_mask: 0.9600  decode.d6.loss_dice: 1.0704  decode.d7.loss_cls: 0.0421  decode.d7.loss_mask: 0.9577  decode.d7.loss_dice: 1.0678  decode.d8.loss_cls: 0.0432  decode.d8.loss_mask: 0.9593  decode.d8.loss_dice: 1.0739
2026/06/17 09:08:03 - mmengine - INFO - Iter(train) [17550/20000]  base_lr: 1.6211e-05 lr: 1.6211e-05  eta: 2:27:33  time: 3.6346  data_time: 0.0347  memory: 8724  grad_norm: 138.4313  loss: 21.9187  decode.loss_cls: 0.0602  decode.loss_mask: 1.0194  decode.loss_dice: 1.0216  decode.d0.loss_cls: 0.5699  decode.d0.loss_mask: 1.0505  decode.d0.loss_dice: 1.0814  decode.d1.loss_cls: 0.2524  decode.d1.loss_mask: 1.0332  decode.d1.loss_dice: 1.0469  decode.d2.loss_cls: 0.1232  decode.d2.loss_mask: 1.0183  decode.d2.loss_dice: 1.0316  decode.d3.loss_cls: 0.0828  decode.d3.loss_mask: 1.0105  decode.d3.loss_dice: 1.0198  decode.d4.loss_cls: 0.0867  decode.d4.loss_mask: 1.0129  decode.d4.loss_dice: 1.0182  decode.d5.loss_cls: 0.0528  decode.d5.loss_mask: 1.0108  decode.d5.loss_dice: 1.0196  decode.d6.loss_cls: 0.0568  decode.d6.loss_mask: 1.0214  decode.d6.loss_dice: 1.0227  decode.d7.loss_cls: 0.0621  decode.d7.loss_mask: 1.0151  decode.d7.loss_dice: 1.0246  decode.d8.loss_cls: 0.0543  decode.d8.loss_mask: 1.0165  decode.d8.loss_dice: 1.0224
2026/06/17 09:11:05 - mmengine - INFO - Iter(train) [17600/20000]  base_lr: 1.5913e-05 lr: 1.5913e-05  eta: 2:24:32  time: 3.6364  data_time: 0.0336  memory: 8724  grad_norm: 124.1000  loss: 23.8081  decode.loss_cls: 0.1112  decode.loss_mask: 1.0659  decode.loss_dice: 1.1334  decode.d0.loss_cls: 0.5128  decode.d0.loss_mask: 1.1150  decode.d0.loss_dice: 1.2238  decode.d1.loss_cls: 0.1741  decode.d1.loss_mask: 1.0873  decode.d1.loss_dice: 1.1951  decode.d2.loss_cls: 0.1117  decode.d2.loss_mask: 1.0777  decode.d2.loss_dice: 1.1638  decode.d3.loss_cls: 0.0815  decode.d3.loss_mask: 1.0740  decode.d3.loss_dice: 1.1509  decode.d4.loss_cls: 0.0836  decode.d4.loss_mask: 1.0743  decode.d4.loss_dice: 1.1442  decode.d5.loss_cls: 0.0735  decode.d5.loss_mask: 1.0736  decode.d5.loss_dice: 1.1410  decode.d6.loss_cls: 0.1193  decode.d6.loss_mask: 1.0695  decode.d6.loss_dice: 1.1316  decode.d7.loss_cls: 0.1121  decode.d7.loss_mask: 1.0690  decode.d7.loss_dice: 1.1360  decode.d8.loss_cls: 0.1050  decode.d8.loss_mask: 1.0650  decode.d8.loss_dice: 1.1322
2026/06/17 09:14:04 - mmengine - INFO - Iter(train) [17650/20000]  base_lr: 1.5614e-05 lr: 1.5614e-05  eta: 2:21:31  time: 3.6117  data_time: 0.0336  memory: 8724  grad_norm: 123.9880  loss: 22.5005  decode.loss_cls: 0.0655  decode.loss_mask: 1.0298  decode.loss_dice: 1.0735  decode.d0.loss_cls: 0.4869  decode.d0.loss_mask: 1.0708  decode.d0.loss_dice: 1.1401  decode.d1.loss_cls: 0.2245  decode.d1.loss_mask: 1.0461  decode.d1.loss_dice: 1.1046  decode.d2.loss_cls: 0.1129  decode.d2.loss_mask: 1.0381  decode.d2.loss_dice: 1.0945  decode.d3.loss_cls: 0.0779  decode.d3.loss_mask: 1.0282  decode.d3.loss_dice: 1.0785  decode.d4.loss_cls: 0.0670  decode.d4.loss_mask: 1.0312  decode.d4.loss_dice: 1.0844  decode.d5.loss_cls: 0.0549  decode.d5.loss_mask: 1.0299  decode.d5.loss_dice: 1.0751  decode.d6.loss_cls: 0.0622  decode.d6.loss_mask: 1.0274  decode.d6.loss_dice: 1.0715  decode.d7.loss_cls: 0.0583  decode.d7.loss_mask: 1.0293  decode.d7.loss_dice: 1.0739  decode.d8.loss_cls: 0.0552  decode.d8.loss_mask: 1.0281  decode.d8.loss_dice: 1.0801
2026/06/17 09:17:04 - mmengine - INFO - Iter(train) [17700/20000]  base_lr: 1.5315e-05 lr: 1.5315e-05  eta: 2:18:31  time: 3.6106  data_time: 0.0346  memory: 8724  grad_norm: 143.6342  loss: 23.3418  decode.loss_cls: 0.0910  decode.loss_mask: 1.0800  decode.loss_dice: 1.0606  decode.d0.loss_cls: 0.5103  decode.d0.loss_mask: 1.1471  decode.d0.loss_dice: 1.1893  decode.d1.loss_cls: 0.2536  decode.d1.loss_mask: 1.0944  decode.d1.loss_dice: 1.1151  decode.d2.loss_cls: 0.1242  decode.d2.loss_mask: 1.0831  decode.d2.loss_dice: 1.0965  decode.d3.loss_cls: 0.1258  decode.d3.loss_mask: 1.0868  decode.d3.loss_dice: 1.0749  decode.d4.loss_cls: 0.1091  decode.d4.loss_mask: 1.0797  decode.d4.loss_dice: 1.0715  decode.d5.loss_cls: 0.0986  decode.d5.loss_mask: 1.0759  decode.d5.loss_dice: 1.0677  decode.d6.loss_cls: 0.1083  decode.d6.loss_mask: 1.0739  decode.d6.loss_dice: 1.0600  decode.d7.loss_cls: 0.0993  decode.d7.loss_mask: 1.0799  decode.d7.loss_dice: 1.0563  decode.d8.loss_cls: 0.0932  decode.d8.loss_mask: 1.0808  decode.d8.loss_dice: 1.0551
2026/06/17 09:20:05 - mmengine - INFO - Iter(train) [17750/20000]  base_lr: 1.5015e-05 lr: 1.5015e-05  eta: 2:15:30  time: 3.6167  data_time: 0.0349  memory: 8724  grad_norm: 114.8915  loss: 22.2767  decode.loss_cls: 0.0577  decode.loss_mask: 1.0151  decode.loss_dice: 1.0423  decode.d0.loss_cls: 0.6108  decode.d0.loss_mask: 1.0540  decode.d0.loss_dice: 1.1270  decode.d1.loss_cls: 0.2988  decode.d1.loss_mask: 1.0285  decode.d1.loss_dice: 1.0769  decode.d2.loss_cls: 0.1303  decode.d2.loss_mask: 1.0219  decode.d2.loss_dice: 1.0597  decode.d3.loss_cls: 0.0786  decode.d3.loss_mask: 1.0226  decode.d3.loss_dice: 1.0499  decode.d4.loss_cls: 0.0616  decode.d4.loss_mask: 1.0137  decode.d4.loss_dice: 1.0533  decode.d5.loss_cls: 0.0528  decode.d5.loss_mask: 1.0149  decode.d5.loss_dice: 1.0539  decode.d6.loss_cls: 0.0617  decode.d6.loss_mask: 1.0159  decode.d6.loss_dice: 1.0499  decode.d7.loss_cls: 0.0559  decode.d7.loss_mask: 1.0151  decode.d7.loss_dice: 1.0441  decode.d8.loss_cls: 0.0578  decode.d8.loss_mask: 1.0130  decode.d8.loss_dice: 1.0390
2026/06/17 09:23:06 - mmengine - INFO - Iter(train) [17800/20000]  base_lr: 1.4715e-05 lr: 1.4715e-05  eta: 2:12:29  time: 3.6164  data_time: 0.0338  memory: 8724  grad_norm: 145.6093  loss: 20.7916  decode.loss_cls: 0.0444  decode.loss_mask: 0.9833  decode.loss_dice: 0.9739  decode.d0.loss_cls: 0.4784  decode.d0.loss_mask: 1.0117  decode.d0.loss_dice: 1.0374  decode.d1.loss_cls: 0.1793  decode.d1.loss_mask: 0.9930  decode.d1.loss_dice: 0.9992  decode.d2.loss_cls: 0.0700  decode.d2.loss_mask: 0.9841  decode.d2.loss_dice: 0.9792  decode.d3.loss_cls: 0.0505  decode.d3.loss_mask: 0.9809  decode.d3.loss_dice: 0.9743  decode.d4.loss_cls: 0.0491  decode.d4.loss_mask: 0.9821  decode.d4.loss_dice: 0.9811  decode.d5.loss_cls: 0.0469  decode.d5.loss_mask: 0.9845  decode.d5.loss_dice: 0.9746  decode.d6.loss_cls: 0.0474  decode.d6.loss_mask: 0.9884  decode.d6.loss_dice: 0.9761  decode.d7.loss_cls: 0.0434  decode.d7.loss_mask: 0.9887  decode.d7.loss_dice: 0.9799  decode.d8.loss_cls: 0.0408  decode.d8.loss_mask: 0.9862  decode.d8.loss_dice: 0.9828
2026/06/17 09:26:06 - mmengine - INFO - Iter(train) [17850/20000]  base_lr: 1.4413e-05 lr: 1.4413e-05  eta: 2:09:29  time: 3.6047  data_time: 0.0323  memory: 8724  grad_norm: 141.8988  loss: 23.6786  decode.loss_cls: 0.0752  decode.loss_mask: 1.0806  decode.loss_dice: 1.1217  decode.d0.loss_cls: 0.5101  decode.d0.loss_mask: 1.1261  decode.d0.loss_dice: 1.1976  decode.d1.loss_cls: 0.2284  decode.d1.loss_mask: 1.1151  decode.d1.loss_dice: 1.1556  decode.d2.loss_cls: 0.1403  decode.d2.loss_mask: 1.0987  decode.d2.loss_dice: 1.1367  decode.d3.loss_cls: 0.0901  decode.d3.loss_mask: 1.0889  decode.d3.loss_dice: 1.1214  decode.d4.loss_cls: 0.0746  decode.d4.loss_mask: 1.0790  decode.d4.loss_dice: 1.1283  decode.d5.loss_cls: 0.0710  decode.d5.loss_mask: 1.0761  decode.d5.loss_dice: 1.1218  decode.d6.loss_cls: 0.0795  decode.d6.loss_mask: 1.0785  decode.d6.loss_dice: 1.1267  decode.d7.loss_cls: 0.0742  decode.d7.loss_mask: 1.0823  decode.d7.loss_dice: 1.1250  decode.d8.loss_cls: 0.0752  decode.d8.loss_mask: 1.0780  decode.d8.loss_dice: 1.1217
2026/06/17 09:29:07 - mmengine - INFO - Iter(train) [17900/20000]  base_lr: 1.4111e-05 lr: 1.4111e-05  eta: 2:06:28  time: 3.6023  data_time: 0.0304  memory: 8724  grad_norm: 147.7860  loss: 20.7789  decode.loss_cls: 0.0533  decode.loss_mask: 0.9610  decode.loss_dice: 0.9547  decode.d0.loss_cls: 0.5667  decode.d0.loss_mask: 1.0074  decode.d0.loss_dice: 1.0544  decode.d1.loss_cls: 0.1807  decode.d1.loss_mask: 0.9757  decode.d1.loss_dice: 1.0162  decode.d2.loss_cls: 0.1139  decode.d2.loss_mask: 0.9641  decode.d2.loss_dice: 0.9878  decode.d3.loss_cls: 0.0755  decode.d3.loss_mask: 0.9672  decode.d3.loss_dice: 0.9723  decode.d4.loss_cls: 0.0719  decode.d4.loss_mask: 0.9647  decode.d4.loss_dice: 0.9696  decode.d5.loss_cls: 0.0582  decode.d5.loss_mask: 0.9650  decode.d5.loss_dice: 0.9656  decode.d6.loss_cls: 0.0537  decode.d6.loss_mask: 0.9665  decode.d6.loss_dice: 0.9682  decode.d7.loss_cls: 0.0582  decode.d7.loss_mask: 0.9621  decode.d7.loss_dice: 0.9512  decode.d8.loss_cls: 0.0565  decode.d8.loss_mask: 0.9620  decode.d8.loss_dice: 0.9547
2026/06/17 09:32:07 - mmengine - INFO - Iter(train) [17950/20000]  base_lr: 1.3808e-05 lr: 1.3808e-05  eta: 2:03:27  time: 3.6076  data_time: 0.0316  memory: 8724  grad_norm: 104.1540  loss: 22.9570  decode.loss_cls: 0.0887  decode.loss_mask: 1.0198  decode.loss_dice: 1.0783  decode.d0.loss_cls: 0.6759  decode.d0.loss_mask: 1.0715  decode.d0.loss_dice: 1.1555  decode.d1.loss_cls: 0.3148  decode.d1.loss_mask: 1.0348  decode.d1.loss_dice: 1.1151  decode.d2.loss_cls: 0.1328  decode.d2.loss_mask: 1.0320  decode.d2.loss_dice: 1.0917  decode.d3.loss_cls: 0.1300  decode.d3.loss_mask: 1.0219  decode.d3.loss_dice: 1.0860  decode.d4.loss_cls: 0.1002  decode.d4.loss_mask: 1.0169  decode.d4.loss_dice: 1.0730  decode.d5.loss_cls: 0.0690  decode.d5.loss_mask: 1.0220  decode.d5.loss_dice: 1.0788  decode.d6.loss_cls: 0.1013  decode.d6.loss_mask: 1.0111  decode.d6.loss_dice: 1.0750  decode.d7.loss_cls: 0.0884  decode.d7.loss_mask: 1.0158  decode.d7.loss_dice: 1.0837  decode.d8.loss_cls: 0.0828  decode.d8.loss_mask: 1.0115  decode.d8.loss_dice: 1.0786
2026/06/17 09:35:08 - mmengine - INFO - Exp name: dinov3l_m2f_pastis_temporal_v4_20260616_144812
2026/06/17 09:35:08 - mmengine - INFO - Iter(train) [18000/20000]  base_lr: 1.3505e-05 lr: 1.3505e-05  eta: 2:00:27  time: 3.6107  data_time: 0.0320  memory: 8724  grad_norm: 132.7327  loss: 23.1583  decode.loss_cls: 0.0410  decode.loss_mask: 1.0486  decode.loss_dice: 1.1268  decode.d0.loss_cls: 0.5521  decode.d0.loss_mask: 1.0810  decode.d0.loss_dice: 1.1893  decode.d1.loss_cls: 0.2142  decode.d1.loss_mask: 1.0621  decode.d1.loss_dice: 1.1634  decode.d2.loss_cls: 0.0929  decode.d2.loss_mask: 1.0586  decode.d2.loss_dice: 1.1492  decode.d3.loss_cls: 0.0641  decode.d3.loss_mask: 1.0557  decode.d3.loss_dice: 1.1331  decode.d4.loss_cls: 0.0484  decode.d4.loss_mask: 1.0537  decode.d4.loss_dice: 1.1353  decode.d5.loss_cls: 0.0416  decode.d5.loss_mask: 1.0530  decode.d5.loss_dice: 1.1393  decode.d6.loss_cls: 0.0396  decode.d6.loss_mask: 1.0502  decode.d6.loss_dice: 1.1381  decode.d7.loss_cls: 0.0377  decode.d7.loss_mask: 1.0465  decode.d7.loss_dice: 1.1280  decode.d8.loss_cls: 0.0364  decode.d8.loss_mask: 1.0505  decode.d8.loss_dice: 1.1280
2026/06/17 09:35:08 - mmengine - INFO - Saving checkpoint at 18000 iterations
2026/06/17 09:36:21 - mmengine - INFO - Iter(val) [ 50/121]    eta: 0:01:24  time: 1.1814  data_time: 0.0238  memory: 6229  
2026/06/17 09:37:20 - mmengine - INFO - Iter(val) [100/121]    eta: 0:00:24  time: 1.1840  data_time: 0.0241  memory: 6229  
2026/06/17 09:37:44 - mmengine - INFO - per class results:
2026/06/17 09:37:44 - mmengine - INFO - 
+---------+-------+-------+
|  Class  |  IoU  |  Acc  |
+---------+-------+-------+
|  crop_1 | 73.04 | 84.18 |
|  crop_2 | 63.61 | 79.08 |
|  crop_3 | 78.48 | 87.96 |
|  crop_4 | 84.83 | 92.68 |
|  crop_5 |  76.5 | 84.67 |
|  crop_6 | 84.75 | 90.77 |
|  crop_7 | 49.89 | 62.55 |
|  crop_8 | 65.24 | 79.35 |
|  crop_9 | 47.82 |  62.7 |
| crop_10 | 85.75 | 91.82 |
| crop_11 | 38.98 | 59.61 |
| crop_12 | 55.81 | 80.79 |
| crop_13 | 39.35 | 60.11 |
| crop_14 | 46.62 |  65.9 |
| crop_15 | 38.92 | 51.32 |
| crop_16 | 73.92 | 85.83 |
| crop_17 | 37.35 | 47.62 |
| crop_18 | 26.73 | 39.38 |
| crop_19 | 31.02 | 42.11 |
+---------+-------+-------+
2026/06/17 09:37:44 - mmengine - INFO - Iter(val) [121/121]    aAcc: 81.7500  mIoU: 57.8200  mAcc: 70.9700  data_time: 0.0275  time: 1.1761
2026/06/17 09:40:43 - mmengine - INFO - Iter(train) [18050/20000]  base_lr: 1.3201e-05 lr: 1.3201e-05  eta: 1:57:26  time: 3.5982  data_time: 0.0331  memory: 8724  grad_norm: 127.0127  loss: 21.2884  decode.loss_cls: 0.0249  decode.loss_mask: 0.9933  decode.loss_dice: 1.0175  decode.d0.loss_cls: 0.4436  decode.d0.loss_mask: 1.0250  decode.d0.loss_dice: 1.1105  decode.d1.loss_cls: 0.1766  decode.d1.loss_mask: 1.0101  decode.d1.loss_dice: 1.0749  decode.d2.loss_cls: 0.0618  decode.d2.loss_mask: 0.9993  decode.d2.loss_dice: 1.0391  decode.d3.loss_cls: 0.0395  decode.d3.loss_mask: 0.9945  decode.d3.loss_dice: 1.0301  decode.d4.loss_cls: 0.0348  decode.d4.loss_mask: 0.9938  decode.d4.loss_dice: 1.0270  decode.d5.loss_cls: 0.0294  decode.d5.loss_mask: 0.9969  decode.d5.loss_dice: 1.0302  decode.d6.loss_cls: 0.0318  decode.d6.loss_mask: 1.0004  decode.d6.loss_dice: 1.0324  decode.d7.loss_cls: 0.0272  decode.d7.loss_mask: 0.9918  decode.d7.loss_dice: 1.0167  decode.d8.loss_cls: 0.0291  decode.d8.loss_mask: 0.9888  decode.d8.loss_dice: 1.0176
2026/06/17 09:43:44 - mmengine - INFO - Iter(train) [18100/20000]  base_lr: 1.2896e-05 lr: 1.2896e-05  eta: 1:54:25  time: 3.5983  data_time: 0.0321  memory: 8724  grad_norm: 130.8757  loss: 22.0182  decode.loss_cls: 0.0289  decode.loss_mask: 1.0558  decode.loss_dice: 1.0333  decode.d0.loss_cls: 0.4945  decode.d0.loss_mask: 1.0812  decode.d0.loss_dice: 1.0605  decode.d1.loss_cls: 0.1880  decode.d1.loss_mask: 1.0663  decode.d1.loss_dice: 1.0621  decode.d2.loss_cls: 0.0753  decode.d2.loss_mask: 1.0577  decode.d2.loss_dice: 1.0425  decode.d3.loss_cls: 0.0478  decode.d3.loss_mask: 1.0570  decode.d3.loss_dice: 1.0355  decode.d4.loss_cls: 0.0383  decode.d4.loss_mask: 1.0555  decode.d4.loss_dice: 1.0407  decode.d5.loss_cls: 0.0372  decode.d5.loss_mask: 1.0575  decode.d5.loss_dice: 1.0412  decode.d6.loss_cls: 0.0357  decode.d6.loss_mask: 1.0553  decode.d6.loss_dice: 1.0359  decode.d7.loss_cls: 0.0309  decode.d7.loss_mask: 1.0532  decode.d7.loss_dice: 1.0344  decode.d8.loss_cls: 0.0277  decode.d8.loss_mask: 1.0542  decode.d8.loss_dice: 1.0343
2026/06/17 09:46:44 - mmengine - INFO - Iter(train) [18150/20000]  base_lr: 1.2590e-05 lr: 1.2590e-05  eta: 1:51:24  time: 3.5988  data_time: 0.0311  memory: 8724  grad_norm: 110.4395  loss: 21.1625  decode.loss_cls: 0.0586  decode.loss_mask: 0.9736  decode.loss_dice: 0.9752  decode.d0.loss_cls: 0.5626  decode.d0.loss_mask: 0.9946  decode.d0.loss_dice: 1.0490  decode.d1.loss_cls: 0.2456  decode.d1.loss_mask: 0.9781  decode.d1.loss_dice: 0.9977  decode.d2.loss_cls: 0.1301  decode.d2.loss_mask: 0.9751  decode.d2.loss_dice: 0.9878  decode.d3.loss_cls: 0.1031  decode.d3.loss_mask: 0.9722  decode.d3.loss_dice: 0.9903  decode.d4.loss_cls: 0.0840  decode.d4.loss_mask: 0.9739  decode.d4.loss_dice: 0.9959  decode.d5.loss_cls: 0.0661  decode.d5.loss_mask: 0.9743  decode.d5.loss_dice: 0.9855  decode.d6.loss_cls: 0.0910  decode.d6.loss_mask: 0.9776  decode.d6.loss_dice: 0.9823  decode.d7.loss_cls: 0.0553  decode.d7.loss_mask: 0.9817  decode.d7.loss_dice: 0.9816  decode.d8.loss_cls: 0.0545  decode.d8.loss_mask: 0.9794  decode.d8.loss_dice: 0.9858
2026/06/17 09:49:44 - mmengine - INFO - Iter(train) [18200/20000]  base_lr: 1.2283e-05 lr: 1.2283e-05  eta: 1:48:24  time: 3.6152  data_time: 0.0337  memory: 8724  grad_norm: 127.1865  loss: 21.9695  decode.loss_cls: 0.0744  decode.loss_mask: 0.9926  decode.loss_dice: 1.0581  decode.d0.loss_cls: 0.4981  decode.d0.loss_mask: 1.0209  decode.d0.loss_dice: 1.1042  decode.d1.loss_cls: 0.2046  decode.d1.loss_mask: 0.9998  decode.d1.loss_dice: 1.0938  decode.d2.loss_cls: 0.1243  decode.d2.loss_mask: 0.9917  decode.d2.loss_dice: 1.0693  decode.d3.loss_cls: 0.0931  decode.d3.loss_mask: 0.9868  decode.d3.loss_dice: 1.0516  decode.d4.loss_cls: 0.0830  decode.d4.loss_mask: 0.9861  decode.d4.loss_dice: 1.0581  decode.d5.loss_cls: 0.0714  decode.d5.loss_mask: 0.9857  decode.d5.loss_dice: 1.0527  decode.d6.loss_cls: 0.0692  decode.d6.loss_mask: 0.9898  decode.d6.loss_dice: 1.0577  decode.d7.loss_cls: 0.0792  decode.d7.loss_mask: 0.9915  decode.d7.loss_dice: 1.0527  decode.d8.loss_cls: 0.0853  decode.d8.loss_mask: 0.9916  decode.d8.loss_dice: 1.0520
2026/06/17 09:52:44 - mmengine - INFO - Iter(train) [18250/20000]  base_lr: 1.1976e-05 lr: 1.1976e-05  eta: 1:45:23  time: 3.6052  data_time: 0.0319  memory: 8724  grad_norm: 119.5638  loss: 22.3481  decode.loss_cls: 0.0615  decode.loss_mask: 0.9750  decode.loss_dice: 1.0794  decode.d0.loss_cls: 0.6553  decode.d0.loss_mask: 1.0116  decode.d0.loss_dice: 1.1535  decode.d1.loss_cls: 0.2561  decode.d1.loss_mask: 0.9949  decode.d1.loss_dice: 1.1227  decode.d2.loss_cls: 0.1500  decode.d2.loss_mask: 0.9820  decode.d2.loss_dice: 1.1088  decode.d3.loss_cls: 0.0898  decode.d3.loss_mask: 0.9756  decode.d3.loss_dice: 1.0912  decode.d4.loss_cls: 0.0737  decode.d4.loss_mask: 0.9766  decode.d4.loss_dice: 1.0906  decode.d5.loss_cls: 0.0645  decode.d5.loss_mask: 0.9732  decode.d5.loss_dice: 1.0952  decode.d6.loss_cls: 0.0716  decode.d6.loss_mask: 0.9682  decode.d6.loss_dice: 1.0827  decode.d7.loss_cls: 0.0710  decode.d7.loss_mask: 0.9725  decode.d7.loss_dice: 1.0810  decode.d8.loss_cls: 0.0597  decode.d8.loss_mask: 0.9716  decode.d8.loss_dice: 1.0886
2026/06/17 09:55:45 - mmengine - INFO - Iter(train) [18300/20000]  base_lr: 1.1667e-05 lr: 1.1667e-05  eta: 1:42:22  time: 3.6017  data_time: 0.0315  memory: 8724  grad_norm: 95.6683  loss: 21.5368  decode.loss_cls: 0.0289  decode.loss_mask: 0.9776  decode.loss_dice: 1.0563  decode.d0.loss_cls: 0.4764  decode.d0.loss_mask: 1.0078  decode.d0.loss_dice: 1.1220  decode.d1.loss_cls: 0.1973  decode.d1.loss_mask: 0.9933  decode.d1.loss_dice: 1.0900  decode.d2.loss_cls: 0.0930  decode.d2.loss_mask: 0.9855  decode.d2.loss_dice: 1.0681  decode.d3.loss_cls: 0.0401  decode.d3.loss_mask: 0.9792  decode.d3.loss_dice: 1.0514  decode.d4.loss_cls: 0.0446  decode.d4.loss_mask: 0.9839  decode.d4.loss_dice: 1.0529  decode.d5.loss_cls: 0.0426  decode.d5.loss_mask: 0.9818  decode.d5.loss_dice: 1.0572  decode.d6.loss_cls: 0.0387  decode.d6.loss_mask: 0.9815  decode.d6.loss_dice: 1.0545  decode.d7.loss_cls: 0.0344  decode.d7.loss_mask: 0.9800  decode.d7.loss_dice: 1.0551  decode.d8.loss_cls: 0.0295  decode.d8.loss_mask: 0.9765  decode.d8.loss_dice: 1.0567
2026/06/17 09:58:45 - mmengine - INFO - Iter(train) [18350/20000]  base_lr: 1.1358e-05 lr: 1.1358e-05  eta: 1:39:21  time: 3.6215  data_time: 0.0341  memory: 8724  grad_norm: 117.3100  loss: 23.1695  decode.loss_cls: 0.0826  decode.loss_mask: 1.0284  decode.loss_dice: 1.1177  decode.d0.loss_cls: 0.5817  decode.d0.loss_mask: 1.0755  decode.d0.loss_dice: 1.2079  decode.d1.loss_cls: 0.2583  decode.d1.loss_mask: 1.0406  decode.d1.loss_dice: 1.1538  decode.d2.loss_cls: 0.1285  decode.d2.loss_mask: 1.0403  decode.d2.loss_dice: 1.1430  decode.d3.loss_cls: 0.1082  decode.d3.loss_mask: 1.0322  decode.d3.loss_dice: 1.1192  decode.d4.loss_cls: 0.0633  decode.d4.loss_mask: 1.0350  decode.d4.loss_dice: 1.1290  decode.d5.loss_cls: 0.0549  decode.d5.loss_mask: 1.0301  decode.d5.loss_dice: 1.1261  decode.d6.loss_cls: 0.0523  decode.d6.loss_mask: 1.0345  decode.d6.loss_dice: 1.1199  decode.d7.loss_cls: 0.0595  decode.d7.loss_mask: 1.0275  decode.d7.loss_dice: 1.1165  decode.d8.loss_cls: 0.0623  decode.d8.loss_mask: 1.0220  decode.d8.loss_dice: 1.1186
2026/06/17 10:01:46 - mmengine - INFO - Iter(train) [18400/20000]  base_lr: 1.1048e-05 lr: 1.1048e-05  eta: 1:36:21  time: 3.6083  data_time: 0.0312  memory: 8724  grad_norm: 127.0687  loss: 19.8146  decode.loss_cls: 0.0407  decode.loss_mask: 0.8803  decode.loss_dice: 0.9384  decode.d0.loss_cls: 0.5906  decode.d0.loss_mask: 0.9166  decode.d0.loss_dice: 1.0353  decode.d1.loss_cls: 0.2883  decode.d1.loss_mask: 0.8933  decode.d1.loss_dice: 0.9817  decode.d2.loss_cls: 0.1013  decode.d2.loss_mask: 0.8894  decode.d2.loss_dice: 0.9621  decode.d3.loss_cls: 0.0769  decode.d3.loss_mask: 0.8859  decode.d3.loss_dice: 0.9516  decode.d4.loss_cls: 0.0645  decode.d4.loss_mask: 0.8825  decode.d4.loss_dice: 0.9469  decode.d5.loss_cls: 0.0430  decode.d5.loss_mask: 0.8838  decode.d5.loss_dice: 0.9478  decode.d6.loss_cls: 0.0547  decode.d6.loss_mask: 0.8814  decode.d6.loss_dice: 0.9397  decode.d7.loss_cls: 0.0415  decode.d7.loss_mask: 0.8829  decode.d7.loss_dice: 0.9465  decode.d8.loss_cls: 0.0395  decode.d8.loss_mask: 0.8855  decode.d8.loss_dice: 0.9421
2026/06/17 10:04:46 - mmengine - INFO - Iter(train) [18450/20000]  base_lr: 1.0737e-05 lr: 1.0737e-05  eta: 1:33:20  time: 3.6068  data_time: 0.0333  memory: 8724  grad_norm: 135.3811  loss: 21.8758  decode.loss_cls: 0.0375  decode.loss_mask: 0.9843  decode.loss_dice: 1.0648  decode.d0.loss_cls: 0.4941  decode.d0.loss_mask: 1.0242  decode.d0.loss_dice: 1.1521  decode.d1.loss_cls: 0.1633  decode.d1.loss_mask: 1.0034  decode.d1.loss_dice: 1.0965  decode.d2.loss_cls: 0.1232  decode.d2.loss_mask: 0.9893  decode.d2.loss_dice: 1.0734  decode.d3.loss_cls: 0.0661  decode.d3.loss_mask: 0.9886  decode.d3.loss_dice: 1.0683  decode.d4.loss_cls: 0.0625  decode.d4.loss_mask: 0.9876  decode.d4.loss_dice: 1.0737  decode.d5.loss_cls: 0.0435  decode.d5.loss_mask: 0.9913  decode.d5.loss_dice: 1.0686  decode.d6.loss_cls: 0.0473  decode.d6.loss_mask: 0.9937  decode.d6.loss_dice: 1.0727  decode.d7.loss_cls: 0.0422  decode.d7.loss_mask: 0.9898  decode.d7.loss_dice: 1.0759  decode.d8.loss_cls: 0.0411  decode.d8.loss_mask: 0.9849  decode.d8.loss_dice: 1.0720
